STRUCTURE,STRUCTURE_ID,STRUCTURE_NAME,freq,Time frequency,unit,Unit of measure,indic_nrg,Energy indicator,geo,Geopolitical entity (reporting),TIME_PERIOD,Time,OBS_VALUE,Observation value,OBS_FLAG,Observation status (Flag) V2 structure,CONF_STATUS,Confidentiality status (flag)
dataflow,ESTAT:NRG_CHDD_A(1.0),Cooling and heating degree days by country - annual data,A,Annual,NR,Number,CDD,Cooling degree days,AT,Austria,1990,,4.32,,,,,
dataflow,ESTAT:NRG_CHDD_A(1.0),Cooling and heating degree days by country - annual data,A,Annual,NR,Number,CDD,Cooling degree days,AT,Austria,1991,,6.41,,,,,
dataflow,ESTAT:NRG_CHDD_A(1.0),Cooling and heating degree days by country - annual data,A,Annual,NR,Number,CDD,Cooling degree days,AT,Austria,1992,,37.09,,,,,
dataflow,ESTAT:NRG_CHDD_A(1.0),Cooling and heating degree days by country - annual data,A,Annual,NR,Number,CDD,Cooling degree days,AT,Austria,1993,,7.99,,,,,
dataflow,ESTAT:NRG_CHDD_A(1.0),Cooling and heating degree days by country - annual data,A,Annual,NR,Number,CDD,Cooling degree days,AT,Austria,1994,,34.02,,,,,
dataflow,ESTAT:NRG_CHDD_A(1.0),Cooling and heating degree days by country - annual data,A,Annual,NR,Number,CDD,Cooling degree days,AT,Austria,1995,,6.91,,,,,
dataflow,ESTAT:NRG_CHDD_A(1.0),Cooling and heating degree days by country - annual data,A,Annual,NR,Number,CDD,Cooling degree days,AT,Austria,1996,,1.62,,,,,
dataflow,ESTAT:NRG_CHDD_A(1.0),Cooling and heating degree days by country - annual data,A,Annual,NR,Number,CDD,Cooling degree days,AT,Austria,1997,,2.23,,,,,
dataflow,ESTAT:NRG_CHDD_A(1.0),Cooling and heating degree days by country - annual data,A,Annual,NR,Number,CDD,Cooling degree days,AT,Austria,1998,,17.29,,,,,
dataflow,ESTAT:NRG_CHDD_A(1.0),Cooling and heating degree days by country - annual data,A,Annual,NR,Number,CDD,Cooling degree days,AT,Austria,1999,,5.25,,,,,
dataflow,ESTAT:NRG_CHDD_A(1.0),Cooling and heating degree days by country - annual data,A,Annual,NR,Number,CDD,Cooling degree days,AT,Austria,2000,,18.43,,,,,
dataflow,ESTAT:NRG_CHDD_A(1.0),Cooling and heating degree days by country - annual data,A,Annual,NR,Number,CDD,Cooling degree days,AT,Austria,2001,,13.41,,,,,
dataflow,ESTAT:NRG_CHDD_A(1.0),Cooling and heating degree days by country - annual data,A,Annual,NR,Number,CDD,Cooling degree days,AT,Austria,2002,,15.80,,,,,
dataflow,ESTAT:NRG_CHDD_A(1.0),Cooling and heating degree days by country - annual data,A,Annual,NR,Number,CDD,Cooling degree days,AT,Austria,2003,,45.78,,,,,
dataflow,ESTAT:NRG_CHDD_A(1.0),Cooling and heating degree days by country - annual data,A,Annual,NR,Number,CDD,Cooling degree days,AT,Austria,2004,,4.94,,,,,
dataflow,ESTAT:NRG_CHDD_A(1.0),Cooling and heating degree days by country - annual data,A,Annual,NR,Number,CDD,Cooling degree days,AT,Austria,2005,,10.80,,,,,
dataflow,ESTAT:NRG_CHDD_A(1.0),Cooling and heating degree days by country - annual data,A,Annual,NR,Number,CDD,Cooling degree days,AT,Austria,2006,,28.77,,,,,
dataflow,ESTAT:NRG_CHDD_A(1.0),Cooling and heating degree days by country - annual data,A,Annual,NR,Number,CDD,Cooling degree days,AT,Austria,2007,,25.74,,,,,
dataflow,ESTAT:NRG_CHDD_A(1.0),Cooling and heating degree days by country - annual data,A,Annual,NR,Number,CDD,Cooling degree days,AT,Austria,2008,,7.30,,,,,
dataflow,ESTAT:NRG_CHDD_A(1.0),Cooling and heating degree days by country - annual data,A,Annual,NR,Number,CDD,Cooling degree days,AT,Austria,2009,,9.94,,,,,
dataflow,ESTAT:NRG_CHDD_A(1.0),Cooling and heating degree days by country - annual data,A,Annual,NR,Number,CDD,Cooling degree days,AT,Austria,2010,,25.27,,,,,
dataflow,ESTAT:NRG_CHDD_A(1.0),Cooling and heating degree days by country - annual data,A,Annual,NR,Number,CDD,Cooling degree days,AT,Austria,2011,,17.63,,,,,
dataflow,ESTAT:NRG_CHDD_A(1.0),Cooling and heating degree days by country - annual data,A,Annual,NR,Number,CDD,Cooling degree days,AT,Austria,2012,,31.63,,,,,
dataflow,ESTAT:NRG_CHDD_A(1.0),Cooling and heating degree days by country - annual data,A,Annual,NR,Number,CDD,Cooling degree days,AT,Austria,2013,,46.63,,,,,
dataflow,ESTAT:NRG_CHDD_A(1.0),Cooling and heating degree days by country - annual data,A,Annual,NR,Number,CDD,Cooling degree days,AT,Austria,2014,,8.97,,,,,
dataflow,ESTAT:NRG_CHDD_A(1.0),Cooling and heating degree days by country - annual data,A,Annual,NR,Number,CDD,Cooling degree days,AT,Austria,2015,,67.53,,,,,
dataflow,ESTAT:NRG_CHDD_A(1.0),Cooling and heating degree days by country - annual data,A,Annual,NR,Number,CDD,Cooling degree days,AT,Austria,2016,,12.46,,,,,
dataflow,ESTAT:NRG_CHDD_A(1.0),Cooling and heating degree days by country - annual data,A,Annual,NR,Number,CDD,Cooling degree days,AT,Austria,2017,,36.05,,,,,
dataflow,ESTAT:NRG_CHDD_A(1.0),Cooling and heating degree days by country - annual data,A,Annual,NR,Number,CDD,Cooling degree days,AT,Austria,2018,,32.69,,,,,
dataflow,ESTAT:NRG_CHDD_A(1.0),Cooling and heating degree days by country - annual data,A,Annual,NR,Number,CDD,Cooling degree days,AT,Austria,2019,,40.16,,,,,
dataflow,ESTAT:NRG_CHDD_A(1.0),Cooling and heating degree days by country - annual data,A,Annual,NR,Number,CDD,Cooling degree days,AT,Austria,2020,,10.01,,,,,
dataflow,ESTAT:NRG_CHDD_A(1.0),Cooling and heating degree days by country - annual data,A,Annual,NR,Number,CDD,Cooling degree days,AT,Austria,2021,,24.65,,,,,
dataflow,ESTAT:NRG_CHDD_A(1.0),Cooling and heating degree days by country - annual data,A,Annual,NR,Number,CDD,Cooling degree days,AT,Austria,2022,,29.40,,,,,
dataflow,ESTAT:NRG_CHDD_A(1.0),Cooling and heating degree days by country - annual data,A,Annual,NR,Number,CDD,Cooling degree days,AT,Austria,2023,,37.12,,,,,
dataflow,ESTAT:NRG_CHDD_A(1.0),Cooling and heating degree days by country - annual data,A,Annual,NR,Number,CDD,Cooling degree days,AT,Austria,2024,,57.75,,,,,
dataflow,ESTAT:NRG_CHDD_A(1.0),Cooling and heating degree days by country - annual data,A,Annual,NR,Number,CDD,Cooling degree days,BE,Belgium,1990,,16.90,,,,,
dataflow,ESTAT:NRG_CHDD_A(1.0),Cooling and heating degree days by country - annual data,A,Annual,NR,Number,CDD,Cooling degree days,BE,Belgium,1991,,5.91,,,,,
dataflow,ESTAT:NRG_CHDD_A(1.0),Cooling and heating degree days by country - annual data,A,Annual,NR,Number,CDD,Cooling degree days,BE,Belgium,1992,,9.70,,,,,
dataflow,ESTAT:NRG_CHDD_A(1.0),Cooling and heating degree days by country - annual data,A,Annual,NR,Number,CDD,Cooling degree days,BE,Belgium,1993,,0.39,,,,,
dataflow,ESTAT:NRG_CHDD_A(1.0),Cooling and heating degree days by country - annual data,A,Annual,NR,Number,CDD,Cooling degree days,BE,Belgium,1994,,40.50,,,,,
dataflow,ESTAT:NRG_CHDD_A(1.0),Cooling and heating degree days by country - annual data,A,Annual,NR,Number,CDD,Cooling degree days,BE,Belgium,1995,,36.21,,,,,
dataflow,ESTAT:NRG_CHDD_A(1.0),Cooling and heating degree days by country - annual data,A,Annual,NR,Number,CDD,Cooling degree days,BE,Belgium,1996,,7.74,,,,,
dataflow,ESTAT:NRG_CHDD_A(1.0),Cooling and heating degree days by country - annual data,A,Annual,NR,Number,CDD,Cooling degree days,BE,Belgium,1997,,14.44,,,,,
dataflow,ESTAT:NRG_CHDD_A(1.0),Cooling and heating degree days by country - annual data,A,Annual,NR,Number,CDD,Cooling degree days,BE,Belgium,1998,,8.06,,,,,
dataflow,ESTAT:NRG_CHDD_A(1.0),Cooling and heating degree days by country - annual data,A,Annual,NR,Number,CDD,Cooling degree days,BE,Belgium,1999,,0.86,,,,,
dataflow,ESTAT:NRG_CHDD_A(1.0),Cooling and heating degree days by country - annual data,A,Annual,NR,Number,CDD,Cooling degree days,BE,Belgium,2000,,5.66,,,,,
dataflow,ESTAT:NRG_CHDD_A(1.0),Cooling and heating degree days by country - annual data,A,Annual,NR,Number,CDD,Cooling degree days,BE,Belgium,2001,,14.51,,,,,
dataflow,ESTAT:NRG_CHDD_A(1.0),Cooling and heating degree days by country - annual data,A,Annual,NR,Number,CDD,Cooling degree days,BE,Belgium,2002,,13.00,,,,,
dataflow,ESTAT:NRG_CHDD_A(1.0),Cooling and heating degree days by country - annual data,A,Annual,NR,Number,CDD,Cooling degree days,BE,Belgium,2003,,44.24,,,,,
dataflow,ESTAT:NRG_CHDD_A(1.0),Cooling and heating degree days by country - annual data,A,Annual,NR,Number,CDD,Cooling degree days,BE,Belgium,2004,,7.96,,,,,
dataflow,ESTAT:NRG_CHDD_A(1.0),Cooling and heating degree days by country - annual data,A,Annual,NR,Number,CDD,Cooling degree days,BE,Belgium,2005,,12.73,,,,,
dataflow,ESTAT:NRG_CHDD_A(1.0),Cooling and heating degree days by country - annual data,A,Annual,NR,Number,CDD,Cooling degree days,BE,Belgium,2006,,42.57,,,,,
dataflow,ESTAT:NRG_CHDD_A(1.0),Cooling and heating degree days by country - annual data,A,Annual,NR,Number,CDD,Cooling degree days,BE,Belgium,2007,,2.64,,,,,
dataflow,ESTAT:NRG_CHDD_A(1.0),Cooling and heating degree days by country - annual data,A,Annual,NR,Number,CDD,Cooling degree days,BE,Belgium,2008,,1.44,,,,,
dataflow,ESTAT:NRG_CHDD_A(1.0),Cooling and heating degree days by country - annual data,A,Annual,NR,Number,CDD,Cooling degree days,BE,Belgium,2009,,7.66,,,,,
dataflow,ESTAT:NRG_CHDD_A(1.0),Cooling and heating degree days by country - annual data,A,Annual,NR,Number,CDD,Cooling degree days,BE,Belgium,2010,,22.07,,,,,
dataflow,ESTAT:NRG_CHDD_A(1.0),Cooling and heating degree days by country - annual data,A,Annual,NR,Number,CDD,Cooling degree days,BE,Belgium,2011,,8.51,,,,,
dataflow,ESTAT:NRG_CHDD_A(1.0),Cooling and heating degree days by country - annual data,A,Annual,NR,Number,CDD,Cooling degree days,BE,Belgium,2012,,13.29,,,,,
dataflow,ESTAT:NRG_CHDD_A(1.0),Cooling and heating degree days by country - annual data,A,Annual,NR,Number,CDD,Cooling degree days,BE,Belgium,2013,,16.75,,,,,
dataflow,ESTAT:NRG_CHDD_A(1.0),Cooling and heating degree days by country - annual data,A,Annual,NR,Number,CDD,Cooling degree days,BE,Belgium,2014,,8.20,,,,,
dataflow,ESTAT:NRG_CHDD_A(1.0),Cooling and heating degree days by country - annual data,A,Annual,NR,Number,CDD,Cooling degree days,BE,Belgium,2015,,30.08,,,,,
dataflow,ESTAT:NRG_CHDD_A(1.0),Cooling and heating degree days by country - annual data,A,Annual,NR,Number,CDD,Cooling degree days,BE,Belgium,2016,,25.37,,,,,
dataflow,ESTAT:NRG_CHDD_A(1.0),Cooling and heating degree days by country - annual data,A,Annual,NR,Number,CDD,Cooling degree days,BE,Belgium,2017,,16.76,,,,,
dataflow,ESTAT:NRG_CHDD_A(1.0),Cooling and heating degree days by country - annual data,A,Annual,NR,Number,CDD,Cooling degree days,BE,Belgium,2018,,35.78,,,,,
dataflow,ESTAT:NRG_CHDD_A(1.0),Cooling and heating degree days by country - annual data,A,Annual,NR,Number,CDD,Cooling degree days,BE,Belgium,2019,,39.72,,,,,
dataflow,ESTAT:NRG_CHDD_A(1.0),Cooling and heating degree days by country - annual data,A,Annual,NR,Number,CDD,Cooling degree days,BE,Belgium,2020,,52.55,,,,,
dataflow,ESTAT:NRG_CHDD_A(1.0),Cooling and heating degree days by country - annual data,A,Annual,NR,Number,CDD,Cooling degree days,BE,Belgium,2021,,4.18,,,,,
dataflow,ESTAT:NRG_CHDD_A(1.0),Cooling and heating degree days by country - annual data,A,Annual,NR,Number,CDD,Cooling degree days,BE,Belgium,2022,,25.40,,,,,
dataflow,ESTAT:NRG_CHDD_A(1.0),Cooling and heating degree days by country - annual data,A,Annual,NR,Number,CDD,Cooling degree days,BE,Belgium,2023,,12.03,,,,,
dataflow,ESTAT:NRG_CHDD_A(1.0),Cooling and heating degree days by country - annual data,A,Annual,NR,Number,CDD,Cooling degree days,BE,Belgium,2024,,11.79,,,,,
dataflow,ESTAT:NRG_CHDD_A(1.0),Cooling and heating degree days by country - annual data,A,Annual,NR,Number,CDD,Cooling degree days,BG,Bulgaria,1990,,77.91,,,,,
dataflow,ESTAT:NRG_CHDD_A(1.0),Cooling and heating degree days by country - annual data,A,Annual,NR,Number,CDD,Cooling degree days,BG,Bulgaria,1991,,62.87,,,,,
dataflow,ESTAT:NRG_CHDD_A(1.0),Cooling and heating degree days by country - annual data,A,Annual,NR,Number,CDD,Cooling degree days,BG,Bulgaria,1992,,116.39,,,,,
dataflow,ESTAT:NRG_CHDD_A(1.0),Cooling and heating degree days by country - annual data,A,Annual,NR,Number,CDD,Cooling degree days,BG,Bulgaria,1993,,125.19,,,,,
dataflow,ESTAT:NRG_CHDD_A(1.0),Cooling and heating degree days by country - annual data,A,Annual,NR,Number,CDD,Cooling degree days,BG,Bulgaria,1994,,149.42,,,,,
dataflow,ESTAT:NRG_CHDD_A(1.0),Cooling and heating degree days by country - annual data,A,Annual,NR,Number,CDD,Cooling degree days,BG,Bulgaria,1995,,55.38,,,,,
dataflow,ESTAT:NRG_CHDD_A(1.0),Cooling and heating degree days by country - annual data,A,Annual,NR,Number,CDD,Cooling degree days,BG,Bulgaria,1996,,111.75,,,,,
dataflow,ESTAT:NRG_CHDD_A(1.0),Cooling and heating degree days by country - annual data,A,Annual,NR,Number,CDD,Cooling degree days,BG,Bulgaria,1997,,59.58,,,,,
dataflow,ESTAT:NRG_CHDD_A(1.0),Cooling and heating degree days by country - annual data,A,Annual,NR,Number,CDD,Cooling degree days,BG,Bulgaria,1998,,177.27,,,,,
dataflow,ESTAT:NRG_CHDD_A(1.0),Cooling and heating degree days by country - annual data,A,Annual,NR,Number,CDD,Cooling degree days,BG,Bulgaria,1999,,143.12,,,,,
dataflow,ESTAT:NRG_CHDD_A(1.0),Cooling and heating degree days by country - annual data,A,Annual,NR,Number,CDD,Cooling degree days,BG,Bulgaria,2000,,216.71,,,,,
dataflow,ESTAT:NRG_CHDD_A(1.0),Cooling and heating degree days by country - annual data,A,Annual,NR,Number,CDD,Cooling degree days,BG,Bulgaria,2001,,203.57,,,,,
dataflow,ESTAT:NRG_CHDD_A(1.0),Cooling and heating degree days by country - annual data,A,Annual,NR,Number,CDD,Cooling degree days,BG,Bulgaria,2002,,129.26,,,,,
dataflow,ESTAT:NRG_CHDD_A(1.0),Cooling and heating degree days by country - annual data,A,Annual,NR,Number,CDD,Cooling degree days,BG,Bulgaria,2003,,162.73,,,,,
dataflow,ESTAT:NRG_CHDD_A(1.0),Cooling and heating degree days by country - annual data,A,Annual,NR,Number,CDD,Cooling degree days,BG,Bulgaria,2004,,57.72,,,,,
dataflow,ESTAT:NRG_CHDD_A(1.0),Cooling and heating degree days by country - annual data,A,Annual,NR,Number,CDD,Cooling degree days,BG,Bulgaria,2005,,61.45,,,,,
dataflow,ESTAT:NRG_CHDD_A(1.0),Cooling and heating degree days by country - annual data,A,Annual,NR,Number,CDD,Cooling degree days,BG,Bulgaria,2006,,128.54,,,,,
dataflow,ESTAT:NRG_CHDD_A(1.0),Cooling and heating degree days by country - annual data,A,Annual,NR,Number,CDD,Cooling degree days,BG,Bulgaria,2007,,247.56,,,,,
dataflow,ESTAT:NRG_CHDD_A(1.0),Cooling and heating degree days by country - annual data,A,Annual,NR,Number,CDD,Cooling degree days,BG,Bulgaria,2008,,172.96,,,,,
dataflow,ESTAT:NRG_CHDD_A(1.0),Cooling and heating degree days by country - annual data,A,Annual,NR,Number,CDD,Cooling degree days,BG,Bulgaria,2009,,117.02,,,,,
dataflow,ESTAT:NRG_CHDD_A(1.0),Cooling and heating degree days by country - annual data,A,Annual,NR,Number,CDD,Cooling degree days,BG,Bulgaria,2010,,180.30,,,,,
dataflow,ESTAT:NRG_CHDD_A(1.0),Cooling and heating degree days by country - annual data,A,Annual,NR,Number,CDD,Cooling degree days,BG,Bulgaria,2011,,128.56,,,,,
dataflow,ESTAT:NRG_CHDD_A(1.0),Cooling and heating degree days by country - annual data,A,Annual,NR,Number,CDD,Cooling degree days,BG,Bulgaria,2012,,274.81,,,,,
dataflow,ESTAT:NRG_CHDD_A(1.0),Cooling and heating degree days by country - annual data,A,Annual,NR,Number,CDD,Cooling degree days,BG,Bulgaria,2013,,134.49,,,,,
dataflow,ESTAT:NRG_CHDD_A(1.0),Cooling and heating degree days by country - annual data,A,Annual,NR,Number,CDD,Cooling degree days,BG,Bulgaria,2014,,102.89,,,,,
dataflow,ESTAT:NRG_CHDD_A(1.0),Cooling and heating degree days by country - annual data,A,Annual,NR,Number,CDD,Cooling degree days,BG,Bulgaria,2015,,198.00,,,,,
dataflow,ESTAT:NRG_CHDD_A(1.0),Cooling and heating degree days by country - annual data,A,Annual,NR,Number,CDD,Cooling degree days,BG,Bulgaria,2016,,185.14,,,,,
dataflow,ESTAT:NRG_CHDD_A(1.0),Cooling and heating degree days by country - annual data,A,Annual,NR,Number,CDD,Cooling degree days,BG,Bulgaria,2017,,208.93,,,,,
dataflow,ESTAT:NRG_CHDD_A(1.0),Cooling and heating degree days by country - annual data,A,Annual,NR,Number,CDD,Cooling degree days,BG,Bulgaria,2018,,127.77,,,,,
dataflow,ESTAT:NRG_CHDD_A(1.0),Cooling and heating degree days by country - annual data,A,Annual,NR,Number,CDD,Cooling degree days,BG,Bulgaria,2019,,163.85,,,,,
dataflow,ESTAT:NRG_CHDD_A(1.0),Cooling and heating degree days by country - annual data,A,Annual,NR,Number,CDD,Cooling degree days,BG,Bulgaria,2020,,165.92,,,,,
dataflow,ESTAT:NRG_CHDD_A(1.0),Cooling and heating degree days by country - annual data,A,Annual,NR,Number,CDD,Cooling degree days,BG,Bulgaria,2021,,217.20,,,,,
dataflow,ESTAT:NRG_CHDD_A(1.0),Cooling and heating degree days by country - annual data,A,Annual,NR,Number,CDD,Cooling degree days,BG,Bulgaria,2022,,201.65,,,,,
dataflow,ESTAT:NRG_CHDD_A(1.0),Cooling and heating degree days by country - annual data,A,Annual,NR,Number,CDD,Cooling degree days,BG,Bulgaria,2023,,248.43,,,,,
dataflow,ESTAT:NRG_CHDD_A(1.0),Cooling and heating degree days by country - annual data,A,Annual,NR,Number,CDD,Cooling degree days,BG,Bulgaria,2024,,352.51,,,,,
dataflow,ESTAT:NRG_CHDD_A(1.0),Cooling and heating degree days by country - annual data,A,Annual,NR,Number,CDD,Cooling degree days,CY,Cyprus,1990,,353.09,,,,,
dataflow,ESTAT:NRG_CHDD_A(1.0),Cooling and heating degree days by country - annual data,A,Annual,NR,Number,CDD,Cooling degree days,CY,Cyprus,1991,,326.65,,,,,
dataflow,ESTAT:NRG_CHDD_A(1.0),Cooling and heating degree days by country - annual data,A,Annual,NR,Number,CDD,Cooling degree days,CY,Cyprus,1992,,322.91,,,,,
dataflow,ESTAT:NRG_CHDD_A(1.0),Cooling and heating degree days by country - annual data,A,Annual,NR,Number,CDD,Cooling degree days,CY,Cyprus,1993,,423.35,,,,,
dataflow,ESTAT:NRG_CHDD_A(1.0),Cooling and heating degree days by country - annual data,A,Annual,NR,Number,CDD,Cooling degree days,CY,Cyprus,1994,,528.52,,,,,
dataflow,ESTAT:NRG_CHDD_A(1.0),Cooling and heating degree days by country - annual data,A,Annual,NR,Number,CDD,Cooling degree days,CY,Cyprus,1995,,616.78,,,,,
dataflow,ESTAT:NRG_CHDD_A(1.0),Cooling and heating degree days by country - annual data,A,Annual,NR,Number,CDD,Cooling degree days,CY,Cyprus,1996,,611.99,,,,,
dataflow,ESTAT:NRG_CHDD_A(1.0),Cooling and heating degree days by country - annual data,A,Annual,NR,Number,CDD,Cooling degree days,CY,Cyprus,1997,,553.94,,,,,
dataflow,ESTAT:NRG_CHDD_A(1.0),Cooling and heating degree days by country - annual data,A,Annual,NR,Number,CDD,Cooling degree days,CY,Cyprus,1998,,751.93,,,,,
dataflow,ESTAT:NRG_CHDD_A(1.0),Cooling and heating degree days by country - annual data,A,Annual,NR,Number,CDD,Cooling degree days,CY,Cyprus,1999,,707.36,,,,,
dataflow,ESTAT:NRG_CHDD_A(1.0),Cooling and heating degree days by country - annual data,A,Annual,NR,Number,CDD,Cooling degree days,CY,Cyprus,2000,,754.52,,,,,
dataflow,ESTAT:NRG_CHDD_A(1.0),Cooling and heating degree days by country - annual data,A,Annual,NR,Number,CDD,Cooling degree days,CY,Cyprus,2001,,695.26,,,,,
dataflow,ESTAT:NRG_CHDD_A(1.0),Cooling and heating degree days by country - annual data,A,Annual,NR,Number,CDD,Cooling degree days,CY,Cyprus,2002,,681.16,,,,,
dataflow,ESTAT:NRG_CHDD_A(1.0),Cooling and heating degree days by country - annual data,A,Annual,NR,Number,CDD,Cooling degree days,CY,Cyprus,2003,,722.27,,,,,
dataflow,ESTAT:NRG_CHDD_A(1.0),Cooling and heating degree days by country - annual data,A,Annual,NR,Number,CDD,Cooling degree days,CY,Cyprus,2004,,632.80,,,,,
dataflow,ESTAT:NRG_CHDD_A(1.0),Cooling and heating degree days by country - annual data,A,Annual,NR,Number,CDD,Cooling degree days,CY,Cyprus,2005,,593.35,,,,,
dataflow,ESTAT:NRG_CHDD_A(1.0),Cooling and heating degree days by country - annual data,A,Annual,NR,Number,CDD,Cooling degree days,CY,Cyprus,2006,,663.87,,,,,
dataflow,ESTAT:NRG_CHDD_A(1.0),Cooling and heating degree days by country - annual data,A,Annual,NR,Number,CDD,Cooling degree days,CY,Cyprus,2007,,725.15,,,,,
dataflow,ESTAT:NRG_CHDD_A(1.0),Cooling and heating degree days by country - annual data,A,Annual,NR,Number,CDD,Cooling degree days,CY,Cyprus,2008,,737.13,,,,,
dataflow,ESTAT:NRG_CHDD_A(1.0),Cooling and heating degree days by country - annual data,A,Annual,NR,Number,CDD,Cooling degree days,CY,Cyprus,2009,,718.27,,,,,
dataflow,ESTAT:NRG_CHDD_A(1.0),Cooling and heating degree days by country - annual data,A,Annual,NR,Number,CDD,Cooling degree days,CY,Cyprus,2010,,745.53,,,,,
dataflow,ESTAT:NRG_CHDD_A(1.0),Cooling and heating degree days by country - annual data,A,Annual,NR,Number,CDD,Cooling degree days,CY,Cyprus,2011,,672.18,,,,,
dataflow,ESTAT:NRG_CHDD_A(1.0),Cooling and heating degree days by country - annual data,A,Annual,NR,Number,CDD,Cooling degree days,CY,Cyprus,2012,,774.72,,,,,
dataflow,ESTAT:NRG_CHDD_A(1.0),Cooling and heating degree days by country - annual data,A,Annual,NR,Number,CDD,Cooling degree days,CY,Cyprus,2013,,687.32,,,,,
dataflow,ESTAT:NRG_CHDD_A(1.0),Cooling and heating degree days by country - annual data,A,Annual,NR,Number,CDD,Cooling degree days,CY,Cyprus,2014,,634.15,,,,,
dataflow,ESTAT:NRG_CHDD_A(1.0),Cooling and heating degree days by country - annual data,A,Annual,NR,Number,CDD,Cooling degree days,CY,Cyprus,2015,,678.65,,,,,
dataflow,ESTAT:NRG_CHDD_A(1.0),Cooling and heating degree days by country - annual data,A,Annual,NR,Number,CDD,Cooling degree days,CY,Cyprus,2016,,743.13,,,,,
dataflow,ESTAT:NRG_CHDD_A(1.0),Cooling and heating degree days by country - annual data,A,Annual,NR,Number,CDD,Cooling degree days,CY,Cyprus,2017,,711.38,,,,,
dataflow,ESTAT:NRG_CHDD_A(1.0),Cooling and heating degree days by country - annual data,A,Annual,NR,Number,CDD,Cooling degree days,CY,Cyprus,2018,,812.18,,,,,
dataflow,ESTAT:NRG_CHDD_A(1.0),Cooling and heating degree days by country - annual data,A,Annual,NR,Number,CDD,Cooling degree days,CY,Cyprus,2019,,754.00,,,,,
dataflow,ESTAT:NRG_CHDD_A(1.0),Cooling and heating degree days by country - annual data,A,Annual,NR,Number,CDD,Cooling degree days,CY,Cyprus,2020,,802.51,,,,,
dataflow,ESTAT:NRG_CHDD_A(1.0),Cooling and heating degree days by country - annual data,A,Annual,NR,Number,CDD,Cooling degree days,CY,Cyprus,2021,,732.46,,,,,
dataflow,ESTAT:NRG_CHDD_A(1.0),Cooling and heating degree days by country - annual data,A,Annual,NR,Number,CDD,Cooling degree days,CY,Cyprus,2022,,698.12,,,,,
dataflow,ESTAT:NRG_CHDD_A(1.0),Cooling and heating degree days by country - annual data,A,Annual,NR,Number,CDD,Cooling degree days,CY,Cyprus,2023,,780.47,,,,,
dataflow,ESTAT:NRG_CHDD_A(1.0),Cooling and heating degree days by country - annual data,A,Annual,NR,Number,CDD,Cooling degree days,CY,Cyprus,2024,,1010.96,,,,,
dataflow,ESTAT:NRG_CHDD_A(1.0),Cooling and heating degree days by country - annual data,A,Annual,NR,Number,CDD,Cooling degree days,CZ,Czechia,1990,,2.47,,,,,
dataflow,ESTAT:NRG_CHDD_A(1.0),Cooling and heating degree days by country - annual data,A,Annual,NR,Number,CDD,Cooling degree days,CZ,Czechia,1991,,5.72,,,,,
dataflow,ESTAT:NRG_CHDD_A(1.0),Cooling and heating degree days by country - annual data,A,Annual,NR,Number,CDD,Cooling degree days,CZ,Czechia,1992,,33.82,,,,,
dataflow,ESTAT:NRG_CHDD_A(1.0),Cooling and heating degree days by country - annual data,A,Annual,NR,Number,CDD,Cooling degree days,CZ,Czechia,1993,,3.94,,,,,
dataflow,ESTAT:NRG_CHDD_A(1.0),Cooling and heating degree days by country - annual data,A,Annual,NR,Number,CDD,Cooling degree days,CZ,Czechia,1994,,48.64,,,,,
dataflow,ESTAT:NRG_CHDD_A(1.0),Cooling and heating degree days by country - annual data,A,Annual,NR,Number,CDD,Cooling degree days,CZ,Czechia,1995,,6.80,,,,,
dataflow,ESTAT:NRG_CHDD_A(1.0),Cooling and heating degree days by country - annual data,A,Annual,NR,Number,CDD,Cooling degree days,CZ,Czechia,1996,,0.87,,,,,
dataflow,ESTAT:NRG_CHDD_A(1.0),Cooling and heating degree days by country - annual data,A,Annual,NR,Number,CDD,Cooling degree days,CZ,Czechia,1997,,2.91,,,,,
dataflow,ESTAT:NRG_CHDD_A(1.0),Cooling and heating degree days by country - annual data,A,Annual,NR,Number,CDD,Cooling degree days,CZ,Czechia,1998,,19.71,,,,,
dataflow,ESTAT:NRG_CHDD_A(1.0),Cooling and heating degree days by country - annual data,A,Annual,NR,Number,CDD,Cooling degree days,CZ,Czechia,1999,,5.82,,,,,
dataflow,ESTAT:NRG_CHDD_A(1.0),Cooling and heating degree days by country - annual data,A,Annual,NR,Number,CDD,Cooling degree days,CZ,Czechia,2000,,16.53,,,,,
dataflow,ESTAT:NRG_CHDD_A(1.0),Cooling and heating degree days by country - annual data,A,Annual,NR,Number,CDD,Cooling degree days,CZ,Czechia,2001,,6.27,,,,,
dataflow,ESTAT:NRG_CHDD_A(1.0),Cooling and heating degree days by country - annual data,A,Annual,NR,Number,CDD,Cooling degree days,CZ,Czechia,2002,,9.12,,,,,
dataflow,ESTAT:NRG_CHDD_A(1.0),Cooling and heating degree days by country - annual data,A,Annual,NR,Number,CDD,Cooling degree days,CZ,Czechia,2003,,38.23,,,,,
dataflow,ESTAT:NRG_CHDD_A(1.0),Cooling and heating degree days by country - annual data,A,Annual,NR,Number,CDD,Cooling degree days,CZ,Czechia,2004,,2.97,,,,,
dataflow,ESTAT:NRG_CHDD_A(1.0),Cooling and heating degree days by country - annual data,A,Annual,NR,Number,CDD,Cooling degree days,CZ,Czechia,2005,,12.40,,,,,
dataflow,ESTAT:NRG_CHDD_A(1.0),Cooling and heating degree days by country - annual data,A,Annual,NR,Number,CDD,Cooling degree days,CZ,Czechia,2006,,31.30,,,,,
dataflow,ESTAT:NRG_CHDD_A(1.0),Cooling and heating degree days by country - annual data,A,Annual,NR,Number,CDD,Cooling degree days,CZ,Czechia,2007,,21.75,,,,,
dataflow,ESTAT:NRG_CHDD_A(1.0),Cooling and heating degree days by country - annual data,A,Annual,NR,Number,CDD,Cooling degree days,CZ,Czechia,2008,,3.22,,,,,
dataflow,ESTAT:NRG_CHDD_A(1.0),Cooling and heating degree days by country - annual data,A,Annual,NR,Number,CDD,Cooling degree days,CZ,Czechia,2009,,4.62,,,,,
dataflow,ESTAT:NRG_CHDD_A(1.0),Cooling and heating degree days by country - annual data,A,Annual,NR,Number,CDD,Cooling degree days,CZ,Czechia,2010,,26.89,,,,,
dataflow,ESTAT:NRG_CHDD_A(1.0),Cooling and heating degree days by country - annual data,A,Annual,NR,Number,CDD,Cooling degree days,CZ,Czechia,2011,,13.34,,,,,
dataflow,ESTAT:NRG_CHDD_A(1.0),Cooling and heating degree days by country - annual data,A,Annual,NR,Number,CDD,Cooling degree days,CZ,Czechia,2012,,23.96,,,,,
dataflow,ESTAT:NRG_CHDD_A(1.0),Cooling and heating degree days by country - annual data,A,Annual,NR,Number,CDD,Cooling degree days,CZ,Czechia,2013,,44.85,,,,,
dataflow,ESTAT:NRG_CHDD_A(1.0),Cooling and heating degree days by country - annual data,A,Annual,NR,Number,CDD,Cooling degree days,CZ,Czechia,2014,,9.52,,,,,
dataflow,ESTAT:NRG_CHDD_A(1.0),Cooling and heating degree days by country - annual data,A,Annual,NR,Number,CDD,Cooling degree days,CZ,Czechia,2015,,97.23,,,,,
dataflow,ESTAT:NRG_CHDD_A(1.0),Cooling and heating degree days by country - annual data,A,Annual,NR,Number,CDD,Cooling degree days,CZ,Czechia,2016,,10.52,,,,,
dataflow,ESTAT:NRG_CHDD_A(1.0),Cooling and heating degree days by country - annual data,A,Annual,NR,Number,CDD,Cooling degree days,CZ,Czechia,2017,,22.51,,,,,
dataflow,ESTAT:NRG_CHDD_A(1.0),Cooling and heating degree days by country - annual data,A,Annual,NR,Number,CDD,Cooling degree days,CZ,Czechia,2018,,45.88,,,,,
dataflow,ESTAT:NRG_CHDD_A(1.0),Cooling and heating degree days by country - annual data,A,Annual,NR,Number,CDD,Cooling degree days,CZ,Czechia,2019,,40.21,,,,,
dataflow,ESTAT:NRG_CHDD_A(1.0),Cooling and heating degree days by country - annual data,A,Annual,NR,Number,CDD,Cooling degree days,CZ,Czechia,2020,,6.06,,,,,
dataflow,ESTAT:NRG_CHDD_A(1.0),Cooling and heating degree days by country - annual data,A,Annual,NR,Number,CDD,Cooling degree days,CZ,Czechia,2021,,10.76,,,,,
dataflow,ESTAT:NRG_CHDD_A(1.0),Cooling and heating degree days by country - annual data,A,Annual,NR,Number,CDD,Cooling degree days,CZ,Czechia,2022,,26.63,,,,,
dataflow,ESTAT:NRG_CHDD_A(1.0),Cooling and heating degree days by country - annual data,A,Annual,NR,Number,CDD,Cooling degree days,CZ,Czechia,2023,,31.63,,,,,
dataflow,ESTAT:NRG_CHDD_A(1.0),Cooling and heating degree days by country - annual data,A,Annual,NR,Number,CDD,Cooling degree days,CZ,Czechia,2024,,44.12,,,,,
dataflow,ESTAT:NRG_CHDD_A(1.0),Cooling and heating degree days by country - annual data,A,Annual,NR,Number,CDD,Cooling degree days,DE,Germany,1990,,8.26,,,,,
dataflow,ESTAT:NRG_CHDD_A(1.0),Cooling and heating degree days by country - annual data,A,Annual,NR,Number,CDD,Cooling degree days,DE,Germany,1991,,11.91,,,,,
dataflow,ESTAT:NRG_CHDD_A(1.0),Cooling and heating degree days by country - annual data,A,Annual,NR,Number,CDD,Cooling degree days,DE,Germany,1992,,24.96,,,,,
dataflow,ESTAT:NRG_CHDD_A(1.0),Cooling and heating degree days by country - annual data,A,Annual,NR,Number,CDD,Cooling degree days,DE,Germany,1993,,0.49,,,,,
dataflow,ESTAT:NRG_CHDD_A(1.0),Cooling and heating degree days by country - annual data,A,Annual,NR,Number,CDD,Cooling degree days,DE,Germany,1994,,50.28,,,,,
dataflow,ESTAT:NRG_CHDD_A(1.0),Cooling and heating degree days by country - annual data,A,Annual,NR,Number,CDD,Cooling degree days,DE,Germany,1995,,16.21,,,,,
dataflow,ESTAT:NRG_CHDD_A(1.0),Cooling and heating degree days by country - annual data,A,Annual,NR,Number,CDD,Cooling degree days,DE,Germany,1996,,3.29,,,,,
dataflow,ESTAT:NRG_CHDD_A(1.0),Cooling and heating degree days by country - annual data,A,Annual,NR,Number,CDD,Cooling degree days,DE,Germany,1997,,7.80,,,,,
dataflow,ESTAT:NRG_CHDD_A(1.0),Cooling and heating degree days by country - annual data,A,Annual,NR,Number,CDD,Cooling degree days,DE,Germany,1998,,13.69,,,,,
dataflow,ESTAT:NRG_CHDD_A(1.0),Cooling and heating degree days by country - annual data,A,Annual,NR,Number,CDD,Cooling degree days,DE,Germany,1999,,5.22,,,,,
dataflow,ESTAT:NRG_CHDD_A(1.0),Cooling and heating degree days by country - annual data,A,Annual,NR,Number,CDD,Cooling degree days,DE,Germany,2000,,7.21,,,,,
dataflow,ESTAT:NRG_CHDD_A(1.0),Cooling and heating degree days by country - annual data,A,Annual,NR,Number,CDD,Cooling degree days,DE,Germany,2001,,12.09,,,,,
dataflow,ESTAT:NRG_CHDD_A(1.0),Cooling and heating degree days by country - annual data,A,Annual,NR,Number,CDD,Cooling degree days,DE,Germany,2002,,13.60,,,,,
dataflow,ESTAT:NRG_CHDD_A(1.0),Cooling and heating degree days by country - annual data,A,Annual,NR,Number,CDD,Cooling degree days,DE,Germany,2003,,51.71,,,,,
dataflow,ESTAT:NRG_CHDD_A(1.0),Cooling and heating degree days by country - annual data,A,Annual,NR,Number,CDD,Cooling degree days,DE,Germany,2004,,5.42,,,,,
dataflow,ESTAT:NRG_CHDD_A(1.0),Cooling and heating degree days by country - annual data,A,Annual,NR,Number,CDD,Cooling degree days,DE,Germany,2005,,10.76,,,,,
dataflow,ESTAT:NRG_CHDD_A(1.0),Cooling and heating degree days by country - annual data,A,Annual,NR,Number,CDD,Cooling degree days,DE,Germany,2006,,36.30,,,,,
dataflow,ESTAT:NRG_CHDD_A(1.0),Cooling and heating degree days by country - annual data,A,Annual,NR,Number,CDD,Cooling degree days,DE,Germany,2007,,10.12,,,,,
dataflow,ESTAT:NRG_CHDD_A(1.0),Cooling and heating degree days by country - annual data,A,Annual,NR,Number,CDD,Cooling degree days,DE,Germany,2008,,9.71,,,,,
dataflow,ESTAT:NRG_CHDD_A(1.0),Cooling and heating degree days by country - annual data,A,Annual,NR,Number,CDD,Cooling degree days,DE,Germany,2009,,4.46,,,,,
dataflow,ESTAT:NRG_CHDD_A(1.0),Cooling and heating degree days by country - annual data,A,Annual,NR,Number,CDD,Cooling degree days,DE,Germany,2010,,32.30,,,,,
dataflow,ESTAT:NRG_CHDD_A(1.0),Cooling and heating degree days by country - annual data,A,Annual,NR,Number,CDD,Cooling degree days,DE,Germany,2011,,8.68,,,,,
dataflow,ESTAT:NRG_CHDD_A(1.0),Cooling and heating degree days by country - annual data,A,Annual,NR,Number,CDD,Cooling degree days,DE,Germany,2012,,15.95,,,,,
dataflow,ESTAT:NRG_CHDD_A(1.0),Cooling and heating degree days by country - annual data,A,Annual,NR,Number,CDD,Cooling degree days,DE,Germany,2013,,28.34,,,,,
dataflow,ESTAT:NRG_CHDD_A(1.0),Cooling and heating degree days by country - annual data,A,Annual,NR,Number,CDD,Cooling degree days,DE,Germany,2014,,10.60,,,,,
dataflow,ESTAT:NRG_CHDD_A(1.0),Cooling and heating degree days by country - annual data,A,Annual,NR,Number,CDD,Cooling degree days,DE,Germany,2015,,55.60,,,,,
dataflow,ESTAT:NRG_CHDD_A(1.0),Cooling and heating degree days by country - annual data,A,Annual,NR,Number,CDD,Cooling degree days,DE,Germany,2016,,16.00,,,,,
dataflow,ESTAT:NRG_CHDD_A(1.0),Cooling and heating degree days by country - annual data,A,Annual,NR,Number,CDD,Cooling degree days,DE,Germany,2017,,9.19,,,,,
dataflow,ESTAT:NRG_CHDD_A(1.0),Cooling and heating degree days by country - annual data,A,Annual,NR,Number,CDD,Cooling degree days,DE,Germany,2018,,52.35,,,,,
dataflow,ESTAT:NRG_CHDD_A(1.0),Cooling and heating degree days by country - annual data,A,Annual,NR,Number,CDD,Cooling degree days,DE,Germany,2019,,46.05,,,,,
dataflow,ESTAT:NRG_CHDD_A(1.0),Cooling and heating degree days by country - annual data,A,Annual,NR,Number,CDD,Cooling degree days,DE,Germany,2020,,25.41,,,,,
dataflow,ESTAT:NRG_CHDD_A(1.0),Cooling and heating degree days by country - annual data,A,Annual,NR,Number,CDD,Cooling degree days,DE,Germany,2021,,11.53,,,,,
dataflow,ESTAT:NRG_CHDD_A(1.0),Cooling and heating degree days by country - annual data,A,Annual,NR,Number,CDD,Cooling degree days,DE,Germany,2022,,33.61,,,,,
dataflow,ESTAT:NRG_CHDD_A(1.0),Cooling and heating degree days by country - annual data,A,Annual,NR,Number,CDD,Cooling degree days,DE,Germany,2023,,19.37,,,,,
dataflow,ESTAT:NRG_CHDD_A(1.0),Cooling and heating degree days by country - annual data,A,Annual,NR,Number,CDD,Cooling degree days,DE,Germany,2024,,19.30,,,,,
dataflow,ESTAT:NRG_CHDD_A(1.0),Cooling and heating degree days by country - annual data,A,Annual,NR,Number,CDD,Cooling degree days,DK,Denmark,1990,,0.07,,,,,
dataflow,ESTAT:NRG_CHDD_A(1.0),Cooling and heating degree days by country - annual data,A,Annual,NR,Number,CDD,Cooling degree days,DK,Denmark,1991,,0.09,,,,,
dataflow,ESTAT:NRG_CHDD_A(1.0),Cooling and heating degree days by country - annual data,A,Annual,NR,Number,CDD,Cooling degree days,DK,Denmark,1992,,0.19,,,,,
dataflow,ESTAT:NRG_CHDD_A(1.0),Cooling and heating degree days by country - annual data,A,Annual,NR,Number,CDD,Cooling degree days,DK,Denmark,1993,,0.00,,,,,
dataflow,ESTAT:NRG_CHDD_A(1.0),Cooling and heating degree days by country - annual data,A,Annual,NR,Number,CDD,Cooling degree days,DK,Denmark,1994,,10.30,,,,,
dataflow,ESTAT:NRG_CHDD_A(1.0),Cooling and heating degree days by country - annual data,A,Annual,NR,Number,CDD,Cooling degree days,DK,Denmark,1995,,0.04,,,,,
dataflow,ESTAT:NRG_CHDD_A(1.0),Cooling and heating degree days by country - annual data,A,Annual,NR,Number,CDD,Cooling degree days,DK,Denmark,1996,,0.00,,,,,
dataflow,ESTAT:NRG_CHDD_A(1.0),Cooling and heating degree days by country - annual data,A,Annual,NR,Number,CDD,Cooling degree days,DK,Denmark,1997,,1.68,,,,,
dataflow,ESTAT:NRG_CHDD_A(1.0),Cooling and heating degree days by country - annual data,A,Annual,NR,Number,CDD,Cooling degree days,DK,Denmark,1998,,0.00,,,,,
dataflow,ESTAT:NRG_CHDD_A(1.0),Cooling and heating degree days by country - annual data,A,Annual,NR,Number,CDD,Cooling degree days,DK,Denmark,1999,,0.10,,,,,
dataflow,ESTAT:NRG_CHDD_A(1.0),Cooling and heating degree days by country - annual data,A,Annual,NR,Number,CDD,Cooling degree days,DK,Denmark,2000,,0.65,,,,,
dataflow,ESTAT:NRG_CHDD_A(1.0),Cooling and heating degree days by country - annual data,A,Annual,NR,Number,CDD,Cooling degree days,DK,Denmark,2001,,0.38,,,,,
dataflow,ESTAT:NRG_CHDD_A(1.0),Cooling and heating degree days by country - annual data,A,Annual,NR,Number,CDD,Cooling degree days,DK,Denmark,2002,,0.76,,,,,
dataflow,ESTAT:NRG_CHDD_A(1.0),Cooling and heating degree days by country - annual data,A,Annual,NR,Number,CDD,Cooling degree days,DK,Denmark,2003,,0.13,,,,,
dataflow,ESTAT:NRG_CHDD_A(1.0),Cooling and heating degree days by country - annual data,A,Annual,NR,Number,CDD,Cooling degree days,DK,Denmark,2004,,0.00,,,,,
dataflow,ESTAT:NRG_CHDD_A(1.0),Cooling and heating degree days by country - annual data,A,Annual,NR,Number,CDD,Cooling degree days,DK,Denmark,2005,,0.01,,,,,
dataflow,ESTAT:NRG_CHDD_A(1.0),Cooling and heating degree days by country - annual data,A,Annual,NR,Number,CDD,Cooling degree days,DK,Denmark,2006,,0.47,,,,,
dataflow,ESTAT:NRG_CHDD_A(1.0),Cooling and heating degree days by country - annual data,A,Annual,NR,Number,CDD,Cooling degree days,DK,Denmark,2007,,0.00,,,,,
dataflow,ESTAT:NRG_CHDD_A(1.0),Cooling and heating degree days by country - annual data,A,Annual,NR,Number,CDD,Cooling degree days,DK,Denmark,2008,,0.03,,,,,
dataflow,ESTAT:NRG_CHDD_A(1.0),Cooling and heating degree days by country - annual data,A,Annual,NR,Number,CDD,Cooling degree days,DK,Denmark,2009,,0.08,,,,,
dataflow,ESTAT:NRG_CHDD_A(1.0),Cooling and heating degree days by country - annual data,A,Annual,NR,Number,CDD,Cooling degree days,DK,Denmark,2010,,2.25,,,,,
dataflow,ESTAT:NRG_CHDD_A(1.0),Cooling and heating degree days by country - annual data,A,Annual,NR,Number,CDD,Cooling degree days,DK,Denmark,2011,,0.00,,,,,
dataflow,ESTAT:NRG_CHDD_A(1.0),Cooling and heating degree days by country - annual data,A,Annual,NR,Number,CDD,Cooling degree days,DK,Denmark,2012,,0.31,,,,,
dataflow,ESTAT:NRG_CHDD_A(1.0),Cooling and heating degree days by country - annual data,A,Annual,NR,Number,CDD,Cooling degree days,DK,Denmark,2013,,0.55,,,,,
dataflow,ESTAT:NRG_CHDD_A(1.0),Cooling and heating degree days by country - annual data,A,Annual,NR,Number,CDD,Cooling degree days,DK,Denmark,2014,,1.52,,,,,
dataflow,ESTAT:NRG_CHDD_A(1.0),Cooling and heating degree days by country - annual data,A,Annual,NR,Number,CDD,Cooling degree days,DK,Denmark,2015,,0.10,,,,,
dataflow,ESTAT:NRG_CHDD_A(1.0),Cooling and heating degree days by country - annual data,A,Annual,NR,Number,CDD,Cooling degree days,DK,Denmark,2016,,0.47,,,,,
dataflow,ESTAT:NRG_CHDD_A(1.0),Cooling and heating degree days by country - annual data,A,Annual,NR,Number,CDD,Cooling degree days,DK,Denmark,2017,,0.00,,,,,
dataflow,ESTAT:NRG_CHDD_A(1.0),Cooling and heating degree days by country - annual data,A,Annual,NR,Number,CDD,Cooling degree days,DK,Denmark,2018,,14.32,,,,,
dataflow,ESTAT:NRG_CHDD_A(1.0),Cooling and heating degree days by country - annual data,A,Annual,NR,Number,CDD,Cooling degree days,DK,Denmark,2019,,2.19,,,,,
dataflow,ESTAT:NRG_CHDD_A(1.0),Cooling and heating degree days by country - annual data,A,Annual,NR,Number,CDD,Cooling degree days,DK,Denmark,2020,,0.58,,,,,
dataflow,ESTAT:NRG_CHDD_A(1.0),Cooling and heating degree days by country - annual data,A,Annual,NR,Number,CDD,Cooling degree days,DK,Denmark,2021,,0.75,,,,,
dataflow,ESTAT:NRG_CHDD_A(1.0),Cooling and heating degree days by country - annual data,A,Annual,NR,Number,CDD,Cooling degree days,DK,Denmark,2022,,3.40,,,,,
dataflow,ESTAT:NRG_CHDD_A(1.0),Cooling and heating degree days by country - annual data,A,Annual,NR,Number,CDD,Cooling degree days,DK,Denmark,2023,,0.05,,,,,
dataflow,ESTAT:NRG_CHDD_A(1.0),Cooling and heating degree days by country - annual data,A,Annual,NR,Number,CDD,Cooling degree days,DK,Denmark,2024,,0.06,,,,,
dataflow,ESTAT:NRG_CHDD_A(1.0),Cooling and heating degree days by country - annual data,A,Annual,NR,Number,CDD,Cooling degree days,EE,Estonia,1990,,0.00,,,,,
dataflow,ESTAT:NRG_CHDD_A(1.0),Cooling and heating degree days by country - annual data,A,Annual,NR,Number,CDD,Cooling degree days,EE,Estonia,1991,,0.00,,,,,
dataflow,ESTAT:NRG_CHDD_A(1.0),Cooling and heating degree days by country - annual data,A,Annual,NR,Number,CDD,Cooling degree days,EE,Estonia,1992,,1.21,,,,,
dataflow,ESTAT:NRG_CHDD_A(1.0),Cooling and heating degree days by country - annual data,A,Annual,NR,Number,CDD,Cooling degree days,EE,Estonia,1993,,0.00,,,,,
dataflow,ESTAT:NRG_CHDD_A(1.0),Cooling and heating degree days by country - annual data,A,Annual,NR,Number,CDD,Cooling degree days,EE,Estonia,1994,,5.13,,,,,
dataflow,ESTAT:NRG_CHDD_A(1.0),Cooling and heating degree days by country - annual data,A,Annual,NR,Number,CDD,Cooling degree days,EE,Estonia,1995,,1.31,,,,,
dataflow,ESTAT:NRG_CHDD_A(1.0),Cooling and heating degree days by country - annual data,A,Annual,NR,Number,CDD,Cooling degree days,EE,Estonia,1996,,0.00,,,,,
dataflow,ESTAT:NRG_CHDD_A(1.0),Cooling and heating degree days by country - annual data,A,Annual,NR,Number,CDD,Cooling degree days,EE,Estonia,1997,,3.05,,,,,
dataflow,ESTAT:NRG_CHDD_A(1.0),Cooling and heating degree days by country - annual data,A,Annual,NR,Number,CDD,Cooling degree days,EE,Estonia,1998,,0.73,,,,,
dataflow,ESTAT:NRG_CHDD_A(1.0),Cooling and heating degree days by country - annual data,A,Annual,NR,Number,CDD,Cooling degree days,EE,Estonia,1999,,5.77,,,,,
dataflow,ESTAT:NRG_CHDD_A(1.0),Cooling and heating degree days by country - annual data,A,Annual,NR,Number,CDD,Cooling degree days,EE,Estonia,2000,,0.00,,,,,
dataflow,ESTAT:NRG_CHDD_A(1.0),Cooling and heating degree days by country - annual data,A,Annual,NR,Number,CDD,Cooling degree days,EE,Estonia,2001,,6.67,,,,,
dataflow,ESTAT:NRG_CHDD_A(1.0),Cooling and heating degree days by country - annual data,A,Annual,NR,Number,CDD,Cooling degree days,EE,Estonia,2002,,5.48,,,,,
dataflow,ESTAT:NRG_CHDD_A(1.0),Cooling and heating degree days by country - annual data,A,Annual,NR,Number,CDD,Cooling degree days,EE,Estonia,2003,,13.90,,,,,
dataflow,ESTAT:NRG_CHDD_A(1.0),Cooling and heating degree days by country - annual data,A,Annual,NR,Number,CDD,Cooling degree days,EE,Estonia,2004,,0.00,,,,,
dataflow,ESTAT:NRG_CHDD_A(1.0),Cooling and heating degree days by country - annual data,A,Annual,NR,Number,CDD,Cooling degree days,EE,Estonia,2005,,0.07,,,,,
dataflow,ESTAT:NRG_CHDD_A(1.0),Cooling and heating degree days by country - annual data,A,Annual,NR,Number,CDD,Cooling degree days,EE,Estonia,2006,,7.48,,,,,
dataflow,ESTAT:NRG_CHDD_A(1.0),Cooling and heating degree days by country - annual data,A,Annual,NR,Number,CDD,Cooling degree days,EE,Estonia,2007,,0.94,,,,,
dataflow,ESTAT:NRG_CHDD_A(1.0),Cooling and heating degree days by country - annual data,A,Annual,NR,Number,CDD,Cooling degree days,EE,Estonia,2008,,0.16,,,,,
dataflow,ESTAT:NRG_CHDD_A(1.0),Cooling and heating degree days by country - annual data,A,Annual,NR,Number,CDD,Cooling degree days,EE,Estonia,2009,,0.00,,,,,
dataflow,ESTAT:NRG_CHDD_A(1.0),Cooling and heating degree days by country - annual data,A,Annual,NR,Number,CDD,Cooling degree days,EE,Estonia,2010,,42.99,,,,,
dataflow,ESTAT:NRG_CHDD_A(1.0),Cooling and heating degree days by country - annual data,A,Annual,NR,Number,CDD,Cooling degree days,EE,Estonia,2011,,14.40,,,,,
dataflow,ESTAT:NRG_CHDD_A(1.0),Cooling and heating degree days by country - annual data,A,Annual,NR,Number,CDD,Cooling degree days,EE,Estonia,2012,,6.45,,,,,
dataflow,ESTAT:NRG_CHDD_A(1.0),Cooling and heating degree days by country - annual data,A,Annual,NR,Number,CDD,Cooling degree days,EE,Estonia,2013,,3.38,,,,,
dataflow,ESTAT:NRG_CHDD_A(1.0),Cooling and heating degree days by country - annual data,A,Annual,NR,Number,CDD,Cooling degree days,EE,Estonia,2014,,9.23,,,,,
dataflow,ESTAT:NRG_CHDD_A(1.0),Cooling and heating degree days by country - annual data,A,Annual,NR,Number,CDD,Cooling degree days,EE,Estonia,2015,,0.00,,,,,
dataflow,ESTAT:NRG_CHDD_A(1.0),Cooling and heating degree days by country - annual data,A,Annual,NR,Number,CDD,Cooling degree days,EE,Estonia,2016,,1.52,,,,,
dataflow,ESTAT:NRG_CHDD_A(1.0),Cooling and heating degree days by country - annual data,A,Annual,NR,Number,CDD,Cooling degree days,EE,Estonia,2017,,0.00,,,,,
dataflow,ESTAT:NRG_CHDD_A(1.0),Cooling and heating degree days by country - annual data,A,Annual,NR,Number,CDD,Cooling degree days,EE,Estonia,2018,,25.65,,,,,
dataflow,ESTAT:NRG_CHDD_A(1.0),Cooling and heating degree days by country - annual data,A,Annual,NR,Number,CDD,Cooling degree days,EE,Estonia,2019,,1.33,,,,,
dataflow,ESTAT:NRG_CHDD_A(1.0),Cooling and heating degree days by country - annual data,A,Annual,NR,Number,CDD,Cooling degree days,EE,Estonia,2020,,1.64,,,,,
dataflow,ESTAT:NRG_CHDD_A(1.0),Cooling and heating degree days by country - annual data,A,Annual,NR,Number,CDD,Cooling degree days,EE,Estonia,2021,,38.10,,,,,
dataflow,ESTAT:NRG_CHDD_A(1.0),Cooling and heating degree days by country - annual data,A,Annual,NR,Number,CDD,Cooling degree days,EE,Estonia,2022,,16.49,,,,,
dataflow,ESTAT:NRG_CHDD_A(1.0),Cooling and heating degree days by country - annual data,A,Annual,NR,Number,CDD,Cooling degree days,EE,Estonia,2023,,7.12,,,,,
dataflow,ESTAT:NRG_CHDD_A(1.0),Cooling and heating degree days by country - annual data,A,Annual,NR,Number,CDD,Cooling degree days,EE,Estonia,2024,,1.85,,,,,
dataflow,ESTAT:NRG_CHDD_A(1.0),Cooling and heating degree days by country - annual data,A,Annual,NR,Number,CDD,Cooling degree days,EL,Greece,1990,,202.40,,,,,
dataflow,ESTAT:NRG_CHDD_A(1.0),Cooling and heating degree days by country - annual data,A,Annual,NR,Number,CDD,Cooling degree days,EL,Greece,1991,,175.82,,,,,
dataflow,ESTAT:NRG_CHDD_A(1.0),Cooling and heating degree days by country - annual data,A,Annual,NR,Number,CDD,Cooling degree days,EL,Greece,1992,,191.70,,,,,
dataflow,ESTAT:NRG_CHDD_A(1.0),Cooling and heating degree days by country - annual data,A,Annual,NR,Number,CDD,Cooling degree days,EL,Greece,1993,,213.22,,,,,
dataflow,ESTAT:NRG_CHDD_A(1.0),Cooling and heating degree days by country - annual data,A,Annual,NR,Number,CDD,Cooling degree days,EL,Greece,1994,,315.70,,,,,
dataflow,ESTAT:NRG_CHDD_A(1.0),Cooling and heating degree days by country - annual data,A,Annual,NR,Number,CDD,Cooling degree days,EL,Greece,1995,,216.67,,,,,
dataflow,ESTAT:NRG_CHDD_A(1.0),Cooling and heating degree days by country - annual data,A,Annual,NR,Number,CDD,Cooling degree days,EL,Greece,1996,,195.65,,,,,
dataflow,ESTAT:NRG_CHDD_A(1.0),Cooling and heating degree days by country - annual data,A,Annual,NR,Number,CDD,Cooling degree days,EL,Greece,1997,,200.66,,,,,
dataflow,ESTAT:NRG_CHDD_A(1.0),Cooling and heating degree days by country - annual data,A,Annual,NR,Number,CDD,Cooling degree days,EL,Greece,1998,,317.16,,,,,
dataflow,ESTAT:NRG_CHDD_A(1.0),Cooling and heating degree days by country - annual data,A,Annual,NR,Number,CDD,Cooling degree days,EL,Greece,1999,,288.02,,,,,
dataflow,ESTAT:NRG_CHDD_A(1.0),Cooling and heating degree days by country - annual data,A,Annual,NR,Number,CDD,Cooling degree days,EL,Greece,2000,,281.39,,,,,
dataflow,ESTAT:NRG_CHDD_A(1.0),Cooling and heating degree days by country - annual data,A,Annual,NR,Number,CDD,Cooling degree days,EL,Greece,2001,,332.57,,,,,
dataflow,ESTAT:NRG_CHDD_A(1.0),Cooling and heating degree days by country - annual data,A,Annual,NR,Number,CDD,Cooling degree days,EL,Greece,2002,,283.76,,,,,
dataflow,ESTAT:NRG_CHDD_A(1.0),Cooling and heating degree days by country - annual data,A,Annual,NR,Number,CDD,Cooling degree days,EL,Greece,2003,,355.85,,,,,
dataflow,ESTAT:NRG_CHDD_A(1.0),Cooling and heating degree days by country - annual data,A,Annual,NR,Number,CDD,Cooling degree days,EL,Greece,2004,,241.42,,,,,
dataflow,ESTAT:NRG_CHDD_A(1.0),Cooling and heating degree days by country - annual data,A,Annual,NR,Number,CDD,Cooling degree days,EL,Greece,2005,,250.74,,,,,
dataflow,ESTAT:NRG_CHDD_A(1.0),Cooling and heating degree days by country - annual data,A,Annual,NR,Number,CDD,Cooling degree days,EL,Greece,2006,,290.59,,,,,
dataflow,ESTAT:NRG_CHDD_A(1.0),Cooling and heating degree days by country - annual data,A,Annual,NR,Number,CDD,Cooling degree days,EL,Greece,2007,,387.84,,,,,
dataflow,ESTAT:NRG_CHDD_A(1.0),Cooling and heating degree days by country - annual data,A,Annual,NR,Number,CDD,Cooling degree days,EL,Greece,2008,,375.59,,,,,
dataflow,ESTAT:NRG_CHDD_A(1.0),Cooling and heating degree days by country - annual data,A,Annual,NR,Number,CDD,Cooling degree days,EL,Greece,2009,,285.95,,,,,
dataflow,ESTAT:NRG_CHDD_A(1.0),Cooling and heating degree days by country - annual data,A,Annual,NR,Number,CDD,Cooling degree days,EL,Greece,2010,,351.40,,,,,
dataflow,ESTAT:NRG_CHDD_A(1.0),Cooling and heating degree days by country - annual data,A,Annual,NR,Number,CDD,Cooling degree days,EL,Greece,2011,,321.06,,,,,
dataflow,ESTAT:NRG_CHDD_A(1.0),Cooling and heating degree days by country - annual data,A,Annual,NR,Number,CDD,Cooling degree days,EL,Greece,2012,,448.68,,,,,
dataflow,ESTAT:NRG_CHDD_A(1.0),Cooling and heating degree days by country - annual data,A,Annual,NR,Number,CDD,Cooling degree days,EL,Greece,2013,,324.21,,,,,
dataflow,ESTAT:NRG_CHDD_A(1.0),Cooling and heating degree days by country - annual data,A,Annual,NR,Number,CDD,Cooling degree days,EL,Greece,2014,,272.79,,,,,
dataflow,ESTAT:NRG_CHDD_A(1.0),Cooling and heating degree days by country - annual data,A,Annual,NR,Number,CDD,Cooling degree days,EL,Greece,2015,,331.25,,,,,
dataflow,ESTAT:NRG_CHDD_A(1.0),Cooling and heating degree days by country - annual data,A,Annual,NR,Number,CDD,Cooling degree days,EL,Greece,2016,,353.94,,,,,
dataflow,ESTAT:NRG_CHDD_A(1.0),Cooling and heating degree days by country - annual data,A,Annual,NR,Number,CDD,Cooling degree days,EL,Greece,2017,,353.74,,,,,
dataflow,ESTAT:NRG_CHDD_A(1.0),Cooling and heating degree days by country - annual data,A,Annual,NR,Number,CDD,Cooling degree days,EL,Greece,2018,,312.46,,,,,
dataflow,ESTAT:NRG_CHDD_A(1.0),Cooling and heating degree days by country - annual data,A,Annual,NR,Number,CDD,Cooling degree days,EL,Greece,2019,,373.09,,,,,
dataflow,ESTAT:NRG_CHDD_A(1.0),Cooling and heating degree days by country - annual data,A,Annual,NR,Number,CDD,Cooling degree days,EL,Greece,2020,,343.81,,,,,
dataflow,ESTAT:NRG_CHDD_A(1.0),Cooling and heating degree days by country - annual data,A,Annual,NR,Number,CDD,Cooling degree days,EL,Greece,2021,,420.52,,,,,
dataflow,ESTAT:NRG_CHDD_A(1.0),Cooling and heating degree days by country - annual data,A,Annual,NR,Number,CDD,Cooling degree days,EL,Greece,2022,,371.98,,,,,
dataflow,ESTAT:NRG_CHDD_A(1.0),Cooling and heating degree days by country - annual data,A,Annual,NR,Number,CDD,Cooling degree days,EL,Greece,2023,,387.33,,,,,
dataflow,ESTAT:NRG_CHDD_A(1.0),Cooling and heating degree days by country - annual data,A,Annual,NR,Number,CDD,Cooling degree days,EL,Greece,2024,,568.41,,,,,
dataflow,ESTAT:NRG_CHDD_A(1.0),Cooling and heating degree days by country - annual data,A,Annual,NR,Number,CDD,Cooling degree days,ES,Spain,1990,,205.34,,,,,
dataflow,ESTAT:NRG_CHDD_A(1.0),Cooling and heating degree days by country - annual data,A,Annual,NR,Number,CDD,Cooling degree days,ES,Spain,1991,,252.33,,,,,
dataflow,ESTAT:NRG_CHDD_A(1.0),Cooling and heating degree days by country - annual data,A,Annual,NR,Number,CDD,Cooling degree days,ES,Spain,1992,,176.14,,,,,
dataflow,ESTAT:NRG_CHDD_A(1.0),Cooling and heating degree days by country - annual data,A,Annual,NR,Number,CDD,Cooling degree days,ES,Spain,1993,,155.67,,,,,
dataflow,ESTAT:NRG_CHDD_A(1.0),Cooling and heating degree days by country - annual data,A,Annual,NR,Number,CDD,Cooling degree days,ES,Spain,1994,,232.62,,,,,
dataflow,ESTAT:NRG_CHDD_A(1.0),Cooling and heating degree days by country - annual data,A,Annual,NR,Number,CDD,Cooling degree days,ES,Spain,1995,,185.67,,,,,
dataflow,ESTAT:NRG_CHDD_A(1.0),Cooling and heating degree days by country - annual data,A,Annual,NR,Number,CDD,Cooling degree days,ES,Spain,1996,,136.11,,,,,
dataflow,ESTAT:NRG_CHDD_A(1.0),Cooling and heating degree days by country - annual data,A,Annual,NR,Number,CDD,Cooling degree days,ES,Spain,1997,,126.59,,,,,
dataflow,ESTAT:NRG_CHDD_A(1.0),Cooling and heating degree days by country - annual data,A,Annual,NR,Number,CDD,Cooling degree days,ES,Spain,1998,,207.44,,,,,
dataflow,ESTAT:NRG_CHDD_A(1.0),Cooling and heating degree days by country - annual data,A,Annual,NR,Number,CDD,Cooling degree days,ES,Spain,1999,,197.10,,,,,
dataflow,ESTAT:NRG_CHDD_A(1.0),Cooling and heating degree days by country - annual data,A,Annual,NR,Number,CDD,Cooling degree days,ES,Spain,2000,,179.83,,,,,
dataflow,ESTAT:NRG_CHDD_A(1.0),Cooling and heating degree days by country - annual data,A,Annual,NR,Number,CDD,Cooling degree days,ES,Spain,2001,,204.33,,,,,
dataflow,ESTAT:NRG_CHDD_A(1.0),Cooling and heating degree days by country - annual data,A,Annual,NR,Number,CDD,Cooling degree days,ES,Spain,2002,,148.10,,,,,
dataflow,ESTAT:NRG_CHDD_A(1.0),Cooling and heating degree days by country - annual data,A,Annual,NR,Number,CDD,Cooling degree days,ES,Spain,2003,,283.20,,,,,
dataflow,ESTAT:NRG_CHDD_A(1.0),Cooling and heating degree days by country - annual data,A,Annual,NR,Number,CDD,Cooling degree days,ES,Spain,2004,,215.18,,,,,
dataflow,ESTAT:NRG_CHDD_A(1.0),Cooling and heating degree days by country - annual data,A,Annual,NR,Number,CDD,Cooling degree days,ES,Spain,2005,,233.51,,,,,
dataflow,ESTAT:NRG_CHDD_A(1.0),Cooling and heating degree days by country - annual data,A,Annual,NR,Number,CDD,Cooling degree days,ES,Spain,2006,,256.82,,,,,
dataflow,ESTAT:NRG_CHDD_A(1.0),Cooling and heating degree days by country - annual data,A,Annual,NR,Number,CDD,Cooling degree days,ES,Spain,2007,,153.02,,,,,
dataflow,ESTAT:NRG_CHDD_A(1.0),Cooling and heating degree days by country - annual data,A,Annual,NR,Number,CDD,Cooling degree days,ES,Spain,2008,,178.91,,,,,
dataflow,ESTAT:NRG_CHDD_A(1.0),Cooling and heating degree days by country - annual data,A,Annual,NR,Number,CDD,Cooling degree days,ES,Spain,2009,,258.35,,,,,
dataflow,ESTAT:NRG_CHDD_A(1.0),Cooling and heating degree days by country - annual data,A,Annual,NR,Number,CDD,Cooling degree days,ES,Spain,2010,,246.35,,,,,
dataflow,ESTAT:NRG_CHDD_A(1.0),Cooling and heating degree days by country - annual data,A,Annual,NR,Number,CDD,Cooling degree days,ES,Spain,2011,,217.62,,,,,
dataflow,ESTAT:NRG_CHDD_A(1.0),Cooling and heating degree days by country - annual data,A,Annual,NR,Number,CDD,Cooling degree days,ES,Spain,2012,,263.33,,,,,
dataflow,ESTAT:NRG_CHDD_A(1.0),Cooling and heating degree days by country - annual data,A,Annual,NR,Number,CDD,Cooling degree days,ES,Spain,2013,,210.52,,,,,
dataflow,ESTAT:NRG_CHDD_A(1.0),Cooling and heating degree days by country - annual data,A,Annual,NR,Number,CDD,Cooling degree days,ES,Spain,2014,,178.24,,,,,
dataflow,ESTAT:NRG_CHDD_A(1.0),Cooling and heating degree days by country - annual data,A,Annual,NR,Number,CDD,Cooling degree days,ES,Spain,2015,,286.97,,,,,
dataflow,ESTAT:NRG_CHDD_A(1.0),Cooling and heating degree days by country - annual data,A,Annual,NR,Number,CDD,Cooling degree days,ES,Spain,2016,,281.51,,,,,
dataflow,ESTAT:NRG_CHDD_A(1.0),Cooling and heating degree days by country - annual data,A,Annual,NR,Number,CDD,Cooling degree days,ES,Spain,2017,,310.38,,,,,
dataflow,ESTAT:NRG_CHDD_A(1.0),Cooling and heating degree days by country - annual data,A,Annual,NR,Number,CDD,Cooling degree days,ES,Spain,2018,,239.51,,,,,
dataflow,ESTAT:NRG_CHDD_A(1.0),Cooling and heating degree days by country - annual data,A,Annual,NR,Number,CDD,Cooling degree days,ES,Spain,2019,,247.65,,,,,
dataflow,ESTAT:NRG_CHDD_A(1.0),Cooling and heating degree days by country - annual data,A,Annual,NR,Number,CDD,Cooling degree days,ES,Spain,2020,,280.24,,,,,
dataflow,ESTAT:NRG_CHDD_A(1.0),Cooling and heating degree days by country - annual data,A,Annual,NR,Number,CDD,Cooling degree days,ES,Spain,2021,,238.71,,,,,
dataflow,ESTAT:NRG_CHDD_A(1.0),Cooling and heating degree days by country - annual data,A,Annual,NR,Number,CDD,Cooling degree days,ES,Spain,2022,,383.95,,,,,
dataflow,ESTAT:NRG_CHDD_A(1.0),Cooling and heating degree days by country - annual data,A,Annual,NR,Number,CDD,Cooling degree days,ES,Spain,2023,,338.23,,,,,
dataflow,ESTAT:NRG_CHDD_A(1.0),Cooling and heating degree days by country - annual data,A,Annual,NR,Number,CDD,Cooling degree days,ES,Spain,2024,,302.70,,,,,
dataflow,ESTAT:NRG_CHDD_A(1.0),Cooling and heating degree days by country - annual data,A,Annual,NR,Number,CDD,Cooling degree days,EU27_2020,European Union - 27 countries (from 2020),1990,,59.12,,,,,
dataflow,ESTAT:NRG_CHDD_A(1.0),Cooling and heating degree days by country - annual data,A,Annual,NR,Number,CDD,Cooling degree days,EU27_2020,European Union - 27 countries (from 2020),1991,,66.89,,,,,
dataflow,ESTAT:NRG_CHDD_A(1.0),Cooling and heating degree days by country - annual data,A,Annual,NR,Number,CDD,Cooling degree days,EU27_2020,European Union - 27 countries (from 2020),1992,,68.41,,,,,
dataflow,ESTAT:NRG_CHDD_A(1.0),Cooling and heating degree days by country - annual data,A,Annual,NR,Number,CDD,Cooling degree days,EU27_2020,European Union - 27 countries (from 2020),1993,,53.55,,,,,
dataflow,ESTAT:NRG_CHDD_A(1.0),Cooling and heating degree days by country - annual data,A,Annual,NR,Number,CDD,Cooling degree days,EU27_2020,European Union - 27 countries (from 2020),1994,,95.29,,,,,
dataflow,ESTAT:NRG_CHDD_A(1.0),Cooling and heating degree days by country - annual data,A,Annual,NR,Number,CDD,Cooling degree days,EU27_2020,European Union - 27 countries (from 2020),1995,,58.95,,,,,
dataflow,ESTAT:NRG_CHDD_A(1.0),Cooling and heating degree days by country - annual data,A,Annual,NR,Number,CDD,Cooling degree days,EU27_2020,European Union - 27 countries (from 2020),1996,,44.50,,,,,
dataflow,ESTAT:NRG_CHDD_A(1.0),Cooling and heating degree days by country - annual data,A,Annual,NR,Number,CDD,Cooling degree days,EU27_2020,European Union - 27 countries (from 2020),1997,,45.49,,,,,
dataflow,ESTAT:NRG_CHDD_A(1.0),Cooling and heating degree days by country - annual data,A,Annual,NR,Number,CDD,Cooling degree days,EU27_2020,European Union - 27 countries (from 2020),1998,,81.07,,,,,
dataflow,ESTAT:NRG_CHDD_A(1.0),Cooling and heating degree days by country - annual data,A,Annual,NR,Number,CDD,Cooling degree days,EU27_2020,European Union - 27 countries (from 2020),1999,,66.58,,,,,
dataflow,ESTAT:NRG_CHDD_A(1.0),Cooling and heating degree days by country - annual data,A,Annual,NR,Number,CDD,Cooling degree days,EU27_2020,European Union - 27 countries (from 2020),2000,,71.48,,,,,
dataflow,ESTAT:NRG_CHDD_A(1.0),Cooling and heating degree days by country - annual data,A,Annual,NR,Number,CDD,Cooling degree days,EU27_2020,European Union - 27 countries (from 2020),2001,,79.59,,,,,
dataflow,ESTAT:NRG_CHDD_A(1.0),Cooling and heating degree days by country - annual data,A,Annual,NR,Number,CDD,Cooling degree days,EU27_2020,European Union - 27 countries (from 2020),2002,,62.02,,,,,
dataflow,ESTAT:NRG_CHDD_A(1.0),Cooling and heating degree days by country - annual data,A,Annual,NR,Number,CDD,Cooling degree days,EU27_2020,European Union - 27 countries (from 2020),2003,,128.79,,,,,
dataflow,ESTAT:NRG_CHDD_A(1.0),Cooling and heating degree days by country - annual data,A,Annual,NR,Number,CDD,Cooling degree days,EU27_2020,European Union - 27 countries (from 2020),2004,,63.43,,,,,
dataflow,ESTAT:NRG_CHDD_A(1.0),Cooling and heating degree days by country - annual data,A,Annual,NR,Number,CDD,Cooling degree days,EU27_2020,European Union - 27 countries (from 2020),2005,,71.74,,,,,
dataflow,ESTAT:NRG_CHDD_A(1.0),Cooling and heating degree days by country - annual data,A,Annual,NR,Number,CDD,Cooling degree days,EU27_2020,European Union - 27 countries (from 2020),2006,,96.17,,,,,
dataflow,ESTAT:NRG_CHDD_A(1.0),Cooling and heating degree days by country - annual data,A,Annual,NR,Number,CDD,Cooling degree days,EU27_2020,European Union - 27 countries (from 2020),2007,,78.06,,,,,
dataflow,ESTAT:NRG_CHDD_A(1.0),Cooling and heating degree days by country - annual data,A,Annual,NR,Number,CDD,Cooling degree days,EU27_2020,European Union - 27 countries (from 2020),2008,,73.50,,,,,
dataflow,ESTAT:NRG_CHDD_A(1.0),Cooling and heating degree days by country - annual data,A,Annual,NR,Number,CDD,Cooling degree days,EU27_2020,European Union - 27 countries (from 2020),2009,,82.81,,,,,
dataflow,ESTAT:NRG_CHDD_A(1.0),Cooling and heating degree days by country - annual data,A,Annual,NR,Number,CDD,Cooling degree days,EU27_2020,European Union - 27 countries (from 2020),2010,,96.73,,,,,
dataflow,ESTAT:NRG_CHDD_A(1.0),Cooling and heating degree days by country - annual data,A,Annual,NR,Number,CDD,Cooling degree days,EU27_2020,European Union - 27 countries (from 2020),2011,,76.89,,,,,
dataflow,ESTAT:NRG_CHDD_A(1.0),Cooling and heating degree days by country - annual data,A,Annual,NR,Number,CDD,Cooling degree days,EU27_2020,European Union - 27 countries (from 2020),2012,,114.81,,,,,
dataflow,ESTAT:NRG_CHDD_A(1.0),Cooling and heating degree days by country - annual data,A,Annual,NR,Number,CDD,Cooling degree days,EU27_2020,European Union - 27 countries (from 2020),2013,,85.09,,,,,
dataflow,ESTAT:NRG_CHDD_A(1.0),Cooling and heating degree days by country - annual data,A,Annual,NR,Number,CDD,Cooling degree days,EU27_2020,European Union - 27 countries (from 2020),2014,,58.96,,,,,
dataflow,ESTAT:NRG_CHDD_A(1.0),Cooling and heating degree days by country - annual data,A,Annual,NR,Number,CDD,Cooling degree days,EU27_2020,European Union - 27 countries (from 2020),2015,,121.61,,,,,
dataflow,ESTAT:NRG_CHDD_A(1.0),Cooling and heating degree days by country - annual data,A,Annual,NR,Number,CDD,Cooling degree days,EU27_2020,European Union - 27 countries (from 2020),2016,,93.49,,,,,
dataflow,ESTAT:NRG_CHDD_A(1.0),Cooling and heating degree days by country - annual data,A,Annual,NR,Number,CDD,Cooling degree days,EU27_2020,European Union - 27 countries (from 2020),2017,,111.79,,,,,
dataflow,ESTAT:NRG_CHDD_A(1.0),Cooling and heating degree days by country - annual data,A,Annual,NR,Number,CDD,Cooling degree days,EU27_2020,European Union - 27 countries (from 2020),2018,,97.85,,,,,
dataflow,ESTAT:NRG_CHDD_A(1.0),Cooling and heating degree days by country - annual data,A,Annual,NR,Number,CDD,Cooling degree days,EU27_2020,European Union - 27 countries (from 2020),2019,,110.54,,,,,
dataflow,ESTAT:NRG_CHDD_A(1.0),Cooling and heating degree days by country - annual data,A,Annual,NR,Number,CDD,Cooling degree days,EU27_2020,European Union - 27 countries (from 2020),2020,,98.66,,,,,
dataflow,ESTAT:NRG_CHDD_A(1.0),Cooling and heating degree days by country - annual data,A,Annual,NR,Number,CDD,Cooling degree days,EU27_2020,European Union - 27 countries (from 2020),2021,,100.15,,,,,
dataflow,ESTAT:NRG_CHDD_A(1.0),Cooling and heating degree days by country - annual data,A,Annual,NR,Number,CDD,Cooling degree days,EU27_2020,European Union - 27 countries (from 2020),2022,,139.56,,,,,
dataflow,ESTAT:NRG_CHDD_A(1.0),Cooling and heating degree days by country - annual data,A,Annual,NR,Number,CDD,Cooling degree days,EU27_2020,European Union - 27 countries (from 2020),2023,,121.48,,,,,
dataflow,ESTAT:NRG_CHDD_A(1.0),Cooling and heating degree days by country - annual data,A,Annual,NR,Number,CDD,Cooling degree days,EU27_2020,European Union - 27 countries (from 2020),2024,,142.44,,,,,
dataflow,ESTAT:NRG_CHDD_A(1.0),Cooling and heating degree days by country - annual data,A,Annual,NR,Number,CDD,Cooling degree days,FI,Finland,1990,,0.00,,,,,
dataflow,ESTAT:NRG_CHDD_A(1.0),Cooling and heating degree days by country - annual data,A,Annual,NR,Number,CDD,Cooling degree days,FI,Finland,1991,,0.00,,,,,
dataflow,ESTAT:NRG_CHDD_A(1.0),Cooling and heating degree days by country - annual data,A,Annual,NR,Number,CDD,Cooling degree days,FI,Finland,1992,,0.00,,,,,
dataflow,ESTAT:NRG_CHDD_A(1.0),Cooling and heating degree days by country - annual data,A,Annual,NR,Number,CDD,Cooling degree days,FI,Finland,1993,,0.02,,,,,
dataflow,ESTAT:NRG_CHDD_A(1.0),Cooling and heating degree days by country - annual data,A,Annual,NR,Number,CDD,Cooling degree days,FI,Finland,1994,,1.04,,,,,
dataflow,ESTAT:NRG_CHDD_A(1.0),Cooling and heating degree days by country - annual data,A,Annual,NR,Number,CDD,Cooling degree days,FI,Finland,1995,,0.05,,,,,
dataflow,ESTAT:NRG_CHDD_A(1.0),Cooling and heating degree days by country - annual data,A,Annual,NR,Number,CDD,Cooling degree days,FI,Finland,1996,,0.00,,,,,
dataflow,ESTAT:NRG_CHDD_A(1.0),Cooling and heating degree days by country - annual data,A,Annual,NR,Number,CDD,Cooling degree days,FI,Finland,1997,,0.78,,,,,
dataflow,ESTAT:NRG_CHDD_A(1.0),Cooling and heating degree days by country - annual data,A,Annual,NR,Number,CDD,Cooling degree days,FI,Finland,1998,,0.21,,,,,
dataflow,ESTAT:NRG_CHDD_A(1.0),Cooling and heating degree days by country - annual data,A,Annual,NR,Number,CDD,Cooling degree days,FI,Finland,1999,,2.85,,,,,
dataflow,ESTAT:NRG_CHDD_A(1.0),Cooling and heating degree days by country - annual data,A,Annual,NR,Number,CDD,Cooling degree days,FI,Finland,2000,,0.80,,,,,
dataflow,ESTAT:NRG_CHDD_A(1.0),Cooling and heating degree days by country - annual data,A,Annual,NR,Number,CDD,Cooling degree days,FI,Finland,2001,,0.33,,,,,
dataflow,ESTAT:NRG_CHDD_A(1.0),Cooling and heating degree days by country - annual data,A,Annual,NR,Number,CDD,Cooling degree days,FI,Finland,2002,,0.05,,,,,
dataflow,ESTAT:NRG_CHDD_A(1.0),Cooling and heating degree days by country - annual data,A,Annual,NR,Number,CDD,Cooling degree days,FI,Finland,2003,,4.38,,,,,
dataflow,ESTAT:NRG_CHDD_A(1.0),Cooling and heating degree days by country - annual data,A,Annual,NR,Number,CDD,Cooling degree days,FI,Finland,2004,,0.00,,,,,
dataflow,ESTAT:NRG_CHDD_A(1.0),Cooling and heating degree days by country - annual data,A,Annual,NR,Number,CDD,Cooling degree days,FI,Finland,2005,,0.01,,,,,
dataflow,ESTAT:NRG_CHDD_A(1.0),Cooling and heating degree days by country - annual data,A,Annual,NR,Number,CDD,Cooling degree days,FI,Finland,2006,,0.71,,,,,
dataflow,ESTAT:NRG_CHDD_A(1.0),Cooling and heating degree days by country - annual data,A,Annual,NR,Number,CDD,Cooling degree days,FI,Finland,2007,,0.00,,,,,
dataflow,ESTAT:NRG_CHDD_A(1.0),Cooling and heating degree days by country - annual data,A,Annual,NR,Number,CDD,Cooling degree days,FI,Finland,2008,,0.00,,,,,
dataflow,ESTAT:NRG_CHDD_A(1.0),Cooling and heating degree days by country - annual data,A,Annual,NR,Number,CDD,Cooling degree days,FI,Finland,2009,,0.00,,,,,
dataflow,ESTAT:NRG_CHDD_A(1.0),Cooling and heating degree days by country - annual data,A,Annual,NR,Number,CDD,Cooling degree days,FI,Finland,2010,,16.13,,,,,
dataflow,ESTAT:NRG_CHDD_A(1.0),Cooling and heating degree days by country - annual data,A,Annual,NR,Number,CDD,Cooling degree days,FI,Finland,2011,,2.11,,,,,
dataflow,ESTAT:NRG_CHDD_A(1.0),Cooling and heating degree days by country - annual data,A,Annual,NR,Number,CDD,Cooling degree days,FI,Finland,2012,,0.41,,,,,
dataflow,ESTAT:NRG_CHDD_A(1.0),Cooling and heating degree days by country - annual data,A,Annual,NR,Number,CDD,Cooling degree days,FI,Finland,2013,,1.21,,,,,
dataflow,ESTAT:NRG_CHDD_A(1.0),Cooling and heating degree days by country - annual data,A,Annual,NR,Number,CDD,Cooling degree days,FI,Finland,2014,,2.36,,,,,
dataflow,ESTAT:NRG_CHDD_A(1.0),Cooling and heating degree days by country - annual data,A,Annual,NR,Number,CDD,Cooling degree days,FI,Finland,2015,,0.00,,,,,
dataflow,ESTAT:NRG_CHDD_A(1.0),Cooling and heating degree days by country - annual data,A,Annual,NR,Number,CDD,Cooling degree days,FI,Finland,2016,,0.00,,,,,
dataflow,ESTAT:NRG_CHDD_A(1.0),Cooling and heating degree days by country - annual data,A,Annual,NR,Number,CDD,Cooling degree days,FI,Finland,2017,,0.00,,,,,
dataflow,ESTAT:NRG_CHDD_A(1.0),Cooling and heating degree days by country - annual data,A,Annual,NR,Number,CDD,Cooling degree days,FI,Finland,2018,,9.22,,,,,
dataflow,ESTAT:NRG_CHDD_A(1.0),Cooling and heating degree days by country - annual data,A,Annual,NR,Number,CDD,Cooling degree days,FI,Finland,2019,,0.96,,,,,
dataflow,ESTAT:NRG_CHDD_A(1.0),Cooling and heating degree days by country - annual data,A,Annual,NR,Number,CDD,Cooling degree days,FI,Finland,2020,,0.44,,,,,
dataflow,ESTAT:NRG_CHDD_A(1.0),Cooling and heating degree days by country - annual data,A,Annual,NR,Number,CDD,Cooling degree days,FI,Finland,2021,,8.04,,,,,
dataflow,ESTAT:NRG_CHDD_A(1.0),Cooling and heating degree days by country - annual data,A,Annual,NR,Number,CDD,Cooling degree days,FI,Finland,2022,,2.47,,,,,
dataflow,ESTAT:NRG_CHDD_A(1.0),Cooling and heating degree days by country - annual data,A,Annual,NR,Number,CDD,Cooling degree days,FI,Finland,2023,,1.57,,,,,
dataflow,ESTAT:NRG_CHDD_A(1.0),Cooling and heating degree days by country - annual data,A,Annual,NR,Number,CDD,Cooling degree days,FI,Finland,2024,,0.46,,,,,
dataflow,ESTAT:NRG_CHDD_A(1.0),Cooling and heating degree days by country - annual data,A,Annual,NR,Number,CDD,Cooling degree days,FR,France,1990,,49.88,,,,,
dataflow,ESTAT:NRG_CHDD_A(1.0),Cooling and heating degree days by country - annual data,A,Annual,NR,Number,CDD,Cooling degree days,FR,France,1991,,38.31,,,,,
dataflow,ESTAT:NRG_CHDD_A(1.0),Cooling and heating degree days by country - annual data,A,Annual,NR,Number,CDD,Cooling degree days,FR,France,1992,,39.11,,,,,
dataflow,ESTAT:NRG_CHDD_A(1.0),Cooling and heating degree days by country - annual data,A,Annual,NR,Number,CDD,Cooling degree days,FR,France,1993,,13.97,,,,,
dataflow,ESTAT:NRG_CHDD_A(1.0),Cooling and heating degree days by country - annual data,A,Annual,NR,Number,CDD,Cooling degree days,FR,France,1994,,62.80,,,,,
dataflow,ESTAT:NRG_CHDD_A(1.0),Cooling and heating degree days by country - annual data,A,Annual,NR,Number,CDD,Cooling degree days,FR,France,1995,,45.37,,,,,
dataflow,ESTAT:NRG_CHDD_A(1.0),Cooling and heating degree days by country - annual data,A,Annual,NR,Number,CDD,Cooling degree days,FR,France,1996,,14.31,,,,,
dataflow,ESTAT:NRG_CHDD_A(1.0),Cooling and heating degree days by country - annual data,A,Annual,NR,Number,CDD,Cooling degree days,FR,France,1997,,32.02,,,,,
dataflow,ESTAT:NRG_CHDD_A(1.0),Cooling and heating degree days by country - annual data,A,Annual,NR,Number,CDD,Cooling degree days,FR,France,1998,,38.01,,,,,
dataflow,ESTAT:NRG_CHDD_A(1.0),Cooling and heating degree days by country - annual data,A,Annual,NR,Number,CDD,Cooling degree days,FR,France,1999,,21.05,,,,,
dataflow,ESTAT:NRG_CHDD_A(1.0),Cooling and heating degree days by country - annual data,A,Annual,NR,Number,CDD,Cooling degree days,FR,France,2000,,19.78,,,,,
dataflow,ESTAT:NRG_CHDD_A(1.0),Cooling and heating degree days by country - annual data,A,Annual,NR,Number,CDD,Cooling degree days,FR,France,2001,,38.82,,,,,
dataflow,ESTAT:NRG_CHDD_A(1.0),Cooling and heating degree days by country - annual data,A,Annual,NR,Number,CDD,Cooling degree days,FR,France,2002,,21.96,,,,,
dataflow,ESTAT:NRG_CHDD_A(1.0),Cooling and heating degree days by country - annual data,A,Annual,NR,Number,CDD,Cooling degree days,FR,France,2003,,150.02,,,,,
dataflow,ESTAT:NRG_CHDD_A(1.0),Cooling and heating degree days by country - annual data,A,Annual,NR,Number,CDD,Cooling degree days,FR,France,2004,,32.67,,,,,
dataflow,ESTAT:NRG_CHDD_A(1.0),Cooling and heating degree days by country - annual data,A,Annual,NR,Number,CDD,Cooling degree days,FR,France,2005,,54.81,,,,,
dataflow,ESTAT:NRG_CHDD_A(1.0),Cooling and heating degree days by country - annual data,A,Annual,NR,Number,CDD,Cooling degree days,FR,France,2006,,80.80,,,,,
dataflow,ESTAT:NRG_CHDD_A(1.0),Cooling and heating degree days by country - annual data,A,Annual,NR,Number,CDD,Cooling degree days,FR,France,2007,,16.00,,,,,
dataflow,ESTAT:NRG_CHDD_A(1.0),Cooling and heating degree days by country - annual data,A,Annual,NR,Number,CDD,Cooling degree days,FR,France,2008,,20.99,,,,,
dataflow,ESTAT:NRG_CHDD_A(1.0),Cooling and heating degree days by country - annual data,A,Annual,NR,Number,CDD,Cooling degree days,FR,France,2009,,43.46,,,,,
dataflow,ESTAT:NRG_CHDD_A(1.0),Cooling and heating degree days by country - annual data,A,Annual,NR,Number,CDD,Cooling degree days,FR,France,2010,,38.02,,,,,
dataflow,ESTAT:NRG_CHDD_A(1.0),Cooling and heating degree days by country - annual data,A,Annual,NR,Number,CDD,Cooling degree days,FR,France,2011,,31.71,,,,,
dataflow,ESTAT:NRG_CHDD_A(1.0),Cooling and heating degree days by country - annual data,A,Annual,NR,Number,CDD,Cooling degree days,FR,France,2012,,45.38,,,,,
dataflow,ESTAT:NRG_CHDD_A(1.0),Cooling and heating degree days by country - annual data,A,Annual,NR,Number,CDD,Cooling degree days,FR,France,2013,,42.27,,,,,
dataflow,ESTAT:NRG_CHDD_A(1.0),Cooling and heating degree days by country - annual data,A,Annual,NR,Number,CDD,Cooling degree days,FR,France,2014,,17.33,,,,,
dataflow,ESTAT:NRG_CHDD_A(1.0),Cooling and heating degree days by country - annual data,A,Annual,NR,Number,CDD,Cooling degree days,FR,France,2015,,77.11,,,,,
dataflow,ESTAT:NRG_CHDD_A(1.0),Cooling and heating degree days by country - annual data,A,Annual,NR,Number,CDD,Cooling degree days,FR,France,2016,,49.18,,,,,
dataflow,ESTAT:NRG_CHDD_A(1.0),Cooling and heating degree days by country - annual data,A,Annual,NR,Number,CDD,Cooling degree days,FR,France,2017,,67.92,,,,,
dataflow,ESTAT:NRG_CHDD_A(1.0),Cooling and heating degree days by country - annual data,A,Annual,NR,Number,CDD,Cooling degree days,FR,France,2018,,65.98,,,,,
dataflow,ESTAT:NRG_CHDD_A(1.0),Cooling and heating degree days by country - annual data,A,Annual,NR,Number,CDD,Cooling degree days,FR,France,2019,,87.94,,,,,
dataflow,ESTAT:NRG_CHDD_A(1.0),Cooling and heating degree days by country - annual data,A,Annual,NR,Number,CDD,Cooling degree days,FR,France,2020,,76.93,,,,,
dataflow,ESTAT:NRG_CHDD_A(1.0),Cooling and heating degree days by country - annual data,A,Annual,NR,Number,CDD,Cooling degree days,FR,France,2021,,30.70,,,,,
dataflow,ESTAT:NRG_CHDD_A(1.0),Cooling and heating degree days by country - annual data,A,Annual,NR,Number,CDD,Cooling degree days,FR,France,2022,,116.46,,,,,
dataflow,ESTAT:NRG_CHDD_A(1.0),Cooling and heating degree days by country - annual data,A,Annual,NR,Number,CDD,Cooling degree days,FR,France,2023,,87.23,,,,,
dataflow,ESTAT:NRG_CHDD_A(1.0),Cooling and heating degree days by country - annual data,A,Annual,NR,Number,CDD,Cooling degree days,FR,France,2024,,62.86,,,,,
dataflow,ESTAT:NRG_CHDD_A(1.0),Cooling and heating degree days by country - annual data,A,Annual,NR,Number,CDD,Cooling degree days,HR,Croatia,1990,,50.90,,,,,
dataflow,ESTAT:NRG_CHDD_A(1.0),Cooling and heating degree days by country - annual data,A,Annual,NR,Number,CDD,Cooling degree days,HR,Croatia,1991,,76.52,,,,,
dataflow,ESTAT:NRG_CHDD_A(1.0),Cooling and heating degree days by country - annual data,A,Annual,NR,Number,CDD,Cooling degree days,HR,Croatia,1992,,95.87,,,,,
dataflow,ESTAT:NRG_CHDD_A(1.0),Cooling and heating degree days by country - annual data,A,Annual,NR,Number,CDD,Cooling degree days,HR,Croatia,1993,,100.14,,,,,
dataflow,ESTAT:NRG_CHDD_A(1.0),Cooling and heating degree days by country - annual data,A,Annual,NR,Number,CDD,Cooling degree days,HR,Croatia,1994,,172.23,,,,,
dataflow,ESTAT:NRG_CHDD_A(1.0),Cooling and heating degree days by country - annual data,A,Annual,NR,Number,CDD,Cooling degree days,HR,Croatia,1995,,38.11,,,,,
dataflow,ESTAT:NRG_CHDD_A(1.0),Cooling and heating degree days by country - annual data,A,Annual,NR,Number,CDD,Cooling degree days,HR,Croatia,1996,,33.50,,,,,
dataflow,ESTAT:NRG_CHDD_A(1.0),Cooling and heating degree days by country - annual data,A,Annual,NR,Number,CDD,Cooling degree days,HR,Croatia,1997,,44.77,,,,,
dataflow,ESTAT:NRG_CHDD_A(1.0),Cooling and heating degree days by country - annual data,A,Annual,NR,Number,CDD,Cooling degree days,HR,Croatia,1998,,136.99,,,,,
dataflow,ESTAT:NRG_CHDD_A(1.0),Cooling and heating degree days by country - annual data,A,Annual,NR,Number,CDD,Cooling degree days,HR,Croatia,1999,,85.90,,,,,
dataflow,ESTAT:NRG_CHDD_A(1.0),Cooling and heating degree days by country - annual data,A,Annual,NR,Number,CDD,Cooling degree days,HR,Croatia,2000,,137.17,,,,,
dataflow,ESTAT:NRG_CHDD_A(1.0),Cooling and heating degree days by country - annual data,A,Annual,NR,Number,CDD,Cooling degree days,HR,Croatia,2001,,113.23,,,,,
dataflow,ESTAT:NRG_CHDD_A(1.0),Cooling and heating degree days by country - annual data,A,Annual,NR,Number,CDD,Cooling degree days,HR,Croatia,2002,,94.97,,,,,
dataflow,ESTAT:NRG_CHDD_A(1.0),Cooling and heating degree days by country - annual data,A,Annual,NR,Number,CDD,Cooling degree days,HR,Croatia,2003,,253.12,,,,,
dataflow,ESTAT:NRG_CHDD_A(1.0),Cooling and heating degree days by country - annual data,A,Annual,NR,Number,CDD,Cooling degree days,HR,Croatia,2004,,82.49,,,,,
dataflow,ESTAT:NRG_CHDD_A(1.0),Cooling and heating degree days by country - annual data,A,Annual,NR,Number,CDD,Cooling degree days,HR,Croatia,2005,,85.46,,,,,
dataflow,ESTAT:NRG_CHDD_A(1.0),Cooling and heating degree days by country - annual data,A,Annual,NR,Number,CDD,Cooling degree days,HR,Croatia,2006,,139.69,,,,,
dataflow,ESTAT:NRG_CHDD_A(1.0),Cooling and heating degree days by country - annual data,A,Annual,NR,Number,CDD,Cooling degree days,HR,Croatia,2007,,152.33,,,,,
dataflow,ESTAT:NRG_CHDD_A(1.0),Cooling and heating degree days by country - annual data,A,Annual,NR,Number,CDD,Cooling degree days,HR,Croatia,2008,,140.49,,,,,
dataflow,ESTAT:NRG_CHDD_A(1.0),Cooling and heating degree days by country - annual data,A,Annual,NR,Number,CDD,Cooling degree days,HR,Croatia,2009,,121.64,,,,,
dataflow,ESTAT:NRG_CHDD_A(1.0),Cooling and heating degree days by country - annual data,A,Annual,NR,Number,CDD,Cooling degree days,HR,Croatia,2010,,127.32,,,,,
dataflow,ESTAT:NRG_CHDD_A(1.0),Cooling and heating degree days by country - annual data,A,Annual,NR,Number,CDD,Cooling degree days,HR,Croatia,2011,,156.78,,,,,
dataflow,ESTAT:NRG_CHDD_A(1.0),Cooling and heating degree days by country - annual data,A,Annual,NR,Number,CDD,Cooling degree days,HR,Croatia,2012,,233.58,,,,,
dataflow,ESTAT:NRG_CHDD_A(1.0),Cooling and heating degree days by country - annual data,A,Annual,NR,Number,CDD,Cooling degree days,HR,Croatia,2013,,154.84,,,,,
dataflow,ESTAT:NRG_CHDD_A(1.0),Cooling and heating degree days by country - annual data,A,Annual,NR,Number,CDD,Cooling degree days,HR,Croatia,2014,,60.56,,,,,
dataflow,ESTAT:NRG_CHDD_A(1.0),Cooling and heating degree days by country - annual data,A,Annual,NR,Number,CDD,Cooling degree days,HR,Croatia,2015,,225.25,,,,,
dataflow,ESTAT:NRG_CHDD_A(1.0),Cooling and heating degree days by country - annual data,A,Annual,NR,Number,CDD,Cooling degree days,HR,Croatia,2016,,116.42,,,,,
dataflow,ESTAT:NRG_CHDD_A(1.0),Cooling and heating degree days by country - annual data,A,Annual,NR,Number,CDD,Cooling degree days,HR,Croatia,2017,,208.60,,,,,
dataflow,ESTAT:NRG_CHDD_A(1.0),Cooling and heating degree days by country - annual data,A,Annual,NR,Number,CDD,Cooling degree days,HR,Croatia,2018,,151.30,,,,,
dataflow,ESTAT:NRG_CHDD_A(1.0),Cooling and heating degree days by country - annual data,A,Annual,NR,Number,CDD,Cooling degree days,HR,Croatia,2019,,191.60,,,,,
dataflow,ESTAT:NRG_CHDD_A(1.0),Cooling and heating degree days by country - annual data,A,Annual,NR,Number,CDD,Cooling degree days,HR,Croatia,2020,,130.15,,,,,
dataflow,ESTAT:NRG_CHDD_A(1.0),Cooling and heating degree days by country - annual data,A,Annual,NR,Number,CDD,Cooling degree days,HR,Croatia,2021,,197.20,,,,,
dataflow,ESTAT:NRG_CHDD_A(1.0),Cooling and heating degree days by country - annual data,A,Annual,NR,Number,CDD,Cooling degree days,HR,Croatia,2022,,210.29,,,,,
dataflow,ESTAT:NRG_CHDD_A(1.0),Cooling and heating degree days by country - annual data,A,Annual,NR,Number,CDD,Cooling degree days,HR,Croatia,2023,,181.67,,,,,
dataflow,ESTAT:NRG_CHDD_A(1.0),Cooling and heating degree days by country - annual data,A,Annual,NR,Number,CDD,Cooling degree days,HR,Croatia,2024,,319.61,,,,,
dataflow,ESTAT:NRG_CHDD_A(1.0),Cooling and heating degree days by country - annual data,A,Annual,NR,Number,CDD,Cooling degree days,HU,Hungary,1990,,26.88,,,,,
dataflow,ESTAT:NRG_CHDD_A(1.0),Cooling and heating degree days by country - annual data,A,Annual,NR,Number,CDD,Cooling degree days,HU,Hungary,1991,,51.33,,,,,
dataflow,ESTAT:NRG_CHDD_A(1.0),Cooling and heating degree days by country - annual data,A,Annual,NR,Number,CDD,Cooling degree days,HU,Hungary,1992,,127.56,,,,,
dataflow,ESTAT:NRG_CHDD_A(1.0),Cooling and heating degree days by country - annual data,A,Annual,NR,Number,CDD,Cooling degree days,HU,Hungary,1993,,63.16,,,,,
dataflow,ESTAT:NRG_CHDD_A(1.0),Cooling and heating degree days by country - annual data,A,Annual,NR,Number,CDD,Cooling degree days,HU,Hungary,1994,,141.44,,,,,
dataflow,ESTAT:NRG_CHDD_A(1.0),Cooling and heating degree days by country - annual data,A,Annual,NR,Number,CDD,Cooling degree days,HU,Hungary,1995,,37.37,,,,,
dataflow,ESTAT:NRG_CHDD_A(1.0),Cooling and heating degree days by country - annual data,A,Annual,NR,Number,CDD,Cooling degree days,HU,Hungary,1996,,31.06,,,,,
dataflow,ESTAT:NRG_CHDD_A(1.0),Cooling and heating degree days by country - annual data,A,Annual,NR,Number,CDD,Cooling degree days,HU,Hungary,1997,,14.09,,,,,
dataflow,ESTAT:NRG_CHDD_A(1.0),Cooling and heating degree days by country - annual data,A,Annual,NR,Number,CDD,Cooling degree days,HU,Hungary,1998,,78.66,,,,,
dataflow,ESTAT:NRG_CHDD_A(1.0),Cooling and heating degree days by country - annual data,A,Annual,NR,Number,CDD,Cooling degree days,HU,Hungary,1999,,34.96,,,,,
dataflow,ESTAT:NRG_CHDD_A(1.0),Cooling and heating degree days by country - annual data,A,Annual,NR,Number,CDD,Cooling degree days,HU,Hungary,2000,,109.11,,,,,
dataflow,ESTAT:NRG_CHDD_A(1.0),Cooling and heating degree days by country - annual data,A,Annual,NR,Number,CDD,Cooling degree days,HU,Hungary,2001,,64.86,,,,,
dataflow,ESTAT:NRG_CHDD_A(1.0),Cooling and heating degree days by country - annual data,A,Annual,NR,Number,CDD,Cooling degree days,HU,Hungary,2002,,93.72,,,,,
dataflow,ESTAT:NRG_CHDD_A(1.0),Cooling and heating degree days by country - annual data,A,Annual,NR,Number,CDD,Cooling degree days,HU,Hungary,2003,,145.96,,,,,
dataflow,ESTAT:NRG_CHDD_A(1.0),Cooling and heating degree days by country - annual data,A,Annual,NR,Number,CDD,Cooling degree days,HU,Hungary,2004,,41.74,,,,,
dataflow,ESTAT:NRG_CHDD_A(1.0),Cooling and heating degree days by country - annual data,A,Annual,NR,Number,CDD,Cooling degree days,HU,Hungary,2005,,41.63,,,,,
dataflow,ESTAT:NRG_CHDD_A(1.0),Cooling and heating degree days by country - annual data,A,Annual,NR,Number,CDD,Cooling degree days,HU,Hungary,2006,,100.52,,,,,
dataflow,ESTAT:NRG_CHDD_A(1.0),Cooling and heating degree days by country - annual data,A,Annual,NR,Number,CDD,Cooling degree days,HU,Hungary,2007,,135.75,,,,,
dataflow,ESTAT:NRG_CHDD_A(1.0),Cooling and heating degree days by country - annual data,A,Annual,NR,Number,CDD,Cooling degree days,HU,Hungary,2008,,68.67,,,,,
dataflow,ESTAT:NRG_CHDD_A(1.0),Cooling and heating degree days by country - annual data,A,Annual,NR,Number,CDD,Cooling degree days,HU,Hungary,2009,,73.04,,,,,
dataflow,ESTAT:NRG_CHDD_A(1.0),Cooling and heating degree days by country - annual data,A,Annual,NR,Number,CDD,Cooling degree days,HU,Hungary,2010,,98.76,,,,,
dataflow,ESTAT:NRG_CHDD_A(1.0),Cooling and heating degree days by country - annual data,A,Annual,NR,Number,CDD,Cooling degree days,HU,Hungary,2011,,91.91,,,,,
dataflow,ESTAT:NRG_CHDD_A(1.0),Cooling and heating degree days by country - annual data,A,Annual,NR,Number,CDD,Cooling degree days,HU,Hungary,2012,,180.49,,,,,
dataflow,ESTAT:NRG_CHDD_A(1.0),Cooling and heating degree days by country - annual data,A,Annual,NR,Number,CDD,Cooling degree days,HU,Hungary,2013,,115.08,,,,,
dataflow,ESTAT:NRG_CHDD_A(1.0),Cooling and heating degree days by country - annual data,A,Annual,NR,Number,CDD,Cooling degree days,HU,Hungary,2014,,49.78,,,,,
dataflow,ESTAT:NRG_CHDD_A(1.0),Cooling and heating degree days by country - annual data,A,Annual,NR,Number,CDD,Cooling degree days,HU,Hungary,2015,,199.47,,,,,
dataflow,ESTAT:NRG_CHDD_A(1.0),Cooling and heating degree days by country - annual data,A,Annual,NR,Number,CDD,Cooling degree days,HU,Hungary,2016,,63.55,,,,,
dataflow,ESTAT:NRG_CHDD_A(1.0),Cooling and heating degree days by country - annual data,A,Annual,NR,Number,CDD,Cooling degree days,HU,Hungary,2017,,143.47,,,,,
dataflow,ESTAT:NRG_CHDD_A(1.0),Cooling and heating degree days by country - annual data,A,Annual,NR,Number,CDD,Cooling degree days,HU,Hungary,2018,,125.31,,,,,
dataflow,ESTAT:NRG_CHDD_A(1.0),Cooling and heating degree days by country - annual data,A,Annual,NR,Number,CDD,Cooling degree days,HU,Hungary,2019,,149.79,,,,,
dataflow,ESTAT:NRG_CHDD_A(1.0),Cooling and heating degree days by country - annual data,A,Annual,NR,Number,CDD,Cooling degree days,HU,Hungary,2020,,70.40,,,,,
dataflow,ESTAT:NRG_CHDD_A(1.0),Cooling and heating degree days by country - annual data,A,Annual,NR,Number,CDD,Cooling degree days,HU,Hungary,2021,,166.58,,,,,
dataflow,ESTAT:NRG_CHDD_A(1.0),Cooling and heating degree days by country - annual data,A,Annual,NR,Number,CDD,Cooling degree days,HU,Hungary,2022,,163.57,,,,,
dataflow,ESTAT:NRG_CHDD_A(1.0),Cooling and heating degree days by country - annual data,A,Annual,NR,Number,CDD,Cooling degree days,HU,Hungary,2023,,120.70,,,,,
dataflow,ESTAT:NRG_CHDD_A(1.0),Cooling and heating degree days by country - annual data,A,Annual,NR,Number,CDD,Cooling degree days,HU,Hungary,2024,,272.10,,,,,
dataflow,ESTAT:NRG_CHDD_A(1.0),Cooling and heating degree days by country - annual data,A,Annual,NR,Number,CDD,Cooling degree days,IE,Ireland,1990,,0.00,,,,,
dataflow,ESTAT:NRG_CHDD_A(1.0),Cooling and heating degree days by country - annual data,A,Annual,NR,Number,CDD,Cooling degree days,IE,Ireland,1991,,0.00,,,,,
dataflow,ESTAT:NRG_CHDD_A(1.0),Cooling and heating degree days by country - annual data,A,Annual,NR,Number,CDD,Cooling degree days,IE,Ireland,1992,,0.00,,,,,
dataflow,ESTAT:NRG_CHDD_A(1.0),Cooling and heating degree days by country - annual data,A,Annual,NR,Number,CDD,Cooling degree days,IE,Ireland,1993,,0.00,,,,,
dataflow,ESTAT:NRG_CHDD_A(1.0),Cooling and heating degree days by country - annual data,A,Annual,NR,Number,CDD,Cooling degree days,IE,Ireland,1994,,0.00,,,,,
dataflow,ESTAT:NRG_CHDD_A(1.0),Cooling and heating degree days by country - annual data,A,Annual,NR,Number,CDD,Cooling degree days,IE,Ireland,1995,,0.05,,,,,
dataflow,ESTAT:NRG_CHDD_A(1.0),Cooling and heating degree days by country - annual data,A,Annual,NR,Number,CDD,Cooling degree days,IE,Ireland,1996,,0.00,,,,,
dataflow,ESTAT:NRG_CHDD_A(1.0),Cooling and heating degree days by country - annual data,A,Annual,NR,Number,CDD,Cooling degree days,IE,Ireland,1997,,0.00,,,,,
dataflow,ESTAT:NRG_CHDD_A(1.0),Cooling and heating degree days by country - annual data,A,Annual,NR,Number,CDD,Cooling degree days,IE,Ireland,1998,,0.00,,,,,
dataflow,ESTAT:NRG_CHDD_A(1.0),Cooling and heating degree days by country - annual data,A,Annual,NR,Number,CDD,Cooling degree days,IE,Ireland,1999,,0.00,,,,,
dataflow,ESTAT:NRG_CHDD_A(1.0),Cooling and heating degree days by country - annual data,A,Annual,NR,Number,CDD,Cooling degree days,IE,Ireland,2000,,0.00,,,,,
dataflow,ESTAT:NRG_CHDD_A(1.0),Cooling and heating degree days by country - annual data,A,Annual,NR,Number,CDD,Cooling degree days,IE,Ireland,2001,,0.00,,,,,
dataflow,ESTAT:NRG_CHDD_A(1.0),Cooling and heating degree days by country - annual data,A,Annual,NR,Number,CDD,Cooling degree days,IE,Ireland,2002,,0.00,,,,,
dataflow,ESTAT:NRG_CHDD_A(1.0),Cooling and heating degree days by country - annual data,A,Annual,NR,Number,CDD,Cooling degree days,IE,Ireland,2003,,0.00,,,,,
dataflow,ESTAT:NRG_CHDD_A(1.0),Cooling and heating degree days by country - annual data,A,Annual,NR,Number,CDD,Cooling degree days,IE,Ireland,2004,,0.00,,,,,
dataflow,ESTAT:NRG_CHDD_A(1.0),Cooling and heating degree days by country - annual data,A,Annual,NR,Number,CDD,Cooling degree days,IE,Ireland,2005,,0.00,,,,,
dataflow,ESTAT:NRG_CHDD_A(1.0),Cooling and heating degree days by country - annual data,A,Annual,NR,Number,CDD,Cooling degree days,IE,Ireland,2006,,0.00,,,,,
dataflow,ESTAT:NRG_CHDD_A(1.0),Cooling and heating degree days by country - annual data,A,Annual,NR,Number,CDD,Cooling degree days,IE,Ireland,2007,,0.00,,,,,
dataflow,ESTAT:NRG_CHDD_A(1.0),Cooling and heating degree days by country - annual data,A,Annual,NR,Number,CDD,Cooling degree days,IE,Ireland,2008,,0.00,,,,,
dataflow,ESTAT:NRG_CHDD_A(1.0),Cooling and heating degree days by country - annual data,A,Annual,NR,Number,CDD,Cooling degree days,IE,Ireland,2009,,0.00,,,,,
dataflow,ESTAT:NRG_CHDD_A(1.0),Cooling and heating degree days by country - annual data,A,Annual,NR,Number,CDD,Cooling degree days,IE,Ireland,2010,,0.00,,,,,
dataflow,ESTAT:NRG_CHDD_A(1.0),Cooling and heating degree days by country - annual data,A,Annual,NR,Number,CDD,Cooling degree days,IE,Ireland,2011,,0.00,,,,,
dataflow,ESTAT:NRG_CHDD_A(1.0),Cooling and heating degree days by country - annual data,A,Annual,NR,Number,CDD,Cooling degree days,IE,Ireland,2012,,0.00,,,,,
dataflow,ESTAT:NRG_CHDD_A(1.0),Cooling and heating degree days by country - annual data,A,Annual,NR,Number,CDD,Cooling degree days,IE,Ireland,2013,,0.00,,,,,
dataflow,ESTAT:NRG_CHDD_A(1.0),Cooling and heating degree days by country - annual data,A,Annual,NR,Number,CDD,Cooling degree days,IE,Ireland,2014,,0.00,,,,,
dataflow,ESTAT:NRG_CHDD_A(1.0),Cooling and heating degree days by country - annual data,A,Annual,NR,Number,CDD,Cooling degree days,IE,Ireland,2015,,0.00,,,,,
dataflow,ESTAT:NRG_CHDD_A(1.0),Cooling and heating degree days by country - annual data,A,Annual,NR,Number,CDD,Cooling degree days,IE,Ireland,2016,,0.00,,,,,
dataflow,ESTAT:NRG_CHDD_A(1.0),Cooling and heating degree days by country - annual data,A,Annual,NR,Number,CDD,Cooling degree days,IE,Ireland,2017,,0.00,,,,,
dataflow,ESTAT:NRG_CHDD_A(1.0),Cooling and heating degree days by country - annual data,A,Annual,NR,Number,CDD,Cooling degree days,IE,Ireland,2018,,0.00,,,,,
dataflow,ESTAT:NRG_CHDD_A(1.0),Cooling and heating degree days by country - annual data,A,Annual,NR,Number,CDD,Cooling degree days,IE,Ireland,2019,,0.00,,,,,
dataflow,ESTAT:NRG_CHDD_A(1.0),Cooling and heating degree days by country - annual data,A,Annual,NR,Number,CDD,Cooling degree days,IE,Ireland,2020,,0.00,,,,,
dataflow,ESTAT:NRG_CHDD_A(1.0),Cooling and heating degree days by country - annual data,A,Annual,NR,Number,CDD,Cooling degree days,IE,Ireland,2021,,0.24,,,,,
dataflow,ESTAT:NRG_CHDD_A(1.0),Cooling and heating degree days by country - annual data,A,Annual,NR,Number,CDD,Cooling degree days,IE,Ireland,2022,,0.03,,,,,
dataflow,ESTAT:NRG_CHDD_A(1.0),Cooling and heating degree days by country - annual data,A,Annual,NR,Number,CDD,Cooling degree days,IE,Ireland,2023,,0.00,,,,,
dataflow,ESTAT:NRG_CHDD_A(1.0),Cooling and heating degree days by country - annual data,A,Annual,NR,Number,CDD,Cooling degree days,IE,Ireland,2024,,0.00,,,,,
dataflow,ESTAT:NRG_CHDD_A(1.0),Cooling and heating degree days by country - annual data,A,Annual,NR,Number,CDD,Cooling degree days,IT,Italy,1990,,110.43,,,,,
dataflow,ESTAT:NRG_CHDD_A(1.0),Cooling and heating degree days by country - annual data,A,Annual,NR,Number,CDD,Cooling degree days,IT,Italy,1991,,143.24,,,,,
dataflow,ESTAT:NRG_CHDD_A(1.0),Cooling and heating degree days by country - annual data,A,Annual,NR,Number,CDD,Cooling degree days,IT,Italy,1992,,149.23,,,,,
dataflow,ESTAT:NRG_CHDD_A(1.0),Cooling and heating degree days by country - annual data,A,Annual,NR,Number,CDD,Cooling degree days,IT,Italy,1993,,146.06,,,,,
dataflow,ESTAT:NRG_CHDD_A(1.0),Cooling and heating degree days by country - annual data,A,Annual,NR,Number,CDD,Cooling degree days,IT,Italy,1994,,239.07,,,,,
dataflow,ESTAT:NRG_CHDD_A(1.0),Cooling and heating degree days by country - annual data,A,Annual,NR,Number,CDD,Cooling degree days,IT,Italy,1995,,129.89,,,,,
dataflow,ESTAT:NRG_CHDD_A(1.0),Cooling and heating degree days by country - annual data,A,Annual,NR,Number,CDD,Cooling degree days,IT,Italy,1996,,89.88,,,,,
dataflow,ESTAT:NRG_CHDD_A(1.0),Cooling and heating degree days by country - annual data,A,Annual,NR,Number,CDD,Cooling degree days,IT,Italy,1997,,127.45,,,,,
dataflow,ESTAT:NRG_CHDD_A(1.0),Cooling and heating degree days by country - annual data,A,Annual,NR,Number,CDD,Cooling degree days,IT,Italy,1998,,232.01,,,,,
dataflow,ESTAT:NRG_CHDD_A(1.0),Cooling and heating degree days by country - annual data,A,Annual,NR,Number,CDD,Cooling degree days,IT,Italy,1999,,173.52,,,,,
dataflow,ESTAT:NRG_CHDD_A(1.0),Cooling and heating degree days by country - annual data,A,Annual,NR,Number,CDD,Cooling degree days,IT,Italy,2000,,172.11,,,,,
dataflow,ESTAT:NRG_CHDD_A(1.0),Cooling and heating degree days by country - annual data,A,Annual,NR,Number,CDD,Cooling degree days,IT,Italy,2001,,210.83,,,,,
dataflow,ESTAT:NRG_CHDD_A(1.0),Cooling and heating degree days by country - annual data,A,Annual,NR,Number,CDD,Cooling degree days,IT,Italy,2002,,152.41,,,,,
dataflow,ESTAT:NRG_CHDD_A(1.0),Cooling and heating degree days by country - annual data,A,Annual,NR,Number,CDD,Cooling degree days,IT,Italy,2003,,409.64,,,,,
dataflow,ESTAT:NRG_CHDD_A(1.0),Cooling and heating degree days by country - annual data,A,Annual,NR,Number,CDD,Cooling degree days,IT,Italy,2004,,173.29,,,,,
dataflow,ESTAT:NRG_CHDD_A(1.0),Cooling and heating degree days by country - annual data,A,Annual,NR,Number,CDD,Cooling degree days,IT,Italy,2005,,174.25,,,,,
dataflow,ESTAT:NRG_CHDD_A(1.0),Cooling and heating degree days by country - annual data,A,Annual,NR,Number,CDD,Cooling degree days,IT,Italy,2006,,230.09,,,,,
dataflow,ESTAT:NRG_CHDD_A(1.0),Cooling and heating degree days by country - annual data,A,Annual,NR,Number,CDD,Cooling degree days,IT,Italy,2007,,208.32,,,,,
dataflow,ESTAT:NRG_CHDD_A(1.0),Cooling and heating degree days by country - annual data,A,Annual,NR,Number,CDD,Cooling degree days,IT,Italy,2008,,244.24,,,,,
dataflow,ESTAT:NRG_CHDD_A(1.0),Cooling and heating degree days by country - annual data,A,Annual,NR,Number,CDD,Cooling degree days,IT,Italy,2009,,248.91,,,,,
dataflow,ESTAT:NRG_CHDD_A(1.0),Cooling and heating degree days by country - annual data,A,Annual,NR,Number,CDD,Cooling degree days,IT,Italy,2010,,197.31,,,,,
dataflow,ESTAT:NRG_CHDD_A(1.0),Cooling and heating degree days by country - annual data,A,Annual,NR,Number,CDD,Cooling degree days,IT,Italy,2011,,217.30,,,,,
dataflow,ESTAT:NRG_CHDD_A(1.0),Cooling and heating degree days by country - annual data,A,Annual,NR,Number,CDD,Cooling degree days,IT,Italy,2012,,320.38,,,,,
dataflow,ESTAT:NRG_CHDD_A(1.0),Cooling and heating degree days by country - annual data,A,Annual,NR,Number,CDD,Cooling degree days,IT,Italy,2013,,204.43,,,,,
dataflow,ESTAT:NRG_CHDD_A(1.0),Cooling and heating degree days by country - annual data,A,Annual,NR,Number,CDD,Cooling degree days,IT,Italy,2014,,134.10,,,,,
dataflow,ESTAT:NRG_CHDD_A(1.0),Cooling and heating degree days by country - annual data,A,Annual,NR,Number,CDD,Cooling degree days,IT,Italy,2015,,305.96,,,,,
dataflow,ESTAT:NRG_CHDD_A(1.0),Cooling and heating degree days by country - annual data,A,Annual,NR,Number,CDD,Cooling degree days,IT,Italy,2016,,208.00,,,,,
dataflow,ESTAT:NRG_CHDD_A(1.0),Cooling and heating degree days by country - annual data,A,Annual,NR,Number,CDD,Cooling degree days,IT,Italy,2017,,302.35,,,,,
dataflow,ESTAT:NRG_CHDD_A(1.0),Cooling and heating degree days by country - annual data,A,Annual,NR,Number,CDD,Cooling degree days,IT,Italy,2018,,239.60,,,,,
dataflow,ESTAT:NRG_CHDD_A(1.0),Cooling and heating degree days by country - annual data,A,Annual,NR,Number,CDD,Cooling degree days,IT,Italy,2019,,305.83,,,,,
dataflow,ESTAT:NRG_CHDD_A(1.0),Cooling and heating degree days by country - annual data,A,Annual,NR,Number,CDD,Cooling degree days,IT,Italy,2020,,241.58,,,,,
dataflow,ESTAT:NRG_CHDD_A(1.0),Cooling and heating degree days by country - annual data,A,Annual,NR,Number,CDD,Cooling degree days,IT,Italy,2021,,288.62,,,,,
dataflow,ESTAT:NRG_CHDD_A(1.0),Cooling and heating degree days by country - annual data,A,Annual,NR,Number,CDD,Cooling degree days,IT,Italy,2022,,375.42,,,,,
dataflow,ESTAT:NRG_CHDD_A(1.0),Cooling and heating degree days by country - annual data,A,Annual,NR,Number,CDD,Cooling degree days,IT,Italy,2023,,300.78,,,,,
dataflow,ESTAT:NRG_CHDD_A(1.0),Cooling and heating degree days by country - annual data,A,Annual,NR,Number,CDD,Cooling degree days,IT,Italy,2024,,380.47,,,,,
dataflow,ESTAT:NRG_CHDD_A(1.0),Cooling and heating degree days by country - annual data,A,Annual,NR,Number,CDD,Cooling degree days,LT,Lithuania,1990,,0.00,,,,,
dataflow,ESTAT:NRG_CHDD_A(1.0),Cooling and heating degree days by country - annual data,A,Annual,NR,Number,CDD,Cooling degree days,LT,Lithuania,1991,,0.96,,,,,
dataflow,ESTAT:NRG_CHDD_A(1.0),Cooling and heating degree days by country - annual data,A,Annual,NR,Number,CDD,Cooling degree days,LT,Lithuania,1992,,20.93,,,,,
dataflow,ESTAT:NRG_CHDD_A(1.0),Cooling and heating degree days by country - annual data,A,Annual,NR,Number,CDD,Cooling degree days,LT,Lithuania,1993,,0.00,,,,,
dataflow,ESTAT:NRG_CHDD_A(1.0),Cooling and heating degree days by country - annual data,A,Annual,NR,Number,CDD,Cooling degree days,LT,Lithuania,1994,,17.77,,,,,
dataflow,ESTAT:NRG_CHDD_A(1.0),Cooling and heating degree days by country - annual data,A,Annual,NR,Number,CDD,Cooling degree days,LT,Lithuania,1995,,0.25,,,,,
dataflow,ESTAT:NRG_CHDD_A(1.0),Cooling and heating degree days by country - annual data,A,Annual,NR,Number,CDD,Cooling degree days,LT,Lithuania,1996,,0.00,,,,,
dataflow,ESTAT:NRG_CHDD_A(1.0),Cooling and heating degree days by country - annual data,A,Annual,NR,Number,CDD,Cooling degree days,LT,Lithuania,1997,,6.77,,,,,
dataflow,ESTAT:NRG_CHDD_A(1.0),Cooling and heating degree days by country - annual data,A,Annual,NR,Number,CDD,Cooling degree days,LT,Lithuania,1998,,7.59,,,,,
dataflow,ESTAT:NRG_CHDD_A(1.0),Cooling and heating degree days by country - annual data,A,Annual,NR,Number,CDD,Cooling degree days,LT,Lithuania,1999,,8.40,,,,,
dataflow,ESTAT:NRG_CHDD_A(1.0),Cooling and heating degree days by country - annual data,A,Annual,NR,Number,CDD,Cooling degree days,LT,Lithuania,2000,,0.00,,,,,
dataflow,ESTAT:NRG_CHDD_A(1.0),Cooling and heating degree days by country - annual data,A,Annual,NR,Number,CDD,Cooling degree days,LT,Lithuania,2001,,12.94,,,,,
dataflow,ESTAT:NRG_CHDD_A(1.0),Cooling and heating degree days by country - annual data,A,Annual,NR,Number,CDD,Cooling degree days,LT,Lithuania,2002,,23.00,,,,,
dataflow,ESTAT:NRG_CHDD_A(1.0),Cooling and heating degree days by country - annual data,A,Annual,NR,Number,CDD,Cooling degree days,LT,Lithuania,2003,,4.91,,,,,
dataflow,ESTAT:NRG_CHDD_A(1.0),Cooling and heating degree days by country - annual data,A,Annual,NR,Number,CDD,Cooling degree days,LT,Lithuania,2004,,0.15,,,,,
dataflow,ESTAT:NRG_CHDD_A(1.0),Cooling and heating degree days by country - annual data,A,Annual,NR,Number,CDD,Cooling degree days,LT,Lithuania,2005,,1.62,,,,,
dataflow,ESTAT:NRG_CHDD_A(1.0),Cooling and heating degree days by country - annual data,A,Annual,NR,Number,CDD,Cooling degree days,LT,Lithuania,2006,,19.02,,,,,
dataflow,ESTAT:NRG_CHDD_A(1.0),Cooling and heating degree days by country - annual data,A,Annual,NR,Number,CDD,Cooling degree days,LT,Lithuania,2007,,7.65,,,,,
dataflow,ESTAT:NRG_CHDD_A(1.0),Cooling and heating degree days by country - annual data,A,Annual,NR,Number,CDD,Cooling degree days,LT,Lithuania,2008,,1.31,,,,,
dataflow,ESTAT:NRG_CHDD_A(1.0),Cooling and heating degree days by country - annual data,A,Annual,NR,Number,CDD,Cooling degree days,LT,Lithuania,2009,,2.21,,,,,
dataflow,ESTAT:NRG_CHDD_A(1.0),Cooling and heating degree days by country - annual data,A,Annual,NR,Number,CDD,Cooling degree days,LT,Lithuania,2010,,57.32,,,,,
dataflow,ESTAT:NRG_CHDD_A(1.0),Cooling and heating degree days by country - annual data,A,Annual,NR,Number,CDD,Cooling degree days,LT,Lithuania,2011,,5.19,,,,,
dataflow,ESTAT:NRG_CHDD_A(1.0),Cooling and heating degree days by country - annual data,A,Annual,NR,Number,CDD,Cooling degree days,LT,Lithuania,2012,,18.92,,,,,
dataflow,ESTAT:NRG_CHDD_A(1.0),Cooling and heating degree days by country - annual data,A,Annual,NR,Number,CDD,Cooling degree days,LT,Lithuania,2013,,9.10,,,,,
dataflow,ESTAT:NRG_CHDD_A(1.0),Cooling and heating degree days by country - annual data,A,Annual,NR,Number,CDD,Cooling degree days,LT,Lithuania,2014,,25.24,,,,,
dataflow,ESTAT:NRG_CHDD_A(1.0),Cooling and heating degree days by country - annual data,A,Annual,NR,Number,CDD,Cooling degree days,LT,Lithuania,2015,,15.51,,,,,
dataflow,ESTAT:NRG_CHDD_A(1.0),Cooling and heating degree days by country - annual data,A,Annual,NR,Number,CDD,Cooling degree days,LT,Lithuania,2016,,7.57,,,,,
dataflow,ESTAT:NRG_CHDD_A(1.0),Cooling and heating degree days by country - annual data,A,Annual,NR,Number,CDD,Cooling degree days,LT,Lithuania,2017,,4.65,,,,,
dataflow,ESTAT:NRG_CHDD_A(1.0),Cooling and heating degree days by country - annual data,A,Annual,NR,Number,CDD,Cooling degree days,LT,Lithuania,2018,,25.07,,,,,
dataflow,ESTAT:NRG_CHDD_A(1.0),Cooling and heating degree days by country - annual data,A,Annual,NR,Number,CDD,Cooling degree days,LT,Lithuania,2019,,11.54,,,,,
dataflow,ESTAT:NRG_CHDD_A(1.0),Cooling and heating degree days by country - annual data,A,Annual,NR,Number,CDD,Cooling degree days,LT,Lithuania,2020,,1.13,,,,,
dataflow,ESTAT:NRG_CHDD_A(1.0),Cooling and heating degree days by country - annual data,A,Annual,NR,Number,CDD,Cooling degree days,LT,Lithuania,2021,,48.97,,,,,
dataflow,ESTAT:NRG_CHDD_A(1.0),Cooling and heating degree days by country - annual data,A,Annual,NR,Number,CDD,Cooling degree days,LT,Lithuania,2022,,19.31,,,,,
dataflow,ESTAT:NRG_CHDD_A(1.0),Cooling and heating degree days by country - annual data,A,Annual,NR,Number,CDD,Cooling degree days,LT,Lithuania,2023,,16.66,,,,,
dataflow,ESTAT:NRG_CHDD_A(1.0),Cooling and heating degree days by country - annual data,A,Annual,NR,Number,CDD,Cooling degree days,LT,Lithuania,2024,,10.40,,,,,
dataflow,ESTAT:NRG_CHDD_A(1.0),Cooling and heating degree days by country - annual data,A,Annual,NR,Number,CDD,Cooling degree days,LU,Luxembourg,1990,,25.34,,,,,
dataflow,ESTAT:NRG_CHDD_A(1.0),Cooling and heating degree days by country - annual data,A,Annual,NR,Number,CDD,Cooling degree days,LU,Luxembourg,1991,,19.87,,,,,
dataflow,ESTAT:NRG_CHDD_A(1.0),Cooling and heating degree days by country - annual data,A,Annual,NR,Number,CDD,Cooling degree days,LU,Luxembourg,1992,,16.86,,,,,
dataflow,ESTAT:NRG_CHDD_A(1.0),Cooling and heating degree days by country - annual data,A,Annual,NR,Number,CDD,Cooling degree days,LU,Luxembourg,1993,,0.00,,,,,
dataflow,ESTAT:NRG_CHDD_A(1.0),Cooling and heating degree days by country - annual data,A,Annual,NR,Number,CDD,Cooling degree days,LU,Luxembourg,1994,,55.93,,,,,
dataflow,ESTAT:NRG_CHDD_A(1.0),Cooling and heating degree days by country - annual data,A,Annual,NR,Number,CDD,Cooling degree days,LU,Luxembourg,1995,,32.06,,,,,
dataflow,ESTAT:NRG_CHDD_A(1.0),Cooling and heating degree days by country - annual data,A,Annual,NR,Number,CDD,Cooling degree days,LU,Luxembourg,1996,,3.83,,,,,
dataflow,ESTAT:NRG_CHDD_A(1.0),Cooling and heating degree days by country - annual data,A,Annual,NR,Number,CDD,Cooling degree days,LU,Luxembourg,1997,,8.76,,,,,
dataflow,ESTAT:NRG_CHDD_A(1.0),Cooling and heating degree days by country - annual data,A,Annual,NR,Number,CDD,Cooling degree days,LU,Luxembourg,1998,,27.69,,,,,
dataflow,ESTAT:NRG_CHDD_A(1.0),Cooling and heating degree days by country - annual data,A,Annual,NR,Number,CDD,Cooling degree days,LU,Luxembourg,1999,,0.72,,,,,
dataflow,ESTAT:NRG_CHDD_A(1.0),Cooling and heating degree days by country - annual data,A,Annual,NR,Number,CDD,Cooling degree days,LU,Luxembourg,2000,,3.91,,,,,
dataflow,ESTAT:NRG_CHDD_A(1.0),Cooling and heating degree days by country - annual data,A,Annual,NR,Number,CDD,Cooling degree days,LU,Luxembourg,2001,,16.58,,,,,
dataflow,ESTAT:NRG_CHDD_A(1.0),Cooling and heating degree days by country - annual data,A,Annual,NR,Number,CDD,Cooling degree days,LU,Luxembourg,2002,,21.90,,,,,
dataflow,ESTAT:NRG_CHDD_A(1.0),Cooling and heating degree days by country - annual data,A,Annual,NR,Number,CDD,Cooling degree days,LU,Luxembourg,2003,,94.84,,,,,
dataflow,ESTAT:NRG_CHDD_A(1.0),Cooling and heating degree days by country - annual data,A,Annual,NR,Number,CDD,Cooling degree days,LU,Luxembourg,2004,,8.60,,,,,
dataflow,ESTAT:NRG_CHDD_A(1.0),Cooling and heating degree days by country - annual data,A,Annual,NR,Number,CDD,Cooling degree days,LU,Luxembourg,2005,,22.92,,,,,
dataflow,ESTAT:NRG_CHDD_A(1.0),Cooling and heating degree days by country - annual data,A,Annual,NR,Number,CDD,Cooling degree days,LU,Luxembourg,2006,,64.44,,,,,
dataflow,ESTAT:NRG_CHDD_A(1.0),Cooling and heating degree days by country - annual data,A,Annual,NR,Number,CDD,Cooling degree days,LU,Luxembourg,2007,,9.02,,,,,
dataflow,ESTAT:NRG_CHDD_A(1.0),Cooling and heating degree days by country - annual data,A,Annual,NR,Number,CDD,Cooling degree days,LU,Luxembourg,2008,,5.07,,,,,
dataflow,ESTAT:NRG_CHDD_A(1.0),Cooling and heating degree days by country - annual data,A,Annual,NR,Number,CDD,Cooling degree days,LU,Luxembourg,2009,,11.67,,,,,
dataflow,ESTAT:NRG_CHDD_A(1.0),Cooling and heating degree days by country - annual data,A,Annual,NR,Number,CDD,Cooling degree days,LU,Luxembourg,2010,,35.33,,,,,
dataflow,ESTAT:NRG_CHDD_A(1.0),Cooling and heating degree days by country - annual data,A,Annual,NR,Number,CDD,Cooling degree days,LU,Luxembourg,2011,,9.74,,,,,
dataflow,ESTAT:NRG_CHDD_A(1.0),Cooling and heating degree days by country - annual data,A,Annual,NR,Number,CDD,Cooling degree days,LU,Luxembourg,2012,,23.50,,,,,
dataflow,ESTAT:NRG_CHDD_A(1.0),Cooling and heating degree days by country - annual data,A,Annual,NR,Number,CDD,Cooling degree days,LU,Luxembourg,2013,,29.17,,,,,
dataflow,ESTAT:NRG_CHDD_A(1.0),Cooling and heating degree days by country - annual data,A,Annual,NR,Number,CDD,Cooling degree days,LU,Luxembourg,2014,,13.43,,,,,
dataflow,ESTAT:NRG_CHDD_A(1.0),Cooling and heating degree days by country - annual data,A,Annual,NR,Number,CDD,Cooling degree days,LU,Luxembourg,2015,,68.27,,,,,
dataflow,ESTAT:NRG_CHDD_A(1.0),Cooling and heating degree days by country - annual data,A,Annual,NR,Number,CDD,Cooling degree days,LU,Luxembourg,2016,,25.03,,,,,
dataflow,ESTAT:NRG_CHDD_A(1.0),Cooling and heating degree days by country - annual data,A,Annual,NR,Number,CDD,Cooling degree days,LU,Luxembourg,2017,,23.52,,,,,
dataflow,ESTAT:NRG_CHDD_A(1.0),Cooling and heating degree days by country - annual data,A,Annual,NR,Number,CDD,Cooling degree days,LU,Luxembourg,2018,,51.87,,,,,
dataflow,ESTAT:NRG_CHDD_A(1.0),Cooling and heating degree days by country - annual data,A,Annual,NR,Number,CDD,Cooling degree days,LU,Luxembourg,2019,,59.42,,,,,
dataflow,ESTAT:NRG_CHDD_A(1.0),Cooling and heating degree days by country - annual data,A,Annual,NR,Number,CDD,Cooling degree days,LU,Luxembourg,2020,,55.61,,,,,
dataflow,ESTAT:NRG_CHDD_A(1.0),Cooling and heating degree days by country - annual data,A,Annual,NR,Number,CDD,Cooling degree days,LU,Luxembourg,2021,,1.27,,,,,
dataflow,ESTAT:NRG_CHDD_A(1.0),Cooling and heating degree days by country - annual data,A,Annual,NR,Number,CDD,Cooling degree days,LU,Luxembourg,2022,,10.55,,,,,
dataflow,ESTAT:NRG_CHDD_A(1.0),Cooling and heating degree days by country - annual data,A,Annual,NR,Number,CDD,Cooling degree days,LU,Luxembourg,2023,,1.72,,,,,
dataflow,ESTAT:NRG_CHDD_A(1.0),Cooling and heating degree days by country - annual data,A,Annual,NR,Number,CDD,Cooling degree days,LU,Luxembourg,2024,,8.43,,,,,
dataflow,ESTAT:NRG_CHDD_A(1.0),Cooling and heating degree days by country - annual data,A,Annual,NR,Number,CDD,Cooling degree days,LV,Latvia,1990,,0.00,,,,,
dataflow,ESTAT:NRG_CHDD_A(1.0),Cooling and heating degree days by country - annual data,A,Annual,NR,Number,CDD,Cooling degree days,LV,Latvia,1991,,0.00,,,,,
dataflow,ESTAT:NRG_CHDD_A(1.0),Cooling and heating degree days by country - annual data,A,Annual,NR,Number,CDD,Cooling degree days,LV,Latvia,1992,,8.97,,,,,
dataflow,ESTAT:NRG_CHDD_A(1.0),Cooling and heating degree days by country - annual data,A,Annual,NR,Number,CDD,Cooling degree days,LV,Latvia,1993,,0.00,,,,,
dataflow,ESTAT:NRG_CHDD_A(1.0),Cooling and heating degree days by country - annual data,A,Annual,NR,Number,CDD,Cooling degree days,LV,Latvia,1994,,7.32,,,,,
dataflow,ESTAT:NRG_CHDD_A(1.0),Cooling and heating degree days by country - annual data,A,Annual,NR,Number,CDD,Cooling degree days,LV,Latvia,1995,,0.72,,,,,
dataflow,ESTAT:NRG_CHDD_A(1.0),Cooling and heating degree days by country - annual data,A,Annual,NR,Number,CDD,Cooling degree days,LV,Latvia,1996,,0.03,,,,,
dataflow,ESTAT:NRG_CHDD_A(1.0),Cooling and heating degree days by country - annual data,A,Annual,NR,Number,CDD,Cooling degree days,LV,Latvia,1997,,4.91,,,,,
dataflow,ESTAT:NRG_CHDD_A(1.0),Cooling and heating degree days by country - annual data,A,Annual,NR,Number,CDD,Cooling degree days,LV,Latvia,1998,,2.62,,,,,
dataflow,ESTAT:NRG_CHDD_A(1.0),Cooling and heating degree days by country - annual data,A,Annual,NR,Number,CDD,Cooling degree days,LV,Latvia,1999,,6.33,,,,,
dataflow,ESTAT:NRG_CHDD_A(1.0),Cooling and heating degree days by country - annual data,A,Annual,NR,Number,CDD,Cooling degree days,LV,Latvia,2000,,0.00,,,,,
dataflow,ESTAT:NRG_CHDD_A(1.0),Cooling and heating degree days by country - annual data,A,Annual,NR,Number,CDD,Cooling degree days,LV,Latvia,2001,,11.51,,,,,
dataflow,ESTAT:NRG_CHDD_A(1.0),Cooling and heating degree days by country - annual data,A,Annual,NR,Number,CDD,Cooling degree days,LV,Latvia,2002,,15.44,,,,,
dataflow,ESTAT:NRG_CHDD_A(1.0),Cooling and heating degree days by country - annual data,A,Annual,NR,Number,CDD,Cooling degree days,LV,Latvia,2003,,9.93,,,,,
dataflow,ESTAT:NRG_CHDD_A(1.0),Cooling and heating degree days by country - annual data,A,Annual,NR,Number,CDD,Cooling degree days,LV,Latvia,2004,,0.00,,,,,
dataflow,ESTAT:NRG_CHDD_A(1.0),Cooling and heating degree days by country - annual data,A,Annual,NR,Number,CDD,Cooling degree days,LV,Latvia,2005,,0.16,,,,,
dataflow,ESTAT:NRG_CHDD_A(1.0),Cooling and heating degree days by country - annual data,A,Annual,NR,Number,CDD,Cooling degree days,LV,Latvia,2006,,14.81,,,,,
dataflow,ESTAT:NRG_CHDD_A(1.0),Cooling and heating degree days by country - annual data,A,Annual,NR,Number,CDD,Cooling degree days,LV,Latvia,2007,,3.17,,,,,
dataflow,ESTAT:NRG_CHDD_A(1.0),Cooling and heating degree days by country - annual data,A,Annual,NR,Number,CDD,Cooling degree days,LV,Latvia,2008,,1.21,,,,,
dataflow,ESTAT:NRG_CHDD_A(1.0),Cooling and heating degree days by country - annual data,A,Annual,NR,Number,CDD,Cooling degree days,LV,Latvia,2009,,0.26,,,,,
dataflow,ESTAT:NRG_CHDD_A(1.0),Cooling and heating degree days by country - annual data,A,Annual,NR,Number,CDD,Cooling degree days,LV,Latvia,2010,,49.00,,,,,
dataflow,ESTAT:NRG_CHDD_A(1.0),Cooling and heating degree days by country - annual data,A,Annual,NR,Number,CDD,Cooling degree days,LV,Latvia,2011,,8.14,,,,,
dataflow,ESTAT:NRG_CHDD_A(1.0),Cooling and heating degree days by country - annual data,A,Annual,NR,Number,CDD,Cooling degree days,LV,Latvia,2012,,9.47,,,,,
dataflow,ESTAT:NRG_CHDD_A(1.0),Cooling and heating degree days by country - annual data,A,Annual,NR,Number,CDD,Cooling degree days,LV,Latvia,2013,,5.04,,,,,
dataflow,ESTAT:NRG_CHDD_A(1.0),Cooling and heating degree days by country - annual data,A,Annual,NR,Number,CDD,Cooling degree days,LV,Latvia,2014,,14.85,,,,,
dataflow,ESTAT:NRG_CHDD_A(1.0),Cooling and heating degree days by country - annual data,A,Annual,NR,Number,CDD,Cooling degree days,LV,Latvia,2015,,4.10,,,,,
dataflow,ESTAT:NRG_CHDD_A(1.0),Cooling and heating degree days by country - annual data,A,Annual,NR,Number,CDD,Cooling degree days,LV,Latvia,2016,,5.09,,,,,
dataflow,ESTAT:NRG_CHDD_A(1.0),Cooling and heating degree days by country - annual data,A,Annual,NR,Number,CDD,Cooling degree days,LV,Latvia,2017,,0.91,,,,,
dataflow,ESTAT:NRG_CHDD_A(1.0),Cooling and heating degree days by country - annual data,A,Annual,NR,Number,CDD,Cooling degree days,LV,Latvia,2018,,24.09,,,,,
dataflow,ESTAT:NRG_CHDD_A(1.0),Cooling and heating degree days by country - annual data,A,Annual,NR,Number,CDD,Cooling degree days,LV,Latvia,2019,,3.23,,,,,
dataflow,ESTAT:NRG_CHDD_A(1.0),Cooling and heating degree days by country - annual data,A,Annual,NR,Number,CDD,Cooling degree days,LV,Latvia,2020,,1.70,,,,,
dataflow,ESTAT:NRG_CHDD_A(1.0),Cooling and heating degree days by country - annual data,A,Annual,NR,Number,CDD,Cooling degree days,LV,Latvia,2021,,42.46,,,,,
dataflow,ESTAT:NRG_CHDD_A(1.0),Cooling and heating degree days by country - annual data,A,Annual,NR,Number,CDD,Cooling degree days,LV,Latvia,2022,,13.62,,,,,
dataflow,ESTAT:NRG_CHDD_A(1.0),Cooling and heating degree days by country - annual data,A,Annual,NR,Number,CDD,Cooling degree days,LV,Latvia,2023,,8.77,,,,,
dataflow,ESTAT:NRG_CHDD_A(1.0),Cooling and heating degree days by country - annual data,A,Annual,NR,Number,CDD,Cooling degree days,LV,Latvia,2024,,3.34,,,,,
dataflow,ESTAT:NRG_CHDD_A(1.0),Cooling and heating degree days by country - annual data,A,Annual,NR,Number,CDD,Cooling degree days,MT,Malta,1990,,589.53,,,,,
dataflow,ESTAT:NRG_CHDD_A(1.0),Cooling and heating degree days by country - annual data,A,Annual,NR,Number,CDD,Cooling degree days,MT,Malta,1991,,513.78,,,,,
dataflow,ESTAT:NRG_CHDD_A(1.0),Cooling and heating degree days by country - annual data,A,Annual,NR,Number,CDD,Cooling degree days,MT,Malta,1992,,479.38,,,,,
dataflow,ESTAT:NRG_CHDD_A(1.0),Cooling and heating degree days by country - annual data,A,Annual,NR,Number,CDD,Cooling degree days,MT,Malta,1993,,542.32,,,,,
dataflow,ESTAT:NRG_CHDD_A(1.0),Cooling and heating degree days by country - annual data,A,Annual,NR,Number,CDD,Cooling degree days,MT,Malta,1994,,676.80,,,,,
dataflow,ESTAT:NRG_CHDD_A(1.0),Cooling and heating degree days by country - annual data,A,Annual,NR,Number,CDD,Cooling degree days,MT,Malta,1995,,601.42,,,,,
dataflow,ESTAT:NRG_CHDD_A(1.0),Cooling and heating degree days by country - annual data,A,Annual,NR,Number,CDD,Cooling degree days,MT,Malta,1996,,494.38,,,,,
dataflow,ESTAT:NRG_CHDD_A(1.0),Cooling and heating degree days by country - annual data,A,Annual,NR,Number,CDD,Cooling degree days,MT,Malta,1997,,584.61,,,,,
dataflow,ESTAT:NRG_CHDD_A(1.0),Cooling and heating degree days by country - annual data,A,Annual,NR,Number,CDD,Cooling degree days,MT,Malta,1998,,650.61,,,,,
dataflow,ESTAT:NRG_CHDD_A(1.0),Cooling and heating degree days by country - annual data,A,Annual,NR,Number,CDD,Cooling degree days,MT,Malta,1999,,754.98,,,,,
dataflow,ESTAT:NRG_CHDD_A(1.0),Cooling and heating degree days by country - annual data,A,Annual,NR,Number,CDD,Cooling degree days,MT,Malta,2000,,608.79,,,,,
dataflow,ESTAT:NRG_CHDD_A(1.0),Cooling and heating degree days by country - annual data,A,Annual,NR,Number,CDD,Cooling degree days,MT,Malta,2001,,659.06,,,,,
dataflow,ESTAT:NRG_CHDD_A(1.0),Cooling and heating degree days by country - annual data,A,Annual,NR,Number,CDD,Cooling degree days,MT,Malta,2002,,559.24,,,,,
dataflow,ESTAT:NRG_CHDD_A(1.0),Cooling and heating degree days by country - annual data,A,Annual,NR,Number,CDD,Cooling degree days,MT,Malta,2003,,740.22,,,,,
dataflow,ESTAT:NRG_CHDD_A(1.0),Cooling and heating degree days by country - annual data,A,Annual,NR,Number,CDD,Cooling degree days,MT,Malta,2004,,477.84,,,,,
dataflow,ESTAT:NRG_CHDD_A(1.0),Cooling and heating degree days by country - annual data,A,Annual,NR,Number,CDD,Cooling degree days,MT,Malta,2005,,475.39,,,,,
dataflow,ESTAT:NRG_CHDD_A(1.0),Cooling and heating degree days by country - annual data,A,Annual,NR,Number,CDD,Cooling degree days,MT,Malta,2006,,599.01,,,,,
dataflow,ESTAT:NRG_CHDD_A(1.0),Cooling and heating degree days by country - annual data,A,Annual,NR,Number,CDD,Cooling degree days,MT,Malta,2007,,617.71,,,,,
dataflow,ESTAT:NRG_CHDD_A(1.0),Cooling and heating degree days by country - annual data,A,Annual,NR,Number,CDD,Cooling degree days,MT,Malta,2008,,548.60,,,,,
dataflow,ESTAT:NRG_CHDD_A(1.0),Cooling and heating degree days by country - annual data,A,Annual,NR,Number,CDD,Cooling degree days,MT,Malta,2009,,575.55,,,,,
dataflow,ESTAT:NRG_CHDD_A(1.0),Cooling and heating degree days by country - annual data,A,Annual,NR,Number,CDD,Cooling degree days,MT,Malta,2010,,499.13,,,,,
dataflow,ESTAT:NRG_CHDD_A(1.0),Cooling and heating degree days by country - annual data,A,Annual,NR,Number,CDD,Cooling degree days,MT,Malta,2011,,534.56,,,,,
dataflow,ESTAT:NRG_CHDD_A(1.0),Cooling and heating degree days by country - annual data,A,Annual,NR,Number,CDD,Cooling degree days,MT,Malta,2012,,781.30,,,,,
dataflow,ESTAT:NRG_CHDD_A(1.0),Cooling and heating degree days by country - annual data,A,Annual,NR,Number,CDD,Cooling degree days,MT,Malta,2013,,629.65,,,,,
dataflow,ESTAT:NRG_CHDD_A(1.0),Cooling and heating degree days by country - annual data,A,Annual,NR,Number,CDD,Cooling degree days,MT,Malta,2014,,648.46,,,,,
dataflow,ESTAT:NRG_CHDD_A(1.0),Cooling and heating degree days by country - annual data,A,Annual,NR,Number,CDD,Cooling degree days,MT,Malta,2015,,685.34,,,,,
dataflow,ESTAT:NRG_CHDD_A(1.0),Cooling and heating degree days by country - annual data,A,Annual,NR,Number,CDD,Cooling degree days,MT,Malta,2016,,611.05,,,,,
dataflow,ESTAT:NRG_CHDD_A(1.0),Cooling and heating degree days by country - annual data,A,Annual,NR,Number,CDD,Cooling degree days,MT,Malta,2017,,673.11,,,,,
dataflow,ESTAT:NRG_CHDD_A(1.0),Cooling and heating degree days by country - annual data,A,Annual,NR,Number,CDD,Cooling degree days,MT,Malta,2018,,625.61,,,,,
dataflow,ESTAT:NRG_CHDD_A(1.0),Cooling and heating degree days by country - annual data,A,Annual,NR,Number,CDD,Cooling degree days,MT,Malta,2019,,756.22,,,,,
dataflow,ESTAT:NRG_CHDD_A(1.0),Cooling and heating degree days by country - annual data,A,Annual,NR,Number,CDD,Cooling degree days,MT,Malta,2020,,672.27,,,,,
dataflow,ESTAT:NRG_CHDD_A(1.0),Cooling and heating degree days by country - annual data,A,Annual,NR,Number,CDD,Cooling degree days,MT,Malta,2021,,793.36,,,,,
dataflow,ESTAT:NRG_CHDD_A(1.0),Cooling and heating degree days by country - annual data,A,Annual,NR,Number,CDD,Cooling degree days,MT,Malta,2022,,841.72,,,,,
dataflow,ESTAT:NRG_CHDD_A(1.0),Cooling and heating degree days by country - annual data,A,Annual,NR,Number,CDD,Cooling degree days,MT,Malta,2023,,750.93,,,,,
dataflow,ESTAT:NRG_CHDD_A(1.0),Cooling and heating degree days by country - annual data,A,Annual,NR,Number,CDD,Cooling degree days,MT,Malta,2024,,803.99,,,,,
dataflow,ESTAT:NRG_CHDD_A(1.0),Cooling and heating degree days by country - annual data,A,Annual,NR,Number,CDD,Cooling degree days,NL,Netherlands,1990,,9.79,,,,,
dataflow,ESTAT:NRG_CHDD_A(1.0),Cooling and heating degree days by country - annual data,A,Annual,NR,Number,CDD,Cooling degree days,NL,Netherlands,1991,,6.99,,,,,
dataflow,ESTAT:NRG_CHDD_A(1.0),Cooling and heating degree days by country - annual data,A,Annual,NR,Number,CDD,Cooling degree days,NL,Netherlands,1992,,5.84,,,,,
dataflow,ESTAT:NRG_CHDD_A(1.0),Cooling and heating degree days by country - annual data,A,Annual,NR,Number,CDD,Cooling degree days,NL,Netherlands,1993,,0.15,,,,,
dataflow,ESTAT:NRG_CHDD_A(1.0),Cooling and heating degree days by country - annual data,A,Annual,NR,Number,CDD,Cooling degree days,NL,Netherlands,1994,,33.61,,,,,
dataflow,ESTAT:NRG_CHDD_A(1.0),Cooling and heating degree days by country - annual data,A,Annual,NR,Number,CDD,Cooling degree days,NL,Netherlands,1995,,18.72,,,,,
dataflow,ESTAT:NRG_CHDD_A(1.0),Cooling and heating degree days by country - annual data,A,Annual,NR,Number,CDD,Cooling degree days,NL,Netherlands,1996,,6.17,,,,,
dataflow,ESTAT:NRG_CHDD_A(1.0),Cooling and heating degree days by country - annual data,A,Annual,NR,Number,CDD,Cooling degree days,NL,Netherlands,1997,,14.09,,,,,
dataflow,ESTAT:NRG_CHDD_A(1.0),Cooling and heating degree days by country - annual data,A,Annual,NR,Number,CDD,Cooling degree days,NL,Netherlands,1998,,2.77,,,,,
dataflow,ESTAT:NRG_CHDD_A(1.0),Cooling and heating degree days by country - annual data,A,Annual,NR,Number,CDD,Cooling degree days,NL,Netherlands,1999,,1.08,,,,,
dataflow,ESTAT:NRG_CHDD_A(1.0),Cooling and heating degree days by country - annual data,A,Annual,NR,Number,CDD,Cooling degree days,NL,Netherlands,2000,,7.14,,,,,
dataflow,ESTAT:NRG_CHDD_A(1.0),Cooling and heating degree days by country - annual data,A,Annual,NR,Number,CDD,Cooling degree days,NL,Netherlands,2001,,14.04,,,,,
dataflow,ESTAT:NRG_CHDD_A(1.0),Cooling and heating degree days by country - annual data,A,Annual,NR,Number,CDD,Cooling degree days,NL,Netherlands,2002,,11.20,,,,,
dataflow,ESTAT:NRG_CHDD_A(1.0),Cooling and heating degree days by country - annual data,A,Annual,NR,Number,CDD,Cooling degree days,NL,Netherlands,2003,,27.91,,,,,
dataflow,ESTAT:NRG_CHDD_A(1.0),Cooling and heating degree days by country - annual data,A,Annual,NR,Number,CDD,Cooling degree days,NL,Netherlands,2004,,11.37,,,,,
dataflow,ESTAT:NRG_CHDD_A(1.0),Cooling and heating degree days by country - annual data,A,Annual,NR,Number,CDD,Cooling degree days,NL,Netherlands,2005,,5.82,,,,,
dataflow,ESTAT:NRG_CHDD_A(1.0),Cooling and heating degree days by country - annual data,A,Annual,NR,Number,CDD,Cooling degree days,NL,Netherlands,2006,,25.54,,,,,
dataflow,ESTAT:NRG_CHDD_A(1.0),Cooling and heating degree days by country - annual data,A,Annual,NR,Number,CDD,Cooling degree days,NL,Netherlands,2007,,3.44,,,,,
dataflow,ESTAT:NRG_CHDD_A(1.0),Cooling and heating degree days by country - annual data,A,Annual,NR,Number,CDD,Cooling degree days,NL,Netherlands,2008,,3.25,,,,,
dataflow,ESTAT:NRG_CHDD_A(1.0),Cooling and heating degree days by country - annual data,A,Annual,NR,Number,CDD,Cooling degree days,NL,Netherlands,2009,,6.11,,,,,
dataflow,ESTAT:NRG_CHDD_A(1.0),Cooling and heating degree days by country - annual data,A,Annual,NR,Number,CDD,Cooling degree days,NL,Netherlands,2010,,16.45,,,,,
dataflow,ESTAT:NRG_CHDD_A(1.0),Cooling and heating degree days by country - annual data,A,Annual,NR,Number,CDD,Cooling degree days,NL,Netherlands,2011,,5.44,,,,,
dataflow,ESTAT:NRG_CHDD_A(1.0),Cooling and heating degree days by country - annual data,A,Annual,NR,Number,CDD,Cooling degree days,NL,Netherlands,2012,,8.84,,,,,
dataflow,ESTAT:NRG_CHDD_A(1.0),Cooling and heating degree days by country - annual data,A,Annual,NR,Number,CDD,Cooling degree days,NL,Netherlands,2013,,11.74,,,,,
dataflow,ESTAT:NRG_CHDD_A(1.0),Cooling and heating degree days by country - annual data,A,Annual,NR,Number,CDD,Cooling degree days,NL,Netherlands,2014,,8.66,,,,,
dataflow,ESTAT:NRG_CHDD_A(1.0),Cooling and heating degree days by country - annual data,A,Annual,NR,Number,CDD,Cooling degree days,NL,Netherlands,2015,,15.42,,,,,
dataflow,ESTAT:NRG_CHDD_A(1.0),Cooling and heating degree days by country - annual data,A,Annual,NR,Number,CDD,Cooling degree days,NL,Netherlands,2016,,13.07,,,,,
dataflow,ESTAT:NRG_CHDD_A(1.0),Cooling and heating degree days by country - annual data,A,Annual,NR,Number,CDD,Cooling degree days,NL,Netherlands,2017,,5.41,,,,,
dataflow,ESTAT:NRG_CHDD_A(1.0),Cooling and heating degree days by country - annual data,A,Annual,NR,Number,CDD,Cooling degree days,NL,Netherlands,2018,,30.91,,,,,
dataflow,ESTAT:NRG_CHDD_A(1.0),Cooling and heating degree days by country - annual data,A,Annual,NR,Number,CDD,Cooling degree days,NL,Netherlands,2019,,39.67,,,,,
dataflow,ESTAT:NRG_CHDD_A(1.0),Cooling and heating degree days by country - annual data,A,Annual,NR,Number,CDD,Cooling degree days,NL,Netherlands,2020,,40.09,,,,,
dataflow,ESTAT:NRG_CHDD_A(1.0),Cooling and heating degree days by country - annual data,A,Annual,NR,Number,CDD,Cooling degree days,NL,Netherlands,2021,,4.08,,,,,
dataflow,ESTAT:NRG_CHDD_A(1.0),Cooling and heating degree days by country - annual data,A,Annual,NR,Number,CDD,Cooling degree days,NL,Netherlands,2022,,18.14,,,,,
dataflow,ESTAT:NRG_CHDD_A(1.0),Cooling and heating degree days by country - annual data,A,Annual,NR,Number,CDD,Cooling degree days,NL,Netherlands,2023,,10.86,,,,,
dataflow,ESTAT:NRG_CHDD_A(1.0),Cooling and heating degree days by country - annual data,A,Annual,NR,Number,CDD,Cooling degree days,NL,Netherlands,2024,,6.42,,,,,
dataflow,ESTAT:NRG_CHDD_A(1.0),Cooling and heating degree days by country - annual data,A,Annual,NR,Number,CDD,Cooling degree days,NO,Norway,1990,,0.01,,,,,
dataflow,ESTAT:NRG_CHDD_A(1.0),Cooling and heating degree days by country - annual data,A,Annual,NR,Number,CDD,Cooling degree days,NO,Norway,1991,,0.02,,,,,
dataflow,ESTAT:NRG_CHDD_A(1.0),Cooling and heating degree days by country - annual data,A,Annual,NR,Number,CDD,Cooling degree days,NO,Norway,1992,,0.03,,,,,
dataflow,ESTAT:NRG_CHDD_A(1.0),Cooling and heating degree days by country - annual data,A,Annual,NR,Number,CDD,Cooling degree days,NO,Norway,1993,,0.00,,,,,
dataflow,ESTAT:NRG_CHDD_A(1.0),Cooling and heating degree days by country - annual data,A,Annual,NR,Number,CDD,Cooling degree days,NO,Norway,1994,,0.09,,,,,
dataflow,ESTAT:NRG_CHDD_A(1.0),Cooling and heating degree days by country - annual data,A,Annual,NR,Number,CDD,Cooling degree days,NO,Norway,1995,,0.01,,,,,
dataflow,ESTAT:NRG_CHDD_A(1.0),Cooling and heating degree days by country - annual data,A,Annual,NR,Number,CDD,Cooling degree days,NO,Norway,1996,,0.00,,,,,
dataflow,ESTAT:NRG_CHDD_A(1.0),Cooling and heating degree days by country - annual data,A,Annual,NR,Number,CDD,Cooling degree days,NO,Norway,1997,,0.00,,,,,
dataflow,ESTAT:NRG_CHDD_A(1.0),Cooling and heating degree days by country - annual data,A,Annual,NR,Number,CDD,Cooling degree days,NO,Norway,1998,,0.00,,,,,
dataflow,ESTAT:NRG_CHDD_A(1.0),Cooling and heating degree days by country - annual data,A,Annual,NR,Number,CDD,Cooling degree days,NO,Norway,1999,,0.03,,,,,
dataflow,ESTAT:NRG_CHDD_A(1.0),Cooling and heating degree days by country - annual data,A,Annual,NR,Number,CDD,Cooling degree days,NO,Norway,2000,,0.03,,,,,
dataflow,ESTAT:NRG_CHDD_A(1.0),Cooling and heating degree days by country - annual data,A,Annual,NR,Number,CDD,Cooling degree days,NO,Norway,2001,,0.03,,,,,
dataflow,ESTAT:NRG_CHDD_A(1.0),Cooling and heating degree days by country - annual data,A,Annual,NR,Number,CDD,Cooling degree days,NO,Norway,2002,,0.00,,,,,
dataflow,ESTAT:NRG_CHDD_A(1.0),Cooling and heating degree days by country - annual data,A,Annual,NR,Number,CDD,Cooling degree days,NO,Norway,2003,,0.10,,,,,
dataflow,ESTAT:NRG_CHDD_A(1.0),Cooling and heating degree days by country - annual data,A,Annual,NR,Number,CDD,Cooling degree days,NO,Norway,2004,,0.03,,,,,
dataflow,ESTAT:NRG_CHDD_A(1.0),Cooling and heating degree days by country - annual data,A,Annual,NR,Number,CDD,Cooling degree days,NO,Norway,2005,,0.06,,,,,
dataflow,ESTAT:NRG_CHDD_A(1.0),Cooling and heating degree days by country - annual data,A,Annual,NR,Number,CDD,Cooling degree days,NO,Norway,2006,,0.00,,,,,
dataflow,ESTAT:NRG_CHDD_A(1.0),Cooling and heating degree days by country - annual data,A,Annual,NR,Number,CDD,Cooling degree days,NO,Norway,2007,,0.05,,,,,
dataflow,ESTAT:NRG_CHDD_A(1.0),Cooling and heating degree days by country - annual data,A,Annual,NR,Number,CDD,Cooling degree days,NO,Norway,2008,,0.00,,,,,
dataflow,ESTAT:NRG_CHDD_A(1.0),Cooling and heating degree days by country - annual data,A,Annual,NR,Number,CDD,Cooling degree days,NO,Norway,2009,,0.16,,,,,
dataflow,ESTAT:NRG_CHDD_A(1.0),Cooling and heating degree days by country - annual data,A,Annual,NR,Number,CDD,Cooling degree days,NO,Norway,2010,,0.00,,,,,
dataflow,ESTAT:NRG_CHDD_A(1.0),Cooling and heating degree days by country - annual data,A,Annual,NR,Number,CDD,Cooling degree days,NO,Norway,2011,,0.04,,,,,
dataflow,ESTAT:NRG_CHDD_A(1.0),Cooling and heating degree days by country - annual data,A,Annual,NR,Number,CDD,Cooling degree days,NO,Norway,2012,,0.00,,,,,
dataflow,ESTAT:NRG_CHDD_A(1.0),Cooling and heating degree days by country - annual data,A,Annual,NR,Number,CDD,Cooling degree days,NO,Norway,2013,,0.00,,,,,
dataflow,ESTAT:NRG_CHDD_A(1.0),Cooling and heating degree days by country - annual data,A,Annual,NR,Number,CDD,Cooling degree days,NO,Norway,2014,,0.57,,,,,
dataflow,ESTAT:NRG_CHDD_A(1.0),Cooling and heating degree days by country - annual data,A,Annual,NR,Number,CDD,Cooling degree days,NO,Norway,2015,,0.00,,,,,
dataflow,ESTAT:NRG_CHDD_A(1.0),Cooling and heating degree days by country - annual data,A,Annual,NR,Number,CDD,Cooling degree days,NO,Norway,2016,,0.00,,,,,
dataflow,ESTAT:NRG_CHDD_A(1.0),Cooling and heating degree days by country - annual data,A,Annual,NR,Number,CDD,Cooling degree days,NO,Norway,2017,,0.00,,,,,
dataflow,ESTAT:NRG_CHDD_A(1.0),Cooling and heating degree days by country - annual data,A,Annual,NR,Number,CDD,Cooling degree days,NO,Norway,2018,,1.28,,,,,
dataflow,ESTAT:NRG_CHDD_A(1.0),Cooling and heating degree days by country - annual data,A,Annual,NR,Number,CDD,Cooling degree days,NO,Norway,2019,,0.89,,,,,
dataflow,ESTAT:NRG_CHDD_A(1.0),Cooling and heating degree days by country - annual data,A,Annual,NR,Number,CDD,Cooling degree days,NO,Norway,2020,,0.13,,,,,
dataflow,ESTAT:NRG_CHDD_A(1.0),Cooling and heating degree days by country - annual data,A,Annual,NR,Number,CDD,Cooling degree days,NO,Norway,2021,,0.05,,,,,
dataflow,ESTAT:NRG_CHDD_A(1.0),Cooling and heating degree days by country - annual data,A,Annual,NR,Number,CDD,Cooling degree days,NO,Norway,2022,,0.31,,,,,
dataflow,ESTAT:NRG_CHDD_A(1.0),Cooling and heating degree days by country - annual data,A,Annual,NR,Number,CDD,Cooling degree days,NO,Norway,2023,,0.00,,,,,
dataflow,ESTAT:NRG_CHDD_A(1.0),Cooling and heating degree days by country - annual data,A,Annual,NR,Number,CDD,Cooling degree days,NO,Norway,2024,,0.05,,,,,
dataflow,ESTAT:NRG_CHDD_A(1.0),Cooling and heating degree days by country - annual data,A,Annual,NR,Number,CDD,Cooling degree days,PL,Poland,1990,,0.94,,,,,
dataflow,ESTAT:NRG_CHDD_A(1.0),Cooling and heating degree days by country - annual data,A,Annual,NR,Number,CDD,Cooling degree days,PL,Poland,1991,,5.64,,,,,
dataflow,ESTAT:NRG_CHDD_A(1.0),Cooling and heating degree days by country - annual data,A,Annual,NR,Number,CDD,Cooling degree days,PL,Poland,1992,,32.31,,,,,
dataflow,ESTAT:NRG_CHDD_A(1.0),Cooling and heating degree days by country - annual data,A,Annual,NR,Number,CDD,Cooling degree days,PL,Poland,1993,,2.10,,,,,
dataflow,ESTAT:NRG_CHDD_A(1.0),Cooling and heating degree days by country - annual data,A,Annual,NR,Number,CDD,Cooling degree days,PL,Poland,1994,,45.30,,,,,
dataflow,ESTAT:NRG_CHDD_A(1.0),Cooling and heating degree days by country - annual data,A,Annual,NR,Number,CDD,Cooling degree days,PL,Poland,1995,,6.77,,,,,
dataflow,ESTAT:NRG_CHDD_A(1.0),Cooling and heating degree days by country - annual data,A,Annual,NR,Number,CDD,Cooling degree days,PL,Poland,1996,,1.57,,,,,
dataflow,ESTAT:NRG_CHDD_A(1.0),Cooling and heating degree days by country - annual data,A,Annual,NR,Number,CDD,Cooling degree days,PL,Poland,1997,,7.07,,,,,
dataflow,ESTAT:NRG_CHDD_A(1.0),Cooling and heating degree days by country - annual data,A,Annual,NR,Number,CDD,Cooling degree days,PL,Poland,1998,,14.11,,,,,
dataflow,ESTAT:NRG_CHDD_A(1.0),Cooling and heating degree days by country - annual data,A,Annual,NR,Number,CDD,Cooling degree days,PL,Poland,1999,,6.96,,,,,
dataflow,ESTAT:NRG_CHDD_A(1.0),Cooling and heating degree days by country - annual data,A,Annual,NR,Number,CDD,Cooling degree days,PL,Poland,2000,,9.46,,,,,
dataflow,ESTAT:NRG_CHDD_A(1.0),Cooling and heating degree days by country - annual data,A,Annual,NR,Number,CDD,Cooling degree days,PL,Poland,2001,,11.62,,,,,
dataflow,ESTAT:NRG_CHDD_A(1.0),Cooling and heating degree days by country - annual data,A,Annual,NR,Number,CDD,Cooling degree days,PL,Poland,2002,,20.34,,,,,
dataflow,ESTAT:NRG_CHDD_A(1.0),Cooling and heating degree days by country - annual data,A,Annual,NR,Number,CDD,Cooling degree days,PL,Poland,2003,,8.74,,,,,
dataflow,ESTAT:NRG_CHDD_A(1.0),Cooling and heating degree days by country - annual data,A,Annual,NR,Number,CDD,Cooling degree days,PL,Poland,2004,,2.71,,,,,
dataflow,ESTAT:NRG_CHDD_A(1.0),Cooling and heating degree days by country - annual data,A,Annual,NR,Number,CDD,Cooling degree days,PL,Poland,2005,,11.27,,,,,
dataflow,ESTAT:NRG_CHDD_A(1.0),Cooling and heating degree days by country - annual data,A,Annual,NR,Number,CDD,Cooling degree days,PL,Poland,2006,,32.87,,,,,
dataflow,ESTAT:NRG_CHDD_A(1.0),Cooling and heating degree days by country - annual data,A,Annual,NR,Number,CDD,Cooling degree days,PL,Poland,2007,,18.73,,,,,
dataflow,ESTAT:NRG_CHDD_A(1.0),Cooling and heating degree days by country - annual data,A,Annual,NR,Number,CDD,Cooling degree days,PL,Poland,2008,,3.86,,,,,
dataflow,ESTAT:NRG_CHDD_A(1.0),Cooling and heating degree days by country - annual data,A,Annual,NR,Number,CDD,Cooling degree days,PL,Poland,2009,,5.72,,,,,
dataflow,ESTAT:NRG_CHDD_A(1.0),Cooling and heating degree days by country - annual data,A,Annual,NR,Number,CDD,Cooling degree days,PL,Poland,2010,,48.11,,,,,
dataflow,ESTAT:NRG_CHDD_A(1.0),Cooling and heating degree days by country - annual data,A,Annual,NR,Number,CDD,Cooling degree days,PL,Poland,2011,,6.80,,,,,
dataflow,ESTAT:NRG_CHDD_A(1.0),Cooling and heating degree days by country - annual data,A,Annual,NR,Number,CDD,Cooling degree days,PL,Poland,2012,,29.53,,,,,
dataflow,ESTAT:NRG_CHDD_A(1.0),Cooling and heating degree days by country - annual data,A,Annual,NR,Number,CDD,Cooling degree days,PL,Poland,2013,,28.53,,,,,
dataflow,ESTAT:NRG_CHDD_A(1.0),Cooling and heating degree days by country - annual data,A,Annual,NR,Number,CDD,Cooling degree days,PL,Poland,2014,,22.12,,,,,
dataflow,ESTAT:NRG_CHDD_A(1.0),Cooling and heating degree days by country - annual data,A,Annual,NR,Number,CDD,Cooling degree days,PL,Poland,2015,,63.67,,,,,
dataflow,ESTAT:NRG_CHDD_A(1.0),Cooling and heating degree days by country - annual data,A,Annual,NR,Number,CDD,Cooling degree days,PL,Poland,2016,,16.90,,,,,
dataflow,ESTAT:NRG_CHDD_A(1.0),Cooling and heating degree days by country - annual data,A,Annual,NR,Number,CDD,Cooling degree days,PL,Poland,2017,,19.77,,,,,
dataflow,ESTAT:NRG_CHDD_A(1.0),Cooling and heating degree days by country - annual data,A,Annual,NR,Number,CDD,Cooling degree days,PL,Poland,2018,,29.74,,,,,
dataflow,ESTAT:NRG_CHDD_A(1.0),Cooling and heating degree days by country - annual data,A,Annual,NR,Number,CDD,Cooling degree days,PL,Poland,2019,,48.99,,,,,
dataflow,ESTAT:NRG_CHDD_A(1.0),Cooling and heating degree days by country - annual data,A,Annual,NR,Number,CDD,Cooling degree days,PL,Poland,2020,,11.17,,,,,
dataflow,ESTAT:NRG_CHDD_A(1.0),Cooling and heating degree days by country - annual data,A,Annual,NR,Number,CDD,Cooling degree days,PL,Poland,2021,,29.10,,,,,
dataflow,ESTAT:NRG_CHDD_A(1.0),Cooling and heating degree days by country - annual data,A,Annual,NR,Number,CDD,Cooling degree days,PL,Poland,2022,,40.65,,,,,
dataflow,ESTAT:NRG_CHDD_A(1.0),Cooling and heating degree days by country - annual data,A,Annual,NR,Number,CDD,Cooling degree days,PL,Poland,2023,,26.08,,,,,
dataflow,ESTAT:NRG_CHDD_A(1.0),Cooling and heating degree days by country - annual data,A,Annual,NR,Number,CDD,Cooling degree days,PL,Poland,2024,,42.46,,,,,
dataflow,ESTAT:NRG_CHDD_A(1.0),Cooling and heating degree days by country - annual data,A,Annual,NR,Number,CDD,Cooling degree days,PT,Portugal,1990,,228.11,,,,,
dataflow,ESTAT:NRG_CHDD_A(1.0),Cooling and heating degree days by country - annual data,A,Annual,NR,Number,CDD,Cooling degree days,PT,Portugal,1991,,285.60,,,,,
dataflow,ESTAT:NRG_CHDD_A(1.0),Cooling and heating degree days by country - annual data,A,Annual,NR,Number,CDD,Cooling degree days,PT,Portugal,1992,,162.91,,,,,
dataflow,ESTAT:NRG_CHDD_A(1.0),Cooling and heating degree days by country - annual data,A,Annual,NR,Number,CDD,Cooling degree days,PT,Portugal,1993,,171.91,,,,,
dataflow,ESTAT:NRG_CHDD_A(1.0),Cooling and heating degree days by country - annual data,A,Annual,NR,Number,CDD,Cooling degree days,PT,Portugal,1994,,131.01,,,,,
dataflow,ESTAT:NRG_CHDD_A(1.0),Cooling and heating degree days by country - annual data,A,Annual,NR,Number,CDD,Cooling degree days,PT,Portugal,1995,,204.36,,,,,
dataflow,ESTAT:NRG_CHDD_A(1.0),Cooling and heating degree days by country - annual data,A,Annual,NR,Number,CDD,Cooling degree days,PT,Portugal,1996,,157.43,,,,,
dataflow,ESTAT:NRG_CHDD_A(1.0),Cooling and heating degree days by country - annual data,A,Annual,NR,Number,CDD,Cooling degree days,PT,Portugal,1997,,138.02,,,,,
dataflow,ESTAT:NRG_CHDD_A(1.0),Cooling and heating degree days by country - annual data,A,Annual,NR,Number,CDD,Cooling degree days,PT,Portugal,1998,,205.63,,,,,
dataflow,ESTAT:NRG_CHDD_A(1.0),Cooling and heating degree days by country - annual data,A,Annual,NR,Number,CDD,Cooling degree days,PT,Portugal,1999,,157.49,,,,,
dataflow,ESTAT:NRG_CHDD_A(1.0),Cooling and heating degree days by country - annual data,A,Annual,NR,Number,CDD,Cooling degree days,PT,Portugal,2000,,157.36,,,,,
dataflow,ESTAT:NRG_CHDD_A(1.0),Cooling and heating degree days by country - annual data,A,Annual,NR,Number,CDD,Cooling degree days,PT,Portugal,2001,,153.45,,,,,
dataflow,ESTAT:NRG_CHDD_A(1.0),Cooling and heating degree days by country - annual data,A,Annual,NR,Number,CDD,Cooling degree days,PT,Portugal,2002,,94.36,,,,,
dataflow,ESTAT:NRG_CHDD_A(1.0),Cooling and heating degree days by country - annual data,A,Annual,NR,Number,CDD,Cooling degree days,PT,Portugal,2003,,235.79,,,,,
dataflow,ESTAT:NRG_CHDD_A(1.0),Cooling and heating degree days by country - annual data,A,Annual,NR,Number,CDD,Cooling degree days,PT,Portugal,2004,,179.60,,,,,
dataflow,ESTAT:NRG_CHDD_A(1.0),Cooling and heating degree days by country - annual data,A,Annual,NR,Number,CDD,Cooling degree days,PT,Portugal,2005,,218.15,,,,,
dataflow,ESTAT:NRG_CHDD_A(1.0),Cooling and heating degree days by country - annual data,A,Annual,NR,Number,CDD,Cooling degree days,PT,Portugal,2006,,255.23,,,,,
dataflow,ESTAT:NRG_CHDD_A(1.0),Cooling and heating degree days by country - annual data,A,Annual,NR,Number,CDD,Cooling degree days,PT,Portugal,2007,,109.40,,,,,
dataflow,ESTAT:NRG_CHDD_A(1.0),Cooling and heating degree days by country - annual data,A,Annual,NR,Number,CDD,Cooling degree days,PT,Portugal,2008,,93.90,,,,,
dataflow,ESTAT:NRG_CHDD_A(1.0),Cooling and heating degree days by country - annual data,A,Annual,NR,Number,CDD,Cooling degree days,PT,Portugal,2009,,191.19,,,,,
dataflow,ESTAT:NRG_CHDD_A(1.0),Cooling and heating degree days by country - annual data,A,Annual,NR,Number,CDD,Cooling degree days,PT,Portugal,2010,,263.11,,,,,
dataflow,ESTAT:NRG_CHDD_A(1.0),Cooling and heating degree days by country - annual data,A,Annual,NR,Number,CDD,Cooling degree days,PT,Portugal,2011,,143.34,,,,,
dataflow,ESTAT:NRG_CHDD_A(1.0),Cooling and heating degree days by country - annual data,A,Annual,NR,Number,CDD,Cooling degree days,PT,Portugal,2012,,168.07,,,,,
dataflow,ESTAT:NRG_CHDD_A(1.0),Cooling and heating degree days by country - annual data,A,Annual,NR,Number,CDD,Cooling degree days,PT,Portugal,2013,,241.98,,,,,
dataflow,ESTAT:NRG_CHDD_A(1.0),Cooling and heating degree days by country - annual data,A,Annual,NR,Number,CDD,Cooling degree days,PT,Portugal,2014,,98.32,,,,,
dataflow,ESTAT:NRG_CHDD_A(1.0),Cooling and heating degree days by country - annual data,A,Annual,NR,Number,CDD,Cooling degree days,PT,Portugal,2015,,181.31,,,,,
dataflow,ESTAT:NRG_CHDD_A(1.0),Cooling and heating degree days by country - annual data,A,Annual,NR,Number,CDD,Cooling degree days,PT,Portugal,2016,,278.60,,,,,
dataflow,ESTAT:NRG_CHDD_A(1.0),Cooling and heating degree days by country - annual data,A,Annual,NR,Number,CDD,Cooling degree days,PT,Portugal,2017,,267.28,,,,,
dataflow,ESTAT:NRG_CHDD_A(1.0),Cooling and heating degree days by country - annual data,A,Annual,NR,Number,CDD,Cooling degree days,PT,Portugal,2018,,234.32,,,,,
dataflow,ESTAT:NRG_CHDD_A(1.0),Cooling and heating degree days by country - annual data,A,Annual,NR,Number,CDD,Cooling degree days,PT,Portugal,2019,,167.04,,,,,
dataflow,ESTAT:NRG_CHDD_A(1.0),Cooling and heating degree days by country - annual data,A,Annual,NR,Number,CDD,Cooling degree days,PT,Portugal,2020,,266.44,,,,,
dataflow,ESTAT:NRG_CHDD_A(1.0),Cooling and heating degree days by country - annual data,A,Annual,NR,Number,CDD,Cooling degree days,PT,Portugal,2021,,133.23,,,,,
dataflow,ESTAT:NRG_CHDD_A(1.0),Cooling and heating degree days by country - annual data,A,Annual,NR,Number,CDD,Cooling degree days,PT,Portugal,2022,,287.25,,,,,
dataflow,ESTAT:NRG_CHDD_A(1.0),Cooling and heating degree days by country - annual data,A,Annual,NR,Number,CDD,Cooling degree days,PT,Portugal,2023,,234.99,,,,,
dataflow,ESTAT:NRG_CHDD_A(1.0),Cooling and heating degree days by country - annual data,A,Annual,NR,Number,CDD,Cooling degree days,PT,Portugal,2024,,210.20,,,,,
dataflow,ESTAT:NRG_CHDD_A(1.0),Cooling and heating degree days by country - annual data,A,Annual,NR,Number,CDD,Cooling degree days,RO,Romania,1990,,42.64,,,,,
dataflow,ESTAT:NRG_CHDD_A(1.0),Cooling and heating degree days by country - annual data,A,Annual,NR,Number,CDD,Cooling degree days,RO,Romania,1991,,34.09,,,,,
dataflow,ESTAT:NRG_CHDD_A(1.0),Cooling and heating degree days by country - annual data,A,Annual,NR,Number,CDD,Cooling degree days,RO,Romania,1992,,96.45,,,,,
dataflow,ESTAT:NRG_CHDD_A(1.0),Cooling and heating degree days by country - annual data,A,Annual,NR,Number,CDD,Cooling degree days,RO,Romania,1993,,62.52,,,,,
dataflow,ESTAT:NRG_CHDD_A(1.0),Cooling and heating degree days by country - annual data,A,Annual,NR,Number,CDD,Cooling degree days,RO,Romania,1994,,92.96,,,,,
dataflow,ESTAT:NRG_CHDD_A(1.0),Cooling and heating degree days by country - annual data,A,Annual,NR,Number,CDD,Cooling degree days,RO,Romania,1995,,39.64,,,,,
dataflow,ESTAT:NRG_CHDD_A(1.0),Cooling and heating degree days by country - annual data,A,Annual,NR,Number,CDD,Cooling degree days,RO,Romania,1996,,61.50,,,,,
dataflow,ESTAT:NRG_CHDD_A(1.0),Cooling and heating degree days by country - annual data,A,Annual,NR,Number,CDD,Cooling degree days,RO,Romania,1997,,22.95,,,,,
dataflow,ESTAT:NRG_CHDD_A(1.0),Cooling and heating degree days by country - annual data,A,Annual,NR,Number,CDD,Cooling degree days,RO,Romania,1998,,89.99,,,,,
dataflow,ESTAT:NRG_CHDD_A(1.0),Cooling and heating degree days by country - annual data,A,Annual,NR,Number,CDD,Cooling degree days,RO,Romania,1999,,87.46,,,,,
dataflow,ESTAT:NRG_CHDD_A(1.0),Cooling and heating degree days by country - annual data,A,Annual,NR,Number,CDD,Cooling degree days,RO,Romania,2000,,125.43,,,,,
dataflow,ESTAT:NRG_CHDD_A(1.0),Cooling and heating degree days by country - annual data,A,Annual,NR,Number,CDD,Cooling degree days,RO,Romania,2001,,113.90,,,,,
dataflow,ESTAT:NRG_CHDD_A(1.0),Cooling and heating degree days by country - annual data,A,Annual,NR,Number,CDD,Cooling degree days,RO,Romania,2002,,98.99,,,,,
dataflow,ESTAT:NRG_CHDD_A(1.0),Cooling and heating degree days by country - annual data,A,Annual,NR,Number,CDD,Cooling degree days,RO,Romania,2003,,102.56,,,,,
dataflow,ESTAT:NRG_CHDD_A(1.0),Cooling and heating degree days by country - annual data,A,Annual,NR,Number,CDD,Cooling degree days,RO,Romania,2004,,40.05,,,,,
dataflow,ESTAT:NRG_CHDD_A(1.0),Cooling and heating degree days by country - annual data,A,Annual,NR,Number,CDD,Cooling degree days,RO,Romania,2005,,45.24,,,,,
dataflow,ESTAT:NRG_CHDD_A(1.0),Cooling and heating degree days by country - annual data,A,Annual,NR,Number,CDD,Cooling degree days,RO,Romania,2006,,79.02,,,,,
dataflow,ESTAT:NRG_CHDD_A(1.0),Cooling and heating degree days by country - annual data,A,Annual,NR,Number,CDD,Cooling degree days,RO,Romania,2007,,166.02,,,,,
dataflow,ESTAT:NRG_CHDD_A(1.0),Cooling and heating degree days by country - annual data,A,Annual,NR,Number,CDD,Cooling degree days,RO,Romania,2008,,95.50,,,,,
dataflow,ESTAT:NRG_CHDD_A(1.0),Cooling and heating degree days by country - annual data,A,Annual,NR,Number,CDD,Cooling degree days,RO,Romania,2009,,74.94,,,,,
dataflow,ESTAT:NRG_CHDD_A(1.0),Cooling and heating degree days by country - annual data,A,Annual,NR,Number,CDD,Cooling degree days,RO,Romania,2010,,131.82,,,,,
dataflow,ESTAT:NRG_CHDD_A(1.0),Cooling and heating degree days by country - annual data,A,Annual,NR,Number,CDD,Cooling degree days,RO,Romania,2011,,78.94,,,,,
dataflow,ESTAT:NRG_CHDD_A(1.0),Cooling and heating degree days by country - annual data,A,Annual,NR,Number,CDD,Cooling degree days,RO,Romania,2012,,209.43,,,,,
dataflow,ESTAT:NRG_CHDD_A(1.0),Cooling and heating degree days by country - annual data,A,Annual,NR,Number,CDD,Cooling degree days,RO,Romania,2013,,90.49,,,,,
dataflow,ESTAT:NRG_CHDD_A(1.0),Cooling and heating degree days by country - annual data,A,Annual,NR,Number,CDD,Cooling degree days,RO,Romania,2014,,62.82,,,,,
dataflow,ESTAT:NRG_CHDD_A(1.0),Cooling and heating degree days by country - annual data,A,Annual,NR,Number,CDD,Cooling degree days,RO,Romania,2015,,165.79,,,,,
dataflow,ESTAT:NRG_CHDD_A(1.0),Cooling and heating degree days by country - annual data,A,Annual,NR,Number,CDD,Cooling degree days,RO,Romania,2016,,108.20,,,,,
dataflow,ESTAT:NRG_CHDD_A(1.0),Cooling and heating degree days by country - annual data,A,Annual,NR,Number,CDD,Cooling degree days,RO,Romania,2017,,130.90,,,,,
dataflow,ESTAT:NRG_CHDD_A(1.0),Cooling and heating degree days by country - annual data,A,Annual,NR,Number,CDD,Cooling degree days,RO,Romania,2018,,84.67,,,,,
dataflow,ESTAT:NRG_CHDD_A(1.0),Cooling and heating degree days by country - annual data,A,Annual,NR,Number,CDD,Cooling degree days,RO,Romania,2019,,123.62,,,,,
dataflow,ESTAT:NRG_CHDD_A(1.0),Cooling and heating degree days by country - annual data,A,Annual,NR,Number,CDD,Cooling degree days,RO,Romania,2020,,96.33,,,,,
dataflow,ESTAT:NRG_CHDD_A(1.0),Cooling and heating degree days by country - annual data,A,Annual,NR,Number,CDD,Cooling degree days,RO,Romania,2021,,137.94,,,,,
dataflow,ESTAT:NRG_CHDD_A(1.0),Cooling and heating degree days by country - annual data,A,Annual,NR,Number,CDD,Cooling degree days,RO,Romania,2022,,145.61,,,,,
dataflow,ESTAT:NRG_CHDD_A(1.0),Cooling and heating degree days by country - annual data,A,Annual,NR,Number,CDD,Cooling degree days,RO,Romania,2023,,153.75,,,,,
dataflow,ESTAT:NRG_CHDD_A(1.0),Cooling and heating degree days by country - annual data,A,Annual,NR,Number,CDD,Cooling degree days,RO,Romania,2024,,259.70,,,,,
dataflow,ESTAT:NRG_CHDD_A(1.0),Cooling and heating degree days by country - annual data,A,Annual,NR,Number,CDD,Cooling degree days,SE,Sweden,1990,,0.00,,,,,
dataflow,ESTAT:NRG_CHDD_A(1.0),Cooling and heating degree days by country - annual data,A,Annual,NR,Number,CDD,Cooling degree days,SE,Sweden,1991,,0.23,,,,,
dataflow,ESTAT:NRG_CHDD_A(1.0),Cooling and heating degree days by country - annual data,A,Annual,NR,Number,CDD,Cooling degree days,SE,Sweden,1992,,0.15,,,,,
dataflow,ESTAT:NRG_CHDD_A(1.0),Cooling and heating degree days by country - annual data,A,Annual,NR,Number,CDD,Cooling degree days,SE,Sweden,1993,,0.01,,,,,
dataflow,ESTAT:NRG_CHDD_A(1.0),Cooling and heating degree days by country - annual data,A,Annual,NR,Number,CDD,Cooling degree days,SE,Sweden,1994,,3.04,,,,,
dataflow,ESTAT:NRG_CHDD_A(1.0),Cooling and heating degree days by country - annual data,A,Annual,NR,Number,CDD,Cooling degree days,SE,Sweden,1995,,0.01,,,,,
dataflow,ESTAT:NRG_CHDD_A(1.0),Cooling and heating degree days by country - annual data,A,Annual,NR,Number,CDD,Cooling degree days,SE,Sweden,1996,,0.00,,,,,
dataflow,ESTAT:NRG_CHDD_A(1.0),Cooling and heating degree days by country - annual data,A,Annual,NR,Number,CDD,Cooling degree days,SE,Sweden,1997,,0.21,,,,,
dataflow,ESTAT:NRG_CHDD_A(1.0),Cooling and heating degree days by country - annual data,A,Annual,NR,Number,CDD,Cooling degree days,SE,Sweden,1998,,0.00,,,,,
dataflow,ESTAT:NRG_CHDD_A(1.0),Cooling and heating degree days by country - annual data,A,Annual,NR,Number,CDD,Cooling degree days,SE,Sweden,1999,,0.13,,,,,
dataflow,ESTAT:NRG_CHDD_A(1.0),Cooling and heating degree days by country - annual data,A,Annual,NR,Number,CDD,Cooling degree days,SE,Sweden,2000,,0.10,,,,,
dataflow,ESTAT:NRG_CHDD_A(1.0),Cooling and heating degree days by country - annual data,A,Annual,NR,Number,CDD,Cooling degree days,SE,Sweden,2001,,0.24,,,,,
dataflow,ESTAT:NRG_CHDD_A(1.0),Cooling and heating degree days by country - annual data,A,Annual,NR,Number,CDD,Cooling degree days,SE,Sweden,2002,,0.13,,,,,
dataflow,ESTAT:NRG_CHDD_A(1.0),Cooling and heating degree days by country - annual data,A,Annual,NR,Number,CDD,Cooling degree days,SE,Sweden,2003,,0.25,,,,,
dataflow,ESTAT:NRG_CHDD_A(1.0),Cooling and heating degree days by country - annual data,A,Annual,NR,Number,CDD,Cooling degree days,SE,Sweden,2004,,0.03,,,,,
dataflow,ESTAT:NRG_CHDD_A(1.0),Cooling and heating degree days by country - annual data,A,Annual,NR,Number,CDD,Cooling degree days,SE,Sweden,2005,,0.07,,,,,
dataflow,ESTAT:NRG_CHDD_A(1.0),Cooling and heating degree days by country - annual data,A,Annual,NR,Number,CDD,Cooling degree days,SE,Sweden,2006,,0.10,,,,,
dataflow,ESTAT:NRG_CHDD_A(1.0),Cooling and heating degree days by country - annual data,A,Annual,NR,Number,CDD,Cooling degree days,SE,Sweden,2007,,0.01,,,,,
dataflow,ESTAT:NRG_CHDD_A(1.0),Cooling and heating degree days by country - annual data,A,Annual,NR,Number,CDD,Cooling degree days,SE,Sweden,2008,,0.02,,,,,
dataflow,ESTAT:NRG_CHDD_A(1.0),Cooling and heating degree days by country - annual data,A,Annual,NR,Number,CDD,Cooling degree days,SE,Sweden,2009,,0.03,,,,,
dataflow,ESTAT:NRG_CHDD_A(1.0),Cooling and heating degree days by country - annual data,A,Annual,NR,Number,CDD,Cooling degree days,SE,Sweden,2010,,1.45,,,,,
dataflow,ESTAT:NRG_CHDD_A(1.0),Cooling and heating degree days by country - annual data,A,Annual,NR,Number,CDD,Cooling degree days,SE,Sweden,2011,,0.02,,,,,
dataflow,ESTAT:NRG_CHDD_A(1.0),Cooling and heating degree days by country - annual data,A,Annual,NR,Number,CDD,Cooling degree days,SE,Sweden,2012,,0.01,,,,,
dataflow,ESTAT:NRG_CHDD_A(1.0),Cooling and heating degree days by country - annual data,A,Annual,NR,Number,CDD,Cooling degree days,SE,Sweden,2013,,0.03,,,,,
dataflow,ESTAT:NRG_CHDD_A(1.0),Cooling and heating degree days by country - annual data,A,Annual,NR,Number,CDD,Cooling degree days,SE,Sweden,2014,,1.35,,,,,
dataflow,ESTAT:NRG_CHDD_A(1.0),Cooling and heating degree days by country - annual data,A,Annual,NR,Number,CDD,Cooling degree days,SE,Sweden,2015,,0.13,,,,,
dataflow,ESTAT:NRG_CHDD_A(1.0),Cooling and heating degree days by country - annual data,A,Annual,NR,Number,CDD,Cooling degree days,SE,Sweden,2016,,0.03,,,,,
dataflow,ESTAT:NRG_CHDD_A(1.0),Cooling and heating degree days by country - annual data,A,Annual,NR,Number,CDD,Cooling degree days,SE,Sweden,2017,,0.00,,,,,
dataflow,ESTAT:NRG_CHDD_A(1.0),Cooling and heating degree days by country - annual data,A,Annual,NR,Number,CDD,Cooling degree days,SE,Sweden,2018,,4.90,,,,,
dataflow,ESTAT:NRG_CHDD_A(1.0),Cooling and heating degree days by country - annual data,A,Annual,NR,Number,CDD,Cooling degree days,SE,Sweden,2019,,0.98,,,,,
dataflow,ESTAT:NRG_CHDD_A(1.0),Cooling and heating degree days by country - annual data,A,Annual,NR,Number,CDD,Cooling degree days,SE,Sweden,2020,,0.08,,,,,
dataflow,ESTAT:NRG_CHDD_A(1.0),Cooling and heating degree days by country - annual data,A,Annual,NR,Number,CDD,Cooling degree days,SE,Sweden,2021,,0.99,,,,,
dataflow,ESTAT:NRG_CHDD_A(1.0),Cooling and heating degree days by country - annual data,A,Annual,NR,Number,CDD,Cooling degree days,SE,Sweden,2022,,1.57,,,,,
dataflow,ESTAT:NRG_CHDD_A(1.0),Cooling and heating degree days by country - annual data,A,Annual,NR,Number,CDD,Cooling degree days,SE,Sweden,2023,,0.02,,,,,
dataflow,ESTAT:NRG_CHDD_A(1.0),Cooling and heating degree days by country - annual data,A,Annual,NR,Number,CDD,Cooling degree days,SE,Sweden,2024,,0.07,,,,,
dataflow,ESTAT:NRG_CHDD_A(1.0),Cooling and heating degree days by country - annual data,A,Annual,NR,Number,CDD,Cooling degree days,SI,Slovenia,1990,,7.25,,,,,
dataflow,ESTAT:NRG_CHDD_A(1.0),Cooling and heating degree days by country - annual data,A,Annual,NR,Number,CDD,Cooling degree days,SI,Slovenia,1991,,19.03,,,,,
dataflow,ESTAT:NRG_CHDD_A(1.0),Cooling and heating degree days by country - annual data,A,Annual,NR,Number,CDD,Cooling degree days,SI,Slovenia,1992,,56.48,,,,,
dataflow,ESTAT:NRG_CHDD_A(1.0),Cooling and heating degree days by country - annual data,A,Annual,NR,Number,CDD,Cooling degree days,SI,Slovenia,1993,,22.87,,,,,
dataflow,ESTAT:NRG_CHDD_A(1.0),Cooling and heating degree days by country - annual data,A,Annual,NR,Number,CDD,Cooling degree days,SI,Slovenia,1994,,50.14,,,,,
dataflow,ESTAT:NRG_CHDD_A(1.0),Cooling and heating degree days by country - annual data,A,Annual,NR,Number,CDD,Cooling degree days,SI,Slovenia,1995,,14.54,,,,,
dataflow,ESTAT:NRG_CHDD_A(1.0),Cooling and heating degree days by country - annual data,A,Annual,NR,Number,CDD,Cooling degree days,SI,Slovenia,1996,,8.56,,,,,
dataflow,ESTAT:NRG_CHDD_A(1.0),Cooling and heating degree days by country - annual data,A,Annual,NR,Number,CDD,Cooling degree days,SI,Slovenia,1997,,1.51,,,,,
dataflow,ESTAT:NRG_CHDD_A(1.0),Cooling and heating degree days by country - annual data,A,Annual,NR,Number,CDD,Cooling degree days,SI,Slovenia,1998,,33.50,,,,,
dataflow,ESTAT:NRG_CHDD_A(1.0),Cooling and heating degree days by country - annual data,A,Annual,NR,Number,CDD,Cooling degree days,SI,Slovenia,1999,,15.63,,,,,
dataflow,ESTAT:NRG_CHDD_A(1.0),Cooling and heating degree days by country - annual data,A,Annual,NR,Number,CDD,Cooling degree days,SI,Slovenia,2000,,35.37,,,,,
dataflow,ESTAT:NRG_CHDD_A(1.0),Cooling and heating degree days by country - annual data,A,Annual,NR,Number,CDD,Cooling degree days,SI,Slovenia,2001,,27.91,,,,,
dataflow,ESTAT:NRG_CHDD_A(1.0),Cooling and heating degree days by country - annual data,A,Annual,NR,Number,CDD,Cooling degree days,SI,Slovenia,2002,,22.78,,,,,
dataflow,ESTAT:NRG_CHDD_A(1.0),Cooling and heating degree days by country - annual data,A,Annual,NR,Number,CDD,Cooling degree days,SI,Slovenia,2003,,116.16,,,,,
dataflow,ESTAT:NRG_CHDD_A(1.0),Cooling and heating degree days by country - annual data,A,Annual,NR,Number,CDD,Cooling degree days,SI,Slovenia,2004,,15.71,,,,,
dataflow,ESTAT:NRG_CHDD_A(1.0),Cooling and heating degree days by country - annual data,A,Annual,NR,Number,CDD,Cooling degree days,SI,Slovenia,2005,,22.82,,,,,
dataflow,ESTAT:NRG_CHDD_A(1.0),Cooling and heating degree days by country - annual data,A,Annual,NR,Number,CDD,Cooling degree days,SI,Slovenia,2006,,52.38,,,,,
dataflow,ESTAT:NRG_CHDD_A(1.0),Cooling and heating degree days by country - annual data,A,Annual,NR,Number,CDD,Cooling degree days,SI,Slovenia,2007,,37.69,,,,,
dataflow,ESTAT:NRG_CHDD_A(1.0),Cooling and heating degree days by country - annual data,A,Annual,NR,Number,CDD,Cooling degree days,SI,Slovenia,2008,,25.73,,,,,
dataflow,ESTAT:NRG_CHDD_A(1.0),Cooling and heating degree days by country - annual data,A,Annual,NR,Number,CDD,Cooling degree days,SI,Slovenia,2009,,23.40,,,,,
dataflow,ESTAT:NRG_CHDD_A(1.0),Cooling and heating degree days by country - annual data,A,Annual,NR,Number,CDD,Cooling degree days,SI,Slovenia,2010,,45.28,,,,,
dataflow,ESTAT:NRG_CHDD_A(1.0),Cooling and heating degree days by country - annual data,A,Annual,NR,Number,CDD,Cooling degree days,SI,Slovenia,2011,,43.98,,,,,
dataflow,ESTAT:NRG_CHDD_A(1.0),Cooling and heating degree days by country - annual data,A,Annual,NR,Number,CDD,Cooling degree days,SI,Slovenia,2012,,79.05,,,,,
dataflow,ESTAT:NRG_CHDD_A(1.0),Cooling and heating degree days by country - annual data,A,Annual,NR,Number,CDD,Cooling degree days,SI,Slovenia,2013,,87.05,,,,,
dataflow,ESTAT:NRG_CHDD_A(1.0),Cooling and heating degree days by country - annual data,A,Annual,NR,Number,CDD,Cooling degree days,SI,Slovenia,2014,,11.78,,,,,
dataflow,ESTAT:NRG_CHDD_A(1.0),Cooling and heating degree days by country - annual data,A,Annual,NR,Number,CDD,Cooling degree days,SI,Slovenia,2015,,106.05,,,,,
dataflow,ESTAT:NRG_CHDD_A(1.0),Cooling and heating degree days by country - annual data,A,Annual,NR,Number,CDD,Cooling degree days,SI,Slovenia,2016,,32.16,,,,,
dataflow,ESTAT:NRG_CHDD_A(1.0),Cooling and heating degree days by country - annual data,A,Annual,NR,Number,CDD,Cooling degree days,SI,Slovenia,2017,,88.28,,,,,
dataflow,ESTAT:NRG_CHDD_A(1.0),Cooling and heating degree days by country - annual data,A,Annual,NR,Number,CDD,Cooling degree days,SI,Slovenia,2018,,53.03,,,,,
dataflow,ESTAT:NRG_CHDD_A(1.0),Cooling and heating degree days by country - annual data,A,Annual,NR,Number,CDD,Cooling degree days,SI,Slovenia,2019,,72.66,,,,,
dataflow,ESTAT:NRG_CHDD_A(1.0),Cooling and heating degree days by country - annual data,A,Annual,NR,Number,CDD,Cooling degree days,SI,Slovenia,2020,,29.66,,,,,
dataflow,ESTAT:NRG_CHDD_A(1.0),Cooling and heating degree days by country - annual data,A,Annual,NR,Number,CDD,Cooling degree days,SI,Slovenia,2021,,63.82,,,,,
dataflow,ESTAT:NRG_CHDD_A(1.0),Cooling and heating degree days by country - annual data,A,Annual,NR,Number,CDD,Cooling degree days,SI,Slovenia,2022,,81.16,,,,,
dataflow,ESTAT:NRG_CHDD_A(1.0),Cooling and heating degree days by country - annual data,A,Annual,NR,Number,CDD,Cooling degree days,SI,Slovenia,2023,,66.86,,,,,
dataflow,ESTAT:NRG_CHDD_A(1.0),Cooling and heating degree days by country - annual data,A,Annual,NR,Number,CDD,Cooling degree days,SI,Slovenia,2024,,130.18,,,,,
dataflow,ESTAT:NRG_CHDD_A(1.0),Cooling and heating degree days by country - annual data,A,Annual,NR,Number,CDD,Cooling degree days,SK,Slovakia,1990,,7.93,,,,,
dataflow,ESTAT:NRG_CHDD_A(1.0),Cooling and heating degree days by country - annual data,A,Annual,NR,Number,CDD,Cooling degree days,SK,Slovakia,1991,,15.56,,,,,
dataflow,ESTAT:NRG_CHDD_A(1.0),Cooling and heating degree days by country - annual data,A,Annual,NR,Number,CDD,Cooling degree days,SK,Slovakia,1992,,55.08,,,,,
dataflow,ESTAT:NRG_CHDD_A(1.0),Cooling and heating degree days by country - annual data,A,Annual,NR,Number,CDD,Cooling degree days,SK,Slovakia,1993,,18.18,,,,,
dataflow,ESTAT:NRG_CHDD_A(1.0),Cooling and heating degree days by country - annual data,A,Annual,NR,Number,CDD,Cooling degree days,SK,Slovakia,1994,,66.48,,,,,
dataflow,ESTAT:NRG_CHDD_A(1.0),Cooling and heating degree days by country - annual data,A,Annual,NR,Number,CDD,Cooling degree days,SK,Slovakia,1995,,11.67,,,,,
dataflow,ESTAT:NRG_CHDD_A(1.0),Cooling and heating degree days by country - annual data,A,Annual,NR,Number,CDD,Cooling degree days,SK,Slovakia,1996,,5.40,,,,,
dataflow,ESTAT:NRG_CHDD_A(1.0),Cooling and heating degree days by country - annual data,A,Annual,NR,Number,CDD,Cooling degree days,SK,Slovakia,1997,,6.33,,,,,
dataflow,ESTAT:NRG_CHDD_A(1.0),Cooling and heating degree days by country - annual data,A,Annual,NR,Number,CDD,Cooling degree days,SK,Slovakia,1998,,36.54,,,,,
dataflow,ESTAT:NRG_CHDD_A(1.0),Cooling and heating degree days by country - annual data,A,Annual,NR,Number,CDD,Cooling degree days,SK,Slovakia,1999,,11.52,,,,,
dataflow,ESTAT:NRG_CHDD_A(1.0),Cooling and heating degree days by country - annual data,A,Annual,NR,Number,CDD,Cooling degree days,SK,Slovakia,2000,,37.08,,,,,
dataflow,ESTAT:NRG_CHDD_A(1.0),Cooling and heating degree days by country - annual data,A,Annual,NR,Number,CDD,Cooling degree days,SK,Slovakia,2001,,24.33,,,,,
dataflow,ESTAT:NRG_CHDD_A(1.0),Cooling and heating degree days by country - annual data,A,Annual,NR,Number,CDD,Cooling degree days,SK,Slovakia,2002,,35.63,,,,,
dataflow,ESTAT:NRG_CHDD_A(1.0),Cooling and heating degree days by country - annual data,A,Annual,NR,Number,CDD,Cooling degree days,SK,Slovakia,2003,,40.95,,,,,
dataflow,ESTAT:NRG_CHDD_A(1.0),Cooling and heating degree days by country - annual data,A,Annual,NR,Number,CDD,Cooling degree days,SK,Slovakia,2004,,10.53,,,,,
dataflow,ESTAT:NRG_CHDD_A(1.0),Cooling and heating degree days by country - annual data,A,Annual,NR,Number,CDD,Cooling degree days,SK,Slovakia,2005,,20.20,,,,,
dataflow,ESTAT:NRG_CHDD_A(1.0),Cooling and heating degree days by country - annual data,A,Annual,NR,Number,CDD,Cooling degree days,SK,Slovakia,2006,,38.82,,,,,
dataflow,ESTAT:NRG_CHDD_A(1.0),Cooling and heating degree days by country - annual data,A,Annual,NR,Number,CDD,Cooling degree days,SK,Slovakia,2007,,54.98,,,,,
dataflow,ESTAT:NRG_CHDD_A(1.0),Cooling and heating degree days by country - annual data,A,Annual,NR,Number,CDD,Cooling degree days,SK,Slovakia,2008,,15.54,,,,,
dataflow,ESTAT:NRG_CHDD_A(1.0),Cooling and heating degree days by country - annual data,A,Annual,NR,Number,CDD,Cooling degree days,SK,Slovakia,2009,,23.14,,,,,
dataflow,ESTAT:NRG_CHDD_A(1.0),Cooling and heating degree days by country - annual data,A,Annual,NR,Number,CDD,Cooling degree days,SK,Slovakia,2010,,45.76,,,,,
dataflow,ESTAT:NRG_CHDD_A(1.0),Cooling and heating degree days by country - annual data,A,Annual,NR,Number,CDD,Cooling degree days,SK,Slovakia,2011,,33.44,,,,,
dataflow,ESTAT:NRG_CHDD_A(1.0),Cooling and heating degree days by country - annual data,A,Annual,NR,Number,CDD,Cooling degree days,SK,Slovakia,2012,,80.87,,,,,
dataflow,ESTAT:NRG_CHDD_A(1.0),Cooling and heating degree days by country - annual data,A,Annual,NR,Number,CDD,Cooling degree days,SK,Slovakia,2013,,61.66,,,,,
dataflow,ESTAT:NRG_CHDD_A(1.0),Cooling and heating degree days by country - annual data,A,Annual,NR,Number,CDD,Cooling degree days,SK,Slovakia,2014,,19.90,,,,,
dataflow,ESTAT:NRG_CHDD_A(1.0),Cooling and heating degree days by country - annual data,A,Annual,NR,Number,CDD,Cooling degree days,SK,Slovakia,2015,,117.67,,,,,
dataflow,ESTAT:NRG_CHDD_A(1.0),Cooling and heating degree days by country - annual data,A,Annual,NR,Number,CDD,Cooling degree days,SK,Slovakia,2016,,27.08,,,,,
dataflow,ESTAT:NRG_CHDD_A(1.0),Cooling and heating degree days by country - annual data,A,Annual,NR,Number,CDD,Cooling degree days,SK,Slovakia,2017,,59.87,,,,,
dataflow,ESTAT:NRG_CHDD_A(1.0),Cooling and heating degree days by country - annual data,A,Annual,NR,Number,CDD,Cooling degree days,SK,Slovakia,2018,,53.06,,,,,
dataflow,ESTAT:NRG_CHDD_A(1.0),Cooling and heating degree days by country - annual data,A,Annual,NR,Number,CDD,Cooling degree days,SK,Slovakia,2019,,65.09,,,,,
dataflow,ESTAT:NRG_CHDD_A(1.0),Cooling and heating degree days by country - annual data,A,Annual,NR,Number,CDD,Cooling degree days,SK,Slovakia,2020,,19.92,,,,,
dataflow,ESTAT:NRG_CHDD_A(1.0),Cooling and heating degree days by country - annual data,A,Annual,NR,Number,CDD,Cooling degree days,SK,Slovakia,2021,,62.28,,,,,
dataflow,ESTAT:NRG_CHDD_A(1.0),Cooling and heating degree days by country - annual data,A,Annual,NR,Number,CDD,Cooling degree days,SK,Slovakia,2022,,67.77,,,,,
dataflow,ESTAT:NRG_CHDD_A(1.0),Cooling and heating degree days by country - annual data,A,Annual,NR,Number,CDD,Cooling degree days,SK,Slovakia,2023,,46.44,,,,,
dataflow,ESTAT:NRG_CHDD_A(1.0),Cooling and heating degree days by country - annual data,A,Annual,NR,Number,CDD,Cooling degree days,SK,Slovakia,2024,,125.67,,,,,
dataflow,ESTAT:NRG_CHDD_A(1.0),Cooling and heating degree days by country - annual data,A,Annual,NR,Number,HDD,Heating degree days,AT,Austria,1990,,3653.29,,,,,
dataflow,ESTAT:NRG_CHDD_A(1.0),Cooling and heating degree days by country - annual data,A,Annual,NR,Number,HDD,Heating degree days,AT,Austria,1991,,4007.59,,,,,
dataflow,ESTAT:NRG_CHDD_A(1.0),Cooling and heating degree days by country - annual data,A,Annual,NR,Number,HDD,Heating degree days,AT,Austria,1992,,3595.32,,,,,
dataflow,ESTAT:NRG_CHDD_A(1.0),Cooling and heating degree days by country - annual data,A,Annual,NR,Number,HDD,Heating degree days,AT,Austria,1993,,3766.17,,,,,
dataflow,ESTAT:NRG_CHDD_A(1.0),Cooling and heating degree days by country - annual data,A,Annual,NR,Number,HDD,Heating degree days,AT,Austria,1994,,3367.48,,,,,
dataflow,ESTAT:NRG_CHDD_A(1.0),Cooling and heating degree days by country - annual data,A,Annual,NR,Number,HDD,Heating degree days,AT,Austria,1995,,3799.04,,,,,
dataflow,ESTAT:NRG_CHDD_A(1.0),Cooling and heating degree days by country - annual data,A,Annual,NR,Number,HDD,Heating degree days,AT,Austria,1996,,4119.39,,,,,
dataflow,ESTAT:NRG_CHDD_A(1.0),Cooling and heating degree days by country - annual data,A,Annual,NR,Number,HDD,Heating degree days,AT,Austria,1997,,3684.86,,,,,
dataflow,ESTAT:NRG_CHDD_A(1.0),Cooling and heating degree days by country - annual data,A,Annual,NR,Number,HDD,Heating degree days,AT,Austria,1998,,3714.68,,,,,
dataflow,ESTAT:NRG_CHDD_A(1.0),Cooling and heating degree days by country - annual data,A,Annual,NR,Number,HDD,Heating degree days,AT,Austria,1999,,3670.18,,,,,
dataflow,ESTAT:NRG_CHDD_A(1.0),Cooling and heating degree days by country - annual data,A,Annual,NR,Number,HDD,Heating degree days,AT,Austria,2000,,3408.97,,,,,
dataflow,ESTAT:NRG_CHDD_A(1.0),Cooling and heating degree days by country - annual data,A,Annual,NR,Number,HDD,Heating degree days,AT,Austria,2001,,3747.09,,,,,
dataflow,ESTAT:NRG_CHDD_A(1.0),Cooling and heating degree days by country - annual data,A,Annual,NR,Number,HDD,Heating degree days,AT,Austria,2002,,3480.79,,,,,
dataflow,ESTAT:NRG_CHDD_A(1.0),Cooling and heating degree days by country - annual data,A,Annual,NR,Number,HDD,Heating degree days,AT,Austria,2003,,3703.61,,,,,
dataflow,ESTAT:NRG_CHDD_A(1.0),Cooling and heating degree days by country - annual data,A,Annual,NR,Number,HDD,Heating degree days,AT,Austria,2004,,3737.74,,,,,
dataflow,ESTAT:NRG_CHDD_A(1.0),Cooling and heating degree days by country - annual data,A,Annual,NR,Number,HDD,Heating degree days,AT,Austria,2005,,3853.61,,,,,
dataflow,ESTAT:NRG_CHDD_A(1.0),Cooling and heating degree days by country - annual data,A,Annual,NR,Number,HDD,Heating degree days,AT,Austria,2006,,3649.35,,,,,
dataflow,ESTAT:NRG_CHDD_A(1.0),Cooling and heating degree days by country - annual data,A,Annual,NR,Number,HDD,Heating degree days,AT,Austria,2007,,3363.28,,,,,
dataflow,ESTAT:NRG_CHDD_A(1.0),Cooling and heating degree days by country - annual data,A,Annual,NR,Number,HDD,Heating degree days,AT,Austria,2008,,3444.43,,,,,
dataflow,ESTAT:NRG_CHDD_A(1.0),Cooling and heating degree days by country - annual data,A,Annual,NR,Number,HDD,Heating degree days,AT,Austria,2009,,3504.84,,,,,
dataflow,ESTAT:NRG_CHDD_A(1.0),Cooling and heating degree days by country - annual data,A,Annual,NR,Number,HDD,Heating degree days,AT,Austria,2010,,3905.88,,,,,
dataflow,ESTAT:NRG_CHDD_A(1.0),Cooling and heating degree days by country - annual data,A,Annual,NR,Number,HDD,Heating degree days,AT,Austria,2011,,3409.28,,,,,
dataflow,ESTAT:NRG_CHDD_A(1.0),Cooling and heating degree days by country - annual data,A,Annual,NR,Number,HDD,Heating degree days,AT,Austria,2012,,3552.85,,,,,
dataflow,ESTAT:NRG_CHDD_A(1.0),Cooling and heating degree days by country - annual data,A,Annual,NR,Number,HDD,Heating degree days,AT,Austria,2013,,3635.43,,,,,
dataflow,ESTAT:NRG_CHDD_A(1.0),Cooling and heating degree days by country - annual data,A,Annual,NR,Number,HDD,Heating degree days,AT,Austria,2014,,3126.98,,,,,
dataflow,ESTAT:NRG_CHDD_A(1.0),Cooling and heating degree days by country - annual data,A,Annual,NR,Number,HDD,Heating degree days,AT,Austria,2015,,3316.42,,,,,
dataflow,ESTAT:NRG_CHDD_A(1.0),Cooling and heating degree days by country - annual data,A,Annual,NR,Number,HDD,Heating degree days,AT,Austria,2016,,3419.30,,,,,
dataflow,ESTAT:NRG_CHDD_A(1.0),Cooling and heating degree days by country - annual data,A,Annual,NR,Number,HDD,Heating degree days,AT,Austria,2017,,3498.07,,,,,
dataflow,ESTAT:NRG_CHDD_A(1.0),Cooling and heating degree days by country - annual data,A,Annual,NR,Number,HDD,Heating degree days,AT,Austria,2018,,3193.65,,,,,
dataflow,ESTAT:NRG_CHDD_A(1.0),Cooling and heating degree days by country - annual data,A,Annual,NR,Number,HDD,Heating degree days,AT,Austria,2019,,3279.50,,,,,
dataflow,ESTAT:NRG_CHDD_A(1.0),Cooling and heating degree days by country - annual data,A,Annual,NR,Number,HDD,Heating degree days,AT,Austria,2020,,3322.37,,,,,
dataflow,ESTAT:NRG_CHDD_A(1.0),Cooling and heating degree days by country - annual data,A,Annual,NR,Number,HDD,Heating degree days,AT,Austria,2021,,3633.44,,,,,
dataflow,ESTAT:NRG_CHDD_A(1.0),Cooling and heating degree days by country - annual data,A,Annual,NR,Number,HDD,Heating degree days,AT,Austria,2022,,3228.73,,,,,
dataflow,ESTAT:NRG_CHDD_A(1.0),Cooling and heating degree days by country - annual data,A,Annual,NR,Number,HDD,Heating degree days,AT,Austria,2023,,3147.64,,,,,
dataflow,ESTAT:NRG_CHDD_A(1.0),Cooling and heating degree days by country - annual data,A,Annual,NR,Number,HDD,Heating degree days,AT,Austria,2024,,3037.58,,,,,
dataflow,ESTAT:NRG_CHDD_A(1.0),Cooling and heating degree days by country - annual data,A,Annual,NR,Number,HDD,Heating degree days,BE,Belgium,1990,,2655.17,,,,,
dataflow,ESTAT:NRG_CHDD_A(1.0),Cooling and heating degree days by country - annual data,A,Annual,NR,Number,HDD,Heating degree days,BE,Belgium,1991,,3037.75,,,,,
dataflow,ESTAT:NRG_CHDD_A(1.0),Cooling and heating degree days by country - annual data,A,Annual,NR,Number,HDD,Heating degree days,BE,Belgium,1992,,2776.15,,,,,
dataflow,ESTAT:NRG_CHDD_A(1.0),Cooling and heating degree days by country - annual data,A,Annual,NR,Number,HDD,Heating degree days,BE,Belgium,1993,,2857.38,,,,,
dataflow,ESTAT:NRG_CHDD_A(1.0),Cooling and heating degree days by country - annual data,A,Annual,NR,Number,HDD,Heating degree days,BE,Belgium,1994,,2594.86,,,,,
dataflow,ESTAT:NRG_CHDD_A(1.0),Cooling and heating degree days by country - annual data,A,Annual,NR,Number,HDD,Heating degree days,BE,Belgium,1995,,2719.37,,,,,
dataflow,ESTAT:NRG_CHDD_A(1.0),Cooling and heating degree days by country - annual data,A,Annual,NR,Number,HDD,Heating degree days,BE,Belgium,1996,,3290.62,,,,,
dataflow,ESTAT:NRG_CHDD_A(1.0),Cooling and heating degree days by country - annual data,A,Annual,NR,Number,HDD,Heating degree days,BE,Belgium,1997,,2751.57,,,,,
dataflow,ESTAT:NRG_CHDD_A(1.0),Cooling and heating degree days by country - annual data,A,Annual,NR,Number,HDD,Heating degree days,BE,Belgium,1998,,2723.95,,,,,
dataflow,ESTAT:NRG_CHDD_A(1.0),Cooling and heating degree days by country - annual data,A,Annual,NR,Number,HDD,Heating degree days,BE,Belgium,1999,,2606.16,,,,,
dataflow,ESTAT:NRG_CHDD_A(1.0),Cooling and heating degree days by country - annual data,A,Annual,NR,Number,HDD,Heating degree days,BE,Belgium,2000,,2515.89,,,,,
dataflow,ESTAT:NRG_CHDD_A(1.0),Cooling and heating degree days by country - annual data,A,Annual,NR,Number,HDD,Heating degree days,BE,Belgium,2001,,2718.99,,,,,
dataflow,ESTAT:NRG_CHDD_A(1.0),Cooling and heating degree days by country - annual data,A,Annual,NR,Number,HDD,Heating degree days,BE,Belgium,2002,,2527.93,,,,,
dataflow,ESTAT:NRG_CHDD_A(1.0),Cooling and heating degree days by country - annual data,A,Annual,NR,Number,HDD,Heating degree days,BE,Belgium,2003,,2687.07,,,,,
dataflow,ESTAT:NRG_CHDD_A(1.0),Cooling and heating degree days by country - annual data,A,Annual,NR,Number,HDD,Heating degree days,BE,Belgium,2004,,2773.96,,,,,
dataflow,ESTAT:NRG_CHDD_A(1.0),Cooling and heating degree days by country - annual data,A,Annual,NR,Number,HDD,Heating degree days,BE,Belgium,2005,,2661.22,,,,,
dataflow,ESTAT:NRG_CHDD_A(1.0),Cooling and heating degree days by country - annual data,A,Annual,NR,Number,HDD,Heating degree days,BE,Belgium,2006,,2588.67,,,,,
dataflow,ESTAT:NRG_CHDD_A(1.0),Cooling and heating degree days by country - annual data,A,Annual,NR,Number,HDD,Heating degree days,BE,Belgium,2007,,2439.18,,,,,
dataflow,ESTAT:NRG_CHDD_A(1.0),Cooling and heating degree days by country - annual data,A,Annual,NR,Number,HDD,Heating degree days,BE,Belgium,2008,,2698.26,,,,,
dataflow,ESTAT:NRG_CHDD_A(1.0),Cooling and heating degree days by country - annual data,A,Annual,NR,Number,HDD,Heating degree days,BE,Belgium,2009,,2692.13,,,,,
dataflow,ESTAT:NRG_CHDD_A(1.0),Cooling and heating degree days by country - annual data,A,Annual,NR,Number,HDD,Heating degree days,BE,Belgium,2010,,3193.64,,,,,
dataflow,ESTAT:NRG_CHDD_A(1.0),Cooling and heating degree days by country - annual data,A,Annual,NR,Number,HDD,Heating degree days,BE,Belgium,2011,,2404.68,,,,,
dataflow,ESTAT:NRG_CHDD_A(1.0),Cooling and heating degree days by country - annual data,A,Annual,NR,Number,HDD,Heating degree days,BE,Belgium,2012,,2766.54,,,,,
dataflow,ESTAT:NRG_CHDD_A(1.0),Cooling and heating degree days by country - annual data,A,Annual,NR,Number,HDD,Heating degree days,BE,Belgium,2013,,3021.70,,,,,
dataflow,ESTAT:NRG_CHDD_A(1.0),Cooling and heating degree days by country - annual data,A,Annual,NR,Number,HDD,Heating degree days,BE,Belgium,2014,,2323.21,,,,,
dataflow,ESTAT:NRG_CHDD_A(1.0),Cooling and heating degree days by country - annual data,A,Annual,NR,Number,HDD,Heating degree days,BE,Belgium,2015,,2632.62,,,,,
dataflow,ESTAT:NRG_CHDD_A(1.0),Cooling and heating degree days by country - annual data,A,Annual,NR,Number,HDD,Heating degree days,BE,Belgium,2016,,2695.22,,,,,
dataflow,ESTAT:NRG_CHDD_A(1.0),Cooling and heating degree days by country - annual data,A,Annual,NR,Number,HDD,Heating degree days,BE,Belgium,2017,,2584.07,,,,,
dataflow,ESTAT:NRG_CHDD_A(1.0),Cooling and heating degree days by country - annual data,A,Annual,NR,Number,HDD,Heating degree days,BE,Belgium,2018,,2511.15,,,,,
dataflow,ESTAT:NRG_CHDD_A(1.0),Cooling and heating degree days by country - annual data,A,Annual,NR,Number,HDD,Heating degree days,BE,Belgium,2019,,2532.35,,,,,
dataflow,ESTAT:NRG_CHDD_A(1.0),Cooling and heating degree days by country - annual data,A,Annual,NR,Number,HDD,Heating degree days,BE,Belgium,2020,,2339.09,,,,,
dataflow,ESTAT:NRG_CHDD_A(1.0),Cooling and heating degree days by country - annual data,A,Annual,NR,Number,HDD,Heating degree days,BE,Belgium,2021,,2770.92,,,,,
dataflow,ESTAT:NRG_CHDD_A(1.0),Cooling and heating degree days by country - annual data,A,Annual,NR,Number,HDD,Heating degree days,BE,Belgium,2022,,2389.91,,,,,
dataflow,ESTAT:NRG_CHDD_A(1.0),Cooling and heating degree days by country - annual data,A,Annual,NR,Number,HDD,Heating degree days,BE,Belgium,2023,,2363.29,,,,,
dataflow,ESTAT:NRG_CHDD_A(1.0),Cooling and heating degree days by country - annual data,A,Annual,NR,Number,HDD,Heating degree days,BE,Belgium,2024,,2383.77,,,,,
dataflow,ESTAT:NRG_CHDD_A(1.0),Cooling and heating degree days by country - annual data,A,Annual,NR,Number,HDD,Heating degree days,BG,Bulgaria,1990,,2526.37,,,,,
dataflow,ESTAT:NRG_CHDD_A(1.0),Cooling and heating degree days by country - annual data,A,Annual,NR,Number,HDD,Heating degree days,BG,Bulgaria,1991,,3003.33,,,,,
dataflow,ESTAT:NRG_CHDD_A(1.0),Cooling and heating degree days by country - annual data,A,Annual,NR,Number,HDD,Heating degree days,BG,Bulgaria,1992,,2735.40,,,,,
dataflow,ESTAT:NRG_CHDD_A(1.0),Cooling and heating degree days by country - annual data,A,Annual,NR,Number,HDD,Heating degree days,BG,Bulgaria,1993,,2885.77,,,,,
dataflow,ESTAT:NRG_CHDD_A(1.0),Cooling and heating degree days by country - annual data,A,Annual,NR,Number,HDD,Heating degree days,BG,Bulgaria,1994,,2486.25,,,,,
dataflow,ESTAT:NRG_CHDD_A(1.0),Cooling and heating degree days by country - annual data,A,Annual,NR,Number,HDD,Heating degree days,BG,Bulgaria,1995,,2779.84,,,,,
dataflow,ESTAT:NRG_CHDD_A(1.0),Cooling and heating degree days by country - annual data,A,Annual,NR,Number,HDD,Heating degree days,BG,Bulgaria,1996,,3039.62,,,,,
dataflow,ESTAT:NRG_CHDD_A(1.0),Cooling and heating degree days by country - annual data,A,Annual,NR,Number,HDD,Heating degree days,BG,Bulgaria,1997,,2937.72,,,,,
dataflow,ESTAT:NRG_CHDD_A(1.0),Cooling and heating degree days by country - annual data,A,Annual,NR,Number,HDD,Heating degree days,BG,Bulgaria,1998,,2692.83,,,,,
dataflow,ESTAT:NRG_CHDD_A(1.0),Cooling and heating degree days by country - annual data,A,Annual,NR,Number,HDD,Heating degree days,BG,Bulgaria,1999,,2478.83,,,,,
dataflow,ESTAT:NRG_CHDD_A(1.0),Cooling and heating degree days by country - annual data,A,Annual,NR,Number,HDD,Heating degree days,BG,Bulgaria,2000,,2481.29,,,,,
dataflow,ESTAT:NRG_CHDD_A(1.0),Cooling and heating degree days by country - annual data,A,Annual,NR,Number,HDD,Heating degree days,BG,Bulgaria,2001,,2525.98,,,,,
dataflow,ESTAT:NRG_CHDD_A(1.0),Cooling and heating degree days by country - annual data,A,Annual,NR,Number,HDD,Heating degree days,BG,Bulgaria,2002,,2522.88,,,,,
dataflow,ESTAT:NRG_CHDD_A(1.0),Cooling and heating degree days by country - annual data,A,Annual,NR,Number,HDD,Heating degree days,BG,Bulgaria,2003,,2891.31,,,,,
dataflow,ESTAT:NRG_CHDD_A(1.0),Cooling and heating degree days by country - annual data,A,Annual,NR,Number,HDD,Heating degree days,BG,Bulgaria,2004,,2537.40,,,,,
dataflow,ESTAT:NRG_CHDD_A(1.0),Cooling and heating degree days by country - annual data,A,Annual,NR,Number,HDD,Heating degree days,BG,Bulgaria,2005,,2692.51,,,,,
dataflow,ESTAT:NRG_CHDD_A(1.0),Cooling and heating degree days by country - annual data,A,Annual,NR,Number,HDD,Heating degree days,BG,Bulgaria,2006,,2660.51,,,,,
dataflow,ESTAT:NRG_CHDD_A(1.0),Cooling and heating degree days by country - annual data,A,Annual,NR,Number,HDD,Heating degree days,BG,Bulgaria,2007,,2393.19,,,,,
dataflow,ESTAT:NRG_CHDD_A(1.0),Cooling and heating degree days by country - annual data,A,Annual,NR,Number,HDD,Heating degree days,BG,Bulgaria,2008,,2466.82,,,,,
dataflow,ESTAT:NRG_CHDD_A(1.0),Cooling and heating degree days by country - annual data,A,Annual,NR,Number,HDD,Heating degree days,BG,Bulgaria,2009,,2437.31,,,,,
dataflow,ESTAT:NRG_CHDD_A(1.0),Cooling and heating degree days by country - annual data,A,Annual,NR,Number,HDD,Heating degree days,BG,Bulgaria,2010,,2516.82,,,,,
dataflow,ESTAT:NRG_CHDD_A(1.0),Cooling and heating degree days by country - annual data,A,Annual,NR,Number,HDD,Heating degree days,BG,Bulgaria,2011,,2798.59,,,,,
dataflow,ESTAT:NRG_CHDD_A(1.0),Cooling and heating degree days by country - annual data,A,Annual,NR,Number,HDD,Heating degree days,BG,Bulgaria,2012,,2614.00,,,,,
dataflow,ESTAT:NRG_CHDD_A(1.0),Cooling and heating degree days by country - annual data,A,Annual,NR,Number,HDD,Heating degree days,BG,Bulgaria,2013,,2387.56,,,,,
dataflow,ESTAT:NRG_CHDD_A(1.0),Cooling and heating degree days by country - annual data,A,Annual,NR,Number,HDD,Heating degree days,BG,Bulgaria,2014,,2365.02,,,,,
dataflow,ESTAT:NRG_CHDD_A(1.0),Cooling and heating degree days by country - annual data,A,Annual,NR,Number,HDD,Heating degree days,BG,Bulgaria,2015,,2371.11,,,,,
dataflow,ESTAT:NRG_CHDD_A(1.0),Cooling and heating degree days by country - annual data,A,Annual,NR,Number,HDD,Heating degree days,BG,Bulgaria,2016,,2420.17,,,,,
dataflow,ESTAT:NRG_CHDD_A(1.0),Cooling and heating degree days by country - annual data,A,Annual,NR,Number,HDD,Heating degree days,BG,Bulgaria,2017,,2527.59,,,,,
dataflow,ESTAT:NRG_CHDD_A(1.0),Cooling and heating degree days by country - annual data,A,Annual,NR,Number,HDD,Heating degree days,BG,Bulgaria,2018,,2352.10,,,,,
dataflow,ESTAT:NRG_CHDD_A(1.0),Cooling and heating degree days by country - annual data,A,Annual,NR,Number,HDD,Heating degree days,BG,Bulgaria,2019,,2152.56,,,,,
dataflow,ESTAT:NRG_CHDD_A(1.0),Cooling and heating degree days by country - annual data,A,Annual,NR,Number,HDD,Heating degree days,BG,Bulgaria,2020,,2247.35,,,,,
dataflow,ESTAT:NRG_CHDD_A(1.0),Cooling and heating degree days by country - annual data,A,Annual,NR,Number,HDD,Heating degree days,BG,Bulgaria,2021,,2503.07,,,,,
dataflow,ESTAT:NRG_CHDD_A(1.0),Cooling and heating degree days by country - annual data,A,Annual,NR,Number,HDD,Heating degree days,BG,Bulgaria,2022,,2306.77,,,,,
dataflow,ESTAT:NRG_CHDD_A(1.0),Cooling and heating degree days by country - annual data,A,Annual,NR,Number,HDD,Heating degree days,BG,Bulgaria,2023,,2081.00,,,,,
dataflow,ESTAT:NRG_CHDD_A(1.0),Cooling and heating degree days by country - annual data,A,Annual,NR,Number,HDD,Heating degree days,BG,Bulgaria,2024,,2108.87,,,,,
dataflow,ESTAT:NRG_CHDD_A(1.0),Cooling and heating degree days by country - annual data,A,Annual,NR,Number,HDD,Heating degree days,CY,Cyprus,1990,,824.94,,,,,
dataflow,ESTAT:NRG_CHDD_A(1.0),Cooling and heating degree days by country - annual data,A,Annual,NR,Number,HDD,Heating degree days,CY,Cyprus,1991,,807.88,,,,,
dataflow,ESTAT:NRG_CHDD_A(1.0),Cooling and heating degree days by country - annual data,A,Annual,NR,Number,HDD,Heating degree days,CY,Cyprus,1992,,1180.09,,,,,
dataflow,ESTAT:NRG_CHDD_A(1.0),Cooling and heating degree days by country - annual data,A,Annual,NR,Number,HDD,Heating degree days,CY,Cyprus,1993,,960.75,,,,,
dataflow,ESTAT:NRG_CHDD_A(1.0),Cooling and heating degree days by country - annual data,A,Annual,NR,Number,HDD,Heating degree days,CY,Cyprus,1994,,815.69,,,,,
dataflow,ESTAT:NRG_CHDD_A(1.0),Cooling and heating degree days by country - annual data,A,Annual,NR,Number,HDD,Heating degree days,CY,Cyprus,1995,,907.61,,,,,
dataflow,ESTAT:NRG_CHDD_A(1.0),Cooling and heating degree days by country - annual data,A,Annual,NR,Number,HDD,Heating degree days,CY,Cyprus,1996,,795.37,,,,,
dataflow,ESTAT:NRG_CHDD_A(1.0),Cooling and heating degree days by country - annual data,A,Annual,NR,Number,HDD,Heating degree days,CY,Cyprus,1997,,910.78,,,,,
dataflow,ESTAT:NRG_CHDD_A(1.0),Cooling and heating degree days by country - annual data,A,Annual,NR,Number,HDD,Heating degree days,CY,Cyprus,1998,,757.00,,,,,
dataflow,ESTAT:NRG_CHDD_A(1.0),Cooling and heating degree days by country - annual data,A,Annual,NR,Number,HDD,Heating degree days,CY,Cyprus,1999,,662.95,,,,,
dataflow,ESTAT:NRG_CHDD_A(1.0),Cooling and heating degree days by country - annual data,A,Annual,NR,Number,HDD,Heating degree days,CY,Cyprus,2000,,863.34,,,,,
dataflow,ESTAT:NRG_CHDD_A(1.0),Cooling and heating degree days by country - annual data,A,Annual,NR,Number,HDD,Heating degree days,CY,Cyprus,2001,,636.57,,,,,
dataflow,ESTAT:NRG_CHDD_A(1.0),Cooling and heating degree days by country - annual data,A,Annual,NR,Number,HDD,Heating degree days,CY,Cyprus,2002,,714.82,,,,,
dataflow,ESTAT:NRG_CHDD_A(1.0),Cooling and heating degree days by country - annual data,A,Annual,NR,Number,HDD,Heating degree days,CY,Cyprus,2003,,793.64,,,,,
dataflow,ESTAT:NRG_CHDD_A(1.0),Cooling and heating degree days by country - annual data,A,Annual,NR,Number,HDD,Heating degree days,CY,Cyprus,2004,,844.33,,,,,
dataflow,ESTAT:NRG_CHDD_A(1.0),Cooling and heating degree days by country - annual data,A,Annual,NR,Number,HDD,Heating degree days,CY,Cyprus,2005,,767.46,,,,,
dataflow,ESTAT:NRG_CHDD_A(1.0),Cooling and heating degree days by country - annual data,A,Annual,NR,Number,HDD,Heating degree days,CY,Cyprus,2006,,852.91,,,,,
dataflow,ESTAT:NRG_CHDD_A(1.0),Cooling and heating degree days by country - annual data,A,Annual,NR,Number,HDD,Heating degree days,CY,Cyprus,2007,,804.12,,,,,
dataflow,ESTAT:NRG_CHDD_A(1.0),Cooling and heating degree days by country - annual data,A,Annual,NR,Number,HDD,Heating degree days,CY,Cyprus,2008,,734.66,,,,,
dataflow,ESTAT:NRG_CHDD_A(1.0),Cooling and heating degree days by country - annual data,A,Annual,NR,Number,HDD,Heating degree days,CY,Cyprus,2009,,710.65,,,,,
dataflow,ESTAT:NRG_CHDD_A(1.0),Cooling and heating degree days by country - annual data,A,Annual,NR,Number,HDD,Heating degree days,CY,Cyprus,2010,,498.76,,,,,
dataflow,ESTAT:NRG_CHDD_A(1.0),Cooling and heating degree days by country - annual data,A,Annual,NR,Number,HDD,Heating degree days,CY,Cyprus,2011,,794.38,,,,,
dataflow,ESTAT:NRG_CHDD_A(1.0),Cooling and heating degree days by country - annual data,A,Annual,NR,Number,HDD,Heating degree days,CY,Cyprus,2012,,817.04,,,,,
dataflow,ESTAT:NRG_CHDD_A(1.0),Cooling and heating degree days by country - annual data,A,Annual,NR,Number,HDD,Heating degree days,CY,Cyprus,2013,,707.11,,,,,
dataflow,ESTAT:NRG_CHDD_A(1.0),Cooling and heating degree days by country - annual data,A,Annual,NR,Number,HDD,Heating degree days,CY,Cyprus,2014,,523.15,,,,,
dataflow,ESTAT:NRG_CHDD_A(1.0),Cooling and heating degree days by country - annual data,A,Annual,NR,Number,HDD,Heating degree days,CY,Cyprus,2015,,749.52,,,,,
dataflow,ESTAT:NRG_CHDD_A(1.0),Cooling and heating degree days by country - annual data,A,Annual,NR,Number,HDD,Heating degree days,CY,Cyprus,2016,,677.81,,,,,
dataflow,ESTAT:NRG_CHDD_A(1.0),Cooling and heating degree days by country - annual data,A,Annual,NR,Number,HDD,Heating degree days,CY,Cyprus,2017,,720.83,,,,,
dataflow,ESTAT:NRG_CHDD_A(1.0),Cooling and heating degree days by country - annual data,A,Annual,NR,Number,HDD,Heating degree days,CY,Cyprus,2018,,470.75,,,,,
dataflow,ESTAT:NRG_CHDD_A(1.0),Cooling and heating degree days by country - annual data,A,Annual,NR,Number,HDD,Heating degree days,CY,Cyprus,2019,,693.06,,,,,
dataflow,ESTAT:NRG_CHDD_A(1.0),Cooling and heating degree days by country - annual data,A,Annual,NR,Number,HDD,Heating degree days,CY,Cyprus,2020,,626.43,,,,,
dataflow,ESTAT:NRG_CHDD_A(1.0),Cooling and heating degree days by country - annual data,A,Annual,NR,Number,HDD,Heating degree days,CY,Cyprus,2021,,609.84,,,,,
dataflow,ESTAT:NRG_CHDD_A(1.0),Cooling and heating degree days by country - annual data,A,Annual,NR,Number,HDD,Heating degree days,CY,Cyprus,2022,,695.96,,,,,
dataflow,ESTAT:NRG_CHDD_A(1.0),Cooling and heating degree days by country - annual data,A,Annual,NR,Number,HDD,Heating degree days,CY,Cyprus,2023,,529.77,,,,,
dataflow,ESTAT:NRG_CHDD_A(1.0),Cooling and heating degree days by country - annual data,A,Annual,NR,Number,HDD,Heating degree days,CY,Cyprus,2024,,510.14,,,,,
dataflow,ESTAT:NRG_CHDD_A(1.0),Cooling and heating degree days by country - annual data,A,Annual,NR,Number,HDD,Heating degree days,CZ,Czechia,1990,,3302.92,,,,,
dataflow,ESTAT:NRG_CHDD_A(1.0),Cooling and heating degree days by country - annual data,A,Annual,NR,Number,HDD,Heating degree days,CZ,Czechia,1991,,3746.58,,,,,
dataflow,ESTAT:NRG_CHDD_A(1.0),Cooling and heating degree days by country - annual data,A,Annual,NR,Number,HDD,Heating degree days,CZ,Czechia,1992,,3370.68,,,,,
dataflow,ESTAT:NRG_CHDD_A(1.0),Cooling and heating degree days by country - annual data,A,Annual,NR,Number,HDD,Heating degree days,CZ,Czechia,1993,,3577.73,,,,,
dataflow,ESTAT:NRG_CHDD_A(1.0),Cooling and heating degree days by country - annual data,A,Annual,NR,Number,HDD,Heating degree days,CZ,Czechia,1994,,3269.88,,,,,
dataflow,ESTAT:NRG_CHDD_A(1.0),Cooling and heating degree days by country - annual data,A,Annual,NR,Number,HDD,Heating degree days,CZ,Czechia,1995,,3579.79,,,,,
dataflow,ESTAT:NRG_CHDD_A(1.0),Cooling and heating degree days by country - annual data,A,Annual,NR,Number,HDD,Heating degree days,CZ,Czechia,1996,,4116.32,,,,,
dataflow,ESTAT:NRG_CHDD_A(1.0),Cooling and heating degree days by country - annual data,A,Annual,NR,Number,HDD,Heating degree days,CZ,Czechia,1997,,3640.37,,,,,
dataflow,ESTAT:NRG_CHDD_A(1.0),Cooling and heating degree days by country - annual data,A,Annual,NR,Number,HDD,Heating degree days,CZ,Czechia,1998,,3427.02,,,,,
dataflow,ESTAT:NRG_CHDD_A(1.0),Cooling and heating degree days by country - annual data,A,Annual,NR,Number,HDD,Heating degree days,CZ,Czechia,1999,,3312.24,,,,,
dataflow,ESTAT:NRG_CHDD_A(1.0),Cooling and heating degree days by country - annual data,A,Annual,NR,Number,HDD,Heating degree days,CZ,Czechia,2000,,3097.45,,,,,
dataflow,ESTAT:NRG_CHDD_A(1.0),Cooling and heating degree days by country - annual data,A,Annual,NR,Number,HDD,Heating degree days,CZ,Czechia,2001,,3560.09,,,,,
dataflow,ESTAT:NRG_CHDD_A(1.0),Cooling and heating degree days by country - annual data,A,Annual,NR,Number,HDD,Heating degree days,CZ,Czechia,2002,,3273.97,,,,,
dataflow,ESTAT:NRG_CHDD_A(1.0),Cooling and heating degree days by country - annual data,A,Annual,NR,Number,HDD,Heating degree days,CZ,Czechia,2003,,3460.67,,,,,
dataflow,ESTAT:NRG_CHDD_A(1.0),Cooling and heating degree days by country - annual data,A,Annual,NR,Number,HDD,Heating degree days,CZ,Czechia,2004,,3470.78,,,,,
dataflow,ESTAT:NRG_CHDD_A(1.0),Cooling and heating degree days by country - annual data,A,Annual,NR,Number,HDD,Heating degree days,CZ,Czechia,2005,,3550.00,,,,,
dataflow,ESTAT:NRG_CHDD_A(1.0),Cooling and heating degree days by country - annual data,A,Annual,NR,Number,HDD,Heating degree days,CZ,Czechia,2006,,3430.32,,,,,
dataflow,ESTAT:NRG_CHDD_A(1.0),Cooling and heating degree days by country - annual data,A,Annual,NR,Number,HDD,Heating degree days,CZ,Czechia,2007,,3180.25,,,,,
dataflow,ESTAT:NRG_CHDD_A(1.0),Cooling and heating degree days by country - annual data,A,Annual,NR,Number,HDD,Heating degree days,CZ,Czechia,2008,,3210.66,,,,,
dataflow,ESTAT:NRG_CHDD_A(1.0),Cooling and heating degree days by country - annual data,A,Annual,NR,Number,HDD,Heating degree days,CZ,Czechia,2009,,3333.48,,,,,
dataflow,ESTAT:NRG_CHDD_A(1.0),Cooling and heating degree days by country - annual data,A,Annual,NR,Number,HDD,Heating degree days,CZ,Czechia,2010,,3828.88,,,,,
dataflow,ESTAT:NRG_CHDD_A(1.0),Cooling and heating degree days by country - annual data,A,Annual,NR,Number,HDD,Heating degree days,CZ,Czechia,2011,,3234.60,,,,,
dataflow,ESTAT:NRG_CHDD_A(1.0),Cooling and heating degree days by country - annual data,A,Annual,NR,Number,HDD,Heating degree days,CZ,Czechia,2012,,3399.61,,,,,
dataflow,ESTAT:NRG_CHDD_A(1.0),Cooling and heating degree days by country - annual data,A,Annual,NR,Number,HDD,Heating degree days,CZ,Czechia,2013,,3514.82,,,,,
dataflow,ESTAT:NRG_CHDD_A(1.0),Cooling and heating degree days by country - annual data,A,Annual,NR,Number,HDD,Heating degree days,CZ,Czechia,2014,,2919.87,,,,,
dataflow,ESTAT:NRG_CHDD_A(1.0),Cooling and heating degree days by country - annual data,A,Annual,NR,Number,HDD,Heating degree days,CZ,Czechia,2015,,3090.62,,,,,
dataflow,ESTAT:NRG_CHDD_A(1.0),Cooling and heating degree days by country - annual data,A,Annual,NR,Number,HDD,Heating degree days,CZ,Czechia,2016,,3247.67,,,,,
dataflow,ESTAT:NRG_CHDD_A(1.0),Cooling and heating degree days by country - annual data,A,Annual,NR,Number,HDD,Heating degree days,CZ,Czechia,2017,,3311.50,,,,,
dataflow,ESTAT:NRG_CHDD_A(1.0),Cooling and heating degree days by country - annual data,A,Annual,NR,Number,HDD,Heating degree days,CZ,Czechia,2018,,2995.64,,,,,
dataflow,ESTAT:NRG_CHDD_A(1.0),Cooling and heating degree days by country - annual data,A,Annual,NR,Number,HDD,Heating degree days,CZ,Czechia,2019,,2998.07,,,,,
dataflow,ESTAT:NRG_CHDD_A(1.0),Cooling and heating degree days by country - annual data,A,Annual,NR,Number,HDD,Heating degree days,CZ,Czechia,2020,,3078.94,,,,,
dataflow,ESTAT:NRG_CHDD_A(1.0),Cooling and heating degree days by country - annual data,A,Annual,NR,Number,HDD,Heating degree days,CZ,Czechia,2021,,3452.39,,,,,
dataflow,ESTAT:NRG_CHDD_A(1.0),Cooling and heating degree days by country - annual data,A,Annual,NR,Number,HDD,Heating degree days,CZ,Czechia,2022,,3083.32,,,,,
dataflow,ESTAT:NRG_CHDD_A(1.0),Cooling and heating degree days by country - annual data,A,Annual,NR,Number,HDD,Heating degree days,CZ,Czechia,2023,,2921.97,,,,,
dataflow,ESTAT:NRG_CHDD_A(1.0),Cooling and heating degree days by country - annual data,A,Annual,NR,Number,HDD,Heating degree days,CZ,Czechia,2024,,2779.84,,,,,
dataflow,ESTAT:NRG_CHDD_A(1.0),Cooling and heating degree days by country - annual data,A,Annual,NR,Number,HDD,Heating degree days,DE,Germany,1990,,2957.58,,,,,
dataflow,ESTAT:NRG_CHDD_A(1.0),Cooling and heating degree days by country - annual data,A,Annual,NR,Number,HDD,Heating degree days,DE,Germany,1991,,3403.08,,,,,
dataflow,ESTAT:NRG_CHDD_A(1.0),Cooling and heating degree days by country - annual data,A,Annual,NR,Number,HDD,Heating degree days,DE,Germany,1992,,3106.43,,,,,
dataflow,ESTAT:NRG_CHDD_A(1.0),Cooling and heating degree days by country - annual data,A,Annual,NR,Number,HDD,Heating degree days,DE,Germany,1993,,3297.91,,,,,
dataflow,ESTAT:NRG_CHDD_A(1.0),Cooling and heating degree days by country - annual data,A,Annual,NR,Number,HDD,Heating degree days,DE,Germany,1994,,3004.46,,,,,
dataflow,ESTAT:NRG_CHDD_A(1.0),Cooling and heating degree days by country - annual data,A,Annual,NR,Number,HDD,Heating degree days,DE,Germany,1995,,3264.50,,,,,
dataflow,ESTAT:NRG_CHDD_A(1.0),Cooling and heating degree days by country - annual data,A,Annual,NR,Number,HDD,Heating degree days,DE,Germany,1996,,3822.29,,,,,
dataflow,ESTAT:NRG_CHDD_A(1.0),Cooling and heating degree days by country - annual data,A,Annual,NR,Number,HDD,Heating degree days,DE,Germany,1997,,3228.41,,,,,
dataflow,ESTAT:NRG_CHDD_A(1.0),Cooling and heating degree days by country - annual data,A,Annual,NR,Number,HDD,Heating degree days,DE,Germany,1998,,3135.18,,,,,
dataflow,ESTAT:NRG_CHDD_A(1.0),Cooling and heating degree days by country - annual data,A,Annual,NR,Number,HDD,Heating degree days,DE,Germany,1999,,3003.63,,,,,
dataflow,ESTAT:NRG_CHDD_A(1.0),Cooling and heating degree days by country - annual data,A,Annual,NR,Number,HDD,Heating degree days,DE,Germany,2000,,2842.27,,,,,
dataflow,ESTAT:NRG_CHDD_A(1.0),Cooling and heating degree days by country - annual data,A,Annual,NR,Number,HDD,Heating degree days,DE,Germany,2001,,3216.74,,,,,
dataflow,ESTAT:NRG_CHDD_A(1.0),Cooling and heating degree days by country - annual data,A,Annual,NR,Number,HDD,Heating degree days,DE,Germany,2002,,3052.98,,,,,
dataflow,ESTAT:NRG_CHDD_A(1.0),Cooling and heating degree days by country - annual data,A,Annual,NR,Number,HDD,Heating degree days,DE,Germany,2003,,3221.84,,,,,
dataflow,ESTAT:NRG_CHDD_A(1.0),Cooling and heating degree days by country - annual data,A,Annual,NR,Number,HDD,Heating degree days,DE,Germany,2004,,3174.13,,,,,
dataflow,ESTAT:NRG_CHDD_A(1.0),Cooling and heating degree days by country - annual data,A,Annual,NR,Number,HDD,Heating degree days,DE,Germany,2005,,3149.06,,,,,
dataflow,ESTAT:NRG_CHDD_A(1.0),Cooling and heating degree days by country - annual data,A,Annual,NR,Number,HDD,Heating degree days,DE,Germany,2006,,3024.04,,,,,
dataflow,ESTAT:NRG_CHDD_A(1.0),Cooling and heating degree days by country - annual data,A,Annual,NR,Number,HDD,Heating degree days,DE,Germany,2007,,2820.38,,,,,
dataflow,ESTAT:NRG_CHDD_A(1.0),Cooling and heating degree days by country - annual data,A,Annual,NR,Number,HDD,Heating degree days,DE,Germany,2008,,2985.84,,,,,
dataflow,ESTAT:NRG_CHDD_A(1.0),Cooling and heating degree days by country - annual data,A,Annual,NR,Number,HDD,Heating degree days,DE,Germany,2009,,3081.38,,,,,
dataflow,ESTAT:NRG_CHDD_A(1.0),Cooling and heating degree days by country - annual data,A,Annual,NR,Number,HDD,Heating degree days,DE,Germany,2010,,3635.40,,,,,
dataflow,ESTAT:NRG_CHDD_A(1.0),Cooling and heating degree days by country - annual data,A,Annual,NR,Number,HDD,Heating degree days,DE,Germany,2011,,2873.02,,,,,
dataflow,ESTAT:NRG_CHDD_A(1.0),Cooling and heating degree days by country - annual data,A,Annual,NR,Number,HDD,Heating degree days,DE,Germany,2012,,3130.93,,,,,
dataflow,ESTAT:NRG_CHDD_A(1.0),Cooling and heating degree days by country - annual data,A,Annual,NR,Number,HDD,Heating degree days,DE,Germany,2013,,3289.06,,,,,
dataflow,ESTAT:NRG_CHDD_A(1.0),Cooling and heating degree days by country - annual data,A,Annual,NR,Number,HDD,Heating degree days,DE,Germany,2014,,2659.00,,,,,
dataflow,ESTAT:NRG_CHDD_A(1.0),Cooling and heating degree days by country - annual data,A,Annual,NR,Number,HDD,Heating degree days,DE,Germany,2015,,2908.42,,,,,
dataflow,ESTAT:NRG_CHDD_A(1.0),Cooling and heating degree days by country - annual data,A,Annual,NR,Number,HDD,Heating degree days,DE,Germany,2016,,3009.02,,,,,
dataflow,ESTAT:NRG_CHDD_A(1.0),Cooling and heating degree days by country - annual data,A,Annual,NR,Number,HDD,Heating degree days,DE,Germany,2017,,2965.83,,,,,
dataflow,ESTAT:NRG_CHDD_A(1.0),Cooling and heating degree days by country - annual data,A,Annual,NR,Number,HDD,Heating degree days,DE,Germany,2018,,2774.95,,,,,
dataflow,ESTAT:NRG_CHDD_A(1.0),Cooling and heating degree days by country - annual data,A,Annual,NR,Number,HDD,Heating degree days,DE,Germany,2019,,2800.81,,,,,
dataflow,ESTAT:NRG_CHDD_A(1.0),Cooling and heating degree days by country - annual data,A,Annual,NR,Number,HDD,Heating degree days,DE,Germany,2020,,2741.03,,,,,
dataflow,ESTAT:NRG_CHDD_A(1.0),Cooling and heating degree days by country - annual data,A,Annual,NR,Number,HDD,Heating degree days,DE,Germany,2021,,3114.19,,,,,
dataflow,ESTAT:NRG_CHDD_A(1.0),Cooling and heating degree days by country - annual data,A,Annual,NR,Number,HDD,Heating degree days,DE,Germany,2022,,2736.71,,,,,
dataflow,ESTAT:NRG_CHDD_A(1.0),Cooling and heating degree days by country - annual data,A,Annual,NR,Number,HDD,Heating degree days,DE,Germany,2023,,2661.88,,,,,
dataflow,ESTAT:NRG_CHDD_A(1.0),Cooling and heating degree days by country - annual data,A,Annual,NR,Number,HDD,Heating degree days,DE,Germany,2024,,2568.75,,,,,
dataflow,ESTAT:NRG_CHDD_A(1.0),Cooling and heating degree days by country - annual data,A,Annual,NR,Number,HDD,Heating degree days,DK,Denmark,1990,,3084.85,,,,,
dataflow,ESTAT:NRG_CHDD_A(1.0),Cooling and heating degree days by country - annual data,A,Annual,NR,Number,HDD,Heating degree days,DK,Denmark,1991,,3502.41,,,,,
dataflow,ESTAT:NRG_CHDD_A(1.0),Cooling and heating degree days by country - annual data,A,Annual,NR,Number,HDD,Heating degree days,DK,Denmark,1992,,3148.59,,,,,
dataflow,ESTAT:NRG_CHDD_A(1.0),Cooling and heating degree days by country - annual data,A,Annual,NR,Number,HDD,Heating degree days,DK,Denmark,1993,,3572.27,,,,,
dataflow,ESTAT:NRG_CHDD_A(1.0),Cooling and heating degree days by country - annual data,A,Annual,NR,Number,HDD,Heating degree days,DK,Denmark,1994,,3421.25,,,,,
dataflow,ESTAT:NRG_CHDD_A(1.0),Cooling and heating degree days by country - annual data,A,Annual,NR,Number,HDD,Heating degree days,DK,Denmark,1995,,3549.28,,,,,
dataflow,ESTAT:NRG_CHDD_A(1.0),Cooling and heating degree days by country - annual data,A,Annual,NR,Number,HDD,Heating degree days,DK,Denmark,1996,,4035.52,,,,,
dataflow,ESTAT:NRG_CHDD_A(1.0),Cooling and heating degree days by country - annual data,A,Annual,NR,Number,HDD,Heating degree days,DK,Denmark,1997,,3490.29,,,,,
dataflow,ESTAT:NRG_CHDD_A(1.0),Cooling and heating degree days by country - annual data,A,Annual,NR,Number,HDD,Heating degree days,DK,Denmark,1998,,3410.83,,,,,
dataflow,ESTAT:NRG_CHDD_A(1.0),Cooling and heating degree days by country - annual data,A,Annual,NR,Number,HDD,Heating degree days,DK,Denmark,1999,,3202.85,,,,,
dataflow,ESTAT:NRG_CHDD_A(1.0),Cooling and heating degree days by country - annual data,A,Annual,NR,Number,HDD,Heating degree days,DK,Denmark,2000,,3112.07,,,,,
dataflow,ESTAT:NRG_CHDD_A(1.0),Cooling and heating degree days by country - annual data,A,Annual,NR,Number,HDD,Heating degree days,DK,Denmark,2001,,3494.43,,,,,
dataflow,ESTAT:NRG_CHDD_A(1.0),Cooling and heating degree days by country - annual data,A,Annual,NR,Number,HDD,Heating degree days,DK,Denmark,2002,,3189.34,,,,,
dataflow,ESTAT:NRG_CHDD_A(1.0),Cooling and heating degree days by country - annual data,A,Annual,NR,Number,HDD,Heating degree days,DK,Denmark,2003,,3325.61,,,,,
dataflow,ESTAT:NRG_CHDD_A(1.0),Cooling and heating degree days by country - annual data,A,Annual,NR,Number,HDD,Heating degree days,DK,Denmark,2004,,3309.22,,,,,
dataflow,ESTAT:NRG_CHDD_A(1.0),Cooling and heating degree days by country - annual data,A,Annual,NR,Number,HDD,Heating degree days,DK,Denmark,2005,,3261.34,,,,,
dataflow,ESTAT:NRG_CHDD_A(1.0),Cooling and heating degree days by country - annual data,A,Annual,NR,Number,HDD,Heating degree days,DK,Denmark,2006,,3084.26,,,,,
dataflow,ESTAT:NRG_CHDD_A(1.0),Cooling and heating degree days by country - annual data,A,Annual,NR,Number,HDD,Heating degree days,DK,Denmark,2007,,3000.97,,,,,
dataflow,ESTAT:NRG_CHDD_A(1.0),Cooling and heating degree days by country - annual data,A,Annual,NR,Number,HDD,Heating degree days,DK,Denmark,2008,,3019.35,,,,,
dataflow,ESTAT:NRG_CHDD_A(1.0),Cooling and heating degree days by country - annual data,A,Annual,NR,Number,HDD,Heating degree days,DK,Denmark,2009,,3230.76,,,,,
dataflow,ESTAT:NRG_CHDD_A(1.0),Cooling and heating degree days by country - annual data,A,Annual,NR,Number,HDD,Heating degree days,DK,Denmark,2010,,3982.16,,,,,
dataflow,ESTAT:NRG_CHDD_A(1.0),Cooling and heating degree days by country - annual data,A,Annual,NR,Number,HDD,Heating degree days,DK,Denmark,2011,,3148.45,,,,,
dataflow,ESTAT:NRG_CHDD_A(1.0),Cooling and heating degree days by country - annual data,A,Annual,NR,Number,HDD,Heating degree days,DK,Denmark,2012,,3424.15,,,,,
dataflow,ESTAT:NRG_CHDD_A(1.0),Cooling and heating degree days by country - annual data,A,Annual,NR,Number,HDD,Heating degree days,DK,Denmark,2013,,3396.28,,,,,
dataflow,ESTAT:NRG_CHDD_A(1.0),Cooling and heating degree days by country - annual data,A,Annual,NR,Number,HDD,Heating degree days,DK,Denmark,2014,,2834.98,,,,,
dataflow,ESTAT:NRG_CHDD_A(1.0),Cooling and heating degree days by country - annual data,A,Annual,NR,Number,HDD,Heating degree days,DK,Denmark,2015,,3114.15,,,,,
dataflow,ESTAT:NRG_CHDD_A(1.0),Cooling and heating degree days by country - annual data,A,Annual,NR,Number,HDD,Heating degree days,DK,Denmark,2016,,3141.46,,,,,
dataflow,ESTAT:NRG_CHDD_A(1.0),Cooling and heating degree days by country - annual data,A,Annual,NR,Number,HDD,Heating degree days,DK,Denmark,2017,,3112.11,,,,,
dataflow,ESTAT:NRG_CHDD_A(1.0),Cooling and heating degree days by country - annual data,A,Annual,NR,Number,HDD,Heating degree days,DK,Denmark,2018,,3048.54,,,,,
dataflow,ESTAT:NRG_CHDD_A(1.0),Cooling and heating degree days by country - annual data,A,Annual,NR,Number,HDD,Heating degree days,DK,Denmark,2019,,3026.80,,,,,
dataflow,ESTAT:NRG_CHDD_A(1.0),Cooling and heating degree days by country - annual data,A,Annual,NR,Number,HDD,Heating degree days,DK,Denmark,2020,,2921.40,,,,,
dataflow,ESTAT:NRG_CHDD_A(1.0),Cooling and heating degree days by country - annual data,A,Annual,NR,Number,HDD,Heating degree days,DK,Denmark,2021,,3263.77,,,,,
dataflow,ESTAT:NRG_CHDD_A(1.0),Cooling and heating degree days by country - annual data,A,Annual,NR,Number,HDD,Heating degree days,DK,Denmark,2022,,3019.14,,,,,
dataflow,ESTAT:NRG_CHDD_A(1.0),Cooling and heating degree days by country - annual data,A,Annual,NR,Number,HDD,Heating degree days,DK,Denmark,2023,,3034.40,,,,,
dataflow,ESTAT:NRG_CHDD_A(1.0),Cooling and heating degree days by country - annual data,A,Annual,NR,Number,HDD,Heating degree days,DK,Denmark,2024,,2889.22,,,,,
dataflow,ESTAT:NRG_CHDD_A(1.0),Cooling and heating degree days by country - annual data,A,Annual,NR,Number,HDD,Heating degree days,EE,Estonia,1990,,4050.75,,,,,
dataflow,ESTAT:NRG_CHDD_A(1.0),Cooling and heating degree days by country - annual data,A,Annual,NR,Number,HDD,Heating degree days,EE,Estonia,1991,,4196.81,,,,,
dataflow,ESTAT:NRG_CHDD_A(1.0),Cooling and heating degree days by country - annual data,A,Annual,NR,Number,HDD,Heating degree days,EE,Estonia,1992,,4198.19,,,,,
dataflow,ESTAT:NRG_CHDD_A(1.0),Cooling and heating degree days by country - annual data,A,Annual,NR,Number,HDD,Heating degree days,EE,Estonia,1993,,4605.20,,,,,
dataflow,ESTAT:NRG_CHDD_A(1.0),Cooling and heating degree days by country - annual data,A,Annual,NR,Number,HDD,Heating degree days,EE,Estonia,1994,,4639.03,,,,,
dataflow,ESTAT:NRG_CHDD_A(1.0),Cooling and heating degree days by country - annual data,A,Annual,NR,Number,HDD,Heating degree days,EE,Estonia,1995,,4217.99,,,,,
dataflow,ESTAT:NRG_CHDD_A(1.0),Cooling and heating degree days by country - annual data,A,Annual,NR,Number,HDD,Heating degree days,EE,Estonia,1996,,4826.67,,,,,
dataflow,ESTAT:NRG_CHDD_A(1.0),Cooling and heating degree days by country - annual data,A,Annual,NR,Number,HDD,Heating degree days,EE,Estonia,1997,,4451.34,,,,,
dataflow,ESTAT:NRG_CHDD_A(1.0),Cooling and heating degree days by country - annual data,A,Annual,NR,Number,HDD,Heating degree days,EE,Estonia,1998,,4485.82,,,,,
dataflow,ESTAT:NRG_CHDD_A(1.0),Cooling and heating degree days by country - annual data,A,Annual,NR,Number,HDD,Heating degree days,EE,Estonia,1999,,4169.20,,,,,
dataflow,ESTAT:NRG_CHDD_A(1.0),Cooling and heating degree days by country - annual data,A,Annual,NR,Number,HDD,Heating degree days,EE,Estonia,2000,,3904.14,,,,,
dataflow,ESTAT:NRG_CHDD_A(1.0),Cooling and heating degree days by country - annual data,A,Annual,NR,Number,HDD,Heating degree days,EE,Estonia,2001,,4356.83,,,,,
dataflow,ESTAT:NRG_CHDD_A(1.0),Cooling and heating degree days by country - annual data,A,Annual,NR,Number,HDD,Heating degree days,EE,Estonia,2002,,4277.70,,,,,
dataflow,ESTAT:NRG_CHDD_A(1.0),Cooling and heating degree days by country - annual data,A,Annual,NR,Number,HDD,Heating degree days,EE,Estonia,2003,,4436.75,,,,,
dataflow,ESTAT:NRG_CHDD_A(1.0),Cooling and heating degree days by country - annual data,A,Annual,NR,Number,HDD,Heating degree days,EE,Estonia,2004,,4338.20,,,,,
dataflow,ESTAT:NRG_CHDD_A(1.0),Cooling and heating degree days by country - annual data,A,Annual,NR,Number,HDD,Heating degree days,EE,Estonia,2005,,4331.94,,,,,
dataflow,ESTAT:NRG_CHDD_A(1.0),Cooling and heating degree days by country - annual data,A,Annual,NR,Number,HDD,Heating degree days,EE,Estonia,2006,,4173.78,,,,,
dataflow,ESTAT:NRG_CHDD_A(1.0),Cooling and heating degree days by country - annual data,A,Annual,NR,Number,HDD,Heating degree days,EE,Estonia,2007,,4056.17,,,,,
dataflow,ESTAT:NRG_CHDD_A(1.0),Cooling and heating degree days by country - annual data,A,Annual,NR,Number,HDD,Heating degree days,EE,Estonia,2008,,3882.35,,,,,
dataflow,ESTAT:NRG_CHDD_A(1.0),Cooling and heating degree days by country - annual data,A,Annual,NR,Number,HDD,Heating degree days,EE,Estonia,2009,,4318.15,,,,,
dataflow,ESTAT:NRG_CHDD_A(1.0),Cooling and heating degree days by country - annual data,A,Annual,NR,Number,HDD,Heating degree days,EE,Estonia,2010,,4887.23,,,,,
dataflow,ESTAT:NRG_CHDD_A(1.0),Cooling and heating degree days by country - annual data,A,Annual,NR,Number,HDD,Heating degree days,EE,Estonia,2011,,4084.00,,,,,
dataflow,ESTAT:NRG_CHDD_A(1.0),Cooling and heating degree days by country - annual data,A,Annual,NR,Number,HDD,Heating degree days,EE,Estonia,2012,,4579.62,,,,,
dataflow,ESTAT:NRG_CHDD_A(1.0),Cooling and heating degree days by country - annual data,A,Annual,NR,Number,HDD,Heating degree days,EE,Estonia,2013,,4154.32,,,,,
dataflow,ESTAT:NRG_CHDD_A(1.0),Cooling and heating degree days by country - annual data,A,Annual,NR,Number,HDD,Heating degree days,EE,Estonia,2014,,4143.17,,,,,
dataflow,ESTAT:NRG_CHDD_A(1.0),Cooling and heating degree days by country - annual data,A,Annual,NR,Number,HDD,Heating degree days,EE,Estonia,2015,,3795.56,,,,,
dataflow,ESTAT:NRG_CHDD_A(1.0),Cooling and heating degree days by country - annual data,A,Annual,NR,Number,HDD,Heating degree days,EE,Estonia,2016,,4208.45,,,,,
dataflow,ESTAT:NRG_CHDD_A(1.0),Cooling and heating degree days by country - annual data,A,Annual,NR,Number,HDD,Heating degree days,EE,Estonia,2017,,4209.57,,,,,
dataflow,ESTAT:NRG_CHDD_A(1.0),Cooling and heating degree days by country - annual data,A,Annual,NR,Number,HDD,Heating degree days,EE,Estonia,2018,,4064.64,,,,,
dataflow,ESTAT:NRG_CHDD_A(1.0),Cooling and heating degree days by country - annual data,A,Annual,NR,Number,HDD,Heating degree days,EE,Estonia,2019,,3883.05,,,,,
dataflow,ESTAT:NRG_CHDD_A(1.0),Cooling and heating degree days by country - annual data,A,Annual,NR,Number,HDD,Heating degree days,EE,Estonia,2020,,3554.43,,,,,
dataflow,ESTAT:NRG_CHDD_A(1.0),Cooling and heating degree days by country - annual data,A,Annual,NR,Number,HDD,Heating degree days,EE,Estonia,2021,,4283.10,,,,,
dataflow,ESTAT:NRG_CHDD_A(1.0),Cooling and heating degree days by country - annual data,A,Annual,NR,Number,HDD,Heating degree days,EE,Estonia,2022,,4116.74,,,,,
dataflow,ESTAT:NRG_CHDD_A(1.0),Cooling and heating degree days by country - annual data,A,Annual,NR,Number,HDD,Heating degree days,EE,Estonia,2023,,3985.22,,,,,
dataflow,ESTAT:NRG_CHDD_A(1.0),Cooling and heating degree days by country - annual data,A,Annual,NR,Number,HDD,Heating degree days,EE,Estonia,2024,,3667.81,,,,,
dataflow,ESTAT:NRG_CHDD_A(1.0),Cooling and heating degree days by country - annual data,A,Annual,NR,Number,HDD,Heating degree days,EL,Greece,1990,,1636.03,,,,,
dataflow,ESTAT:NRG_CHDD_A(1.0),Cooling and heating degree days by country - annual data,A,Annual,NR,Number,HDD,Heating degree days,EL,Greece,1991,,1953.12,,,,,
dataflow,ESTAT:NRG_CHDD_A(1.0),Cooling and heating degree days by country - annual data,A,Annual,NR,Number,HDD,Heating degree days,EL,Greece,1992,,1834.12,,,,,
dataflow,ESTAT:NRG_CHDD_A(1.0),Cooling and heating degree days by country - annual data,A,Annual,NR,Number,HDD,Heating degree days,EL,Greece,1993,,1813.70,,,,,
dataflow,ESTAT:NRG_CHDD_A(1.0),Cooling and heating degree days by country - annual data,A,Annual,NR,Number,HDD,Heating degree days,EL,Greece,1994,,1596.12,,,,,
dataflow,ESTAT:NRG_CHDD_A(1.0),Cooling and heating degree days by country - annual data,A,Annual,NR,Number,HDD,Heating degree days,EL,Greece,1995,,1715.02,,,,,
dataflow,ESTAT:NRG_CHDD_A(1.0),Cooling and heating degree days by country - annual data,A,Annual,NR,Number,HDD,Heating degree days,EL,Greece,1996,,1804.68,,,,,
dataflow,ESTAT:NRG_CHDD_A(1.0),Cooling and heating degree days by country - annual data,A,Annual,NR,Number,HDD,Heating degree days,EL,Greece,1997,,1821.25,,,,,
dataflow,ESTAT:NRG_CHDD_A(1.0),Cooling and heating degree days by country - annual data,A,Annual,NR,Number,HDD,Heating degree days,EL,Greece,1998,,1690.09,,,,,
dataflow,ESTAT:NRG_CHDD_A(1.0),Cooling and heating degree days by country - annual data,A,Annual,NR,Number,HDD,Heating degree days,EL,Greece,1999,,1563.01,,,,,
dataflow,ESTAT:NRG_CHDD_A(1.0),Cooling and heating degree days by country - annual data,A,Annual,NR,Number,HDD,Heating degree days,EL,Greece,2000,,1661.02,,,,,
dataflow,ESTAT:NRG_CHDD_A(1.0),Cooling and heating degree days by country - annual data,A,Annual,NR,Number,HDD,Heating degree days,EL,Greece,2001,,1593.33,,,,,
dataflow,ESTAT:NRG_CHDD_A(1.0),Cooling and heating degree days by country - annual data,A,Annual,NR,Number,HDD,Heating degree days,EL,Greece,2002,,1549.11,,,,,
dataflow,ESTAT:NRG_CHDD_A(1.0),Cooling and heating degree days by country - annual data,A,Annual,NR,Number,HDD,Heating degree days,EL,Greece,2003,,1747.33,,,,,
dataflow,ESTAT:NRG_CHDD_A(1.0),Cooling and heating degree days by country - annual data,A,Annual,NR,Number,HDD,Heating degree days,EL,Greece,2004,,1594.93,,,,,
dataflow,ESTAT:NRG_CHDD_A(1.0),Cooling and heating degree days by country - annual data,A,Annual,NR,Number,HDD,Heating degree days,EL,Greece,2005,,1691.44,,,,,
dataflow,ESTAT:NRG_CHDD_A(1.0),Cooling and heating degree days by country - annual data,A,Annual,NR,Number,HDD,Heating degree days,EL,Greece,2006,,1749.23,,,,,
dataflow,ESTAT:NRG_CHDD_A(1.0),Cooling and heating degree days by country - annual data,A,Annual,NR,Number,HDD,Heating degree days,EL,Greece,2007,,1546.70,,,,,
dataflow,ESTAT:NRG_CHDD_A(1.0),Cooling and heating degree days by country - annual data,A,Annual,NR,Number,HDD,Heating degree days,EL,Greece,2008,,1498.82,,,,,
dataflow,ESTAT:NRG_CHDD_A(1.0),Cooling and heating degree days by country - annual data,A,Annual,NR,Number,HDD,Heating degree days,EL,Greece,2009,,1496.91,,,,,
dataflow,ESTAT:NRG_CHDD_A(1.0),Cooling and heating degree days by country - annual data,A,Annual,NR,Number,HDD,Heating degree days,EL,Greece,2010,,1390.85,,,,,
dataflow,ESTAT:NRG_CHDD_A(1.0),Cooling and heating degree days by country - annual data,A,Annual,NR,Number,HDD,Heating degree days,EL,Greece,2011,,1796.64,,,,,
dataflow,ESTAT:NRG_CHDD_A(1.0),Cooling and heating degree days by country - annual data,A,Annual,NR,Number,HDD,Heating degree days,EL,Greece,2012,,1654.99,,,,,
dataflow,ESTAT:NRG_CHDD_A(1.0),Cooling and heating degree days by country - annual data,A,Annual,NR,Number,HDD,Heating degree days,EL,Greece,2013,,1439.27,,,,,
dataflow,ESTAT:NRG_CHDD_A(1.0),Cooling and heating degree days by country - annual data,A,Annual,NR,Number,HDD,Heating degree days,EL,Greece,2014,,1397.47,,,,,
dataflow,ESTAT:NRG_CHDD_A(1.0),Cooling and heating degree days by country - annual data,A,Annual,NR,Number,HDD,Heating degree days,EL,Greece,2015,,1572.95,,,,,
dataflow,ESTAT:NRG_CHDD_A(1.0),Cooling and heating degree days by country - annual data,A,Annual,NR,Number,HDD,Heating degree days,EL,Greece,2016,,1458.36,,,,,
dataflow,ESTAT:NRG_CHDD_A(1.0),Cooling and heating degree days by country - annual data,A,Annual,NR,Number,HDD,Heating degree days,EL,Greece,2017,,1612.13,,,,,
dataflow,ESTAT:NRG_CHDD_A(1.0),Cooling and heating degree days by country - annual data,A,Annual,NR,Number,HDD,Heating degree days,EL,Greece,2018,,1371.74,,,,,
dataflow,ESTAT:NRG_CHDD_A(1.0),Cooling and heating degree days by country - annual data,A,Annual,NR,Number,HDD,Heating degree days,EL,Greece,2019,,1448.99,,,,,
dataflow,ESTAT:NRG_CHDD_A(1.0),Cooling and heating degree days by country - annual data,A,Annual,NR,Number,HDD,Heating degree days,EL,Greece,2020,,1491.43,,,,,
dataflow,ESTAT:NRG_CHDD_A(1.0),Cooling and heating degree days by country - annual data,A,Annual,NR,Number,HDD,Heating degree days,EL,Greece,2021,,1535.61,,,,,
dataflow,ESTAT:NRG_CHDD_A(1.0),Cooling and heating degree days by country - annual data,A,Annual,NR,Number,HDD,Heating degree days,EL,Greece,2022,,1537.55,,,,,
dataflow,ESTAT:NRG_CHDD_A(1.0),Cooling and heating degree days by country - annual data,A,Annual,NR,Number,HDD,Heating degree days,EL,Greece,2023,,1375.80,,,,,
dataflow,ESTAT:NRG_CHDD_A(1.0),Cooling and heating degree days by country - annual data,A,Annual,NR,Number,HDD,Heating degree days,EL,Greece,2024,,1310.22,,,,,
dataflow,ESTAT:NRG_CHDD_A(1.0),Cooling and heating degree days by country - annual data,A,Annual,NR,Number,HDD,Heating degree days,ES,Spain,1990,,1797.76,,,,,
dataflow,ESTAT:NRG_CHDD_A(1.0),Cooling and heating degree days by country - annual data,A,Annual,NR,Number,HDD,Heating degree days,ES,Spain,1991,,2103.43,,,,,
dataflow,ESTAT:NRG_CHDD_A(1.0),Cooling and heating degree days by country - annual data,A,Annual,NR,Number,HDD,Heating degree days,ES,Spain,1992,,1977.46,,,,,
dataflow,ESTAT:NRG_CHDD_A(1.0),Cooling and heating degree days by country - annual data,A,Annual,NR,Number,HDD,Heating degree days,ES,Spain,1993,,2076.01,,,,,
dataflow,ESTAT:NRG_CHDD_A(1.0),Cooling and heating degree days by country - annual data,A,Annual,NR,Number,HDD,Heating degree days,ES,Spain,1994,,1751.11,,,,,
dataflow,ESTAT:NRG_CHDD_A(1.0),Cooling and heating degree days by country - annual data,A,Annual,NR,Number,HDD,Heating degree days,ES,Spain,1995,,1552.85,,,,,
dataflow,ESTAT:NRG_CHDD_A(1.0),Cooling and heating degree days by country - annual data,A,Annual,NR,Number,HDD,Heating degree days,ES,Spain,1996,,1833.66,,,,,
dataflow,ESTAT:NRG_CHDD_A(1.0),Cooling and heating degree days by country - annual data,A,Annual,NR,Number,HDD,Heating degree days,ES,Spain,1997,,1511.54,,,,,
dataflow,ESTAT:NRG_CHDD_A(1.0),Cooling and heating degree days by country - annual data,A,Annual,NR,Number,HDD,Heating degree days,ES,Spain,1998,,1777.50,,,,,
dataflow,ESTAT:NRG_CHDD_A(1.0),Cooling and heating degree days by country - annual data,A,Annual,NR,Number,HDD,Heating degree days,ES,Spain,1999,,1858.04,,,,,
dataflow,ESTAT:NRG_CHDD_A(1.0),Cooling and heating degree days by country - annual data,A,Annual,NR,Number,HDD,Heating degree days,ES,Spain,2000,,1814.60,,,,,
dataflow,ESTAT:NRG_CHDD_A(1.0),Cooling and heating degree days by country - annual data,A,Annual,NR,Number,HDD,Heating degree days,ES,Spain,2001,,1787.38,,,,,
dataflow,ESTAT:NRG_CHDD_A(1.0),Cooling and heating degree days by country - annual data,A,Annual,NR,Number,HDD,Heating degree days,ES,Spain,2002,,1680.70,,,,,
dataflow,ESTAT:NRG_CHDD_A(1.0),Cooling and heating degree days by country - annual data,A,Annual,NR,Number,HDD,Heating degree days,ES,Spain,2003,,1776.37,,,,,
dataflow,ESTAT:NRG_CHDD_A(1.0),Cooling and heating degree days by country - annual data,A,Annual,NR,Number,HDD,Heating degree days,ES,Spain,2004,,1935.16,,,,,
dataflow,ESTAT:NRG_CHDD_A(1.0),Cooling and heating degree days by country - annual data,A,Annual,NR,Number,HDD,Heating degree days,ES,Spain,2005,,1962.13,,,,,
dataflow,ESTAT:NRG_CHDD_A(1.0),Cooling and heating degree days by country - annual data,A,Annual,NR,Number,HDD,Heating degree days,ES,Spain,2006,,1684.49,,,,,
dataflow,ESTAT:NRG_CHDD_A(1.0),Cooling and heating degree days by country - annual data,A,Annual,NR,Number,HDD,Heating degree days,ES,Spain,2007,,1829.89,,,,,
dataflow,ESTAT:NRG_CHDD_A(1.0),Cooling and heating degree days by country - annual data,A,Annual,NR,Number,HDD,Heating degree days,ES,Spain,2008,,1864.97,,,,,
dataflow,ESTAT:NRG_CHDD_A(1.0),Cooling and heating degree days by country - annual data,A,Annual,NR,Number,HDD,Heating degree days,ES,Spain,2009,,1720.56,,,,,
dataflow,ESTAT:NRG_CHDD_A(1.0),Cooling and heating degree days by country - annual data,A,Annual,NR,Number,HDD,Heating degree days,ES,Spain,2010,,1953.46,,,,,
dataflow,ESTAT:NRG_CHDD_A(1.0),Cooling and heating degree days by country - annual data,A,Annual,NR,Number,HDD,Heating degree days,ES,Spain,2011,,1572.46,,,,,
dataflow,ESTAT:NRG_CHDD_A(1.0),Cooling and heating degree days by country - annual data,A,Annual,NR,Number,HDD,Heating degree days,ES,Spain,2012,,1873.15,,,,,
dataflow,ESTAT:NRG_CHDD_A(1.0),Cooling and heating degree days by country - annual data,A,Annual,NR,Number,HDD,Heating degree days,ES,Spain,2013,,1921.25,,,,,
dataflow,ESTAT:NRG_CHDD_A(1.0),Cooling and heating degree days by country - annual data,A,Annual,NR,Number,HDD,Heating degree days,ES,Spain,2014,,1554.36,,,,,
dataflow,ESTAT:NRG_CHDD_A(1.0),Cooling and heating degree days by country - annual data,A,Annual,NR,Number,HDD,Heating degree days,ES,Spain,2015,,1610.60,,,,,
dataflow,ESTAT:NRG_CHDD_A(1.0),Cooling and heating degree days by country - annual data,A,Annual,NR,Number,HDD,Heating degree days,ES,Spain,2016,,1724.77,,,,,
dataflow,ESTAT:NRG_CHDD_A(1.0),Cooling and heating degree days by country - annual data,A,Annual,NR,Number,HDD,Heating degree days,ES,Spain,2017,,1606.48,,,,,
dataflow,ESTAT:NRG_CHDD_A(1.0),Cooling and heating degree days by country - annual data,A,Annual,NR,Number,HDD,Heating degree days,ES,Spain,2018,,1796.63,,,,,
dataflow,ESTAT:NRG_CHDD_A(1.0),Cooling and heating degree days by country - annual data,A,Annual,NR,Number,HDD,Heating degree days,ES,Spain,2019,,1670.72,,,,,
dataflow,ESTAT:NRG_CHDD_A(1.0),Cooling and heating degree days by country - annual data,A,Annual,NR,Number,HDD,Heating degree days,ES,Spain,2020,,1554.52,,,,,
dataflow,ESTAT:NRG_CHDD_A(1.0),Cooling and heating degree days by country - annual data,A,Annual,NR,Number,HDD,Heating degree days,ES,Spain,2021,,1663.07,,,,,
dataflow,ESTAT:NRG_CHDD_A(1.0),Cooling and heating degree days by country - annual data,A,Annual,NR,Number,HDD,Heating degree days,ES,Spain,2022,,1478.25,,,,,
dataflow,ESTAT:NRG_CHDD_A(1.0),Cooling and heating degree days by country - annual data,A,Annual,NR,Number,HDD,Heating degree days,ES,Spain,2023,,1481.64,,,,,
dataflow,ESTAT:NRG_CHDD_A(1.0),Cooling and heating degree days by country - annual data,A,Annual,NR,Number,HDD,Heating degree days,ES,Spain,2024,,1428.50,,,,,
dataflow,ESTAT:NRG_CHDD_A(1.0),Cooling and heating degree days by country - annual data,A,Annual,NR,Number,HDD,Heating degree days,EU27_2020,European Union - 27 countries (from 2020),1990,,3033.33,,,,,
dataflow,ESTAT:NRG_CHDD_A(1.0),Cooling and heating degree days by country - annual data,A,Annual,NR,Number,HDD,Heating degree days,EU27_2020,European Union - 27 countries (from 2020),1991,,3399.90,,,,,
dataflow,ESTAT:NRG_CHDD_A(1.0),Cooling and heating degree days by country - annual data,A,Annual,NR,Number,HDD,Heating degree days,EU27_2020,European Union - 27 countries (from 2020),1992,,3209.52,,,,,
dataflow,ESTAT:NRG_CHDD_A(1.0),Cooling and heating degree days by country - annual data,A,Annual,NR,Number,HDD,Heating degree days,EU27_2020,European Union - 27 countries (from 2020),1993,,3374.77,,,,,
dataflow,ESTAT:NRG_CHDD_A(1.0),Cooling and heating degree days by country - annual data,A,Annual,NR,Number,HDD,Heating degree days,EU27_2020,European Union - 27 countries (from 2020),1994,,3147.05,,,,,
dataflow,ESTAT:NRG_CHDD_A(1.0),Cooling and heating degree days by country - annual data,A,Annual,NR,Number,HDD,Heating degree days,EU27_2020,European Union - 27 countries (from 2020),1995,,3219.13,,,,,
dataflow,ESTAT:NRG_CHDD_A(1.0),Cooling and heating degree days by country - annual data,A,Annual,NR,Number,HDD,Heating degree days,EU27_2020,European Union - 27 countries (from 2020),1996,,3533.35,,,,,
dataflow,ESTAT:NRG_CHDD_A(1.0),Cooling and heating degree days by country - annual data,A,Annual,NR,Number,HDD,Heating degree days,EU27_2020,European Union - 27 countries (from 2020),1997,,3193.86,,,,,
dataflow,ESTAT:NRG_CHDD_A(1.0),Cooling and heating degree days by country - annual data,A,Annual,NR,Number,HDD,Heating degree days,EU27_2020,European Union - 27 countries (from 2020),1998,,3263.10,,,,,
dataflow,ESTAT:NRG_CHDD_A(1.0),Cooling and heating degree days by country - annual data,A,Annual,NR,Number,HDD,Heating degree days,EU27_2020,European Union - 27 countries (from 2020),1999,,3129.09,,,,,
dataflow,ESTAT:NRG_CHDD_A(1.0),Cooling and heating degree days by country - annual data,A,Annual,NR,Number,HDD,Heating degree days,EU27_2020,European Union - 27 countries (from 2020),2000,,2960.77,,,,,
dataflow,ESTAT:NRG_CHDD_A(1.0),Cooling and heating degree days by country - annual data,A,Annual,NR,Number,HDD,Heating degree days,EU27_2020,European Union - 27 countries (from 2020),2001,,3210.04,,,,,
dataflow,ESTAT:NRG_CHDD_A(1.0),Cooling and heating degree days by country - annual data,A,Annual,NR,Number,HDD,Heating degree days,EU27_2020,European Union - 27 countries (from 2020),2002,,3063.00,,,,,
dataflow,ESTAT:NRG_CHDD_A(1.0),Cooling and heating degree days by country - annual data,A,Annual,NR,Number,HDD,Heating degree days,EU27_2020,European Union - 27 countries (from 2020),2003,,3225.75,,,,,
dataflow,ESTAT:NRG_CHDD_A(1.0),Cooling and heating degree days by country - annual data,A,Annual,NR,Number,HDD,Heating degree days,EU27_2020,European Union - 27 countries (from 2020),2004,,3215.73,,,,,
dataflow,ESTAT:NRG_CHDD_A(1.0),Cooling and heating degree days by country - annual data,A,Annual,NR,Number,HDD,Heating degree days,EU27_2020,European Union - 27 countries (from 2020),2005,,3209.72,,,,,
dataflow,ESTAT:NRG_CHDD_A(1.0),Cooling and heating degree days by country - annual data,A,Annual,NR,Number,HDD,Heating degree days,EU27_2020,European Union - 27 countries (from 2020),2006,,3084.50,,,,,
dataflow,ESTAT:NRG_CHDD_A(1.0),Cooling and heating degree days by country - annual data,A,Annual,NR,Number,HDD,Heating degree days,EU27_2020,European Union - 27 countries (from 2020),2007,,2985.90,,,,,
dataflow,ESTAT:NRG_CHDD_A(1.0),Cooling and heating degree days by country - annual data,A,Annual,NR,Number,HDD,Heating degree days,EU27_2020,European Union - 27 countries (from 2020),2008,,3036.39,,,,,
dataflow,ESTAT:NRG_CHDD_A(1.0),Cooling and heating degree days by country - annual data,A,Annual,NR,Number,HDD,Heating degree days,EU27_2020,European Union - 27 countries (from 2020),2009,,3113.25,,,,,
dataflow,ESTAT:NRG_CHDD_A(1.0),Cooling and heating degree days by country - annual data,A,Annual,NR,Number,HDD,Heating degree days,EU27_2020,European Union - 27 countries (from 2020),2010,,3497.41,,,,,
dataflow,ESTAT:NRG_CHDD_A(1.0),Cooling and heating degree days by country - annual data,A,Annual,NR,Number,HDD,Heating degree days,EU27_2020,European Union - 27 countries (from 2020),2011,,2968.15,,,,,
dataflow,ESTAT:NRG_CHDD_A(1.0),Cooling and heating degree days by country - annual data,A,Annual,NR,Number,HDD,Heating degree days,EU27_2020,European Union - 27 countries (from 2020),2012,,3237.86,,,,,
dataflow,ESTAT:NRG_CHDD_A(1.0),Cooling and heating degree days by country - annual data,A,Annual,NR,Number,HDD,Heating degree days,EU27_2020,European Union - 27 countries (from 2020),2013,,3160.09,,,,,
dataflow,ESTAT:NRG_CHDD_A(1.0),Cooling and heating degree days by country - annual data,A,Annual,NR,Number,HDD,Heating degree days,EU27_2020,European Union - 27 countries (from 2020),2014,,2815.53,,,,,
dataflow,ESTAT:NRG_CHDD_A(1.0),Cooling and heating degree days by country - annual data,A,Annual,NR,Number,HDD,Heating degree days,EU27_2020,European Union - 27 countries (from 2020),2015,,2901.23,,,,,
dataflow,ESTAT:NRG_CHDD_A(1.0),Cooling and heating degree days by country - annual data,A,Annual,NR,Number,HDD,Heating degree days,EU27_2020,European Union - 27 countries (from 2020),2016,,3033.05,,,,,
dataflow,ESTAT:NRG_CHDD_A(1.0),Cooling and heating degree days by country - annual data,A,Annual,NR,Number,HDD,Heating degree days,EU27_2020,European Union - 27 countries (from 2020),2017,,3044.85,,,,,
dataflow,ESTAT:NRG_CHDD_A(1.0),Cooling and heating degree days by country - annual data,A,Annual,NR,Number,HDD,Heating degree days,EU27_2020,European Union - 27 countries (from 2020),2018,,2940.90,,,,,
dataflow,ESTAT:NRG_CHDD_A(1.0),Cooling and heating degree days by country - annual data,A,Annual,NR,Number,HDD,Heating degree days,EU27_2020,European Union - 27 countries (from 2020),2019,,2909.29,,,,,
dataflow,ESTAT:NRG_CHDD_A(1.0),Cooling and heating degree days by country - annual data,A,Annual,NR,Number,HDD,Heating degree days,EU27_2020,European Union - 27 countries (from 2020),2020,,2759.16,,,,,
dataflow,ESTAT:NRG_CHDD_A(1.0),Cooling and heating degree days by country - annual data,A,Annual,NR,Number,HDD,Heating degree days,EU27_2020,European Union - 27 countries (from 2020),2021,,3126.31,,,,,
dataflow,ESTAT:NRG_CHDD_A(1.0),Cooling and heating degree days by country - annual data,A,Annual,NR,Number,HDD,Heating degree days,EU27_2020,European Union - 27 countries (from 2020),2022,,2857.63,,,,,
dataflow,ESTAT:NRG_CHDD_A(1.0),Cooling and heating degree days by country - annual data,A,Annual,NR,Number,HDD,Heating degree days,EU27_2020,European Union - 27 countries (from 2020),2023,,2820.92,,,,,
dataflow,ESTAT:NRG_CHDD_A(1.0),Cooling and heating degree days by country - annual data,A,Annual,NR,Number,HDD,Heating degree days,EU27_2020,European Union - 27 countries (from 2020),2024,,2697.93,,,,,
dataflow,ESTAT:NRG_CHDD_A(1.0),Cooling and heating degree days by country - annual data,A,Annual,NR,Number,HDD,Heating degree days,FI,Finland,1990,,5455.81,,,,,
dataflow,ESTAT:NRG_CHDD_A(1.0),Cooling and heating degree days by country - annual data,A,Annual,NR,Number,HDD,Heating degree days,FI,Finland,1991,,5637.68,,,,,
dataflow,ESTAT:NRG_CHDD_A(1.0),Cooling and heating degree days by country - annual data,A,Annual,NR,Number,HDD,Heating degree days,FI,Finland,1992,,5574.83,,,,,
dataflow,ESTAT:NRG_CHDD_A(1.0),Cooling and heating degree days by country - annual data,A,Annual,NR,Number,HDD,Heating degree days,FI,Finland,1993,,5834.75,,,,,
dataflow,ESTAT:NRG_CHDD_A(1.0),Cooling and heating degree days by country - annual data,A,Annual,NR,Number,HDD,Heating degree days,FI,Finland,1994,,5869.06,,,,,
dataflow,ESTAT:NRG_CHDD_A(1.0),Cooling and heating degree days by country - annual data,A,Annual,NR,Number,HDD,Heating degree days,FI,Finland,1995,,5648.63,,,,,
dataflow,ESTAT:NRG_CHDD_A(1.0),Cooling and heating degree days by country - annual data,A,Annual,NR,Number,HDD,Heating degree days,FI,Finland,1996,,5877.82,,,,,
dataflow,ESTAT:NRG_CHDD_A(1.0),Cooling and heating degree days by country - annual data,A,Annual,NR,Number,HDD,Heating degree days,FI,Finland,1997,,5735.31,,,,,
dataflow,ESTAT:NRG_CHDD_A(1.0),Cooling and heating degree days by country - annual data,A,Annual,NR,Number,HDD,Heating degree days,FI,Finland,1998,,6007.95,,,,,
dataflow,ESTAT:NRG_CHDD_A(1.0),Cooling and heating degree days by country - annual data,A,Annual,NR,Number,HDD,Heating degree days,FI,Finland,1999,,5667.04,,,,,
dataflow,ESTAT:NRG_CHDD_A(1.0),Cooling and heating degree days by country - annual data,A,Annual,NR,Number,HDD,Heating degree days,FI,Finland,2000,,5211.69,,,,,
dataflow,ESTAT:NRG_CHDD_A(1.0),Cooling and heating degree days by country - annual data,A,Annual,NR,Number,HDD,Heating degree days,FI,Finland,2001,,5766.64,,,,,
dataflow,ESTAT:NRG_CHDD_A(1.0),Cooling and heating degree days by country - annual data,A,Annual,NR,Number,HDD,Heating degree days,FI,Finland,2002,,5736.48,,,,,
dataflow,ESTAT:NRG_CHDD_A(1.0),Cooling and heating degree days by country - annual data,A,Annual,NR,Number,HDD,Heating degree days,FI,Finland,2003,,5665.70,,,,,
dataflow,ESTAT:NRG_CHDD_A(1.0),Cooling and heating degree days by country - annual data,A,Annual,NR,Number,HDD,Heating degree days,FI,Finland,2004,,5561.61,,,,,
dataflow,ESTAT:NRG_CHDD_A(1.0),Cooling and heating degree days by country - annual data,A,Annual,NR,Number,HDD,Heating degree days,FI,Finland,2005,,5295.38,,,,,
dataflow,ESTAT:NRG_CHDD_A(1.0),Cooling and heating degree days by country - annual data,A,Annual,NR,Number,HDD,Heating degree days,FI,Finland,2006,,5442.56,,,,,
dataflow,ESTAT:NRG_CHDD_A(1.0),Cooling and heating degree days by country - annual data,A,Annual,NR,Number,HDD,Heating degree days,FI,Finland,2007,,5321.96,,,,,
dataflow,ESTAT:NRG_CHDD_A(1.0),Cooling and heating degree days by country - annual data,A,Annual,NR,Number,HDD,Heating degree days,FI,Finland,2008,,5332.63,,,,,
dataflow,ESTAT:NRG_CHDD_A(1.0),Cooling and heating degree days by country - annual data,A,Annual,NR,Number,HDD,Heating degree days,FI,Finland,2009,,5608.30,,,,,
dataflow,ESTAT:NRG_CHDD_A(1.0),Cooling and heating degree days by country - annual data,A,Annual,NR,Number,HDD,Heating degree days,FI,Finland,2010,,6179.75,,,,,
dataflow,ESTAT:NRG_CHDD_A(1.0),Cooling and heating degree days by country - annual data,A,Annual,NR,Number,HDD,Heating degree days,FI,Finland,2011,,5239.13,,,,,
dataflow,ESTAT:NRG_CHDD_A(1.0),Cooling and heating degree days by country - annual data,A,Annual,NR,Number,HDD,Heating degree days,FI,Finland,2012,,5839.92,,,,,
dataflow,ESTAT:NRG_CHDD_A(1.0),Cooling and heating degree days by country - annual data,A,Annual,NR,Number,HDD,Heating degree days,FI,Finland,2013,,5238.58,,,,,
dataflow,ESTAT:NRG_CHDD_A(1.0),Cooling and heating degree days by country - annual data,A,Annual,NR,Number,HDD,Heating degree days,FI,Finland,2014,,5237.14,,,,,
dataflow,ESTAT:NRG_CHDD_A(1.0),Cooling and heating degree days by country - annual data,A,Annual,NR,Number,HDD,Heating degree days,FI,Finland,2015,,5014.74,,,,,
dataflow,ESTAT:NRG_CHDD_A(1.0),Cooling and heating degree days by country - annual data,A,Annual,NR,Number,HDD,Heating degree days,FI,Finland,2016,,5325.90,,,,,
dataflow,ESTAT:NRG_CHDD_A(1.0),Cooling and heating degree days by country - annual data,A,Annual,NR,Number,HDD,Heating degree days,FI,Finland,2017,,5508.23,,,,,
dataflow,ESTAT:NRG_CHDD_A(1.0),Cooling and heating degree days by country - annual data,A,Annual,NR,Number,HDD,Heating degree days,FI,Finland,2018,,5349.59,,,,,
dataflow,ESTAT:NRG_CHDD_A(1.0),Cooling and heating degree days by country - annual data,A,Annual,NR,Number,HDD,Heating degree days,FI,Finland,2019,,5482.97,,,,,
dataflow,ESTAT:NRG_CHDD_A(1.0),Cooling and heating degree days by country - annual data,A,Annual,NR,Number,HDD,Heating degree days,FI,Finland,2020,,4873.47,,,,,
dataflow,ESTAT:NRG_CHDD_A(1.0),Cooling and heating degree days by country - annual data,A,Annual,NR,Number,HDD,Heating degree days,FI,Finland,2021,,5623.37,,,,,
dataflow,ESTAT:NRG_CHDD_A(1.0),Cooling and heating degree days by country - annual data,A,Annual,NR,Number,HDD,Heating degree days,FI,Finland,2022,,5277.38,,,,,
dataflow,ESTAT:NRG_CHDD_A(1.0),Cooling and heating degree days by country - annual data,A,Annual,NR,Number,HDD,Heating degree days,FI,Finland,2023,,5437.01,,,,,
dataflow,ESTAT:NRG_CHDD_A(1.0),Cooling and heating degree days by country - annual data,A,Annual,NR,Number,HDD,Heating degree days,FI,Finland,2024,,5139.10,,,,,
dataflow,ESTAT:NRG_CHDD_A(1.0),Cooling and heating degree days by country - annual data,A,Annual,NR,Number,HDD,Heating degree days,FR,France,1990,,2335.26,,,,,
dataflow,ESTAT:NRG_CHDD_A(1.0),Cooling and heating degree days by country - annual data,A,Annual,NR,Number,HDD,Heating degree days,FR,France,1991,,2731.90,,,,,
dataflow,ESTAT:NRG_CHDD_A(1.0),Cooling and heating degree days by country - annual data,A,Annual,NR,Number,HDD,Heating degree days,FR,France,1992,,2549.79,,,,,
dataflow,ESTAT:NRG_CHDD_A(1.0),Cooling and heating degree days by country - annual data,A,Annual,NR,Number,HDD,Heating degree days,FR,France,1993,,2588.69,,,,,
dataflow,ESTAT:NRG_CHDD_A(1.0),Cooling and heating degree days by country - annual data,A,Annual,NR,Number,HDD,Heating degree days,FR,France,1994,,2263.02,,,,,
dataflow,ESTAT:NRG_CHDD_A(1.0),Cooling and heating degree days by country - annual data,A,Annual,NR,Number,HDD,Heating degree days,FR,France,1995,,2422.45,,,,,
dataflow,ESTAT:NRG_CHDD_A(1.0),Cooling and heating degree days by country - annual data,A,Annual,NR,Number,HDD,Heating degree days,FR,France,1996,,2708.36,,,,,
dataflow,ESTAT:NRG_CHDD_A(1.0),Cooling and heating degree days by country - annual data,A,Annual,NR,Number,HDD,Heating degree days,FR,France,1997,,2300.16,,,,,
dataflow,ESTAT:NRG_CHDD_A(1.0),Cooling and heating degree days by country - annual data,A,Annual,NR,Number,HDD,Heating degree days,FR,France,1998,,2471.70,,,,,
dataflow,ESTAT:NRG_CHDD_A(1.0),Cooling and heating degree days by country - annual data,A,Annual,NR,Number,HDD,Heating degree days,FR,France,1999,,2351.43,,,,,
dataflow,ESTAT:NRG_CHDD_A(1.0),Cooling and heating degree days by country - annual data,A,Annual,NR,Number,HDD,Heating degree days,FR,France,2000,,2270.83,,,,,
dataflow,ESTAT:NRG_CHDD_A(1.0),Cooling and heating degree days by country - annual data,A,Annual,NR,Number,HDD,Heating degree days,FR,France,2001,,2412.55,,,,,
dataflow,ESTAT:NRG_CHDD_A(1.0),Cooling and heating degree days by country - annual data,A,Annual,NR,Number,HDD,Heating degree days,FR,France,2002,,2210.01,,,,,
dataflow,ESTAT:NRG_CHDD_A(1.0),Cooling and heating degree days by country - annual data,A,Annual,NR,Number,HDD,Heating degree days,FR,France,2003,,2374.08,,,,,
dataflow,ESTAT:NRG_CHDD_A(1.0),Cooling and heating degree days by country - annual data,A,Annual,NR,Number,HDD,Heating degree days,FR,France,2004,,2502.78,,,,,
dataflow,ESTAT:NRG_CHDD_A(1.0),Cooling and heating degree days by country - annual data,A,Annual,NR,Number,HDD,Heating degree days,FR,France,2005,,2506.25,,,,,
dataflow,ESTAT:NRG_CHDD_A(1.0),Cooling and heating degree days by country - annual data,A,Annual,NR,Number,HDD,Heating degree days,FR,France,2006,,2315.45,,,,,
dataflow,ESTAT:NRG_CHDD_A(1.0),Cooling and heating degree days by country - annual data,A,Annual,NR,Number,HDD,Heating degree days,FR,France,2007,,2264.04,,,,,
dataflow,ESTAT:NRG_CHDD_A(1.0),Cooling and heating degree days by country - annual data,A,Annual,NR,Number,HDD,Heating degree days,FR,France,2008,,2442.65,,,,,
dataflow,ESTAT:NRG_CHDD_A(1.0),Cooling and heating degree days by country - annual data,A,Annual,NR,Number,HDD,Heating degree days,FR,France,2009,,2384.93,,,,,
dataflow,ESTAT:NRG_CHDD_A(1.0),Cooling and heating degree days by country - annual data,A,Annual,NR,Number,HDD,Heating degree days,FR,France,2010,,2756.06,,,,,
dataflow,ESTAT:NRG_CHDD_A(1.0),Cooling and heating degree days by country - annual data,A,Annual,NR,Number,HDD,Heating degree days,FR,France,2011,,2057.49,,,,,
dataflow,ESTAT:NRG_CHDD_A(1.0),Cooling and heating degree days by country - annual data,A,Annual,NR,Number,HDD,Heating degree days,FR,France,2012,,2439.28,,,,,
dataflow,ESTAT:NRG_CHDD_A(1.0),Cooling and heating degree days by country - annual data,A,Annual,NR,Number,HDD,Heating degree days,FR,France,2013,,2637.51,,,,,
dataflow,ESTAT:NRG_CHDD_A(1.0),Cooling and heating degree days by country - annual data,A,Annual,NR,Number,HDD,Heating degree days,FR,France,2014,,2080.89,,,,,
dataflow,ESTAT:NRG_CHDD_A(1.0),Cooling and heating degree days by country - annual data,A,Annual,NR,Number,HDD,Heating degree days,FR,France,2015,,2255.70,,,,,
dataflow,ESTAT:NRG_CHDD_A(1.0),Cooling and heating degree days by country - annual data,A,Annual,NR,Number,HDD,Heating degree days,FR,France,2016,,2397.90,,,,,
dataflow,ESTAT:NRG_CHDD_A(1.0),Cooling and heating degree days by country - annual data,A,Annual,NR,Number,HDD,Heating degree days,FR,France,2017,,2336.00,,,,,
dataflow,ESTAT:NRG_CHDD_A(1.0),Cooling and heating degree days by country - annual data,A,Annual,NR,Number,HDD,Heating degree days,FR,France,2018,,2181.92,,,,,
dataflow,ESTAT:NRG_CHDD_A(1.0),Cooling and heating degree days by country - annual data,A,Annual,NR,Number,HDD,Heating degree days,FR,France,2019,,2246.95,,,,,
dataflow,ESTAT:NRG_CHDD_A(1.0),Cooling and heating degree days by country - annual data,A,Annual,NR,Number,HDD,Heating degree days,FR,France,2020,,2038.31,,,,,
dataflow,ESTAT:NRG_CHDD_A(1.0),Cooling and heating degree days by country - annual data,A,Annual,NR,Number,HDD,Heating degree days,FR,France,2021,,2412.69,,,,,
dataflow,ESTAT:NRG_CHDD_A(1.0),Cooling and heating degree days by country - annual data,A,Annual,NR,Number,HDD,Heating degree days,FR,France,2022,,2035.70,,,,,
dataflow,ESTAT:NRG_CHDD_A(1.0),Cooling and heating degree days by country - annual data,A,Annual,NR,Number,HDD,Heating degree days,FR,France,2023,,2045.09,,,,,
dataflow,ESTAT:NRG_CHDD_A(1.0),Cooling and heating degree days by country - annual data,A,Annual,NR,Number,HDD,Heating degree days,FR,France,2024,,2074.81,,,,,
dataflow,ESTAT:NRG_CHDD_A(1.0),Cooling and heating degree days by country - annual data,A,Annual,NR,Number,HDD,Heating degree days,HR,Croatia,1990,,2346.28,,,,,
dataflow,ESTAT:NRG_CHDD_A(1.0),Cooling and heating degree days by country - annual data,A,Annual,NR,Number,HDD,Heating degree days,HR,Croatia,1991,,2804.18,,,,,
dataflow,ESTAT:NRG_CHDD_A(1.0),Cooling and heating degree days by country - annual data,A,Annual,NR,Number,HDD,Heating degree days,HR,Croatia,1992,,2489.43,,,,,
dataflow,ESTAT:NRG_CHDD_A(1.0),Cooling and heating degree days by country - annual data,A,Annual,NR,Number,HDD,Heating degree days,HR,Croatia,1993,,2573.60,,,,,
dataflow,ESTAT:NRG_CHDD_A(1.0),Cooling and heating degree days by country - annual data,A,Annual,NR,Number,HDD,Heating degree days,HR,Croatia,1994,,2259.51,,,,,
dataflow,ESTAT:NRG_CHDD_A(1.0),Cooling and heating degree days by country - annual data,A,Annual,NR,Number,HDD,Heating degree days,HR,Croatia,1995,,2642.38,,,,,
dataflow,ESTAT:NRG_CHDD_A(1.0),Cooling and heating degree days by country - annual data,A,Annual,NR,Number,HDD,Heating degree days,HR,Croatia,1996,,2877.77,,,,,
dataflow,ESTAT:NRG_CHDD_A(1.0),Cooling and heating degree days by country - annual data,A,Annual,NR,Number,HDD,Heating degree days,HR,Croatia,1997,,2538.52,,,,,
dataflow,ESTAT:NRG_CHDD_A(1.0),Cooling and heating degree days by country - annual data,A,Annual,NR,Number,HDD,Heating degree days,HR,Croatia,1998,,2514.58,,,,,
dataflow,ESTAT:NRG_CHDD_A(1.0),Cooling and heating degree days by country - annual data,A,Annual,NR,Number,HDD,Heating degree days,HR,Croatia,1999,,2425.23,,,,,
dataflow,ESTAT:NRG_CHDD_A(1.0),Cooling and heating degree days by country - annual data,A,Annual,NR,Number,HDD,Heating degree days,HR,Croatia,2000,,2119.27,,,,,
dataflow,ESTAT:NRG_CHDD_A(1.0),Cooling and heating degree days by country - annual data,A,Annual,NR,Number,HDD,Heating degree days,HR,Croatia,2001,,2358.02,,,,,
dataflow,ESTAT:NRG_CHDD_A(1.0),Cooling and heating degree days by country - annual data,A,Annual,NR,Number,HDD,Heating degree days,HR,Croatia,2002,,2179.12,,,,,
dataflow,ESTAT:NRG_CHDD_A(1.0),Cooling and heating degree days by country - annual data,A,Annual,NR,Number,HDD,Heating degree days,HR,Croatia,2003,,2569.42,,,,,
dataflow,ESTAT:NRG_CHDD_A(1.0),Cooling and heating degree days by country - annual data,A,Annual,NR,Number,HDD,Heating degree days,HR,Croatia,2004,,2464.57,,,,,
dataflow,ESTAT:NRG_CHDD_A(1.0),Cooling and heating degree days by country - annual data,A,Annual,NR,Number,HDD,Heating degree days,HR,Croatia,2005,,2684.01,,,,,
dataflow,ESTAT:NRG_CHDD_A(1.0),Cooling and heating degree days by country - annual data,A,Annual,NR,Number,HDD,Heating degree days,HR,Croatia,2006,,2408.49,,,,,
dataflow,ESTAT:NRG_CHDD_A(1.0),Cooling and heating degree days by country - annual data,A,Annual,NR,Number,HDD,Heating degree days,HR,Croatia,2007,,2208.64,,,,,
dataflow,ESTAT:NRG_CHDD_A(1.0),Cooling and heating degree days by country - annual data,A,Annual,NR,Number,HDD,Heating degree days,HR,Croatia,2008,,2214.64,,,,,
dataflow,ESTAT:NRG_CHDD_A(1.0),Cooling and heating degree days by country - annual data,A,Annual,NR,Number,HDD,Heating degree days,HR,Croatia,2009,,2273.67,,,,,
dataflow,ESTAT:NRG_CHDD_A(1.0),Cooling and heating degree days by country - annual data,A,Annual,NR,Number,HDD,Heating degree days,HR,Croatia,2010,,2521.22,,,,,
dataflow,ESTAT:NRG_CHDD_A(1.0),Cooling and heating degree days by country - annual data,A,Annual,NR,Number,HDD,Heating degree days,HR,Croatia,2011,,2359.44,,,,,
dataflow,ESTAT:NRG_CHDD_A(1.0),Cooling and heating degree days by country - annual data,A,Annual,NR,Number,HDD,Heating degree days,HR,Croatia,2012,,2355.07,,,,,
dataflow,ESTAT:NRG_CHDD_A(1.0),Cooling and heating degree days by country - annual data,A,Annual,NR,Number,HDD,Heating degree days,HR,Croatia,2013,,2290.00,,,,,
dataflow,ESTAT:NRG_CHDD_A(1.0),Cooling and heating degree days by country - annual data,A,Annual,NR,Number,HDD,Heating degree days,HR,Croatia,2014,,1885.28,,,,,
dataflow,ESTAT:NRG_CHDD_A(1.0),Cooling and heating degree days by country - annual data,A,Annual,NR,Number,HDD,Heating degree days,HR,Croatia,2015,,2246.21,,,,,
dataflow,ESTAT:NRG_CHDD_A(1.0),Cooling and heating degree days by country - annual data,A,Annual,NR,Number,HDD,Heating degree days,HR,Croatia,2016,,2264.65,,,,,
dataflow,ESTAT:NRG_CHDD_A(1.0),Cooling and heating degree days by country - annual data,A,Annual,NR,Number,HDD,Heating degree days,HR,Croatia,2017,,2323.22,,,,,
dataflow,ESTAT:NRG_CHDD_A(1.0),Cooling and heating degree days by country - annual data,A,Annual,NR,Number,HDD,Heating degree days,HR,Croatia,2018,,2139.52,,,,,
dataflow,ESTAT:NRG_CHDD_A(1.0),Cooling and heating degree days by country - annual data,A,Annual,NR,Number,HDD,Heating degree days,HR,Croatia,2019,,2076.47,,,,,
dataflow,ESTAT:NRG_CHDD_A(1.0),Cooling and heating degree days by country - annual data,A,Annual,NR,Number,HDD,Heating degree days,HR,Croatia,2020,,2137.32,,,,,
dataflow,ESTAT:NRG_CHDD_A(1.0),Cooling and heating degree days by country - annual data,A,Annual,NR,Number,HDD,Heating degree days,HR,Croatia,2021,,2366.18,,,,,
dataflow,ESTAT:NRG_CHDD_A(1.0),Cooling and heating degree days by country - annual data,A,Annual,NR,Number,HDD,Heating degree days,HR,Croatia,2022,,2114.25,,,,,
dataflow,ESTAT:NRG_CHDD_A(1.0),Cooling and heating degree days by country - annual data,A,Annual,NR,Number,HDD,Heating degree days,HR,Croatia,2023,,1957.53,,,,,
dataflow,ESTAT:NRG_CHDD_A(1.0),Cooling and heating degree days by country - annual data,A,Annual,NR,Number,HDD,Heating degree days,HR,Croatia,2024,,1913.42,,,,,
dataflow,ESTAT:NRG_CHDD_A(1.0),Cooling and heating degree days by country - annual data,A,Annual,NR,Number,HDD,Heating degree days,HU,Hungary,1990,,2671.41,,,,,
dataflow,ESTAT:NRG_CHDD_A(1.0),Cooling and heating degree days by country - annual data,A,Annual,NR,Number,HDD,Heating degree days,HU,Hungary,1991,,3130.60,,,,,
dataflow,ESTAT:NRG_CHDD_A(1.0),Cooling and heating degree days by country - annual data,A,Annual,NR,Number,HDD,Heating degree days,HU,Hungary,1992,,2803.79,,,,,
dataflow,ESTAT:NRG_CHDD_A(1.0),Cooling and heating degree days by country - annual data,A,Annual,NR,Number,HDD,Heating degree days,HU,Hungary,1993,,2985.79,,,,,
dataflow,ESTAT:NRG_CHDD_A(1.0),Cooling and heating degree days by country - annual data,A,Annual,NR,Number,HDD,Heating degree days,HU,Hungary,1994,,2645.22,,,,,
dataflow,ESTAT:NRG_CHDD_A(1.0),Cooling and heating degree days by country - annual data,A,Annual,NR,Number,HDD,Heating degree days,HU,Hungary,1995,,2922.39,,,,,
dataflow,ESTAT:NRG_CHDD_A(1.0),Cooling and heating degree days by country - annual data,A,Annual,NR,Number,HDD,Heating degree days,HU,Hungary,1996,,3222.79,,,,,
dataflow,ESTAT:NRG_CHDD_A(1.0),Cooling and heating degree days by country - annual data,A,Annual,NR,Number,HDD,Heating degree days,HU,Hungary,1997,,3064.80,,,,,
dataflow,ESTAT:NRG_CHDD_A(1.0),Cooling and heating degree days by country - annual data,A,Annual,NR,Number,HDD,Heating degree days,HU,Hungary,1998,,2909.20,,,,,
dataflow,ESTAT:NRG_CHDD_A(1.0),Cooling and heating degree days by country - annual data,A,Annual,NR,Number,HDD,Heating degree days,HU,Hungary,1999,,2833.35,,,,,
dataflow,ESTAT:NRG_CHDD_A(1.0),Cooling and heating degree days by country - annual data,A,Annual,NR,Number,HDD,Heating degree days,HU,Hungary,2000,,2502.95,,,,,
dataflow,ESTAT:NRG_CHDD_A(1.0),Cooling and heating degree days by country - annual data,A,Annual,NR,Number,HDD,Heating degree days,HU,Hungary,2001,,2856.12,,,,,
dataflow,ESTAT:NRG_CHDD_A(1.0),Cooling and heating degree days by country - annual data,A,Annual,NR,Number,HDD,Heating degree days,HU,Hungary,2002,,2650.18,,,,,
dataflow,ESTAT:NRG_CHDD_A(1.0),Cooling and heating degree days by country - annual data,A,Annual,NR,Number,HDD,Heating degree days,HU,Hungary,2003,,3110.57,,,,,
dataflow,ESTAT:NRG_CHDD_A(1.0),Cooling and heating degree days by country - annual data,A,Annual,NR,Number,HDD,Heating degree days,HU,Hungary,2004,,2892.42,,,,,
dataflow,ESTAT:NRG_CHDD_A(1.0),Cooling and heating degree days by country - annual data,A,Annual,NR,Number,HDD,Heating degree days,HU,Hungary,2005,,3042.39,,,,,
dataflow,ESTAT:NRG_CHDD_A(1.0),Cooling and heating degree days by country - annual data,A,Annual,NR,Number,HDD,Heating degree days,HU,Hungary,2006,,2825.80,,,,,
dataflow,ESTAT:NRG_CHDD_A(1.0),Cooling and heating degree days by country - annual data,A,Annual,NR,Number,HDD,Heating degree days,HU,Hungary,2007,,2572.60,,,,,
dataflow,ESTAT:NRG_CHDD_A(1.0),Cooling and heating degree days by country - annual data,A,Annual,NR,Number,HDD,Heating degree days,HU,Hungary,2008,,2553.43,,,,,
dataflow,ESTAT:NRG_CHDD_A(1.0),Cooling and heating degree days by country - annual data,A,Annual,NR,Number,HDD,Heating degree days,HU,Hungary,2009,,2618.66,,,,,
dataflow,ESTAT:NRG_CHDD_A(1.0),Cooling and heating degree days by country - annual data,A,Annual,NR,Number,HDD,Heating degree days,HU,Hungary,2010,,2950.73,,,,,
dataflow,ESTAT:NRG_CHDD_A(1.0),Cooling and heating degree days by country - annual data,A,Annual,NR,Number,HDD,Heating degree days,HU,Hungary,2011,,2815.26,,,,,
dataflow,ESTAT:NRG_CHDD_A(1.0),Cooling and heating degree days by country - annual data,A,Annual,NR,Number,HDD,Heating degree days,HU,Hungary,2012,,2768.77,,,,,
dataflow,ESTAT:NRG_CHDD_A(1.0),Cooling and heating degree days by country - annual data,A,Annual,NR,Number,HDD,Heating degree days,HU,Hungary,2013,,2688.69,,,,,
dataflow,ESTAT:NRG_CHDD_A(1.0),Cooling and heating degree days by country - annual data,A,Annual,NR,Number,HDD,Heating degree days,HU,Hungary,2014,,2277.68,,,,,
dataflow,ESTAT:NRG_CHDD_A(1.0),Cooling and heating degree days by country - annual data,A,Annual,NR,Number,HDD,Heating degree days,HU,Hungary,2015,,2598.04,,,,,
dataflow,ESTAT:NRG_CHDD_A(1.0),Cooling and heating degree days by country - annual data,A,Annual,NR,Number,HDD,Heating degree days,HU,Hungary,2016,,2707.02,,,,,
dataflow,ESTAT:NRG_CHDD_A(1.0),Cooling and heating degree days by country - annual data,A,Annual,NR,Number,HDD,Heating degree days,HU,Hungary,2017,,2742.93,,,,,
dataflow,ESTAT:NRG_CHDD_A(1.0),Cooling and heating degree days by country - annual data,A,Annual,NR,Number,HDD,Heating degree days,HU,Hungary,2018,,2468.70,,,,,
dataflow,ESTAT:NRG_CHDD_A(1.0),Cooling and heating degree days by country - annual data,A,Annual,NR,Number,HDD,Heating degree days,HU,Hungary,2019,,2381.22,,,,,
dataflow,ESTAT:NRG_CHDD_A(1.0),Cooling and heating degree days by country - annual data,A,Annual,NR,Number,HDD,Heating degree days,HU,Hungary,2020,,2546.99,,,,,
dataflow,ESTAT:NRG_CHDD_A(1.0),Cooling and heating degree days by country - annual data,A,Annual,NR,Number,HDD,Heating degree days,HU,Hungary,2021,,2803.43,,,,,
dataflow,ESTAT:NRG_CHDD_A(1.0),Cooling and heating degree days by country - annual data,A,Annual,NR,Number,HDD,Heating degree days,HU,Hungary,2022,,2549.80,,,,,
dataflow,ESTAT:NRG_CHDD_A(1.0),Cooling and heating degree days by country - annual data,A,Annual,NR,Number,HDD,Heating degree days,HU,Hungary,2023,,2324.16,,,,,
dataflow,ESTAT:NRG_CHDD_A(1.0),Cooling and heating degree days by country - annual data,A,Annual,NR,Number,HDD,Heating degree days,HU,Hungary,2024,,2289.15,,,,,
dataflow,ESTAT:NRG_CHDD_A(1.0),Cooling and heating degree days by country - annual data,A,Annual,NR,Number,HDD,Heating degree days,IE,Ireland,1990,,2803.08,,,,,
dataflow,ESTAT:NRG_CHDD_A(1.0),Cooling and heating degree days by country - annual data,A,Annual,NR,Number,HDD,Heating degree days,IE,Ireland,1991,,2921.00,,,,,
dataflow,ESTAT:NRG_CHDD_A(1.0),Cooling and heating degree days by country - annual data,A,Annual,NR,Number,HDD,Heating degree days,IE,Ireland,1992,,2881.75,,,,,
dataflow,ESTAT:NRG_CHDD_A(1.0),Cooling and heating degree days by country - annual data,A,Annual,NR,Number,HDD,Heating degree days,IE,Ireland,1993,,2947.93,,,,,
dataflow,ESTAT:NRG_CHDD_A(1.0),Cooling and heating degree days by country - annual data,A,Annual,NR,Number,HDD,Heating degree days,IE,Ireland,1994,,2865.33,,,,,
dataflow,ESTAT:NRG_CHDD_A(1.0),Cooling and heating degree days by country - annual data,A,Annual,NR,Number,HDD,Heating degree days,IE,Ireland,1995,,2667.66,,,,,
dataflow,ESTAT:NRG_CHDD_A(1.0),Cooling and heating degree days by country - annual data,A,Annual,NR,Number,HDD,Heating degree days,IE,Ireland,1996,,2934.93,,,,,
dataflow,ESTAT:NRG_CHDD_A(1.0),Cooling and heating degree days by country - annual data,A,Annual,NR,Number,HDD,Heating degree days,IE,Ireland,1997,,2546.37,,,,,
dataflow,ESTAT:NRG_CHDD_A(1.0),Cooling and heating degree days by country - annual data,A,Annual,NR,Number,HDD,Heating degree days,IE,Ireland,1998,,2612.13,,,,,
dataflow,ESTAT:NRG_CHDD_A(1.0),Cooling and heating degree days by country - annual data,A,Annual,NR,Number,HDD,Heating degree days,IE,Ireland,1999,,2653.79,,,,,
dataflow,ESTAT:NRG_CHDD_A(1.0),Cooling and heating degree days by country - annual data,A,Annual,NR,Number,HDD,Heating degree days,IE,Ireland,2000,,2792.71,,,,,
dataflow,ESTAT:NRG_CHDD_A(1.0),Cooling and heating degree days by country - annual data,A,Annual,NR,Number,HDD,Heating degree days,IE,Ireland,2001,,2800.86,,,,,
dataflow,ESTAT:NRG_CHDD_A(1.0),Cooling and heating degree days by country - annual data,A,Annual,NR,Number,HDD,Heating degree days,IE,Ireland,2002,,2699.57,,,,,
dataflow,ESTAT:NRG_CHDD_A(1.0),Cooling and heating degree days by country - annual data,A,Annual,NR,Number,HDD,Heating degree days,IE,Ireland,2003,,2630.34,,,,,
dataflow,ESTAT:NRG_CHDD_A(1.0),Cooling and heating degree days by country - annual data,A,Annual,NR,Number,HDD,Heating degree days,IE,Ireland,2004,,2700.72,,,,,
dataflow,ESTAT:NRG_CHDD_A(1.0),Cooling and heating degree days by country - annual data,A,Annual,NR,Number,HDD,Heating degree days,IE,Ireland,2005,,2608.30,,,,,
dataflow,ESTAT:NRG_CHDD_A(1.0),Cooling and heating degree days by country - annual data,A,Annual,NR,Number,HDD,Heating degree days,IE,Ireland,2006,,2601.42,,,,,
dataflow,ESTAT:NRG_CHDD_A(1.0),Cooling and heating degree days by country - annual data,A,Annual,NR,Number,HDD,Heating degree days,IE,Ireland,2007,,2523.35,,,,,
dataflow,ESTAT:NRG_CHDD_A(1.0),Cooling and heating degree days by country - annual data,A,Annual,NR,Number,HDD,Heating degree days,IE,Ireland,2008,,2803.54,,,,,
dataflow,ESTAT:NRG_CHDD_A(1.0),Cooling and heating degree days by country - annual data,A,Annual,NR,Number,HDD,Heating degree days,IE,Ireland,2009,,2817.65,,,,,
dataflow,ESTAT:NRG_CHDD_A(1.0),Cooling and heating degree days by country - annual data,A,Annual,NR,Number,HDD,Heating degree days,IE,Ireland,2010,,3166.33,,,,,
dataflow,ESTAT:NRG_CHDD_A(1.0),Cooling and heating degree days by country - annual data,A,Annual,NR,Number,HDD,Heating degree days,IE,Ireland,2011,,2766.10,,,,,
dataflow,ESTAT:NRG_CHDD_A(1.0),Cooling and heating degree days by country - annual data,A,Annual,NR,Number,HDD,Heating degree days,IE,Ireland,2012,,2861.13,,,,,
dataflow,ESTAT:NRG_CHDD_A(1.0),Cooling and heating degree days by country - annual data,A,Annual,NR,Number,HDD,Heating degree days,IE,Ireland,2013,,2835.61,,,,,
dataflow,ESTAT:NRG_CHDD_A(1.0),Cooling and heating degree days by country - annual data,A,Annual,NR,Number,HDD,Heating degree days,IE,Ireland,2014,,2629.47,,,,,
dataflow,ESTAT:NRG_CHDD_A(1.0),Cooling and heating degree days by country - annual data,A,Annual,NR,Number,HDD,Heating degree days,IE,Ireland,2015,,2912.09,,,,,
dataflow,ESTAT:NRG_CHDD_A(1.0),Cooling and heating degree days by country - annual data,A,Annual,NR,Number,HDD,Heating degree days,IE,Ireland,2016,,2744.05,,,,,
dataflow,ESTAT:NRG_CHDD_A(1.0),Cooling and heating degree days by country - annual data,A,Annual,NR,Number,HDD,Heating degree days,IE,Ireland,2017,,2668.92,,,,,
dataflow,ESTAT:NRG_CHDD_A(1.0),Cooling and heating degree days by country - annual data,A,Annual,NR,Number,HDD,Heating degree days,IE,Ireland,2018,,2754.34,,,,,
dataflow,ESTAT:NRG_CHDD_A(1.0),Cooling and heating degree days by country - annual data,A,Annual,NR,Number,HDD,Heating degree days,IE,Ireland,2019,,2706.58,,,,,
dataflow,ESTAT:NRG_CHDD_A(1.0),Cooling and heating degree days by country - annual data,A,Annual,NR,Number,HDD,Heating degree days,IE,Ireland,2020,,2744.01,,,,,
dataflow,ESTAT:NRG_CHDD_A(1.0),Cooling and heating degree days by country - annual data,A,Annual,NR,Number,HDD,Heating degree days,IE,Ireland,2021,,2643.76,,,,,
dataflow,ESTAT:NRG_CHDD_A(1.0),Cooling and heating degree days by country - annual data,A,Annual,NR,Number,HDD,Heating degree days,IE,Ireland,2022,,2548.89,,,,,
dataflow,ESTAT:NRG_CHDD_A(1.0),Cooling and heating degree days by country - annual data,A,Annual,NR,Number,HDD,Heating degree days,IE,Ireland,2023,,2396.75,,,,,
dataflow,ESTAT:NRG_CHDD_A(1.0),Cooling and heating degree days by country - annual data,A,Annual,NR,Number,HDD,Heating degree days,IE,Ireland,2024,,2597.76,,,,,
dataflow,ESTAT:NRG_CHDD_A(1.0),Cooling and heating degree days by country - annual data,A,Annual,NR,Number,HDD,Heating degree days,IT,Italy,1990,,2022.05,,,,,
dataflow,ESTAT:NRG_CHDD_A(1.0),Cooling and heating degree days by country - annual data,A,Annual,NR,Number,HDD,Heating degree days,IT,Italy,1991,,2362.70,,,,,
dataflow,ESTAT:NRG_CHDD_A(1.0),Cooling and heating degree days by country - annual data,A,Annual,NR,Number,HDD,Heating degree days,IT,Italy,1992,,2003.66,,,,,
dataflow,ESTAT:NRG_CHDD_A(1.0),Cooling and heating degree days by country - annual data,A,Annual,NR,Number,HDD,Heating degree days,IT,Italy,1993,,2112.01,,,,,
dataflow,ESTAT:NRG_CHDD_A(1.0),Cooling and heating degree days by country - annual data,A,Annual,NR,Number,HDD,Heating degree days,IT,Italy,1994,,1900.18,,,,,
dataflow,ESTAT:NRG_CHDD_A(1.0),Cooling and heating degree days by country - annual data,A,Annual,NR,Number,HDD,Heating degree days,IT,Italy,1995,,2064.36,,,,,
dataflow,ESTAT:NRG_CHDD_A(1.0),Cooling and heating degree days by country - annual data,A,Annual,NR,Number,HDD,Heating degree days,IT,Italy,1996,,2091.42,,,,,
dataflow,ESTAT:NRG_CHDD_A(1.0),Cooling and heating degree days by country - annual data,A,Annual,NR,Number,HDD,Heating degree days,IT,Italy,1997,,1944.92,,,,,
dataflow,ESTAT:NRG_CHDD_A(1.0),Cooling and heating degree days by country - annual data,A,Annual,NR,Number,HDD,Heating degree days,IT,Italy,1998,,2032.60,,,,,
dataflow,ESTAT:NRG_CHDD_A(1.0),Cooling and heating degree days by country - annual data,A,Annual,NR,Number,HDD,Heating degree days,IT,Italy,1999,,2000.40,,,,,
dataflow,ESTAT:NRG_CHDD_A(1.0),Cooling and heating degree days by country - annual data,A,Annual,NR,Number,HDD,Heating degree days,IT,Italy,2000,,1848.20,,,,,
dataflow,ESTAT:NRG_CHDD_A(1.0),Cooling and heating degree days by country - annual data,A,Annual,NR,Number,HDD,Heating degree days,IT,Italy,2001,,1877.19,,,,,
dataflow,ESTAT:NRG_CHDD_A(1.0),Cooling and heating degree days by country - annual data,A,Annual,NR,Number,HDD,Heating degree days,IT,Italy,2002,,1804.77,,,,,
dataflow,ESTAT:NRG_CHDD_A(1.0),Cooling and heating degree days by country - annual data,A,Annual,NR,Number,HDD,Heating degree days,IT,Italy,2003,,2007.84,,,,,
dataflow,ESTAT:NRG_CHDD_A(1.0),Cooling and heating degree days by country - annual data,A,Annual,NR,Number,HDD,Heating degree days,IT,Italy,2004,,2006.05,,,,,
dataflow,ESTAT:NRG_CHDD_A(1.0),Cooling and heating degree days by country - annual data,A,Annual,NR,Number,HDD,Heating degree days,IT,Italy,2005,,2162.84,,,,,
dataflow,ESTAT:NRG_CHDD_A(1.0),Cooling and heating degree days by country - annual data,A,Annual,NR,Number,HDD,Heating degree days,IT,Italy,2006,,1949.00,,,,,
dataflow,ESTAT:NRG_CHDD_A(1.0),Cooling and heating degree days by country - annual data,A,Annual,NR,Number,HDD,Heating degree days,IT,Italy,2007,,1836.76,,,,,
dataflow,ESTAT:NRG_CHDD_A(1.0),Cooling and heating degree days by country - annual data,A,Annual,NR,Number,HDD,Heating degree days,IT,Italy,2008,,1896.16,,,,,
dataflow,ESTAT:NRG_CHDD_A(1.0),Cooling and heating degree days by country - annual data,A,Annual,NR,Number,HDD,Heating degree days,IT,Italy,2009,,1947.26,,,,,
dataflow,ESTAT:NRG_CHDD_A(1.0),Cooling and heating degree days by country - annual data,A,Annual,NR,Number,HDD,Heating degree days,IT,Italy,2010,,2074.34,,,,,
dataflow,ESTAT:NRG_CHDD_A(1.0),Cooling and heating degree days by country - annual data,A,Annual,NR,Number,HDD,Heating degree days,IT,Italy,2011,,1856.24,,,,,
dataflow,ESTAT:NRG_CHDD_A(1.0),Cooling and heating degree days by country - annual data,A,Annual,NR,Number,HDD,Heating degree days,IT,Italy,2012,,1952.79,,,,,
dataflow,ESTAT:NRG_CHDD_A(1.0),Cooling and heating degree days by country - annual data,A,Annual,NR,Number,HDD,Heating degree days,IT,Italy,2013,,1932.55,,,,,
dataflow,ESTAT:NRG_CHDD_A(1.0),Cooling and heating degree days by country - annual data,A,Annual,NR,Number,HDD,Heating degree days,IT,Italy,2014,,1631.87,,,,,
dataflow,ESTAT:NRG_CHDD_A(1.0),Cooling and heating degree days by country - annual data,A,Annual,NR,Number,HDD,Heating degree days,IT,Italy,2015,,1808.06,,,,,
dataflow,ESTAT:NRG_CHDD_A(1.0),Cooling and heating degree days by country - annual data,A,Annual,NR,Number,HDD,Heating degree days,IT,Italy,2016,,1766.12,,,,,
dataflow,ESTAT:NRG_CHDD_A(1.0),Cooling and heating degree days by country - annual data,A,Annual,NR,Number,HDD,Heating degree days,IT,Italy,2017,,1879.86,,,,,
dataflow,ESTAT:NRG_CHDD_A(1.0),Cooling and heating degree days by country - annual data,A,Annual,NR,Number,HDD,Heating degree days,IT,Italy,2018,,1746.84,,,,,
dataflow,ESTAT:NRG_CHDD_A(1.0),Cooling and heating degree days by country - annual data,A,Annual,NR,Number,HDD,Heating degree days,IT,Italy,2019,,1813.91,,,,,
dataflow,ESTAT:NRG_CHDD_A(1.0),Cooling and heating degree days by country - annual data,A,Annual,NR,Number,HDD,Heating degree days,IT,Italy,2020,,1748.95,,,,,
dataflow,ESTAT:NRG_CHDD_A(1.0),Cooling and heating degree days by country - annual data,A,Annual,NR,Number,HDD,Heating degree days,IT,Italy,2021,,1916.57,,,,,
dataflow,ESTAT:NRG_CHDD_A(1.0),Cooling and heating degree days by country - annual data,A,Annual,NR,Number,HDD,Heating degree days,IT,Italy,2022,,1734.67,,,,,
dataflow,ESTAT:NRG_CHDD_A(1.0),Cooling and heating degree days by country - annual data,A,Annual,NR,Number,HDD,Heating degree days,IT,Italy,2023,,1688.65,,,,,
dataflow,ESTAT:NRG_CHDD_A(1.0),Cooling and heating degree days by country - annual data,A,Annual,NR,Number,HDD,Heating degree days,IT,Italy,2024,,1613.76,,,,,
dataflow,ESTAT:NRG_CHDD_A(1.0),Cooling and heating degree days by country - annual data,A,Annual,NR,Number,HDD,Heating degree days,LT,Lithuania,1990,,3561.46,,,,,
dataflow,ESTAT:NRG_CHDD_A(1.0),Cooling and heating degree days by country - annual data,A,Annual,NR,Number,HDD,Heating degree days,LT,Lithuania,1991,,3906.56,,,,,
dataflow,ESTAT:NRG_CHDD_A(1.0),Cooling and heating degree days by country - annual data,A,Annual,NR,Number,HDD,Heating degree days,LT,Lithuania,1992,,3871.75,,,,,
dataflow,ESTAT:NRG_CHDD_A(1.0),Cooling and heating degree days by country - annual data,A,Annual,NR,Number,HDD,Heating degree days,LT,Lithuania,1993,,4183.64,,,,,
dataflow,ESTAT:NRG_CHDD_A(1.0),Cooling and heating degree days by country - annual data,A,Annual,NR,Number,HDD,Heating degree days,LT,Lithuania,1994,,4134.46,,,,,
dataflow,ESTAT:NRG_CHDD_A(1.0),Cooling and heating degree days by country - annual data,A,Annual,NR,Number,HDD,Heating degree days,LT,Lithuania,1995,,3987.29,,,,,
dataflow,ESTAT:NRG_CHDD_A(1.0),Cooling and heating degree days by country - annual data,A,Annual,NR,Number,HDD,Heating degree days,LT,Lithuania,1996,,4607.86,,,,,
dataflow,ESTAT:NRG_CHDD_A(1.0),Cooling and heating degree days by country - annual data,A,Annual,NR,Number,HDD,Heating degree days,LT,Lithuania,1997,,4139.71,,,,,
dataflow,ESTAT:NRG_CHDD_A(1.0),Cooling and heating degree days by country - annual data,A,Annual,NR,Number,HDD,Heating degree days,LT,Lithuania,1998,,4072.47,,,,,
dataflow,ESTAT:NRG_CHDD_A(1.0),Cooling and heating degree days by country - annual data,A,Annual,NR,Number,HDD,Heating degree days,LT,Lithuania,1999,,3812.06,,,,,
dataflow,ESTAT:NRG_CHDD_A(1.0),Cooling and heating degree days by country - annual data,A,Annual,NR,Number,HDD,Heating degree days,LT,Lithuania,2000,,3566.72,,,,,
dataflow,ESTAT:NRG_CHDD_A(1.0),Cooling and heating degree days by country - annual data,A,Annual,NR,Number,HDD,Heating degree days,LT,Lithuania,2001,,4011.72,,,,,
dataflow,ESTAT:NRG_CHDD_A(1.0),Cooling and heating degree days by country - annual data,A,Annual,NR,Number,HDD,Heating degree days,LT,Lithuania,2002,,3834.50,,,,,
dataflow,ESTAT:NRG_CHDD_A(1.0),Cooling and heating degree days by country - annual data,A,Annual,NR,Number,HDD,Heating degree days,LT,Lithuania,2003,,4085.35,,,,,
dataflow,ESTAT:NRG_CHDD_A(1.0),Cooling and heating degree days by country - annual data,A,Annual,NR,Number,HDD,Heating degree days,LT,Lithuania,2004,,4071.09,,,,,
dataflow,ESTAT:NRG_CHDD_A(1.0),Cooling and heating degree days by country - annual data,A,Annual,NR,Number,HDD,Heating degree days,LT,Lithuania,2005,,4020.15,,,,,
dataflow,ESTAT:NRG_CHDD_A(1.0),Cooling and heating degree days by country - annual data,A,Annual,NR,Number,HDD,Heating degree days,LT,Lithuania,2006,,3892.89,,,,,
dataflow,ESTAT:NRG_CHDD_A(1.0),Cooling and heating degree days by country - annual data,A,Annual,NR,Number,HDD,Heating degree days,LT,Lithuania,2007,,3739.70,,,,,
dataflow,ESTAT:NRG_CHDD_A(1.0),Cooling and heating degree days by country - annual data,A,Annual,NR,Number,HDD,Heating degree days,LT,Lithuania,2008,,3555.94,,,,,
dataflow,ESTAT:NRG_CHDD_A(1.0),Cooling and heating degree days by country - annual data,A,Annual,NR,Number,HDD,Heating degree days,LT,Lithuania,2009,,3949.81,,,,,
dataflow,ESTAT:NRG_CHDD_A(1.0),Cooling and heating degree days by country - annual data,A,Annual,NR,Number,HDD,Heating degree days,LT,Lithuania,2010,,4415.00,,,,,
dataflow,ESTAT:NRG_CHDD_A(1.0),Cooling and heating degree days by country - annual data,A,Annual,NR,Number,HDD,Heating degree days,LT,Lithuania,2011,,3767.86,,,,,
dataflow,ESTAT:NRG_CHDD_A(1.0),Cooling and heating degree days by country - annual data,A,Annual,NR,Number,HDD,Heating degree days,LT,Lithuania,2012,,4081.27,,,,,
dataflow,ESTAT:NRG_CHDD_A(1.0),Cooling and heating degree days by country - annual data,A,Annual,NR,Number,HDD,Heating degree days,LT,Lithuania,2013,,3873.17,,,,,
dataflow,ESTAT:NRG_CHDD_A(1.0),Cooling and heating degree days by country - annual data,A,Annual,NR,Number,HDD,Heating degree days,LT,Lithuania,2014,,3729.28,,,,,
dataflow,ESTAT:NRG_CHDD_A(1.0),Cooling and heating degree days by country - annual data,A,Annual,NR,Number,HDD,Heating degree days,LT,Lithuania,2015,,3523.32,,,,,
dataflow,ESTAT:NRG_CHDD_A(1.0),Cooling and heating degree days by country - annual data,A,Annual,NR,Number,HDD,Heating degree days,LT,Lithuania,2016,,3829.94,,,,,
dataflow,ESTAT:NRG_CHDD_A(1.0),Cooling and heating degree days by country - annual data,A,Annual,NR,Number,HDD,Heating degree days,LT,Lithuania,2017,,3761.50,,,,,
dataflow,ESTAT:NRG_CHDD_A(1.0),Cooling and heating degree days by country - annual data,A,Annual,NR,Number,HDD,Heating degree days,LT,Lithuania,2018,,3687.57,,,,,
dataflow,ESTAT:NRG_CHDD_A(1.0),Cooling and heating degree days by country - annual data,A,Annual,NR,Number,HDD,Heating degree days,LT,Lithuania,2019,,3391.36,,,,,
dataflow,ESTAT:NRG_CHDD_A(1.0),Cooling and heating degree days by country - annual data,A,Annual,NR,Number,HDD,Heating degree days,LT,Lithuania,2020,,3304.68,,,,,
dataflow,ESTAT:NRG_CHDD_A(1.0),Cooling and heating degree days by country - annual data,A,Annual,NR,Number,HDD,Heating degree days,LT,Lithuania,2021,,4016.22,,,,,
dataflow,ESTAT:NRG_CHDD_A(1.0),Cooling and heating degree days by country - annual data,A,Annual,NR,Number,HDD,Heating degree days,LT,Lithuania,2022,,3772.72,,,,,
dataflow,ESTAT:NRG_CHDD_A(1.0),Cooling and heating degree days by country - annual data,A,Annual,NR,Number,HDD,Heating degree days,LT,Lithuania,2023,,3461.92,,,,,
dataflow,ESTAT:NRG_CHDD_A(1.0),Cooling and heating degree days by country - annual data,A,Annual,NR,Number,HDD,Heating degree days,LT,Lithuania,2024,,3225.15,,,,,
dataflow,ESTAT:NRG_CHDD_A(1.0),Cooling and heating degree days by country - annual data,A,Annual,NR,Number,HDD,Heating degree days,LU,Luxembourg,1990,,2926.58,,,,,
dataflow,ESTAT:NRG_CHDD_A(1.0),Cooling and heating degree days by country - annual data,A,Annual,NR,Number,HDD,Heating degree days,LU,Luxembourg,1991,,3291.74,,,,,
dataflow,ESTAT:NRG_CHDD_A(1.0),Cooling and heating degree days by country - annual data,A,Annual,NR,Number,HDD,Heating degree days,LU,Luxembourg,1992,,3017.98,,,,,
dataflow,ESTAT:NRG_CHDD_A(1.0),Cooling and heating degree days by country - annual data,A,Annual,NR,Number,HDD,Heating degree days,LU,Luxembourg,1993,,3168.95,,,,,
dataflow,ESTAT:NRG_CHDD_A(1.0),Cooling and heating degree days by country - annual data,A,Annual,NR,Number,HDD,Heating degree days,LU,Luxembourg,1994,,2881.32,,,,,
dataflow,ESTAT:NRG_CHDD_A(1.0),Cooling and heating degree days by country - annual data,A,Annual,NR,Number,HDD,Heating degree days,LU,Luxembourg,1995,,3051.64,,,,,
dataflow,ESTAT:NRG_CHDD_A(1.0),Cooling and heating degree days by country - annual data,A,Annual,NR,Number,HDD,Heating degree days,LU,Luxembourg,1996,,3547.24,,,,,
dataflow,ESTAT:NRG_CHDD_A(1.0),Cooling and heating degree days by country - annual data,A,Annual,NR,Number,HDD,Heating degree days,LU,Luxembourg,1997,,3012.35,,,,,
dataflow,ESTAT:NRG_CHDD_A(1.0),Cooling and heating degree days by country - annual data,A,Annual,NR,Number,HDD,Heating degree days,LU,Luxembourg,1998,,3032.74,,,,,
dataflow,ESTAT:NRG_CHDD_A(1.0),Cooling and heating degree days by country - annual data,A,Annual,NR,Number,HDD,Heating degree days,LU,Luxembourg,1999,,2873.82,,,,,
dataflow,ESTAT:NRG_CHDD_A(1.0),Cooling and heating degree days by country - annual data,A,Annual,NR,Number,HDD,Heating degree days,LU,Luxembourg,2000,,2730.74,,,,,
dataflow,ESTAT:NRG_CHDD_A(1.0),Cooling and heating degree days by country - annual data,A,Annual,NR,Number,HDD,Heating degree days,LU,Luxembourg,2001,,2989.14,,,,,
dataflow,ESTAT:NRG_CHDD_A(1.0),Cooling and heating degree days by country - annual data,A,Annual,NR,Number,HDD,Heating degree days,LU,Luxembourg,2002,,2784.61,,,,,
dataflow,ESTAT:NRG_CHDD_A(1.0),Cooling and heating degree days by country - annual data,A,Annual,NR,Number,HDD,Heating degree days,LU,Luxembourg,2003,,2893.41,,,,,
dataflow,ESTAT:NRG_CHDD_A(1.0),Cooling and heating degree days by country - annual data,A,Annual,NR,Number,HDD,Heating degree days,LU,Luxembourg,2004,,3081.54,,,,,
dataflow,ESTAT:NRG_CHDD_A(1.0),Cooling and heating degree days by country - annual data,A,Annual,NR,Number,HDD,Heating degree days,LU,Luxembourg,2005,,2958.31,,,,,
dataflow,ESTAT:NRG_CHDD_A(1.0),Cooling and heating degree days by country - annual data,A,Annual,NR,Number,HDD,Heating degree days,LU,Luxembourg,2006,,2833.89,,,,,
dataflow,ESTAT:NRG_CHDD_A(1.0),Cooling and heating degree days by country - annual data,A,Annual,NR,Number,HDD,Heating degree days,LU,Luxembourg,2007,,2643.84,,,,,
dataflow,ESTAT:NRG_CHDD_A(1.0),Cooling and heating degree days by country - annual data,A,Annual,NR,Number,HDD,Heating degree days,LU,Luxembourg,2008,,2912.21,,,,,
dataflow,ESTAT:NRG_CHDD_A(1.0),Cooling and heating degree days by country - annual data,A,Annual,NR,Number,HDD,Heating degree days,LU,Luxembourg,2009,,2869.92,,,,,
dataflow,ESTAT:NRG_CHDD_A(1.0),Cooling and heating degree days by country - annual data,A,Annual,NR,Number,HDD,Heating degree days,LU,Luxembourg,2010,,3344.46,,,,,
dataflow,ESTAT:NRG_CHDD_A(1.0),Cooling and heating degree days by country - annual data,A,Annual,NR,Number,HDD,Heating degree days,LU,Luxembourg,2011,,2633.71,,,,,
dataflow,ESTAT:NRG_CHDD_A(1.0),Cooling and heating degree days by country - annual data,A,Annual,NR,Number,HDD,Heating degree days,LU,Luxembourg,2012,,2921.04,,,,,
dataflow,ESTAT:NRG_CHDD_A(1.0),Cooling and heating degree days by country - annual data,A,Annual,NR,Number,HDD,Heating degree days,LU,Luxembourg,2013,,3204.69,,,,,
dataflow,ESTAT:NRG_CHDD_A(1.0),Cooling and heating degree days by country - annual data,A,Annual,NR,Number,HDD,Heating degree days,LU,Luxembourg,2014,,2515.66,,,,,
dataflow,ESTAT:NRG_CHDD_A(1.0),Cooling and heating degree days by country - annual data,A,Annual,NR,Number,HDD,Heating degree days,LU,Luxembourg,2015,,2850.70,,,,,
dataflow,ESTAT:NRG_CHDD_A(1.0),Cooling and heating degree days by country - annual data,A,Annual,NR,Number,HDD,Heating degree days,LU,Luxembourg,2016,,2962.58,,,,,
dataflow,ESTAT:NRG_CHDD_A(1.0),Cooling and heating degree days by country - annual data,A,Annual,NR,Number,HDD,Heating degree days,LU,Luxembourg,2017,,2871.62,,,,,
dataflow,ESTAT:NRG_CHDD_A(1.0),Cooling and heating degree days by country - annual data,A,Annual,NR,Number,HDD,Heating degree days,LU,Luxembourg,2018,,2666.78,,,,,
dataflow,ESTAT:NRG_CHDD_A(1.0),Cooling and heating degree days by country - annual data,A,Annual,NR,Number,HDD,Heating degree days,LU,Luxembourg,2019,,2753.60,,,,,
dataflow,ESTAT:NRG_CHDD_A(1.0),Cooling and heating degree days by country - annual data,A,Annual,NR,Number,HDD,Heating degree days,LU,Luxembourg,2020,,2563.11,,,,,
dataflow,ESTAT:NRG_CHDD_A(1.0),Cooling and heating degree days by country - annual data,A,Annual,NR,Number,HDD,Heating degree days,LU,Luxembourg,2021,,3173.52,,,,,
dataflow,ESTAT:NRG_CHDD_A(1.0),Cooling and heating degree days by country - annual data,A,Annual,NR,Number,HDD,Heating degree days,LU,Luxembourg,2022,,2785.90,,,,,
dataflow,ESTAT:NRG_CHDD_A(1.0),Cooling and heating degree days by country - annual data,A,Annual,NR,Number,HDD,Heating degree days,LU,Luxembourg,2023,,2732.68,,,,,
dataflow,ESTAT:NRG_CHDD_A(1.0),Cooling and heating degree days by country - annual data,A,Annual,NR,Number,HDD,Heating degree days,LU,Luxembourg,2024,,2742.18,,,,,
dataflow,ESTAT:NRG_CHDD_A(1.0),Cooling and heating degree days by country - annual data,A,Annual,NR,Number,HDD,Heating degree days,LV,Latvia,1990,,3762.31,,,,,
dataflow,ESTAT:NRG_CHDD_A(1.0),Cooling and heating degree days by country - annual data,A,Annual,NR,Number,HDD,Heating degree days,LV,Latvia,1991,,4020.92,,,,,
dataflow,ESTAT:NRG_CHDD_A(1.0),Cooling and heating degree days by country - annual data,A,Annual,NR,Number,HDD,Heating degree days,LV,Latvia,1992,,4031.67,,,,,
dataflow,ESTAT:NRG_CHDD_A(1.0),Cooling and heating degree days by country - annual data,A,Annual,NR,Number,HDD,Heating degree days,LV,Latvia,1993,,4408.73,,,,,
dataflow,ESTAT:NRG_CHDD_A(1.0),Cooling and heating degree days by country - annual data,A,Annual,NR,Number,HDD,Heating degree days,LV,Latvia,1994,,4399.39,,,,,
dataflow,ESTAT:NRG_CHDD_A(1.0),Cooling and heating degree days by country - annual data,A,Annual,NR,Number,HDD,Heating degree days,LV,Latvia,1995,,4110.72,,,,,
dataflow,ESTAT:NRG_CHDD_A(1.0),Cooling and heating degree days by country - annual data,A,Annual,NR,Number,HDD,Heating degree days,LV,Latvia,1996,,4707.55,,,,,
dataflow,ESTAT:NRG_CHDD_A(1.0),Cooling and heating degree days by country - annual data,A,Annual,NR,Number,HDD,Heating degree days,LV,Latvia,1997,,4284.10,,,,,
dataflow,ESTAT:NRG_CHDD_A(1.0),Cooling and heating degree days by country - annual data,A,Annual,NR,Number,HDD,Heating degree days,LV,Latvia,1998,,4269.81,,,,,
dataflow,ESTAT:NRG_CHDD_A(1.0),Cooling and heating degree days by country - annual data,A,Annual,NR,Number,HDD,Heating degree days,LV,Latvia,1999,,3972.04,,,,,
dataflow,ESTAT:NRG_CHDD_A(1.0),Cooling and heating degree days by country - annual data,A,Annual,NR,Number,HDD,Heating degree days,LV,Latvia,2000,,3732.08,,,,,
dataflow,ESTAT:NRG_CHDD_A(1.0),Cooling and heating degree days by country - annual data,A,Annual,NR,Number,HDD,Heating degree days,LV,Latvia,2001,,4180.03,,,,,
dataflow,ESTAT:NRG_CHDD_A(1.0),Cooling and heating degree days by country - annual data,A,Annual,NR,Number,HDD,Heating degree days,LV,Latvia,2002,,4057.45,,,,,
dataflow,ESTAT:NRG_CHDD_A(1.0),Cooling and heating degree days by country - annual data,A,Annual,NR,Number,HDD,Heating degree days,LV,Latvia,2003,,4244.78,,,,,
dataflow,ESTAT:NRG_CHDD_A(1.0),Cooling and heating degree days by country - annual data,A,Annual,NR,Number,HDD,Heating degree days,LV,Latvia,2004,,4206.53,,,,,
dataflow,ESTAT:NRG_CHDD_A(1.0),Cooling and heating degree days by country - annual data,A,Annual,NR,Number,HDD,Heating degree days,LV,Latvia,2005,,4181.30,,,,,
dataflow,ESTAT:NRG_CHDD_A(1.0),Cooling and heating degree days by country - annual data,A,Annual,NR,Number,HDD,Heating degree days,LV,Latvia,2006,,4013.78,,,,,
dataflow,ESTAT:NRG_CHDD_A(1.0),Cooling and heating degree days by country - annual data,A,Annual,NR,Number,HDD,Heating degree days,LV,Latvia,2007,,3900.67,,,,,
dataflow,ESTAT:NRG_CHDD_A(1.0),Cooling and heating degree days by country - annual data,A,Annual,NR,Number,HDD,Heating degree days,LV,Latvia,2008,,3727.95,,,,,
dataflow,ESTAT:NRG_CHDD_A(1.0),Cooling and heating degree days by country - annual data,A,Annual,NR,Number,HDD,Heating degree days,LV,Latvia,2009,,4150.44,,,,,
dataflow,ESTAT:NRG_CHDD_A(1.0),Cooling and heating degree days by country - annual data,A,Annual,NR,Number,HDD,Heating degree days,LV,Latvia,2010,,4635.98,,,,,
dataflow,ESTAT:NRG_CHDD_A(1.0),Cooling and heating degree days by country - annual data,A,Annual,NR,Number,HDD,Heating degree days,LV,Latvia,2011,,3937.92,,,,,
dataflow,ESTAT:NRG_CHDD_A(1.0),Cooling and heating degree days by country - annual data,A,Annual,NR,Number,HDD,Heating degree days,LV,Latvia,2012,,4322.02,,,,,
dataflow,ESTAT:NRG_CHDD_A(1.0),Cooling and heating degree days by country - annual data,A,Annual,NR,Number,HDD,Heating degree days,LV,Latvia,2013,,4036.79,,,,,
dataflow,ESTAT:NRG_CHDD_A(1.0),Cooling and heating degree days by country - annual data,A,Annual,NR,Number,HDD,Heating degree days,LV,Latvia,2014,,3939.85,,,,,
dataflow,ESTAT:NRG_CHDD_A(1.0),Cooling and heating degree days by country - annual data,A,Annual,NR,Number,HDD,Heating degree days,LV,Latvia,2015,,3657.39,,,,,
dataflow,ESTAT:NRG_CHDD_A(1.0),Cooling and heating degree days by country - annual data,A,Annual,NR,Number,HDD,Heating degree days,LV,Latvia,2016,,4002.81,,,,,
dataflow,ESTAT:NRG_CHDD_A(1.0),Cooling and heating degree days by country - annual data,A,Annual,NR,Number,HDD,Heating degree days,LV,Latvia,2017,,3997.38,,,,,
dataflow,ESTAT:NRG_CHDD_A(1.0),Cooling and heating degree days by country - annual data,A,Annual,NR,Number,HDD,Heating degree days,LV,Latvia,2018,,3862.19,,,,,
dataflow,ESTAT:NRG_CHDD_A(1.0),Cooling and heating degree days by country - annual data,A,Annual,NR,Number,HDD,Heating degree days,LV,Latvia,2019,,3622.92,,,,,
dataflow,ESTAT:NRG_CHDD_A(1.0),Cooling and heating degree days by country - annual data,A,Annual,NR,Number,HDD,Heating degree days,LV,Latvia,2020,,3402.72,,,,,
dataflow,ESTAT:NRG_CHDD_A(1.0),Cooling and heating degree days by country - annual data,A,Annual,NR,Number,HDD,Heating degree days,LV,Latvia,2021,,4143.70,,,,,
dataflow,ESTAT:NRG_CHDD_A(1.0),Cooling and heating degree days by country - annual data,A,Annual,NR,Number,HDD,Heating degree days,LV,Latvia,2022,,4011.58,,,,,
dataflow,ESTAT:NRG_CHDD_A(1.0),Cooling and heating degree days by country - annual data,A,Annual,NR,Number,HDD,Heating degree days,LV,Latvia,2023,,3755.06,,,,,
dataflow,ESTAT:NRG_CHDD_A(1.0),Cooling and heating degree days by country - annual data,A,Annual,NR,Number,HDD,Heating degree days,LV,Latvia,2024,,3437.55,,,,,
dataflow,ESTAT:NRG_CHDD_A(1.0),Cooling and heating degree days by country - annual data,A,Annual,NR,Number,HDD,Heating degree days,MT,Malta,1990,,472.50,,,,,
dataflow,ESTAT:NRG_CHDD_A(1.0),Cooling and heating degree days by country - annual data,A,Annual,NR,Number,HDD,Heating degree days,MT,Malta,1991,,624.62,,,,,
dataflow,ESTAT:NRG_CHDD_A(1.0),Cooling and heating degree days by country - annual data,A,Annual,NR,Number,HDD,Heating degree days,MT,Malta,1992,,628.30,,,,,
dataflow,ESTAT:NRG_CHDD_A(1.0),Cooling and heating degree days by country - annual data,A,Annual,NR,Number,HDD,Heating degree days,MT,Malta,1993,,638.40,,,,,
dataflow,ESTAT:NRG_CHDD_A(1.0),Cooling and heating degree days by country - annual data,A,Annual,NR,Number,HDD,Heating degree days,MT,Malta,1994,,469.26,,,,,
dataflow,ESTAT:NRG_CHDD_A(1.0),Cooling and heating degree days by country - annual data,A,Annual,NR,Number,HDD,Heating degree days,MT,Malta,1995,,497.49,,,,,
dataflow,ESTAT:NRG_CHDD_A(1.0),Cooling and heating degree days by country - annual data,A,Annual,NR,Number,HDD,Heating degree days,MT,Malta,1996,,465.49,,,,,
dataflow,ESTAT:NRG_CHDD_A(1.0),Cooling and heating degree days by country - annual data,A,Annual,NR,Number,HDD,Heating degree days,MT,Malta,1997,,489.38,,,,,
dataflow,ESTAT:NRG_CHDD_A(1.0),Cooling and heating degree days by country - annual data,A,Annual,NR,Number,HDD,Heating degree days,MT,Malta,1998,,571.49,,,,,
dataflow,ESTAT:NRG_CHDD_A(1.0),Cooling and heating degree days by country - annual data,A,Annual,NR,Number,HDD,Heating degree days,MT,Malta,1999,,554.91,,,,,
dataflow,ESTAT:NRG_CHDD_A(1.0),Cooling and heating degree days by country - annual data,A,Annual,NR,Number,HDD,Heating degree days,MT,Malta,2000,,512.79,,,,,
dataflow,ESTAT:NRG_CHDD_A(1.0),Cooling and heating degree days by country - annual data,A,Annual,NR,Number,HDD,Heating degree days,MT,Malta,2001,,419.81,,,,,
dataflow,ESTAT:NRG_CHDD_A(1.0),Cooling and heating degree days by country - annual data,A,Annual,NR,Number,HDD,Heating degree days,MT,Malta,2002,,449.86,,,,,
dataflow,ESTAT:NRG_CHDD_A(1.0),Cooling and heating degree days by country - annual data,A,Annual,NR,Number,HDD,Heating degree days,MT,Malta,2003,,646.01,,,,,
dataflow,ESTAT:NRG_CHDD_A(1.0),Cooling and heating degree days by country - annual data,A,Annual,NR,Number,HDD,Heating degree days,MT,Malta,2004,,550.68,,,,,
dataflow,ESTAT:NRG_CHDD_A(1.0),Cooling and heating degree days by country - annual data,A,Annual,NR,Number,HDD,Heating degree days,MT,Malta,2005,,713.46,,,,,
dataflow,ESTAT:NRG_CHDD_A(1.0),Cooling and heating degree days by country - annual data,A,Annual,NR,Number,HDD,Heating degree days,MT,Malta,2006,,506.75,,,,,
dataflow,ESTAT:NRG_CHDD_A(1.0),Cooling and heating degree days by country - annual data,A,Annual,NR,Number,HDD,Heating degree days,MT,Malta,2007,,367.07,,,,,
dataflow,ESTAT:NRG_CHDD_A(1.0),Cooling and heating degree days by country - annual data,A,Annual,NR,Number,HDD,Heating degree days,MT,Malta,2008,,345.03,,,,,
dataflow,ESTAT:NRG_CHDD_A(1.0),Cooling and heating degree days by country - annual data,A,Annual,NR,Number,HDD,Heating degree days,MT,Malta,2009,,534.05,,,,,
dataflow,ESTAT:NRG_CHDD_A(1.0),Cooling and heating degree days by country - annual data,A,Annual,NR,Number,HDD,Heating degree days,MT,Malta,2010,,402.95,,,,,
dataflow,ESTAT:NRG_CHDD_A(1.0),Cooling and heating degree days by country - annual data,A,Annual,NR,Number,HDD,Heating degree days,MT,Malta,2011,,549.19,,,,,
dataflow,ESTAT:NRG_CHDD_A(1.0),Cooling and heating degree days by country - annual data,A,Annual,NR,Number,HDD,Heating degree days,MT,Malta,2012,,662.36,,,,,
dataflow,ESTAT:NRG_CHDD_A(1.0),Cooling and heating degree days by country - annual data,A,Annual,NR,Number,HDD,Heating degree days,MT,Malta,2013,,460.65,,,,,
dataflow,ESTAT:NRG_CHDD_A(1.0),Cooling and heating degree days by country - annual data,A,Annual,NR,Number,HDD,Heating degree days,MT,Malta,2014,,374.61,,,,,
dataflow,ESTAT:NRG_CHDD_A(1.0),Cooling and heating degree days by country - annual data,A,Annual,NR,Number,HDD,Heating degree days,MT,Malta,2015,,543.90,,,,,
dataflow,ESTAT:NRG_CHDD_A(1.0),Cooling and heating degree days by country - annual data,A,Annual,NR,Number,HDD,Heating degree days,MT,Malta,2016,,322.36,,,,,
dataflow,ESTAT:NRG_CHDD_A(1.0),Cooling and heating degree days by country - annual data,A,Annual,NR,Number,HDD,Heating degree days,MT,Malta,2017,,534.15,,,,,
dataflow,ESTAT:NRG_CHDD_A(1.0),Cooling and heating degree days by country - annual data,A,Annual,NR,Number,HDD,Heating degree days,MT,Malta,2018,,365.57,,,,,
dataflow,ESTAT:NRG_CHDD_A(1.0),Cooling and heating degree days by country - annual data,A,Annual,NR,Number,HDD,Heating degree days,MT,Malta,2019,,515.23,,,,,
dataflow,ESTAT:NRG_CHDD_A(1.0),Cooling and heating degree days by country - annual data,A,Annual,NR,Number,HDD,Heating degree days,MT,Malta,2020,,401.93,,,,,
dataflow,ESTAT:NRG_CHDD_A(1.0),Cooling and heating degree days by country - annual data,A,Annual,NR,Number,HDD,Heating degree days,MT,Malta,2021,,465.87,,,,,
dataflow,ESTAT:NRG_CHDD_A(1.0),Cooling and heating degree days by country - annual data,A,Annual,NR,Number,HDD,Heating degree days,MT,Malta,2022,,543.62,,,,,
dataflow,ESTAT:NRG_CHDD_A(1.0),Cooling and heating degree days by country - annual data,A,Annual,NR,Number,HDD,Heating degree days,MT,Malta,2023,,392.62,,,,,
dataflow,ESTAT:NRG_CHDD_A(1.0),Cooling and heating degree days by country - annual data,A,Annual,NR,Number,HDD,Heating degree days,MT,Malta,2024,,292.73,,,,,
dataflow,ESTAT:NRG_CHDD_A(1.0),Cooling and heating degree days by country - annual data,A,Annual,NR,Number,HDD,Heating degree days,NL,Netherlands,1990,,2582.06,,,,,
dataflow,ESTAT:NRG_CHDD_A(1.0),Cooling and heating degree days by country - annual data,A,Annual,NR,Number,HDD,Heating degree days,NL,Netherlands,1991,,3022.80,,,,,
dataflow,ESTAT:NRG_CHDD_A(1.0),Cooling and heating degree days by country - annual data,A,Annual,NR,Number,HDD,Heating degree days,NL,Netherlands,1992,,2718.02,,,,,
dataflow,ESTAT:NRG_CHDD_A(1.0),Cooling and heating degree days by country - annual data,A,Annual,NR,Number,HDD,Heating degree days,NL,Netherlands,1993,,2967.41,,,,,
dataflow,ESTAT:NRG_CHDD_A(1.0),Cooling and heating degree days by country - annual data,A,Annual,NR,Number,HDD,Heating degree days,NL,Netherlands,1994,,2745.25,,,,,
dataflow,ESTAT:NRG_CHDD_A(1.0),Cooling and heating degree days by country - annual data,A,Annual,NR,Number,HDD,Heating degree days,NL,Netherlands,1995,,2822.84,,,,,
dataflow,ESTAT:NRG_CHDD_A(1.0),Cooling and heating degree days by country - annual data,A,Annual,NR,Number,HDD,Heating degree days,NL,Netherlands,1996,,3452.64,,,,,
dataflow,ESTAT:NRG_CHDD_A(1.0),Cooling and heating degree days by country - annual data,A,Annual,NR,Number,HDD,Heating degree days,NL,Netherlands,1997,,2871.12,,,,,
dataflow,ESTAT:NRG_CHDD_A(1.0),Cooling and heating degree days by country - annual data,A,Annual,NR,Number,HDD,Heating degree days,NL,Netherlands,1998,,2662.92,,,,,
dataflow,ESTAT:NRG_CHDD_A(1.0),Cooling and heating degree days by country - annual data,A,Annual,NR,Number,HDD,Heating degree days,NL,Netherlands,1999,,2551.85,,,,,
dataflow,ESTAT:NRG_CHDD_A(1.0),Cooling and heating degree days by country - annual data,A,Annual,NR,Number,HDD,Heating degree days,NL,Netherlands,2000,,2496.48,,,,,
dataflow,ESTAT:NRG_CHDD_A(1.0),Cooling and heating degree days by country - annual data,A,Annual,NR,Number,HDD,Heating degree days,NL,Netherlands,2001,,2728.84,,,,,
dataflow,ESTAT:NRG_CHDD_A(1.0),Cooling and heating degree days by country - annual data,A,Annual,NR,Number,HDD,Heating degree days,NL,Netherlands,2002,,2594.89,,,,,
dataflow,ESTAT:NRG_CHDD_A(1.0),Cooling and heating degree days by country - annual data,A,Annual,NR,Number,HDD,Heating degree days,NL,Netherlands,2003,,2762.17,,,,,
dataflow,ESTAT:NRG_CHDD_A(1.0),Cooling and heating degree days by country - annual data,A,Annual,NR,Number,HDD,Heating degree days,NL,Netherlands,2004,,2772.07,,,,,
dataflow,ESTAT:NRG_CHDD_A(1.0),Cooling and heating degree days by country - annual data,A,Annual,NR,Number,HDD,Heating degree days,NL,Netherlands,2005,,2650.18,,,,,
dataflow,ESTAT:NRG_CHDD_A(1.0),Cooling and heating degree days by country - annual data,A,Annual,NR,Number,HDD,Heating degree days,NL,Netherlands,2006,,2566.51,,,,,
dataflow,ESTAT:NRG_CHDD_A(1.0),Cooling and heating degree days by country - annual data,A,Annual,NR,Number,HDD,Heating degree days,NL,Netherlands,2007,,2424.77,,,,,
dataflow,ESTAT:NRG_CHDD_A(1.0),Cooling and heating degree days by country - annual data,A,Annual,NR,Number,HDD,Heating degree days,NL,Netherlands,2008,,2697.32,,,,,
dataflow,ESTAT:NRG_CHDD_A(1.0),Cooling and heating degree days by country - annual data,A,Annual,NR,Number,HDD,Heating degree days,NL,Netherlands,2009,,2727.14,,,,,
dataflow,ESTAT:NRG_CHDD_A(1.0),Cooling and heating degree days by country - annual data,A,Annual,NR,Number,HDD,Heating degree days,NL,Netherlands,2010,,3311.71,,,,,
dataflow,ESTAT:NRG_CHDD_A(1.0),Cooling and heating degree days by country - annual data,A,Annual,NR,Number,HDD,Heating degree days,NL,Netherlands,2011,,2516.57,,,,,
dataflow,ESTAT:NRG_CHDD_A(1.0),Cooling and heating degree days by country - annual data,A,Annual,NR,Number,HDD,Heating degree days,NL,Netherlands,2012,,2817.13,,,,,
dataflow,ESTAT:NRG_CHDD_A(1.0),Cooling and heating degree days by country - annual data,A,Annual,NR,Number,HDD,Heating degree days,NL,Netherlands,2013,,3012.96,,,,,
dataflow,ESTAT:NRG_CHDD_A(1.0),Cooling and heating degree days by country - annual data,A,Annual,NR,Number,HDD,Heating degree days,NL,Netherlands,2014,,2282.08,,,,,
dataflow,ESTAT:NRG_CHDD_A(1.0),Cooling and heating degree days by country - annual data,A,Annual,NR,Number,HDD,Heating degree days,NL,Netherlands,2015,,2625.49,,,,,
dataflow,ESTAT:NRG_CHDD_A(1.0),Cooling and heating degree days by country - annual data,A,Annual,NR,Number,HDD,Heating degree days,NL,Netherlands,2016,,2679.86,,,,,
dataflow,ESTAT:NRG_CHDD_A(1.0),Cooling and heating degree days by country - annual data,A,Annual,NR,Number,HDD,Heating degree days,NL,Netherlands,2017,,2538.98,,,,,
dataflow,ESTAT:NRG_CHDD_A(1.0),Cooling and heating degree days by country - annual data,A,Annual,NR,Number,HDD,Heating degree days,NL,Netherlands,2018,,2528.64,,,,,
dataflow,ESTAT:NRG_CHDD_A(1.0),Cooling and heating degree days by country - annual data,A,Annual,NR,Number,HDD,Heating degree days,NL,Netherlands,2019,,2514.41,,,,,
dataflow,ESTAT:NRG_CHDD_A(1.0),Cooling and heating degree days by country - annual data,A,Annual,NR,Number,HDD,Heating degree days,NL,Netherlands,2020,,2386.53,,,,,
dataflow,ESTAT:NRG_CHDD_A(1.0),Cooling and heating degree days by country - annual data,A,Annual,NR,Number,HDD,Heating degree days,NL,Netherlands,2021,,2722.19,,,,,
dataflow,ESTAT:NRG_CHDD_A(1.0),Cooling and heating degree days by country - annual data,A,Annual,NR,Number,HDD,Heating degree days,NL,Netherlands,2022,,2395.81,,,,,
dataflow,ESTAT:NRG_CHDD_A(1.0),Cooling and heating degree days by country - annual data,A,Annual,NR,Number,HDD,Heating degree days,NL,Netherlands,2023,,2318.86,,,,,
dataflow,ESTAT:NRG_CHDD_A(1.0),Cooling and heating degree days by country - annual data,A,Annual,NR,Number,HDD,Heating degree days,NL,Netherlands,2024,,2273.74,,,,,
dataflow,ESTAT:NRG_CHDD_A(1.0),Cooling and heating degree days by country - annual data,A,Annual,NR,Number,HDD,Heating degree days,NO,Norway,1990,,5196.17,,,,,
dataflow,ESTAT:NRG_CHDD_A(1.0),Cooling and heating degree days by country - annual data,A,Annual,NR,Number,HDD,Heating degree days,NO,Norway,1991,,5504.97,,,,,
dataflow,ESTAT:NRG_CHDD_A(1.0),Cooling and heating degree days by country - annual data,A,Annual,NR,Number,HDD,Heating degree days,NO,Norway,1992,,5485.84,,,,,
dataflow,ESTAT:NRG_CHDD_A(1.0),Cooling and heating degree days by country - annual data,A,Annual,NR,Number,HDD,Heating degree days,NO,Norway,1993,,5795.22,,,,,
dataflow,ESTAT:NRG_CHDD_A(1.0),Cooling and heating degree days by country - annual data,A,Annual,NR,Number,HDD,Heating degree days,NO,Norway,1994,,5807.65,,,,,
dataflow,ESTAT:NRG_CHDD_A(1.0),Cooling and heating degree days by country - annual data,A,Annual,NR,Number,HDD,Heating degree days,NO,Norway,1995,,5763.87,,,,,
dataflow,ESTAT:NRG_CHDD_A(1.0),Cooling and heating degree days by country - annual data,A,Annual,NR,Number,HDD,Heating degree days,NO,Norway,1996,,5956.00,,,,,
dataflow,ESTAT:NRG_CHDD_A(1.0),Cooling and heating degree days by country - annual data,A,Annual,NR,Number,HDD,Heating degree days,NO,Norway,1997,,5534.67,,,,,
dataflow,ESTAT:NRG_CHDD_A(1.0),Cooling and heating degree days by country - annual data,A,Annual,NR,Number,HDD,Heating degree days,NO,Norway,1998,,5783.77,,,,,
dataflow,ESTAT:NRG_CHDD_A(1.0),Cooling and heating degree days by country - annual data,A,Annual,NR,Number,HDD,Heating degree days,NO,Norway,1999,,5563.16,,,,,
dataflow,ESTAT:NRG_CHDD_A(1.0),Cooling and heating degree days by country - annual data,A,Annual,NR,Number,HDD,Heating degree days,NO,Norway,2000,,5334.50,,,,,
dataflow,ESTAT:NRG_CHDD_A(1.0),Cooling and heating degree days by country - annual data,A,Annual,NR,Number,HDD,Heating degree days,NO,Norway,2001,,5760.83,,,,,
dataflow,ESTAT:NRG_CHDD_A(1.0),Cooling and heating degree days by country - annual data,A,Annual,NR,Number,HDD,Heating degree days,NO,Norway,2002,,5474.51,,,,,
dataflow,ESTAT:NRG_CHDD_A(1.0),Cooling and heating degree days by country - annual data,A,Annual,NR,Number,HDD,Heating degree days,NO,Norway,2003,,5387.57,,,,,
dataflow,ESTAT:NRG_CHDD_A(1.0),Cooling and heating degree days by country - annual data,A,Annual,NR,Number,HDD,Heating degree days,NO,Norway,2004,,5431.36,,,,,
dataflow,ESTAT:NRG_CHDD_A(1.0),Cooling and heating degree days by country - annual data,A,Annual,NR,Number,HDD,Heating degree days,NO,Norway,2005,,5365.38,,,,,
dataflow,ESTAT:NRG_CHDD_A(1.0),Cooling and heating degree days by country - annual data,A,Annual,NR,Number,HDD,Heating degree days,NO,Norway,2006,,5228.95,,,,,
dataflow,ESTAT:NRG_CHDD_A(1.0),Cooling and heating degree days by country - annual data,A,Annual,NR,Number,HDD,Heating degree days,NO,Norway,2007,,5404.05,,,,,
dataflow,ESTAT:NRG_CHDD_A(1.0),Cooling and heating degree days by country - annual data,A,Annual,NR,Number,HDD,Heating degree days,NO,Norway,2008,,5450.10,,,,,
dataflow,ESTAT:NRG_CHDD_A(1.0),Cooling and heating degree days by country - annual data,A,Annual,NR,Number,HDD,Heating degree days,NO,Norway,2009,,5527.40,,,,,
dataflow,ESTAT:NRG_CHDD_A(1.0),Cooling and heating degree days by country - annual data,A,Annual,NR,Number,HDD,Heating degree days,NO,Norway,2010,,6205.66,,,,,
dataflow,ESTAT:NRG_CHDD_A(1.0),Cooling and heating degree days by country - annual data,A,Annual,NR,Number,HDD,Heating degree days,NO,Norway,2011,,5198.77,,,,,
dataflow,ESTAT:NRG_CHDD_A(1.0),Cooling and heating degree days by country - annual data,A,Annual,NR,Number,HDD,Heating degree days,NO,Norway,2012,,5783.70,,,,,
dataflow,ESTAT:NRG_CHDD_A(1.0),Cooling and heating degree days by country - annual data,A,Annual,NR,Number,HDD,Heating degree days,NO,Norway,2013,,5492.84,,,,,
dataflow,ESTAT:NRG_CHDD_A(1.0),Cooling and heating degree days by country - annual data,A,Annual,NR,Number,HDD,Heating degree days,NO,Norway,2014,,5136.42,,,,,
dataflow,ESTAT:NRG_CHDD_A(1.0),Cooling and heating degree days by country - annual data,A,Annual,NR,Number,HDD,Heating degree days,NO,Norway,2015,,5264.25,,,,,
dataflow,ESTAT:NRG_CHDD_A(1.0),Cooling and heating degree days by country - annual data,A,Annual,NR,Number,HDD,Heating degree days,NO,Norway,2016,,5371.01,,,,,
dataflow,ESTAT:NRG_CHDD_A(1.0),Cooling and heating degree days by country - annual data,A,Annual,NR,Number,HDD,Heating degree days,NO,Norway,2017,,5513.51,,,,,
dataflow,ESTAT:NRG_CHDD_A(1.0),Cooling and heating degree days by country - annual data,A,Annual,NR,Number,HDD,Heating degree days,NO,Norway,2018,,5420.27,,,,,
dataflow,ESTAT:NRG_CHDD_A(1.0),Cooling and heating degree days by country - annual data,A,Annual,NR,Number,HDD,Heating degree days,NO,Norway,2019,,5509.44,,,,,
dataflow,ESTAT:NRG_CHDD_A(1.0),Cooling and heating degree days by country - annual data,A,Annual,NR,Number,HDD,Heating degree days,NO,Norway,2020,,5088.94,,,,,
dataflow,ESTAT:NRG_CHDD_A(1.0),Cooling and heating degree days by country - annual data,A,Annual,NR,Number,HDD,Heating degree days,NO,Norway,2021,,5539.23,,,,,
dataflow,ESTAT:NRG_CHDD_A(1.0),Cooling and heating degree days by country - annual data,A,Annual,NR,Number,HDD,Heating degree days,NO,Norway,2022,,5294.85,,,,,
dataflow,ESTAT:NRG_CHDD_A(1.0),Cooling and heating degree days by country - annual data,A,Annual,NR,Number,HDD,Heating degree days,NO,Norway,2023,,5586.96,,,,,
dataflow,ESTAT:NRG_CHDD_A(1.0),Cooling and heating degree days by country - annual data,A,Annual,NR,Number,HDD,Heating degree days,NO,Norway,2024,,5132.79,,,,,
dataflow,ESTAT:NRG_CHDD_A(1.0),Cooling and heating degree days by country - annual data,A,Annual,NR,Number,HDD,Heating degree days,PL,Poland,1990,,3192.33,,,,,
dataflow,ESTAT:NRG_CHDD_A(1.0),Cooling and heating degree days by country - annual data,A,Annual,NR,Number,HDD,Heating degree days,PL,Poland,1991,,3697.57,,,,,
dataflow,ESTAT:NRG_CHDD_A(1.0),Cooling and heating degree days by country - annual data,A,Annual,NR,Number,HDD,Heating degree days,PL,Poland,1992,,3518.67,,,,,
dataflow,ESTAT:NRG_CHDD_A(1.0),Cooling and heating degree days by country - annual data,A,Annual,NR,Number,HDD,Heating degree days,PL,Poland,1993,,3702.40,,,,,
dataflow,ESTAT:NRG_CHDD_A(1.0),Cooling and heating degree days by country - annual data,A,Annual,NR,Number,HDD,Heating degree days,PL,Poland,1994,,3458.68,,,,,
dataflow,ESTAT:NRG_CHDD_A(1.0),Cooling and heating degree days by country - annual data,A,Annual,NR,Number,HDD,Heating degree days,PL,Poland,1995,,3626.12,,,,,
dataflow,ESTAT:NRG_CHDD_A(1.0),Cooling and heating degree days by country - annual data,A,Annual,NR,Number,HDD,Heating degree days,PL,Poland,1996,,4151.88,,,,,
dataflow,ESTAT:NRG_CHDD_A(1.0),Cooling and heating degree days by country - annual data,A,Annual,NR,Number,HDD,Heating degree days,PL,Poland,1997,,3693.19,,,,,
dataflow,ESTAT:NRG_CHDD_A(1.0),Cooling and heating degree days by country - annual data,A,Annual,NR,Number,HDD,Heating degree days,PL,Poland,1998,,3563.27,,,,,
dataflow,ESTAT:NRG_CHDD_A(1.0),Cooling and heating degree days by country - annual data,A,Annual,NR,Number,HDD,Heating degree days,PL,Poland,1999,,3330.74,,,,,
dataflow,ESTAT:NRG_CHDD_A(1.0),Cooling and heating degree days by country - annual data,A,Annual,NR,Number,HDD,Heating degree days,PL,Poland,2000,,3104.32,,,,,
dataflow,ESTAT:NRG_CHDD_A(1.0),Cooling and heating degree days by country - annual data,A,Annual,NR,Number,HDD,Heating degree days,PL,Poland,2001,,3588.96,,,,,
dataflow,ESTAT:NRG_CHDD_A(1.0),Cooling and heating degree days by country - annual data,A,Annual,NR,Number,HDD,Heating degree days,PL,Poland,2002,,3344.88,,,,,
dataflow,ESTAT:NRG_CHDD_A(1.0),Cooling and heating degree days by country - annual data,A,Annual,NR,Number,HDD,Heating degree days,PL,Poland,2003,,3597.66,,,,,
dataflow,ESTAT:NRG_CHDD_A(1.0),Cooling and heating degree days by country - annual data,A,Annual,NR,Number,HDD,Heating degree days,PL,Poland,2004,,3515.39,,,,,
dataflow,ESTAT:NRG_CHDD_A(1.0),Cooling and heating degree days by country - annual data,A,Annual,NR,Number,HDD,Heating degree days,PL,Poland,2005,,3544.15,,,,,
dataflow,ESTAT:NRG_CHDD_A(1.0),Cooling and heating degree days by country - annual data,A,Annual,NR,Number,HDD,Heating degree days,PL,Poland,2006,,3462.59,,,,,
dataflow,ESTAT:NRG_CHDD_A(1.0),Cooling and heating degree days by country - annual data,A,Annual,NR,Number,HDD,Heating degree days,PL,Poland,2007,,3232.13,,,,,
dataflow,ESTAT:NRG_CHDD_A(1.0),Cooling and heating degree days by country - annual data,A,Annual,NR,Number,HDD,Heating degree days,PL,Poland,2008,,3174.47,,,,,
dataflow,ESTAT:NRG_CHDD_A(1.0),Cooling and heating degree days by country - annual data,A,Annual,NR,Number,HDD,Heating degree days,PL,Poland,2009,,3448.86,,,,,
dataflow,ESTAT:NRG_CHDD_A(1.0),Cooling and heating degree days by country - annual data,A,Annual,NR,Number,HDD,Heating degree days,PL,Poland,2010,,3923.03,,,,,
dataflow,ESTAT:NRG_CHDD_A(1.0),Cooling and heating degree days by country - annual data,A,Annual,NR,Number,HDD,Heating degree days,PL,Poland,2011,,3315.94,,,,,
dataflow,ESTAT:NRG_CHDD_A(1.0),Cooling and heating degree days by country - annual data,A,Annual,NR,Number,HDD,Heating degree days,PL,Poland,2012,,3551.16,,,,,
dataflow,ESTAT:NRG_CHDD_A(1.0),Cooling and heating degree days by country - annual data,A,Annual,NR,Number,HDD,Heating degree days,PL,Poland,2013,,3502.91,,,,,
dataflow,ESTAT:NRG_CHDD_A(1.0),Cooling and heating degree days by country - annual data,A,Annual,NR,Number,HDD,Heating degree days,PL,Poland,2014,,3094.64,,,,,
dataflow,ESTAT:NRG_CHDD_A(1.0),Cooling and heating degree days by country - annual data,A,Annual,NR,Number,HDD,Heating degree days,PL,Poland,2015,,3112.56,,,,,
dataflow,ESTAT:NRG_CHDD_A(1.0),Cooling and heating degree days by country - annual data,A,Annual,NR,Number,HDD,Heating degree days,PL,Poland,2016,,3286.01,,,,,
dataflow,ESTAT:NRG_CHDD_A(1.0),Cooling and heating degree days by country - annual data,A,Annual,NR,Number,HDD,Heating degree days,PL,Poland,2017,,3288.37,,,,,
dataflow,ESTAT:NRG_CHDD_A(1.0),Cooling and heating degree days by country - annual data,A,Annual,NR,Number,HDD,Heating degree days,PL,Poland,2018,,3123.43,,,,,
dataflow,ESTAT:NRG_CHDD_A(1.0),Cooling and heating degree days by country - annual data,A,Annual,NR,Number,HDD,Heating degree days,PL,Poland,2019,,2951.82,,,,,
dataflow,ESTAT:NRG_CHDD_A(1.0),Cooling and heating degree days by country - annual data,A,Annual,NR,Number,HDD,Heating degree days,PL,Poland,2020,,3005.65,,,,,
dataflow,ESTAT:NRG_CHDD_A(1.0),Cooling and heating degree days by country - annual data,A,Annual,NR,Number,HDD,Heating degree days,PL,Poland,2021,,3491.49,,,,,
dataflow,ESTAT:NRG_CHDD_A(1.0),Cooling and heating degree days by country - annual data,A,Annual,NR,Number,HDD,Heating degree days,PL,Poland,2022,,3200.52,,,,,
dataflow,ESTAT:NRG_CHDD_A(1.0),Cooling and heating degree days by country - annual data,A,Annual,NR,Number,HDD,Heating degree days,PL,Poland,2023,,2972.75,,,,,
dataflow,ESTAT:NRG_CHDD_A(1.0),Cooling and heating degree days by country - annual data,A,Annual,NR,Number,HDD,Heating degree days,PL,Poland,2024,,2737.52,,,,,
dataflow,ESTAT:NRG_CHDD_A(1.0),Cooling and heating degree days by country - annual data,A,Annual,NR,Number,HDD,Heating degree days,PT,Portugal,1990,,1236.54,,,,,
dataflow,ESTAT:NRG_CHDD_A(1.0),Cooling and heating degree days by country - annual data,A,Annual,NR,Number,HDD,Heating degree days,PT,Portugal,1991,,1464.02,,,,,
dataflow,ESTAT:NRG_CHDD_A(1.0),Cooling and heating degree days by country - annual data,A,Annual,NR,Number,HDD,Heating degree days,PT,Portugal,1992,,1257.57,,,,,
dataflow,ESTAT:NRG_CHDD_A(1.0),Cooling and heating degree days by country - annual data,A,Annual,NR,Number,HDD,Heating degree days,PT,Portugal,1993,,1399.62,,,,,
dataflow,ESTAT:NRG_CHDD_A(1.0),Cooling and heating degree days by country - annual data,A,Annual,NR,Number,HDD,Heating degree days,PT,Portugal,1994,,1130.96,,,,,
dataflow,ESTAT:NRG_CHDD_A(1.0),Cooling and heating degree days by country - annual data,A,Annual,NR,Number,HDD,Heating degree days,PT,Portugal,1995,,925.05,,,,,
dataflow,ESTAT:NRG_CHDD_A(1.0),Cooling and heating degree days by country - annual data,A,Annual,NR,Number,HDD,Heating degree days,PT,Portugal,1996,,1231.36,,,,,
dataflow,ESTAT:NRG_CHDD_A(1.0),Cooling and heating degree days by country - annual data,A,Annual,NR,Number,HDD,Heating degree days,PT,Portugal,1997,,903.76,,,,,
dataflow,ESTAT:NRG_CHDD_A(1.0),Cooling and heating degree days by country - annual data,A,Annual,NR,Number,HDD,Heating degree days,PT,Portugal,1998,,1139.31,,,,,
dataflow,ESTAT:NRG_CHDD_A(1.0),Cooling and heating degree days by country - annual data,A,Annual,NR,Number,HDD,Heating degree days,PT,Portugal,1999,,1261.16,,,,,
dataflow,ESTAT:NRG_CHDD_A(1.0),Cooling and heating degree days by country - annual data,A,Annual,NR,Number,HDD,Heating degree days,PT,Portugal,2000,,1263.95,,,,,
dataflow,ESTAT:NRG_CHDD_A(1.0),Cooling and heating degree days by country - annual data,A,Annual,NR,Number,HDD,Heating degree days,PT,Portugal,2001,,1246.56,,,,,
dataflow,ESTAT:NRG_CHDD_A(1.0),Cooling and heating degree days by country - annual data,A,Annual,NR,Number,HDD,Heating degree days,PT,Portugal,2002,,1137.33,,,,,
dataflow,ESTAT:NRG_CHDD_A(1.0),Cooling and heating degree days by country - annual data,A,Annual,NR,Number,HDD,Heating degree days,PT,Portugal,2003,,1220.40,,,,,
dataflow,ESTAT:NRG_CHDD_A(1.0),Cooling and heating degree days by country - annual data,A,Annual,NR,Number,HDD,Heating degree days,PT,Portugal,2004,,1344.48,,,,,
dataflow,ESTAT:NRG_CHDD_A(1.0),Cooling and heating degree days by country - annual data,A,Annual,NR,Number,HDD,Heating degree days,PT,Portugal,2005,,1338.02,,,,,
dataflow,ESTAT:NRG_CHDD_A(1.0),Cooling and heating degree days by country - annual data,A,Annual,NR,Number,HDD,Heating degree days,PT,Portugal,2006,,1189.30,,,,,
dataflow,ESTAT:NRG_CHDD_A(1.0),Cooling and heating degree days by country - annual data,A,Annual,NR,Number,HDD,Heating degree days,PT,Portugal,2007,,1236.60,,,,,
dataflow,ESTAT:NRG_CHDD_A(1.0),Cooling and heating degree days by country - annual data,A,Annual,NR,Number,HDD,Heating degree days,PT,Portugal,2008,,1267.83,,,,,
dataflow,ESTAT:NRG_CHDD_A(1.0),Cooling and heating degree days by country - annual data,A,Annual,NR,Number,HDD,Heating degree days,PT,Portugal,2009,,1153.85,,,,,
dataflow,ESTAT:NRG_CHDD_A(1.0),Cooling and heating degree days by country - annual data,A,Annual,NR,Number,HDD,Heating degree days,PT,Portugal,2010,,1298.28,,,,,
dataflow,ESTAT:NRG_CHDD_A(1.0),Cooling and heating degree days by country - annual data,A,Annual,NR,Number,HDD,Heating degree days,PT,Portugal,2011,,1089.29,,,,,
dataflow,ESTAT:NRG_CHDD_A(1.0),Cooling and heating degree days by country - annual data,A,Annual,NR,Number,HDD,Heating degree days,PT,Portugal,2012,,1347.73,,,,,
dataflow,ESTAT:NRG_CHDD_A(1.0),Cooling and heating degree days by country - annual data,A,Annual,NR,Number,HDD,Heating degree days,PT,Portugal,2013,,1336.17,,,,,
dataflow,ESTAT:NRG_CHDD_A(1.0),Cooling and heating degree days by country - annual data,A,Annual,NR,Number,HDD,Heating degree days,PT,Portugal,2014,,1138.56,,,,,
dataflow,ESTAT:NRG_CHDD_A(1.0),Cooling and heating degree days by country - annual data,A,Annual,NR,Number,HDD,Heating degree days,PT,Portugal,2015,,1080.28,,,,,
dataflow,ESTAT:NRG_CHDD_A(1.0),Cooling and heating degree days by country - annual data,A,Annual,NR,Number,HDD,Heating degree days,PT,Portugal,2016,,1233.04,,,,,
dataflow,ESTAT:NRG_CHDD_A(1.0),Cooling and heating degree days by country - annual data,A,Annual,NR,Number,HDD,Heating degree days,PT,Portugal,2017,,1054.83,,,,,
dataflow,ESTAT:NRG_CHDD_A(1.0),Cooling and heating degree days by country - annual data,A,Annual,NR,Number,HDD,Heating degree days,PT,Portugal,2018,,1307.33,,,,,
dataflow,ESTAT:NRG_CHDD_A(1.0),Cooling and heating degree days by country - annual data,A,Annual,NR,Number,HDD,Heating degree days,PT,Portugal,2019,,1109.07,,,,,
dataflow,ESTAT:NRG_CHDD_A(1.0),Cooling and heating degree days by country - annual data,A,Annual,NR,Number,HDD,Heating degree days,PT,Portugal,2020,,1010.10,,,,,
dataflow,ESTAT:NRG_CHDD_A(1.0),Cooling and heating degree days by country - annual data,A,Annual,NR,Number,HDD,Heating degree days,PT,Portugal,2021,,1064.78,,,,,
dataflow,ESTAT:NRG_CHDD_A(1.0),Cooling and heating degree days by country - annual data,A,Annual,NR,Number,HDD,Heating degree days,PT,Portugal,2022,,967.92,,,,,
dataflow,ESTAT:NRG_CHDD_A(1.0),Cooling and heating degree days by country - annual data,A,Annual,NR,Number,HDD,Heating degree days,PT,Portugal,2023,,1046.75,,,,,
dataflow,ESTAT:NRG_CHDD_A(1.0),Cooling and heating degree days by country - annual data,A,Annual,NR,Number,HDD,Heating degree days,PT,Portugal,2024,,982.11,,,,,
dataflow,ESTAT:NRG_CHDD_A(1.0),Cooling and heating degree days by country - annual data,A,Annual,NR,Number,HDD,Heating degree days,RO,Romania,1990,,2876.32,,,,,
dataflow,ESTAT:NRG_CHDD_A(1.0),Cooling and heating degree days by country - annual data,A,Annual,NR,Number,HDD,Heating degree days,RO,Romania,1991,,3343.45,,,,,
dataflow,ESTAT:NRG_CHDD_A(1.0),Cooling and heating degree days by country - annual data,A,Annual,NR,Number,HDD,Heating degree days,RO,Romania,1992,,3190.37,,,,,
dataflow,ESTAT:NRG_CHDD_A(1.0),Cooling and heating degree days by country - annual data,A,Annual,NR,Number,HDD,Heating degree days,RO,Romania,1993,,3362.06,,,,,
dataflow,ESTAT:NRG_CHDD_A(1.0),Cooling and heating degree days by country - annual data,A,Annual,NR,Number,HDD,Heating degree days,RO,Romania,1994,,2842.33,,,,,
dataflow,ESTAT:NRG_CHDD_A(1.0),Cooling and heating degree days by country - annual data,A,Annual,NR,Number,HDD,Heating degree days,RO,Romania,1995,,3225.86,,,,,
dataflow,ESTAT:NRG_CHDD_A(1.0),Cooling and heating degree days by country - annual data,A,Annual,NR,Number,HDD,Heating degree days,RO,Romania,1996,,3471.01,,,,,
dataflow,ESTAT:NRG_CHDD_A(1.0),Cooling and heating degree days by country - annual data,A,Annual,NR,Number,HDD,Heating degree days,RO,Romania,1997,,3374.12,,,,,
dataflow,ESTAT:NRG_CHDD_A(1.0),Cooling and heating degree days by country - annual data,A,Annual,NR,Number,HDD,Heating degree days,RO,Romania,1998,,3218.44,,,,,
dataflow,ESTAT:NRG_CHDD_A(1.0),Cooling and heating degree days by country - annual data,A,Annual,NR,Number,HDD,Heating degree days,RO,Romania,1999,,3000.93,,,,,
dataflow,ESTAT:NRG_CHDD_A(1.0),Cooling and heating degree days by country - annual data,A,Annual,NR,Number,HDD,Heating degree days,RO,Romania,2000,,2931.43,,,,,
dataflow,ESTAT:NRG_CHDD_A(1.0),Cooling and heating degree days by country - annual data,A,Annual,NR,Number,HDD,Heating degree days,RO,Romania,2001,,3028.97,,,,,
dataflow,ESTAT:NRG_CHDD_A(1.0),Cooling and heating degree days by country - annual data,A,Annual,NR,Number,HDD,Heating degree days,RO,Romania,2002,,2932.00,,,,,
dataflow,ESTAT:NRG_CHDD_A(1.0),Cooling and heating degree days by country - annual data,A,Annual,NR,Number,HDD,Heating degree days,RO,Romania,2003,,3393.84,,,,,
dataflow,ESTAT:NRG_CHDD_A(1.0),Cooling and heating degree days by country - annual data,A,Annual,NR,Number,HDD,Heating degree days,RO,Romania,2004,,3107.75,,,,,
dataflow,ESTAT:NRG_CHDD_A(1.0),Cooling and heating degree days by country - annual data,A,Annual,NR,Number,HDD,Heating degree days,RO,Romania,2005,,3248.31,,,,,
dataflow,ESTAT:NRG_CHDD_A(1.0),Cooling and heating degree days by country - annual data,A,Annual,NR,Number,HDD,Heating degree days,RO,Romania,2006,,3164.93,,,,,
dataflow,ESTAT:NRG_CHDD_A(1.0),Cooling and heating degree days by country - annual data,A,Annual,NR,Number,HDD,Heating degree days,RO,Romania,2007,,2837.51,,,,,
dataflow,ESTAT:NRG_CHDD_A(1.0),Cooling and heating degree days by country - annual data,A,Annual,NR,Number,HDD,Heating degree days,RO,Romania,2008,,2871.73,,,,,
dataflow,ESTAT:NRG_CHDD_A(1.0),Cooling and heating degree days by country - annual data,A,Annual,NR,Number,HDD,Heating degree days,RO,Romania,2009,,2850.30,,,,,
dataflow,ESTAT:NRG_CHDD_A(1.0),Cooling and heating degree days by country - annual data,A,Annual,NR,Number,HDD,Heating degree days,RO,Romania,2010,,3056.91,,,,,
dataflow,ESTAT:NRG_CHDD_A(1.0),Cooling and heating degree days by country - annual data,A,Annual,NR,Number,HDD,Heating degree days,RO,Romania,2011,,3174.10,,,,,
dataflow,ESTAT:NRG_CHDD_A(1.0),Cooling and heating degree days by country - annual data,A,Annual,NR,Number,HDD,Heating degree days,RO,Romania,2012,,3089.55,,,,,
dataflow,ESTAT:NRG_CHDD_A(1.0),Cooling and heating degree days by country - annual data,A,Annual,NR,Number,HDD,Heating degree days,RO,Romania,2013,,2865.71,,,,,
dataflow,ESTAT:NRG_CHDD_A(1.0),Cooling and heating degree days by country - annual data,A,Annual,NR,Number,HDD,Heating degree days,RO,Romania,2014,,2730.97,,,,,
dataflow,ESTAT:NRG_CHDD_A(1.0),Cooling and heating degree days by country - annual data,A,Annual,NR,Number,HDD,Heating degree days,RO,Romania,2015,,2787.05,,,,,
dataflow,ESTAT:NRG_CHDD_A(1.0),Cooling and heating degree days by country - annual data,A,Annual,NR,Number,HDD,Heating degree days,RO,Romania,2016,,2920.43,,,,,
dataflow,ESTAT:NRG_CHDD_A(1.0),Cooling and heating degree days by country - annual data,A,Annual,NR,Number,HDD,Heating degree days,RO,Romania,2017,,2918.88,,,,,
dataflow,ESTAT:NRG_CHDD_A(1.0),Cooling and heating degree days by country - annual data,A,Annual,NR,Number,HDD,Heating degree days,RO,Romania,2018,,2748.49,,,,,
dataflow,ESTAT:NRG_CHDD_A(1.0),Cooling and heating degree days by country - annual data,A,Annual,NR,Number,HDD,Heating degree days,RO,Romania,2019,,2568.23,,,,,
dataflow,ESTAT:NRG_CHDD_A(1.0),Cooling and heating degree days by country - annual data,A,Annual,NR,Number,HDD,Heating degree days,RO,Romania,2020,,2665.22,,,,,
dataflow,ESTAT:NRG_CHDD_A(1.0),Cooling and heating degree days by country - annual data,A,Annual,NR,Number,HDD,Heating degree days,RO,Romania,2021,,2993.60,,,,,
dataflow,ESTAT:NRG_CHDD_A(1.0),Cooling and heating degree days by country - annual data,A,Annual,NR,Number,HDD,Heating degree days,RO,Romania,2022,,2751.26,,,,,
dataflow,ESTAT:NRG_CHDD_A(1.0),Cooling and heating degree days by country - annual data,A,Annual,NR,Number,HDD,Heating degree days,RO,Romania,2023,,2506.53,,,,,
dataflow,ESTAT:NRG_CHDD_A(1.0),Cooling and heating degree days by country - annual data,A,Annual,NR,Number,HDD,Heating degree days,RO,Romania,2024,,2484.59,,,,,
dataflow,ESTAT:NRG_CHDD_A(1.0),Cooling and heating degree days by country - annual data,A,Annual,NR,Number,HDD,Heating degree days,SE,Sweden,1990,,4893.23,,,,,
dataflow,ESTAT:NRG_CHDD_A(1.0),Cooling and heating degree days by country - annual data,A,Annual,NR,Number,HDD,Heating degree days,SE,Sweden,1991,,5276.25,,,,,
dataflow,ESTAT:NRG_CHDD_A(1.0),Cooling and heating degree days by country - annual data,A,Annual,NR,Number,HDD,Heating degree days,SE,Sweden,1992,,5136.60,,,,,
dataflow,ESTAT:NRG_CHDD_A(1.0),Cooling and heating degree days by country - annual data,A,Annual,NR,Number,HDD,Heating degree days,SE,Sweden,1993,,5452.62,,,,,
dataflow,ESTAT:NRG_CHDD_A(1.0),Cooling and heating degree days by country - annual data,A,Annual,NR,Number,HDD,Heating degree days,SE,Sweden,1994,,5495.59,,,,,
dataflow,ESTAT:NRG_CHDD_A(1.0),Cooling and heating degree days by country - annual data,A,Annual,NR,Number,HDD,Heating degree days,SE,Sweden,1995,,5464.56,,,,,
dataflow,ESTAT:NRG_CHDD_A(1.0),Cooling and heating degree days by country - annual data,A,Annual,NR,Number,HDD,Heating degree days,SE,Sweden,1996,,5699.17,,,,,
dataflow,ESTAT:NRG_CHDD_A(1.0),Cooling and heating degree days by country - annual data,A,Annual,NR,Number,HDD,Heating degree days,SE,Sweden,1997,,5213.06,,,,,
dataflow,ESTAT:NRG_CHDD_A(1.0),Cooling and heating degree days by country - annual data,A,Annual,NR,Number,HDD,Heating degree days,SE,Sweden,1998,,5493.29,,,,,
dataflow,ESTAT:NRG_CHDD_A(1.0),Cooling and heating degree days by country - annual data,A,Annual,NR,Number,HDD,Heating degree days,SE,Sweden,1999,,5262.84,,,,,
dataflow,ESTAT:NRG_CHDD_A(1.0),Cooling and heating degree days by country - annual data,A,Annual,NR,Number,HDD,Heating degree days,SE,Sweden,2000,,4925.62,,,,,
dataflow,ESTAT:NRG_CHDD_A(1.0),Cooling and heating degree days by country - annual data,A,Annual,NR,Number,HDD,Heating degree days,SE,Sweden,2001,,5422.89,,,,,
dataflow,ESTAT:NRG_CHDD_A(1.0),Cooling and heating degree days by country - annual data,A,Annual,NR,Number,HDD,Heating degree days,SE,Sweden,2002,,5210.90,,,,,
dataflow,ESTAT:NRG_CHDD_A(1.0),Cooling and heating degree days by country - annual data,A,Annual,NR,Number,HDD,Heating degree days,SE,Sweden,2003,,5224.63,,,,,
dataflow,ESTAT:NRG_CHDD_A(1.0),Cooling and heating degree days by country - annual data,A,Annual,NR,Number,HDD,Heating degree days,SE,Sweden,2004,,5281.26,,,,,
dataflow,ESTAT:NRG_CHDD_A(1.0),Cooling and heating degree days by country - annual data,A,Annual,NR,Number,HDD,Heating degree days,SE,Sweden,2005,,5085.06,,,,,
dataflow,ESTAT:NRG_CHDD_A(1.0),Cooling and heating degree days by country - annual data,A,Annual,NR,Number,HDD,Heating degree days,SE,Sweden,2006,,4985.68,,,,,
dataflow,ESTAT:NRG_CHDD_A(1.0),Cooling and heating degree days by country - annual data,A,Annual,NR,Number,HDD,Heating degree days,SE,Sweden,2007,,5069.60,,,,,
dataflow,ESTAT:NRG_CHDD_A(1.0),Cooling and heating degree days by country - annual data,A,Annual,NR,Number,HDD,Heating degree days,SE,Sweden,2008,,5074.88,,,,,
dataflow,ESTAT:NRG_CHDD_A(1.0),Cooling and heating degree days by country - annual data,A,Annual,NR,Number,HDD,Heating degree days,SE,Sweden,2009,,5294.04,,,,,
dataflow,ESTAT:NRG_CHDD_A(1.0),Cooling and heating degree days by country - annual data,A,Annual,NR,Number,HDD,Heating degree days,SE,Sweden,2010,,5986.18,,,,,
dataflow,ESTAT:NRG_CHDD_A(1.0),Cooling and heating degree days by country - annual data,A,Annual,NR,Number,HDD,Heating degree days,SE,Sweden,2011,,4895.71,,,,,
dataflow,ESTAT:NRG_CHDD_A(1.0),Cooling and heating degree days by country - annual data,A,Annual,NR,Number,HDD,Heating degree days,SE,Sweden,2012,,5471.41,,,,,
dataflow,ESTAT:NRG_CHDD_A(1.0),Cooling and heating degree days by country - annual data,A,Annual,NR,Number,HDD,Heating degree days,SE,Sweden,2013,,5155.24,,,,,
dataflow,ESTAT:NRG_CHDD_A(1.0),Cooling and heating degree days by country - annual data,A,Annual,NR,Number,HDD,Heating degree days,SE,Sweden,2014,,4850.03,,,,,
dataflow,ESTAT:NRG_CHDD_A(1.0),Cooling and heating degree days by country - annual data,A,Annual,NR,Number,HDD,Heating degree days,SE,Sweden,2015,,4875.48,,,,,
dataflow,ESTAT:NRG_CHDD_A(1.0),Cooling and heating degree days by country - annual data,A,Annual,NR,Number,HDD,Heating degree days,SE,Sweden,2016,,5092.48,,,,,
dataflow,ESTAT:NRG_CHDD_A(1.0),Cooling and heating degree days by country - annual data,A,Annual,NR,Number,HDD,Heating degree days,SE,Sweden,2017,,5181.13,,,,,
dataflow,ESTAT:NRG_CHDD_A(1.0),Cooling and heating degree days by country - annual data,A,Annual,NR,Number,HDD,Heating degree days,SE,Sweden,2018,,5122.22,,,,,
dataflow,ESTAT:NRG_CHDD_A(1.0),Cooling and heating degree days by country - annual data,A,Annual,NR,Number,HDD,Heating degree days,SE,Sweden,2019,,5119.61,,,,,
dataflow,ESTAT:NRG_CHDD_A(1.0),Cooling and heating degree days by country - annual data,A,Annual,NR,Number,HDD,Heating degree days,SE,Sweden,2020,,4592.22,,,,,
dataflow,ESTAT:NRG_CHDD_A(1.0),Cooling and heating degree days by country - annual data,A,Annual,NR,Number,HDD,Heating degree days,SE,Sweden,2021,,5201.47,,,,,
dataflow,ESTAT:NRG_CHDD_A(1.0),Cooling and heating degree days by country - annual data,A,Annual,NR,Number,HDD,Heating degree days,SE,Sweden,2022,,4919.39,,,,,
dataflow,ESTAT:NRG_CHDD_A(1.0),Cooling and heating degree days by country - annual data,A,Annual,NR,Number,HDD,Heating degree days,SE,Sweden,2023,,5180.32,,,,,
dataflow,ESTAT:NRG_CHDD_A(1.0),Cooling and heating degree days by country - annual data,A,Annual,NR,Number,HDD,Heating degree days,SE,Sweden,2024,,4797.71,,,,,
dataflow,ESTAT:NRG_CHDD_A(1.0),Cooling and heating degree days by country - annual data,A,Annual,NR,Number,HDD,Heating degree days,SI,Slovenia,1990,,2892.68,,,,,
dataflow,ESTAT:NRG_CHDD_A(1.0),Cooling and heating degree days by country - annual data,A,Annual,NR,Number,HDD,Heating degree days,SI,Slovenia,1991,,3349.87,,,,,
dataflow,ESTAT:NRG_CHDD_A(1.0),Cooling and heating degree days by country - annual data,A,Annual,NR,Number,HDD,Heating degree days,SI,Slovenia,1992,,2932.42,,,,,
dataflow,ESTAT:NRG_CHDD_A(1.0),Cooling and heating degree days by country - annual data,A,Annual,NR,Number,HDD,Heating degree days,SI,Slovenia,1993,,3085.84,,,,,
dataflow,ESTAT:NRG_CHDD_A(1.0),Cooling and heating degree days by country - annual data,A,Annual,NR,Number,HDD,Heating degree days,SI,Slovenia,1994,,2771.52,,,,,
dataflow,ESTAT:NRG_CHDD_A(1.0),Cooling and heating degree days by country - annual data,A,Annual,NR,Number,HDD,Heating degree days,SI,Slovenia,1995,,3118.92,,,,,
dataflow,ESTAT:NRG_CHDD_A(1.0),Cooling and heating degree days by country - annual data,A,Annual,NR,Number,HDD,Heating degree days,SI,Slovenia,1996,,3429.66,,,,,
dataflow,ESTAT:NRG_CHDD_A(1.0),Cooling and heating degree days by country - annual data,A,Annual,NR,Number,HDD,Heating degree days,SI,Slovenia,1997,,3065.76,,,,,
dataflow,ESTAT:NRG_CHDD_A(1.0),Cooling and heating degree days by country - annual data,A,Annual,NR,Number,HDD,Heating degree days,SI,Slovenia,1998,,3029.43,,,,,
dataflow,ESTAT:NRG_CHDD_A(1.0),Cooling and heating degree days by country - annual data,A,Annual,NR,Number,HDD,Heating degree days,SI,Slovenia,1999,,2933.60,,,,,
dataflow,ESTAT:NRG_CHDD_A(1.0),Cooling and heating degree days by country - annual data,A,Annual,NR,Number,HDD,Heating degree days,SI,Slovenia,2000,,2594.38,,,,,
dataflow,ESTAT:NRG_CHDD_A(1.0),Cooling and heating degree days by country - annual data,A,Annual,NR,Number,HDD,Heating degree days,SI,Slovenia,2001,,2877.10,,,,,
dataflow,ESTAT:NRG_CHDD_A(1.0),Cooling and heating degree days by country - annual data,A,Annual,NR,Number,HDD,Heating degree days,SI,Slovenia,2002,,2674.53,,,,,
dataflow,ESTAT:NRG_CHDD_A(1.0),Cooling and heating degree days by country - annual data,A,Annual,NR,Number,HDD,Heating degree days,SI,Slovenia,2003,,3063.34,,,,,
dataflow,ESTAT:NRG_CHDD_A(1.0),Cooling and heating degree days by country - annual data,A,Annual,NR,Number,HDD,Heating degree days,SI,Slovenia,2004,,3072.24,,,,,
dataflow,ESTAT:NRG_CHDD_A(1.0),Cooling and heating degree days by country - annual data,A,Annual,NR,Number,HDD,Heating degree days,SI,Slovenia,2005,,3192.52,,,,,
dataflow,ESTAT:NRG_CHDD_A(1.0),Cooling and heating degree days by country - annual data,A,Annual,NR,Number,HDD,Heating degree days,SI,Slovenia,2006,,2978.51,,,,,
dataflow,ESTAT:NRG_CHDD_A(1.0),Cooling and heating degree days by country - annual data,A,Annual,NR,Number,HDD,Heating degree days,SI,Slovenia,2007,,2685.84,,,,,
dataflow,ESTAT:NRG_CHDD_A(1.0),Cooling and heating degree days by country - annual data,A,Annual,NR,Number,HDD,Heating degree days,SI,Slovenia,2008,,2793.77,,,,,
dataflow,ESTAT:NRG_CHDD_A(1.0),Cooling and heating degree days by country - annual data,A,Annual,NR,Number,HDD,Heating degree days,SI,Slovenia,2009,,2795.70,,,,,
dataflow,ESTAT:NRG_CHDD_A(1.0),Cooling and heating degree days by country - annual data,A,Annual,NR,Number,HDD,Heating degree days,SI,Slovenia,2010,,3136.59,,,,,
dataflow,ESTAT:NRG_CHDD_A(1.0),Cooling and heating degree days by country - annual data,A,Annual,NR,Number,HDD,Heating degree days,SI,Slovenia,2011,,2826.88,,,,,
dataflow,ESTAT:NRG_CHDD_A(1.0),Cooling and heating degree days by country - annual data,A,Annual,NR,Number,HDD,Heating degree days,SI,Slovenia,2012,,2836.51,,,,,
dataflow,ESTAT:NRG_CHDD_A(1.0),Cooling and heating degree days by country - annual data,A,Annual,NR,Number,HDD,Heating degree days,SI,Slovenia,2013,,2870.67,,,,,
dataflow,ESTAT:NRG_CHDD_A(1.0),Cooling and heating degree days by country - annual data,A,Annual,NR,Number,HDD,Heating degree days,SI,Slovenia,2014,,2345.72,,,,,
dataflow,ESTAT:NRG_CHDD_A(1.0),Cooling and heating degree days by country - annual data,A,Annual,NR,Number,HDD,Heating degree days,SI,Slovenia,2015,,2703.06,,,,,
dataflow,ESTAT:NRG_CHDD_A(1.0),Cooling and heating degree days by country - annual data,A,Annual,NR,Number,HDD,Heating degree days,SI,Slovenia,2016,,2759.75,,,,,
dataflow,ESTAT:NRG_CHDD_A(1.0),Cooling and heating degree days by country - annual data,A,Annual,NR,Number,HDD,Heating degree days,SI,Slovenia,2017,,2834.88,,,,,
dataflow,ESTAT:NRG_CHDD_A(1.0),Cooling and heating degree days by country - annual data,A,Annual,NR,Number,HDD,Heating degree days,SI,Slovenia,2018,,2579.61,,,,,
dataflow,ESTAT:NRG_CHDD_A(1.0),Cooling and heating degree days by country - annual data,A,Annual,NR,Number,HDD,Heating degree days,SI,Slovenia,2019,,2600.72,,,,,
dataflow,ESTAT:NRG_CHDD_A(1.0),Cooling and heating degree days by country - annual data,A,Annual,NR,Number,HDD,Heating degree days,SI,Slovenia,2020,,2693.00,,,,,
dataflow,ESTAT:NRG_CHDD_A(1.0),Cooling and heating degree days by country - annual data,A,Annual,NR,Number,HDD,Heating degree days,SI,Slovenia,2021,,2985.84,,,,,
dataflow,ESTAT:NRG_CHDD_A(1.0),Cooling and heating degree days by country - annual data,A,Annual,NR,Number,HDD,Heating degree days,SI,Slovenia,2022,,2641.87,,,,,
dataflow,ESTAT:NRG_CHDD_A(1.0),Cooling and heating degree days by country - annual data,A,Annual,NR,Number,HDD,Heating degree days,SI,Slovenia,2023,,2489.96,,,,,
dataflow,ESTAT:NRG_CHDD_A(1.0),Cooling and heating degree days by country - annual data,A,Annual,NR,Number,HDD,Heating degree days,SI,Slovenia,2024,,2445.16,,,,,
dataflow,ESTAT:NRG_CHDD_A(1.0),Cooling and heating degree days by country - annual data,A,Annual,NR,Number,HDD,Heating degree days,SK,Slovakia,1990,,3260.97,,,,,
dataflow,ESTAT:NRG_CHDD_A(1.0),Cooling and heating degree days by country - annual data,A,Annual,NR,Number,HDD,Heating degree days,SK,Slovakia,1991,,3656.04,,,,,
dataflow,ESTAT:NRG_CHDD_A(1.0),Cooling and heating degree days by country - annual data,A,Annual,NR,Number,HDD,Heating degree days,SK,Slovakia,1992,,3418.10,,,,,
dataflow,ESTAT:NRG_CHDD_A(1.0),Cooling and heating degree days by country - annual data,A,Annual,NR,Number,HDD,Heating degree days,SK,Slovakia,1993,,3503.01,,,,,
dataflow,ESTAT:NRG_CHDD_A(1.0),Cooling and heating degree days by country - annual data,A,Annual,NR,Number,HDD,Heating degree days,SK,Slovakia,1994,,3164.14,,,,,
dataflow,ESTAT:NRG_CHDD_A(1.0),Cooling and heating degree days by country - annual data,A,Annual,NR,Number,HDD,Heating degree days,SK,Slovakia,1995,,3476.43,,,,,
dataflow,ESTAT:NRG_CHDD_A(1.0),Cooling and heating degree days by country - annual data,A,Annual,NR,Number,HDD,Heating degree days,SK,Slovakia,1996,,3768.25,,,,,
dataflow,ESTAT:NRG_CHDD_A(1.0),Cooling and heating degree days by country - annual data,A,Annual,NR,Number,HDD,Heating degree days,SK,Slovakia,1997,,3591.63,,,,,
dataflow,ESTAT:NRG_CHDD_A(1.0),Cooling and heating degree days by country - annual data,A,Annual,NR,Number,HDD,Heating degree days,SK,Slovakia,1998,,3438.43,,,,,
dataflow,ESTAT:NRG_CHDD_A(1.0),Cooling and heating degree days by country - annual data,A,Annual,NR,Number,HDD,Heating degree days,SK,Slovakia,1999,,3302.84,,,,,
dataflow,ESTAT:NRG_CHDD_A(1.0),Cooling and heating degree days by country - annual data,A,Annual,NR,Number,HDD,Heating degree days,SK,Slovakia,2000,,3057.85,,,,,
dataflow,ESTAT:NRG_CHDD_A(1.0),Cooling and heating degree days by country - annual data,A,Annual,NR,Number,HDD,Heating degree days,SK,Slovakia,2001,,3419.03,,,,,
dataflow,ESTAT:NRG_CHDD_A(1.0),Cooling and heating degree days by country - annual data,A,Annual,NR,Number,HDD,Heating degree days,SK,Slovakia,2002,,3231.50,,,,,
dataflow,ESTAT:NRG_CHDD_A(1.0),Cooling and heating degree days by country - annual data,A,Annual,NR,Number,HDD,Heating degree days,SK,Slovakia,2003,,3473.71,,,,,
dataflow,ESTAT:NRG_CHDD_A(1.0),Cooling and heating degree days by country - annual data,A,Annual,NR,Number,HDD,Heating degree days,SK,Slovakia,2004,,3436.66,,,,,
dataflow,ESTAT:NRG_CHDD_A(1.0),Cooling and heating degree days by country - annual data,A,Annual,NR,Number,HDD,Heating degree days,SK,Slovakia,2005,,3542.90,,,,,
dataflow,ESTAT:NRG_CHDD_A(1.0),Cooling and heating degree days by country - annual data,A,Annual,NR,Number,HDD,Heating degree days,SK,Slovakia,2006,,3383.84,,,,,
dataflow,ESTAT:NRG_CHDD_A(1.0),Cooling and heating degree days by country - annual data,A,Annual,NR,Number,HDD,Heating degree days,SK,Slovakia,2007,,3098.00,,,,,
dataflow,ESTAT:NRG_CHDD_A(1.0),Cooling and heating degree days by country - annual data,A,Annual,NR,Number,HDD,Heating degree days,SK,Slovakia,2008,,3044.68,,,,,
dataflow,ESTAT:NRG_CHDD_A(1.0),Cooling and heating degree days by country - annual data,A,Annual,NR,Number,HDD,Heating degree days,SK,Slovakia,2009,,3182.56,,,,,
dataflow,ESTAT:NRG_CHDD_A(1.0),Cooling and heating degree days by country - annual data,A,Annual,NR,Number,HDD,Heating degree days,SK,Slovakia,2010,,3491.35,,,,,
dataflow,ESTAT:NRG_CHDD_A(1.0),Cooling and heating degree days by country - annual data,A,Annual,NR,Number,HDD,Heating degree days,SK,Slovakia,2011,,3244.11,,,,,
dataflow,ESTAT:NRG_CHDD_A(1.0),Cooling and heating degree days by country - annual data,A,Annual,NR,Number,HDD,Heating degree days,SK,Slovakia,2012,,3296.36,,,,,
dataflow,ESTAT:NRG_CHDD_A(1.0),Cooling and heating degree days by country - annual data,A,Annual,NR,Number,HDD,Heating degree days,SK,Slovakia,2013,,3237.52,,,,,
dataflow,ESTAT:NRG_CHDD_A(1.0),Cooling and heating degree days by country - annual data,A,Annual,NR,Number,HDD,Heating degree days,SK,Slovakia,2014,,2713.17,,,,,
dataflow,ESTAT:NRG_CHDD_A(1.0),Cooling and heating degree days by country - annual data,A,Annual,NR,Number,HDD,Heating degree days,SK,Slovakia,2015,,3058.95,,,,,
dataflow,ESTAT:NRG_CHDD_A(1.0),Cooling and heating degree days by country - annual data,A,Annual,NR,Number,HDD,Heating degree days,SK,Slovakia,2016,,3176.37,,,,,
dataflow,ESTAT:NRG_CHDD_A(1.0),Cooling and heating degree days by country - annual data,A,Annual,NR,Number,HDD,Heating degree days,SK,Slovakia,2017,,3289.94,,,,,
dataflow,ESTAT:NRG_CHDD_A(1.0),Cooling and heating degree days by country - annual data,A,Annual,NR,Number,HDD,Heating degree days,SK,Slovakia,2018,,2923.83,,,,,
dataflow,ESTAT:NRG_CHDD_A(1.0),Cooling and heating degree days by country - annual data,A,Annual,NR,Number,HDD,Heating degree days,SK,Slovakia,2019,,2899.05,,,,,
dataflow,ESTAT:NRG_CHDD_A(1.0),Cooling and heating degree days by country - annual data,A,Annual,NR,Number,HDD,Heating degree days,SK,Slovakia,2020,,3048.53,,,,,
dataflow,ESTAT:NRG_CHDD_A(1.0),Cooling and heating degree days by country - annual data,A,Annual,NR,Number,HDD,Heating degree days,SK,Slovakia,2021,,3382.63,,,,,
dataflow,ESTAT:NRG_CHDD_A(1.0),Cooling and heating degree days by country - annual data,A,Annual,NR,Number,HDD,Heating degree days,SK,Slovakia,2022,,3042.74,,,,,
dataflow,ESTAT:NRG_CHDD_A(1.0),Cooling and heating degree days by country - annual data,A,Annual,NR,Number,HDD,Heating degree days,SK,Slovakia,2023,,2841.65,,,,,
dataflow,ESTAT:NRG_CHDD_A(1.0),Cooling and heating degree days by country - annual data,A,Annual,NR,Number,HDD,Heating degree days,SK,Slovakia,2024,,2668.72,,,,,
