STRUCTURE,STRUCTURE_ID,STRUCTURE_NAME,freq,Time frequency,unit,Unit of measure,nace_r2,Statistical classification of economic activities in the European Community (NACE Rev. 2),na_item,National accounts indicator (ESA 2010),geo,Geopolitical entity (reporting),TIME_PERIOD,Time,OBS_VALUE,Observation value,OBS_FLAG,Observation status (Flag) V2 structure,CONF_STATUS,Confidentiality status (flag)
dataflow,ESTAT:NAMA_10_A10(1.0),Gross value added and income by main industry (NACE Rev.2 ) - annual data,A,Annual,CP_MEUR,"Current prices, million euro",F,Construction,B1G,"Value added, gross",AT,Austria,1995,,12952.1,,,,,
dataflow,ESTAT:NAMA_10_A10(1.0),Gross value added and income by main industry (NACE Rev.2 ) - annual data,A,Annual,CP_MEUR,"Current prices, million euro",F,Construction,B1G,"Value added, gross",AT,Austria,1996,,13306.7,,,,,
dataflow,ESTAT:NAMA_10_A10(1.0),Gross value added and income by main industry (NACE Rev.2 ) - annual data,A,Annual,CP_MEUR,"Current prices, million euro",F,Construction,B1G,"Value added, gross",AT,Austria,1997,,12983.0,,,,,
dataflow,ESTAT:NAMA_10_A10(1.0),Gross value added and income by main industry (NACE Rev.2 ) - annual data,A,Annual,CP_MEUR,"Current prices, million euro",F,Construction,B1G,"Value added, gross",AT,Austria,1998,,13570.1,,,,,
dataflow,ESTAT:NAMA_10_A10(1.0),Gross value added and income by main industry (NACE Rev.2 ) - annual data,A,Annual,CP_MEUR,"Current prices, million euro",F,Construction,B1G,"Value added, gross",AT,Austria,1999,,13944.8,,,,,
dataflow,ESTAT:NAMA_10_A10(1.0),Gross value added and income by main industry (NACE Rev.2 ) - annual data,A,Annual,CP_MEUR,"Current prices, million euro",F,Construction,B1G,"Value added, gross",AT,Austria,2000,,13936.0,,,,,
dataflow,ESTAT:NAMA_10_A10(1.0),Gross value added and income by main industry (NACE Rev.2 ) - annual data,A,Annual,CP_MEUR,"Current prices, million euro",F,Construction,B1G,"Value added, gross",AT,Austria,2001,,13595.9,,,,,
dataflow,ESTAT:NAMA_10_A10(1.0),Gross value added and income by main industry (NACE Rev.2 ) - annual data,A,Annual,CP_MEUR,"Current prices, million euro",F,Construction,B1G,"Value added, gross",AT,Austria,2002,,13690.9,,,,,
dataflow,ESTAT:NAMA_10_A10(1.0),Gross value added and income by main industry (NACE Rev.2 ) - annual data,A,Annual,CP_MEUR,"Current prices, million euro",F,Construction,B1G,"Value added, gross",AT,Austria,2003,,14615.4,,,,,
dataflow,ESTAT:NAMA_10_A10(1.0),Gross value added and income by main industry (NACE Rev.2 ) - annual data,A,Annual,CP_MEUR,"Current prices, million euro",F,Construction,B1G,"Value added, gross",AT,Austria,2004,,15087.6,,,,,
dataflow,ESTAT:NAMA_10_A10(1.0),Gross value added and income by main industry (NACE Rev.2 ) - annual data,A,Annual,CP_MEUR,"Current prices, million euro",F,Construction,B1G,"Value added, gross",AT,Austria,2005,,15293.3,,,,,
dataflow,ESTAT:NAMA_10_A10(1.0),Gross value added and income by main industry (NACE Rev.2 ) - annual data,A,Annual,CP_MEUR,"Current prices, million euro",F,Construction,B1G,"Value added, gross",AT,Austria,2006,,15540.5,,,,,
dataflow,ESTAT:NAMA_10_A10(1.0),Gross value added and income by main industry (NACE Rev.2 ) - annual data,A,Annual,CP_MEUR,"Current prices, million euro",F,Construction,B1G,"Value added, gross",AT,Austria,2007,,16913.4,,,,,
dataflow,ESTAT:NAMA_10_A10(1.0),Gross value added and income by main industry (NACE Rev.2 ) - annual data,A,Annual,CP_MEUR,"Current prices, million euro",F,Construction,B1G,"Value added, gross",AT,Austria,2008,,17901.0,,,,,
dataflow,ESTAT:NAMA_10_A10(1.0),Gross value added and income by main industry (NACE Rev.2 ) - annual data,A,Annual,CP_MEUR,"Current prices, million euro",F,Construction,B1G,"Value added, gross",AT,Austria,2009,,17409.9,,,,,
dataflow,ESTAT:NAMA_10_A10(1.0),Gross value added and income by main industry (NACE Rev.2 ) - annual data,A,Annual,CP_MEUR,"Current prices, million euro",F,Construction,B1G,"Value added, gross",AT,Austria,2010,,16797.8,,,,,
dataflow,ESTAT:NAMA_10_A10(1.0),Gross value added and income by main industry (NACE Rev.2 ) - annual data,A,Annual,CP_MEUR,"Current prices, million euro",F,Construction,B1G,"Value added, gross",AT,Austria,2011,,16768.6,,,,,
dataflow,ESTAT:NAMA_10_A10(1.0),Gross value added and income by main industry (NACE Rev.2 ) - annual data,A,Annual,CP_MEUR,"Current prices, million euro",F,Construction,B1G,"Value added, gross",AT,Austria,2012,,17471.7,,,,,
dataflow,ESTAT:NAMA_10_A10(1.0),Gross value added and income by main industry (NACE Rev.2 ) - annual data,A,Annual,CP_MEUR,"Current prices, million euro",F,Construction,B1G,"Value added, gross",AT,Austria,2013,,18080.9,,,,,
dataflow,ESTAT:NAMA_10_A10(1.0),Gross value added and income by main industry (NACE Rev.2 ) - annual data,A,Annual,CP_MEUR,"Current prices, million euro",F,Construction,B1G,"Value added, gross",AT,Austria,2014,,18500.9,,,,,
dataflow,ESTAT:NAMA_10_A10(1.0),Gross value added and income by main industry (NACE Rev.2 ) - annual data,A,Annual,CP_MEUR,"Current prices, million euro",F,Construction,B1G,"Value added, gross",AT,Austria,2015,,18846.3,,,,,
dataflow,ESTAT:NAMA_10_A10(1.0),Gross value added and income by main industry (NACE Rev.2 ) - annual data,A,Annual,CP_MEUR,"Current prices, million euro",F,Construction,B1G,"Value added, gross",AT,Austria,2016,,19653.4,,,,,
dataflow,ESTAT:NAMA_10_A10(1.0),Gross value added and income by main industry (NACE Rev.2 ) - annual data,A,Annual,CP_MEUR,"Current prices, million euro",F,Construction,B1G,"Value added, gross",AT,Austria,2017,,20873.1,,,,,
dataflow,ESTAT:NAMA_10_A10(1.0),Gross value added and income by main industry (NACE Rev.2 ) - annual data,A,Annual,CP_MEUR,"Current prices, million euro",F,Construction,B1G,"Value added, gross",AT,Austria,2018,,22084.0,,,,,
dataflow,ESTAT:NAMA_10_A10(1.0),Gross value added and income by main industry (NACE Rev.2 ) - annual data,A,Annual,CP_MEUR,"Current prices, million euro",F,Construction,B1G,"Value added, gross",AT,Austria,2019,,22949.8,,,,,
dataflow,ESTAT:NAMA_10_A10(1.0),Gross value added and income by main industry (NACE Rev.2 ) - annual data,A,Annual,CP_MEUR,"Current prices, million euro",F,Construction,B1G,"Value added, gross",AT,Austria,2020,,23778.8,,,,,
dataflow,ESTAT:NAMA_10_A10(1.0),Gross value added and income by main industry (NACE Rev.2 ) - annual data,A,Annual,CP_MEUR,"Current prices, million euro",F,Construction,B1G,"Value added, gross",AT,Austria,2021,,24531.2,,,,,
dataflow,ESTAT:NAMA_10_A10(1.0),Gross value added and income by main industry (NACE Rev.2 ) - annual data,A,Annual,CP_MEUR,"Current prices, million euro",F,Construction,B1G,"Value added, gross",AT,Austria,2022,,26422.3,,,,,
dataflow,ESTAT:NAMA_10_A10(1.0),Gross value added and income by main industry (NACE Rev.2 ) - annual data,A,Annual,CP_MEUR,"Current prices, million euro",F,Construction,B1G,"Value added, gross",AT,Austria,2023,,28395.0,,,,,
dataflow,ESTAT:NAMA_10_A10(1.0),Gross value added and income by main industry (NACE Rev.2 ) - annual data,A,Annual,CP_MEUR,"Current prices, million euro",F,Construction,B1G,"Value added, gross",AT,Austria,2024,,28435.6,,,,,
dataflow,ESTAT:NAMA_10_A10(1.0),Gross value added and income by main industry (NACE Rev.2 ) - annual data,A,Annual,CP_MEUR,"Current prices, million euro",F,Construction,B1G,"Value added, gross",AT,Austria,2025,,27997.5,,,,,
dataflow,ESTAT:NAMA_10_A10(1.0),Gross value added and income by main industry (NACE Rev.2 ) - annual data,A,Annual,CP_MEUR,"Current prices, million euro",F,Construction,B1G,"Value added, gross",BE,Belgium,1995,,10507.1,,,,,
dataflow,ESTAT:NAMA_10_A10(1.0),Gross value added and income by main industry (NACE Rev.2 ) - annual data,A,Annual,CP_MEUR,"Current prices, million euro",F,Construction,B1G,"Value added, gross",BE,Belgium,1996,,10028.9,,,,,
dataflow,ESTAT:NAMA_10_A10(1.0),Gross value added and income by main industry (NACE Rev.2 ) - annual data,A,Annual,CP_MEUR,"Current prices, million euro",F,Construction,B1G,"Value added, gross",BE,Belgium,1997,,10148.3,,,,,
dataflow,ESTAT:NAMA_10_A10(1.0),Gross value added and income by main industry (NACE Rev.2 ) - annual data,A,Annual,CP_MEUR,"Current prices, million euro",F,Construction,B1G,"Value added, gross",BE,Belgium,1998,,10295.2,,,,,
dataflow,ESTAT:NAMA_10_A10(1.0),Gross value added and income by main industry (NACE Rev.2 ) - annual data,A,Annual,CP_MEUR,"Current prices, million euro",F,Construction,B1G,"Value added, gross",BE,Belgium,1999,,11136.0,,,,,
dataflow,ESTAT:NAMA_10_A10(1.0),Gross value added and income by main industry (NACE Rev.2 ) - annual data,A,Annual,CP_MEUR,"Current prices, million euro",F,Construction,B1G,"Value added, gross",BE,Belgium,2000,,11796.0,,,,,
dataflow,ESTAT:NAMA_10_A10(1.0),Gross value added and income by main industry (NACE Rev.2 ) - annual data,A,Annual,CP_MEUR,"Current prices, million euro",F,Construction,B1G,"Value added, gross",BE,Belgium,2001,,12029.4,,,,,
dataflow,ESTAT:NAMA_10_A10(1.0),Gross value added and income by main industry (NACE Rev.2 ) - annual data,A,Annual,CP_MEUR,"Current prices, million euro",F,Construction,B1G,"Value added, gross",BE,Belgium,2002,,12027.0,,,,,
dataflow,ESTAT:NAMA_10_A10(1.0),Gross value added and income by main industry (NACE Rev.2 ) - annual data,A,Annual,CP_MEUR,"Current prices, million euro",F,Construction,B1G,"Value added, gross",BE,Belgium,2003,,12369.8,,,,,
dataflow,ESTAT:NAMA_10_A10(1.0),Gross value added and income by main industry (NACE Rev.2 ) - annual data,A,Annual,CP_MEUR,"Current prices, million euro",F,Construction,B1G,"Value added, gross",BE,Belgium,2004,,13126.9,,,,,
dataflow,ESTAT:NAMA_10_A10(1.0),Gross value added and income by main industry (NACE Rev.2 ) - annual data,A,Annual,CP_MEUR,"Current prices, million euro",F,Construction,B1G,"Value added, gross",BE,Belgium,2005,,13642.3,,,,,
dataflow,ESTAT:NAMA_10_A10(1.0),Gross value added and income by main industry (NACE Rev.2 ) - annual data,A,Annual,CP_MEUR,"Current prices, million euro",F,Construction,B1G,"Value added, gross",BE,Belgium,2006,,15356.4,,,,,
dataflow,ESTAT:NAMA_10_A10(1.0),Gross value added and income by main industry (NACE Rev.2 ) - annual data,A,Annual,CP_MEUR,"Current prices, million euro",F,Construction,B1G,"Value added, gross",BE,Belgium,2007,,16687.5,,,,,
dataflow,ESTAT:NAMA_10_A10(1.0),Gross value added and income by main industry (NACE Rev.2 ) - annual data,A,Annual,CP_MEUR,"Current prices, million euro",F,Construction,B1G,"Value added, gross",BE,Belgium,2008,,18030.4,,,,,
dataflow,ESTAT:NAMA_10_A10(1.0),Gross value added and income by main industry (NACE Rev.2 ) - annual data,A,Annual,CP_MEUR,"Current prices, million euro",F,Construction,B1G,"Value added, gross",BE,Belgium,2009,,17486.9,,b,break in time series,,
dataflow,ESTAT:NAMA_10_A10(1.0),Gross value added and income by main industry (NACE Rev.2 ) - annual data,A,Annual,CP_MEUR,"Current prices, million euro",F,Construction,B1G,"Value added, gross",BE,Belgium,2010,,17656.0,,,,,
dataflow,ESTAT:NAMA_10_A10(1.0),Gross value added and income by main industry (NACE Rev.2 ) - annual data,A,Annual,CP_MEUR,"Current prices, million euro",F,Construction,B1G,"Value added, gross",BE,Belgium,2011,,18886.0,,,,,
dataflow,ESTAT:NAMA_10_A10(1.0),Gross value added and income by main industry (NACE Rev.2 ) - annual data,A,Annual,CP_MEUR,"Current prices, million euro",F,Construction,B1G,"Value added, gross",BE,Belgium,2012,,18736.8,,,,,
dataflow,ESTAT:NAMA_10_A10(1.0),Gross value added and income by main industry (NACE Rev.2 ) - annual data,A,Annual,CP_MEUR,"Current prices, million euro",F,Construction,B1G,"Value added, gross",BE,Belgium,2013,,18601.1,,,,,
dataflow,ESTAT:NAMA_10_A10(1.0),Gross value added and income by main industry (NACE Rev.2 ) - annual data,A,Annual,CP_MEUR,"Current prices, million euro",F,Construction,B1G,"Value added, gross",BE,Belgium,2014,,18835.3,,,,,
dataflow,ESTAT:NAMA_10_A10(1.0),Gross value added and income by main industry (NACE Rev.2 ) - annual data,A,Annual,CP_MEUR,"Current prices, million euro",F,Construction,B1G,"Value added, gross",BE,Belgium,2015,,19017.9,,,,,
dataflow,ESTAT:NAMA_10_A10(1.0),Gross value added and income by main industry (NACE Rev.2 ) - annual data,A,Annual,CP_MEUR,"Current prices, million euro",F,Construction,B1G,"Value added, gross",BE,Belgium,2016,,19387.0,,,,,
dataflow,ESTAT:NAMA_10_A10(1.0),Gross value added and income by main industry (NACE Rev.2 ) - annual data,A,Annual,CP_MEUR,"Current prices, million euro",F,Construction,B1G,"Value added, gross",BE,Belgium,2017,,19693.8,,,,,
dataflow,ESTAT:NAMA_10_A10(1.0),Gross value added and income by main industry (NACE Rev.2 ) - annual data,A,Annual,CP_MEUR,"Current prices, million euro",F,Construction,B1G,"Value added, gross",BE,Belgium,2018,,21064.2,,,,,
dataflow,ESTAT:NAMA_10_A10(1.0),Gross value added and income by main industry (NACE Rev.2 ) - annual data,A,Annual,CP_MEUR,"Current prices, million euro",F,Construction,B1G,"Value added, gross",BE,Belgium,2019,,22247.6,,,,,
dataflow,ESTAT:NAMA_10_A10(1.0),Gross value added and income by main industry (NACE Rev.2 ) - annual data,A,Annual,CP_MEUR,"Current prices, million euro",F,Construction,B1G,"Value added, gross",BE,Belgium,2020,,21673.2,,,,,
dataflow,ESTAT:NAMA_10_A10(1.0),Gross value added and income by main industry (NACE Rev.2 ) - annual data,A,Annual,CP_MEUR,"Current prices, million euro",F,Construction,B1G,"Value added, gross",BE,Belgium,2021,,24533.6,,,,,
dataflow,ESTAT:NAMA_10_A10(1.0),Gross value added and income by main industry (NACE Rev.2 ) - annual data,A,Annual,CP_MEUR,"Current prices, million euro",F,Construction,B1G,"Value added, gross",BE,Belgium,2022,,27576.0,,,,,
dataflow,ESTAT:NAMA_10_A10(1.0),Gross value added and income by main industry (NACE Rev.2 ) - annual data,A,Annual,CP_MEUR,"Current prices, million euro",F,Construction,B1G,"Value added, gross",BE,Belgium,2023,,29771.7,,,,,
dataflow,ESTAT:NAMA_10_A10(1.0),Gross value added and income by main industry (NACE Rev.2 ) - annual data,A,Annual,CP_MEUR,"Current prices, million euro",F,Construction,B1G,"Value added, gross",BE,Belgium,2024,,30118.5,,p,provisional,,
dataflow,ESTAT:NAMA_10_A10(1.0),Gross value added and income by main industry (NACE Rev.2 ) - annual data,A,Annual,CP_MEUR,"Current prices, million euro",F,Construction,B1G,"Value added, gross",BE,Belgium,2025,,31780.9,,p,provisional,,
dataflow,ESTAT:NAMA_10_A10(1.0),Gross value added and income by main industry (NACE Rev.2 ) - annual data,A,Annual,CP_MEUR,"Current prices, million euro",F,Construction,B1G,"Value added, gross",BG,Bulgaria,1995,,459.5,,,,,
dataflow,ESTAT:NAMA_10_A10(1.0),Gross value added and income by main industry (NACE Rev.2 ) - annual data,A,Annual,CP_MEUR,"Current prices, million euro",F,Construction,B1G,"Value added, gross",BG,Bulgaria,1996,,286.9,,,,,
dataflow,ESTAT:NAMA_10_A10(1.0),Gross value added and income by main industry (NACE Rev.2 ) - annual data,A,Annual,CP_MEUR,"Current prices, million euro",F,Construction,B1G,"Value added, gross",BG,Bulgaria,1997,,254.9,,,,,
dataflow,ESTAT:NAMA_10_A10(1.0),Gross value added and income by main industry (NACE Rev.2 ) - annual data,A,Annual,CP_MEUR,"Current prices, million euro",F,Construction,B1G,"Value added, gross",BG,Bulgaria,1998,,525.8,,,,,
dataflow,ESTAT:NAMA_10_A10(1.0),Gross value added and income by main industry (NACE Rev.2 ) - annual data,A,Annual,CP_MEUR,"Current prices, million euro",F,Construction,B1G,"Value added, gross",BG,Bulgaria,1999,,632.6,,,,,
dataflow,ESTAT:NAMA_10_A10(1.0),Gross value added and income by main industry (NACE Rev.2 ) - annual data,A,Annual,CP_MEUR,"Current prices, million euro",F,Construction,B1G,"Value added, gross",BG,Bulgaria,2000,,646.8,,,,,
dataflow,ESTAT:NAMA_10_A10(1.0),Gross value added and income by main industry (NACE Rev.2 ) - annual data,A,Annual,CP_MEUR,"Current prices, million euro",F,Construction,B1G,"Value added, gross",BG,Bulgaria,2001,,744.0,,,,,
dataflow,ESTAT:NAMA_10_A10(1.0),Gross value added and income by main industry (NACE Rev.2 ) - annual data,A,Annual,CP_MEUR,"Current prices, million euro",F,Construction,B1G,"Value added, gross",BG,Bulgaria,2002,,776.3,,,,,
dataflow,ESTAT:NAMA_10_A10(1.0),Gross value added and income by main industry (NACE Rev.2 ) - annual data,A,Annual,CP_MEUR,"Current prices, million euro",F,Construction,B1G,"Value added, gross",BG,Bulgaria,2003,,801.9,,,,,
dataflow,ESTAT:NAMA_10_A10(1.0),Gross value added and income by main industry (NACE Rev.2 ) - annual data,A,Annual,CP_MEUR,"Current prices, million euro",F,Construction,B1G,"Value added, gross",BG,Bulgaria,2004,,902.2,,,,,
dataflow,ESTAT:NAMA_10_A10(1.0),Gross value added and income by main industry (NACE Rev.2 ) - annual data,A,Annual,CP_MEUR,"Current prices, million euro",F,Construction,B1G,"Value added, gross",BG,Bulgaria,2005,,1255.0,,,,,
dataflow,ESTAT:NAMA_10_A10(1.0),Gross value added and income by main industry (NACE Rev.2 ) - annual data,A,Annual,CP_MEUR,"Current prices, million euro",F,Construction,B1G,"Value added, gross",BG,Bulgaria,2006,,1616.7,,,,,
dataflow,ESTAT:NAMA_10_A10(1.0),Gross value added and income by main industry (NACE Rev.2 ) - annual data,A,Annual,CP_MEUR,"Current prices, million euro",F,Construction,B1G,"Value added, gross",BG,Bulgaria,2007,,2180.3,,,,,
dataflow,ESTAT:NAMA_10_A10(1.0),Gross value added and income by main industry (NACE Rev.2 ) - annual data,A,Annual,CP_MEUR,"Current prices, million euro",F,Construction,B1G,"Value added, gross",BG,Bulgaria,2008,,2809.6,,,,,
dataflow,ESTAT:NAMA_10_A10(1.0),Gross value added and income by main industry (NACE Rev.2 ) - annual data,A,Annual,CP_MEUR,"Current prices, million euro",F,Construction,B1G,"Value added, gross",BG,Bulgaria,2009,,3107.5,,,,,
dataflow,ESTAT:NAMA_10_A10(1.0),Gross value added and income by main industry (NACE Rev.2 ) - annual data,A,Annual,CP_MEUR,"Current prices, million euro",F,Construction,B1G,"Value added, gross",BG,Bulgaria,2010,,2384.5,,,,,
dataflow,ESTAT:NAMA_10_A10(1.0),Gross value added and income by main industry (NACE Rev.2 ) - annual data,A,Annual,CP_MEUR,"Current prices, million euro",F,Construction,B1G,"Value added, gross",BG,Bulgaria,2011,,2290.7,,,,,
dataflow,ESTAT:NAMA_10_A10(1.0),Gross value added and income by main industry (NACE Rev.2 ) - annual data,A,Annual,CP_MEUR,"Current prices, million euro",F,Construction,B1G,"Value added, gross",BG,Bulgaria,2012,,2142.4,,,,,
dataflow,ESTAT:NAMA_10_A10(1.0),Gross value added and income by main industry (NACE Rev.2 ) - annual data,A,Annual,CP_MEUR,"Current prices, million euro",F,Construction,B1G,"Value added, gross",BG,Bulgaria,2013,,1725.5,,,,,
dataflow,ESTAT:NAMA_10_A10(1.0),Gross value added and income by main industry (NACE Rev.2 ) - annual data,A,Annual,CP_MEUR,"Current prices, million euro",F,Construction,B1G,"Value added, gross",BG,Bulgaria,2014,,1651.3,,,,,
dataflow,ESTAT:NAMA_10_A10(1.0),Gross value added and income by main industry (NACE Rev.2 ) - annual data,A,Annual,CP_MEUR,"Current prices, million euro",F,Construction,B1G,"Value added, gross",BG,Bulgaria,2015,,1726.5,,,,,
dataflow,ESTAT:NAMA_10_A10(1.0),Gross value added and income by main industry (NACE Rev.2 ) - annual data,A,Annual,CP_MEUR,"Current prices, million euro",F,Construction,B1G,"Value added, gross",BG,Bulgaria,2016,,1646.6,,,,,
dataflow,ESTAT:NAMA_10_A10(1.0),Gross value added and income by main industry (NACE Rev.2 ) - annual data,A,Annual,CP_MEUR,"Current prices, million euro",F,Construction,B1G,"Value added, gross",BG,Bulgaria,2017,,1866.0,,,,,
dataflow,ESTAT:NAMA_10_A10(1.0),Gross value added and income by main industry (NACE Rev.2 ) - annual data,A,Annual,CP_MEUR,"Current prices, million euro",F,Construction,B1G,"Value added, gross",BG,Bulgaria,2018,,2030.2,,,,,
dataflow,ESTAT:NAMA_10_A10(1.0),Gross value added and income by main industry (NACE Rev.2 ) - annual data,A,Annual,CP_MEUR,"Current prices, million euro",F,Construction,B1G,"Value added, gross",BG,Bulgaria,2019,,2294.7,,,,,
dataflow,ESTAT:NAMA_10_A10(1.0),Gross value added and income by main industry (NACE Rev.2 ) - annual data,A,Annual,CP_MEUR,"Current prices, million euro",F,Construction,B1G,"Value added, gross",BG,Bulgaria,2020,,2571.0,,,,,
dataflow,ESTAT:NAMA_10_A10(1.0),Gross value added and income by main industry (NACE Rev.2 ) - annual data,A,Annual,CP_MEUR,"Current prices, million euro",F,Construction,B1G,"Value added, gross",BG,Bulgaria,2021,,2477.1,,,,,
dataflow,ESTAT:NAMA_10_A10(1.0),Gross value added and income by main industry (NACE Rev.2 ) - annual data,A,Annual,CP_MEUR,"Current prices, million euro",F,Construction,B1G,"Value added, gross",BG,Bulgaria,2022,,2903.6,,,,,
dataflow,ESTAT:NAMA_10_A10(1.0),Gross value added and income by main industry (NACE Rev.2 ) - annual data,A,Annual,CP_MEUR,"Current prices, million euro",F,Construction,B1G,"Value added, gross",BG,Bulgaria,2023,,3666.7,,,,,
dataflow,ESTAT:NAMA_10_A10(1.0),Gross value added and income by main industry (NACE Rev.2 ) - annual data,A,Annual,CP_MEUR,"Current prices, million euro",F,Construction,B1G,"Value added, gross",BG,Bulgaria,2024,,4376.1,,,,,
dataflow,ESTAT:NAMA_10_A10(1.0),Gross value added and income by main industry (NACE Rev.2 ) - annual data,A,Annual,CP_MEUR,"Current prices, million euro",F,Construction,B1G,"Value added, gross",BG,Bulgaria,2025,,5265.9,,p,provisional,,
dataflow,ESTAT:NAMA_10_A10(1.0),Gross value added and income by main industry (NACE Rev.2 ) - annual data,A,Annual,CP_MEUR,"Current prices, million euro",F,Construction,B1G,"Value added, gross",CY,Cyprus,1995,,652.8,,,,,
dataflow,ESTAT:NAMA_10_A10(1.0),Gross value added and income by main industry (NACE Rev.2 ) - annual data,A,Annual,CP_MEUR,"Current prices, million euro",F,Construction,B1G,"Value added, gross",CY,Cyprus,1996,,693.7,,,,,
dataflow,ESTAT:NAMA_10_A10(1.0),Gross value added and income by main industry (NACE Rev.2 ) - annual data,A,Annual,CP_MEUR,"Current prices, million euro",F,Construction,B1G,"Value added, gross",CY,Cyprus,1997,,712.6,,,,,
dataflow,ESTAT:NAMA_10_A10(1.0),Gross value added and income by main industry (NACE Rev.2 ) - annual data,A,Annual,CP_MEUR,"Current prices, million euro",F,Construction,B1G,"Value added, gross",CY,Cyprus,1998,,753.7,,,,,
dataflow,ESTAT:NAMA_10_A10(1.0),Gross value added and income by main industry (NACE Rev.2 ) - annual data,A,Annual,CP_MEUR,"Current prices, million euro",F,Construction,B1G,"Value added, gross",CY,Cyprus,1999,,775.0,,,,,
dataflow,ESTAT:NAMA_10_A10(1.0),Gross value added and income by main industry (NACE Rev.2 ) - annual data,A,Annual,CP_MEUR,"Current prices, million euro",F,Construction,B1G,"Value added, gross",CY,Cyprus,2000,,811.2,,,,,
dataflow,ESTAT:NAMA_10_A10(1.0),Gross value added and income by main industry (NACE Rev.2 ) - annual data,A,Annual,CP_MEUR,"Current prices, million euro",F,Construction,B1G,"Value added, gross",CY,Cyprus,2001,,872.0,,,,,
dataflow,ESTAT:NAMA_10_A10(1.0),Gross value added and income by main industry (NACE Rev.2 ) - annual data,A,Annual,CP_MEUR,"Current prices, million euro",F,Construction,B1G,"Value added, gross",CY,Cyprus,2002,,968.1,,,,,
dataflow,ESTAT:NAMA_10_A10(1.0),Gross value added and income by main industry (NACE Rev.2 ) - annual data,A,Annual,CP_MEUR,"Current prices, million euro",F,Construction,B1G,"Value added, gross",CY,Cyprus,2003,,1081.6,,,,,
dataflow,ESTAT:NAMA_10_A10(1.0),Gross value added and income by main industry (NACE Rev.2 ) - annual data,A,Annual,CP_MEUR,"Current prices, million euro",F,Construction,B1G,"Value added, gross",CY,Cyprus,2004,,1206.4,,,,,
dataflow,ESTAT:NAMA_10_A10(1.0),Gross value added and income by main industry (NACE Rev.2 ) - annual data,A,Annual,CP_MEUR,"Current prices, million euro",F,Construction,B1G,"Value added, gross",CY,Cyprus,2005,,1360.1,,,,,
dataflow,ESTAT:NAMA_10_A10(1.0),Gross value added and income by main industry (NACE Rev.2 ) - annual data,A,Annual,CP_MEUR,"Current prices, million euro",F,Construction,B1G,"Value added, gross",CY,Cyprus,2006,,1572.4,,,,,
dataflow,ESTAT:NAMA_10_A10(1.0),Gross value added and income by main industry (NACE Rev.2 ) - annual data,A,Annual,CP_MEUR,"Current prices, million euro",F,Construction,B1G,"Value added, gross",CY,Cyprus,2007,,1818.9,,,,,
dataflow,ESTAT:NAMA_10_A10(1.0),Gross value added and income by main industry (NACE Rev.2 ) - annual data,A,Annual,CP_MEUR,"Current prices, million euro",F,Construction,B1G,"Value added, gross",CY,Cyprus,2008,,2014.7,,,,,
dataflow,ESTAT:NAMA_10_A10(1.0),Gross value added and income by main industry (NACE Rev.2 ) - annual data,A,Annual,CP_MEUR,"Current prices, million euro",F,Construction,B1G,"Value added, gross",CY,Cyprus,2009,,1584.1,,,,,
dataflow,ESTAT:NAMA_10_A10(1.0),Gross value added and income by main industry (NACE Rev.2 ) - annual data,A,Annual,CP_MEUR,"Current prices, million euro",F,Construction,B1G,"Value added, gross",CY,Cyprus,2010,,1422.6,,,,,
dataflow,ESTAT:NAMA_10_A10(1.0),Gross value added and income by main industry (NACE Rev.2 ) - annual data,A,Annual,CP_MEUR,"Current prices, million euro",F,Construction,B1G,"Value added, gross",CY,Cyprus,2011,,1233.0,,,,,
dataflow,ESTAT:NAMA_10_A10(1.0),Gross value added and income by main industry (NACE Rev.2 ) - annual data,A,Annual,CP_MEUR,"Current prices, million euro",F,Construction,B1G,"Value added, gross",CY,Cyprus,2012,,1030.1,,,,,
dataflow,ESTAT:NAMA_10_A10(1.0),Gross value added and income by main industry (NACE Rev.2 ) - annual data,A,Annual,CP_MEUR,"Current prices, million euro",F,Construction,B1G,"Value added, gross",CY,Cyprus,2013,,781.9,,,,,
dataflow,ESTAT:NAMA_10_A10(1.0),Gross value added and income by main industry (NACE Rev.2 ) - annual data,A,Annual,CP_MEUR,"Current prices, million euro",F,Construction,B1G,"Value added, gross",CY,Cyprus,2014,,653.4,,,,,
dataflow,ESTAT:NAMA_10_A10(1.0),Gross value added and income by main industry (NACE Rev.2 ) - annual data,A,Annual,CP_MEUR,"Current prices, million euro",F,Construction,B1G,"Value added, gross",CY,Cyprus,2015,,634.8,,,,,
dataflow,ESTAT:NAMA_10_A10(1.0),Gross value added and income by main industry (NACE Rev.2 ) - annual data,A,Annual,CP_MEUR,"Current prices, million euro",F,Construction,B1G,"Value added, gross",CY,Cyprus,2016,,759.2,,,,,
dataflow,ESTAT:NAMA_10_A10(1.0),Gross value added and income by main industry (NACE Rev.2 ) - annual data,A,Annual,CP_MEUR,"Current prices, million euro",F,Construction,B1G,"Value added, gross",CY,Cyprus,2017,,922.5,,,,,
dataflow,ESTAT:NAMA_10_A10(1.0),Gross value added and income by main industry (NACE Rev.2 ) - annual data,A,Annual,CP_MEUR,"Current prices, million euro",F,Construction,B1G,"Value added, gross",CY,Cyprus,2018,,1094.3,,,,,
dataflow,ESTAT:NAMA_10_A10(1.0),Gross value added and income by main industry (NACE Rev.2 ) - annual data,A,Annual,CP_MEUR,"Current prices, million euro",F,Construction,B1G,"Value added, gross",CY,Cyprus,2019,,1304.7,,,,,
dataflow,ESTAT:NAMA_10_A10(1.0),Gross value added and income by main industry (NACE Rev.2 ) - annual data,A,Annual,CP_MEUR,"Current prices, million euro",F,Construction,B1G,"Value added, gross",CY,Cyprus,2020,,1229.1,,,,,
dataflow,ESTAT:NAMA_10_A10(1.0),Gross value added and income by main industry (NACE Rev.2 ) - annual data,A,Annual,CP_MEUR,"Current prices, million euro",F,Construction,B1G,"Value added, gross",CY,Cyprus,2021,,1261.0,,,,,
dataflow,ESTAT:NAMA_10_A10(1.0),Gross value added and income by main industry (NACE Rev.2 ) - annual data,A,Annual,CP_MEUR,"Current prices, million euro",F,Construction,B1G,"Value added, gross",CY,Cyprus,2022,,1308.2,,,,,
dataflow,ESTAT:NAMA_10_A10(1.0),Gross value added and income by main industry (NACE Rev.2 ) - annual data,A,Annual,CP_MEUR,"Current prices, million euro",F,Construction,B1G,"Value added, gross",CY,Cyprus,2023,,1594.9,,,,,
dataflow,ESTAT:NAMA_10_A10(1.0),Gross value added and income by main industry (NACE Rev.2 ) - annual data,A,Annual,CP_MEUR,"Current prices, million euro",F,Construction,B1G,"Value added, gross",CY,Cyprus,2024,,1729.9,,p,provisional,,
dataflow,ESTAT:NAMA_10_A10(1.0),Gross value added and income by main industry (NACE Rev.2 ) - annual data,A,Annual,CP_MEUR,"Current prices, million euro",F,Construction,B1G,"Value added, gross",CY,Cyprus,2025,,1867.0,,p,provisional,,
dataflow,ESTAT:NAMA_10_A10(1.0),Gross value added and income by main industry (NACE Rev.2 ) - annual data,A,Annual,CP_MEUR,"Current prices, million euro",F,Construction,B1G,"Value added, gross",CZ,Czechia,1995,,3199.1,,,,,
dataflow,ESTAT:NAMA_10_A10(1.0),Gross value added and income by main industry (NACE Rev.2 ) - annual data,A,Annual,CP_MEUR,"Current prices, million euro",F,Construction,B1G,"Value added, gross",CZ,Czechia,1996,,3714.4,,,,,
dataflow,ESTAT:NAMA_10_A10(1.0),Gross value added and income by main industry (NACE Rev.2 ) - annual data,A,Annual,CP_MEUR,"Current prices, million euro",F,Construction,B1G,"Value added, gross",CZ,Czechia,1997,,3732.7,,,,,
dataflow,ESTAT:NAMA_10_A10(1.0),Gross value added and income by main industry (NACE Rev.2 ) - annual data,A,Annual,CP_MEUR,"Current prices, million euro",F,Construction,B1G,"Value added, gross",CZ,Czechia,1998,,3997.2,,,,,
dataflow,ESTAT:NAMA_10_A10(1.0),Gross value added and income by main industry (NACE Rev.2 ) - annual data,A,Annual,CP_MEUR,"Current prices, million euro",F,Construction,B1G,"Value added, gross",CZ,Czechia,1999,,3771.6,,,,,
dataflow,ESTAT:NAMA_10_A10(1.0),Gross value added and income by main industry (NACE Rev.2 ) - annual data,A,Annual,CP_MEUR,"Current prices, million euro",F,Construction,B1G,"Value added, gross",CZ,Czechia,2000,,3762.7,,,,,
dataflow,ESTAT:NAMA_10_A10(1.0),Gross value added and income by main industry (NACE Rev.2 ) - annual data,A,Annual,CP_MEUR,"Current prices, million euro",F,Construction,B1G,"Value added, gross",CZ,Czechia,2001,,4145.7,,,,,
dataflow,ESTAT:NAMA_10_A10(1.0),Gross value added and income by main industry (NACE Rev.2 ) - annual data,A,Annual,CP_MEUR,"Current prices, million euro",F,Construction,B1G,"Value added, gross",CZ,Czechia,2002,,5081.4,,,,,
dataflow,ESTAT:NAMA_10_A10(1.0),Gross value added and income by main industry (NACE Rev.2 ) - annual data,A,Annual,CP_MEUR,"Current prices, million euro",F,Construction,B1G,"Value added, gross",CZ,Czechia,2003,,5287.3,,,,,
dataflow,ESTAT:NAMA_10_A10(1.0),Gross value added and income by main industry (NACE Rev.2 ) - annual data,A,Annual,CP_MEUR,"Current prices, million euro",F,Construction,B1G,"Value added, gross",CZ,Czechia,2004,,5654.7,,,,,
dataflow,ESTAT:NAMA_10_A10(1.0),Gross value added and income by main industry (NACE Rev.2 ) - annual data,A,Annual,CP_MEUR,"Current prices, million euro",F,Construction,B1G,"Value added, gross",CZ,Czechia,2005,,6648.9,,,,,
dataflow,ESTAT:NAMA_10_A10(1.0),Gross value added and income by main industry (NACE Rev.2 ) - annual data,A,Annual,CP_MEUR,"Current prices, million euro",F,Construction,B1G,"Value added, gross",CZ,Czechia,2006,,7167.7,,,,,
dataflow,ESTAT:NAMA_10_A10(1.0),Gross value added and income by main industry (NACE Rev.2 ) - annual data,A,Annual,CP_MEUR,"Current prices, million euro",F,Construction,B1G,"Value added, gross",CZ,Czechia,2007,,8047.0,,,,,
dataflow,ESTAT:NAMA_10_A10(1.0),Gross value added and income by main industry (NACE Rev.2 ) - annual data,A,Annual,CP_MEUR,"Current prices, million euro",F,Construction,B1G,"Value added, gross",CZ,Czechia,2008,,9300.6,,,,,
dataflow,ESTAT:NAMA_10_A10(1.0),Gross value added and income by main industry (NACE Rev.2 ) - annual data,A,Annual,CP_MEUR,"Current prices, million euro",F,Construction,B1G,"Value added, gross",CZ,Czechia,2009,,9420.2,,,,,
dataflow,ESTAT:NAMA_10_A10(1.0),Gross value added and income by main industry (NACE Rev.2 ) - annual data,A,Annual,CP_MEUR,"Current prices, million euro",F,Construction,B1G,"Value added, gross",CZ,Czechia,2010,,10071.0,,,,,
dataflow,ESTAT:NAMA_10_A10(1.0),Gross value added and income by main industry (NACE Rev.2 ) - annual data,A,Annual,CP_MEUR,"Current prices, million euro",F,Construction,B1G,"Value added, gross",CZ,Czechia,2011,,9588.4,,,,,
dataflow,ESTAT:NAMA_10_A10(1.0),Gross value added and income by main industry (NACE Rev.2 ) - annual data,A,Annual,CP_MEUR,"Current prices, million euro",F,Construction,B1G,"Value added, gross",CZ,Czechia,2012,,8622.9,,,,,
dataflow,ESTAT:NAMA_10_A10(1.0),Gross value added and income by main industry (NACE Rev.2 ) - annual data,A,Annual,CP_MEUR,"Current prices, million euro",F,Construction,B1G,"Value added, gross",CZ,Czechia,2013,,8207.0,,,,,
dataflow,ESTAT:NAMA_10_A10(1.0),Gross value added and income by main industry (NACE Rev.2 ) - annual data,A,Annual,CP_MEUR,"Current prices, million euro",F,Construction,B1G,"Value added, gross",CZ,Czechia,2014,,8040.9,,,,,
dataflow,ESTAT:NAMA_10_A10(1.0),Gross value added and income by main industry (NACE Rev.2 ) - annual data,A,Annual,CP_MEUR,"Current prices, million euro",F,Construction,B1G,"Value added, gross",CZ,Czechia,2015,,8579.2,,,,,
dataflow,ESTAT:NAMA_10_A10(1.0),Gross value added and income by main industry (NACE Rev.2 ) - annual data,A,Annual,CP_MEUR,"Current prices, million euro",F,Construction,B1G,"Value added, gross",CZ,Czechia,2016,,8659.1,,,,,
dataflow,ESTAT:NAMA_10_A10(1.0),Gross value added and income by main industry (NACE Rev.2 ) - annual data,A,Annual,CP_MEUR,"Current prices, million euro",F,Construction,B1G,"Value added, gross",CZ,Czechia,2017,,9451.5,,,,,
dataflow,ESTAT:NAMA_10_A10(1.0),Gross value added and income by main industry (NACE Rev.2 ) - annual data,A,Annual,CP_MEUR,"Current prices, million euro",F,Construction,B1G,"Value added, gross",CZ,Czechia,2018,,10502.2,,,,,
dataflow,ESTAT:NAMA_10_A10(1.0),Gross value added and income by main industry (NACE Rev.2 ) - annual data,A,Annual,CP_MEUR,"Current prices, million euro",F,Construction,B1G,"Value added, gross",CZ,Czechia,2019,,11284.0,,,,,
dataflow,ESTAT:NAMA_10_A10(1.0),Gross value added and income by main industry (NACE Rev.2 ) - annual data,A,Annual,CP_MEUR,"Current prices, million euro",F,Construction,B1G,"Value added, gross",CZ,Czechia,2020,,11049.4,,,,,
dataflow,ESTAT:NAMA_10_A10(1.0),Gross value added and income by main industry (NACE Rev.2 ) - annual data,A,Annual,CP_MEUR,"Current prices, million euro",F,Construction,B1G,"Value added, gross",CZ,Czechia,2021,,12174.5,,,,,
dataflow,ESTAT:NAMA_10_A10(1.0),Gross value added and income by main industry (NACE Rev.2 ) - annual data,A,Annual,CP_MEUR,"Current prices, million euro",F,Construction,B1G,"Value added, gross",CZ,Czechia,2022,,14286.7,,,,,
dataflow,ESTAT:NAMA_10_A10(1.0),Gross value added and income by main industry (NACE Rev.2 ) - annual data,A,Annual,CP_MEUR,"Current prices, million euro",F,Construction,B1G,"Value added, gross",CZ,Czechia,2023,,16416.1,,,,,
dataflow,ESTAT:NAMA_10_A10(1.0),Gross value added and income by main industry (NACE Rev.2 ) - annual data,A,Annual,CP_MEUR,"Current prices, million euro",F,Construction,B1G,"Value added, gross",CZ,Czechia,2024,,16307.6,,,,,
dataflow,ESTAT:NAMA_10_A10(1.0),Gross value added and income by main industry (NACE Rev.2 ) - annual data,A,Annual,CP_MEUR,"Current prices, million euro",F,Construction,B1G,"Value added, gross",CZ,Czechia,2025,,18314.6,,,,,
dataflow,ESTAT:NAMA_10_A10(1.0),Gross value added and income by main industry (NACE Rev.2 ) - annual data,A,Annual,CP_MEUR,"Current prices, million euro",F,Construction,B1G,"Value added, gross",DE,Germany,1991,,83450.5,,,,,
dataflow,ESTAT:NAMA_10_A10(1.0),Gross value added and income by main industry (NACE Rev.2 ) - annual data,A,Annual,CP_MEUR,"Current prices, million euro",F,Construction,B1G,"Value added, gross",DE,Germany,1992,,100257.7,,,,,
dataflow,ESTAT:NAMA_10_A10(1.0),Gross value added and income by main industry (NACE Rev.2 ) - annual data,A,Annual,CP_MEUR,"Current prices, million euro",F,Construction,B1G,"Value added, gross",DE,Germany,1993,,109786.5,,,,,
dataflow,ESTAT:NAMA_10_A10(1.0),Gross value added and income by main industry (NACE Rev.2 ) - annual data,A,Annual,CP_MEUR,"Current prices, million euro",F,Construction,B1G,"Value added, gross",DE,Germany,1994,,118708.1,,,,,
dataflow,ESTAT:NAMA_10_A10(1.0),Gross value added and income by main industry (NACE Rev.2 ) - annual data,A,Annual,CP_MEUR,"Current prices, million euro",F,Construction,B1G,"Value added, gross",DE,Germany,1995,,121723.4,,,,,
dataflow,ESTAT:NAMA_10_A10(1.0),Gross value added and income by main industry (NACE Rev.2 ) - annual data,A,Annual,CP_MEUR,"Current prices, million euro",F,Construction,B1G,"Value added, gross",DE,Germany,1996,,112933.8,,,,,
dataflow,ESTAT:NAMA_10_A10(1.0),Gross value added and income by main industry (NACE Rev.2 ) - annual data,A,Annual,CP_MEUR,"Current prices, million euro",F,Construction,B1G,"Value added, gross",DE,Germany,1997,,105440.3,,,,,
dataflow,ESTAT:NAMA_10_A10(1.0),Gross value added and income by main industry (NACE Rev.2 ) - annual data,A,Annual,CP_MEUR,"Current prices, million euro",F,Construction,B1G,"Value added, gross",DE,Germany,1998,,100877.1,,,,,
dataflow,ESTAT:NAMA_10_A10(1.0),Gross value added and income by main industry (NACE Rev.2 ) - annual data,A,Annual,CP_MEUR,"Current prices, million euro",F,Construction,B1G,"Value added, gross",DE,Germany,1999,,100662.0,,,,,
dataflow,ESTAT:NAMA_10_A10(1.0),Gross value added and income by main industry (NACE Rev.2 ) - annual data,A,Annual,CP_MEUR,"Current prices, million euro",F,Construction,B1G,"Value added, gross",DE,Germany,2000,,96972.0,,,,,
dataflow,ESTAT:NAMA_10_A10(1.0),Gross value added and income by main industry (NACE Rev.2 ) - annual data,A,Annual,CP_MEUR,"Current prices, million euro",F,Construction,B1G,"Value added, gross",DE,Germany,2001,,91986.0,,,,,
dataflow,ESTAT:NAMA_10_A10(1.0),Gross value added and income by main industry (NACE Rev.2 ) - annual data,A,Annual,CP_MEUR,"Current prices, million euro",F,Construction,B1G,"Value added, gross",DE,Germany,2002,,87922.0,,,,,
dataflow,ESTAT:NAMA_10_A10(1.0),Gross value added and income by main industry (NACE Rev.2 ) - annual data,A,Annual,CP_MEUR,"Current prices, million euro",F,Construction,B1G,"Value added, gross",DE,Germany,2003,,84137.0,,,,,
dataflow,ESTAT:NAMA_10_A10(1.0),Gross value added and income by main industry (NACE Rev.2 ) - annual data,A,Annual,CP_MEUR,"Current prices, million euro",F,Construction,B1G,"Value added, gross",DE,Germany,2004,,81661.0,,,,,
dataflow,ESTAT:NAMA_10_A10(1.0),Gross value added and income by main industry (NACE Rev.2 ) - annual data,A,Annual,CP_MEUR,"Current prices, million euro",F,Construction,B1G,"Value added, gross",DE,Germany,2005,,78899.0,,,,,
dataflow,ESTAT:NAMA_10_A10(1.0),Gross value added and income by main industry (NACE Rev.2 ) - annual data,A,Annual,CP_MEUR,"Current prices, million euro",F,Construction,B1G,"Value added, gross",DE,Germany,2006,,81514.0,,,,,
dataflow,ESTAT:NAMA_10_A10(1.0),Gross value added and income by main industry (NACE Rev.2 ) - annual data,A,Annual,CP_MEUR,"Current prices, million euro",F,Construction,B1G,"Value added, gross",DE,Germany,2007,,85545.0,,,,,
dataflow,ESTAT:NAMA_10_A10(1.0),Gross value added and income by main industry (NACE Rev.2 ) - annual data,A,Annual,CP_MEUR,"Current prices, million euro",F,Construction,B1G,"Value added, gross",DE,Germany,2008,,88250.0,,,,,
dataflow,ESTAT:NAMA_10_A10(1.0),Gross value added and income by main industry (NACE Rev.2 ) - annual data,A,Annual,CP_MEUR,"Current prices, million euro",F,Construction,B1G,"Value added, gross",DE,Germany,2009,,89402.0,,,,,
dataflow,ESTAT:NAMA_10_A10(1.0),Gross value added and income by main industry (NACE Rev.2 ) - annual data,A,Annual,CP_MEUR,"Current prices, million euro",F,Construction,B1G,"Value added, gross",DE,Germany,2010,,94401.0,,,,,
dataflow,ESTAT:NAMA_10_A10(1.0),Gross value added and income by main industry (NACE Rev.2 ) - annual data,A,Annual,CP_MEUR,"Current prices, million euro",F,Construction,B1G,"Value added, gross",DE,Germany,2011,,100001.0,,,,,
dataflow,ESTAT:NAMA_10_A10(1.0),Gross value added and income by main industry (NACE Rev.2 ) - annual data,A,Annual,CP_MEUR,"Current prices, million euro",F,Construction,B1G,"Value added, gross",DE,Germany,2012,,104485.0,,,,,
dataflow,ESTAT:NAMA_10_A10(1.0),Gross value added and income by main industry (NACE Rev.2 ) - annual data,A,Annual,CP_MEUR,"Current prices, million euro",F,Construction,B1G,"Value added, gross",DE,Germany,2013,,107809.0,,,,,
dataflow,ESTAT:NAMA_10_A10(1.0),Gross value added and income by main industry (NACE Rev.2 ) - annual data,A,Annual,CP_MEUR,"Current prices, million euro",F,Construction,B1G,"Value added, gross",DE,Germany,2014,,111828.0,,,,,
dataflow,ESTAT:NAMA_10_A10(1.0),Gross value added and income by main industry (NACE Rev.2 ) - annual data,A,Annual,CP_MEUR,"Current prices, million euro",F,Construction,B1G,"Value added, gross",DE,Germany,2015,,113982.0,,,,,
dataflow,ESTAT:NAMA_10_A10(1.0),Gross value added and income by main industry (NACE Rev.2 ) - annual data,A,Annual,CP_MEUR,"Current prices, million euro",F,Construction,B1G,"Value added, gross",DE,Germany,2016,,120757.0,,,,,
dataflow,ESTAT:NAMA_10_A10(1.0),Gross value added and income by main industry (NACE Rev.2 ) - annual data,A,Annual,CP_MEUR,"Current prices, million euro",F,Construction,B1G,"Value added, gross",DE,Germany,2017,,127357.0,,,,,
dataflow,ESTAT:NAMA_10_A10(1.0),Gross value added and income by main industry (NACE Rev.2 ) - annual data,A,Annual,CP_MEUR,"Current prices, million euro",F,Construction,B1G,"Value added, gross",DE,Germany,2018,,137055.0,,,,,
dataflow,ESTAT:NAMA_10_A10(1.0),Gross value added and income by main industry (NACE Rev.2 ) - annual data,A,Annual,CP_MEUR,"Current prices, million euro",F,Construction,B1G,"Value added, gross",DE,Germany,2019,,143419.0,,,,,
dataflow,ESTAT:NAMA_10_A10(1.0),Gross value added and income by main industry (NACE Rev.2 ) - annual data,A,Annual,CP_MEUR,"Current prices, million euro",F,Construction,B1G,"Value added, gross",DE,Germany,2020,,154717.0,,,,,
dataflow,ESTAT:NAMA_10_A10(1.0),Gross value added and income by main industry (NACE Rev.2 ) - annual data,A,Annual,CP_MEUR,"Current prices, million euro",F,Construction,B1G,"Value added, gross",DE,Germany,2021,,162155.0,,,,,
dataflow,ESTAT:NAMA_10_A10(1.0),Gross value added and income by main industry (NACE Rev.2 ) - annual data,A,Annual,CP_MEUR,"Current prices, million euro",F,Construction,B1G,"Value added, gross",DE,Germany,2022,,173942.0,,p,provisional,,
dataflow,ESTAT:NAMA_10_A10(1.0),Gross value added and income by main industry (NACE Rev.2 ) - annual data,A,Annual,CP_MEUR,"Current prices, million euro",F,Construction,B1G,"Value added, gross",DE,Germany,2023,,187208.0,,p,provisional,,
dataflow,ESTAT:NAMA_10_A10(1.0),Gross value added and income by main industry (NACE Rev.2 ) - annual data,A,Annual,CP_MEUR,"Current prices, million euro",F,Construction,B1G,"Value added, gross",DE,Germany,2024,,193155.0,,p,provisional,,
dataflow,ESTAT:NAMA_10_A10(1.0),Gross value added and income by main industry (NACE Rev.2 ) - annual data,A,Annual,CP_MEUR,"Current prices, million euro",F,Construction,B1G,"Value added, gross",DE,Germany,2025,,199904.0,,p,provisional,,
dataflow,ESTAT:NAMA_10_A10(1.0),Gross value added and income by main industry (NACE Rev.2 ) - annual data,A,Annual,CP_MEUR,"Current prices, million euro",F,Construction,B1G,"Value added, gross",DK,Denmark,1995,,5623.5,,,,,
dataflow,ESTAT:NAMA_10_A10(1.0),Gross value added and income by main industry (NACE Rev.2 ) - annual data,A,Annual,CP_MEUR,"Current prices, million euro",F,Construction,B1G,"Value added, gross",DK,Denmark,1996,,6316.5,,,,,
dataflow,ESTAT:NAMA_10_A10(1.0),Gross value added and income by main industry (NACE Rev.2 ) - annual data,A,Annual,CP_MEUR,"Current prices, million euro",F,Construction,B1G,"Value added, gross",DK,Denmark,1997,,6117.4,,,,,
dataflow,ESTAT:NAMA_10_A10(1.0),Gross value added and income by main industry (NACE Rev.2 ) - annual data,A,Annual,CP_MEUR,"Current prices, million euro",F,Construction,B1G,"Value added, gross",DK,Denmark,1998,,6975.0,,,,,
dataflow,ESTAT:NAMA_10_A10(1.0),Gross value added and income by main industry (NACE Rev.2 ) - annual data,A,Annual,CP_MEUR,"Current prices, million euro",F,Construction,B1G,"Value added, gross",DK,Denmark,1999,,7875.4,,,,,
dataflow,ESTAT:NAMA_10_A10(1.0),Gross value added and income by main industry (NACE Rev.2 ) - annual data,A,Annual,CP_MEUR,"Current prices, million euro",F,Construction,B1G,"Value added, gross",DK,Denmark,2000,,8390.0,,,,,
dataflow,ESTAT:NAMA_10_A10(1.0),Gross value added and income by main industry (NACE Rev.2 ) - annual data,A,Annual,CP_MEUR,"Current prices, million euro",F,Construction,B1G,"Value added, gross",DK,Denmark,2001,,8134.3,,,,,
dataflow,ESTAT:NAMA_10_A10(1.0),Gross value added and income by main industry (NACE Rev.2 ) - annual data,A,Annual,CP_MEUR,"Current prices, million euro",F,Construction,B1G,"Value added, gross",DK,Denmark,2002,,8427.2,,,,,
dataflow,ESTAT:NAMA_10_A10(1.0),Gross value added and income by main industry (NACE Rev.2 ) - annual data,A,Annual,CP_MEUR,"Current prices, million euro",F,Construction,B1G,"Value added, gross",DK,Denmark,2003,,8968.7,,,,,
dataflow,ESTAT:NAMA_10_A10(1.0),Gross value added and income by main industry (NACE Rev.2 ) - annual data,A,Annual,CP_MEUR,"Current prices, million euro",F,Construction,B1G,"Value added, gross",DK,Denmark,2004,,9419.1,,,,,
dataflow,ESTAT:NAMA_10_A10(1.0),Gross value added and income by main industry (NACE Rev.2 ) - annual data,A,Annual,CP_MEUR,"Current prices, million euro",F,Construction,B1G,"Value added, gross",DK,Denmark,2005,,9874.3,,,,,
dataflow,ESTAT:NAMA_10_A10(1.0),Gross value added and income by main industry (NACE Rev.2 ) - annual data,A,Annual,CP_MEUR,"Current prices, million euro",F,Construction,B1G,"Value added, gross",DK,Denmark,2006,,11212.8,,,,,
dataflow,ESTAT:NAMA_10_A10(1.0),Gross value added and income by main industry (NACE Rev.2 ) - annual data,A,Annual,CP_MEUR,"Current prices, million euro",F,Construction,B1G,"Value added, gross",DK,Denmark,2007,,11476.5,,,,,
dataflow,ESTAT:NAMA_10_A10(1.0),Gross value added and income by main industry (NACE Rev.2 ) - annual data,A,Annual,CP_MEUR,"Current prices, million euro",F,Construction,B1G,"Value added, gross",DK,Denmark,2008,,12643.5,,,,,
dataflow,ESTAT:NAMA_10_A10(1.0),Gross value added and income by main industry (NACE Rev.2 ) - annual data,A,Annual,CP_MEUR,"Current prices, million euro",F,Construction,B1G,"Value added, gross",DK,Denmark,2009,,10361.2,,,,,
dataflow,ESTAT:NAMA_10_A10(1.0),Gross value added and income by main industry (NACE Rev.2 ) - annual data,A,Annual,CP_MEUR,"Current prices, million euro",F,Construction,B1G,"Value added, gross",DK,Denmark,2010,,9397.3,,,,,
dataflow,ESTAT:NAMA_10_A10(1.0),Gross value added and income by main industry (NACE Rev.2 ) - annual data,A,Annual,CP_MEUR,"Current prices, million euro",F,Construction,B1G,"Value added, gross",DK,Denmark,2011,,10031.8,,,,,
dataflow,ESTAT:NAMA_10_A10(1.0),Gross value added and income by main industry (NACE Rev.2 ) - annual data,A,Annual,CP_MEUR,"Current prices, million euro",F,Construction,B1G,"Value added, gross",DK,Denmark,2012,,10137.4,,,,,
dataflow,ESTAT:NAMA_10_A10(1.0),Gross value added and income by main industry (NACE Rev.2 ) - annual data,A,Annual,CP_MEUR,"Current prices, million euro",F,Construction,B1G,"Value added, gross",DK,Denmark,2013,,10249.3,,,,,
dataflow,ESTAT:NAMA_10_A10(1.0),Gross value added and income by main industry (NACE Rev.2 ) - annual data,A,Annual,CP_MEUR,"Current prices, million euro",F,Construction,B1G,"Value added, gross",DK,Denmark,2014,,10652.1,,,,,
dataflow,ESTAT:NAMA_10_A10(1.0),Gross value added and income by main industry (NACE Rev.2 ) - annual data,A,Annual,CP_MEUR,"Current prices, million euro",F,Construction,B1G,"Value added, gross",DK,Denmark,2015,,11821.8,,,,,
dataflow,ESTAT:NAMA_10_A10(1.0),Gross value added and income by main industry (NACE Rev.2 ) - annual data,A,Annual,CP_MEUR,"Current prices, million euro",F,Construction,B1G,"Value added, gross",DK,Denmark,2016,,13448.4,,,,,
dataflow,ESTAT:NAMA_10_A10(1.0),Gross value added and income by main industry (NACE Rev.2 ) - annual data,A,Annual,CP_MEUR,"Current prices, million euro",F,Construction,B1G,"Value added, gross",DK,Denmark,2017,,14389.1,,,,,
dataflow,ESTAT:NAMA_10_A10(1.0),Gross value added and income by main industry (NACE Rev.2 ) - annual data,A,Annual,CP_MEUR,"Current prices, million euro",F,Construction,B1G,"Value added, gross",DK,Denmark,2018,,14815.1,,,,,
dataflow,ESTAT:NAMA_10_A10(1.0),Gross value added and income by main industry (NACE Rev.2 ) - annual data,A,Annual,CP_MEUR,"Current prices, million euro",F,Construction,B1G,"Value added, gross",DK,Denmark,2019,,14717.2,,,,,
dataflow,ESTAT:NAMA_10_A10(1.0),Gross value added and income by main industry (NACE Rev.2 ) - annual data,A,Annual,CP_MEUR,"Current prices, million euro",F,Construction,B1G,"Value added, gross",DK,Denmark,2020,,14659.9,,,,,
dataflow,ESTAT:NAMA_10_A10(1.0),Gross value added and income by main industry (NACE Rev.2 ) - annual data,A,Annual,CP_MEUR,"Current prices, million euro",F,Construction,B1G,"Value added, gross",DK,Denmark,2021,,16002.2,,,,,
dataflow,ESTAT:NAMA_10_A10(1.0),Gross value added and income by main industry (NACE Rev.2 ) - annual data,A,Annual,CP_MEUR,"Current prices, million euro",F,Construction,B1G,"Value added, gross",DK,Denmark,2022,,16897.2,,,,,
dataflow,ESTAT:NAMA_10_A10(1.0),Gross value added and income by main industry (NACE Rev.2 ) - annual data,A,Annual,CP_MEUR,"Current prices, million euro",F,Construction,B1G,"Value added, gross",DK,Denmark,2023,,17991.4,,,,,
dataflow,ESTAT:NAMA_10_A10(1.0),Gross value added and income by main industry (NACE Rev.2 ) - annual data,A,Annual,CP_MEUR,"Current prices, million euro",F,Construction,B1G,"Value added, gross",DK,Denmark,2024,,16777.2,,,,,
dataflow,ESTAT:NAMA_10_A10(1.0),Gross value added and income by main industry (NACE Rev.2 ) - annual data,A,Annual,CP_MEUR,"Current prices, million euro",F,Construction,B1G,"Value added, gross",DK,Denmark,2025,,16774.2,,,,,
dataflow,ESTAT:NAMA_10_A10(1.0),Gross value added and income by main industry (NACE Rev.2 ) - annual data,A,Annual,CP_MEUR,"Current prices, million euro",F,Construction,B1G,"Value added, gross",EE,Estonia,1995,,169.7,,,,,
dataflow,ESTAT:NAMA_10_A10(1.0),Gross value added and income by main industry (NACE Rev.2 ) - annual data,A,Annual,CP_MEUR,"Current prices, million euro",F,Construction,B1G,"Value added, gross",EE,Estonia,1996,,200.2,,,,,
dataflow,ESTAT:NAMA_10_A10(1.0),Gross value added and income by main industry (NACE Rev.2 ) - annual data,A,Annual,CP_MEUR,"Current prices, million euro",F,Construction,B1G,"Value added, gross",EE,Estonia,1997,,238.5,,,,,
dataflow,ESTAT:NAMA_10_A10(1.0),Gross value added and income by main industry (NACE Rev.2 ) - annual data,A,Annual,CP_MEUR,"Current prices, million euro",F,Construction,B1G,"Value added, gross",EE,Estonia,1998,,312.1,,,,,
dataflow,ESTAT:NAMA_10_A10(1.0),Gross value added and income by main industry (NACE Rev.2 ) - annual data,A,Annual,CP_MEUR,"Current prices, million euro",F,Construction,B1G,"Value added, gross",EE,Estonia,1999,,270.8,,,,,
dataflow,ESTAT:NAMA_10_A10(1.0),Gross value added and income by main industry (NACE Rev.2 ) - annual data,A,Annual,CP_MEUR,"Current prices, million euro",F,Construction,B1G,"Value added, gross",EE,Estonia,2000,,327.1,,,,,
dataflow,ESTAT:NAMA_10_A10(1.0),Gross value added and income by main industry (NACE Rev.2 ) - annual data,A,Annual,CP_MEUR,"Current prices, million euro",F,Construction,B1G,"Value added, gross",EE,Estonia,2001,,367.9,,,,,
dataflow,ESTAT:NAMA_10_A10(1.0),Gross value added and income by main industry (NACE Rev.2 ) - annual data,A,Annual,CP_MEUR,"Current prices, million euro",F,Construction,B1G,"Value added, gross",EE,Estonia,2002,,435.8,,,,,
dataflow,ESTAT:NAMA_10_A10(1.0),Gross value added and income by main industry (NACE Rev.2 ) - annual data,A,Annual,CP_MEUR,"Current prices, million euro",F,Construction,B1G,"Value added, gross",EE,Estonia,2003,,514.6,,,,,
dataflow,ESTAT:NAMA_10_A10(1.0),Gross value added and income by main industry (NACE Rev.2 ) - annual data,A,Annual,CP_MEUR,"Current prices, million euro",F,Construction,B1G,"Value added, gross",EE,Estonia,2004,,604.4,,,,,
dataflow,ESTAT:NAMA_10_A10(1.0),Gross value added and income by main industry (NACE Rev.2 ) - annual data,A,Annual,CP_MEUR,"Current prices, million euro",F,Construction,B1G,"Value added, gross",EE,Estonia,2005,,854.5,,,,,
dataflow,ESTAT:NAMA_10_A10(1.0),Gross value added and income by main industry (NACE Rev.2 ) - annual data,A,Annual,CP_MEUR,"Current prices, million euro",F,Construction,B1G,"Value added, gross",EE,Estonia,2006,,1167.6,,,,,
dataflow,ESTAT:NAMA_10_A10(1.0),Gross value added and income by main industry (NACE Rev.2 ) - annual data,A,Annual,CP_MEUR,"Current prices, million euro",F,Construction,B1G,"Value added, gross",EE,Estonia,2007,,1515.2,,,,,
dataflow,ESTAT:NAMA_10_A10(1.0),Gross value added and income by main industry (NACE Rev.2 ) - annual data,A,Annual,CP_MEUR,"Current prices, million euro",F,Construction,B1G,"Value added, gross",EE,Estonia,2008,,1419.0,,,,,
dataflow,ESTAT:NAMA_10_A10(1.0),Gross value added and income by main industry (NACE Rev.2 ) - annual data,A,Annual,CP_MEUR,"Current prices, million euro",F,Construction,B1G,"Value added, gross",EE,Estonia,2009,,869.0,,,,,
dataflow,ESTAT:NAMA_10_A10(1.0),Gross value added and income by main industry (NACE Rev.2 ) - annual data,A,Annual,CP_MEUR,"Current prices, million euro",F,Construction,B1G,"Value added, gross",EE,Estonia,2010,,750.4,,,,,
dataflow,ESTAT:NAMA_10_A10(1.0),Gross value added and income by main industry (NACE Rev.2 ) - annual data,A,Annual,CP_MEUR,"Current prices, million euro",F,Construction,B1G,"Value added, gross",EE,Estonia,2011,,1008.7,,,,,
dataflow,ESTAT:NAMA_10_A10(1.0),Gross value added and income by main industry (NACE Rev.2 ) - annual data,A,Annual,CP_MEUR,"Current prices, million euro",F,Construction,B1G,"Value added, gross",EE,Estonia,2012,,1154.4,,,,,
dataflow,ESTAT:NAMA_10_A10(1.0),Gross value added and income by main industry (NACE Rev.2 ) - annual data,A,Annual,CP_MEUR,"Current prices, million euro",F,Construction,B1G,"Value added, gross",EE,Estonia,2013,,1163.6,,,,,
dataflow,ESTAT:NAMA_10_A10(1.0),Gross value added and income by main industry (NACE Rev.2 ) - annual data,A,Annual,CP_MEUR,"Current prices, million euro",F,Construction,B1G,"Value added, gross",EE,Estonia,2014,,1079.1,,,,,
dataflow,ESTAT:NAMA_10_A10(1.0),Gross value added and income by main industry (NACE Rev.2 ) - annual data,A,Annual,CP_MEUR,"Current prices, million euro",F,Construction,B1G,"Value added, gross",EE,Estonia,2015,,1098.5,,,,,
dataflow,ESTAT:NAMA_10_A10(1.0),Gross value added and income by main industry (NACE Rev.2 ) - annual data,A,Annual,CP_MEUR,"Current prices, million euro",F,Construction,B1G,"Value added, gross",EE,Estonia,2016,,1229.5,,,,,
dataflow,ESTAT:NAMA_10_A10(1.0),Gross value added and income by main industry (NACE Rev.2 ) - annual data,A,Annual,CP_MEUR,"Current prices, million euro",F,Construction,B1G,"Value added, gross",EE,Estonia,2017,,1379.7,,,,,
dataflow,ESTAT:NAMA_10_A10(1.0),Gross value added and income by main industry (NACE Rev.2 ) - annual data,A,Annual,CP_MEUR,"Current prices, million euro",F,Construction,B1G,"Value added, gross",EE,Estonia,2018,,1561.8,,,,,
dataflow,ESTAT:NAMA_10_A10(1.0),Gross value added and income by main industry (NACE Rev.2 ) - annual data,A,Annual,CP_MEUR,"Current prices, million euro",F,Construction,B1G,"Value added, gross",EE,Estonia,2019,,1692.7,,,,,
dataflow,ESTAT:NAMA_10_A10(1.0),Gross value added and income by main industry (NACE Rev.2 ) - annual data,A,Annual,CP_MEUR,"Current prices, million euro",F,Construction,B1G,"Value added, gross",EE,Estonia,2020,,1675.1,,,,,
dataflow,ESTAT:NAMA_10_A10(1.0),Gross value added and income by main industry (NACE Rev.2 ) - annual data,A,Annual,CP_MEUR,"Current prices, million euro",F,Construction,B1G,"Value added, gross",EE,Estonia,2021,,1810.2,,,,,
dataflow,ESTAT:NAMA_10_A10(1.0),Gross value added and income by main industry (NACE Rev.2 ) - annual data,A,Annual,CP_MEUR,"Current prices, million euro",F,Construction,B1G,"Value added, gross",EE,Estonia,2022,,2063.5,,,,,
dataflow,ESTAT:NAMA_10_A10(1.0),Gross value added and income by main industry (NACE Rev.2 ) - annual data,A,Annual,CP_MEUR,"Current prices, million euro",F,Construction,B1G,"Value added, gross",EE,Estonia,2023,,2194.6,,,,,
dataflow,ESTAT:NAMA_10_A10(1.0),Gross value added and income by main industry (NACE Rev.2 ) - annual data,A,Annual,CP_MEUR,"Current prices, million euro",F,Construction,B1G,"Value added, gross",EE,Estonia,2024,,2172.7,,,,,
dataflow,ESTAT:NAMA_10_A10(1.0),Gross value added and income by main industry (NACE Rev.2 ) - annual data,A,Annual,CP_MEUR,"Current prices, million euro",F,Construction,B1G,"Value added, gross",EE,Estonia,2025,,2219.2,,,,,
dataflow,ESTAT:NAMA_10_A10(1.0),Gross value added and income by main industry (NACE Rev.2 ) - annual data,A,Annual,CP_MEUR,"Current prices, million euro",F,Construction,B1G,"Value added, gross",EL,Greece,1995,,4914.5,,,,,
dataflow,ESTAT:NAMA_10_A10(1.0),Gross value added and income by main industry (NACE Rev.2 ) - annual data,A,Annual,CP_MEUR,"Current prices, million euro",F,Construction,B1G,"Value added, gross",EL,Greece,1996,,5506.4,,,,,
dataflow,ESTAT:NAMA_10_A10(1.0),Gross value added and income by main industry (NACE Rev.2 ) - annual data,A,Annual,CP_MEUR,"Current prices, million euro",F,Construction,B1G,"Value added, gross",EL,Greece,1997,,6300.8,,,,,
dataflow,ESTAT:NAMA_10_A10(1.0),Gross value added and income by main industry (NACE Rev.2 ) - annual data,A,Annual,CP_MEUR,"Current prices, million euro",F,Construction,B1G,"Value added, gross",EL,Greece,1998,,7038.6,,,,,
dataflow,ESTAT:NAMA_10_A10(1.0),Gross value added and income by main industry (NACE Rev.2 ) - annual data,A,Annual,CP_MEUR,"Current prices, million euro",F,Construction,B1G,"Value added, gross",EL,Greece,1999,,8113.0,,,,,
dataflow,ESTAT:NAMA_10_A10(1.0),Gross value added and income by main industry (NACE Rev.2 ) - annual data,A,Annual,CP_MEUR,"Current prices, million euro",F,Construction,B1G,"Value added, gross",EL,Greece,2000,,8071.2,,,,,
dataflow,ESTAT:NAMA_10_A10(1.0),Gross value added and income by main industry (NACE Rev.2 ) - annual data,A,Annual,CP_MEUR,"Current prices, million euro",F,Construction,B1G,"Value added, gross",EL,Greece,2001,,8796.3,,,,,
dataflow,ESTAT:NAMA_10_A10(1.0),Gross value added and income by main industry (NACE Rev.2 ) - annual data,A,Annual,CP_MEUR,"Current prices, million euro",F,Construction,B1G,"Value added, gross",EL,Greece,2002,,9280.0,,,,,
dataflow,ESTAT:NAMA_10_A10(1.0),Gross value added and income by main industry (NACE Rev.2 ) - annual data,A,Annual,CP_MEUR,"Current prices, million euro",F,Construction,B1G,"Value added, gross",EL,Greece,2003,,13026.3,,,,,
dataflow,ESTAT:NAMA_10_A10(1.0),Gross value added and income by main industry (NACE Rev.2 ) - annual data,A,Annual,CP_MEUR,"Current prices, million euro",F,Construction,B1G,"Value added, gross",EL,Greece,2004,,14862.3,,,,,
dataflow,ESTAT:NAMA_10_A10(1.0),Gross value added and income by main industry (NACE Rev.2 ) - annual data,A,Annual,CP_MEUR,"Current prices, million euro",F,Construction,B1G,"Value added, gross",EL,Greece,2005,,11225.8,,,,,
dataflow,ESTAT:NAMA_10_A10(1.0),Gross value added and income by main industry (NACE Rev.2 ) - annual data,A,Annual,CP_MEUR,"Current prices, million euro",F,Construction,B1G,"Value added, gross",EL,Greece,2006,,17902.4,,,,,
dataflow,ESTAT:NAMA_10_A10(1.0),Gross value added and income by main industry (NACE Rev.2 ) - annual data,A,Annual,CP_MEUR,"Current prices, million euro",F,Construction,B1G,"Value added, gross",EL,Greece,2007,,15742.0,,,,,
dataflow,ESTAT:NAMA_10_A10(1.0),Gross value added and income by main industry (NACE Rev.2 ) - annual data,A,Annual,CP_MEUR,"Current prices, million euro",F,Construction,B1G,"Value added, gross",EL,Greece,2008,,12220.3,,,,,
dataflow,ESTAT:NAMA_10_A10(1.0),Gross value added and income by main industry (NACE Rev.2 ) - annual data,A,Annual,CP_MEUR,"Current prices, million euro",F,Construction,B1G,"Value added, gross",EL,Greece,2009,,11279.6,,,,,
dataflow,ESTAT:NAMA_10_A10(1.0),Gross value added and income by main industry (NACE Rev.2 ) - annual data,A,Annual,CP_MEUR,"Current prices, million euro",F,Construction,B1G,"Value added, gross",EL,Greece,2010,,8747.7,,,,,
dataflow,ESTAT:NAMA_10_A10(1.0),Gross value added and income by main industry (NACE Rev.2 ) - annual data,A,Annual,CP_MEUR,"Current prices, million euro",F,Construction,B1G,"Value added, gross",EL,Greece,2011,,5834.9,,,,,
dataflow,ESTAT:NAMA_10_A10(1.0),Gross value added and income by main industry (NACE Rev.2 ) - annual data,A,Annual,CP_MEUR,"Current prices, million euro",F,Construction,B1G,"Value added, gross",EL,Greece,2012,,4239.0,,,,,
dataflow,ESTAT:NAMA_10_A10(1.0),Gross value added and income by main industry (NACE Rev.2 ) - annual data,A,Annual,CP_MEUR,"Current prices, million euro",F,Construction,B1G,"Value added, gross",EL,Greece,2013,,4453.2,,,,,
dataflow,ESTAT:NAMA_10_A10(1.0),Gross value added and income by main industry (NACE Rev.2 ) - annual data,A,Annual,CP_MEUR,"Current prices, million euro",F,Construction,B1G,"Value added, gross",EL,Greece,2014,,3001.3,,,,,
dataflow,ESTAT:NAMA_10_A10(1.0),Gross value added and income by main industry (NACE Rev.2 ) - annual data,A,Annual,CP_MEUR,"Current prices, million euro",F,Construction,B1G,"Value added, gross",EL,Greece,2015,,3201.7,,,,,
dataflow,ESTAT:NAMA_10_A10(1.0),Gross value added and income by main industry (NACE Rev.2 ) - annual data,A,Annual,CP_MEUR,"Current prices, million euro",F,Construction,B1G,"Value added, gross",EL,Greece,2016,,2881.0,,,,,
dataflow,ESTAT:NAMA_10_A10(1.0),Gross value added and income by main industry (NACE Rev.2 ) - annual data,A,Annual,CP_MEUR,"Current prices, million euro",F,Construction,B1G,"Value added, gross",EL,Greece,2017,,1930.4,,,,,
dataflow,ESTAT:NAMA_10_A10(1.0),Gross value added and income by main industry (NACE Rev.2 ) - annual data,A,Annual,CP_MEUR,"Current prices, million euro",F,Construction,B1G,"Value added, gross",EL,Greece,2018,,2330.2,,,,,
dataflow,ESTAT:NAMA_10_A10(1.0),Gross value added and income by main industry (NACE Rev.2 ) - annual data,A,Annual,CP_MEUR,"Current prices, million euro",F,Construction,B1G,"Value added, gross",EL,Greece,2019,,2458.0,,,,,
dataflow,ESTAT:NAMA_10_A10(1.0),Gross value added and income by main industry (NACE Rev.2 ) - annual data,A,Annual,CP_MEUR,"Current prices, million euro",F,Construction,B1G,"Value added, gross",EL,Greece,2020,,2374.4,,,,,
dataflow,ESTAT:NAMA_10_A10(1.0),Gross value added and income by main industry (NACE Rev.2 ) - annual data,A,Annual,CP_MEUR,"Current prices, million euro",F,Construction,B1G,"Value added, gross",EL,Greece,2021,,3025.8,,,,,
dataflow,ESTAT:NAMA_10_A10(1.0),Gross value added and income by main industry (NACE Rev.2 ) - annual data,A,Annual,CP_MEUR,"Current prices, million euro",F,Construction,B1G,"Value added, gross",EL,Greece,2022,,3897.4,,,,,
dataflow,ESTAT:NAMA_10_A10(1.0),Gross value added and income by main industry (NACE Rev.2 ) - annual data,A,Annual,CP_MEUR,"Current prices, million euro",F,Construction,B1G,"Value added, gross",EL,Greece,2023,,4438.8,,p,provisional,,
dataflow,ESTAT:NAMA_10_A10(1.0),Gross value added and income by main industry (NACE Rev.2 ) - annual data,A,Annual,CP_MEUR,"Current prices, million euro",F,Construction,B1G,"Value added, gross",EL,Greece,2024,,4574.0,,p,provisional,,
dataflow,ESTAT:NAMA_10_A10(1.0),Gross value added and income by main industry (NACE Rev.2 ) - annual data,A,Annual,CP_MEUR,"Current prices, million euro",F,Construction,B1G,"Value added, gross",EL,Greece,2025,,5274.3,,p,provisional,,
dataflow,ESTAT:NAMA_10_A10(1.0),Gross value added and income by main industry (NACE Rev.2 ) - annual data,A,Annual,CP_MEUR,"Current prices, million euro",F,Construction,B1G,"Value added, gross",ES,Spain,1995,,40334.8,,,,,
dataflow,ESTAT:NAMA_10_A10(1.0),Gross value added and income by main industry (NACE Rev.2 ) - annual data,A,Annual,CP_MEUR,"Current prices, million euro",F,Construction,B1G,"Value added, gross",ES,Spain,1996,,42051.0,,,,,
dataflow,ESTAT:NAMA_10_A10(1.0),Gross value added and income by main industry (NACE Rev.2 ) - annual data,A,Annual,CP_MEUR,"Current prices, million euro",F,Construction,B1G,"Value added, gross",ES,Spain,1997,,42598.8,,,,,
dataflow,ESTAT:NAMA_10_A10(1.0),Gross value added and income by main industry (NACE Rev.2 ) - annual data,A,Annual,CP_MEUR,"Current prices, million euro",F,Construction,B1G,"Value added, gross",ES,Spain,1998,,46339.7,,,,,
dataflow,ESTAT:NAMA_10_A10(1.0),Gross value added and income by main industry (NACE Rev.2 ) - annual data,A,Annual,CP_MEUR,"Current prices, million euro",F,Construction,B1G,"Value added, gross",ES,Spain,1999,,52407.0,,,,,
dataflow,ESTAT:NAMA_10_A10(1.0),Gross value added and income by main industry (NACE Rev.2 ) - annual data,A,Annual,CP_MEUR,"Current prices, million euro",F,Construction,B1G,"Value added, gross",ES,Spain,2000,,59618.0,,,,,
dataflow,ESTAT:NAMA_10_A10(1.0),Gross value added and income by main industry (NACE Rev.2 ) - annual data,A,Annual,CP_MEUR,"Current prices, million euro",F,Construction,B1G,"Value added, gross",ES,Spain,2001,,67550.0,,,,,
dataflow,ESTAT:NAMA_10_A10(1.0),Gross value added and income by main industry (NACE Rev.2 ) - annual data,A,Annual,CP_MEUR,"Current prices, million euro",F,Construction,B1G,"Value added, gross",ES,Spain,2002,,75008.0,,,,,
dataflow,ESTAT:NAMA_10_A10(1.0),Gross value added and income by main industry (NACE Rev.2 ) - annual data,A,Annual,CP_MEUR,"Current prices, million euro",F,Construction,B1G,"Value added, gross",ES,Spain,2003,,81851.0,,,,,
dataflow,ESTAT:NAMA_10_A10(1.0),Gross value added and income by main industry (NACE Rev.2 ) - annual data,A,Annual,CP_MEUR,"Current prices, million euro",F,Construction,B1G,"Value added, gross",ES,Spain,2004,,88836.0,,,,,
dataflow,ESTAT:NAMA_10_A10(1.0),Gross value added and income by main industry (NACE Rev.2 ) - annual data,A,Annual,CP_MEUR,"Current prices, million euro",F,Construction,B1G,"Value added, gross",ES,Spain,2005,,100903.0,,,,,
dataflow,ESTAT:NAMA_10_A10(1.0),Gross value added and income by main industry (NACE Rev.2 ) - annual data,A,Annual,CP_MEUR,"Current prices, million euro",F,Construction,B1G,"Value added, gross",ES,Spain,2006,,111572.0,,,,,
dataflow,ESTAT:NAMA_10_A10(1.0),Gross value added and income by main industry (NACE Rev.2 ) - annual data,A,Annual,CP_MEUR,"Current prices, million euro",F,Construction,B1G,"Value added, gross",ES,Spain,2007,,116462.0,,,,,
dataflow,ESTAT:NAMA_10_A10(1.0),Gross value added and income by main industry (NACE Rev.2 ) - annual data,A,Annual,CP_MEUR,"Current prices, million euro",F,Construction,B1G,"Value added, gross",ES,Spain,2008,,118569.0,,,,,
dataflow,ESTAT:NAMA_10_A10(1.0),Gross value added and income by main industry (NACE Rev.2 ) - annual data,A,Annual,CP_MEUR,"Current prices, million euro",F,Construction,B1G,"Value added, gross",ES,Spain,2009,,110029.0,,,,,
dataflow,ESTAT:NAMA_10_A10(1.0),Gross value added and income by main industry (NACE Rev.2 ) - annual data,A,Annual,CP_MEUR,"Current prices, million euro",F,Construction,B1G,"Value added, gross",ES,Spain,2010,,89685.0,,,,,
dataflow,ESTAT:NAMA_10_A10(1.0),Gross value added and income by main industry (NACE Rev.2 ) - annual data,A,Annual,CP_MEUR,"Current prices, million euro",F,Construction,B1G,"Value added, gross",ES,Spain,2011,,75556.0,,,,,
dataflow,ESTAT:NAMA_10_A10(1.0),Gross value added and income by main industry (NACE Rev.2 ) - annual data,A,Annual,CP_MEUR,"Current prices, million euro",F,Construction,B1G,"Value added, gross",ES,Spain,2012,,64407.0,,,,,
dataflow,ESTAT:NAMA_10_A10(1.0),Gross value added and income by main industry (NACE Rev.2 ) - annual data,A,Annual,CP_MEUR,"Current prices, million euro",F,Construction,B1G,"Value added, gross",ES,Spain,2013,,55533.0,,,,,
dataflow,ESTAT:NAMA_10_A10(1.0),Gross value added and income by main industry (NACE Rev.2 ) - annual data,A,Annual,CP_MEUR,"Current prices, million euro",F,Construction,B1G,"Value added, gross",ES,Spain,2014,,55390.0,,,,,
dataflow,ESTAT:NAMA_10_A10(1.0),Gross value added and income by main industry (NACE Rev.2 ) - annual data,A,Annual,CP_MEUR,"Current prices, million euro",F,Construction,B1G,"Value added, gross",ES,Spain,2015,,58924.0,,,,,
dataflow,ESTAT:NAMA_10_A10(1.0),Gross value added and income by main industry (NACE Rev.2 ) - annual data,A,Annual,CP_MEUR,"Current prices, million euro",F,Construction,B1G,"Value added, gross",ES,Spain,2016,,61744.0,,,,,
dataflow,ESTAT:NAMA_10_A10(1.0),Gross value added and income by main industry (NACE Rev.2 ) - annual data,A,Annual,CP_MEUR,"Current prices, million euro",F,Construction,B1G,"Value added, gross",ES,Spain,2017,,64233.0,,,,,
dataflow,ESTAT:NAMA_10_A10(1.0),Gross value added and income by main industry (NACE Rev.2 ) - annual data,A,Annual,CP_MEUR,"Current prices, million euro",F,Construction,B1G,"Value added, gross",ES,Spain,2018,,67144.0,,,,,
dataflow,ESTAT:NAMA_10_A10(1.0),Gross value added and income by main industry (NACE Rev.2 ) - annual data,A,Annual,CP_MEUR,"Current prices, million euro",F,Construction,B1G,"Value added, gross",ES,Spain,2019,,73774.0,,,,,
dataflow,ESTAT:NAMA_10_A10(1.0),Gross value added and income by main industry (NACE Rev.2 ) - annual data,A,Annual,CP_MEUR,"Current prices, million euro",F,Construction,B1G,"Value added, gross",ES,Spain,2020,,63700.0,,,,,
dataflow,ESTAT:NAMA_10_A10(1.0),Gross value added and income by main industry (NACE Rev.2 ) - annual data,A,Annual,CP_MEUR,"Current prices, million euro",F,Construction,B1G,"Value added, gross",ES,Spain,2021,,65544.0,,,,,
dataflow,ESTAT:NAMA_10_A10(1.0),Gross value added and income by main industry (NACE Rev.2 ) - annual data,A,Annual,CP_MEUR,"Current prices, million euro",F,Construction,B1G,"Value added, gross",ES,Spain,2022,,73065.0,,,,,
dataflow,ESTAT:NAMA_10_A10(1.0),Gross value added and income by main industry (NACE Rev.2 ) - annual data,A,Annual,CP_MEUR,"Current prices, million euro",F,Construction,B1G,"Value added, gross",ES,Spain,2023,,78819.0,,p,provisional,,
dataflow,ESTAT:NAMA_10_A10(1.0),Gross value added and income by main industry (NACE Rev.2 ) - annual data,A,Annual,CP_MEUR,"Current prices, million euro",F,Construction,B1G,"Value added, gross",ES,Spain,2024,,82843.0,,p,provisional,,
dataflow,ESTAT:NAMA_10_A10(1.0),Gross value added and income by main industry (NACE Rev.2 ) - annual data,A,Annual,CP_MEUR,"Current prices, million euro",F,Construction,B1G,"Value added, gross",ES,Spain,2025,,90183.0,,p,provisional,,
dataflow,ESTAT:NAMA_10_A10(1.0),Gross value added and income by main industry (NACE Rev.2 ) - annual data,A,Annual,CP_MEUR,"Current prices, million euro",F,Construction,B1G,"Value added, gross",FI,Finland,1990,,8101.2,,,,,
dataflow,ESTAT:NAMA_10_A10(1.0),Gross value added and income by main industry (NACE Rev.2 ) - annual data,A,Annual,CP_MEUR,"Current prices, million euro",F,Construction,B1G,"Value added, gross",FI,Finland,1991,,6903.7,,,,,
dataflow,ESTAT:NAMA_10_A10(1.0),Gross value added and income by main industry (NACE Rev.2 ) - annual data,A,Annual,CP_MEUR,"Current prices, million euro",F,Construction,B1G,"Value added, gross",FI,Finland,1992,,4519.4,,,,,
dataflow,ESTAT:NAMA_10_A10(1.0),Gross value added and income by main industry (NACE Rev.2 ) - annual data,A,Annual,CP_MEUR,"Current prices, million euro",F,Construction,B1G,"Value added, gross",FI,Finland,1993,,3238.2,,,,,
dataflow,ESTAT:NAMA_10_A10(1.0),Gross value added and income by main industry (NACE Rev.2 ) - annual data,A,Annual,CP_MEUR,"Current prices, million euro",F,Construction,B1G,"Value added, gross",FI,Finland,1994,,3690.9,,,,,
dataflow,ESTAT:NAMA_10_A10(1.0),Gross value added and income by main industry (NACE Rev.2 ) - annual data,A,Annual,CP_MEUR,"Current prices, million euro",F,Construction,B1G,"Value added, gross",FI,Finland,1995,,4327.6,,,,,
dataflow,ESTAT:NAMA_10_A10(1.0),Gross value added and income by main industry (NACE Rev.2 ) - annual data,A,Annual,CP_MEUR,"Current prices, million euro",F,Construction,B1G,"Value added, gross",FI,Finland,1996,,4752.0,,,,,
dataflow,ESTAT:NAMA_10_A10(1.0),Gross value added and income by main industry (NACE Rev.2 ) - annual data,A,Annual,CP_MEUR,"Current prices, million euro",F,Construction,B1G,"Value added, gross",FI,Finland,1997,,5203.0,,,,,
dataflow,ESTAT:NAMA_10_A10(1.0),Gross value added and income by main industry (NACE Rev.2 ) - annual data,A,Annual,CP_MEUR,"Current prices, million euro",F,Construction,B1G,"Value added, gross",FI,Finland,1998,,5959.1,,,,,
dataflow,ESTAT:NAMA_10_A10(1.0),Gross value added and income by main industry (NACE Rev.2 ) - annual data,A,Annual,CP_MEUR,"Current prices, million euro",F,Construction,B1G,"Value added, gross",FI,Finland,1999,,6602.0,,,,,
dataflow,ESTAT:NAMA_10_A10(1.0),Gross value added and income by main industry (NACE Rev.2 ) - annual data,A,Annual,CP_MEUR,"Current prices, million euro",F,Construction,B1G,"Value added, gross",FI,Finland,2000,,7344.0,,,,,
dataflow,ESTAT:NAMA_10_A10(1.0),Gross value added and income by main industry (NACE Rev.2 ) - annual data,A,Annual,CP_MEUR,"Current prices, million euro",F,Construction,B1G,"Value added, gross",FI,Finland,2001,,7464.0,,,,,
dataflow,ESTAT:NAMA_10_A10(1.0),Gross value added and income by main industry (NACE Rev.2 ) - annual data,A,Annual,CP_MEUR,"Current prices, million euro",F,Construction,B1G,"Value added, gross",FI,Finland,2002,,7254.0,,,,,
dataflow,ESTAT:NAMA_10_A10(1.0),Gross value added and income by main industry (NACE Rev.2 ) - annual data,A,Annual,CP_MEUR,"Current prices, million euro",F,Construction,B1G,"Value added, gross",FI,Finland,2003,,7652.0,,,,,
dataflow,ESTAT:NAMA_10_A10(1.0),Gross value added and income by main industry (NACE Rev.2 ) - annual data,A,Annual,CP_MEUR,"Current prices, million euro",F,Construction,B1G,"Value added, gross",FI,Finland,2004,,8329.0,,,,,
dataflow,ESTAT:NAMA_10_A10(1.0),Gross value added and income by main industry (NACE Rev.2 ) - annual data,A,Annual,CP_MEUR,"Current prices, million euro",F,Construction,B1G,"Value added, gross",FI,Finland,2005,,9256.0,,,,,
dataflow,ESTAT:NAMA_10_A10(1.0),Gross value added and income by main industry (NACE Rev.2 ) - annual data,A,Annual,CP_MEUR,"Current prices, million euro",F,Construction,B1G,"Value added, gross",FI,Finland,2006,,9904.0,,,,,
dataflow,ESTAT:NAMA_10_A10(1.0),Gross value added and income by main industry (NACE Rev.2 ) - annual data,A,Annual,CP_MEUR,"Current prices, million euro",F,Construction,B1G,"Value added, gross",FI,Finland,2007,,11040.0,,,,,
dataflow,ESTAT:NAMA_10_A10(1.0),Gross value added and income by main industry (NACE Rev.2 ) - annual data,A,Annual,CP_MEUR,"Current prices, million euro",F,Construction,B1G,"Value added, gross",FI,Finland,2008,,11824.0,,,,,
dataflow,ESTAT:NAMA_10_A10(1.0),Gross value added and income by main industry (NACE Rev.2 ) - annual data,A,Annual,CP_MEUR,"Current prices, million euro",F,Construction,B1G,"Value added, gross",FI,Finland,2009,,10733.0,,,,,
dataflow,ESTAT:NAMA_10_A10(1.0),Gross value added and income by main industry (NACE Rev.2 ) - annual data,A,Annual,CP_MEUR,"Current prices, million euro",F,Construction,B1G,"Value added, gross",FI,Finland,2010,,10724.0,,,,,
dataflow,ESTAT:NAMA_10_A10(1.0),Gross value added and income by main industry (NACE Rev.2 ) - annual data,A,Annual,CP_MEUR,"Current prices, million euro",F,Construction,B1G,"Value added, gross",FI,Finland,2011,,11068.0,,,,,
dataflow,ESTAT:NAMA_10_A10(1.0),Gross value added and income by main industry (NACE Rev.2 ) - annual data,A,Annual,CP_MEUR,"Current prices, million euro",F,Construction,B1G,"Value added, gross",FI,Finland,2012,,11406.0,,,,,
dataflow,ESTAT:NAMA_10_A10(1.0),Gross value added and income by main industry (NACE Rev.2 ) - annual data,A,Annual,CP_MEUR,"Current prices, million euro",F,Construction,B1G,"Value added, gross",FI,Finland,2013,,11327.0,,,,,
dataflow,ESTAT:NAMA_10_A10(1.0),Gross value added and income by main industry (NACE Rev.2 ) - annual data,A,Annual,CP_MEUR,"Current prices, million euro",F,Construction,B1G,"Value added, gross",FI,Finland,2014,,11085.0,,,,,
dataflow,ESTAT:NAMA_10_A10(1.0),Gross value added and income by main industry (NACE Rev.2 ) - annual data,A,Annual,CP_MEUR,"Current prices, million euro",F,Construction,B1G,"Value added, gross",FI,Finland,2015,,11472.0,,,,,
dataflow,ESTAT:NAMA_10_A10(1.0),Gross value added and income by main industry (NACE Rev.2 ) - annual data,A,Annual,CP_MEUR,"Current prices, million euro",F,Construction,B1G,"Value added, gross",FI,Finland,2016,,12534.0,,,,,
dataflow,ESTAT:NAMA_10_A10(1.0),Gross value added and income by main industry (NACE Rev.2 ) - annual data,A,Annual,CP_MEUR,"Current prices, million euro",F,Construction,B1G,"Value added, gross",FI,Finland,2017,,13637.0,,,,,
dataflow,ESTAT:NAMA_10_A10(1.0),Gross value added and income by main industry (NACE Rev.2 ) - annual data,A,Annual,CP_MEUR,"Current prices, million euro",F,Construction,B1G,"Value added, gross",FI,Finland,2018,,14546.0,,,,,
dataflow,ESTAT:NAMA_10_A10(1.0),Gross value added and income by main industry (NACE Rev.2 ) - annual data,A,Annual,CP_MEUR,"Current prices, million euro",F,Construction,B1G,"Value added, gross",FI,Finland,2019,,14966.0,,,,,
dataflow,ESTAT:NAMA_10_A10(1.0),Gross value added and income by main industry (NACE Rev.2 ) - annual data,A,Annual,CP_MEUR,"Current prices, million euro",F,Construction,B1G,"Value added, gross",FI,Finland,2020,,15368.0,,,,,
dataflow,ESTAT:NAMA_10_A10(1.0),Gross value added and income by main industry (NACE Rev.2 ) - annual data,A,Annual,CP_MEUR,"Current prices, million euro",F,Construction,B1G,"Value added, gross",FI,Finland,2021,,14924.0,,,,,
dataflow,ESTAT:NAMA_10_A10(1.0),Gross value added and income by main industry (NACE Rev.2 ) - annual data,A,Annual,CP_MEUR,"Current prices, million euro",F,Construction,B1G,"Value added, gross",FI,Finland,2022,,15211.0,,,,,
dataflow,ESTAT:NAMA_10_A10(1.0),Gross value added and income by main industry (NACE Rev.2 ) - annual data,A,Annual,CP_MEUR,"Current prices, million euro",F,Construction,B1G,"Value added, gross",FI,Finland,2023,,14921.0,,,,,
dataflow,ESTAT:NAMA_10_A10(1.0),Gross value added and income by main industry (NACE Rev.2 ) - annual data,A,Annual,CP_MEUR,"Current prices, million euro",F,Construction,B1G,"Value added, gross",FI,Finland,2024,,13756.0,,,,,
dataflow,ESTAT:NAMA_10_A10(1.0),Gross value added and income by main industry (NACE Rev.2 ) - annual data,A,Annual,CP_MEUR,"Current prices, million euro",F,Construction,B1G,"Value added, gross",FI,Finland,2025,,13314.0,,,,,
dataflow,ESTAT:NAMA_10_A10(1.0),Gross value added and income by main industry (NACE Rev.2 ) - annual data,A,Annual,CP_MEUR,"Current prices, million euro",F,Construction,B1G,"Value added, gross",FR,France,1990,,55195.2,,,,,
dataflow,ESTAT:NAMA_10_A10(1.0),Gross value added and income by main industry (NACE Rev.2 ) - annual data,A,Annual,CP_MEUR,"Current prices, million euro",F,Construction,B1G,"Value added, gross",FR,France,1991,,56402.6,,,,,
dataflow,ESTAT:NAMA_10_A10(1.0),Gross value added and income by main industry (NACE Rev.2 ) - annual data,A,Annual,CP_MEUR,"Current prices, million euro",F,Construction,B1G,"Value added, gross",FR,France,1992,,59411.1,,,,,
dataflow,ESTAT:NAMA_10_A10(1.0),Gross value added and income by main industry (NACE Rev.2 ) - annual data,A,Annual,CP_MEUR,"Current prices, million euro",F,Construction,B1G,"Value added, gross",FR,France,1993,,57475.0,,,,,
dataflow,ESTAT:NAMA_10_A10(1.0),Gross value added and income by main industry (NACE Rev.2 ) - annual data,A,Annual,CP_MEUR,"Current prices, million euro",F,Construction,B1G,"Value added, gross",FR,France,1994,,55896.8,,,,,
dataflow,ESTAT:NAMA_10_A10(1.0),Gross value added and income by main industry (NACE Rev.2 ) - annual data,A,Annual,CP_MEUR,"Current prices, million euro",F,Construction,B1G,"Value added, gross",FR,France,1995,,57252.8,,,,,
dataflow,ESTAT:NAMA_10_A10(1.0),Gross value added and income by main industry (NACE Rev.2 ) - annual data,A,Annual,CP_MEUR,"Current prices, million euro",F,Construction,B1G,"Value added, gross",FR,France,1996,,55543.1,,,,,
dataflow,ESTAT:NAMA_10_A10(1.0),Gross value added and income by main industry (NACE Rev.2 ) - annual data,A,Annual,CP_MEUR,"Current prices, million euro",F,Construction,B1G,"Value added, gross",FR,France,1997,,54434.8,,,,,
dataflow,ESTAT:NAMA_10_A10(1.0),Gross value added and income by main industry (NACE Rev.2 ) - annual data,A,Annual,CP_MEUR,"Current prices, million euro",F,Construction,B1G,"Value added, gross",FR,France,1998,,55177.8,,,,,
dataflow,ESTAT:NAMA_10_A10(1.0),Gross value added and income by main industry (NACE Rev.2 ) - annual data,A,Annual,CP_MEUR,"Current prices, million euro",F,Construction,B1G,"Value added, gross",FR,France,1999,,58513.8,,,,,
dataflow,ESTAT:NAMA_10_A10(1.0),Gross value added and income by main industry (NACE Rev.2 ) - annual data,A,Annual,CP_MEUR,"Current prices, million euro",F,Construction,B1G,"Value added, gross",FR,France,2000,,63307.0,,,,,
dataflow,ESTAT:NAMA_10_A10(1.0),Gross value added and income by main industry (NACE Rev.2 ) - annual data,A,Annual,CP_MEUR,"Current prices, million euro",F,Construction,B1G,"Value added, gross",FR,France,2001,,67480.1,,,,,
dataflow,ESTAT:NAMA_10_A10(1.0),Gross value added and income by main industry (NACE Rev.2 ) - annual data,A,Annual,CP_MEUR,"Current prices, million euro",F,Construction,B1G,"Value added, gross",FR,France,2002,,70456.8,,,,,
dataflow,ESTAT:NAMA_10_A10(1.0),Gross value added and income by main industry (NACE Rev.2 ) - annual data,A,Annual,CP_MEUR,"Current prices, million euro",F,Construction,B1G,"Value added, gross",FR,France,2003,,74025.8,,,,,
dataflow,ESTAT:NAMA_10_A10(1.0),Gross value added and income by main industry (NACE Rev.2 ) - annual data,A,Annual,CP_MEUR,"Current prices, million euro",F,Construction,B1G,"Value added, gross",FR,France,2004,,79582.8,,,,,
dataflow,ESTAT:NAMA_10_A10(1.0),Gross value added and income by main industry (NACE Rev.2 ) - annual data,A,Annual,CP_MEUR,"Current prices, million euro",F,Construction,B1G,"Value added, gross",FR,France,2005,,84853.7,,,,,
dataflow,ESTAT:NAMA_10_A10(1.0),Gross value added and income by main industry (NACE Rev.2 ) - annual data,A,Annual,CP_MEUR,"Current prices, million euro",F,Construction,B1G,"Value added, gross",FR,France,2006,,93099.9,,,,,
dataflow,ESTAT:NAMA_10_A10(1.0),Gross value added and income by main industry (NACE Rev.2 ) - annual data,A,Annual,CP_MEUR,"Current prices, million euro",F,Construction,B1G,"Value added, gross",FR,France,2007,,103408.5,,,,,
dataflow,ESTAT:NAMA_10_A10(1.0),Gross value added and income by main industry (NACE Rev.2 ) - annual data,A,Annual,CP_MEUR,"Current prices, million euro",F,Construction,B1G,"Value added, gross",FR,France,2008,,112239.5,,,,,
dataflow,ESTAT:NAMA_10_A10(1.0),Gross value added and income by main industry (NACE Rev.2 ) - annual data,A,Annual,CP_MEUR,"Current prices, million euro",F,Construction,B1G,"Value added, gross",FR,France,2009,,108165.0,,,,,
dataflow,ESTAT:NAMA_10_A10(1.0),Gross value added and income by main industry (NACE Rev.2 ) - annual data,A,Annual,CP_MEUR,"Current prices, million euro",F,Construction,B1G,"Value added, gross",FR,France,2010,,107679.0,,,,,
dataflow,ESTAT:NAMA_10_A10(1.0),Gross value added and income by main industry (NACE Rev.2 ) - annual data,A,Annual,CP_MEUR,"Current prices, million euro",F,Construction,B1G,"Value added, gross",FR,France,2011,,111437.5,,,,,
dataflow,ESTAT:NAMA_10_A10(1.0),Gross value added and income by main industry (NACE Rev.2 ) - annual data,A,Annual,CP_MEUR,"Current prices, million euro",F,Construction,B1G,"Value added, gross",FR,France,2012,,109255.6,,,,,
dataflow,ESTAT:NAMA_10_A10(1.0),Gross value added and income by main industry (NACE Rev.2 ) - annual data,A,Annual,CP_MEUR,"Current prices, million euro",F,Construction,B1G,"Value added, gross",FR,France,2013,,112095.3,,,,,
dataflow,ESTAT:NAMA_10_A10(1.0),Gross value added and income by main industry (NACE Rev.2 ) - annual data,A,Annual,CP_MEUR,"Current prices, million euro",F,Construction,B1G,"Value added, gross",FR,France,2014,,110608.2,,,,,
dataflow,ESTAT:NAMA_10_A10(1.0),Gross value added and income by main industry (NACE Rev.2 ) - annual data,A,Annual,CP_MEUR,"Current prices, million euro",F,Construction,B1G,"Value added, gross",FR,France,2015,,108442.2,,,,,
dataflow,ESTAT:NAMA_10_A10(1.0),Gross value added and income by main industry (NACE Rev.2 ) - annual data,A,Annual,CP_MEUR,"Current prices, million euro",F,Construction,B1G,"Value added, gross",FR,France,2016,,108197.5,,,,,
dataflow,ESTAT:NAMA_10_A10(1.0),Gross value added and income by main industry (NACE Rev.2 ) - annual data,A,Annual,CP_MEUR,"Current prices, million euro",F,Construction,B1G,"Value added, gross",FR,France,2017,,112914.0,,,,,
dataflow,ESTAT:NAMA_10_A10(1.0),Gross value added and income by main industry (NACE Rev.2 ) - annual data,A,Annual,CP_MEUR,"Current prices, million euro",F,Construction,B1G,"Value added, gross",FR,France,2018,,116209.9,,,,,
dataflow,ESTAT:NAMA_10_A10(1.0),Gross value added and income by main industry (NACE Rev.2 ) - annual data,A,Annual,CP_MEUR,"Current prices, million euro",F,Construction,B1G,"Value added, gross",FR,France,2019,,123120.2,,,,,
dataflow,ESTAT:NAMA_10_A10(1.0),Gross value added and income by main industry (NACE Rev.2 ) - annual data,A,Annual,CP_MEUR,"Current prices, million euro",F,Construction,B1G,"Value added, gross",FR,France,2020,,116007.0,,,,,
dataflow,ESTAT:NAMA_10_A10(1.0),Gross value added and income by main industry (NACE Rev.2 ) - annual data,A,Annual,CP_MEUR,"Current prices, million euro",F,Construction,B1G,"Value added, gross",FR,France,2021,,125991.1,,,,,
dataflow,ESTAT:NAMA_10_A10(1.0),Gross value added and income by main industry (NACE Rev.2 ) - annual data,A,Annual,CP_MEUR,"Current prices, million euro",F,Construction,B1G,"Value added, gross",FR,France,2022,,130929.3,,,,,
dataflow,ESTAT:NAMA_10_A10(1.0),Gross value added and income by main industry (NACE Rev.2 ) - annual data,A,Annual,CP_MEUR,"Current prices, million euro",F,Construction,B1G,"Value added, gross",FR,France,2023,,143658.9,,p,provisional,,
dataflow,ESTAT:NAMA_10_A10(1.0),Gross value added and income by main industry (NACE Rev.2 ) - annual data,A,Annual,CP_MEUR,"Current prices, million euro",F,Construction,B1G,"Value added, gross",FR,France,2024,,145993.2,,p,provisional,,
dataflow,ESTAT:NAMA_10_A10(1.0),Gross value added and income by main industry (NACE Rev.2 ) - annual data,A,Annual,CP_MEUR,"Current prices, million euro",F,Construction,B1G,"Value added, gross",FR,France,2025,,146958.1,,p,provisional,,
dataflow,ESTAT:NAMA_10_A10(1.0),Gross value added and income by main industry (NACE Rev.2 ) - annual data,A,Annual,CP_MEUR,"Current prices, million euro",F,Construction,B1G,"Value added, gross",HR,Croatia,1995,,851.7,,,,,
dataflow,ESTAT:NAMA_10_A10(1.0),Gross value added and income by main industry (NACE Rev.2 ) - annual data,A,Annual,CP_MEUR,"Current prices, million euro",F,Construction,B1G,"Value added, gross",HR,Croatia,1996,,1095.0,,,,,
dataflow,ESTAT:NAMA_10_A10(1.0),Gross value added and income by main industry (NACE Rev.2 ) - annual data,A,Annual,CP_MEUR,"Current prices, million euro",F,Construction,B1G,"Value added, gross",HR,Croatia,1997,,1329.1,,,,,
dataflow,ESTAT:NAMA_10_A10(1.0),Gross value added and income by main industry (NACE Rev.2 ) - annual data,A,Annual,CP_MEUR,"Current prices, million euro",F,Construction,B1G,"Value added, gross",HR,Croatia,1998,,1312.0,,,,,
dataflow,ESTAT:NAMA_10_A10(1.0),Gross value added and income by main industry (NACE Rev.2 ) - annual data,A,Annual,CP_MEUR,"Current prices, million euro",F,Construction,B1G,"Value added, gross",HR,Croatia,1999,,1007.5,,,,,
dataflow,ESTAT:NAMA_10_A10(1.0),Gross value added and income by main industry (NACE Rev.2 ) - annual data,A,Annual,CP_MEUR,"Current prices, million euro",F,Construction,B1G,"Value added, gross",HR,Croatia,2000,,949.8,,,,,
dataflow,ESTAT:NAMA_10_A10(1.0),Gross value added and income by main industry (NACE Rev.2 ) - annual data,A,Annual,CP_MEUR,"Current prices, million euro",F,Construction,B1G,"Value added, gross",HR,Croatia,2001,,1167.4,,,,,
dataflow,ESTAT:NAMA_10_A10(1.0),Gross value added and income by main industry (NACE Rev.2 ) - annual data,A,Annual,CP_MEUR,"Current prices, million euro",F,Construction,B1G,"Value added, gross",HR,Croatia,2002,,1294.0,,,,,
dataflow,ESTAT:NAMA_10_A10(1.0),Gross value added and income by main industry (NACE Rev.2 ) - annual data,A,Annual,CP_MEUR,"Current prices, million euro",F,Construction,B1G,"Value added, gross",HR,Croatia,2003,,1679.5,,,,,
dataflow,ESTAT:NAMA_10_A10(1.0),Gross value added and income by main industry (NACE Rev.2 ) - annual data,A,Annual,CP_MEUR,"Current prices, million euro",F,Construction,B1G,"Value added, gross",HR,Croatia,2004,,1894.0,,,,,
dataflow,ESTAT:NAMA_10_A10(1.0),Gross value added and income by main industry (NACE Rev.2 ) - annual data,A,Annual,CP_MEUR,"Current prices, million euro",F,Construction,B1G,"Value added, gross",HR,Croatia,2005,,2220.4,,,,,
dataflow,ESTAT:NAMA_10_A10(1.0),Gross value added and income by main industry (NACE Rev.2 ) - annual data,A,Annual,CP_MEUR,"Current prices, million euro",F,Construction,B1G,"Value added, gross",HR,Croatia,2006,,2532.3,,,,,
dataflow,ESTAT:NAMA_10_A10(1.0),Gross value added and income by main industry (NACE Rev.2 ) - annual data,A,Annual,CP_MEUR,"Current prices, million euro",F,Construction,B1G,"Value added, gross",HR,Croatia,2007,,2803.1,,,,,
dataflow,ESTAT:NAMA_10_A10(1.0),Gross value added and income by main industry (NACE Rev.2 ) - annual data,A,Annual,CP_MEUR,"Current prices, million euro",F,Construction,B1G,"Value added, gross",HR,Croatia,2008,,3177.5,,,,,
dataflow,ESTAT:NAMA_10_A10(1.0),Gross value added and income by main industry (NACE Rev.2 ) - annual data,A,Annual,CP_MEUR,"Current prices, million euro",F,Construction,B1G,"Value added, gross",HR,Croatia,2009,,2820.6,,,,,
dataflow,ESTAT:NAMA_10_A10(1.0),Gross value added and income by main industry (NACE Rev.2 ) - annual data,A,Annual,CP_MEUR,"Current prices, million euro",F,Construction,B1G,"Value added, gross",HR,Croatia,2010,,2122.2,,,,,
dataflow,ESTAT:NAMA_10_A10(1.0),Gross value added and income by main industry (NACE Rev.2 ) - annual data,A,Annual,CP_MEUR,"Current prices, million euro",F,Construction,B1G,"Value added, gross",HR,Croatia,2011,,1942.7,,,,,
dataflow,ESTAT:NAMA_10_A10(1.0),Gross value added and income by main industry (NACE Rev.2 ) - annual data,A,Annual,CP_MEUR,"Current prices, million euro",F,Construction,B1G,"Value added, gross",HR,Croatia,2012,,1627.2,,,,,
dataflow,ESTAT:NAMA_10_A10(1.0),Gross value added and income by main industry (NACE Rev.2 ) - annual data,A,Annual,CP_MEUR,"Current prices, million euro",F,Construction,B1G,"Value added, gross",HR,Croatia,2013,,1623.9,,,,,
dataflow,ESTAT:NAMA_10_A10(1.0),Gross value added and income by main industry (NACE Rev.2 ) - annual data,A,Annual,CP_MEUR,"Current prices, million euro",F,Construction,B1G,"Value added, gross",HR,Croatia,2014,,1592.0,,,,,
dataflow,ESTAT:NAMA_10_A10(1.0),Gross value added and income by main industry (NACE Rev.2 ) - annual data,A,Annual,CP_MEUR,"Current prices, million euro",F,Construction,B1G,"Value added, gross",HR,Croatia,2015,,1663.1,,,,,
dataflow,ESTAT:NAMA_10_A10(1.0),Gross value added and income by main industry (NACE Rev.2 ) - annual data,A,Annual,CP_MEUR,"Current prices, million euro",F,Construction,B1G,"Value added, gross",HR,Croatia,2016,,1787.7,,,,,
dataflow,ESTAT:NAMA_10_A10(1.0),Gross value added and income by main industry (NACE Rev.2 ) - annual data,A,Annual,CP_MEUR,"Current prices, million euro",F,Construction,B1G,"Value added, gross",HR,Croatia,2017,,1898.8,,,,,
dataflow,ESTAT:NAMA_10_A10(1.0),Gross value added and income by main industry (NACE Rev.2 ) - annual data,A,Annual,CP_MEUR,"Current prices, million euro",F,Construction,B1G,"Value added, gross",HR,Croatia,2018,,2169.9,,,,,
dataflow,ESTAT:NAMA_10_A10(1.0),Gross value added and income by main industry (NACE Rev.2 ) - annual data,A,Annual,CP_MEUR,"Current prices, million euro",F,Construction,B1G,"Value added, gross",HR,Croatia,2019,,2504.2,,,,,
dataflow,ESTAT:NAMA_10_A10(1.0),Gross value added and income by main industry (NACE Rev.2 ) - annual data,A,Annual,CP_MEUR,"Current prices, million euro",F,Construction,B1G,"Value added, gross",HR,Croatia,2020,,2560.7,,,,,
dataflow,ESTAT:NAMA_10_A10(1.0),Gross value added and income by main industry (NACE Rev.2 ) - annual data,A,Annual,CP_MEUR,"Current prices, million euro",F,Construction,B1G,"Value added, gross",HR,Croatia,2021,,2901.7,,,,,
dataflow,ESTAT:NAMA_10_A10(1.0),Gross value added and income by main industry (NACE Rev.2 ) - annual data,A,Annual,CP_MEUR,"Current prices, million euro",F,Construction,B1G,"Value added, gross",HR,Croatia,2022,,3347.4,,,,,
dataflow,ESTAT:NAMA_10_A10(1.0),Gross value added and income by main industry (NACE Rev.2 ) - annual data,A,Annual,CP_MEUR,"Current prices, million euro",F,Construction,B1G,"Value added, gross",HR,Croatia,2023,,4857.6,,,,,
dataflow,ESTAT:NAMA_10_A10(1.0),Gross value added and income by main industry (NACE Rev.2 ) - annual data,A,Annual,CP_MEUR,"Current prices, million euro",F,Construction,B1G,"Value added, gross",HR,Croatia,2024,,5452.7,,p,provisional,,
dataflow,ESTAT:NAMA_10_A10(1.0),Gross value added and income by main industry (NACE Rev.2 ) - annual data,A,Annual,CP_MEUR,"Current prices, million euro",F,Construction,B1G,"Value added, gross",HR,Croatia,2025,,6151.5,,p,provisional,,
dataflow,ESTAT:NAMA_10_A10(1.0),Gross value added and income by main industry (NACE Rev.2 ) - annual data,A,Annual,CP_MEUR,"Current prices, million euro",F,Construction,B1G,"Value added, gross",HU,Hungary,1995,,1498.2,,,,,
dataflow,ESTAT:NAMA_10_A10(1.0),Gross value added and income by main industry (NACE Rev.2 ) - annual data,A,Annual,CP_MEUR,"Current prices, million euro",F,Construction,B1G,"Value added, gross",HU,Hungary,1996,,1438.8,,,,,
dataflow,ESTAT:NAMA_10_A10(1.0),Gross value added and income by main industry (NACE Rev.2 ) - annual data,A,Annual,CP_MEUR,"Current prices, million euro",F,Construction,B1G,"Value added, gross",HU,Hungary,1997,,1746.8,,,,,
dataflow,ESTAT:NAMA_10_A10(1.0),Gross value added and income by main industry (NACE Rev.2 ) - annual data,A,Annual,CP_MEUR,"Current prices, million euro",F,Construction,B1G,"Value added, gross",HU,Hungary,1998,,1815.5,,,,,
dataflow,ESTAT:NAMA_10_A10(1.0),Gross value added and income by main industry (NACE Rev.2 ) - annual data,A,Annual,CP_MEUR,"Current prices, million euro",F,Construction,B1G,"Value added, gross",HU,Hungary,1999,,1962.4,,,,,
dataflow,ESTAT:NAMA_10_A10(1.0),Gross value added and income by main industry (NACE Rev.2 ) - annual data,A,Annual,CP_MEUR,"Current prices, million euro",F,Construction,B1G,"Value added, gross",HU,Hungary,2000,,2217.1,,,,,
dataflow,ESTAT:NAMA_10_A10(1.0),Gross value added and income by main industry (NACE Rev.2 ) - annual data,A,Annual,CP_MEUR,"Current prices, million euro",F,Construction,B1G,"Value added, gross",HU,Hungary,2001,,2805.4,,,,,
dataflow,ESTAT:NAMA_10_A10(1.0),Gross value added and income by main industry (NACE Rev.2 ) - annual data,A,Annual,CP_MEUR,"Current prices, million euro",F,Construction,B1G,"Value added, gross",HU,Hungary,2002,,3601.7,,,,,
dataflow,ESTAT:NAMA_10_A10(1.0),Gross value added and income by main industry (NACE Rev.2 ) - annual data,A,Annual,CP_MEUR,"Current prices, million euro",F,Construction,B1G,"Value added, gross",HU,Hungary,2003,,3523.1,,,,,
dataflow,ESTAT:NAMA_10_A10(1.0),Gross value added and income by main industry (NACE Rev.2 ) - annual data,A,Annual,CP_MEUR,"Current prices, million euro",F,Construction,B1G,"Value added, gross",HU,Hungary,2004,,3833.0,,,,,
dataflow,ESTAT:NAMA_10_A10(1.0),Gross value added and income by main industry (NACE Rev.2 ) - annual data,A,Annual,CP_MEUR,"Current prices, million euro",F,Construction,B1G,"Value added, gross",HU,Hungary,2005,,4509.7,,,,,
dataflow,ESTAT:NAMA_10_A10(1.0),Gross value added and income by main industry (NACE Rev.2 ) - annual data,A,Annual,CP_MEUR,"Current prices, million euro",F,Construction,B1G,"Value added, gross",HU,Hungary,2006,,4263.0,,,,,
dataflow,ESTAT:NAMA_10_A10(1.0),Gross value added and income by main industry (NACE Rev.2 ) - annual data,A,Annual,CP_MEUR,"Current prices, million euro",F,Construction,B1G,"Value added, gross",HU,Hungary,2007,,4324.6,,,,,
dataflow,ESTAT:NAMA_10_A10(1.0),Gross value added and income by main industry (NACE Rev.2 ) - annual data,A,Annual,CP_MEUR,"Current prices, million euro",F,Construction,B1G,"Value added, gross",HU,Hungary,2008,,4535.7,,,,,
dataflow,ESTAT:NAMA_10_A10(1.0),Gross value added and income by main industry (NACE Rev.2 ) - annual data,A,Annual,CP_MEUR,"Current prices, million euro",F,Construction,B1G,"Value added, gross",HU,Hungary,2009,,3889.8,,,,,
dataflow,ESTAT:NAMA_10_A10(1.0),Gross value added and income by main industry (NACE Rev.2 ) - annual data,A,Annual,CP_MEUR,"Current prices, million euro",F,Construction,B1G,"Value added, gross",HU,Hungary,2010,,3505.8,,,,,
dataflow,ESTAT:NAMA_10_A10(1.0),Gross value added and income by main industry (NACE Rev.2 ) - annual data,A,Annual,CP_MEUR,"Current prices, million euro",F,Construction,B1G,"Value added, gross",HU,Hungary,2011,,3502.7,,,,,
dataflow,ESTAT:NAMA_10_A10(1.0),Gross value added and income by main industry (NACE Rev.2 ) - annual data,A,Annual,CP_MEUR,"Current prices, million euro",F,Construction,B1G,"Value added, gross",HU,Hungary,2012,,3240.6,,,,,
dataflow,ESTAT:NAMA_10_A10(1.0),Gross value added and income by main industry (NACE Rev.2 ) - annual data,A,Annual,CP_MEUR,"Current prices, million euro",F,Construction,B1G,"Value added, gross",HU,Hungary,2013,,3492.2,,,,,
dataflow,ESTAT:NAMA_10_A10(1.0),Gross value added and income by main industry (NACE Rev.2 ) - annual data,A,Annual,CP_MEUR,"Current prices, million euro",F,Construction,B1G,"Value added, gross",HU,Hungary,2014,,3761.1,,,,,
dataflow,ESTAT:NAMA_10_A10(1.0),Gross value added and income by main industry (NACE Rev.2 ) - annual data,A,Annual,CP_MEUR,"Current prices, million euro",F,Construction,B1G,"Value added, gross",HU,Hungary,2015,,4006.2,,,,,
dataflow,ESTAT:NAMA_10_A10(1.0),Gross value added and income by main industry (NACE Rev.2 ) - annual data,A,Annual,CP_MEUR,"Current prices, million euro",F,Construction,B1G,"Value added, gross",HU,Hungary,2016,,3530.2,,,,,
dataflow,ESTAT:NAMA_10_A10(1.0),Gross value added and income by main industry (NACE Rev.2 ) - annual data,A,Annual,CP_MEUR,"Current prices, million euro",F,Construction,B1G,"Value added, gross",HU,Hungary,2017,,4591.5,,,,,
dataflow,ESTAT:NAMA_10_A10(1.0),Gross value added and income by main industry (NACE Rev.2 ) - annual data,A,Annual,CP_MEUR,"Current prices, million euro",F,Construction,B1G,"Value added, gross",HU,Hungary,2018,,5836.2,,,,,
dataflow,ESTAT:NAMA_10_A10(1.0),Gross value added and income by main industry (NACE Rev.2 ) - annual data,A,Annual,CP_MEUR,"Current prices, million euro",F,Construction,B1G,"Value added, gross",HU,Hungary,2019,,7192.7,,,,,
dataflow,ESTAT:NAMA_10_A10(1.0),Gross value added and income by main industry (NACE Rev.2 ) - annual data,A,Annual,CP_MEUR,"Current prices, million euro",F,Construction,B1G,"Value added, gross",HU,Hungary,2020,,6698.0,,,,,
dataflow,ESTAT:NAMA_10_A10(1.0),Gross value added and income by main industry (NACE Rev.2 ) - annual data,A,Annual,CP_MEUR,"Current prices, million euro",F,Construction,B1G,"Value added, gross",HU,Hungary,2021,,8052.4,,,,,
dataflow,ESTAT:NAMA_10_A10(1.0),Gross value added and income by main industry (NACE Rev.2 ) - annual data,A,Annual,CP_MEUR,"Current prices, million euro",F,Construction,B1G,"Value added, gross",HU,Hungary,2022,,9150.7,,,,,
dataflow,ESTAT:NAMA_10_A10(1.0),Gross value added and income by main industry (NACE Rev.2 ) - annual data,A,Annual,CP_MEUR,"Current prices, million euro",F,Construction,B1G,"Value added, gross",HU,Hungary,2023,,10443.1,,,,,
dataflow,ESTAT:NAMA_10_A10(1.0),Gross value added and income by main industry (NACE Rev.2 ) - annual data,A,Annual,CP_MEUR,"Current prices, million euro",F,Construction,B1G,"Value added, gross",HU,Hungary,2024,,10547.7,,,,,
dataflow,ESTAT:NAMA_10_A10(1.0),Gross value added and income by main industry (NACE Rev.2 ) - annual data,A,Annual,CP_MEUR,"Current prices, million euro",F,Construction,B1G,"Value added, gross",HU,Hungary,2025,,11367.5,,p,provisional,,
dataflow,ESTAT:NAMA_10_A10(1.0),Gross value added and income by main industry (NACE Rev.2 ) - annual data,A,Annual,CP_MEUR,"Current prices, million euro",F,Construction,B1G,"Value added, gross",IE,Ireland,1995,,2822.9,,,,,
dataflow,ESTAT:NAMA_10_A10(1.0),Gross value added and income by main industry (NACE Rev.2 ) - annual data,A,Annual,CP_MEUR,"Current prices, million euro",F,Construction,B1G,"Value added, gross",IE,Ireland,1996,,3162.4,,,,,
dataflow,ESTAT:NAMA_10_A10(1.0),Gross value added and income by main industry (NACE Rev.2 ) - annual data,A,Annual,CP_MEUR,"Current prices, million euro",F,Construction,B1G,"Value added, gross",IE,Ireland,1997,,3963.0,,,,,
dataflow,ESTAT:NAMA_10_A10(1.0),Gross value added and income by main industry (NACE Rev.2 ) - annual data,A,Annual,CP_MEUR,"Current prices, million euro",F,Construction,B1G,"Value added, gross",IE,Ireland,1998,,4604.5,,,,,
dataflow,ESTAT:NAMA_10_A10(1.0),Gross value added and income by main industry (NACE Rev.2 ) - annual data,A,Annual,CP_MEUR,"Current prices, million euro",F,Construction,B1G,"Value added, gross",IE,Ireland,1999,,5582.9,,,,,
dataflow,ESTAT:NAMA_10_A10(1.0),Gross value added and income by main industry (NACE Rev.2 ) - annual data,A,Annual,CP_MEUR,"Current prices, million euro",F,Construction,B1G,"Value added, gross",IE,Ireland,2000,,6931.0,,,,,
dataflow,ESTAT:NAMA_10_A10(1.0),Gross value added and income by main industry (NACE Rev.2 ) - annual data,A,Annual,CP_MEUR,"Current prices, million euro",F,Construction,B1G,"Value added, gross",IE,Ireland,2001,,8081.4,,,,,
dataflow,ESTAT:NAMA_10_A10(1.0),Gross value added and income by main industry (NACE Rev.2 ) - annual data,A,Annual,CP_MEUR,"Current prices, million euro",F,Construction,B1G,"Value added, gross",IE,Ireland,2002,,8671.8,,,,,
dataflow,ESTAT:NAMA_10_A10(1.0),Gross value added and income by main industry (NACE Rev.2 ) - annual data,A,Annual,CP_MEUR,"Current prices, million euro",F,Construction,B1G,"Value added, gross",IE,Ireland,2003,,9933.1,,,,,
dataflow,ESTAT:NAMA_10_A10(1.0),Gross value added and income by main industry (NACE Rev.2 ) - annual data,A,Annual,CP_MEUR,"Current prices, million euro",F,Construction,B1G,"Value added, gross",IE,Ireland,2004,,11947.1,,,,,
dataflow,ESTAT:NAMA_10_A10(1.0),Gross value added and income by main industry (NACE Rev.2 ) - annual data,A,Annual,CP_MEUR,"Current prices, million euro",F,Construction,B1G,"Value added, gross",IE,Ireland,2005,,14622.0,,,,,
dataflow,ESTAT:NAMA_10_A10(1.0),Gross value added and income by main industry (NACE Rev.2 ) - annual data,A,Annual,CP_MEUR,"Current prices, million euro",F,Construction,B1G,"Value added, gross",IE,Ireland,2006,,17365.0,,,,,
dataflow,ESTAT:NAMA_10_A10(1.0),Gross value added and income by main industry (NACE Rev.2 ) - annual data,A,Annual,CP_MEUR,"Current prices, million euro",F,Construction,B1G,"Value added, gross",IE,Ireland,2007,,16062.1,,,,,
dataflow,ESTAT:NAMA_10_A10(1.0),Gross value added and income by main industry (NACE Rev.2 ) - annual data,A,Annual,CP_MEUR,"Current prices, million euro",F,Construction,B1G,"Value added, gross",IE,Ireland,2008,,11049.2,,,,,
dataflow,ESTAT:NAMA_10_A10(1.0),Gross value added and income by main industry (NACE Rev.2 ) - annual data,A,Annual,CP_MEUR,"Current prices, million euro",F,Construction,B1G,"Value added, gross",IE,Ireland,2009,,4170.5,,,,,
dataflow,ESTAT:NAMA_10_A10(1.0),Gross value added and income by main industry (NACE Rev.2 ) - annual data,A,Annual,CP_MEUR,"Current prices, million euro",F,Construction,B1G,"Value added, gross",IE,Ireland,2010,,2342.3,,,,,
dataflow,ESTAT:NAMA_10_A10(1.0),Gross value added and income by main industry (NACE Rev.2 ) - annual data,A,Annual,CP_MEUR,"Current prices, million euro",F,Construction,B1G,"Value added, gross",IE,Ireland,2011,,2069.9,,,,,
dataflow,ESTAT:NAMA_10_A10(1.0),Gross value added and income by main industry (NACE Rev.2 ) - annual data,A,Annual,CP_MEUR,"Current prices, million euro",F,Construction,B1G,"Value added, gross",IE,Ireland,2012,,3037.4,,,,,
dataflow,ESTAT:NAMA_10_A10(1.0),Gross value added and income by main industry (NACE Rev.2 ) - annual data,A,Annual,CP_MEUR,"Current prices, million euro",F,Construction,B1G,"Value added, gross",IE,Ireland,2013,,3813.6,,,,,
dataflow,ESTAT:NAMA_10_A10(1.0),Gross value added and income by main industry (NACE Rev.2 ) - annual data,A,Annual,CP_MEUR,"Current prices, million euro",F,Construction,B1G,"Value added, gross",IE,Ireland,2014,,4792.8,,,,,
dataflow,ESTAT:NAMA_10_A10(1.0),Gross value added and income by main industry (NACE Rev.2 ) - annual data,A,Annual,CP_MEUR,"Current prices, million euro",F,Construction,B1G,"Value added, gross",IE,Ireland,2015,,5310.8,,,,,
dataflow,ESTAT:NAMA_10_A10(1.0),Gross value added and income by main industry (NACE Rev.2 ) - annual data,A,Annual,CP_MEUR,"Current prices, million euro",F,Construction,B1G,"Value added, gross",IE,Ireland,2016,,6188.5,,,,,
dataflow,ESTAT:NAMA_10_A10(1.0),Gross value added and income by main industry (NACE Rev.2 ) - annual data,A,Annual,CP_MEUR,"Current prices, million euro",F,Construction,B1G,"Value added, gross",IE,Ireland,2017,,8000.3,,,,,
dataflow,ESTAT:NAMA_10_A10(1.0),Gross value added and income by main industry (NACE Rev.2 ) - annual data,A,Annual,CP_MEUR,"Current prices, million euro",F,Construction,B1G,"Value added, gross",IE,Ireland,2018,,8645.3,,,,,
dataflow,ESTAT:NAMA_10_A10(1.0),Gross value added and income by main industry (NACE Rev.2 ) - annual data,A,Annual,CP_MEUR,"Current prices, million euro",F,Construction,B1G,"Value added, gross",IE,Ireland,2019,,9461.0,,,,,
dataflow,ESTAT:NAMA_10_A10(1.0),Gross value added and income by main industry (NACE Rev.2 ) - annual data,A,Annual,CP_MEUR,"Current prices, million euro",F,Construction,B1G,"Value added, gross",IE,Ireland,2020,,8699.9,,,,,
dataflow,ESTAT:NAMA_10_A10(1.0),Gross value added and income by main industry (NACE Rev.2 ) - annual data,A,Annual,CP_MEUR,"Current prices, million euro",F,Construction,B1G,"Value added, gross",IE,Ireland,2021,,10129.7,,,,,
dataflow,ESTAT:NAMA_10_A10(1.0),Gross value added and income by main industry (NACE Rev.2 ) - annual data,A,Annual,CP_MEUR,"Current prices, million euro",F,Construction,B1G,"Value added, gross",IE,Ireland,2022,,12242.5,,,,,
dataflow,ESTAT:NAMA_10_A10(1.0),Gross value added and income by main industry (NACE Rev.2 ) - annual data,A,Annual,CP_MEUR,"Current prices, million euro",F,Construction,B1G,"Value added, gross",IE,Ireland,2023,,13563.7,,,,,
dataflow,ESTAT:NAMA_10_A10(1.0),Gross value added and income by main industry (NACE Rev.2 ) - annual data,A,Annual,CP_MEUR,"Current prices, million euro",F,Construction,B1G,"Value added, gross",IE,Ireland,2024,,14312.0,,,,,
dataflow,ESTAT:NAMA_10_A10(1.0),Gross value added and income by main industry (NACE Rev.2 ) - annual data,A,Annual,CP_MEUR,"Current prices, million euro",F,Construction,B1G,"Value added, gross",IE,Ireland,2025,,15968.3,,,,,
dataflow,ESTAT:NAMA_10_A10(1.0),Gross value added and income by main industry (NACE Rev.2 ) - annual data,A,Annual,CP_MEUR,"Current prices, million euro",F,Construction,B1G,"Value added, gross",IT,Italy,1995,,42516.4,,,,,
dataflow,ESTAT:NAMA_10_A10(1.0),Gross value added and income by main industry (NACE Rev.2 ) - annual data,A,Annual,CP_MEUR,"Current prices, million euro",F,Construction,B1G,"Value added, gross",IT,Italy,1996,,48490.1,,,,,
dataflow,ESTAT:NAMA_10_A10(1.0),Gross value added and income by main industry (NACE Rev.2 ) - annual data,A,Annual,CP_MEUR,"Current prices, million euro",F,Construction,B1G,"Value added, gross",IT,Italy,1997,,49491.4,,,,,
dataflow,ESTAT:NAMA_10_A10(1.0),Gross value added and income by main industry (NACE Rev.2 ) - annual data,A,Annual,CP_MEUR,"Current prices, million euro",F,Construction,B1G,"Value added, gross",IT,Italy,1998,,48901.8,,,,,
dataflow,ESTAT:NAMA_10_A10(1.0),Gross value added and income by main industry (NACE Rev.2 ) - annual data,A,Annual,CP_MEUR,"Current prices, million euro",F,Construction,B1G,"Value added, gross",IT,Italy,1999,,50024.6,,,,,
dataflow,ESTAT:NAMA_10_A10(1.0),Gross value added and income by main industry (NACE Rev.2 ) - annual data,A,Annual,CP_MEUR,"Current prices, million euro",F,Construction,B1G,"Value added, gross",IT,Italy,2000,,53815.3,,,,,
dataflow,ESTAT:NAMA_10_A10(1.0),Gross value added and income by main industry (NACE Rev.2 ) - annual data,A,Annual,CP_MEUR,"Current prices, million euro",F,Construction,B1G,"Value added, gross",IT,Italy,2001,,59583.7,,,,,
dataflow,ESTAT:NAMA_10_A10(1.0),Gross value added and income by main industry (NACE Rev.2 ) - annual data,A,Annual,CP_MEUR,"Current prices, million euro",F,Construction,B1G,"Value added, gross",IT,Italy,2002,,64146.1,,,,,
dataflow,ESTAT:NAMA_10_A10(1.0),Gross value added and income by main industry (NACE Rev.2 ) - annual data,A,Annual,CP_MEUR,"Current prices, million euro",F,Construction,B1G,"Value added, gross",IT,Italy,2003,,69102.0,,,,,
dataflow,ESTAT:NAMA_10_A10(1.0),Gross value added and income by main industry (NACE Rev.2 ) - annual data,A,Annual,CP_MEUR,"Current prices, million euro",F,Construction,B1G,"Value added, gross",IT,Italy,2004,,74592.3,,,,,
dataflow,ESTAT:NAMA_10_A10(1.0),Gross value added and income by main industry (NACE Rev.2 ) - annual data,A,Annual,CP_MEUR,"Current prices, million euro",F,Construction,B1G,"Value added, gross",IT,Italy,2005,,79023.4,,,,,
dataflow,ESTAT:NAMA_10_A10(1.0),Gross value added and income by main industry (NACE Rev.2 ) - annual data,A,Annual,CP_MEUR,"Current prices, million euro",F,Construction,B1G,"Value added, gross",IT,Italy,2006,,82747.9,,,,,
dataflow,ESTAT:NAMA_10_A10(1.0),Gross value added and income by main industry (NACE Rev.2 ) - annual data,A,Annual,CP_MEUR,"Current prices, million euro",F,Construction,B1G,"Value added, gross",IT,Italy,2007,,86465.4,,,,,
dataflow,ESTAT:NAMA_10_A10(1.0),Gross value added and income by main industry (NACE Rev.2 ) - annual data,A,Annual,CP_MEUR,"Current prices, million euro",F,Construction,B1G,"Value added, gross",IT,Italy,2008,,88805.8,,,,,
dataflow,ESTAT:NAMA_10_A10(1.0),Gross value added and income by main industry (NACE Rev.2 ) - annual data,A,Annual,CP_MEUR,"Current prices, million euro",F,Construction,B1G,"Value added, gross",IT,Italy,2009,,84270.4,,,,,
dataflow,ESTAT:NAMA_10_A10(1.0),Gross value added and income by main industry (NACE Rev.2 ) - annual data,A,Annual,CP_MEUR,"Current prices, million euro",F,Construction,B1G,"Value added, gross",IT,Italy,2010,,80291.7,,,,,
dataflow,ESTAT:NAMA_10_A10(1.0),Gross value added and income by main industry (NACE Rev.2 ) - annual data,A,Annual,CP_MEUR,"Current prices, million euro",F,Construction,B1G,"Value added, gross",IT,Italy,2011,,81533.5,,,,,
dataflow,ESTAT:NAMA_10_A10(1.0),Gross value added and income by main industry (NACE Rev.2 ) - annual data,A,Annual,CP_MEUR,"Current prices, million euro",F,Construction,B1G,"Value added, gross",IT,Italy,2012,,75509.6,,,,,
dataflow,ESTAT:NAMA_10_A10(1.0),Gross value added and income by main industry (NACE Rev.2 ) - annual data,A,Annual,CP_MEUR,"Current prices, million euro",F,Construction,B1G,"Value added, gross",IT,Italy,2013,,70440.3,,,,,
dataflow,ESTAT:NAMA_10_A10(1.0),Gross value added and income by main industry (NACE Rev.2 ) - annual data,A,Annual,CP_MEUR,"Current prices, million euro",F,Construction,B1G,"Value added, gross",IT,Italy,2014,,64357.2,,,,,
dataflow,ESTAT:NAMA_10_A10(1.0),Gross value added and income by main industry (NACE Rev.2 ) - annual data,A,Annual,CP_MEUR,"Current prices, million euro",F,Construction,B1G,"Value added, gross",IT,Italy,2015,,63469.7,,,,,
dataflow,ESTAT:NAMA_10_A10(1.0),Gross value added and income by main industry (NACE Rev.2 ) - annual data,A,Annual,CP_MEUR,"Current prices, million euro",F,Construction,B1G,"Value added, gross",IT,Italy,2016,,64483.8,,,,,
dataflow,ESTAT:NAMA_10_A10(1.0),Gross value added and income by main industry (NACE Rev.2 ) - annual data,A,Annual,CP_MEUR,"Current prices, million euro",F,Construction,B1G,"Value added, gross",IT,Italy,2017,,65500.3,,,,,
dataflow,ESTAT:NAMA_10_A10(1.0),Gross value added and income by main industry (NACE Rev.2 ) - annual data,A,Annual,CP_MEUR,"Current prices, million euro",F,Construction,B1G,"Value added, gross",IT,Italy,2018,,66588.9,,,,,
dataflow,ESTAT:NAMA_10_A10(1.0),Gross value added and income by main industry (NACE Rev.2 ) - annual data,A,Annual,CP_MEUR,"Current prices, million euro",F,Construction,B1G,"Value added, gross",IT,Italy,2019,,69190.8,,,,,
dataflow,ESTAT:NAMA_10_A10(1.0),Gross value added and income by main industry (NACE Rev.2 ) - annual data,A,Annual,CP_MEUR,"Current prices, million euro",F,Construction,B1G,"Value added, gross",IT,Italy,2020,,65962.9,,,,,
dataflow,ESTAT:NAMA_10_A10(1.0),Gross value added and income by main industry (NACE Rev.2 ) - annual data,A,Annual,CP_MEUR,"Current prices, million euro",F,Construction,B1G,"Value added, gross",IT,Italy,2021,,85329.4,,,,,
dataflow,ESTAT:NAMA_10_A10(1.0),Gross value added and income by main industry (NACE Rev.2 ) - annual data,A,Annual,CP_MEUR,"Current prices, million euro",F,Construction,B1G,"Value added, gross",IT,Italy,2022,,102168.9,,,,,
dataflow,ESTAT:NAMA_10_A10(1.0),Gross value added and income by main industry (NACE Rev.2 ) - annual data,A,Annual,CP_MEUR,"Current prices, million euro",F,Construction,B1G,"Value added, gross",IT,Italy,2023,,116675.7,,,,,
dataflow,ESTAT:NAMA_10_A10(1.0),Gross value added and income by main industry (NACE Rev.2 ) - annual data,A,Annual,CP_MEUR,"Current prices, million euro",F,Construction,B1G,"Value added, gross",IT,Italy,2024,,110868.6,,,,,
dataflow,ESTAT:NAMA_10_A10(1.0),Gross value added and income by main industry (NACE Rev.2 ) - annual data,A,Annual,CP_MEUR,"Current prices, million euro",F,Construction,B1G,"Value added, gross",IT,Italy,2025,,114397.3,,,,,
dataflow,ESTAT:NAMA_10_A10(1.0),Gross value added and income by main industry (NACE Rev.2 ) - annual data,A,Annual,CP_MEUR,"Current prices, million euro",F,Construction,B1G,"Value added, gross",LT,Lithuania,1995,,324.3,,,,,
dataflow,ESTAT:NAMA_10_A10(1.0),Gross value added and income by main industry (NACE Rev.2 ) - annual data,A,Annual,CP_MEUR,"Current prices, million euro",F,Construction,B1G,"Value added, gross",LT,Lithuania,1996,,403.5,,,,,
dataflow,ESTAT:NAMA_10_A10(1.0),Gross value added and income by main industry (NACE Rev.2 ) - annual data,A,Annual,CP_MEUR,"Current prices, million euro",F,Construction,B1G,"Value added, gross",LT,Lithuania,1997,,590.5,,,,,
dataflow,ESTAT:NAMA_10_A10(1.0),Gross value added and income by main industry (NACE Rev.2 ) - annual data,A,Annual,CP_MEUR,"Current prices, million euro",F,Construction,B1G,"Value added, gross",LT,Lithuania,1998,,732.1,,,,,
dataflow,ESTAT:NAMA_10_A10(1.0),Gross value added and income by main industry (NACE Rev.2 ) - annual data,A,Annual,CP_MEUR,"Current prices, million euro",F,Construction,B1G,"Value added, gross",LT,Lithuania,1999,,686.4,,,,,
dataflow,ESTAT:NAMA_10_A10(1.0),Gross value added and income by main industry (NACE Rev.2 ) - annual data,A,Annual,CP_MEUR,"Current prices, million euro",F,Construction,B1G,"Value added, gross",LT,Lithuania,2000,,664.5,,,,,
dataflow,ESTAT:NAMA_10_A10(1.0),Gross value added and income by main industry (NACE Rev.2 ) - annual data,A,Annual,CP_MEUR,"Current prices, million euro",F,Construction,B1G,"Value added, gross",LT,Lithuania,2001,,724.3,,,,,
dataflow,ESTAT:NAMA_10_A10(1.0),Gross value added and income by main industry (NACE Rev.2 ) - annual data,A,Annual,CP_MEUR,"Current prices, million euro",F,Construction,B1G,"Value added, gross",LT,Lithuania,2002,,852.1,,,,,
dataflow,ESTAT:NAMA_10_A10(1.0),Gross value added and income by main industry (NACE Rev.2 ) - annual data,A,Annual,CP_MEUR,"Current prices, million euro",F,Construction,B1G,"Value added, gross",LT,Lithuania,2003,,1037.6,,,,,
dataflow,ESTAT:NAMA_10_A10(1.0),Gross value added and income by main industry (NACE Rev.2 ) - annual data,A,Annual,CP_MEUR,"Current prices, million euro",F,Construction,B1G,"Value added, gross",LT,Lithuania,2004,,1195.5,,,,,
dataflow,ESTAT:NAMA_10_A10(1.0),Gross value added and income by main industry (NACE Rev.2 ) - annual data,A,Annual,CP_MEUR,"Current prices, million euro",F,Construction,B1G,"Value added, gross",LT,Lithuania,2005,,1480.6,,,,,
dataflow,ESTAT:NAMA_10_A10(1.0),Gross value added and income by main industry (NACE Rev.2 ) - annual data,A,Annual,CP_MEUR,"Current prices, million euro",F,Construction,B1G,"Value added, gross",LT,Lithuania,2006,,2055.6,,,,,
dataflow,ESTAT:NAMA_10_A10(1.0),Gross value added and income by main industry (NACE Rev.2 ) - annual data,A,Annual,CP_MEUR,"Current prices, million euro",F,Construction,B1G,"Value added, gross",LT,Lithuania,2007,,2915.8,,,,,
dataflow,ESTAT:NAMA_10_A10(1.0),Gross value added and income by main industry (NACE Rev.2 ) - annual data,A,Annual,CP_MEUR,"Current prices, million euro",F,Construction,B1G,"Value added, gross",LT,Lithuania,2008,,3285.6,,,,,
dataflow,ESTAT:NAMA_10_A10(1.0),Gross value added and income by main industry (NACE Rev.2 ) - annual data,A,Annual,CP_MEUR,"Current prices, million euro",F,Construction,B1G,"Value added, gross",LT,Lithuania,2009,,1601.0,,,,,
dataflow,ESTAT:NAMA_10_A10(1.0),Gross value added and income by main industry (NACE Rev.2 ) - annual data,A,Annual,CP_MEUR,"Current prices, million euro",F,Construction,B1G,"Value added, gross",LT,Lithuania,2010,,1466.3,,,,,
dataflow,ESTAT:NAMA_10_A10(1.0),Gross value added and income by main industry (NACE Rev.2 ) - annual data,A,Annual,CP_MEUR,"Current prices, million euro",F,Construction,B1G,"Value added, gross",LT,Lithuania,2011,,1884.7,,,,,
dataflow,ESTAT:NAMA_10_A10(1.0),Gross value added and income by main industry (NACE Rev.2 ) - annual data,A,Annual,CP_MEUR,"Current prices, million euro",F,Construction,B1G,"Value added, gross",LT,Lithuania,2012,,1861.5,,,,,
dataflow,ESTAT:NAMA_10_A10(1.0),Gross value added and income by main industry (NACE Rev.2 ) - annual data,A,Annual,CP_MEUR,"Current prices, million euro",F,Construction,B1G,"Value added, gross",LT,Lithuania,2013,,2119.1,,,,,
dataflow,ESTAT:NAMA_10_A10(1.0),Gross value added and income by main industry (NACE Rev.2 ) - annual data,A,Annual,CP_MEUR,"Current prices, million euro",F,Construction,B1G,"Value added, gross",LT,Lithuania,2014,,2464.7,,,,,
dataflow,ESTAT:NAMA_10_A10(1.0),Gross value added and income by main industry (NACE Rev.2 ) - annual data,A,Annual,CP_MEUR,"Current prices, million euro",F,Construction,B1G,"Value added, gross",LT,Lithuania,2015,,2514.9,,,,,
dataflow,ESTAT:NAMA_10_A10(1.0),Gross value added and income by main industry (NACE Rev.2 ) - annual data,A,Annual,CP_MEUR,"Current prices, million euro",F,Construction,B1G,"Value added, gross",LT,Lithuania,2016,,2367.7,,,,,
dataflow,ESTAT:NAMA_10_A10(1.0),Gross value added and income by main industry (NACE Rev.2 ) - annual data,A,Annual,CP_MEUR,"Current prices, million euro",F,Construction,B1G,"Value added, gross",LT,Lithuania,2017,,2531.3,,,,,
dataflow,ESTAT:NAMA_10_A10(1.0),Gross value added and income by main industry (NACE Rev.2 ) - annual data,A,Annual,CP_MEUR,"Current prices, million euro",F,Construction,B1G,"Value added, gross",LT,Lithuania,2018,,2882.2,,,,,
dataflow,ESTAT:NAMA_10_A10(1.0),Gross value added and income by main industry (NACE Rev.2 ) - annual data,A,Annual,CP_MEUR,"Current prices, million euro",F,Construction,B1G,"Value added, gross",LT,Lithuania,2019,,3237.2,,,,,
dataflow,ESTAT:NAMA_10_A10(1.0),Gross value added and income by main industry (NACE Rev.2 ) - annual data,A,Annual,CP_MEUR,"Current prices, million euro",F,Construction,B1G,"Value added, gross",LT,Lithuania,2020,,3277.0,,,,,
dataflow,ESTAT:NAMA_10_A10(1.0),Gross value added and income by main industry (NACE Rev.2 ) - annual data,A,Annual,CP_MEUR,"Current prices, million euro",F,Construction,B1G,"Value added, gross",LT,Lithuania,2021,,3582.3,,,,,
dataflow,ESTAT:NAMA_10_A10(1.0),Gross value added and income by main industry (NACE Rev.2 ) - annual data,A,Annual,CP_MEUR,"Current prices, million euro",F,Construction,B1G,"Value added, gross",LT,Lithuania,2022,,4191.5,,,,,
dataflow,ESTAT:NAMA_10_A10(1.0),Gross value added and income by main industry (NACE Rev.2 ) - annual data,A,Annual,CP_MEUR,"Current prices, million euro",F,Construction,B1G,"Value added, gross",LT,Lithuania,2023,,4943.8,,,,,
dataflow,ESTAT:NAMA_10_A10(1.0),Gross value added and income by main industry (NACE Rev.2 ) - annual data,A,Annual,CP_MEUR,"Current prices, million euro",F,Construction,B1G,"Value added, gross",LT,Lithuania,2024,,5398.9,,,,,
dataflow,ESTAT:NAMA_10_A10(1.0),Gross value added and income by main industry (NACE Rev.2 ) - annual data,A,Annual,CP_MEUR,"Current prices, million euro",F,Construction,B1G,"Value added, gross",LT,Lithuania,2025,,5622.4,,,,,
dataflow,ESTAT:NAMA_10_A10(1.0),Gross value added and income by main industry (NACE Rev.2 ) - annual data,A,Annual,CP_MEUR,"Current prices, million euro",F,Construction,B1G,"Value added, gross",LU,Luxembourg,1995,,950.4,,,,,
dataflow,ESTAT:NAMA_10_A10(1.0),Gross value added and income by main industry (NACE Rev.2 ) - annual data,A,Annual,CP_MEUR,"Current prices, million euro",F,Construction,B1G,"Value added, gross",LU,Luxembourg,1996,,953.7,,,,,
dataflow,ESTAT:NAMA_10_A10(1.0),Gross value added and income by main industry (NACE Rev.2 ) - annual data,A,Annual,CP_MEUR,"Current prices, million euro",F,Construction,B1G,"Value added, gross",LU,Luxembourg,1997,,990.0,,,,,
dataflow,ESTAT:NAMA_10_A10(1.0),Gross value added and income by main industry (NACE Rev.2 ) - annual data,A,Annual,CP_MEUR,"Current prices, million euro",F,Construction,B1G,"Value added, gross",LU,Luxembourg,1998,,1081.1,,,,,
dataflow,ESTAT:NAMA_10_A10(1.0),Gross value added and income by main industry (NACE Rev.2 ) - annual data,A,Annual,CP_MEUR,"Current prices, million euro",F,Construction,B1G,"Value added, gross",LU,Luxembourg,1999,,1182.0,,,,,
dataflow,ESTAT:NAMA_10_A10(1.0),Gross value added and income by main industry (NACE Rev.2 ) - annual data,A,Annual,CP_MEUR,"Current prices, million euro",F,Construction,B1G,"Value added, gross",LU,Luxembourg,2000,,1257.0,,,,,
dataflow,ESTAT:NAMA_10_A10(1.0),Gross value added and income by main industry (NACE Rev.2 ) - annual data,A,Annual,CP_MEUR,"Current prices, million euro",F,Construction,B1G,"Value added, gross",LU,Luxembourg,2001,,1338.2,,,,,
dataflow,ESTAT:NAMA_10_A10(1.0),Gross value added and income by main industry (NACE Rev.2 ) - annual data,A,Annual,CP_MEUR,"Current prices, million euro",F,Construction,B1G,"Value added, gross",LU,Luxembourg,2002,,1446.0,,,,,
dataflow,ESTAT:NAMA_10_A10(1.0),Gross value added and income by main industry (NACE Rev.2 ) - annual data,A,Annual,CP_MEUR,"Current prices, million euro",F,Construction,B1G,"Value added, gross",LU,Luxembourg,2003,,1487.4,,,,,
dataflow,ESTAT:NAMA_10_A10(1.0),Gross value added and income by main industry (NACE Rev.2 ) - annual data,A,Annual,CP_MEUR,"Current prices, million euro",F,Construction,B1G,"Value added, gross",LU,Luxembourg,2004,,1548.0,,,,,
dataflow,ESTAT:NAMA_10_A10(1.0),Gross value added and income by main industry (NACE Rev.2 ) - annual data,A,Annual,CP_MEUR,"Current prices, million euro",F,Construction,B1G,"Value added, gross",LU,Luxembourg,2005,,1524.0,,,,,
dataflow,ESTAT:NAMA_10_A10(1.0),Gross value added and income by main industry (NACE Rev.2 ) - annual data,A,Annual,CP_MEUR,"Current prices, million euro",F,Construction,B1G,"Value added, gross",LU,Luxembourg,2006,,1674.5,,,,,
dataflow,ESTAT:NAMA_10_A10(1.0),Gross value added and income by main industry (NACE Rev.2 ) - annual data,A,Annual,CP_MEUR,"Current prices, million euro",F,Construction,B1G,"Value added, gross",LU,Luxembourg,2007,,1920.8,,,,,
dataflow,ESTAT:NAMA_10_A10(1.0),Gross value added and income by main industry (NACE Rev.2 ) - annual data,A,Annual,CP_MEUR,"Current prices, million euro",F,Construction,B1G,"Value added, gross",LU,Luxembourg,2008,,1954.2,,,,,
dataflow,ESTAT:NAMA_10_A10(1.0),Gross value added and income by main industry (NACE Rev.2 ) - annual data,A,Annual,CP_MEUR,"Current prices, million euro",F,Construction,B1G,"Value added, gross",LU,Luxembourg,2009,,1917.1,,,,,
dataflow,ESTAT:NAMA_10_A10(1.0),Gross value added and income by main industry (NACE Rev.2 ) - annual data,A,Annual,CP_MEUR,"Current prices, million euro",F,Construction,B1G,"Value added, gross",LU,Luxembourg,2010,,2006.8,,,,,
dataflow,ESTAT:NAMA_10_A10(1.0),Gross value added and income by main industry (NACE Rev.2 ) - annual data,A,Annual,CP_MEUR,"Current prices, million euro",F,Construction,B1G,"Value added, gross",LU,Luxembourg,2011,,2045.7,,,,,
dataflow,ESTAT:NAMA_10_A10(1.0),Gross value added and income by main industry (NACE Rev.2 ) - annual data,A,Annual,CP_MEUR,"Current prices, million euro",F,Construction,B1G,"Value added, gross",LU,Luxembourg,2012,,2198.8,,,,,
dataflow,ESTAT:NAMA_10_A10(1.0),Gross value added and income by main industry (NACE Rev.2 ) - annual data,A,Annual,CP_MEUR,"Current prices, million euro",F,Construction,B1G,"Value added, gross",LU,Luxembourg,2013,,2289.8,,,,,
dataflow,ESTAT:NAMA_10_A10(1.0),Gross value added and income by main industry (NACE Rev.2 ) - annual data,A,Annual,CP_MEUR,"Current prices, million euro",F,Construction,B1G,"Value added, gross",LU,Luxembourg,2014,,2477.4,,,,,
dataflow,ESTAT:NAMA_10_A10(1.0),Gross value added and income by main industry (NACE Rev.2 ) - annual data,A,Annual,CP_MEUR,"Current prices, million euro",F,Construction,B1G,"Value added, gross",LU,Luxembourg,2015,,2584.5,,,,,
dataflow,ESTAT:NAMA_10_A10(1.0),Gross value added and income by main industry (NACE Rev.2 ) - annual data,A,Annual,CP_MEUR,"Current prices, million euro",F,Construction,B1G,"Value added, gross",LU,Luxembourg,2016,,2797.6,,,,,
dataflow,ESTAT:NAMA_10_A10(1.0),Gross value added and income by main industry (NACE Rev.2 ) - annual data,A,Annual,CP_MEUR,"Current prices, million euro",F,Construction,B1G,"Value added, gross",LU,Luxembourg,2017,,2806.3,,,,,
dataflow,ESTAT:NAMA_10_A10(1.0),Gross value added and income by main industry (NACE Rev.2 ) - annual data,A,Annual,CP_MEUR,"Current prices, million euro",F,Construction,B1G,"Value added, gross",LU,Luxembourg,2018,,2898.9,,,,,
dataflow,ESTAT:NAMA_10_A10(1.0),Gross value added and income by main industry (NACE Rev.2 ) - annual data,A,Annual,CP_MEUR,"Current prices, million euro",F,Construction,B1G,"Value added, gross",LU,Luxembourg,2019,,3328.1,,,,,
dataflow,ESTAT:NAMA_10_A10(1.0),Gross value added and income by main industry (NACE Rev.2 ) - annual data,A,Annual,CP_MEUR,"Current prices, million euro",F,Construction,B1G,"Value added, gross",LU,Luxembourg,2020,,3327.1,,,,,
dataflow,ESTAT:NAMA_10_A10(1.0),Gross value added and income by main industry (NACE Rev.2 ) - annual data,A,Annual,CP_MEUR,"Current prices, million euro",F,Construction,B1G,"Value added, gross",LU,Luxembourg,2021,,3503.0,,,,,
dataflow,ESTAT:NAMA_10_A10(1.0),Gross value added and income by main industry (NACE Rev.2 ) - annual data,A,Annual,CP_MEUR,"Current prices, million euro",F,Construction,B1G,"Value added, gross",LU,Luxembourg,2022,,3163.2,,,,,
dataflow,ESTAT:NAMA_10_A10(1.0),Gross value added and income by main industry (NACE Rev.2 ) - annual data,A,Annual,CP_MEUR,"Current prices, million euro",F,Construction,B1G,"Value added, gross",LU,Luxembourg,2023,,3371.8,,,,,
dataflow,ESTAT:NAMA_10_A10(1.0),Gross value added and income by main industry (NACE Rev.2 ) - annual data,A,Annual,CP_MEUR,"Current prices, million euro",F,Construction,B1G,"Value added, gross",LU,Luxembourg,2024,,3848.8,,,,,
dataflow,ESTAT:NAMA_10_A10(1.0),Gross value added and income by main industry (NACE Rev.2 ) - annual data,A,Annual,CP_MEUR,"Current prices, million euro",F,Construction,B1G,"Value added, gross",LU,Luxembourg,2025,,3837.0,,p,provisional,,
dataflow,ESTAT:NAMA_10_A10(1.0),Gross value added and income by main industry (NACE Rev.2 ) - annual data,A,Annual,CP_MEUR,"Current prices, million euro",F,Construction,B1G,"Value added, gross",LV,Latvia,1995,,171.4,,,,,
dataflow,ESTAT:NAMA_10_A10(1.0),Gross value added and income by main industry (NACE Rev.2 ) - annual data,A,Annual,CP_MEUR,"Current prices, million euro",F,Construction,B1G,"Value added, gross",LV,Latvia,1996,,188.1,,,,,
dataflow,ESTAT:NAMA_10_A10(1.0),Gross value added and income by main industry (NACE Rev.2 ) - annual data,A,Annual,CP_MEUR,"Current prices, million euro",F,Construction,B1G,"Value added, gross",LV,Latvia,1997,,242.2,,,,,
dataflow,ESTAT:NAMA_10_A10(1.0),Gross value added and income by main industry (NACE Rev.2 ) - annual data,A,Annual,CP_MEUR,"Current prices, million euro",F,Construction,B1G,"Value added, gross",LV,Latvia,1998,,361.6,,,,,
dataflow,ESTAT:NAMA_10_A10(1.0),Gross value added and income by main industry (NACE Rev.2 ) - annual data,A,Annual,CP_MEUR,"Current prices, million euro",F,Construction,B1G,"Value added, gross",LV,Latvia,1999,,442.5,,,,,
dataflow,ESTAT:NAMA_10_A10(1.0),Gross value added and income by main industry (NACE Rev.2 ) - annual data,A,Annual,CP_MEUR,"Current prices, million euro",F,Construction,B1G,"Value added, gross",LV,Latvia,2000,,538.9,,,,,
dataflow,ESTAT:NAMA_10_A10(1.0),Gross value added and income by main industry (NACE Rev.2 ) - annual data,A,Annual,CP_MEUR,"Current prices, million euro",F,Construction,B1G,"Value added, gross",LV,Latvia,2001,,519.6,,,,,
dataflow,ESTAT:NAMA_10_A10(1.0),Gross value added and income by main industry (NACE Rev.2 ) - annual data,A,Annual,CP_MEUR,"Current prices, million euro",F,Construction,B1G,"Value added, gross",LV,Latvia,2002,,577.0,,,,,
dataflow,ESTAT:NAMA_10_A10(1.0),Gross value added and income by main industry (NACE Rev.2 ) - annual data,A,Annual,CP_MEUR,"Current prices, million euro",F,Construction,B1G,"Value added, gross",LV,Latvia,2003,,579.5,,,,,
dataflow,ESTAT:NAMA_10_A10(1.0),Gross value added and income by main industry (NACE Rev.2 ) - annual data,A,Annual,CP_MEUR,"Current prices, million euro",F,Construction,B1G,"Value added, gross",LV,Latvia,2004,,684.5,,,,,
dataflow,ESTAT:NAMA_10_A10(1.0),Gross value added and income by main industry (NACE Rev.2 ) - annual data,A,Annual,CP_MEUR,"Current prices, million euro",F,Construction,B1G,"Value added, gross",LV,Latvia,2005,,826.9,,,,,
dataflow,ESTAT:NAMA_10_A10(1.0),Gross value added and income by main industry (NACE Rev.2 ) - annual data,A,Annual,CP_MEUR,"Current prices, million euro",F,Construction,B1G,"Value added, gross",LV,Latvia,2006,,1308.0,,,,,
dataflow,ESTAT:NAMA_10_A10(1.0),Gross value added and income by main industry (NACE Rev.2 ) - annual data,A,Annual,CP_MEUR,"Current prices, million euro",F,Construction,B1G,"Value added, gross",LV,Latvia,2007,,2042.6,,,,,
dataflow,ESTAT:NAMA_10_A10(1.0),Gross value added and income by main industry (NACE Rev.2 ) - annual data,A,Annual,CP_MEUR,"Current prices, million euro",F,Construction,B1G,"Value added, gross",LV,Latvia,2008,,2238.6,,,,,
dataflow,ESTAT:NAMA_10_A10(1.0),Gross value added and income by main industry (NACE Rev.2 ) - annual data,A,Annual,CP_MEUR,"Current prices, million euro",F,Construction,B1G,"Value added, gross",LV,Latvia,2009,,1328.1,,,,,
dataflow,ESTAT:NAMA_10_A10(1.0),Gross value added and income by main industry (NACE Rev.2 ) - annual data,A,Annual,CP_MEUR,"Current prices, million euro",F,Construction,B1G,"Value added, gross",LV,Latvia,2010,,771.3,,,,,
dataflow,ESTAT:NAMA_10_A10(1.0),Gross value added and income by main industry (NACE Rev.2 ) - annual data,A,Annual,CP_MEUR,"Current prices, million euro",F,Construction,B1G,"Value added, gross",LV,Latvia,2011,,980.0,,,,,
dataflow,ESTAT:NAMA_10_A10(1.0),Gross value added and income by main industry (NACE Rev.2 ) - annual data,A,Annual,CP_MEUR,"Current prices, million euro",F,Construction,B1G,"Value added, gross",LV,Latvia,2012,,1177.5,,,,,
dataflow,ESTAT:NAMA_10_A10(1.0),Gross value added and income by main industry (NACE Rev.2 ) - annual data,A,Annual,CP_MEUR,"Current prices, million euro",F,Construction,B1G,"Value added, gross",LV,Latvia,2013,,1245.4,,,,,
dataflow,ESTAT:NAMA_10_A10(1.0),Gross value added and income by main industry (NACE Rev.2 ) - annual data,A,Annual,CP_MEUR,"Current prices, million euro",F,Construction,B1G,"Value added, gross",LV,Latvia,2014,,1295.5,,,,,
dataflow,ESTAT:NAMA_10_A10(1.0),Gross value added and income by main industry (NACE Rev.2 ) - annual data,A,Annual,CP_MEUR,"Current prices, million euro",F,Construction,B1G,"Value added, gross",LV,Latvia,2015,,1309.1,,,,,
dataflow,ESTAT:NAMA_10_A10(1.0),Gross value added and income by main industry (NACE Rev.2 ) - annual data,A,Annual,CP_MEUR,"Current prices, million euro",F,Construction,B1G,"Value added, gross",LV,Latvia,2016,,1177.5,,,,,
dataflow,ESTAT:NAMA_10_A10(1.0),Gross value added and income by main industry (NACE Rev.2 ) - annual data,A,Annual,CP_MEUR,"Current prices, million euro",F,Construction,B1G,"Value added, gross",LV,Latvia,2017,,1379.6,,,,,
dataflow,ESTAT:NAMA_10_A10(1.0),Gross value added and income by main industry (NACE Rev.2 ) - annual data,A,Annual,CP_MEUR,"Current prices, million euro",F,Construction,B1G,"Value added, gross",LV,Latvia,2018,,1609.8,,,,,
dataflow,ESTAT:NAMA_10_A10(1.0),Gross value added and income by main industry (NACE Rev.2 ) - annual data,A,Annual,CP_MEUR,"Current prices, million euro",F,Construction,B1G,"Value added, gross",LV,Latvia,2019,,1733.4,,,,,
dataflow,ESTAT:NAMA_10_A10(1.0),Gross value added and income by main industry (NACE Rev.2 ) - annual data,A,Annual,CP_MEUR,"Current prices, million euro",F,Construction,B1G,"Value added, gross",LV,Latvia,2020,,1681.0,,,,,
dataflow,ESTAT:NAMA_10_A10(1.0),Gross value added and income by main industry (NACE Rev.2 ) - annual data,A,Annual,CP_MEUR,"Current prices, million euro",F,Construction,B1G,"Value added, gross",LV,Latvia,2021,,1552.4,,,,,
dataflow,ESTAT:NAMA_10_A10(1.0),Gross value added and income by main industry (NACE Rev.2 ) - annual data,A,Annual,CP_MEUR,"Current prices, million euro",F,Construction,B1G,"Value added, gross",LV,Latvia,2022,,1812.0,,,,,
dataflow,ESTAT:NAMA_10_A10(1.0),Gross value added and income by main industry (NACE Rev.2 ) - annual data,A,Annual,CP_MEUR,"Current prices, million euro",F,Construction,B1G,"Value added, gross",LV,Latvia,2023,,2128.4,,,,,
dataflow,ESTAT:NAMA_10_A10(1.0),Gross value added and income by main industry (NACE Rev.2 ) - annual data,A,Annual,CP_MEUR,"Current prices, million euro",F,Construction,B1G,"Value added, gross",LV,Latvia,2024,,2105.8,,,,,
dataflow,ESTAT:NAMA_10_A10(1.0),Gross value added and income by main industry (NACE Rev.2 ) - annual data,A,Annual,CP_MEUR,"Current prices, million euro",F,Construction,B1G,"Value added, gross",LV,Latvia,2025,,2373.7,,,,,
dataflow,ESTAT:NAMA_10_A10(1.0),Gross value added and income by main industry (NACE Rev.2 ) - annual data,A,Annual,CP_MEUR,"Current prices, million euro",F,Construction,B1G,"Value added, gross",MT,Malta,1995,,161.2,,,,,
dataflow,ESTAT:NAMA_10_A10(1.0),Gross value added and income by main industry (NACE Rev.2 ) - annual data,A,Annual,CP_MEUR,"Current prices, million euro",F,Construction,B1G,"Value added, gross",MT,Malta,1996,,165.1,,,,,
dataflow,ESTAT:NAMA_10_A10(1.0),Gross value added and income by main industry (NACE Rev.2 ) - annual data,A,Annual,CP_MEUR,"Current prices, million euro",F,Construction,B1G,"Value added, gross",MT,Malta,1997,,172.2,,,,,
dataflow,ESTAT:NAMA_10_A10(1.0),Gross value added and income by main industry (NACE Rev.2 ) - annual data,A,Annual,CP_MEUR,"Current prices, million euro",F,Construction,B1G,"Value added, gross",MT,Malta,1998,,178.1,,,,,
dataflow,ESTAT:NAMA_10_A10(1.0),Gross value added and income by main industry (NACE Rev.2 ) - annual data,A,Annual,CP_MEUR,"Current prices, million euro",F,Construction,B1G,"Value added, gross",MT,Malta,1999,,181.1,,,,,
dataflow,ESTAT:NAMA_10_A10(1.0),Gross value added and income by main industry (NACE Rev.2 ) - annual data,A,Annual,CP_MEUR,"Current prices, million euro",F,Construction,B1G,"Value added, gross",MT,Malta,2000,,233.3,,,,,
dataflow,ESTAT:NAMA_10_A10(1.0),Gross value added and income by main industry (NACE Rev.2 ) - annual data,A,Annual,CP_MEUR,"Current prices, million euro",F,Construction,B1G,"Value added, gross",MT,Malta,2001,,256.5,,,,,
dataflow,ESTAT:NAMA_10_A10(1.0),Gross value added and income by main industry (NACE Rev.2 ) - annual data,A,Annual,CP_MEUR,"Current prices, million euro",F,Construction,B1G,"Value added, gross",MT,Malta,2002,,320.5,,,,,
dataflow,ESTAT:NAMA_10_A10(1.0),Gross value added and income by main industry (NACE Rev.2 ) - annual data,A,Annual,CP_MEUR,"Current prices, million euro",F,Construction,B1G,"Value added, gross",MT,Malta,2003,,344.6,,,,,
dataflow,ESTAT:NAMA_10_A10(1.0),Gross value added and income by main industry (NACE Rev.2 ) - annual data,A,Annual,CP_MEUR,"Current prices, million euro",F,Construction,B1G,"Value added, gross",MT,Malta,2004,,338.4,,,,,
dataflow,ESTAT:NAMA_10_A10(1.0),Gross value added and income by main industry (NACE Rev.2 ) - annual data,A,Annual,CP_MEUR,"Current prices, million euro",F,Construction,B1G,"Value added, gross",MT,Malta,2005,,331.8,,,,,
dataflow,ESTAT:NAMA_10_A10(1.0),Gross value added and income by main industry (NACE Rev.2 ) - annual data,A,Annual,CP_MEUR,"Current prices, million euro",F,Construction,B1G,"Value added, gross",MT,Malta,2006,,294.0,,,,,
dataflow,ESTAT:NAMA_10_A10(1.0),Gross value added and income by main industry (NACE Rev.2 ) - annual data,A,Annual,CP_MEUR,"Current prices, million euro",F,Construction,B1G,"Value added, gross",MT,Malta,2007,,237.0,,,,,
dataflow,ESTAT:NAMA_10_A10(1.0),Gross value added and income by main industry (NACE Rev.2 ) - annual data,A,Annual,CP_MEUR,"Current prices, million euro",F,Construction,B1G,"Value added, gross",MT,Malta,2008,,258.0,,,,,
dataflow,ESTAT:NAMA_10_A10(1.0),Gross value added and income by main industry (NACE Rev.2 ) - annual data,A,Annual,CP_MEUR,"Current prices, million euro",F,Construction,B1G,"Value added, gross",MT,Malta,2009,,250.4,,,,,
dataflow,ESTAT:NAMA_10_A10(1.0),Gross value added and income by main industry (NACE Rev.2 ) - annual data,A,Annual,CP_MEUR,"Current prices, million euro",F,Construction,B1G,"Value added, gross",MT,Malta,2010,,291.2,,,,,
dataflow,ESTAT:NAMA_10_A10(1.0),Gross value added and income by main industry (NACE Rev.2 ) - annual data,A,Annual,CP_MEUR,"Current prices, million euro",F,Construction,B1G,"Value added, gross",MT,Malta,2011,,292.7,,,,,
dataflow,ESTAT:NAMA_10_A10(1.0),Gross value added and income by main industry (NACE Rev.2 ) - annual data,A,Annual,CP_MEUR,"Current prices, million euro",F,Construction,B1G,"Value added, gross",MT,Malta,2012,,287.5,,,,,
dataflow,ESTAT:NAMA_10_A10(1.0),Gross value added and income by main industry (NACE Rev.2 ) - annual data,A,Annual,CP_MEUR,"Current prices, million euro",F,Construction,B1G,"Value added, gross",MT,Malta,2013,,306.0,,,,,
dataflow,ESTAT:NAMA_10_A10(1.0),Gross value added and income by main industry (NACE Rev.2 ) - annual data,A,Annual,CP_MEUR,"Current prices, million euro",F,Construction,B1G,"Value added, gross",MT,Malta,2014,,304.3,,,,,
dataflow,ESTAT:NAMA_10_A10(1.0),Gross value added and income by main industry (NACE Rev.2 ) - annual data,A,Annual,CP_MEUR,"Current prices, million euro",F,Construction,B1G,"Value added, gross",MT,Malta,2015,,346.1,,,,,
dataflow,ESTAT:NAMA_10_A10(1.0),Gross value added and income by main industry (NACE Rev.2 ) - annual data,A,Annual,CP_MEUR,"Current prices, million euro",F,Construction,B1G,"Value added, gross",MT,Malta,2016,,366.1,,,,,
dataflow,ESTAT:NAMA_10_A10(1.0),Gross value added and income by main industry (NACE Rev.2 ) - annual data,A,Annual,CP_MEUR,"Current prices, million euro",F,Construction,B1G,"Value added, gross",MT,Malta,2017,,429.0,,,,,
dataflow,ESTAT:NAMA_10_A10(1.0),Gross value added and income by main industry (NACE Rev.2 ) - annual data,A,Annual,CP_MEUR,"Current prices, million euro",F,Construction,B1G,"Value added, gross",MT,Malta,2018,,481.8,,,,,
dataflow,ESTAT:NAMA_10_A10(1.0),Gross value added and income by main industry (NACE Rev.2 ) - annual data,A,Annual,CP_MEUR,"Current prices, million euro",F,Construction,B1G,"Value added, gross",MT,Malta,2019,,619.2,,,,,
dataflow,ESTAT:NAMA_10_A10(1.0),Gross value added and income by main industry (NACE Rev.2 ) - annual data,A,Annual,CP_MEUR,"Current prices, million euro",F,Construction,B1G,"Value added, gross",MT,Malta,2020,,608.5,,,,,
dataflow,ESTAT:NAMA_10_A10(1.0),Gross value added and income by main industry (NACE Rev.2 ) - annual data,A,Annual,CP_MEUR,"Current prices, million euro",F,Construction,B1G,"Value added, gross",MT,Malta,2021,,648.6,,,,,
dataflow,ESTAT:NAMA_10_A10(1.0),Gross value added and income by main industry (NACE Rev.2 ) - annual data,A,Annual,CP_MEUR,"Current prices, million euro",F,Construction,B1G,"Value added, gross",MT,Malta,2022,,655.5,,,,,
dataflow,ESTAT:NAMA_10_A10(1.0),Gross value added and income by main industry (NACE Rev.2 ) - annual data,A,Annual,CP_MEUR,"Current prices, million euro",F,Construction,B1G,"Value added, gross",MT,Malta,2023,,763.3,,,,,
dataflow,ESTAT:NAMA_10_A10(1.0),Gross value added and income by main industry (NACE Rev.2 ) - annual data,A,Annual,CP_MEUR,"Current prices, million euro",F,Construction,B1G,"Value added, gross",MT,Malta,2024,,801.0,,,,,
dataflow,ESTAT:NAMA_10_A10(1.0),Gross value added and income by main industry (NACE Rev.2 ) - annual data,A,Annual,CP_MEUR,"Current prices, million euro",F,Construction,B1G,"Value added, gross",MT,Malta,2025,,828.8,,,,,
dataflow,ESTAT:NAMA_10_A10(1.0),Gross value added and income by main industry (NACE Rev.2 ) - annual data,A,Annual,CP_MEUR,"Current prices, million euro",F,Construction,B1G,"Value added, gross",NL,Netherlands,1995,,16205.6,,,,,
dataflow,ESTAT:NAMA_10_A10(1.0),Gross value added and income by main industry (NACE Rev.2 ) - annual data,A,Annual,CP_MEUR,"Current prices, million euro",F,Construction,B1G,"Value added, gross",NL,Netherlands,1996,,16284.8,,,,,
dataflow,ESTAT:NAMA_10_A10(1.0),Gross value added and income by main industry (NACE Rev.2 ) - annual data,A,Annual,CP_MEUR,"Current prices, million euro",F,Construction,B1G,"Value added, gross",NL,Netherlands,1997,,16367.3,,,,,
dataflow,ESTAT:NAMA_10_A10(1.0),Gross value added and income by main industry (NACE Rev.2 ) - annual data,A,Annual,CP_MEUR,"Current prices, million euro",F,Construction,B1G,"Value added, gross",NL,Netherlands,1998,,17454.6,,,,,
dataflow,ESTAT:NAMA_10_A10(1.0),Gross value added and income by main industry (NACE Rev.2 ) - annual data,A,Annual,CP_MEUR,"Current prices, million euro",F,Construction,B1G,"Value added, gross",NL,Netherlands,1999,,19803.0,,,,,
dataflow,ESTAT:NAMA_10_A10(1.0),Gross value added and income by main industry (NACE Rev.2 ) - annual data,A,Annual,CP_MEUR,"Current prices, million euro",F,Construction,B1G,"Value added, gross",NL,Netherlands,2000,,21482.0,,,,,
dataflow,ESTAT:NAMA_10_A10(1.0),Gross value added and income by main industry (NACE Rev.2 ) - annual data,A,Annual,CP_MEUR,"Current prices, million euro",F,Construction,B1G,"Value added, gross",NL,Netherlands,2001,,23523.0,,,,,
dataflow,ESTAT:NAMA_10_A10(1.0),Gross value added and income by main industry (NACE Rev.2 ) - annual data,A,Annual,CP_MEUR,"Current prices, million euro",F,Construction,B1G,"Value added, gross",NL,Netherlands,2002,,24770.0,,,,,
dataflow,ESTAT:NAMA_10_A10(1.0),Gross value added and income by main industry (NACE Rev.2 ) - annual data,A,Annual,CP_MEUR,"Current prices, million euro",F,Construction,B1G,"Value added, gross",NL,Netherlands,2003,,24837.0,,,,,
dataflow,ESTAT:NAMA_10_A10(1.0),Gross value added and income by main industry (NACE Rev.2 ) - annual data,A,Annual,CP_MEUR,"Current prices, million euro",F,Construction,B1G,"Value added, gross",NL,Netherlands,2004,,25118.0,,,,,
dataflow,ESTAT:NAMA_10_A10(1.0),Gross value added and income by main industry (NACE Rev.2 ) - annual data,A,Annual,CP_MEUR,"Current prices, million euro",F,Construction,B1G,"Value added, gross",NL,Netherlands,2005,,26482.0,,,,,
dataflow,ESTAT:NAMA_10_A10(1.0),Gross value added and income by main industry (NACE Rev.2 ) - annual data,A,Annual,CP_MEUR,"Current prices, million euro",F,Construction,B1G,"Value added, gross",NL,Netherlands,2006,,28306.0,,,,,
dataflow,ESTAT:NAMA_10_A10(1.0),Gross value added and income by main industry (NACE Rev.2 ) - annual data,A,Annual,CP_MEUR,"Current prices, million euro",F,Construction,B1G,"Value added, gross",NL,Netherlands,2007,,30813.0,,,,,
dataflow,ESTAT:NAMA_10_A10(1.0),Gross value added and income by main industry (NACE Rev.2 ) - annual data,A,Annual,CP_MEUR,"Current prices, million euro",F,Construction,B1G,"Value added, gross",NL,Netherlands,2008,,33104.0,,,,,
dataflow,ESTAT:NAMA_10_A10(1.0),Gross value added and income by main industry (NACE Rev.2 ) - annual data,A,Annual,CP_MEUR,"Current prices, million euro",F,Construction,B1G,"Value added, gross",NL,Netherlands,2009,,33394.0,,,,,
dataflow,ESTAT:NAMA_10_A10(1.0),Gross value added and income by main industry (NACE Rev.2 ) - annual data,A,Annual,CP_MEUR,"Current prices, million euro",F,Construction,B1G,"Value added, gross",NL,Netherlands,2010,,29984.0,,,,,
dataflow,ESTAT:NAMA_10_A10(1.0),Gross value added and income by main industry (NACE Rev.2 ) - annual data,A,Annual,CP_MEUR,"Current prices, million euro",F,Construction,B1G,"Value added, gross",NL,Netherlands,2011,,29686.0,,,,,
dataflow,ESTAT:NAMA_10_A10(1.0),Gross value added and income by main industry (NACE Rev.2 ) - annual data,A,Annual,CP_MEUR,"Current prices, million euro",F,Construction,B1G,"Value added, gross",NL,Netherlands,2012,,27183.0,,,,,
dataflow,ESTAT:NAMA_10_A10(1.0),Gross value added and income by main industry (NACE Rev.2 ) - annual data,A,Annual,CP_MEUR,"Current prices, million euro",F,Construction,B1G,"Value added, gross",NL,Netherlands,2013,,25598.0,,,,,
dataflow,ESTAT:NAMA_10_A10(1.0),Gross value added and income by main industry (NACE Rev.2 ) - annual data,A,Annual,CP_MEUR,"Current prices, million euro",F,Construction,B1G,"Value added, gross",NL,Netherlands,2014,,25828.0,,,,,
dataflow,ESTAT:NAMA_10_A10(1.0),Gross value added and income by main industry (NACE Rev.2 ) - annual data,A,Annual,CP_MEUR,"Current prices, million euro",F,Construction,B1G,"Value added, gross",NL,Netherlands,2015,,26128.0,,,,,
dataflow,ESTAT:NAMA_10_A10(1.0),Gross value added and income by main industry (NACE Rev.2 ) - annual data,A,Annual,CP_MEUR,"Current prices, million euro",F,Construction,B1G,"Value added, gross",NL,Netherlands,2016,,28180.0,,,,,
dataflow,ESTAT:NAMA_10_A10(1.0),Gross value added and income by main industry (NACE Rev.2 ) - annual data,A,Annual,CP_MEUR,"Current prices, million euro",F,Construction,B1G,"Value added, gross",NL,Netherlands,2017,,29966.0,,,,,
dataflow,ESTAT:NAMA_10_A10(1.0),Gross value added and income by main industry (NACE Rev.2 ) - annual data,A,Annual,CP_MEUR,"Current prices, million euro",F,Construction,B1G,"Value added, gross",NL,Netherlands,2018,,32629.0,,,,,
dataflow,ESTAT:NAMA_10_A10(1.0),Gross value added and income by main industry (NACE Rev.2 ) - annual data,A,Annual,CP_MEUR,"Current prices, million euro",F,Construction,B1G,"Value added, gross",NL,Netherlands,2019,,36247.0,,,,,
dataflow,ESTAT:NAMA_10_A10(1.0),Gross value added and income by main industry (NACE Rev.2 ) - annual data,A,Annual,CP_MEUR,"Current prices, million euro",F,Construction,B1G,"Value added, gross",NL,Netherlands,2020,,38666.0,,,,,
dataflow,ESTAT:NAMA_10_A10(1.0),Gross value added and income by main industry (NACE Rev.2 ) - annual data,A,Annual,CP_MEUR,"Current prices, million euro",F,Construction,B1G,"Value added, gross",NL,Netherlands,2021,,41332.0,,,,,
dataflow,ESTAT:NAMA_10_A10(1.0),Gross value added and income by main industry (NACE Rev.2 ) - annual data,A,Annual,CP_MEUR,"Current prices, million euro",F,Construction,B1G,"Value added, gross",NL,Netherlands,2022,,43981.0,,,,,
dataflow,ESTAT:NAMA_10_A10(1.0),Gross value added and income by main industry (NACE Rev.2 ) - annual data,A,Annual,CP_MEUR,"Current prices, million euro",F,Construction,B1G,"Value added, gross",NL,Netherlands,2023,,48484.0,,,,,
dataflow,ESTAT:NAMA_10_A10(1.0),Gross value added and income by main industry (NACE Rev.2 ) - annual data,A,Annual,CP_MEUR,"Current prices, million euro",F,Construction,B1G,"Value added, gross",NL,Netherlands,2024,,53301.0,,,,,
dataflow,ESTAT:NAMA_10_A10(1.0),Gross value added and income by main industry (NACE Rev.2 ) - annual data,A,Annual,CP_MEUR,"Current prices, million euro",F,Construction,B1G,"Value added, gross",NL,Netherlands,2025,,57704.0,,,,,
dataflow,ESTAT:NAMA_10_A10(1.0),Gross value added and income by main industry (NACE Rev.2 ) - annual data,A,Annual,CP_MEUR,"Current prices, million euro",F,Construction,B1G,"Value added, gross",NO,Norway,1990,,3653.0,,,,,
dataflow,ESTAT:NAMA_10_A10(1.0),Gross value added and income by main industry (NACE Rev.2 ) - annual data,A,Annual,CP_MEUR,"Current prices, million euro",F,Construction,B1G,"Value added, gross",NO,Norway,1991,,3152.8,,,,,
dataflow,ESTAT:NAMA_10_A10(1.0),Gross value added and income by main industry (NACE Rev.2 ) - annual data,A,Annual,CP_MEUR,"Current prices, million euro",F,Construction,B1G,"Value added, gross",NO,Norway,1992,,3238.5,,,,,
dataflow,ESTAT:NAMA_10_A10(1.0),Gross value added and income by main industry (NACE Rev.2 ) - annual data,A,Annual,CP_MEUR,"Current prices, million euro",F,Construction,B1G,"Value added, gross",NO,Norway,1993,,2857.2,,,,,
dataflow,ESTAT:NAMA_10_A10(1.0),Gross value added and income by main industry (NACE Rev.2 ) - annual data,A,Annual,CP_MEUR,"Current prices, million euro",F,Construction,B1G,"Value added, gross",NO,Norway,1994,,3459.1,,,,,
dataflow,ESTAT:NAMA_10_A10(1.0),Gross value added and income by main industry (NACE Rev.2 ) - annual data,A,Annual,CP_MEUR,"Current prices, million euro",F,Construction,B1G,"Value added, gross",NO,Norway,1995,,4088.2,,,,,
dataflow,ESTAT:NAMA_10_A10(1.0),Gross value added and income by main industry (NACE Rev.2 ) - annual data,A,Annual,CP_MEUR,"Current prices, million euro",F,Construction,B1G,"Value added, gross",NO,Norway,1996,,4500.5,,,,,
dataflow,ESTAT:NAMA_10_A10(1.0),Gross value added and income by main industry (NACE Rev.2 ) - annual data,A,Annual,CP_MEUR,"Current prices, million euro",F,Construction,B1G,"Value added, gross",NO,Norway,1997,,5314.0,,,,,
dataflow,ESTAT:NAMA_10_A10(1.0),Gross value added and income by main industry (NACE Rev.2 ) - annual data,A,Annual,CP_MEUR,"Current prices, million euro",F,Construction,B1G,"Value added, gross",NO,Norway,1998,,5665.1,,,,,
dataflow,ESTAT:NAMA_10_A10(1.0),Gross value added and income by main industry (NACE Rev.2 ) - annual data,A,Annual,CP_MEUR,"Current prices, million euro",F,Construction,B1G,"Value added, gross",NO,Norway,1999,,5798.9,,,,,
dataflow,ESTAT:NAMA_10_A10(1.0),Gross value added and income by main industry (NACE Rev.2 ) - annual data,A,Annual,CP_MEUR,"Current prices, million euro",F,Construction,B1G,"Value added, gross",NO,Norway,2000,,6396.6,,,,,
dataflow,ESTAT:NAMA_10_A10(1.0),Gross value added and income by main industry (NACE Rev.2 ) - annual data,A,Annual,CP_MEUR,"Current prices, million euro",F,Construction,B1G,"Value added, gross",NO,Norway,2001,,7007.4,,,,,
dataflow,ESTAT:NAMA_10_A10(1.0),Gross value added and income by main industry (NACE Rev.2 ) - annual data,A,Annual,CP_MEUR,"Current prices, million euro",F,Construction,B1G,"Value added, gross",NO,Norway,2002,,8190.9,,,,,
dataflow,ESTAT:NAMA_10_A10(1.0),Gross value added and income by main industry (NACE Rev.2 ) - annual data,A,Annual,CP_MEUR,"Current prices, million euro",F,Construction,B1G,"Value added, gross",NO,Norway,2003,,8125.1,,,,,
dataflow,ESTAT:NAMA_10_A10(1.0),Gross value added and income by main industry (NACE Rev.2 ) - annual data,A,Annual,CP_MEUR,"Current prices, million euro",F,Construction,B1G,"Value added, gross",NO,Norway,2004,,8872.1,,,,,
dataflow,ESTAT:NAMA_10_A10(1.0),Gross value added and income by main industry (NACE Rev.2 ) - annual data,A,Annual,CP_MEUR,"Current prices, million euro",F,Construction,B1G,"Value added, gross",NO,Norway,2005,,10437.0,,,,,
dataflow,ESTAT:NAMA_10_A10(1.0),Gross value added and income by main industry (NACE Rev.2 ) - annual data,A,Annual,CP_MEUR,"Current prices, million euro",F,Construction,B1G,"Value added, gross",NO,Norway,2006,,12176.4,,,,,
dataflow,ESTAT:NAMA_10_A10(1.0),Gross value added and income by main industry (NACE Rev.2 ) - annual data,A,Annual,CP_MEUR,"Current prices, million euro",F,Construction,B1G,"Value added, gross",NO,Norway,2007,,14422.3,,,,,
dataflow,ESTAT:NAMA_10_A10(1.0),Gross value added and income by main industry (NACE Rev.2 ) - annual data,A,Annual,CP_MEUR,"Current prices, million euro",F,Construction,B1G,"Value added, gross",NO,Norway,2008,,14990.8,,,,,
dataflow,ESTAT:NAMA_10_A10(1.0),Gross value added and income by main industry (NACE Rev.2 ) - annual data,A,Annual,CP_MEUR,"Current prices, million euro",F,Construction,B1G,"Value added, gross",NO,Norway,2009,,13817.1,,,,,
dataflow,ESTAT:NAMA_10_A10(1.0),Gross value added and income by main industry (NACE Rev.2 ) - annual data,A,Annual,CP_MEUR,"Current prices, million euro",F,Construction,B1G,"Value added, gross",NO,Norway,2010,,15315.5,,,,,
dataflow,ESTAT:NAMA_10_A10(1.0),Gross value added and income by main industry (NACE Rev.2 ) - annual data,A,Annual,CP_MEUR,"Current prices, million euro",F,Construction,B1G,"Value added, gross",NO,Norway,2011,,17211.9,,,,,
dataflow,ESTAT:NAMA_10_A10(1.0),Gross value added and income by main industry (NACE Rev.2 ) - annual data,A,Annual,CP_MEUR,"Current prices, million euro",F,Construction,B1G,"Value added, gross",NO,Norway,2012,,20246.0,,,,,
dataflow,ESTAT:NAMA_10_A10(1.0),Gross value added and income by main industry (NACE Rev.2 ) - annual data,A,Annual,CP_MEUR,"Current prices, million euro",F,Construction,B1G,"Value added, gross",NO,Norway,2013,,20129.9,,,,,
dataflow,ESTAT:NAMA_10_A10(1.0),Gross value added and income by main industry (NACE Rev.2 ) - annual data,A,Annual,CP_MEUR,"Current prices, million euro",F,Construction,B1G,"Value added, gross",NO,Norway,2014,,19822.1,,,,,
dataflow,ESTAT:NAMA_10_A10(1.0),Gross value added and income by main industry (NACE Rev.2 ) - annual data,A,Annual,CP_MEUR,"Current prices, million euro",F,Construction,B1G,"Value added, gross",NO,Norway,2015,,19391.8,,,,,
dataflow,ESTAT:NAMA_10_A10(1.0),Gross value added and income by main industry (NACE Rev.2 ) - annual data,A,Annual,CP_MEUR,"Current prices, million euro",F,Construction,B1G,"Value added, gross",NO,Norway,2016,,19354.3,,,,,
dataflow,ESTAT:NAMA_10_A10(1.0),Gross value added and income by main industry (NACE Rev.2 ) - annual data,A,Annual,CP_MEUR,"Current prices, million euro",F,Construction,B1G,"Value added, gross",NO,Norway,2017,,20528.8,,,,,
dataflow,ESTAT:NAMA_10_A10(1.0),Gross value added and income by main industry (NACE Rev.2 ) - annual data,A,Annual,CP_MEUR,"Current prices, million euro",F,Construction,B1G,"Value added, gross",NO,Norway,2018,,20955.5,,,,,
dataflow,ESTAT:NAMA_10_A10(1.0),Gross value added and income by main industry (NACE Rev.2 ) - annual data,A,Annual,CP_MEUR,"Current prices, million euro",F,Construction,B1G,"Value added, gross",NO,Norway,2019,,21491.2,,,,,
dataflow,ESTAT:NAMA_10_A10(1.0),Gross value added and income by main industry (NACE Rev.2 ) - annual data,A,Annual,CP_MEUR,"Current prices, million euro",F,Construction,B1G,"Value added, gross",NO,Norway,2020,,19699.7,,,,,
dataflow,ESTAT:NAMA_10_A10(1.0),Gross value added and income by main industry (NACE Rev.2 ) - annual data,A,Annual,CP_MEUR,"Current prices, million euro",F,Construction,B1G,"Value added, gross",NO,Norway,2021,,21960.5,,,,,
dataflow,ESTAT:NAMA_10_A10(1.0),Gross value added and income by main industry (NACE Rev.2 ) - annual data,A,Annual,CP_MEUR,"Current prices, million euro",F,Construction,B1G,"Value added, gross",NO,Norway,2022,,24644.9,,,,,
dataflow,ESTAT:NAMA_10_A10(1.0),Gross value added and income by main industry (NACE Rev.2 ) - annual data,A,Annual,CP_MEUR,"Current prices, million euro",F,Construction,B1G,"Value added, gross",NO,Norway,2023,,21960.4,,,,,
dataflow,ESTAT:NAMA_10_A10(1.0),Gross value added and income by main industry (NACE Rev.2 ) - annual data,A,Annual,CP_MEUR,"Current prices, million euro",F,Construction,B1G,"Value added, gross",NO,Norway,2024,,21592.6,,,,,
dataflow,ESTAT:NAMA_10_A10(1.0),Gross value added and income by main industry (NACE Rev.2 ) - annual data,A,Annual,CP_MEUR,"Current prices, million euro",F,Construction,B1G,"Value added, gross",NO,Norway,2025,,21962.3,,,,,
dataflow,ESTAT:NAMA_10_A10(1.0),Gross value added and income by main industry (NACE Rev.2 ) - annual data,A,Annual,CP_MEUR,"Current prices, million euro",F,Construction,B1G,"Value added, gross",PL,Poland,1995,,8330.5,,,,,
dataflow,ESTAT:NAMA_10_A10(1.0),Gross value added and income by main industry (NACE Rev.2 ) - annual data,A,Annual,CP_MEUR,"Current prices, million euro",F,Construction,B1G,"Value added, gross",PL,Poland,1996,,9868.8,,,,,
dataflow,ESTAT:NAMA_10_A10(1.0),Gross value added and income by main industry (NACE Rev.2 ) - annual data,A,Annual,CP_MEUR,"Current prices, million euro",F,Construction,B1G,"Value added, gross",PL,Poland,1997,,11392.5,,,,,
dataflow,ESTAT:NAMA_10_A10(1.0),Gross value added and income by main industry (NACE Rev.2 ) - annual data,A,Annual,CP_MEUR,"Current prices, million euro",F,Construction,B1G,"Value added, gross",PL,Poland,1998,,13535.3,,,,,
dataflow,ESTAT:NAMA_10_A10(1.0),Gross value added and income by main industry (NACE Rev.2 ) - annual data,A,Annual,CP_MEUR,"Current prices, million euro",F,Construction,B1G,"Value added, gross",PL,Poland,1999,,13343.2,,,,,
dataflow,ESTAT:NAMA_10_A10(1.0),Gross value added and income by main industry (NACE Rev.2 ) - annual data,A,Annual,CP_MEUR,"Current prices, million euro",F,Construction,B1G,"Value added, gross",PL,Poland,2000,,14034.0,,,,,
dataflow,ESTAT:NAMA_10_A10(1.0),Gross value added and income by main industry (NACE Rev.2 ) - annual data,A,Annual,CP_MEUR,"Current prices, million euro",F,Construction,B1G,"Value added, gross",PL,Poland,2001,,15744.7,,,,,
dataflow,ESTAT:NAMA_10_A10(1.0),Gross value added and income by main industry (NACE Rev.2 ) - annual data,A,Annual,CP_MEUR,"Current prices, million euro",F,Construction,B1G,"Value added, gross",PL,Poland,2002,,14309.9,,,,,
dataflow,ESTAT:NAMA_10_A10(1.0),Gross value added and income by main industry (NACE Rev.2 ) - annual data,A,Annual,CP_MEUR,"Current prices, million euro",F,Construction,B1G,"Value added, gross",PL,Poland,2003,,12047.5,,,,,
dataflow,ESTAT:NAMA_10_A10(1.0),Gross value added and income by main industry (NACE Rev.2 ) - annual data,A,Annual,CP_MEUR,"Current prices, million euro",F,Construction,B1G,"Value added, gross",PL,Poland,2004,,13790.8,,,,,
dataflow,ESTAT:NAMA_10_A10(1.0),Gross value added and income by main industry (NACE Rev.2 ) - annual data,A,Annual,CP_MEUR,"Current prices, million euro",F,Construction,B1G,"Value added, gross",PL,Poland,2005,,16736.8,,,,,
dataflow,ESTAT:NAMA_10_A10(1.0),Gross value added and income by main industry (NACE Rev.2 ) - annual data,A,Annual,CP_MEUR,"Current prices, million euro",F,Construction,B1G,"Value added, gross",PL,Poland,2006,,19222.0,,,,,
dataflow,ESTAT:NAMA_10_A10(1.0),Gross value added and income by main industry (NACE Rev.2 ) - annual data,A,Annual,CP_MEUR,"Current prices, million euro",F,Construction,B1G,"Value added, gross",PL,Poland,2007,,22555.7,,,,,
dataflow,ESTAT:NAMA_10_A10(1.0),Gross value added and income by main industry (NACE Rev.2 ) - annual data,A,Annual,CP_MEUR,"Current prices, million euro",F,Construction,B1G,"Value added, gross",PL,Poland,2008,,25938.6,,,,,
dataflow,ESTAT:NAMA_10_A10(1.0),Gross value added and income by main industry (NACE Rev.2 ) - annual data,A,Annual,CP_MEUR,"Current prices, million euro",F,Construction,B1G,"Value added, gross",PL,Poland,2009,,24672.8,,,,,
dataflow,ESTAT:NAMA_10_A10(1.0),Gross value added and income by main industry (NACE Rev.2 ) - annual data,A,Annual,CP_MEUR,"Current prices, million euro",F,Construction,B1G,"Value added, gross",PL,Poland,2010,,26976.0,,,,,
dataflow,ESTAT:NAMA_10_A10(1.0),Gross value added and income by main industry (NACE Rev.2 ) - annual data,A,Annual,CP_MEUR,"Current prices, million euro",F,Construction,B1G,"Value added, gross",PL,Poland,2011,,31073.1,,,,,
dataflow,ESTAT:NAMA_10_A10(1.0),Gross value added and income by main industry (NACE Rev.2 ) - annual data,A,Annual,CP_MEUR,"Current prices, million euro",F,Construction,B1G,"Value added, gross",PL,Poland,2012,,28726.1,,,,,
dataflow,ESTAT:NAMA_10_A10(1.0),Gross value added and income by main industry (NACE Rev.2 ) - annual data,A,Annual,CP_MEUR,"Current prices, million euro",F,Construction,B1G,"Value added, gross",PL,Poland,2013,,27294.8,,,,,
dataflow,ESTAT:NAMA_10_A10(1.0),Gross value added and income by main industry (NACE Rev.2 ) - annual data,A,Annual,CP_MEUR,"Current prices, million euro",F,Construction,B1G,"Value added, gross",PL,Poland,2014,,30233.5,,,,,
dataflow,ESTAT:NAMA_10_A10(1.0),Gross value added and income by main industry (NACE Rev.2 ) - annual data,A,Annual,CP_MEUR,"Current prices, million euro",F,Construction,B1G,"Value added, gross",PL,Poland,2015,,33852.9,,,,,
dataflow,ESTAT:NAMA_10_A10(1.0),Gross value added and income by main industry (NACE Rev.2 ) - annual data,A,Annual,CP_MEUR,"Current prices, million euro",F,Construction,B1G,"Value added, gross",PL,Poland,2016,,30236.5,,,,,
dataflow,ESTAT:NAMA_10_A10(1.0),Gross value added and income by main industry (NACE Rev.2 ) - annual data,A,Annual,CP_MEUR,"Current prices, million euro",F,Construction,B1G,"Value added, gross",PL,Poland,2017,,31431.8,,,,,
dataflow,ESTAT:NAMA_10_A10(1.0),Gross value added and income by main industry (NACE Rev.2 ) - annual data,A,Annual,CP_MEUR,"Current prices, million euro",F,Construction,B1G,"Value added, gross",PL,Poland,2018,,37179.6,,,,,
dataflow,ESTAT:NAMA_10_A10(1.0),Gross value added and income by main industry (NACE Rev.2 ) - annual data,A,Annual,CP_MEUR,"Current prices, million euro",F,Construction,B1G,"Value added, gross",PL,Poland,2019,,39530.4,,,,,
dataflow,ESTAT:NAMA_10_A10(1.0),Gross value added and income by main industry (NACE Rev.2 ) - annual data,A,Annual,CP_MEUR,"Current prices, million euro",F,Construction,B1G,"Value added, gross",PL,Poland,2020,,37861.4,,,,,
dataflow,ESTAT:NAMA_10_A10(1.0),Gross value added and income by main industry (NACE Rev.2 ) - annual data,A,Annual,CP_MEUR,"Current prices, million euro",F,Construction,B1G,"Value added, gross",PL,Poland,2021,,35558.6,,,,,
dataflow,ESTAT:NAMA_10_A10(1.0),Gross value added and income by main industry (NACE Rev.2 ) - annual data,A,Annual,CP_MEUR,"Current prices, million euro",F,Construction,B1G,"Value added, gross",PL,Poland,2022,,38647.5,,,,,
dataflow,ESTAT:NAMA_10_A10(1.0),Gross value added and income by main industry (NACE Rev.2 ) - annual data,A,Annual,CP_MEUR,"Current prices, million euro",F,Construction,B1G,"Value added, gross",PL,Poland,2023,,46816.6,,,,,
dataflow,ESTAT:NAMA_10_A10(1.0),Gross value added and income by main industry (NACE Rev.2 ) - annual data,A,Annual,CP_MEUR,"Current prices, million euro",F,Construction,B1G,"Value added, gross",PL,Poland,2024,,53585.2,,,,,
dataflow,ESTAT:NAMA_10_A10(1.0),Gross value added and income by main industry (NACE Rev.2 ) - annual data,A,Annual,CP_MEUR,"Current prices, million euro",F,Construction,B1G,"Value added, gross",PL,Poland,2025,,57231.2,,,,,
dataflow,ESTAT:NAMA_10_A10(1.0),Gross value added and income by main industry (NACE Rev.2 ) - annual data,A,Annual,CP_MEUR,"Current prices, million euro",F,Construction,B1G,"Value added, gross",PT,Portugal,1995,,5223.9,,,,,
dataflow,ESTAT:NAMA_10_A10(1.0),Gross value added and income by main industry (NACE Rev.2 ) - annual data,A,Annual,CP_MEUR,"Current prices, million euro",F,Construction,B1G,"Value added, gross",PT,Portugal,1996,,5590.9,,,,,
dataflow,ESTAT:NAMA_10_A10(1.0),Gross value added and income by main industry (NACE Rev.2 ) - annual data,A,Annual,CP_MEUR,"Current prices, million euro",F,Construction,B1G,"Value added, gross",PT,Portugal,1997,,6417.9,,,,,
dataflow,ESTAT:NAMA_10_A10(1.0),Gross value added and income by main industry (NACE Rev.2 ) - annual data,A,Annual,CP_MEUR,"Current prices, million euro",F,Construction,B1G,"Value added, gross",PT,Portugal,1998,,7017.2,,,,,
dataflow,ESTAT:NAMA_10_A10(1.0),Gross value added and income by main industry (NACE Rev.2 ) - annual data,A,Annual,CP_MEUR,"Current prices, million euro",F,Construction,B1G,"Value added, gross",PT,Portugal,1999,,7616.7,,,,,
dataflow,ESTAT:NAMA_10_A10(1.0),Gross value added and income by main industry (NACE Rev.2 ) - annual data,A,Annual,CP_MEUR,"Current prices, million euro",F,Construction,B1G,"Value added, gross",PT,Portugal,2000,,8602.8,,,,,
dataflow,ESTAT:NAMA_10_A10(1.0),Gross value added and income by main industry (NACE Rev.2 ) - annual data,A,Annual,CP_MEUR,"Current prices, million euro",F,Construction,B1G,"Value added, gross",PT,Portugal,2001,,9226.6,,,,,
dataflow,ESTAT:NAMA_10_A10(1.0),Gross value added and income by main industry (NACE Rev.2 ) - annual data,A,Annual,CP_MEUR,"Current prices, million euro",F,Construction,B1G,"Value added, gross",PT,Portugal,2002,,9479.4,,,,,
dataflow,ESTAT:NAMA_10_A10(1.0),Gross value added and income by main industry (NACE Rev.2 ) - annual data,A,Annual,CP_MEUR,"Current prices, million euro",F,Construction,B1G,"Value added, gross",PT,Portugal,2003,,9157.8,,,,,
dataflow,ESTAT:NAMA_10_A10(1.0),Gross value added and income by main industry (NACE Rev.2 ) - annual data,A,Annual,CP_MEUR,"Current prices, million euro",F,Construction,B1G,"Value added, gross",PT,Portugal,2004,,9465.0,,,,,
dataflow,ESTAT:NAMA_10_A10(1.0),Gross value added and income by main industry (NACE Rev.2 ) - annual data,A,Annual,CP_MEUR,"Current prices, million euro",F,Construction,B1G,"Value added, gross",PT,Portugal,2005,,9538.3,,,,,
dataflow,ESTAT:NAMA_10_A10(1.0),Gross value added and income by main industry (NACE Rev.2 ) - annual data,A,Annual,CP_MEUR,"Current prices, million euro",F,Construction,B1G,"Value added, gross",PT,Portugal,2006,,9682.1,,,,,
dataflow,ESTAT:NAMA_10_A10(1.0),Gross value added and income by main industry (NACE Rev.2 ) - annual data,A,Annual,CP_MEUR,"Current prices, million euro",F,Construction,B1G,"Value added, gross",PT,Portugal,2007,,10291.2,,,,,
dataflow,ESTAT:NAMA_10_A10(1.0),Gross value added and income by main industry (NACE Rev.2 ) - annual data,A,Annual,CP_MEUR,"Current prices, million euro",F,Construction,B1G,"Value added, gross",PT,Portugal,2008,,10528.8,,,,,
dataflow,ESTAT:NAMA_10_A10(1.0),Gross value added and income by main industry (NACE Rev.2 ) - annual data,A,Annual,CP_MEUR,"Current prices, million euro",F,Construction,B1G,"Value added, gross",PT,Portugal,2009,,9767.9,,,,,
dataflow,ESTAT:NAMA_10_A10(1.0),Gross value added and income by main industry (NACE Rev.2 ) - annual data,A,Annual,CP_MEUR,"Current prices, million euro",F,Construction,B1G,"Value added, gross",PT,Portugal,2010,,9244.9,,,,,
dataflow,ESTAT:NAMA_10_A10(1.0),Gross value added and income by main industry (NACE Rev.2 ) - annual data,A,Annual,CP_MEUR,"Current prices, million euro",F,Construction,B1G,"Value added, gross",PT,Portugal,2011,,8484.3,,,,,
dataflow,ESTAT:NAMA_10_A10(1.0),Gross value added and income by main industry (NACE Rev.2 ) - annual data,A,Annual,CP_MEUR,"Current prices, million euro",F,Construction,B1G,"Value added, gross",PT,Portugal,2012,,7173.9,,,,,
dataflow,ESTAT:NAMA_10_A10(1.0),Gross value added and income by main industry (NACE Rev.2 ) - annual data,A,Annual,CP_MEUR,"Current prices, million euro",F,Construction,B1G,"Value added, gross",PT,Portugal,2013,,6773.0,,,,,
dataflow,ESTAT:NAMA_10_A10(1.0),Gross value added and income by main industry (NACE Rev.2 ) - annual data,A,Annual,CP_MEUR,"Current prices, million euro",F,Construction,B1G,"Value added, gross",PT,Portugal,2014,,6304.4,,,,,
dataflow,ESTAT:NAMA_10_A10(1.0),Gross value added and income by main industry (NACE Rev.2 ) - annual data,A,Annual,CP_MEUR,"Current prices, million euro",F,Construction,B1G,"Value added, gross",PT,Portugal,2015,,6398.1,,,,,
dataflow,ESTAT:NAMA_10_A10(1.0),Gross value added and income by main industry (NACE Rev.2 ) - annual data,A,Annual,CP_MEUR,"Current prices, million euro",F,Construction,B1G,"Value added, gross",PT,Portugal,2016,,6523.8,,,,,
dataflow,ESTAT:NAMA_10_A10(1.0),Gross value added and income by main industry (NACE Rev.2 ) - annual data,A,Annual,CP_MEUR,"Current prices, million euro",F,Construction,B1G,"Value added, gross",PT,Portugal,2017,,6920.3,,,,,
dataflow,ESTAT:NAMA_10_A10(1.0),Gross value added and income by main industry (NACE Rev.2 ) - annual data,A,Annual,CP_MEUR,"Current prices, million euro",F,Construction,B1G,"Value added, gross",PT,Portugal,2018,,7541.1,,,,,
dataflow,ESTAT:NAMA_10_A10(1.0),Gross value added and income by main industry (NACE Rev.2 ) - annual data,A,Annual,CP_MEUR,"Current prices, million euro",F,Construction,B1G,"Value added, gross",PT,Portugal,2019,,8151.7,,,,,
dataflow,ESTAT:NAMA_10_A10(1.0),Gross value added and income by main industry (NACE Rev.2 ) - annual data,A,Annual,CP_MEUR,"Current prices, million euro",F,Construction,B1G,"Value added, gross",PT,Portugal,2020,,8352.2,,,,,
dataflow,ESTAT:NAMA_10_A10(1.0),Gross value added and income by main industry (NACE Rev.2 ) - annual data,A,Annual,CP_MEUR,"Current prices, million euro",F,Construction,B1G,"Value added, gross",PT,Portugal,2021,,8695.7,,,,,
dataflow,ESTAT:NAMA_10_A10(1.0),Gross value added and income by main industry (NACE Rev.2 ) - annual data,A,Annual,CP_MEUR,"Current prices, million euro",F,Construction,B1G,"Value added, gross",PT,Portugal,2022,,10048.2,,,,,
dataflow,ESTAT:NAMA_10_A10(1.0),Gross value added and income by main industry (NACE Rev.2 ) - annual data,A,Annual,CP_MEUR,"Current prices, million euro",F,Construction,B1G,"Value added, gross",PT,Portugal,2023,,11547.6,,,,,
dataflow,ESTAT:NAMA_10_A10(1.0),Gross value added and income by main industry (NACE Rev.2 ) - annual data,A,Annual,CP_MEUR,"Current prices, million euro",F,Construction,B1G,"Value added, gross",PT,Portugal,2024,,12779.3,,p,provisional,,
dataflow,ESTAT:NAMA_10_A10(1.0),Gross value added and income by main industry (NACE Rev.2 ) - annual data,A,Annual,CP_MEUR,"Current prices, million euro",F,Construction,B1G,"Value added, gross",PT,Portugal,2025,,13740.9,,p,provisional,,
dataflow,ESTAT:NAMA_10_A10(1.0),Gross value added and income by main industry (NACE Rev.2 ) - annual data,A,Annual,CP_MEUR,"Current prices, million euro",F,Construction,B1G,"Value added, gross",RO,Romania,1995,,1805.4,,,,,
dataflow,ESTAT:NAMA_10_A10(1.0),Gross value added and income by main industry (NACE Rev.2 ) - annual data,A,Annual,CP_MEUR,"Current prices, million euro",F,Construction,B1G,"Value added, gross",RO,Romania,1996,,1895.5,,,,,
dataflow,ESTAT:NAMA_10_A10(1.0),Gross value added and income by main industry (NACE Rev.2 ) - annual data,A,Annual,CP_MEUR,"Current prices, million euro",F,Construction,B1G,"Value added, gross",RO,Romania,1997,,1825.9,,,,,
dataflow,ESTAT:NAMA_10_A10(1.0),Gross value added and income by main industry (NACE Rev.2 ) - annual data,A,Annual,CP_MEUR,"Current prices, million euro",F,Construction,B1G,"Value added, gross",RO,Romania,1998,,2037.3,,,,,
dataflow,ESTAT:NAMA_10_A10(1.0),Gross value added and income by main industry (NACE Rev.2 ) - annual data,A,Annual,CP_MEUR,"Current prices, million euro",F,Construction,B1G,"Value added, gross",RO,Romania,1999,,1757.5,,,,,
dataflow,ESTAT:NAMA_10_A10(1.0),Gross value added and income by main industry (NACE Rev.2 ) - annual data,A,Annual,CP_MEUR,"Current prices, million euro",F,Construction,B1G,"Value added, gross",RO,Romania,2000,,2119.0,,,,,
dataflow,ESTAT:NAMA_10_A10(1.0),Gross value added and income by main industry (NACE Rev.2 ) - annual data,A,Annual,CP_MEUR,"Current prices, million euro",F,Construction,B1G,"Value added, gross",RO,Romania,2001,,2571.6,,,,,
dataflow,ESTAT:NAMA_10_A10(1.0),Gross value added and income by main industry (NACE Rev.2 ) - annual data,A,Annual,CP_MEUR,"Current prices, million euro",F,Construction,B1G,"Value added, gross",RO,Romania,2002,,3004.8,,,,,
dataflow,ESTAT:NAMA_10_A10(1.0),Gross value added and income by main industry (NACE Rev.2 ) - annual data,A,Annual,CP_MEUR,"Current prices, million euro",F,Construction,B1G,"Value added, gross",RO,Romania,2003,,3226.1,,,,,
dataflow,ESTAT:NAMA_10_A10(1.0),Gross value added and income by main industry (NACE Rev.2 ) - annual data,A,Annual,CP_MEUR,"Current prices, million euro",F,Construction,B1G,"Value added, gross",RO,Romania,2004,,3853.5,,,,,
dataflow,ESTAT:NAMA_10_A10(1.0),Gross value added and income by main industry (NACE Rev.2 ) - annual data,A,Annual,CP_MEUR,"Current prices, million euro",F,Construction,B1G,"Value added, gross",RO,Romania,2005,,5561.4,,,,,
dataflow,ESTAT:NAMA_10_A10(1.0),Gross value added and income by main industry (NACE Rev.2 ) - annual data,A,Annual,CP_MEUR,"Current prices, million euro",F,Construction,B1G,"Value added, gross",RO,Romania,2006,,7746.5,,,,,
dataflow,ESTAT:NAMA_10_A10(1.0),Gross value added and income by main industry (NACE Rev.2 ) - annual data,A,Annual,CP_MEUR,"Current prices, million euro",F,Construction,B1G,"Value added, gross",RO,Romania,2007,,12224.8,,,,,
dataflow,ESTAT:NAMA_10_A10(1.0),Gross value added and income by main industry (NACE Rev.2 ) - annual data,A,Annual,CP_MEUR,"Current prices, million euro",F,Construction,B1G,"Value added, gross",RO,Romania,2008,,16644.2,,,,,
dataflow,ESTAT:NAMA_10_A10(1.0),Gross value added and income by main industry (NACE Rev.2 ) - annual data,A,Annual,CP_MEUR,"Current prices, million euro",F,Construction,B1G,"Value added, gross",RO,Romania,2009,,13379.9,,,,,
dataflow,ESTAT:NAMA_10_A10(1.0),Gross value added and income by main industry (NACE Rev.2 ) - annual data,A,Annual,CP_MEUR,"Current prices, million euro",F,Construction,B1G,"Value added, gross",RO,Romania,2010,,10240.2,,,,,
dataflow,ESTAT:NAMA_10_A10(1.0),Gross value added and income by main industry (NACE Rev.2 ) - annual data,A,Annual,CP_MEUR,"Current prices, million euro",F,Construction,B1G,"Value added, gross",RO,Romania,2011,,9123.6,,,,,
dataflow,ESTAT:NAMA_10_A10(1.0),Gross value added and income by main industry (NACE Rev.2 ) - annual data,A,Annual,CP_MEUR,"Current prices, million euro",F,Construction,B1G,"Value added, gross",RO,Romania,2012,,10517.0,,,,,
dataflow,ESTAT:NAMA_10_A10(1.0),Gross value added and income by main industry (NACE Rev.2 ) - annual data,A,Annual,CP_MEUR,"Current prices, million euro",F,Construction,B1G,"Value added, gross",RO,Romania,2013,,9820.7,,,,,
dataflow,ESTAT:NAMA_10_A10(1.0),Gross value added and income by main industry (NACE Rev.2 ) - annual data,A,Annual,CP_MEUR,"Current prices, million euro",F,Construction,B1G,"Value added, gross",RO,Romania,2014,,9597.4,,,,,
dataflow,ESTAT:NAMA_10_A10(1.0),Gross value added and income by main industry (NACE Rev.2 ) - annual data,A,Annual,CP_MEUR,"Current prices, million euro",F,Construction,B1G,"Value added, gross",RO,Romania,2015,,9492.7,,,,,
dataflow,ESTAT:NAMA_10_A10(1.0),Gross value added and income by main industry (NACE Rev.2 ) - annual data,A,Annual,CP_MEUR,"Current prices, million euro",F,Construction,B1G,"Value added, gross",RO,Romania,2016,,10100.3,,,,,
dataflow,ESTAT:NAMA_10_A10(1.0),Gross value added and income by main industry (NACE Rev.2 ) - annual data,A,Annual,CP_MEUR,"Current prices, million euro",F,Construction,B1G,"Value added, gross",RO,Romania,2017,,10105.7,,,,,
dataflow,ESTAT:NAMA_10_A10(1.0),Gross value added and income by main industry (NACE Rev.2 ) - annual data,A,Annual,CP_MEUR,"Current prices, million euro",F,Construction,B1G,"Value added, gross",RO,Romania,2018,,12225.1,,,,,
dataflow,ESTAT:NAMA_10_A10(1.0),Gross value added and income by main industry (NACE Rev.2 ) - annual data,A,Annual,CP_MEUR,"Current prices, million euro",F,Construction,B1G,"Value added, gross",RO,Romania,2019,,14154.6,,,,,
dataflow,ESTAT:NAMA_10_A10(1.0),Gross value added and income by main industry (NACE Rev.2 ) - annual data,A,Annual,CP_MEUR,"Current prices, million euro",F,Construction,B1G,"Value added, gross",RO,Romania,2020,,14262.6,,,,,
dataflow,ESTAT:NAMA_10_A10(1.0),Gross value added and income by main industry (NACE Rev.2 ) - annual data,A,Annual,CP_MEUR,"Current prices, million euro",F,Construction,B1G,"Value added, gross",RO,Romania,2021,,15475.1,,,,,
dataflow,ESTAT:NAMA_10_A10(1.0),Gross value added and income by main industry (NACE Rev.2 ) - annual data,A,Annual,CP_MEUR,"Current prices, million euro",F,Construction,B1G,"Value added, gross",RO,Romania,2022,,19139.8,,,,,
dataflow,ESTAT:NAMA_10_A10(1.0),Gross value added and income by main industry (NACE Rev.2 ) - annual data,A,Annual,CP_MEUR,"Current prices, million euro",F,Construction,B1G,"Value added, gross",RO,Romania,2023,,25863.5,,,,,
dataflow,ESTAT:NAMA_10_A10(1.0),Gross value added and income by main industry (NACE Rev.2 ) - annual data,A,Annual,CP_MEUR,"Current prices, million euro",F,Construction,B1G,"Value added, gross",RO,Romania,2024,,28079.8,,p,provisional,,
dataflow,ESTAT:NAMA_10_A10(1.0),Gross value added and income by main industry (NACE Rev.2 ) - annual data,A,Annual,CP_MEUR,"Current prices, million euro",F,Construction,B1G,"Value added, gross",RO,Romania,2025,,32798.8,,p,provisional,,
dataflow,ESTAT:NAMA_10_A10(1.0),Gross value added and income by main industry (NACE Rev.2 ) - annual data,A,Annual,CP_MEUR,"Current prices, million euro",F,Construction,B1G,"Value added, gross",SE,Sweden,1993,,7750.6,,,,,
dataflow,ESTAT:NAMA_10_A10(1.0),Gross value added and income by main industry (NACE Rev.2 ) - annual data,A,Annual,CP_MEUR,"Current prices, million euro",F,Construction,B1G,"Value added, gross",SE,Sweden,1994,,7547.9,,,,,
dataflow,ESTAT:NAMA_10_A10(1.0),Gross value added and income by main industry (NACE Rev.2 ) - annual data,A,Annual,CP_MEUR,"Current prices, million euro",F,Construction,B1G,"Value added, gross",SE,Sweden,1995,,7695.1,,,,,
dataflow,ESTAT:NAMA_10_A10(1.0),Gross value added and income by main industry (NACE Rev.2 ) - annual data,A,Annual,CP_MEUR,"Current prices, million euro",F,Construction,B1G,"Value added, gross",SE,Sweden,1996,,8589.0,,,,,
dataflow,ESTAT:NAMA_10_A10(1.0),Gross value added and income by main industry (NACE Rev.2 ) - annual data,A,Annual,CP_MEUR,"Current prices, million euro",F,Construction,B1G,"Value added, gross",SE,Sweden,1997,,8399.5,,,,,
dataflow,ESTAT:NAMA_10_A10(1.0),Gross value added and income by main industry (NACE Rev.2 ) - annual data,A,Annual,CP_MEUR,"Current prices, million euro",F,Construction,B1G,"Value added, gross",SE,Sweden,1998,,8673.4,,,,,
dataflow,ESTAT:NAMA_10_A10(1.0),Gross value added and income by main industry (NACE Rev.2 ) - annual data,A,Annual,CP_MEUR,"Current prices, million euro",F,Construction,B1G,"Value added, gross",SE,Sweden,1999,,9376.4,,,,,
dataflow,ESTAT:NAMA_10_A10(1.0),Gross value added and income by main industry (NACE Rev.2 ) - annual data,A,Annual,CP_MEUR,"Current prices, million euro",F,Construction,B1G,"Value added, gross",SE,Sweden,2000,,10372.8,,,,,
dataflow,ESTAT:NAMA_10_A10(1.0),Gross value added and income by main industry (NACE Rev.2 ) - annual data,A,Annual,CP_MEUR,"Current prices, million euro",F,Construction,B1G,"Value added, gross",SE,Sweden,2001,,10575.1,,,,,
dataflow,ESTAT:NAMA_10_A10(1.0),Gross value added and income by main industry (NACE Rev.2 ) - annual data,A,Annual,CP_MEUR,"Current prices, million euro",F,Construction,B1G,"Value added, gross",SE,Sweden,2002,,11450.7,,,,,
dataflow,ESTAT:NAMA_10_A10(1.0),Gross value added and income by main industry (NACE Rev.2 ) - annual data,A,Annual,CP_MEUR,"Current prices, million euro",F,Construction,B1G,"Value added, gross",SE,Sweden,2003,,12113.5,,,,,
dataflow,ESTAT:NAMA_10_A10(1.0),Gross value added and income by main industry (NACE Rev.2 ) - annual data,A,Annual,CP_MEUR,"Current prices, million euro",F,Construction,B1G,"Value added, gross",SE,Sweden,2004,,13392.0,,,,,
dataflow,ESTAT:NAMA_10_A10(1.0),Gross value added and income by main industry (NACE Rev.2 ) - annual data,A,Annual,CP_MEUR,"Current prices, million euro",F,Construction,B1G,"Value added, gross",SE,Sweden,2005,,13519.2,,,,,
dataflow,ESTAT:NAMA_10_A10(1.0),Gross value added and income by main industry (NACE Rev.2 ) - annual data,A,Annual,CP_MEUR,"Current prices, million euro",F,Construction,B1G,"Value added, gross",SE,Sweden,2006,,15519.6,,,,,
dataflow,ESTAT:NAMA_10_A10(1.0),Gross value added and income by main industry (NACE Rev.2 ) - annual data,A,Annual,CP_MEUR,"Current prices, million euro",F,Construction,B1G,"Value added, gross",SE,Sweden,2007,,17558.0,,,,,
dataflow,ESTAT:NAMA_10_A10(1.0),Gross value added and income by main industry (NACE Rev.2 ) - annual data,A,Annual,CP_MEUR,"Current prices, million euro",F,Construction,B1G,"Value added, gross",SE,Sweden,2008,,16671.3,,,,,
dataflow,ESTAT:NAMA_10_A10(1.0),Gross value added and income by main industry (NACE Rev.2 ) - annual data,A,Annual,CP_MEUR,"Current prices, million euro",F,Construction,B1G,"Value added, gross",SE,Sweden,2009,,15588.5,,,,,
dataflow,ESTAT:NAMA_10_A10(1.0),Gross value added and income by main industry (NACE Rev.2 ) - annual data,A,Annual,CP_MEUR,"Current prices, million euro",F,Construction,B1G,"Value added, gross",SE,Sweden,2010,,18079.9,,,,,
dataflow,ESTAT:NAMA_10_A10(1.0),Gross value added and income by main industry (NACE Rev.2 ) - annual data,A,Annual,CP_MEUR,"Current prices, million euro",F,Construction,B1G,"Value added, gross",SE,Sweden,2011,,20610.1,,,,,
dataflow,ESTAT:NAMA_10_A10(1.0),Gross value added and income by main industry (NACE Rev.2 ) - annual data,A,Annual,CP_MEUR,"Current prices, million euro",F,Construction,B1G,"Value added, gross",SE,Sweden,2012,,22058.8,,,,,
dataflow,ESTAT:NAMA_10_A10(1.0),Gross value added and income by main industry (NACE Rev.2 ) - annual data,A,Annual,CP_MEUR,"Current prices, million euro",F,Construction,B1G,"Value added, gross",SE,Sweden,2013,,22311.0,,,,,
dataflow,ESTAT:NAMA_10_A10(1.0),Gross value added and income by main industry (NACE Rev.2 ) - annual data,A,Annual,CP_MEUR,"Current prices, million euro",F,Construction,B1G,"Value added, gross",SE,Sweden,2014,,22676.4,,,,,
dataflow,ESTAT:NAMA_10_A10(1.0),Gross value added and income by main industry (NACE Rev.2 ) - annual data,A,Annual,CP_MEUR,"Current prices, million euro",F,Construction,B1G,"Value added, gross",SE,Sweden,2015,,24630.4,,,,,
dataflow,ESTAT:NAMA_10_A10(1.0),Gross value added and income by main industry (NACE Rev.2 ) - annual data,A,Annual,CP_MEUR,"Current prices, million euro",F,Construction,B1G,"Value added, gross",SE,Sweden,2016,,25840.6,,,,,
dataflow,ESTAT:NAMA_10_A10(1.0),Gross value added and income by main industry (NACE Rev.2 ) - annual data,A,Annual,CP_MEUR,"Current prices, million euro",F,Construction,B1G,"Value added, gross",SE,Sweden,2017,,27215.9,,,,,
dataflow,ESTAT:NAMA_10_A10(1.0),Gross value added and income by main industry (NACE Rev.2 ) - annual data,A,Annual,CP_MEUR,"Current prices, million euro",F,Construction,B1G,"Value added, gross",SE,Sweden,2018,,27098.5,,,,,
dataflow,ESTAT:NAMA_10_A10(1.0),Gross value added and income by main industry (NACE Rev.2 ) - annual data,A,Annual,CP_MEUR,"Current prices, million euro",F,Construction,B1G,"Value added, gross",SE,Sweden,2019,,27493.6,,,,,
dataflow,ESTAT:NAMA_10_A10(1.0),Gross value added and income by main industry (NACE Rev.2 ) - annual data,A,Annual,CP_MEUR,"Current prices, million euro",F,Construction,B1G,"Value added, gross",SE,Sweden,2020,,28247.5,,,,,
dataflow,ESTAT:NAMA_10_A10(1.0),Gross value added and income by main industry (NACE Rev.2 ) - annual data,A,Annual,CP_MEUR,"Current prices, million euro",F,Construction,B1G,"Value added, gross",SE,Sweden,2021,,31335.7,,,,,
dataflow,ESTAT:NAMA_10_A10(1.0),Gross value added and income by main industry (NACE Rev.2 ) - annual data,A,Annual,CP_MEUR,"Current prices, million euro",F,Construction,B1G,"Value added, gross",SE,Sweden,2022,,32643.3,,,,,
dataflow,ESTAT:NAMA_10_A10(1.0),Gross value added and income by main industry (NACE Rev.2 ) - annual data,A,Annual,CP_MEUR,"Current prices, million euro",F,Construction,B1G,"Value added, gross",SE,Sweden,2023,,30856.3,,,,,
dataflow,ESTAT:NAMA_10_A10(1.0),Gross value added and income by main industry (NACE Rev.2 ) - annual data,A,Annual,CP_MEUR,"Current prices, million euro",F,Construction,B1G,"Value added, gross",SE,Sweden,2024,,30597.7,,,,,
dataflow,ESTAT:NAMA_10_A10(1.0),Gross value added and income by main industry (NACE Rev.2 ) - annual data,A,Annual,CP_MEUR,"Current prices, million euro",F,Construction,B1G,"Value added, gross",SE,Sweden,2025,,31856.9,,,,,
dataflow,ESTAT:NAMA_10_A10(1.0),Gross value added and income by main industry (NACE Rev.2 ) - annual data,A,Annual,CP_MEUR,"Current prices, million euro",F,Construction,B1G,"Value added, gross",SI,Slovenia,1995,,799.8,,,,,
dataflow,ESTAT:NAMA_10_A10(1.0),Gross value added and income by main industry (NACE Rev.2 ) - annual data,A,Annual,CP_MEUR,"Current prices, million euro",F,Construction,B1G,"Value added, gross",SI,Slovenia,1996,,896.6,,,,,
dataflow,ESTAT:NAMA_10_A10(1.0),Gross value added and income by main industry (NACE Rev.2 ) - annual data,A,Annual,CP_MEUR,"Current prices, million euro",F,Construction,B1G,"Value added, gross",SI,Slovenia,1997,,1016.2,,,,,
dataflow,ESTAT:NAMA_10_A10(1.0),Gross value added and income by main industry (NACE Rev.2 ) - annual data,A,Annual,CP_MEUR,"Current prices, million euro",F,Construction,B1G,"Value added, gross",SI,Slovenia,1998,,1083.5,,,,,
dataflow,ESTAT:NAMA_10_A10(1.0),Gross value added and income by main industry (NACE Rev.2 ) - annual data,A,Annual,CP_MEUR,"Current prices, million euro",F,Construction,B1G,"Value added, gross",SI,Slovenia,1999,,1265.1,,,,,
dataflow,ESTAT:NAMA_10_A10(1.0),Gross value added and income by main industry (NACE Rev.2 ) - annual data,A,Annual,CP_MEUR,"Current prices, million euro",F,Construction,B1G,"Value added, gross",SI,Slovenia,2000,,1229.8,,,,,
dataflow,ESTAT:NAMA_10_A10(1.0),Gross value added and income by main industry (NACE Rev.2 ) - annual data,A,Annual,CP_MEUR,"Current prices, million euro",F,Construction,B1G,"Value added, gross",SI,Slovenia,2001,,1236.0,,,,,
dataflow,ESTAT:NAMA_10_A10(1.0),Gross value added and income by main industry (NACE Rev.2 ) - annual data,A,Annual,CP_MEUR,"Current prices, million euro",F,Construction,B1G,"Value added, gross",SI,Slovenia,2002,,1261.3,,,,,
dataflow,ESTAT:NAMA_10_A10(1.0),Gross value added and income by main industry (NACE Rev.2 ) - annual data,A,Annual,CP_MEUR,"Current prices, million euro",F,Construction,B1G,"Value added, gross",SI,Slovenia,2003,,1380.8,,,,,
dataflow,ESTAT:NAMA_10_A10(1.0),Gross value added and income by main industry (NACE Rev.2 ) - annual data,A,Annual,CP_MEUR,"Current prices, million euro",F,Construction,B1G,"Value added, gross",SI,Slovenia,2004,,1452.1,,,,,
dataflow,ESTAT:NAMA_10_A10(1.0),Gross value added and income by main industry (NACE Rev.2 ) - annual data,A,Annual,CP_MEUR,"Current prices, million euro",F,Construction,B1G,"Value added, gross",SI,Slovenia,2005,,1636.3,,,,,
dataflow,ESTAT:NAMA_10_A10(1.0),Gross value added and income by main industry (NACE Rev.2 ) - annual data,A,Annual,CP_MEUR,"Current prices, million euro",F,Construction,B1G,"Value added, gross",SI,Slovenia,2006,,1926.3,,,,,
dataflow,ESTAT:NAMA_10_A10(1.0),Gross value added and income by main industry (NACE Rev.2 ) - annual data,A,Annual,CP_MEUR,"Current prices, million euro",F,Construction,B1G,"Value added, gross",SI,Slovenia,2007,,2416.6,,,,,
dataflow,ESTAT:NAMA_10_A10(1.0),Gross value added and income by main industry (NACE Rev.2 ) - annual data,A,Annual,CP_MEUR,"Current prices, million euro",F,Construction,B1G,"Value added, gross",SI,Slovenia,2008,,2721.7,,,,,
dataflow,ESTAT:NAMA_10_A10(1.0),Gross value added and income by main industry (NACE Rev.2 ) - annual data,A,Annual,CP_MEUR,"Current prices, million euro",F,Construction,B1G,"Value added, gross",SI,Slovenia,2009,,2434.1,,,,,
dataflow,ESTAT:NAMA_10_A10(1.0),Gross value added and income by main industry (NACE Rev.2 ) - annual data,A,Annual,CP_MEUR,"Current prices, million euro",F,Construction,B1G,"Value added, gross",SI,Slovenia,2010,,1976.0,,,,,
dataflow,ESTAT:NAMA_10_A10(1.0),Gross value added and income by main industry (NACE Rev.2 ) - annual data,A,Annual,CP_MEUR,"Current prices, million euro",F,Construction,B1G,"Value added, gross",SI,Slovenia,2011,,1855.5,,,,,
dataflow,ESTAT:NAMA_10_A10(1.0),Gross value added and income by main industry (NACE Rev.2 ) - annual data,A,Annual,CP_MEUR,"Current prices, million euro",F,Construction,B1G,"Value added, gross",SI,Slovenia,2012,,1780.0,,,,,
dataflow,ESTAT:NAMA_10_A10(1.0),Gross value added and income by main industry (NACE Rev.2 ) - annual data,A,Annual,CP_MEUR,"Current prices, million euro",F,Construction,B1G,"Value added, gross",SI,Slovenia,2013,,1612.6,,,,,
dataflow,ESTAT:NAMA_10_A10(1.0),Gross value added and income by main industry (NACE Rev.2 ) - annual data,A,Annual,CP_MEUR,"Current prices, million euro",F,Construction,B1G,"Value added, gross",SI,Slovenia,2014,,1807.4,,,,,
dataflow,ESTAT:NAMA_10_A10(1.0),Gross value added and income by main industry (NACE Rev.2 ) - annual data,A,Annual,CP_MEUR,"Current prices, million euro",F,Construction,B1G,"Value added, gross",SI,Slovenia,2015,,1756.3,,,,,
dataflow,ESTAT:NAMA_10_A10(1.0),Gross value added and income by main industry (NACE Rev.2 ) - annual data,A,Annual,CP_MEUR,"Current prices, million euro",F,Construction,B1G,"Value added, gross",SI,Slovenia,2016,,1759.9,,,,,
dataflow,ESTAT:NAMA_10_A10(1.0),Gross value added and income by main industry (NACE Rev.2 ) - annual data,A,Annual,CP_MEUR,"Current prices, million euro",F,Construction,B1G,"Value added, gross",SI,Slovenia,2017,,1945.8,,,,,
dataflow,ESTAT:NAMA_10_A10(1.0),Gross value added and income by main industry (NACE Rev.2 ) - annual data,A,Annual,CP_MEUR,"Current prices, million euro",F,Construction,B1G,"Value added, gross",SI,Slovenia,2018,,2227.9,,,,,
dataflow,ESTAT:NAMA_10_A10(1.0),Gross value added and income by main industry (NACE Rev.2 ) - annual data,A,Annual,CP_MEUR,"Current prices, million euro",F,Construction,B1G,"Value added, gross",SI,Slovenia,2019,,2475.9,,,,,
dataflow,ESTAT:NAMA_10_A10(1.0),Gross value added and income by main industry (NACE Rev.2 ) - annual data,A,Annual,CP_MEUR,"Current prices, million euro",F,Construction,B1G,"Value added, gross",SI,Slovenia,2020,,2451.5,,,,,
dataflow,ESTAT:NAMA_10_A10(1.0),Gross value added and income by main industry (NACE Rev.2 ) - annual data,A,Annual,CP_MEUR,"Current prices, million euro",F,Construction,B1G,"Value added, gross",SI,Slovenia,2021,,2770.5,,,,,
dataflow,ESTAT:NAMA_10_A10(1.0),Gross value added and income by main industry (NACE Rev.2 ) - annual data,A,Annual,CP_MEUR,"Current prices, million euro",F,Construction,B1G,"Value added, gross",SI,Slovenia,2022,,3378.0,,,,,
dataflow,ESTAT:NAMA_10_A10(1.0),Gross value added and income by main industry (NACE Rev.2 ) - annual data,A,Annual,CP_MEUR,"Current prices, million euro",F,Construction,B1G,"Value added, gross",SI,Slovenia,2023,,3947.1,,,,,
dataflow,ESTAT:NAMA_10_A10(1.0),Gross value added and income by main industry (NACE Rev.2 ) - annual data,A,Annual,CP_MEUR,"Current prices, million euro",F,Construction,B1G,"Value added, gross",SI,Slovenia,2024,,3975.5,,,,,
dataflow,ESTAT:NAMA_10_A10(1.0),Gross value added and income by main industry (NACE Rev.2 ) - annual data,A,Annual,CP_MEUR,"Current prices, million euro",F,Construction,B1G,"Value added, gross",SI,Slovenia,2025,,4338.5,,,,,
dataflow,ESTAT:NAMA_10_A10(1.0),Gross value added and income by main industry (NACE Rev.2 ) - annual data,A,Annual,CP_MEUR,"Current prices, million euro",F,Construction,B1G,"Value added, gross",SK,Slovakia,1995,,677.7,,,,,
dataflow,ESTAT:NAMA_10_A10(1.0),Gross value added and income by main industry (NACE Rev.2 ) - annual data,A,Annual,CP_MEUR,"Current prices, million euro",F,Construction,B1G,"Value added, gross",SK,Slovakia,1996,,1011.9,,,,,
dataflow,ESTAT:NAMA_10_A10(1.0),Gross value added and income by main industry (NACE Rev.2 ) - annual data,A,Annual,CP_MEUR,"Current prices, million euro",F,Construction,B1G,"Value added, gross",SK,Slovakia,1997,,1127.7,,,,,
dataflow,ESTAT:NAMA_10_A10(1.0),Gross value added and income by main industry (NACE Rev.2 ) - annual data,A,Annual,CP_MEUR,"Current prices, million euro",F,Construction,B1G,"Value added, gross",SK,Slovakia,1998,,1174.9,,,,,
dataflow,ESTAT:NAMA_10_A10(1.0),Gross value added and income by main industry (NACE Rev.2 ) - annual data,A,Annual,CP_MEUR,"Current prices, million euro",F,Construction,B1G,"Value added, gross",SK,Slovakia,1999,,1020.4,,,,,
dataflow,ESTAT:NAMA_10_A10(1.0),Gross value added and income by main industry (NACE Rev.2 ) - annual data,A,Annual,CP_MEUR,"Current prices, million euro",F,Construction,B1G,"Value added, gross",SK,Slovakia,2000,,1196.0,,,,,
dataflow,ESTAT:NAMA_10_A10(1.0),Gross value added and income by main industry (NACE Rev.2 ) - annual data,A,Annual,CP_MEUR,"Current prices, million euro",F,Construction,B1G,"Value added, gross",SK,Slovakia,2001,,1270.6,,,,,
dataflow,ESTAT:NAMA_10_A10(1.0),Gross value added and income by main industry (NACE Rev.2 ) - annual data,A,Annual,CP_MEUR,"Current prices, million euro",F,Construction,B1G,"Value added, gross",SK,Slovakia,2002,,1567.0,,,,,
dataflow,ESTAT:NAMA_10_A10(1.0),Gross value added and income by main industry (NACE Rev.2 ) - annual data,A,Annual,CP_MEUR,"Current prices, million euro",F,Construction,B1G,"Value added, gross",SK,Slovakia,2003,,1696.6,,,,,
dataflow,ESTAT:NAMA_10_A10(1.0),Gross value added and income by main industry (NACE Rev.2 ) - annual data,A,Annual,CP_MEUR,"Current prices, million euro",F,Construction,B1G,"Value added, gross",SK,Slovakia,2004,,2017.4,,,,,
dataflow,ESTAT:NAMA_10_A10(1.0),Gross value added and income by main industry (NACE Rev.2 ) - annual data,A,Annual,CP_MEUR,"Current prices, million euro",F,Construction,B1G,"Value added, gross",SK,Slovakia,2005,,2381.5,,,,,
dataflow,ESTAT:NAMA_10_A10(1.0),Gross value added and income by main industry (NACE Rev.2 ) - annual data,A,Annual,CP_MEUR,"Current prices, million euro",F,Construction,B1G,"Value added, gross",SK,Slovakia,2006,,3141.9,,,,,
dataflow,ESTAT:NAMA_10_A10(1.0),Gross value added and income by main industry (NACE Rev.2 ) - annual data,A,Annual,CP_MEUR,"Current prices, million euro",F,Construction,B1G,"Value added, gross",SK,Slovakia,2007,,4003.8,,,,,
dataflow,ESTAT:NAMA_10_A10(1.0),Gross value added and income by main industry (NACE Rev.2 ) - annual data,A,Annual,CP_MEUR,"Current prices, million euro",F,Construction,B1G,"Value added, gross",SK,Slovakia,2008,,5690.5,,,,,
dataflow,ESTAT:NAMA_10_A10(1.0),Gross value added and income by main industry (NACE Rev.2 ) - annual data,A,Annual,CP_MEUR,"Current prices, million euro",F,Construction,B1G,"Value added, gross",SK,Slovakia,2009,,5791.7,,,,,
dataflow,ESTAT:NAMA_10_A10(1.0),Gross value added and income by main industry (NACE Rev.2 ) - annual data,A,Annual,CP_MEUR,"Current prices, million euro",F,Construction,B1G,"Value added, gross",SK,Slovakia,2010,,5676.3,,,,,
dataflow,ESTAT:NAMA_10_A10(1.0),Gross value added and income by main industry (NACE Rev.2 ) - annual data,A,Annual,CP_MEUR,"Current prices, million euro",F,Construction,B1G,"Value added, gross",SK,Slovakia,2011,,5532.9,,,,,
dataflow,ESTAT:NAMA_10_A10(1.0),Gross value added and income by main industry (NACE Rev.2 ) - annual data,A,Annual,CP_MEUR,"Current prices, million euro",F,Construction,B1G,"Value added, gross",SK,Slovakia,2012,,5917.3,,,,,
dataflow,ESTAT:NAMA_10_A10(1.0),Gross value added and income by main industry (NACE Rev.2 ) - annual data,A,Annual,CP_MEUR,"Current prices, million euro",F,Construction,B1G,"Value added, gross",SK,Slovakia,2013,,5144.2,,,,,
dataflow,ESTAT:NAMA_10_A10(1.0),Gross value added and income by main industry (NACE Rev.2 ) - annual data,A,Annual,CP_MEUR,"Current prices, million euro",F,Construction,B1G,"Value added, gross",SK,Slovakia,2014,,5437.6,,,,,
dataflow,ESTAT:NAMA_10_A10(1.0),Gross value added and income by main industry (NACE Rev.2 ) - annual data,A,Annual,CP_MEUR,"Current prices, million euro",F,Construction,B1G,"Value added, gross",SK,Slovakia,2015,,5869.0,,,,,
dataflow,ESTAT:NAMA_10_A10(1.0),Gross value added and income by main industry (NACE Rev.2 ) - annual data,A,Annual,CP_MEUR,"Current prices, million euro",F,Construction,B1G,"Value added, gross",SK,Slovakia,2016,,5860.3,,,,,
dataflow,ESTAT:NAMA_10_A10(1.0),Gross value added and income by main industry (NACE Rev.2 ) - annual data,A,Annual,CP_MEUR,"Current prices, million euro",F,Construction,B1G,"Value added, gross",SK,Slovakia,2017,,6423.2,,,,,
dataflow,ESTAT:NAMA_10_A10(1.0),Gross value added and income by main industry (NACE Rev.2 ) - annual data,A,Annual,CP_MEUR,"Current prices, million euro",F,Construction,B1G,"Value added, gross",SK,Slovakia,2018,,6661.3,,,,,
dataflow,ESTAT:NAMA_10_A10(1.0),Gross value added and income by main industry (NACE Rev.2 ) - annual data,A,Annual,CP_MEUR,"Current prices, million euro",F,Construction,B1G,"Value added, gross",SK,Slovakia,2019,,6233.2,,,,,
dataflow,ESTAT:NAMA_10_A10(1.0),Gross value added and income by main industry (NACE Rev.2 ) - annual data,A,Annual,CP_MEUR,"Current prices, million euro",F,Construction,B1G,"Value added, gross",SK,Slovakia,2020,,6595.4,,,,,
dataflow,ESTAT:NAMA_10_A10(1.0),Gross value added and income by main industry (NACE Rev.2 ) - annual data,A,Annual,CP_MEUR,"Current prices, million euro",F,Construction,B1G,"Value added, gross",SK,Slovakia,2021,,7937.5,,,,,
dataflow,ESTAT:NAMA_10_A10(1.0),Gross value added and income by main industry (NACE Rev.2 ) - annual data,A,Annual,CP_MEUR,"Current prices, million euro",F,Construction,B1G,"Value added, gross",SK,Slovakia,2022,,8405.2,,,,,
dataflow,ESTAT:NAMA_10_A10(1.0),Gross value added and income by main industry (NACE Rev.2 ) - annual data,A,Annual,CP_MEUR,"Current prices, million euro",F,Construction,B1G,"Value added, gross",SK,Slovakia,2023,,9692.8,,,,,
dataflow,ESTAT:NAMA_10_A10(1.0),Gross value added and income by main industry (NACE Rev.2 ) - annual data,A,Annual,CP_MEUR,"Current prices, million euro",F,Construction,B1G,"Value added, gross",SK,Slovakia,2024,,10099.4,,,,,
dataflow,ESTAT:NAMA_10_A10(1.0),Gross value added and income by main industry (NACE Rev.2 ) - annual data,A,Annual,CP_MEUR,"Current prices, million euro",F,Construction,B1G,"Value added, gross",SK,Slovakia,2025,,10508.7,,,,,
