STRUCTURE,STRUCTURE_ID,STRUCTURE_NAME,freq,Time frequency,nrg_bal,Energy balance,unit,Unit of measure,geo,Geopolitical entity (reporting),TIME_PERIOD,Time,OBS_VALUE,Observation value,OBS_FLAG,Observation status (Flag) V2 structure,CONF_STATUS,Confidentiality status (flag)
dataflow,ESTAT:NRG_IND_EI(1.0),Energy intensity,A,Annual,EI_GDP_PPS,Energy intensity of GDP in purchasing power standards (PPS),KGOE_TEUR_PPS,Kilograms of oil equivalent (KGOE) per thousand euro in purchasing power standards (PPS),AL,Albania,1997,,166.69,,,,,
dataflow,ESTAT:NRG_IND_EI(1.0),Energy intensity,A,Annual,EI_GDP_PPS,Energy intensity of GDP in purchasing power standards (PPS),KGOE_TEUR_PPS,Kilograms of oil equivalent (KGOE) per thousand euro in purchasing power standards (PPS),AL,Albania,1998,,166.37,,,,,
dataflow,ESTAT:NRG_IND_EI(1.0),Energy intensity,A,Annual,EI_GDP_PPS,Energy intensity of GDP in purchasing power standards (PPS),KGOE_TEUR_PPS,Kilograms of oil equivalent (KGOE) per thousand euro in purchasing power standards (PPS),AL,Albania,1999,,199.91,,,,,
dataflow,ESTAT:NRG_IND_EI(1.0),Energy intensity,A,Annual,EI_GDP_PPS,Energy intensity of GDP in purchasing power standards (PPS),KGOE_TEUR_PPS,Kilograms of oil equivalent (KGOE) per thousand euro in purchasing power standards (PPS),AL,Albania,2000,,181.00,,,,,
dataflow,ESTAT:NRG_IND_EI(1.0),Energy intensity,A,Annual,EI_GDP_PPS,Energy intensity of GDP in purchasing power standards (PPS),KGOE_TEUR_PPS,Kilograms of oil equivalent (KGOE) per thousand euro in purchasing power standards (PPS),AL,Albania,2001,,167.26,,,,,
dataflow,ESTAT:NRG_IND_EI(1.0),Energy intensity,A,Annual,EI_GDP_PPS,Energy intensity of GDP in purchasing power standards (PPS),KGOE_TEUR_PPS,Kilograms of oil equivalent (KGOE) per thousand euro in purchasing power standards (PPS),AL,Albania,2002,,172.04,,,,,
dataflow,ESTAT:NRG_IND_EI(1.0),Energy intensity,A,Annual,EI_GDP_PPS,Energy intensity of GDP in purchasing power standards (PPS),KGOE_TEUR_PPS,Kilograms of oil equivalent (KGOE) per thousand euro in purchasing power standards (PPS),AL,Albania,2003,,158.08,,,,,
dataflow,ESTAT:NRG_IND_EI(1.0),Energy intensity,A,Annual,EI_GDP_PPS,Energy intensity of GDP in purchasing power standards (PPS),KGOE_TEUR_PPS,Kilograms of oil equivalent (KGOE) per thousand euro in purchasing power standards (PPS),AL,Albania,2004,,161.74,,,,,
dataflow,ESTAT:NRG_IND_EI(1.0),Energy intensity,A,Annual,EI_GDP_PPS,Energy intensity of GDP in purchasing power standards (PPS),KGOE_TEUR_PPS,Kilograms of oil equivalent (KGOE) per thousand euro in purchasing power standards (PPS),AL,Albania,2005,,151.71,,,,,
dataflow,ESTAT:NRG_IND_EI(1.0),Energy intensity,A,Annual,EI_GDP_PPS,Energy intensity of GDP in purchasing power standards (PPS),KGOE_TEUR_PPS,Kilograms of oil equivalent (KGOE) per thousand euro in purchasing power standards (PPS),AL,Albania,2006,,135.80,,,,,
dataflow,ESTAT:NRG_IND_EI(1.0),Energy intensity,A,Annual,EI_GDP_PPS,Energy intensity of GDP in purchasing power standards (PPS),KGOE_TEUR_PPS,Kilograms of oil equivalent (KGOE) per thousand euro in purchasing power standards (PPS),AL,Albania,2007,,115.62,,,,,
dataflow,ESTAT:NRG_IND_EI(1.0),Energy intensity,A,Annual,EI_GDP_PPS,Energy intensity of GDP in purchasing power standards (PPS),KGOE_TEUR_PPS,Kilograms of oil equivalent (KGOE) per thousand euro in purchasing power standards (PPS),AL,Albania,2008,,110.48,,,,,
dataflow,ESTAT:NRG_IND_EI(1.0),Energy intensity,A,Annual,EI_GDP_PPS,Energy intensity of GDP in purchasing power standards (PPS),KGOE_TEUR_PPS,Kilograms of oil equivalent (KGOE) per thousand euro in purchasing power standards (PPS),AL,Albania,2009,,108.79,,,,,
dataflow,ESTAT:NRG_IND_EI(1.0),Energy intensity,A,Annual,EI_GDP_PPS,Energy intensity of GDP in purchasing power standards (PPS),KGOE_TEUR_PPS,Kilograms of oil equivalent (KGOE) per thousand euro in purchasing power standards (PPS),AL,Albania,2010,,100.04,,,,,
dataflow,ESTAT:NRG_IND_EI(1.0),Energy intensity,A,Annual,EI_GDP_PPS,Energy intensity of GDP in purchasing power standards (PPS),KGOE_TEUR_PPS,Kilograms of oil equivalent (KGOE) per thousand euro in purchasing power standards (PPS),AL,Albania,2011,,100.95,,,,,
dataflow,ESTAT:NRG_IND_EI(1.0),Energy intensity,A,Annual,EI_GDP_PPS,Energy intensity of GDP in purchasing power standards (PPS),KGOE_TEUR_PPS,Kilograms of oil equivalent (KGOE) per thousand euro in purchasing power standards (PPS),AL,Albania,2012,,90.27,,,,,
dataflow,ESTAT:NRG_IND_EI(1.0),Energy intensity,A,Annual,EI_GDP_PPS,Energy intensity of GDP in purchasing power standards (PPS),KGOE_TEUR_PPS,Kilograms of oil equivalent (KGOE) per thousand euro in purchasing power standards (PPS),AL,Albania,2013,,107.83,,,,,
dataflow,ESTAT:NRG_IND_EI(1.0),Energy intensity,A,Annual,EI_GDP_PPS,Energy intensity of GDP in purchasing power standards (PPS),KGOE_TEUR_PPS,Kilograms of oil equivalent (KGOE) per thousand euro in purchasing power standards (PPS),AL,Albania,2014,,101.38,,,,,
dataflow,ESTAT:NRG_IND_EI(1.0),Energy intensity,A,Annual,EI_GDP_PPS,Energy intensity of GDP in purchasing power standards (PPS),KGOE_TEUR_PPS,Kilograms of oil equivalent (KGOE) per thousand euro in purchasing power standards (PPS),AL,Albania,2015,,91.21,,,,,
dataflow,ESTAT:NRG_IND_EI(1.0),Energy intensity,A,Annual,EI_GDP_PPS,Energy intensity of GDP in purchasing power standards (PPS),KGOE_TEUR_PPS,Kilograms of oil equivalent (KGOE) per thousand euro in purchasing power standards (PPS),AL,Albania,2016,,94.53,,,,,
dataflow,ESTAT:NRG_IND_EI(1.0),Energy intensity,A,Annual,EI_GDP_PPS,Energy intensity of GDP in purchasing power standards (PPS),KGOE_TEUR_PPS,Kilograms of oil equivalent (KGOE) per thousand euro in purchasing power standards (PPS),AL,Albania,2017,,93.98,,,,,
dataflow,ESTAT:NRG_IND_EI(1.0),Energy intensity,A,Annual,EI_GDP_PPS,Energy intensity of GDP in purchasing power standards (PPS),KGOE_TEUR_PPS,Kilograms of oil equivalent (KGOE) per thousand euro in purchasing power standards (PPS),AL,Albania,2018,,90.07,,,,,
dataflow,ESTAT:NRG_IND_EI(1.0),Energy intensity,A,Annual,EI_GDP_PPS,Energy intensity of GDP in purchasing power standards (PPS),KGOE_TEUR_PPS,Kilograms of oil equivalent (KGOE) per thousand euro in purchasing power standards (PPS),AL,Albania,2019,,86.91,,,,,
dataflow,ESTAT:NRG_IND_EI(1.0),Energy intensity,A,Annual,EI_GDP_PPS,Energy intensity of GDP in purchasing power standards (PPS),KGOE_TEUR_PPS,Kilograms of oil equivalent (KGOE) per thousand euro in purchasing power standards (PPS),AL,Albania,2020,,84.18,,,,,
dataflow,ESTAT:NRG_IND_EI(1.0),Energy intensity,A,Annual,EI_GDP_PPS,Energy intensity of GDP in purchasing power standards (PPS),KGOE_TEUR_PPS,Kilograms of oil equivalent (KGOE) per thousand euro in purchasing power standards (PPS),AL,Albania,2021,,80.45,,,,,
dataflow,ESTAT:NRG_IND_EI(1.0),Energy intensity,A,Annual,EI_GDP_PPS,Energy intensity of GDP in purchasing power standards (PPS),KGOE_TEUR_PPS,Kilograms of oil equivalent (KGOE) per thousand euro in purchasing power standards (PPS),AL,Albania,2022,,66.84,,,,,
dataflow,ESTAT:NRG_IND_EI(1.0),Energy intensity,A,Annual,EI_GDP_PPS,Energy intensity of GDP in purchasing power standards (PPS),KGOE_TEUR_PPS,Kilograms of oil equivalent (KGOE) per thousand euro in purchasing power standards (PPS),AL,Albania,2023,,59.69,,,,,
dataflow,ESTAT:NRG_IND_EI(1.0),Energy intensity,A,Annual,EI_GDP_PPS,Energy intensity of GDP in purchasing power standards (PPS),KGOE_TEUR_PPS,Kilograms of oil equivalent (KGOE) per thousand euro in purchasing power standards (PPS),AL,Albania,2024,,56.72,,,,,
dataflow,ESTAT:NRG_IND_EI(1.0),Energy intensity,A,Annual,EI_GDP_PPS,Energy intensity of GDP in purchasing power standards (PPS),KGOE_TEUR_PPS,Kilograms of oil equivalent (KGOE) per thousand euro in purchasing power standards (PPS),AT,Austria,1995,,173.77,,,,,
dataflow,ESTAT:NRG_IND_EI(1.0),Energy intensity,A,Annual,EI_GDP_PPS,Energy intensity of GDP in purchasing power standards (PPS),KGOE_TEUR_PPS,Kilograms of oil equivalent (KGOE) per thousand euro in purchasing power standards (PPS),AT,Austria,1996,,176.43,,,,,
dataflow,ESTAT:NRG_IND_EI(1.0),Energy intensity,A,Annual,EI_GDP_PPS,Energy intensity of GDP in purchasing power standards (PPS),KGOE_TEUR_PPS,Kilograms of oil equivalent (KGOE) per thousand euro in purchasing power standards (PPS),AT,Austria,1997,,171.07,,,,,
dataflow,ESTAT:NRG_IND_EI(1.0),Energy intensity,A,Annual,EI_GDP_PPS,Energy intensity of GDP in purchasing power standards (PPS),KGOE_TEUR_PPS,Kilograms of oil equivalent (KGOE) per thousand euro in purchasing power standards (PPS),AT,Austria,1998,,166.71,,,,,
dataflow,ESTAT:NRG_IND_EI(1.0),Energy intensity,A,Annual,EI_GDP_PPS,Energy intensity of GDP in purchasing power standards (PPS),KGOE_TEUR_PPS,Kilograms of oil equivalent (KGOE) per thousand euro in purchasing power standards (PPS),AT,Austria,1999,,159.56,,,,,
dataflow,ESTAT:NRG_IND_EI(1.0),Energy intensity,A,Annual,EI_GDP_PPS,Energy intensity of GDP in purchasing power standards (PPS),KGOE_TEUR_PPS,Kilograms of oil equivalent (KGOE) per thousand euro in purchasing power standards (PPS),AT,Austria,2000,,150.40,,,,,
dataflow,ESTAT:NRG_IND_EI(1.0),Energy intensity,A,Annual,EI_GDP_PPS,Energy intensity of GDP in purchasing power standards (PPS),KGOE_TEUR_PPS,Kilograms of oil equivalent (KGOE) per thousand euro in purchasing power standards (PPS),AT,Austria,2001,,156.78,,,,,
dataflow,ESTAT:NRG_IND_EI(1.0),Energy intensity,A,Annual,EI_GDP_PPS,Energy intensity of GDP in purchasing power standards (PPS),KGOE_TEUR_PPS,Kilograms of oil equivalent (KGOE) per thousand euro in purchasing power standards (PPS),AT,Austria,2002,,151.30,,,,,
dataflow,ESTAT:NRG_IND_EI(1.0),Energy intensity,A,Annual,EI_GDP_PPS,Energy intensity of GDP in purchasing power standards (PPS),KGOE_TEUR_PPS,Kilograms of oil equivalent (KGOE) per thousand euro in purchasing power standards (PPS),AT,Austria,2003,,153.23,,,,,
dataflow,ESTAT:NRG_IND_EI(1.0),Energy intensity,A,Annual,EI_GDP_PPS,Energy intensity of GDP in purchasing power standards (PPS),KGOE_TEUR_PPS,Kilograms of oil equivalent (KGOE) per thousand euro in purchasing power standards (PPS),AT,Austria,2004,,147.87,,,,,
dataflow,ESTAT:NRG_IND_EI(1.0),Energy intensity,A,Annual,EI_GDP_PPS,Energy intensity of GDP in purchasing power standards (PPS),KGOE_TEUR_PPS,Kilograms of oil equivalent (KGOE) per thousand euro in purchasing power standards (PPS),AT,Austria,2005,,146.78,,,,,
dataflow,ESTAT:NRG_IND_EI(1.0),Energy intensity,A,Annual,EI_GDP_PPS,Energy intensity of GDP in purchasing power standards (PPS),KGOE_TEUR_PPS,Kilograms of oil equivalent (KGOE) per thousand euro in purchasing power standards (PPS),AT,Austria,2006,,141.19,,,,,
dataflow,ESTAT:NRG_IND_EI(1.0),Energy intensity,A,Annual,EI_GDP_PPS,Energy intensity of GDP in purchasing power standards (PPS),KGOE_TEUR_PPS,Kilograms of oil equivalent (KGOE) per thousand euro in purchasing power standards (PPS),AT,Austria,2007,,132.92,,,,,
dataflow,ESTAT:NRG_IND_EI(1.0),Energy intensity,A,Annual,EI_GDP_PPS,Energy intensity of GDP in purchasing power standards (PPS),KGOE_TEUR_PPS,Kilograms of oil equivalent (KGOE) per thousand euro in purchasing power standards (PPS),AT,Austria,2008,,129.74,,,,,
dataflow,ESTAT:NRG_IND_EI(1.0),Energy intensity,A,Annual,EI_GDP_PPS,Energy intensity of GDP in purchasing power standards (PPS),KGOE_TEUR_PPS,Kilograms of oil equivalent (KGOE) per thousand euro in purchasing power standards (PPS),AT,Austria,2009,,127.41,,,,,
dataflow,ESTAT:NRG_IND_EI(1.0),Energy intensity,A,Annual,EI_GDP_PPS,Energy intensity of GDP in purchasing power standards (PPS),KGOE_TEUR_PPS,Kilograms of oil equivalent (KGOE) per thousand euro in purchasing power standards (PPS),AT,Austria,2010,,131.90,,,,,
dataflow,ESTAT:NRG_IND_EI(1.0),Energy intensity,A,Annual,EI_GDP_PPS,Energy intensity of GDP in purchasing power standards (PPS),KGOE_TEUR_PPS,Kilograms of oil equivalent (KGOE) per thousand euro in purchasing power standards (PPS),AT,Austria,2011,,122.51,,,,,
dataflow,ESTAT:NRG_IND_EI(1.0),Energy intensity,A,Annual,EI_GDP_PPS,Energy intensity of GDP in purchasing power standards (PPS),KGOE_TEUR_PPS,Kilograms of oil equivalent (KGOE) per thousand euro in purchasing power standards (PPS),AT,Austria,2012,,117.43,,,,,
dataflow,ESTAT:NRG_IND_EI(1.0),Energy intensity,A,Annual,EI_GDP_PPS,Energy intensity of GDP in purchasing power standards (PPS),KGOE_TEUR_PPS,Kilograms of oil equivalent (KGOE) per thousand euro in purchasing power standards (PPS),AT,Austria,2013,,117.36,,,,,
dataflow,ESTAT:NRG_IND_EI(1.0),Energy intensity,A,Annual,EI_GDP_PPS,Energy intensity of GDP in purchasing power standards (PPS),KGOE_TEUR_PPS,Kilograms of oil equivalent (KGOE) per thousand euro in purchasing power standards (PPS),AT,Austria,2014,,111.20,,,,,
dataflow,ESTAT:NRG_IND_EI(1.0),Energy intensity,A,Annual,EI_GDP_PPS,Energy intensity of GDP in purchasing power standards (PPS),KGOE_TEUR_PPS,Kilograms of oil equivalent (KGOE) per thousand euro in purchasing power standards (PPS),AT,Austria,2015,,109.58,,,,,
dataflow,ESTAT:NRG_IND_EI(1.0),Energy intensity,A,Annual,EI_GDP_PPS,Energy intensity of GDP in purchasing power standards (PPS),KGOE_TEUR_PPS,Kilograms of oil equivalent (KGOE) per thousand euro in purchasing power standards (PPS),AT,Austria,2016,,107.58,,,,,
dataflow,ESTAT:NRG_IND_EI(1.0),Energy intensity,A,Annual,EI_GDP_PPS,Energy intensity of GDP in purchasing power standards (PPS),KGOE_TEUR_PPS,Kilograms of oil equivalent (KGOE) per thousand euro in purchasing power standards (PPS),AT,Austria,2017,,106.98,,,,,
dataflow,ESTAT:NRG_IND_EI(1.0),Energy intensity,A,Annual,EI_GDP_PPS,Energy intensity of GDP in purchasing power standards (PPS),KGOE_TEUR_PPS,Kilograms of oil equivalent (KGOE) per thousand euro in purchasing power standards (PPS),AT,Austria,2018,,100.22,,,,,
dataflow,ESTAT:NRG_IND_EI(1.0),Energy intensity,A,Annual,EI_GDP_PPS,Energy intensity of GDP in purchasing power standards (PPS),KGOE_TEUR_PPS,Kilograms of oil equivalent (KGOE) per thousand euro in purchasing power standards (PPS),AT,Austria,2019,,99.79,,,,,
dataflow,ESTAT:NRG_IND_EI(1.0),Energy intensity,A,Annual,EI_GDP_PPS,Energy intensity of GDP in purchasing power standards (PPS),KGOE_TEUR_PPS,Kilograms of oil equivalent (KGOE) per thousand euro in purchasing power standards (PPS),AT,Austria,2020,,96.90,,,,,
dataflow,ESTAT:NRG_IND_EI(1.0),Energy intensity,A,Annual,EI_GDP_PPS,Energy intensity of GDP in purchasing power standards (PPS),KGOE_TEUR_PPS,Kilograms of oil equivalent (KGOE) per thousand euro in purchasing power standards (PPS),AT,Austria,2021,,94.99,,,,,
dataflow,ESTAT:NRG_IND_EI(1.0),Energy intensity,A,Annual,EI_GDP_PPS,Energy intensity of GDP in purchasing power standards (PPS),KGOE_TEUR_PPS,Kilograms of oil equivalent (KGOE) per thousand euro in purchasing power standards (PPS),AT,Austria,2022,,81.14,,,,,
dataflow,ESTAT:NRG_IND_EI(1.0),Energy intensity,A,Annual,EI_GDP_PPS,Energy intensity of GDP in purchasing power standards (PPS),KGOE_TEUR_PPS,Kilograms of oil equivalent (KGOE) per thousand euro in purchasing power standards (PPS),AT,Austria,2023,,75.61,,,,,
dataflow,ESTAT:NRG_IND_EI(1.0),Energy intensity,A,Annual,EI_GDP_PPS,Energy intensity of GDP in purchasing power standards (PPS),KGOE_TEUR_PPS,Kilograms of oil equivalent (KGOE) per thousand euro in purchasing power standards (PPS),AT,Austria,2024,,72.86,,,,,
dataflow,ESTAT:NRG_IND_EI(1.0),Energy intensity,A,Annual,EI_GDP_PPS,Energy intensity of GDP in purchasing power standards (PPS),KGOE_TEUR_PPS,Kilograms of oil equivalent (KGOE) per thousand euro in purchasing power standards (PPS),BA,Bosnia and Herzegovina,2014,,210.36,,,,,
dataflow,ESTAT:NRG_IND_EI(1.0),Energy intensity,A,Annual,EI_GDP_PPS,Energy intensity of GDP in purchasing power standards (PPS),KGOE_TEUR_PPS,Kilograms of oil equivalent (KGOE) per thousand euro in purchasing power standards (PPS),BA,Bosnia and Herzegovina,2015,,206.32,,,,,
dataflow,ESTAT:NRG_IND_EI(1.0),Energy intensity,A,Annual,EI_GDP_PPS,Energy intensity of GDP in purchasing power standards (PPS),KGOE_TEUR_PPS,Kilograms of oil equivalent (KGOE) per thousand euro in purchasing power standards (PPS),BA,Bosnia and Herzegovina,2016,,217.45,,,,,
dataflow,ESTAT:NRG_IND_EI(1.0),Energy intensity,A,Annual,EI_GDP_PPS,Energy intensity of GDP in purchasing power standards (PPS),KGOE_TEUR_PPS,Kilograms of oil equivalent (KGOE) per thousand euro in purchasing power standards (PPS),BA,Bosnia and Herzegovina,2017,,210.47,,,,,
dataflow,ESTAT:NRG_IND_EI(1.0),Energy intensity,A,Annual,EI_GDP_PPS,Energy intensity of GDP in purchasing power standards (PPS),KGOE_TEUR_PPS,Kilograms of oil equivalent (KGOE) per thousand euro in purchasing power standards (PPS),BA,Bosnia and Herzegovina,2018,,219.13,,,,,
dataflow,ESTAT:NRG_IND_EI(1.0),Energy intensity,A,Annual,EI_GDP_PPS,Energy intensity of GDP in purchasing power standards (PPS),KGOE_TEUR_PPS,Kilograms of oil equivalent (KGOE) per thousand euro in purchasing power standards (PPS),BA,Bosnia and Herzegovina,2019,,202.26,,,,,
dataflow,ESTAT:NRG_IND_EI(1.0),Energy intensity,A,Annual,EI_GDP_PPS,Energy intensity of GDP in purchasing power standards (PPS),KGOE_TEUR_PPS,Kilograms of oil equivalent (KGOE) per thousand euro in purchasing power standards (PPS),BA,Bosnia and Herzegovina,2020,,206.02,,,,,
dataflow,ESTAT:NRG_IND_EI(1.0),Energy intensity,A,Annual,EI_GDP_PPS,Energy intensity of GDP in purchasing power standards (PPS),KGOE_TEUR_PPS,Kilograms of oil equivalent (KGOE) per thousand euro in purchasing power standards (PPS),BA,Bosnia and Herzegovina,2021,,194.82,,,,,
dataflow,ESTAT:NRG_IND_EI(1.0),Energy intensity,A,Annual,EI_GDP_PPS,Energy intensity of GDP in purchasing power standards (PPS),KGOE_TEUR_PPS,Kilograms of oil equivalent (KGOE) per thousand euro in purchasing power standards (PPS),BA,Bosnia and Herzegovina,2022,,170.66,,,,,
dataflow,ESTAT:NRG_IND_EI(1.0),Energy intensity,A,Annual,EI_GDP_PPS,Energy intensity of GDP in purchasing power standards (PPS),KGOE_TEUR_PPS,Kilograms of oil equivalent (KGOE) per thousand euro in purchasing power standards (PPS),BA,Bosnia and Herzegovina,2023,,149.46,,,,,
dataflow,ESTAT:NRG_IND_EI(1.0),Energy intensity,A,Annual,EI_GDP_PPS,Energy intensity of GDP in purchasing power standards (PPS),KGOE_TEUR_PPS,Kilograms of oil equivalent (KGOE) per thousand euro in purchasing power standards (PPS),BA,Bosnia and Herzegovina,2024,,138.62,,,,,
dataflow,ESTAT:NRG_IND_EI(1.0),Energy intensity,A,Annual,EI_GDP_PPS,Energy intensity of GDP in purchasing power standards (PPS),KGOE_TEUR_PPS,Kilograms of oil equivalent (KGOE) per thousand euro in purchasing power standards (PPS),BE,Belgium,1995,,304.61,,,,,
dataflow,ESTAT:NRG_IND_EI(1.0),Energy intensity,A,Annual,EI_GDP_PPS,Energy intensity of GDP in purchasing power standards (PPS),KGOE_TEUR_PPS,Kilograms of oil equivalent (KGOE) per thousand euro in purchasing power standards (PPS),BE,Belgium,1996,,314.53,,,,,
dataflow,ESTAT:NRG_IND_EI(1.0),Energy intensity,A,Annual,EI_GDP_PPS,Energy intensity of GDP in purchasing power standards (PPS),KGOE_TEUR_PPS,Kilograms of oil equivalent (KGOE) per thousand euro in purchasing power standards (PPS),BE,Belgium,1997,,308.79,,,,,
dataflow,ESTAT:NRG_IND_EI(1.0),Energy intensity,A,Annual,EI_GDP_PPS,Energy intensity of GDP in purchasing power standards (PPS),KGOE_TEUR_PPS,Kilograms of oil equivalent (KGOE) per thousand euro in purchasing power standards (PPS),BE,Belgium,1998,,309.16,,,,,
dataflow,ESTAT:NRG_IND_EI(1.0),Energy intensity,A,Annual,EI_GDP_PPS,Energy intensity of GDP in purchasing power standards (PPS),KGOE_TEUR_PPS,Kilograms of oil equivalent (KGOE) per thousand euro in purchasing power standards (PPS),BE,Belgium,1999,,291.45,,,,,
dataflow,ESTAT:NRG_IND_EI(1.0),Energy intensity,A,Annual,EI_GDP_PPS,Energy intensity of GDP in purchasing power standards (PPS),KGOE_TEUR_PPS,Kilograms of oil equivalent (KGOE) per thousand euro in purchasing power standards (PPS),BE,Belgium,2000,,273.73,,,,,
dataflow,ESTAT:NRG_IND_EI(1.0),Energy intensity,A,Annual,EI_GDP_PPS,Energy intensity of GDP in purchasing power standards (PPS),KGOE_TEUR_PPS,Kilograms of oil equivalent (KGOE) per thousand euro in purchasing power standards (PPS),BE,Belgium,2001,,261.62,,,,,
dataflow,ESTAT:NRG_IND_EI(1.0),Energy intensity,A,Annual,EI_GDP_PPS,Energy intensity of GDP in purchasing power standards (PPS),KGOE_TEUR_PPS,Kilograms of oil equivalent (KGOE) per thousand euro in purchasing power standards (PPS),BE,Belgium,2002,,247.95,,,,,
dataflow,ESTAT:NRG_IND_EI(1.0),Energy intensity,A,Annual,EI_GDP_PPS,Energy intensity of GDP in purchasing power standards (PPS),KGOE_TEUR_PPS,Kilograms of oil equivalent (KGOE) per thousand euro in purchasing power standards (PPS),BE,Belgium,2003,,253.35,,,,,
dataflow,ESTAT:NRG_IND_EI(1.0),Energy intensity,A,Annual,EI_GDP_PPS,Energy intensity of GDP in purchasing power standards (PPS),KGOE_TEUR_PPS,Kilograms of oil equivalent (KGOE) per thousand euro in purchasing power standards (PPS),BE,Belgium,2004,,246.79,,,,,
dataflow,ESTAT:NRG_IND_EI(1.0),Energy intensity,A,Annual,EI_GDP_PPS,Energy intensity of GDP in purchasing power standards (PPS),KGOE_TEUR_PPS,Kilograms of oil equivalent (KGOE) per thousand euro in purchasing power standards (PPS),BE,Belgium,2005,,234.99,,,,,
dataflow,ESTAT:NRG_IND_EI(1.0),Energy intensity,A,Annual,EI_GDP_PPS,Energy intensity of GDP in purchasing power standards (PPS),KGOE_TEUR_PPS,Kilograms of oil equivalent (KGOE) per thousand euro in purchasing power standards (PPS),BE,Belgium,2006,,226.19,,,,,
dataflow,ESTAT:NRG_IND_EI(1.0),Energy intensity,A,Annual,EI_GDP_PPS,Energy intensity of GDP in purchasing power standards (PPS),KGOE_TEUR_PPS,Kilograms of oil equivalent (KGOE) per thousand euro in purchasing power standards (PPS),BE,Belgium,2007,,216.54,,,,,
dataflow,ESTAT:NRG_IND_EI(1.0),Energy intensity,A,Annual,EI_GDP_PPS,Energy intensity of GDP in purchasing power standards (PPS),KGOE_TEUR_PPS,Kilograms of oil equivalent (KGOE) per thousand euro in purchasing power standards (PPS),BE,Belgium,2008,,219.20,,,,,
dataflow,ESTAT:NRG_IND_EI(1.0),Energy intensity,A,Annual,EI_GDP_PPS,Energy intensity of GDP in purchasing power standards (PPS),KGOE_TEUR_PPS,Kilograms of oil equivalent (KGOE) per thousand euro in purchasing power standards (PPS),BE,Belgium,2009,,205.96,,,,,
dataflow,ESTAT:NRG_IND_EI(1.0),Energy intensity,A,Annual,EI_GDP_PPS,Energy intensity of GDP in purchasing power standards (PPS),KGOE_TEUR_PPS,Kilograms of oil equivalent (KGOE) per thousand euro in purchasing power standards (PPS),BE,Belgium,2010,,207.74,,,,,
dataflow,ESTAT:NRG_IND_EI(1.0),Energy intensity,A,Annual,EI_GDP_PPS,Energy intensity of GDP in purchasing power standards (PPS),KGOE_TEUR_PPS,Kilograms of oil equivalent (KGOE) per thousand euro in purchasing power standards (PPS),BE,Belgium,2011,,186.84,,,,,
dataflow,ESTAT:NRG_IND_EI(1.0),Energy intensity,A,Annual,EI_GDP_PPS,Energy intensity of GDP in purchasing power standards (PPS),KGOE_TEUR_PPS,Kilograms of oil equivalent (KGOE) per thousand euro in purchasing power standards (PPS),BE,Belgium,2012,,173.29,,,,,
dataflow,ESTAT:NRG_IND_EI(1.0),Energy intensity,A,Annual,EI_GDP_PPS,Energy intensity of GDP in purchasing power standards (PPS),KGOE_TEUR_PPS,Kilograms of oil equivalent (KGOE) per thousand euro in purchasing power standards (PPS),BE,Belgium,2013,,177.29,,,,,
dataflow,ESTAT:NRG_IND_EI(1.0),Energy intensity,A,Annual,EI_GDP_PPS,Energy intensity of GDP in purchasing power standards (PPS),KGOE_TEUR_PPS,Kilograms of oil equivalent (KGOE) per thousand euro in purchasing power standards (PPS),BE,Belgium,2014,,162.67,,,,,
dataflow,ESTAT:NRG_IND_EI(1.0),Energy intensity,A,Annual,EI_GDP_PPS,Energy intensity of GDP in purchasing power standards (PPS),KGOE_TEUR_PPS,Kilograms of oil equivalent (KGOE) per thousand euro in purchasing power standards (PPS),BE,Belgium,2015,,159.32,,,,,
dataflow,ESTAT:NRG_IND_EI(1.0),Energy intensity,A,Annual,EI_GDP_PPS,Energy intensity of GDP in purchasing power standards (PPS),KGOE_TEUR_PPS,Kilograms of oil equivalent (KGOE) per thousand euro in purchasing power standards (PPS),BE,Belgium,2016,,165.70,,,,,
dataflow,ESTAT:NRG_IND_EI(1.0),Energy intensity,A,Annual,EI_GDP_PPS,Energy intensity of GDP in purchasing power standards (PPS),KGOE_TEUR_PPS,Kilograms of oil equivalent (KGOE) per thousand euro in purchasing power standards (PPS),BE,Belgium,2017,,162.79,,,,,
dataflow,ESTAT:NRG_IND_EI(1.0),Energy intensity,A,Annual,EI_GDP_PPS,Energy intensity of GDP in purchasing power standards (PPS),KGOE_TEUR_PPS,Kilograms of oil equivalent (KGOE) per thousand euro in purchasing power standards (PPS),BE,Belgium,2018,,157.39,,,,,
dataflow,ESTAT:NRG_IND_EI(1.0),Energy intensity,A,Annual,EI_GDP_PPS,Energy intensity of GDP in purchasing power standards (PPS),KGOE_TEUR_PPS,Kilograms of oil equivalent (KGOE) per thousand euro in purchasing power standards (PPS),BE,Belgium,2019,,151.75,,,,,
dataflow,ESTAT:NRG_IND_EI(1.0),Energy intensity,A,Annual,EI_GDP_PPS,Energy intensity of GDP in purchasing power standards (PPS),KGOE_TEUR_PPS,Kilograms of oil equivalent (KGOE) per thousand euro in purchasing power standards (PPS),BE,Belgium,2020,,139.78,,,,,
dataflow,ESTAT:NRG_IND_EI(1.0),Energy intensity,A,Annual,EI_GDP_PPS,Energy intensity of GDP in purchasing power standards (PPS),KGOE_TEUR_PPS,Kilograms of oil equivalent (KGOE) per thousand euro in purchasing power standards (PPS),BE,Belgium,2021,,143.13,,,,,
dataflow,ESTAT:NRG_IND_EI(1.0),Energy intensity,A,Annual,EI_GDP_PPS,Energy intensity of GDP in purchasing power standards (PPS),KGOE_TEUR_PPS,Kilograms of oil equivalent (KGOE) per thousand euro in purchasing power standards (PPS),BE,Belgium,2022,,120.35,,,,,
dataflow,ESTAT:NRG_IND_EI(1.0),Energy intensity,A,Annual,EI_GDP_PPS,Energy intensity of GDP in purchasing power standards (PPS),KGOE_TEUR_PPS,Kilograms of oil equivalent (KGOE) per thousand euro in purchasing power standards (PPS),BE,Belgium,2023,,104.52,,,,,
dataflow,ESTAT:NRG_IND_EI(1.0),Energy intensity,A,Annual,EI_GDP_PPS,Energy intensity of GDP in purchasing power standards (PPS),KGOE_TEUR_PPS,Kilograms of oil equivalent (KGOE) per thousand euro in purchasing power standards (PPS),BE,Belgium,2024,,102.83,,,,,
dataflow,ESTAT:NRG_IND_EI(1.0),Energy intensity,A,Annual,EI_GDP_PPS,Energy intensity of GDP in purchasing power standards (PPS),KGOE_TEUR_PPS,Kilograms of oil equivalent (KGOE) per thousand euro in purchasing power standards (PPS),BG,Bulgaria,1995,,433.79,,,,,
dataflow,ESTAT:NRG_IND_EI(1.0),Energy intensity,A,Annual,EI_GDP_PPS,Energy intensity of GDP in purchasing power standards (PPS),KGOE_TEUR_PPS,Kilograms of oil equivalent (KGOE) per thousand euro in purchasing power standards (PPS),BG,Bulgaria,1996,,481.38,,,,,
dataflow,ESTAT:NRG_IND_EI(1.0),Energy intensity,A,Annual,EI_GDP_PPS,Energy intensity of GDP in purchasing power standards (PPS),KGOE_TEUR_PPS,Kilograms of oil equivalent (KGOE) per thousand euro in purchasing power standards (PPS),BG,Bulgaria,1997,,525.16,,,,,
dataflow,ESTAT:NRG_IND_EI(1.0),Energy intensity,A,Annual,EI_GDP_PPS,Energy intensity of GDP in purchasing power standards (PPS),KGOE_TEUR_PPS,Kilograms of oil equivalent (KGOE) per thousand euro in purchasing power standards (PPS),BG,Bulgaria,1998,,475.87,,,,,
dataflow,ESTAT:NRG_IND_EI(1.0),Energy intensity,A,Annual,EI_GDP_PPS,Energy intensity of GDP in purchasing power standards (PPS),KGOE_TEUR_PPS,Kilograms of oil equivalent (KGOE) per thousand euro in purchasing power standards (PPS),BG,Bulgaria,1999,,459.89,,,,,
dataflow,ESTAT:NRG_IND_EI(1.0),Energy intensity,A,Annual,EI_GDP_PPS,Energy intensity of GDP in purchasing power standards (PPS),KGOE_TEUR_PPS,Kilograms of oil equivalent (KGOE) per thousand euro in purchasing power standards (PPS),BG,Bulgaria,2000,,428.96,,,,,
dataflow,ESTAT:NRG_IND_EI(1.0),Energy intensity,A,Annual,EI_GDP_PPS,Energy intensity of GDP in purchasing power standards (PPS),KGOE_TEUR_PPS,Kilograms of oil equivalent (KGOE) per thousand euro in purchasing power standards (PPS),BG,Bulgaria,2001,,423.54,,,,,
dataflow,ESTAT:NRG_IND_EI(1.0),Energy intensity,A,Annual,EI_GDP_PPS,Energy intensity of GDP in purchasing power standards (PPS),KGOE_TEUR_PPS,Kilograms of oil equivalent (KGOE) per thousand euro in purchasing power standards (PPS),BG,Bulgaria,2002,,381.61,,,,,
dataflow,ESTAT:NRG_IND_EI(1.0),Energy intensity,A,Annual,EI_GDP_PPS,Energy intensity of GDP in purchasing power standards (PPS),KGOE_TEUR_PPS,Kilograms of oil equivalent (KGOE) per thousand euro in purchasing power standards (PPS),BG,Bulgaria,2003,,364.88,,,,,
dataflow,ESTAT:NRG_IND_EI(1.0),Energy intensity,A,Annual,EI_GDP_PPS,Energy intensity of GDP in purchasing power standards (PPS),KGOE_TEUR_PPS,Kilograms of oil equivalent (KGOE) per thousand euro in purchasing power standards (PPS),BG,Bulgaria,2004,,328.90,,,,,
dataflow,ESTAT:NRG_IND_EI(1.0),Energy intensity,A,Annual,EI_GDP_PPS,Energy intensity of GDP in purchasing power standards (PPS),KGOE_TEUR_PPS,Kilograms of oil equivalent (KGOE) per thousand euro in purchasing power standards (PPS),BG,Bulgaria,2005,,312.77,,,,,
dataflow,ESTAT:NRG_IND_EI(1.0),Energy intensity,A,Annual,EI_GDP_PPS,Energy intensity of GDP in purchasing power standards (PPS),KGOE_TEUR_PPS,Kilograms of oil equivalent (KGOE) per thousand euro in purchasing power standards (PPS),BG,Bulgaria,2006,,301.66,,,,,
dataflow,ESTAT:NRG_IND_EI(1.0),Energy intensity,A,Annual,EI_GDP_PPS,Energy intensity of GDP in purchasing power standards (PPS),KGOE_TEUR_PPS,Kilograms of oil equivalent (KGOE) per thousand euro in purchasing power standards (PPS),BG,Bulgaria,2007,,267.10,,,,,
dataflow,ESTAT:NRG_IND_EI(1.0),Energy intensity,A,Annual,EI_GDP_PPS,Energy intensity of GDP in purchasing power standards (PPS),KGOE_TEUR_PPS,Kilograms of oil equivalent (KGOE) per thousand euro in purchasing power standards (PPS),BG,Bulgaria,2008,,241.64,,,,,
dataflow,ESTAT:NRG_IND_EI(1.0),Energy intensity,A,Annual,EI_GDP_PPS,Energy intensity of GDP in purchasing power standards (PPS),KGOE_TEUR_PPS,Kilograms of oil equivalent (KGOE) per thousand euro in purchasing power standards (PPS),BG,Bulgaria,2009,,222.94,,,,,
dataflow,ESTAT:NRG_IND_EI(1.0),Energy intensity,A,Annual,EI_GDP_PPS,Energy intensity of GDP in purchasing power standards (PPS),KGOE_TEUR_PPS,Kilograms of oil equivalent (KGOE) per thousand euro in purchasing power standards (PPS),BG,Bulgaria,2010,,215.13,,,,,
dataflow,ESTAT:NRG_IND_EI(1.0),Energy intensity,A,Annual,EI_GDP_PPS,Energy intensity of GDP in purchasing power standards (PPS),KGOE_TEUR_PPS,Kilograms of oil equivalent (KGOE) per thousand euro in purchasing power standards (PPS),BG,Bulgaria,2011,,223.53,,,,,
dataflow,ESTAT:NRG_IND_EI(1.0),Energy intensity,A,Annual,EI_GDP_PPS,Energy intensity of GDP in purchasing power standards (PPS),KGOE_TEUR_PPS,Kilograms of oil equivalent (KGOE) per thousand euro in purchasing power standards (PPS),BG,Bulgaria,2012,,209.55,,,,,
dataflow,ESTAT:NRG_IND_EI(1.0),Energy intensity,A,Annual,EI_GDP_PPS,Energy intensity of GDP in purchasing power standards (PPS),KGOE_TEUR_PPS,Kilograms of oil equivalent (KGOE) per thousand euro in purchasing power standards (PPS),BG,Bulgaria,2013,,196.72,,,,,
dataflow,ESTAT:NRG_IND_EI(1.0),Energy intensity,A,Annual,EI_GDP_PPS,Energy intensity of GDP in purchasing power standards (PPS),KGOE_TEUR_PPS,Kilograms of oil equivalent (KGOE) per thousand euro in purchasing power standards (PPS),BG,Bulgaria,2014,,196.85,,,,,
dataflow,ESTAT:NRG_IND_EI(1.0),Energy intensity,A,Annual,EI_GDP_PPS,Energy intensity of GDP in purchasing power standards (PPS),KGOE_TEUR_PPS,Kilograms of oil equivalent (KGOE) per thousand euro in purchasing power standards (PPS),BG,Bulgaria,2015,,197.78,,,,,
dataflow,ESTAT:NRG_IND_EI(1.0),Energy intensity,A,Annual,EI_GDP_PPS,Energy intensity of GDP in purchasing power standards (PPS),KGOE_TEUR_PPS,Kilograms of oil equivalent (KGOE) per thousand euro in purchasing power standards (PPS),BG,Bulgaria,2016,,184.91,,,,,
dataflow,ESTAT:NRG_IND_EI(1.0),Energy intensity,A,Annual,EI_GDP_PPS,Energy intensity of GDP in purchasing power standards (PPS),KGOE_TEUR_PPS,Kilograms of oil equivalent (KGOE) per thousand euro in purchasing power standards (PPS),BG,Bulgaria,2017,,182.33,,,,,
dataflow,ESTAT:NRG_IND_EI(1.0),Energy intensity,A,Annual,EI_GDP_PPS,Energy intensity of GDP in purchasing power standards (PPS),KGOE_TEUR_PPS,Kilograms of oil equivalent (KGOE) per thousand euro in purchasing power standards (PPS),BG,Bulgaria,2018,,173.46,,,,,
dataflow,ESTAT:NRG_IND_EI(1.0),Energy intensity,A,Annual,EI_GDP_PPS,Energy intensity of GDP in purchasing power standards (PPS),KGOE_TEUR_PPS,Kilograms of oil equivalent (KGOE) per thousand euro in purchasing power standards (PPS),BG,Bulgaria,2019,,162.77,,,,,
dataflow,ESTAT:NRG_IND_EI(1.0),Energy intensity,A,Annual,EI_GDP_PPS,Energy intensity of GDP in purchasing power standards (PPS),KGOE_TEUR_PPS,Kilograms of oil equivalent (KGOE) per thousand euro in purchasing power standards (PPS),BG,Bulgaria,2020,,155.50,,,,,
dataflow,ESTAT:NRG_IND_EI(1.0),Energy intensity,A,Annual,EI_GDP_PPS,Energy intensity of GDP in purchasing power standards (PPS),KGOE_TEUR_PPS,Kilograms of oil equivalent (KGOE) per thousand euro in purchasing power standards (PPS),BG,Bulgaria,2021,,150.74,,,,,
dataflow,ESTAT:NRG_IND_EI(1.0),Energy intensity,A,Annual,EI_GDP_PPS,Energy intensity of GDP in purchasing power standards (PPS),KGOE_TEUR_PPS,Kilograms of oil equivalent (KGOE) per thousand euro in purchasing power standards (PPS),BG,Bulgaria,2022,,135.46,,,,,
dataflow,ESTAT:NRG_IND_EI(1.0),Energy intensity,A,Annual,EI_GDP_PPS,Energy intensity of GDP in purchasing power standards (PPS),KGOE_TEUR_PPS,Kilograms of oil equivalent (KGOE) per thousand euro in purchasing power standards (PPS),BG,Bulgaria,2023,,111.24,,,,,
dataflow,ESTAT:NRG_IND_EI(1.0),Energy intensity,A,Annual,EI_GDP_PPS,Energy intensity of GDP in purchasing power standards (PPS),KGOE_TEUR_PPS,Kilograms of oil equivalent (KGOE) per thousand euro in purchasing power standards (PPS),BG,Bulgaria,2024,,102.23,,,,,
dataflow,ESTAT:NRG_IND_EI(1.0),Energy intensity,A,Annual,EI_GDP_PPS,Energy intensity of GDP in purchasing power standards (PPS),KGOE_TEUR_PPS,Kilograms of oil equivalent (KGOE) per thousand euro in purchasing power standards (PPS),CY,Cyprus,1995,,219.07,,,,,
dataflow,ESTAT:NRG_IND_EI(1.0),Energy intensity,A,Annual,EI_GDP_PPS,Energy intensity of GDP in purchasing power standards (PPS),KGOE_TEUR_PPS,Kilograms of oil equivalent (KGOE) per thousand euro in purchasing power standards (PPS),CY,Cyprus,1996,,231.27,,,,,
dataflow,ESTAT:NRG_IND_EI(1.0),Energy intensity,A,Annual,EI_GDP_PPS,Energy intensity of GDP in purchasing power standards (PPS),KGOE_TEUR_PPS,Kilograms of oil equivalent (KGOE) per thousand euro in purchasing power standards (PPS),CY,Cyprus,1997,,220.98,,,,,
dataflow,ESTAT:NRG_IND_EI(1.0),Energy intensity,A,Annual,EI_GDP_PPS,Energy intensity of GDP in purchasing power standards (PPS),KGOE_TEUR_PPS,Kilograms of oil equivalent (KGOE) per thousand euro in purchasing power standards (PPS),CY,Cyprus,1998,,221.78,,,,,
dataflow,ESTAT:NRG_IND_EI(1.0),Energy intensity,A,Annual,EI_GDP_PPS,Energy intensity of GDP in purchasing power standards (PPS),KGOE_TEUR_PPS,Kilograms of oil equivalent (KGOE) per thousand euro in purchasing power standards (PPS),CY,Cyprus,1999,,214.52,,,,,
dataflow,ESTAT:NRG_IND_EI(1.0),Energy intensity,A,Annual,EI_GDP_PPS,Energy intensity of GDP in purchasing power standards (PPS),KGOE_TEUR_PPS,Kilograms of oil equivalent (KGOE) per thousand euro in purchasing power standards (PPS),CY,Cyprus,2000,,212.98,,,,,
dataflow,ESTAT:NRG_IND_EI(1.0),Energy intensity,A,Annual,EI_GDP_PPS,Energy intensity of GDP in purchasing power standards (PPS),KGOE_TEUR_PPS,Kilograms of oil equivalent (KGOE) per thousand euro in purchasing power standards (PPS),CY,Cyprus,2001,,198.70,,,,,
dataflow,ESTAT:NRG_IND_EI(1.0),Energy intensity,A,Annual,EI_GDP_PPS,Energy intensity of GDP in purchasing power standards (PPS),KGOE_TEUR_PPS,Kilograms of oil equivalent (KGOE) per thousand euro in purchasing power standards (PPS),CY,Cyprus,2002,,189.96,,,,,
dataflow,ESTAT:NRG_IND_EI(1.0),Energy intensity,A,Annual,EI_GDP_PPS,Energy intensity of GDP in purchasing power standards (PPS),KGOE_TEUR_PPS,Kilograms of oil equivalent (KGOE) per thousand euro in purchasing power standards (PPS),CY,Cyprus,2003,,195.79,,,,,
dataflow,ESTAT:NRG_IND_EI(1.0),Energy intensity,A,Annual,EI_GDP_PPS,Energy intensity of GDP in purchasing power standards (PPS),KGOE_TEUR_PPS,Kilograms of oil equivalent (KGOE) per thousand euro in purchasing power standards (PPS),CY,Cyprus,2004,,166.37,,,,,
dataflow,ESTAT:NRG_IND_EI(1.0),Energy intensity,A,Annual,EI_GDP_PPS,Energy intensity of GDP in purchasing power standards (PPS),KGOE_TEUR_PPS,Kilograms of oil equivalent (KGOE) per thousand euro in purchasing power standards (PPS),CY,Cyprus,2005,,168.82,,,,,
dataflow,ESTAT:NRG_IND_EI(1.0),Energy intensity,A,Annual,EI_GDP_PPS,Energy intensity of GDP in purchasing power standards (PPS),KGOE_TEUR_PPS,Kilograms of oil equivalent (KGOE) per thousand euro in purchasing power standards (PPS),CY,Cyprus,2006,,164.10,,,,,
dataflow,ESTAT:NRG_IND_EI(1.0),Energy intensity,A,Annual,EI_GDP_PPS,Energy intensity of GDP in purchasing power standards (PPS),KGOE_TEUR_PPS,Kilograms of oil equivalent (KGOE) per thousand euro in purchasing power standards (PPS),CY,Cyprus,2007,,152.53,,,,,
dataflow,ESTAT:NRG_IND_EI(1.0),Energy intensity,A,Annual,EI_GDP_PPS,Energy intensity of GDP in purchasing power standards (PPS),KGOE_TEUR_PPS,Kilograms of oil equivalent (KGOE) per thousand euro in purchasing power standards (PPS),CY,Cyprus,2008,,149.25,,,,,
dataflow,ESTAT:NRG_IND_EI(1.0),Energy intensity,A,Annual,EI_GDP_PPS,Energy intensity of GDP in purchasing power standards (PPS),KGOE_TEUR_PPS,Kilograms of oil equivalent (KGOE) per thousand euro in purchasing power standards (PPS),CY,Cyprus,2009,,148.14,,,,,
dataflow,ESTAT:NRG_IND_EI(1.0),Energy intensity,A,Annual,EI_GDP_PPS,Energy intensity of GDP in purchasing power standards (PPS),KGOE_TEUR_PPS,Kilograms of oil equivalent (KGOE) per thousand euro in purchasing power standards (PPS),CY,Cyprus,2010,,139.99,,,,,
dataflow,ESTAT:NRG_IND_EI(1.0),Energy intensity,A,Annual,EI_GDP_PPS,Energy intensity of GDP in purchasing power standards (PPS),KGOE_TEUR_PPS,Kilograms of oil equivalent (KGOE) per thousand euro in purchasing power standards (PPS),CY,Cyprus,2011,,137.39,,,,,
dataflow,ESTAT:NRG_IND_EI(1.0),Energy intensity,A,Annual,EI_GDP_PPS,Energy intensity of GDP in purchasing power standards (PPS),KGOE_TEUR_PPS,Kilograms of oil equivalent (KGOE) per thousand euro in purchasing power standards (PPS),CY,Cyprus,2012,,134.32,,,,,
dataflow,ESTAT:NRG_IND_EI(1.0),Energy intensity,A,Annual,EI_GDP_PPS,Energy intensity of GDP in purchasing power standards (PPS),KGOE_TEUR_PPS,Kilograms of oil equivalent (KGOE) per thousand euro in purchasing power standards (PPS),CY,Cyprus,2013,,128.81,,,,,
dataflow,ESTAT:NRG_IND_EI(1.0),Energy intensity,A,Annual,EI_GDP_PPS,Energy intensity of GDP in purchasing power standards (PPS),KGOE_TEUR_PPS,Kilograms of oil equivalent (KGOE) per thousand euro in purchasing power standards (PPS),CY,Cyprus,2014,,134.37,,,,,
dataflow,ESTAT:NRG_IND_EI(1.0),Energy intensity,A,Annual,EI_GDP_PPS,Energy intensity of GDP in purchasing power standards (PPS),KGOE_TEUR_PPS,Kilograms of oil equivalent (KGOE) per thousand euro in purchasing power standards (PPS),CY,Cyprus,2015,,130.64,,,,,
dataflow,ESTAT:NRG_IND_EI(1.0),Energy intensity,A,Annual,EI_GDP_PPS,Energy intensity of GDP in purchasing power standards (PPS),KGOE_TEUR_PPS,Kilograms of oil equivalent (KGOE) per thousand euro in purchasing power standards (PPS),CY,Cyprus,2016,,129.59,,,,,
dataflow,ESTAT:NRG_IND_EI(1.0),Energy intensity,A,Annual,EI_GDP_PPS,Energy intensity of GDP in purchasing power standards (PPS),KGOE_TEUR_PPS,Kilograms of oil equivalent (KGOE) per thousand euro in purchasing power standards (PPS),CY,Cyprus,2017,,124.64,,,,,
dataflow,ESTAT:NRG_IND_EI(1.0),Energy intensity,A,Annual,EI_GDP_PPS,Energy intensity of GDP in purchasing power standards (PPS),KGOE_TEUR_PPS,Kilograms of oil equivalent (KGOE) per thousand euro in purchasing power standards (PPS),CY,Cyprus,2018,,120.20,,,,,
dataflow,ESTAT:NRG_IND_EI(1.0),Energy intensity,A,Annual,EI_GDP_PPS,Energy intensity of GDP in purchasing power standards (PPS),KGOE_TEUR_PPS,Kilograms of oil equivalent (KGOE) per thousand euro in purchasing power standards (PPS),CY,Cyprus,2019,,112.19,,,,,
dataflow,ESTAT:NRG_IND_EI(1.0),Energy intensity,A,Annual,EI_GDP_PPS,Energy intensity of GDP in purchasing power standards (PPS),KGOE_TEUR_PPS,Kilograms of oil equivalent (KGOE) per thousand euro in purchasing power standards (PPS),CY,Cyprus,2020,,103.57,,,,,
dataflow,ESTAT:NRG_IND_EI(1.0),Energy intensity,A,Annual,EI_GDP_PPS,Energy intensity of GDP in purchasing power standards (PPS),KGOE_TEUR_PPS,Kilograms of oil equivalent (KGOE) per thousand euro in purchasing power standards (PPS),CY,Cyprus,2021,,95.01,,,,,
dataflow,ESTAT:NRG_IND_EI(1.0),Energy intensity,A,Annual,EI_GDP_PPS,Energy intensity of GDP in purchasing power standards (PPS),KGOE_TEUR_PPS,Kilograms of oil equivalent (KGOE) per thousand euro in purchasing power standards (PPS),CY,Cyprus,2022,,88.24,,,,,
dataflow,ESTAT:NRG_IND_EI(1.0),Energy intensity,A,Annual,EI_GDP_PPS,Energy intensity of GDP in purchasing power standards (PPS),KGOE_TEUR_PPS,Kilograms of oil equivalent (KGOE) per thousand euro in purchasing power standards (PPS),CY,Cyprus,2023,,79.42,,,,,
dataflow,ESTAT:NRG_IND_EI(1.0),Energy intensity,A,Annual,EI_GDP_PPS,Energy intensity of GDP in purchasing power standards (PPS),KGOE_TEUR_PPS,Kilograms of oil equivalent (KGOE) per thousand euro in purchasing power standards (PPS),CY,Cyprus,2024,,76.17,,,,,
dataflow,ESTAT:NRG_IND_EI(1.0),Energy intensity,A,Annual,EI_GDP_PPS,Energy intensity of GDP in purchasing power standards (PPS),KGOE_TEUR_PPS,Kilograms of oil equivalent (KGOE) per thousand euro in purchasing power standards (PPS),CZ,Czechia,1995,,346.95,,,,,
dataflow,ESTAT:NRG_IND_EI(1.0),Energy intensity,A,Annual,EI_GDP_PPS,Energy intensity of GDP in purchasing power standards (PPS),KGOE_TEUR_PPS,Kilograms of oil equivalent (KGOE) per thousand euro in purchasing power standards (PPS),CZ,Czechia,1996,,333.21,,,,,
dataflow,ESTAT:NRG_IND_EI(1.0),Energy intensity,A,Annual,EI_GDP_PPS,Energy intensity of GDP in purchasing power standards (PPS),KGOE_TEUR_PPS,Kilograms of oil equivalent (KGOE) per thousand euro in purchasing power standards (PPS),CZ,Czechia,1997,,337.72,,,,,
dataflow,ESTAT:NRG_IND_EI(1.0),Energy intensity,A,Annual,EI_GDP_PPS,Energy intensity of GDP in purchasing power standards (PPS),KGOE_TEUR_PPS,Kilograms of oil equivalent (KGOE) per thousand euro in purchasing power standards (PPS),CZ,Czechia,1998,,325.85,,,,,
dataflow,ESTAT:NRG_IND_EI(1.0),Energy intensity,A,Annual,EI_GDP_PPS,Energy intensity of GDP in purchasing power standards (PPS),KGOE_TEUR_PPS,Kilograms of oil equivalent (KGOE) per thousand euro in purchasing power standards (PPS),CZ,Czechia,1999,,294.79,,,,,
dataflow,ESTAT:NRG_IND_EI(1.0),Energy intensity,A,Annual,EI_GDP_PPS,Energy intensity of GDP in purchasing power standards (PPS),KGOE_TEUR_PPS,Kilograms of oil equivalent (KGOE) per thousand euro in purchasing power standards (PPS),CZ,Czechia,2000,,296.81,,,,,
dataflow,ESTAT:NRG_IND_EI(1.0),Energy intensity,A,Annual,EI_GDP_PPS,Energy intensity of GDP in purchasing power standards (PPS),KGOE_TEUR_PPS,Kilograms of oil equivalent (KGOE) per thousand euro in purchasing power standards (PPS),CZ,Czechia,2001,,282.83,,,,,
dataflow,ESTAT:NRG_IND_EI(1.0),Energy intensity,A,Annual,EI_GDP_PPS,Energy intensity of GDP in purchasing power standards (PPS),KGOE_TEUR_PPS,Kilograms of oil equivalent (KGOE) per thousand euro in purchasing power standards (PPS),CZ,Czechia,2002,,279.99,,,,,
dataflow,ESTAT:NRG_IND_EI(1.0),Energy intensity,A,Annual,EI_GDP_PPS,Energy intensity of GDP in purchasing power standards (PPS),KGOE_TEUR_PPS,Kilograms of oil equivalent (KGOE) per thousand euro in purchasing power standards (PPS),CZ,Czechia,2003,,273.22,,,,,
dataflow,ESTAT:NRG_IND_EI(1.0),Energy intensity,A,Annual,EI_GDP_PPS,Energy intensity of GDP in purchasing power standards (PPS),KGOE_TEUR_PPS,Kilograms of oil equivalent (KGOE) per thousand euro in purchasing power standards (PPS),CZ,Czechia,2004,,262.93,,,,,
dataflow,ESTAT:NRG_IND_EI(1.0),Energy intensity,A,Annual,EI_GDP_PPS,Energy intensity of GDP in purchasing power standards (PPS),KGOE_TEUR_PPS,Kilograms of oil equivalent (KGOE) per thousand euro in purchasing power standards (PPS),CZ,Czechia,2005,,246.17,,,,,
dataflow,ESTAT:NRG_IND_EI(1.0),Energy intensity,A,Annual,EI_GDP_PPS,Energy intensity of GDP in purchasing power standards (PPS),KGOE_TEUR_PPS,Kilograms of oil equivalent (KGOE) per thousand euro in purchasing power standards (PPS),CZ,Czechia,2006,,239.15,,,,,
dataflow,ESTAT:NRG_IND_EI(1.0),Energy intensity,A,Annual,EI_GDP_PPS,Energy intensity of GDP in purchasing power standards (PPS),KGOE_TEUR_PPS,Kilograms of oil equivalent (KGOE) per thousand euro in purchasing power standards (PPS),CZ,Czechia,2007,,217.54,,,,,
dataflow,ESTAT:NRG_IND_EI(1.0),Energy intensity,A,Annual,EI_GDP_PPS,Energy intensity of GDP in purchasing power standards (PPS),KGOE_TEUR_PPS,Kilograms of oil equivalent (KGOE) per thousand euro in purchasing power standards (PPS),CZ,Czechia,2008,,202.58,,,,,
dataflow,ESTAT:NRG_IND_EI(1.0),Energy intensity,A,Annual,EI_GDP_PPS,Energy intensity of GDP in purchasing power standards (PPS),KGOE_TEUR_PPS,Kilograms of oil equivalent (KGOE) per thousand euro in purchasing power standards (PPS),CZ,Czechia,2009,,196.07,,,,,
dataflow,ESTAT:NRG_IND_EI(1.0),Energy intensity,A,Annual,EI_GDP_PPS,Energy intensity of GDP in purchasing power standards (PPS),KGOE_TEUR_PPS,Kilograms of oil equivalent (KGOE) per thousand euro in purchasing power standards (PPS),CZ,Czechia,2010,,203.65,,,,,
dataflow,ESTAT:NRG_IND_EI(1.0),Energy intensity,A,Annual,EI_GDP_PPS,Energy intensity of GDP in purchasing power standards (PPS),KGOE_TEUR_PPS,Kilograms of oil equivalent (KGOE) per thousand euro in purchasing power standards (PPS),CZ,Czechia,2011,,190.73,,,,,
dataflow,ESTAT:NRG_IND_EI(1.0),Energy intensity,A,Annual,EI_GDP_PPS,Energy intensity of GDP in purchasing power standards (PPS),KGOE_TEUR_PPS,Kilograms of oil equivalent (KGOE) per thousand euro in purchasing power standards (PPS),CZ,Czechia,2012,,189.07,,,,,
dataflow,ESTAT:NRG_IND_EI(1.0),Energy intensity,A,Annual,EI_GDP_PPS,Energy intensity of GDP in purchasing power standards (PPS),KGOE_TEUR_PPS,Kilograms of oil equivalent (KGOE) per thousand euro in purchasing power standards (PPS),CZ,Czechia,2013,,184.59,,,,,
dataflow,ESTAT:NRG_IND_EI(1.0),Energy intensity,A,Annual,EI_GDP_PPS,Energy intensity of GDP in purchasing power standards (PPS),KGOE_TEUR_PPS,Kilograms of oil equivalent (KGOE) per thousand euro in purchasing power standards (PPS),CZ,Czechia,2014,,170.08,,,,,
dataflow,ESTAT:NRG_IND_EI(1.0),Energy intensity,A,Annual,EI_GDP_PPS,Energy intensity of GDP in purchasing power standards (PPS),KGOE_TEUR_PPS,Kilograms of oil equivalent (KGOE) per thousand euro in purchasing power standards (PPS),CZ,Czechia,2015,,162.66,,,,,
dataflow,ESTAT:NRG_IND_EI(1.0),Energy intensity,A,Annual,EI_GDP_PPS,Energy intensity of GDP in purchasing power standards (PPS),KGOE_TEUR_PPS,Kilograms of oil equivalent (KGOE) per thousand euro in purchasing power standards (PPS),CZ,Czechia,2016,,155.73,,,,,
dataflow,ESTAT:NRG_IND_EI(1.0),Energy intensity,A,Annual,EI_GDP_PPS,Energy intensity of GDP in purchasing power standards (PPS),KGOE_TEUR_PPS,Kilograms of oil equivalent (KGOE) per thousand euro in purchasing power standards (PPS),CZ,Czechia,2017,,151.79,,,,,
dataflow,ESTAT:NRG_IND_EI(1.0),Energy intensity,A,Annual,EI_GDP_PPS,Energy intensity of GDP in purchasing power standards (PPS),KGOE_TEUR_PPS,Kilograms of oil equivalent (KGOE) per thousand euro in purchasing power standards (PPS),CZ,Czechia,2018,,145.39,,,,,
dataflow,ESTAT:NRG_IND_EI(1.0),Energy intensity,A,Annual,EI_GDP_PPS,Energy intensity of GDP in purchasing power standards (PPS),KGOE_TEUR_PPS,Kilograms of oil equivalent (KGOE) per thousand euro in purchasing power standards (PPS),CZ,Czechia,2019,,135.61,,,,,
dataflow,ESTAT:NRG_IND_EI(1.0),Energy intensity,A,Annual,EI_GDP_PPS,Energy intensity of GDP in purchasing power standards (PPS),KGOE_TEUR_PPS,Kilograms of oil equivalent (KGOE) per thousand euro in purchasing power standards (PPS),CZ,Czechia,2020,,131.57,,,,,
dataflow,ESTAT:NRG_IND_EI(1.0),Energy intensity,A,Annual,EI_GDP_PPS,Energy intensity of GDP in purchasing power standards (PPS),KGOE_TEUR_PPS,Kilograms of oil equivalent (KGOE) per thousand euro in purchasing power standards (PPS),CZ,Czechia,2021,,133.40,,,,,
dataflow,ESTAT:NRG_IND_EI(1.0),Energy intensity,A,Annual,EI_GDP_PPS,Energy intensity of GDP in purchasing power standards (PPS),KGOE_TEUR_PPS,Kilograms of oil equivalent (KGOE) per thousand euro in purchasing power standards (PPS),CZ,Czechia,2022,,119.97,,,,,
dataflow,ESTAT:NRG_IND_EI(1.0),Energy intensity,A,Annual,EI_GDP_PPS,Energy intensity of GDP in purchasing power standards (PPS),KGOE_TEUR_PPS,Kilograms of oil equivalent (KGOE) per thousand euro in purchasing power standards (PPS),CZ,Czechia,2023,,101.04,,,,,
dataflow,ESTAT:NRG_IND_EI(1.0),Energy intensity,A,Annual,EI_GDP_PPS,Energy intensity of GDP in purchasing power standards (PPS),KGOE_TEUR_PPS,Kilograms of oil equivalent (KGOE) per thousand euro in purchasing power standards (PPS),CZ,Czechia,2024,,96.22,,,,,
dataflow,ESTAT:NRG_IND_EI(1.0),Energy intensity,A,Annual,EI_GDP_PPS,Energy intensity of GDP in purchasing power standards (PPS),KGOE_TEUR_PPS,Kilograms of oil equivalent (KGOE) per thousand euro in purchasing power standards (PPS),DE,Germany,1995,,212.39,,,,,
dataflow,ESTAT:NRG_IND_EI(1.0),Energy intensity,A,Annual,EI_GDP_PPS,Energy intensity of GDP in purchasing power standards (PPS),KGOE_TEUR_PPS,Kilograms of oil equivalent (KGOE) per thousand euro in purchasing power standards (PPS),DE,Germany,1996,,211.41,,,,,
dataflow,ESTAT:NRG_IND_EI(1.0),Energy intensity,A,Annual,EI_GDP_PPS,Energy intensity of GDP in purchasing power standards (PPS),KGOE_TEUR_PPS,Kilograms of oil equivalent (KGOE) per thousand euro in purchasing power standards (PPS),DE,Germany,1997,,208.09,,,,,
dataflow,ESTAT:NRG_IND_EI(1.0),Energy intensity,A,Annual,EI_GDP_PPS,Energy intensity of GDP in purchasing power standards (PPS),KGOE_TEUR_PPS,Kilograms of oil equivalent (KGOE) per thousand euro in purchasing power standards (PPS),DE,Germany,1998,,201.43,,,,,
dataflow,ESTAT:NRG_IND_EI(1.0),Energy intensity,A,Annual,EI_GDP_PPS,Energy intensity of GDP in purchasing power standards (PPS),KGOE_TEUR_PPS,Kilograms of oil equivalent (KGOE) per thousand euro in purchasing power standards (PPS),DE,Germany,1999,,188.25,,,,,
dataflow,ESTAT:NRG_IND_EI(1.0),Energy intensity,A,Annual,EI_GDP_PPS,Energy intensity of GDP in purchasing power standards (PPS),KGOE_TEUR_PPS,Kilograms of oil equivalent (KGOE) per thousand euro in purchasing power standards (PPS),DE,Germany,2000,,183.71,,,,,
dataflow,ESTAT:NRG_IND_EI(1.0),Energy intensity,A,Annual,EI_GDP_PPS,Energy intensity of GDP in purchasing power standards (PPS),KGOE_TEUR_PPS,Kilograms of oil equivalent (KGOE) per thousand euro in purchasing power standards (PPS),DE,Germany,2001,,181.36,,,,,
dataflow,ESTAT:NRG_IND_EI(1.0),Energy intensity,A,Annual,EI_GDP_PPS,Energy intensity of GDP in purchasing power standards (PPS),KGOE_TEUR_PPS,Kilograms of oil equivalent (KGOE) per thousand euro in purchasing power standards (PPS),DE,Germany,2002,,173.78,,,,,
dataflow,ESTAT:NRG_IND_EI(1.0),Energy intensity,A,Annual,EI_GDP_PPS,Energy intensity of GDP in purchasing power standards (PPS),KGOE_TEUR_PPS,Kilograms of oil equivalent (KGOE) per thousand euro in purchasing power standards (PPS),DE,Germany,2003,,169.39,,,,,
dataflow,ESTAT:NRG_IND_EI(1.0),Energy intensity,A,Annual,EI_GDP_PPS,Energy intensity of GDP in purchasing power standards (PPS),KGOE_TEUR_PPS,Kilograms of oil equivalent (KGOE) per thousand euro in purchasing power standards (PPS),DE,Germany,2004,,163.67,,,,,
dataflow,ESTAT:NRG_IND_EI(1.0),Energy intensity,A,Annual,EI_GDP_PPS,Energy intensity of GDP in purchasing power standards (PPS),KGOE_TEUR_PPS,Kilograms of oil equivalent (KGOE) per thousand euro in purchasing power standards (PPS),DE,Germany,2005,,159.87,,,,,
dataflow,ESTAT:NRG_IND_EI(1.0),Energy intensity,A,Annual,EI_GDP_PPS,Energy intensity of GDP in purchasing power standards (PPS),KGOE_TEUR_PPS,Kilograms of oil equivalent (KGOE) per thousand euro in purchasing power standards (PPS),DE,Germany,2006,,158.02,,,,,
dataflow,ESTAT:NRG_IND_EI(1.0),Energy intensity,A,Annual,EI_GDP_PPS,Energy intensity of GDP in purchasing power standards (PPS),KGOE_TEUR_PPS,Kilograms of oil equivalent (KGOE) per thousand euro in purchasing power standards (PPS),DE,Germany,2007,,142.86,,,,,
dataflow,ESTAT:NRG_IND_EI(1.0),Energy intensity,A,Annual,EI_GDP_PPS,Energy intensity of GDP in purchasing power standards (PPS),KGOE_TEUR_PPS,Kilograms of oil equivalent (KGOE) per thousand euro in purchasing power standards (PPS),DE,Germany,2008,,141.56,,,,,
dataflow,ESTAT:NRG_IND_EI(1.0),Energy intensity,A,Annual,EI_GDP_PPS,Energy intensity of GDP in purchasing power standards (PPS),KGOE_TEUR_PPS,Kilograms of oil equivalent (KGOE) per thousand euro in purchasing power standards (PPS),DE,Germany,2009,,139.62,,,,,
dataflow,ESTAT:NRG_IND_EI(1.0),Energy intensity,A,Annual,EI_GDP_PPS,Energy intensity of GDP in purchasing power standards (PPS),KGOE_TEUR_PPS,Kilograms of oil equivalent (KGOE) per thousand euro in purchasing power standards (PPS),DE,Germany,2010,,138.70,,,,,
dataflow,ESTAT:NRG_IND_EI(1.0),Energy intensity,A,Annual,EI_GDP_PPS,Energy intensity of GDP in purchasing power standards (PPS),KGOE_TEUR_PPS,Kilograms of oil equivalent (KGOE) per thousand euro in purchasing power standards (PPS),DE,Germany,2011,,124.64,,,,,
dataflow,ESTAT:NRG_IND_EI(1.0),Energy intensity,A,Annual,EI_GDP_PPS,Energy intensity of GDP in purchasing power standards (PPS),KGOE_TEUR_PPS,Kilograms of oil equivalent (KGOE) per thousand euro in purchasing power standards (PPS),DE,Germany,2012,,124.21,,,,,
dataflow,ESTAT:NRG_IND_EI(1.0),Energy intensity,A,Annual,EI_GDP_PPS,Energy intensity of GDP in purchasing power standards (PPS),KGOE_TEUR_PPS,Kilograms of oil equivalent (KGOE) per thousand euro in purchasing power standards (PPS),DE,Germany,2013,,124.72,,,,,
dataflow,ESTAT:NRG_IND_EI(1.0),Energy intensity,A,Annual,EI_GDP_PPS,Energy intensity of GDP in purchasing power standards (PPS),KGOE_TEUR_PPS,Kilograms of oil equivalent (KGOE) per thousand euro in purchasing power standards (PPS),DE,Germany,2014,,114.62,,,,,
dataflow,ESTAT:NRG_IND_EI(1.0),Energy intensity,A,Annual,EI_GDP_PPS,Energy intensity of GDP in purchasing power standards (PPS),KGOE_TEUR_PPS,Kilograms of oil equivalent (KGOE) per thousand euro in purchasing power standards (PPS),DE,Germany,2015,,112.36,,,,,
dataflow,ESTAT:NRG_IND_EI(1.0),Energy intensity,A,Annual,EI_GDP_PPS,Energy intensity of GDP in purchasing power standards (PPS),KGOE_TEUR_PPS,Kilograms of oil equivalent (KGOE) per thousand euro in purchasing power standards (PPS),DE,Germany,2016,,109.47,,,,,
dataflow,ESTAT:NRG_IND_EI(1.0),Energy intensity,A,Annual,EI_GDP_PPS,Energy intensity of GDP in purchasing power standards (PPS),KGOE_TEUR_PPS,Kilograms of oil equivalent (KGOE) per thousand euro in purchasing power standards (PPS),DE,Germany,2017,,105.49,,,,,
dataflow,ESTAT:NRG_IND_EI(1.0),Energy intensity,A,Annual,EI_GDP_PPS,Energy intensity of GDP in purchasing power standards (PPS),KGOE_TEUR_PPS,Kilograms of oil equivalent (KGOE) per thousand euro in purchasing power standards (PPS),DE,Germany,2018,,99.97,,,,,
dataflow,ESTAT:NRG_IND_EI(1.0),Energy intensity,A,Annual,EI_GDP_PPS,Energy intensity of GDP in purchasing power standards (PPS),KGOE_TEUR_PPS,Kilograms of oil equivalent (KGOE) per thousand euro in purchasing power standards (PPS),DE,Germany,2019,,96.56,,,,,
dataflow,ESTAT:NRG_IND_EI(1.0),Energy intensity,A,Annual,EI_GDP_PPS,Energy intensity of GDP in purchasing power standards (PPS),KGOE_TEUR_PPS,Kilograms of oil equivalent (KGOE) per thousand euro in purchasing power standards (PPS),DE,Germany,2020,,91.77,,,,,
dataflow,ESTAT:NRG_IND_EI(1.0),Energy intensity,A,Annual,EI_GDP_PPS,Energy intensity of GDP in purchasing power standards (PPS),KGOE_TEUR_PPS,Kilograms of oil equivalent (KGOE) per thousand euro in purchasing power standards (PPS),DE,Germany,2021,,89.58,,,,,
dataflow,ESTAT:NRG_IND_EI(1.0),Energy intensity,A,Annual,EI_GDP_PPS,Energy intensity of GDP in purchasing power standards (PPS),KGOE_TEUR_PPS,Kilograms of oil equivalent (KGOE) per thousand euro in purchasing power standards (PPS),DE,Germany,2022,,79.31,,,,,
dataflow,ESTAT:NRG_IND_EI(1.0),Energy intensity,A,Annual,EI_GDP_PPS,Energy intensity of GDP in purchasing power standards (PPS),KGOE_TEUR_PPS,Kilograms of oil equivalent (KGOE) per thousand euro in purchasing power standards (PPS),DE,Germany,2023,,68.26,,,,,
dataflow,ESTAT:NRG_IND_EI(1.0),Energy intensity,A,Annual,EI_GDP_PPS,Energy intensity of GDP in purchasing power standards (PPS),KGOE_TEUR_PPS,Kilograms of oil equivalent (KGOE) per thousand euro in purchasing power standards (PPS),DE,Germany,2024,,65.20,,,,,
dataflow,ESTAT:NRG_IND_EI(1.0),Energy intensity,A,Annual,EI_GDP_PPS,Energy intensity of GDP in purchasing power standards (PPS),KGOE_TEUR_PPS,Kilograms of oil equivalent (KGOE) per thousand euro in purchasing power standards (PPS),DK,Denmark,1995,,218.16,,,,,
dataflow,ESTAT:NRG_IND_EI(1.0),Energy intensity,A,Annual,EI_GDP_PPS,Energy intensity of GDP in purchasing power standards (PPS),KGOE_TEUR_PPS,Kilograms of oil equivalent (KGOE) per thousand euro in purchasing power standards (PPS),DK,Denmark,1996,,228.57,,,,,
dataflow,ESTAT:NRG_IND_EI(1.0),Energy intensity,A,Annual,EI_GDP_PPS,Energy intensity of GDP in purchasing power standards (PPS),KGOE_TEUR_PPS,Kilograms of oil equivalent (KGOE) per thousand euro in purchasing power standards (PPS),DK,Denmark,1997,,204.21,,,,,
dataflow,ESTAT:NRG_IND_EI(1.0),Energy intensity,A,Annual,EI_GDP_PPS,Energy intensity of GDP in purchasing power standards (PPS),KGOE_TEUR_PPS,Kilograms of oil equivalent (KGOE) per thousand euro in purchasing power standards (PPS),DK,Denmark,1998,,195.10,,,,,
dataflow,ESTAT:NRG_IND_EI(1.0),Energy intensity,A,Annual,EI_GDP_PPS,Energy intensity of GDP in purchasing power standards (PPS),KGOE_TEUR_PPS,Kilograms of oil equivalent (KGOE) per thousand euro in purchasing power standards (PPS),DK,Denmark,1999,,180.03,,,,,
dataflow,ESTAT:NRG_IND_EI(1.0),Energy intensity,A,Annual,EI_GDP_PPS,Energy intensity of GDP in purchasing power standards (PPS),KGOE_TEUR_PPS,Kilograms of oil equivalent (KGOE) per thousand euro in purchasing power standards (PPS),DK,Denmark,2000,,163.64,,,,,
dataflow,ESTAT:NRG_IND_EI(1.0),Energy intensity,A,Annual,EI_GDP_PPS,Energy intensity of GDP in purchasing power standards (PPS),KGOE_TEUR_PPS,Kilograms of oil equivalent (KGOE) per thousand euro in purchasing power standards (PPS),DK,Denmark,2001,,161.96,,,,,
dataflow,ESTAT:NRG_IND_EI(1.0),Energy intensity,A,Annual,EI_GDP_PPS,Energy intensity of GDP in purchasing power standards (PPS),KGOE_TEUR_PPS,Kilograms of oil equivalent (KGOE) per thousand euro in purchasing power standards (PPS),DK,Denmark,2002,,152.93,,,,,
dataflow,ESTAT:NRG_IND_EI(1.0),Energy intensity,A,Annual,EI_GDP_PPS,Energy intensity of GDP in purchasing power standards (PPS),KGOE_TEUR_PPS,Kilograms of oil equivalent (KGOE) per thousand euro in purchasing power standards (PPS),DK,Denmark,2003,,159.74,,,,,
dataflow,ESTAT:NRG_IND_EI(1.0),Energy intensity,A,Annual,EI_GDP_PPS,Energy intensity of GDP in purchasing power standards (PPS),KGOE_TEUR_PPS,Kilograms of oil equivalent (KGOE) per thousand euro in purchasing power standards (PPS),DK,Denmark,2004,,144.68,,,,,
dataflow,ESTAT:NRG_IND_EI(1.0),Energy intensity,A,Annual,EI_GDP_PPS,Energy intensity of GDP in purchasing power standards (PPS),KGOE_TEUR_PPS,Kilograms of oil equivalent (KGOE) per thousand euro in purchasing power standards (PPS),DK,Denmark,2005,,135.49,,,,,
dataflow,ESTAT:NRG_IND_EI(1.0),Energy intensity,A,Annual,EI_GDP_PPS,Energy intensity of GDP in purchasing power standards (PPS),KGOE_TEUR_PPS,Kilograms of oil equivalent (KGOE) per thousand euro in purchasing power standards (PPS),DK,Denmark,2006,,137.60,,,,,
dataflow,ESTAT:NRG_IND_EI(1.0),Energy intensity,A,Annual,EI_GDP_PPS,Energy intensity of GDP in purchasing power standards (PPS),KGOE_TEUR_PPS,Kilograms of oil equivalent (KGOE) per thousand euro in purchasing power standards (PPS),DK,Denmark,2007,,129.50,,,,,
dataflow,ESTAT:NRG_IND_EI(1.0),Energy intensity,A,Annual,EI_GDP_PPS,Energy intensity of GDP in purchasing power standards (PPS),KGOE_TEUR_PPS,Kilograms of oil equivalent (KGOE) per thousand euro in purchasing power standards (PPS),DK,Denmark,2008,,119.58,,,,,
dataflow,ESTAT:NRG_IND_EI(1.0),Energy intensity,A,Annual,EI_GDP_PPS,Energy intensity of GDP in purchasing power standards (PPS),KGOE_TEUR_PPS,Kilograms of oil equivalent (KGOE) per thousand euro in purchasing power standards (PPS),DK,Denmark,2009,,118.07,,,,,
dataflow,ESTAT:NRG_IND_EI(1.0),Energy intensity,A,Annual,EI_GDP_PPS,Energy intensity of GDP in purchasing power standards (PPS),KGOE_TEUR_PPS,Kilograms of oil equivalent (KGOE) per thousand euro in purchasing power standards (PPS),DK,Denmark,2010,,116.29,,,,,
dataflow,ESTAT:NRG_IND_EI(1.0),Energy intensity,A,Annual,EI_GDP_PPS,Energy intensity of GDP in purchasing power standards (PPS),KGOE_TEUR_PPS,Kilograms of oil equivalent (KGOE) per thousand euro in purchasing power standards (PPS),DK,Denmark,2011,,106.47,,,,,
dataflow,ESTAT:NRG_IND_EI(1.0),Energy intensity,A,Annual,EI_GDP_PPS,Energy intensity of GDP in purchasing power standards (PPS),KGOE_TEUR_PPS,Kilograms of oil equivalent (KGOE) per thousand euro in purchasing power standards (PPS),DK,Denmark,2012,,101.10,,,,,
dataflow,ESTAT:NRG_IND_EI(1.0),Energy intensity,A,Annual,EI_GDP_PPS,Energy intensity of GDP in purchasing power standards (PPS),KGOE_TEUR_PPS,Kilograms of oil equivalent (KGOE) per thousand euro in purchasing power standards (PPS),DK,Denmark,2013,,99.49,,,,,
dataflow,ESTAT:NRG_IND_EI(1.0),Energy intensity,A,Annual,EI_GDP_PPS,Energy intensity of GDP in purchasing power standards (PPS),KGOE_TEUR_PPS,Kilograms of oil equivalent (KGOE) per thousand euro in purchasing power standards (PPS),DK,Denmark,2014,,93.34,,,,,
dataflow,ESTAT:NRG_IND_EI(1.0),Energy intensity,A,Annual,EI_GDP_PPS,Energy intensity of GDP in purchasing power standards (PPS),KGOE_TEUR_PPS,Kilograms of oil equivalent (KGOE) per thousand euro in purchasing power standards (PPS),DK,Denmark,2015,,90.23,,,,,
dataflow,ESTAT:NRG_IND_EI(1.0),Energy intensity,A,Annual,EI_GDP_PPS,Energy intensity of GDP in purchasing power standards (PPS),KGOE_TEUR_PPS,Kilograms of oil equivalent (KGOE) per thousand euro in purchasing power standards (PPS),DK,Denmark,2016,,89.31,,,,,
dataflow,ESTAT:NRG_IND_EI(1.0),Energy intensity,A,Annual,EI_GDP_PPS,Energy intensity of GDP in purchasing power standards (PPS),KGOE_TEUR_PPS,Kilograms of oil equivalent (KGOE) per thousand euro in purchasing power standards (PPS),DK,Denmark,2017,,84.08,,,,,
dataflow,ESTAT:NRG_IND_EI(1.0),Energy intensity,A,Annual,EI_GDP_PPS,Energy intensity of GDP in purchasing power standards (PPS),KGOE_TEUR_PPS,Kilograms of oil equivalent (KGOE) per thousand euro in purchasing power standards (PPS),DK,Denmark,2018,,82.23,,,,,
dataflow,ESTAT:NRG_IND_EI(1.0),Energy intensity,A,Annual,EI_GDP_PPS,Energy intensity of GDP in purchasing power standards (PPS),KGOE_TEUR_PPS,Kilograms of oil equivalent (KGOE) per thousand euro in purchasing power standards (PPS),DK,Denmark,2019,,79.01,,,,,
dataflow,ESTAT:NRG_IND_EI(1.0),Energy intensity,A,Annual,EI_GDP_PPS,Energy intensity of GDP in purchasing power standards (PPS),KGOE_TEUR_PPS,Kilograms of oil equivalent (KGOE) per thousand euro in purchasing power standards (PPS),DK,Denmark,2020,,71.02,,,,,
dataflow,ESTAT:NRG_IND_EI(1.0),Energy intensity,A,Annual,EI_GDP_PPS,Energy intensity of GDP in purchasing power standards (PPS),KGOE_TEUR_PPS,Kilograms of oil equivalent (KGOE) per thousand euro in purchasing power standards (PPS),DK,Denmark,2021,,67.26,,,,,
dataflow,ESTAT:NRG_IND_EI(1.0),Energy intensity,A,Annual,EI_GDP_PPS,Energy intensity of GDP in purchasing power standards (PPS),KGOE_TEUR_PPS,Kilograms of oil equivalent (KGOE) per thousand euro in purchasing power standards (PPS),DK,Denmark,2022,,59.48,,,,,
dataflow,ESTAT:NRG_IND_EI(1.0),Energy intensity,A,Annual,EI_GDP_PPS,Energy intensity of GDP in purchasing power standards (PPS),KGOE_TEUR_PPS,Kilograms of oil equivalent (KGOE) per thousand euro in purchasing power standards (PPS),DK,Denmark,2023,,58.43,,,,,
dataflow,ESTAT:NRG_IND_EI(1.0),Energy intensity,A,Annual,EI_GDP_PPS,Energy intensity of GDP in purchasing power standards (PPS),KGOE_TEUR_PPS,Kilograms of oil equivalent (KGOE) per thousand euro in purchasing power standards (PPS),DK,Denmark,2024,,57.19,,,,,
dataflow,ESTAT:NRG_IND_EI(1.0),Energy intensity,A,Annual,EI_GDP_PPS,Energy intensity of GDP in purchasing power standards (PPS),KGOE_TEUR_PPS,Kilograms of oil equivalent (KGOE) per thousand euro in purchasing power standards (PPS),EE,Estonia,1995,,733.46,,,,,
dataflow,ESTAT:NRG_IND_EI(1.0),Energy intensity,A,Annual,EI_GDP_PPS,Energy intensity of GDP in purchasing power standards (PPS),KGOE_TEUR_PPS,Kilograms of oil equivalent (KGOE) per thousand euro in purchasing power standards (PPS),EE,Estonia,1996,,721.45,,,,,
dataflow,ESTAT:NRG_IND_EI(1.0),Energy intensity,A,Annual,EI_GDP_PPS,Energy intensity of GDP in purchasing power standards (PPS),KGOE_TEUR_PPS,Kilograms of oil equivalent (KGOE) per thousand euro in purchasing power standards (PPS),EE,Estonia,1997,,618.21,,,,,
dataflow,ESTAT:NRG_IND_EI(1.0),Energy intensity,A,Annual,EI_GDP_PPS,Energy intensity of GDP in purchasing power standards (PPS),KGOE_TEUR_PPS,Kilograms of oil equivalent (KGOE) per thousand euro in purchasing power standards (PPS),EE,Estonia,1998,,547.62,,,,,
dataflow,ESTAT:NRG_IND_EI(1.0),Energy intensity,A,Annual,EI_GDP_PPS,Energy intensity of GDP in purchasing power standards (PPS),KGOE_TEUR_PPS,Kilograms of oil equivalent (KGOE) per thousand euro in purchasing power standards (PPS),EE,Estonia,1999,,517.83,,,,,
dataflow,ESTAT:NRG_IND_EI(1.0),Energy intensity,A,Annual,EI_GDP_PPS,Energy intensity of GDP in purchasing power standards (PPS),KGOE_TEUR_PPS,Kilograms of oil equivalent (KGOE) per thousand euro in purchasing power standards (PPS),EE,Estonia,2000,,440.11,,,,,
dataflow,ESTAT:NRG_IND_EI(1.0),Energy intensity,A,Annual,EI_GDP_PPS,Energy intensity of GDP in purchasing power standards (PPS),KGOE_TEUR_PPS,Kilograms of oil equivalent (KGOE) per thousand euro in purchasing power standards (PPS),EE,Estonia,2001,,428.15,,,,,
dataflow,ESTAT:NRG_IND_EI(1.0),Energy intensity,A,Annual,EI_GDP_PPS,Energy intensity of GDP in purchasing power standards (PPS),KGOE_TEUR_PPS,Kilograms of oil equivalent (KGOE) per thousand euro in purchasing power standards (PPS),EE,Estonia,2002,,360.07,,,,,
dataflow,ESTAT:NRG_IND_EI(1.0),Energy intensity,A,Annual,EI_GDP_PPS,Energy intensity of GDP in purchasing power standards (PPS),KGOE_TEUR_PPS,Kilograms of oil equivalent (KGOE) per thousand euro in purchasing power standards (PPS),EE,Estonia,2003,,344.43,,,,,
dataflow,ESTAT:NRG_IND_EI(1.0),Energy intensity,A,Annual,EI_GDP_PPS,Energy intensity of GDP in purchasing power standards (PPS),KGOE_TEUR_PPS,Kilograms of oil equivalent (KGOE) per thousand euro in purchasing power standards (PPS),EE,Estonia,2004,,342.44,,,,,
dataflow,ESTAT:NRG_IND_EI(1.0),Energy intensity,A,Annual,EI_GDP_PPS,Energy intensity of GDP in purchasing power standards (PPS),KGOE_TEUR_PPS,Kilograms of oil equivalent (KGOE) per thousand euro in purchasing power standards (PPS),EE,Estonia,2005,,304.05,,,,,
dataflow,ESTAT:NRG_IND_EI(1.0),Energy intensity,A,Annual,EI_GDP_PPS,Energy intensity of GDP in purchasing power standards (PPS),KGOE_TEUR_PPS,Kilograms of oil equivalent (KGOE) per thousand euro in purchasing power standards (PPS),EE,Estonia,2006,,273.09,,,,,
dataflow,ESTAT:NRG_IND_EI(1.0),Energy intensity,A,Annual,EI_GDP_PPS,Energy intensity of GDP in purchasing power standards (PPS),KGOE_TEUR_PPS,Kilograms of oil equivalent (KGOE) per thousand euro in purchasing power standards (PPS),EE,Estonia,2007,,281.59,,,,,
dataflow,ESTAT:NRG_IND_EI(1.0),Energy intensity,A,Annual,EI_GDP_PPS,Energy intensity of GDP in purchasing power standards (PPS),KGOE_TEUR_PPS,Kilograms of oil equivalent (KGOE) per thousand euro in purchasing power standards (PPS),EE,Estonia,2008,,246.88,,,,,
dataflow,ESTAT:NRG_IND_EI(1.0),Energy intensity,A,Annual,EI_GDP_PPS,Energy intensity of GDP in purchasing power standards (PPS),KGOE_TEUR_PPS,Kilograms of oil equivalent (KGOE) per thousand euro in purchasing power standards (PPS),EE,Estonia,2009,,225.49,,,,,
dataflow,ESTAT:NRG_IND_EI(1.0),Energy intensity,A,Annual,EI_GDP_PPS,Energy intensity of GDP in purchasing power standards (PPS),KGOE_TEUR_PPS,Kilograms of oil equivalent (KGOE) per thousand euro in purchasing power standards (PPS),EE,Estonia,2010,,281.81,,,,,
dataflow,ESTAT:NRG_IND_EI(1.0),Energy intensity,A,Annual,EI_GDP_PPS,Energy intensity of GDP in purchasing power standards (PPS),KGOE_TEUR_PPS,Kilograms of oil equivalent (KGOE) per thousand euro in purchasing power standards (PPS),EE,Estonia,2011,,244.11,,,,,
dataflow,ESTAT:NRG_IND_EI(1.0),Energy intensity,A,Annual,EI_GDP_PPS,Energy intensity of GDP in purchasing power standards (PPS),KGOE_TEUR_PPS,Kilograms of oil equivalent (KGOE) per thousand euro in purchasing power standards (PPS),EE,Estonia,2012,,221.57,,,,,
dataflow,ESTAT:NRG_IND_EI(1.0),Energy intensity,A,Annual,EI_GDP_PPS,Energy intensity of GDP in purchasing power standards (PPS),KGOE_TEUR_PPS,Kilograms of oil equivalent (KGOE) per thousand euro in purchasing power standards (PPS),EE,Estonia,2013,,237.74,,,,,
dataflow,ESTAT:NRG_IND_EI(1.0),Energy intensity,A,Annual,EI_GDP_PPS,Energy intensity of GDP in purchasing power standards (PPS),KGOE_TEUR_PPS,Kilograms of oil equivalent (KGOE) per thousand euro in purchasing power standards (PPS),EE,Estonia,2014,,212.97,,,,,
dataflow,ESTAT:NRG_IND_EI(1.0),Energy intensity,A,Annual,EI_GDP_PPS,Energy intensity of GDP in purchasing power standards (PPS),KGOE_TEUR_PPS,Kilograms of oil equivalent (KGOE) per thousand euro in purchasing power standards (PPS),EE,Estonia,2015,,182.75,,,,,
dataflow,ESTAT:NRG_IND_EI(1.0),Energy intensity,A,Annual,EI_GDP_PPS,Energy intensity of GDP in purchasing power standards (PPS),KGOE_TEUR_PPS,Kilograms of oil equivalent (KGOE) per thousand euro in purchasing power standards (PPS),EE,Estonia,2016,,215.50,,,,,
dataflow,ESTAT:NRG_IND_EI(1.0),Energy intensity,A,Annual,EI_GDP_PPS,Energy intensity of GDP in purchasing power standards (PPS),KGOE_TEUR_PPS,Kilograms of oil equivalent (KGOE) per thousand euro in purchasing power standards (PPS),EE,Estonia,2017,,199.66,,,,,
dataflow,ESTAT:NRG_IND_EI(1.0),Energy intensity,A,Annual,EI_GDP_PPS,Energy intensity of GDP in purchasing power standards (PPS),KGOE_TEUR_PPS,Kilograms of oil equivalent (KGOE) per thousand euro in purchasing power standards (PPS),EE,Estonia,2018,,181.02,,,,,
dataflow,ESTAT:NRG_IND_EI(1.0),Energy intensity,A,Annual,EI_GDP_PPS,Energy intensity of GDP in purchasing power standards (PPS),KGOE_TEUR_PPS,Kilograms of oil equivalent (KGOE) per thousand euro in purchasing power standards (PPS),EE,Estonia,2019,,145.61,,,,,
dataflow,ESTAT:NRG_IND_EI(1.0),Energy intensity,A,Annual,EI_GDP_PPS,Energy intensity of GDP in purchasing power standards (PPS),KGOE_TEUR_PPS,Kilograms of oil equivalent (KGOE) per thousand euro in purchasing power standards (PPS),EE,Estonia,2020,,138.67,,,,,
dataflow,ESTAT:NRG_IND_EI(1.0),Energy intensity,A,Annual,EI_GDP_PPS,Energy intensity of GDP in purchasing power standards (PPS),KGOE_TEUR_PPS,Kilograms of oil equivalent (KGOE) per thousand euro in purchasing power standards (PPS),EE,Estonia,2021,,130.69,,,,,
dataflow,ESTAT:NRG_IND_EI(1.0),Energy intensity,A,Annual,EI_GDP_PPS,Energy intensity of GDP in purchasing power standards (PPS),KGOE_TEUR_PPS,Kilograms of oil equivalent (KGOE) per thousand euro in purchasing power standards (PPS),EE,Estonia,2022,,129.11,,,,,
dataflow,ESTAT:NRG_IND_EI(1.0),Energy intensity,A,Annual,EI_GDP_PPS,Energy intensity of GDP in purchasing power standards (PPS),KGOE_TEUR_PPS,Kilograms of oil equivalent (KGOE) per thousand euro in purchasing power standards (PPS),EE,Estonia,2023,,107.38,,,,,
dataflow,ESTAT:NRG_IND_EI(1.0),Energy intensity,A,Annual,EI_GDP_PPS,Energy intensity of GDP in purchasing power standards (PPS),KGOE_TEUR_PPS,Kilograms of oil equivalent (KGOE) per thousand euro in purchasing power standards (PPS),EE,Estonia,2024,,103.93,,,,,
dataflow,ESTAT:NRG_IND_EI(1.0),Energy intensity,A,Annual,EI_GDP_PPS,Energy intensity of GDP in purchasing power standards (PPS),KGOE_TEUR_PPS,Kilograms of oil equivalent (KGOE) per thousand euro in purchasing power standards (PPS),EL,Greece,1995,,201.13,,,,,
dataflow,ESTAT:NRG_IND_EI(1.0),Energy intensity,A,Annual,EI_GDP_PPS,Energy intensity of GDP in purchasing power standards (PPS),KGOE_TEUR_PPS,Kilograms of oil equivalent (KGOE) per thousand euro in purchasing power standards (PPS),EL,Greece,1996,,192.58,,,,,
dataflow,ESTAT:NRG_IND_EI(1.0),Energy intensity,A,Annual,EI_GDP_PPS,Energy intensity of GDP in purchasing power standards (PPS),KGOE_TEUR_PPS,Kilograms of oil equivalent (KGOE) per thousand euro in purchasing power standards (PPS),EL,Greece,1997,,190.46,,,,,
dataflow,ESTAT:NRG_IND_EI(1.0),Energy intensity,A,Annual,EI_GDP_PPS,Energy intensity of GDP in purchasing power standards (PPS),KGOE_TEUR_PPS,Kilograms of oil equivalent (KGOE) per thousand euro in purchasing power standards (PPS),EL,Greece,1998,,192.50,,,,,
dataflow,ESTAT:NRG_IND_EI(1.0),Energy intensity,A,Annual,EI_GDP_PPS,Energy intensity of GDP in purchasing power standards (PPS),KGOE_TEUR_PPS,Kilograms of oil equivalent (KGOE) per thousand euro in purchasing power standards (PPS),EL,Greece,1999,,186.45,,,,,
dataflow,ESTAT:NRG_IND_EI(1.0),Energy intensity,A,Annual,EI_GDP_PPS,Energy intensity of GDP in purchasing power standards (PPS),KGOE_TEUR_PPS,Kilograms of oil equivalent (KGOE) per thousand euro in purchasing power standards (PPS),EL,Greece,2000,,186.49,,,,,
dataflow,ESTAT:NRG_IND_EI(1.0),Energy intensity,A,Annual,EI_GDP_PPS,Energy intensity of GDP in purchasing power standards (PPS),KGOE_TEUR_PPS,Kilograms of oil equivalent (KGOE) per thousand euro in purchasing power standards (PPS),EL,Greece,2001,,176.75,,,,,
dataflow,ESTAT:NRG_IND_EI(1.0),Energy intensity,A,Annual,EI_GDP_PPS,Energy intensity of GDP in purchasing power standards (PPS),KGOE_TEUR_PPS,Kilograms of oil equivalent (KGOE) per thousand euro in purchasing power standards (PPS),EL,Greece,2002,,164.79,,,,,
dataflow,ESTAT:NRG_IND_EI(1.0),Energy intensity,A,Annual,EI_GDP_PPS,Energy intensity of GDP in purchasing power standards (PPS),KGOE_TEUR_PPS,Kilograms of oil equivalent (KGOE) per thousand euro in purchasing power standards (PPS),EL,Greece,2003,,159.32,,,,,
dataflow,ESTAT:NRG_IND_EI(1.0),Energy intensity,A,Annual,EI_GDP_PPS,Energy intensity of GDP in purchasing power standards (PPS),KGOE_TEUR_PPS,Kilograms of oil equivalent (KGOE) per thousand euro in purchasing power standards (PPS),EL,Greece,2004,,152.07,,,,,
dataflow,ESTAT:NRG_IND_EI(1.0),Energy intensity,A,Annual,EI_GDP_PPS,Energy intensity of GDP in purchasing power standards (PPS),KGOE_TEUR_PPS,Kilograms of oil equivalent (KGOE) per thousand euro in purchasing power standards (PPS),EL,Greece,2005,,150.77,,,,,
dataflow,ESTAT:NRG_IND_EI(1.0),Energy intensity,A,Annual,EI_GDP_PPS,Energy intensity of GDP in purchasing power standards (PPS),KGOE_TEUR_PPS,Kilograms of oil equivalent (KGOE) per thousand euro in purchasing power standards (PPS),EL,Greece,2006,,139.34,,,,,
dataflow,ESTAT:NRG_IND_EI(1.0),Energy intensity,A,Annual,EI_GDP_PPS,Energy intensity of GDP in purchasing power standards (PPS),KGOE_TEUR_PPS,Kilograms of oil equivalent (KGOE) per thousand euro in purchasing power standards (PPS),EL,Greece,2007,,136.40,,,,,
dataflow,ESTAT:NRG_IND_EI(1.0),Energy intensity,A,Annual,EI_GDP_PPS,Energy intensity of GDP in purchasing power standards (PPS),KGOE_TEUR_PPS,Kilograms of oil equivalent (KGOE) per thousand euro in purchasing power standards (PPS),EL,Greece,2008,,131.87,,,,,
dataflow,ESTAT:NRG_IND_EI(1.0),Energy intensity,A,Annual,EI_GDP_PPS,Energy intensity of GDP in purchasing power standards (PPS),KGOE_TEUR_PPS,Kilograms of oil equivalent (KGOE) per thousand euro in purchasing power standards (PPS),EL,Greece,2009,,131.10,,,,,
dataflow,ESTAT:NRG_IND_EI(1.0),Energy intensity,A,Annual,EI_GDP_PPS,Energy intensity of GDP in purchasing power standards (PPS),KGOE_TEUR_PPS,Kilograms of oil equivalent (KGOE) per thousand euro in purchasing power standards (PPS),EL,Greece,2010,,132.50,,,,,
dataflow,ESTAT:NRG_IND_EI(1.0),Energy intensity,A,Annual,EI_GDP_PPS,Energy intensity of GDP in purchasing power standards (PPS),KGOE_TEUR_PPS,Kilograms of oil equivalent (KGOE) per thousand euro in purchasing power standards (PPS),EL,Greece,2011,,142.46,,,,,
dataflow,ESTAT:NRG_IND_EI(1.0),Energy intensity,A,Annual,EI_GDP_PPS,Energy intensity of GDP in purchasing power standards (PPS),KGOE_TEUR_PPS,Kilograms of oil equivalent (KGOE) per thousand euro in purchasing power standards (PPS),EL,Greece,2012,,147.18,,,,,
dataflow,ESTAT:NRG_IND_EI(1.0),Energy intensity,A,Annual,EI_GDP_PPS,Energy intensity of GDP in purchasing power standards (PPS),KGOE_TEUR_PPS,Kilograms of oil equivalent (KGOE) per thousand euro in purchasing power standards (PPS),EL,Greece,2013,,128.60,,,,,
dataflow,ESTAT:NRG_IND_EI(1.0),Energy intensity,A,Annual,EI_GDP_PPS,Energy intensity of GDP in purchasing power standards (PPS),KGOE_TEUR_PPS,Kilograms of oil equivalent (KGOE) per thousand euro in purchasing power standards (PPS),EL,Greece,2014,,125.23,,,,,
dataflow,ESTAT:NRG_IND_EI(1.0),Energy intensity,A,Annual,EI_GDP_PPS,Energy intensity of GDP in purchasing power standards (PPS),KGOE_TEUR_PPS,Kilograms of oil equivalent (KGOE) per thousand euro in purchasing power standards (PPS),EL,Greece,2015,,124.97,,,,,
dataflow,ESTAT:NRG_IND_EI(1.0),Energy intensity,A,Annual,EI_GDP_PPS,Energy intensity of GDP in purchasing power standards (PPS),KGOE_TEUR_PPS,Kilograms of oil equivalent (KGOE) per thousand euro in purchasing power standards (PPS),EL,Greece,2016,,123.24,,,,,
dataflow,ESTAT:NRG_IND_EI(1.0),Energy intensity,A,Annual,EI_GDP_PPS,Energy intensity of GDP in purchasing power standards (PPS),KGOE_TEUR_PPS,Kilograms of oil equivalent (KGOE) per thousand euro in purchasing power standards (PPS),EL,Greece,2017,,125.21,,,,,
dataflow,ESTAT:NRG_IND_EI(1.0),Energy intensity,A,Annual,EI_GDP_PPS,Energy intensity of GDP in purchasing power standards (PPS),KGOE_TEUR_PPS,Kilograms of oil equivalent (KGOE) per thousand euro in purchasing power standards (PPS),EL,Greece,2018,,120.01,,,,,
dataflow,ESTAT:NRG_IND_EI(1.0),Energy intensity,A,Annual,EI_GDP_PPS,Energy intensity of GDP in purchasing power standards (PPS),KGOE_TEUR_PPS,Kilograms of oil equivalent (KGOE) per thousand euro in purchasing power standards (PPS),EL,Greece,2019,,117.11,,,,,
dataflow,ESTAT:NRG_IND_EI(1.0),Energy intensity,A,Annual,EI_GDP_PPS,Energy intensity of GDP in purchasing power standards (PPS),KGOE_TEUR_PPS,Kilograms of oil equivalent (KGOE) per thousand euro in purchasing power standards (PPS),EL,Greece,2020,,109.37,,,,,
dataflow,ESTAT:NRG_IND_EI(1.0),Energy intensity,A,Annual,EI_GDP_PPS,Energy intensity of GDP in purchasing power standards (PPS),KGOE_TEUR_PPS,Kilograms of oil equivalent (KGOE) per thousand euro in purchasing power standards (PPS),EL,Greece,2021,,103.16,,,,,
dataflow,ESTAT:NRG_IND_EI(1.0),Energy intensity,A,Annual,EI_GDP_PPS,Energy intensity of GDP in purchasing power standards (PPS),KGOE_TEUR_PPS,Kilograms of oil equivalent (KGOE) per thousand euro in purchasing power standards (PPS),EL,Greece,2022,,93.64,,,,,
dataflow,ESTAT:NRG_IND_EI(1.0),Energy intensity,A,Annual,EI_GDP_PPS,Energy intensity of GDP in purchasing power standards (PPS),KGOE_TEUR_PPS,Kilograms of oil equivalent (KGOE) per thousand euro in purchasing power standards (PPS),EL,Greece,2023,,83.04,,,,,
dataflow,ESTAT:NRG_IND_EI(1.0),Energy intensity,A,Annual,EI_GDP_PPS,Energy intensity of GDP in purchasing power standards (PPS),KGOE_TEUR_PPS,Kilograms of oil equivalent (KGOE) per thousand euro in purchasing power standards (PPS),EL,Greece,2024,,84.69,,,,,
dataflow,ESTAT:NRG_IND_EI(1.0),Energy intensity,A,Annual,EI_GDP_PPS,Energy intensity of GDP in purchasing power standards (PPS),KGOE_TEUR_PPS,Kilograms of oil equivalent (KGOE) per thousand euro in purchasing power standards (PPS),ES,Spain,1995,,195.54,,,,,
dataflow,ESTAT:NRG_IND_EI(1.0),Energy intensity,A,Annual,EI_GDP_PPS,Energy intensity of GDP in purchasing power standards (PPS),KGOE_TEUR_PPS,Kilograms of oil equivalent (KGOE) per thousand euro in purchasing power standards (PPS),ES,Spain,1996,,184.80,,,,,
dataflow,ESTAT:NRG_IND_EI(1.0),Energy intensity,A,Annual,EI_GDP_PPS,Energy intensity of GDP in purchasing power standards (PPS),KGOE_TEUR_PPS,Kilograms of oil equivalent (KGOE) per thousand euro in purchasing power standards (PPS),ES,Spain,1997,,189.28,,,,,
dataflow,ESTAT:NRG_IND_EI(1.0),Energy intensity,A,Annual,EI_GDP_PPS,Energy intensity of GDP in purchasing power standards (PPS),KGOE_TEUR_PPS,Kilograms of oil equivalent (KGOE) per thousand euro in purchasing power standards (PPS),ES,Spain,1998,,186.73,,,,,
dataflow,ESTAT:NRG_IND_EI(1.0),Energy intensity,A,Annual,EI_GDP_PPS,Energy intensity of GDP in purchasing power standards (PPS),KGOE_TEUR_PPS,Kilograms of oil equivalent (KGOE) per thousand euro in purchasing power standards (PPS),ES,Spain,1999,,185.13,,,,,
dataflow,ESTAT:NRG_IND_EI(1.0),Energy intensity,A,Annual,EI_GDP_PPS,Energy intensity of GDP in purchasing power standards (PPS),KGOE_TEUR_PPS,Kilograms of oil equivalent (KGOE) per thousand euro in purchasing power standards (PPS),ES,Spain,2000,,178.82,,,,,
dataflow,ESTAT:NRG_IND_EI(1.0),Energy intensity,A,Annual,EI_GDP_PPS,Energy intensity of GDP in purchasing power standards (PPS),KGOE_TEUR_PPS,Kilograms of oil equivalent (KGOE) per thousand euro in purchasing power standards (PPS),ES,Spain,2001,,172.65,,,,,
dataflow,ESTAT:NRG_IND_EI(1.0),Energy intensity,A,Annual,EI_GDP_PPS,Energy intensity of GDP in purchasing power standards (PPS),KGOE_TEUR_PPS,Kilograms of oil equivalent (KGOE) per thousand euro in purchasing power standards (PPS),ES,Spain,2002,,166.37,,,,,
dataflow,ESTAT:NRG_IND_EI(1.0),Energy intensity,A,Annual,EI_GDP_PPS,Energy intensity of GDP in purchasing power standards (PPS),KGOE_TEUR_PPS,Kilograms of oil equivalent (KGOE) per thousand euro in purchasing power standards (PPS),ES,Spain,2003,,164.09,,,,,
dataflow,ESTAT:NRG_IND_EI(1.0),Energy intensity,A,Annual,EI_GDP_PPS,Energy intensity of GDP in purchasing power standards (PPS),KGOE_TEUR_PPS,Kilograms of oil equivalent (KGOE) per thousand euro in purchasing power standards (PPS),ES,Spain,2004,,162.18,,,,,
dataflow,ESTAT:NRG_IND_EI(1.0),Energy intensity,A,Annual,EI_GDP_PPS,Energy intensity of GDP in purchasing power standards (PPS),KGOE_TEUR_PPS,Kilograms of oil equivalent (KGOE) per thousand euro in purchasing power standards (PPS),ES,Spain,2005,,154.24,,,,,
dataflow,ESTAT:NRG_IND_EI(1.0),Energy intensity,A,Annual,EI_GDP_PPS,Energy intensity of GDP in purchasing power standards (PPS),KGOE_TEUR_PPS,Kilograms of oil equivalent (KGOE) per thousand euro in purchasing power standards (PPS),ES,Spain,2006,,140.85,,,,,
dataflow,ESTAT:NRG_IND_EI(1.0),Energy intensity,A,Annual,EI_GDP_PPS,Energy intensity of GDP in purchasing power standards (PPS),KGOE_TEUR_PPS,Kilograms of oil equivalent (KGOE) per thousand euro in purchasing power standards (PPS),ES,Spain,2007,,133.70,,,,,
dataflow,ESTAT:NRG_IND_EI(1.0),Energy intensity,A,Annual,EI_GDP_PPS,Energy intensity of GDP in purchasing power standards (PPS),KGOE_TEUR_PPS,Kilograms of oil equivalent (KGOE) per thousand euro in purchasing power standards (PPS),ES,Spain,2008,,126.50,,,,,
dataflow,ESTAT:NRG_IND_EI(1.0),Energy intensity,A,Annual,EI_GDP_PPS,Energy intensity of GDP in purchasing power standards (PPS),KGOE_TEUR_PPS,Kilograms of oil equivalent (KGOE) per thousand euro in purchasing power standards (PPS),ES,Spain,2009,,123.24,,,,,
dataflow,ESTAT:NRG_IND_EI(1.0),Energy intensity,A,Annual,EI_GDP_PPS,Energy intensity of GDP in purchasing power standards (PPS),KGOE_TEUR_PPS,Kilograms of oil equivalent (KGOE) per thousand euro in purchasing power standards (PPS),ES,Spain,2010,,123.53,,,,,
dataflow,ESTAT:NRG_IND_EI(1.0),Energy intensity,A,Annual,EI_GDP_PPS,Energy intensity of GDP in purchasing power standards (PPS),KGOE_TEUR_PPS,Kilograms of oil equivalent (KGOE) per thousand euro in purchasing power standards (PPS),ES,Spain,2011,,123.85,,,,,
dataflow,ESTAT:NRG_IND_EI(1.0),Energy intensity,A,Annual,EI_GDP_PPS,Energy intensity of GDP in purchasing power standards (PPS),KGOE_TEUR_PPS,Kilograms of oil equivalent (KGOE) per thousand euro in purchasing power standards (PPS),ES,Spain,2012,,124.88,,,,,
dataflow,ESTAT:NRG_IND_EI(1.0),Energy intensity,A,Annual,EI_GDP_PPS,Energy intensity of GDP in purchasing power standards (PPS),KGOE_TEUR_PPS,Kilograms of oil equivalent (KGOE) per thousand euro in purchasing power standards (PPS),ES,Spain,2013,,116.64,,,,,
dataflow,ESTAT:NRG_IND_EI(1.0),Energy intensity,A,Annual,EI_GDP_PPS,Energy intensity of GDP in purchasing power standards (PPS),KGOE_TEUR_PPS,Kilograms of oil equivalent (KGOE) per thousand euro in purchasing power standards (PPS),ES,Spain,2014,,112.14,,,,,
dataflow,ESTAT:NRG_IND_EI(1.0),Energy intensity,A,Annual,EI_GDP_PPS,Energy intensity of GDP in purchasing power standards (PPS),KGOE_TEUR_PPS,Kilograms of oil equivalent (KGOE) per thousand euro in purchasing power standards (PPS),ES,Spain,2015,,110.90,,,,,
dataflow,ESTAT:NRG_IND_EI(1.0),Energy intensity,A,Annual,EI_GDP_PPS,Energy intensity of GDP in purchasing power standards (PPS),KGOE_TEUR_PPS,Kilograms of oil equivalent (KGOE) per thousand euro in purchasing power standards (PPS),ES,Spain,2016,,108.28,,,,,
dataflow,ESTAT:NRG_IND_EI(1.0),Energy intensity,A,Annual,EI_GDP_PPS,Energy intensity of GDP in purchasing power standards (PPS),KGOE_TEUR_PPS,Kilograms of oil equivalent (KGOE) per thousand euro in purchasing power standards (PPS),ES,Spain,2017,,107.65,,,,,
dataflow,ESTAT:NRG_IND_EI(1.0),Energy intensity,A,Annual,EI_GDP_PPS,Energy intensity of GDP in purchasing power standards (PPS),KGOE_TEUR_PPS,Kilograms of oil equivalent (KGOE) per thousand euro in purchasing power standards (PPS),ES,Spain,2018,,105.49,,,,,
dataflow,ESTAT:NRG_IND_EI(1.0),Energy intensity,A,Annual,EI_GDP_PPS,Energy intensity of GDP in purchasing power standards (PPS),KGOE_TEUR_PPS,Kilograms of oil equivalent (KGOE) per thousand euro in purchasing power standards (PPS),ES,Spain,2019,,99.29,,,,,
dataflow,ESTAT:NRG_IND_EI(1.0),Energy intensity,A,Annual,EI_GDP_PPS,Energy intensity of GDP in purchasing power standards (PPS),KGOE_TEUR_PPS,Kilograms of oil equivalent (KGOE) per thousand euro in purchasing power standards (PPS),ES,Spain,2020,,99.31,,,,,
dataflow,ESTAT:NRG_IND_EI(1.0),Energy intensity,A,Annual,EI_GDP_PPS,Energy intensity of GDP in purchasing power standards (PPS),KGOE_TEUR_PPS,Kilograms of oil equivalent (KGOE) per thousand euro in purchasing power standards (PPS),ES,Spain,2021,,93.65,,,,,
dataflow,ESTAT:NRG_IND_EI(1.0),Energy intensity,A,Annual,EI_GDP_PPS,Energy intensity of GDP in purchasing power standards (PPS),KGOE_TEUR_PPS,Kilograms of oil equivalent (KGOE) per thousand euro in purchasing power standards (PPS),ES,Spain,2022,,84.61,,,,,
dataflow,ESTAT:NRG_IND_EI(1.0),Energy intensity,A,Annual,EI_GDP_PPS,Energy intensity of GDP in purchasing power standards (PPS),KGOE_TEUR_PPS,Kilograms of oil equivalent (KGOE) per thousand euro in purchasing power standards (PPS),ES,Spain,2023,,74.37,,,,,
dataflow,ESTAT:NRG_IND_EI(1.0),Energy intensity,A,Annual,EI_GDP_PPS,Energy intensity of GDP in purchasing power standards (PPS),KGOE_TEUR_PPS,Kilograms of oil equivalent (KGOE) per thousand euro in purchasing power standards (PPS),ES,Spain,2024,,72.08,,,,,
dataflow,ESTAT:NRG_IND_EI(1.0),Energy intensity,A,Annual,EI_GDP_PPS,Energy intensity of GDP in purchasing power standards (PPS),KGOE_TEUR_PPS,Kilograms of oil equivalent (KGOE) per thousand euro in purchasing power standards (PPS),EU27_2020,European Union - 27 countries (from 2020),1995,,234.08,,,,,
dataflow,ESTAT:NRG_IND_EI(1.0),Energy intensity,A,Annual,EI_GDP_PPS,Energy intensity of GDP in purchasing power standards (PPS),KGOE_TEUR_PPS,Kilograms of oil equivalent (KGOE) per thousand euro in purchasing power standards (PPS),EU27_2020,European Union - 27 countries (from 2020),1996,,231.14,,,,,
dataflow,ESTAT:NRG_IND_EI(1.0),Energy intensity,A,Annual,EI_GDP_PPS,Energy intensity of GDP in purchasing power standards (PPS),KGOE_TEUR_PPS,Kilograms of oil equivalent (KGOE) per thousand euro in purchasing power standards (PPS),EU27_2020,European Union - 27 countries (from 2020),1997,,224.00,,,,,
dataflow,ESTAT:NRG_IND_EI(1.0),Energy intensity,A,Annual,EI_GDP_PPS,Energy intensity of GDP in purchasing power standards (PPS),KGOE_TEUR_PPS,Kilograms of oil equivalent (KGOE) per thousand euro in purchasing power standards (PPS),EU27_2020,European Union - 27 countries (from 2020),1998,,216.28,,,,,
dataflow,ESTAT:NRG_IND_EI(1.0),Energy intensity,A,Annual,EI_GDP_PPS,Energy intensity of GDP in purchasing power standards (PPS),KGOE_TEUR_PPS,Kilograms of oil equivalent (KGOE) per thousand euro in purchasing power standards (PPS),EU27_2020,European Union - 27 countries (from 2020),1999,,204.82,,,,,
dataflow,ESTAT:NRG_IND_EI(1.0),Energy intensity,A,Annual,EI_GDP_PPS,Energy intensity of GDP in purchasing power standards (PPS),KGOE_TEUR_PPS,Kilograms of oil equivalent (KGOE) per thousand euro in purchasing power standards (PPS),EU27_2020,European Union - 27 countries (from 2020),2000,,195.12,,,,,
dataflow,ESTAT:NRG_IND_EI(1.0),Energy intensity,A,Annual,EI_GDP_PPS,Energy intensity of GDP in purchasing power standards (PPS),KGOE_TEUR_PPS,Kilograms of oil equivalent (KGOE) per thousand euro in purchasing power standards (PPS),EU27_2020,European Union - 27 countries (from 2020),2001,,191.00,,,,,
dataflow,ESTAT:NRG_IND_EI(1.0),Energy intensity,A,Annual,EI_GDP_PPS,Energy intensity of GDP in purchasing power standards (PPS),KGOE_TEUR_PPS,Kilograms of oil equivalent (KGOE) per thousand euro in purchasing power standards (PPS),EU27_2020,European Union - 27 countries (from 2020),2002,,184.70,,,,,
dataflow,ESTAT:NRG_IND_EI(1.0),Energy intensity,A,Annual,EI_GDP_PPS,Energy intensity of GDP in purchasing power standards (PPS),KGOE_TEUR_PPS,Kilograms of oil equivalent (KGOE) per thousand euro in purchasing power standards (PPS),EU27_2020,European Union - 27 countries (from 2020),2003,,184.24,,,,,
dataflow,ESTAT:NRG_IND_EI(1.0),Energy intensity,A,Annual,EI_GDP_PPS,Energy intensity of GDP in purchasing power standards (PPS),KGOE_TEUR_PPS,Kilograms of oil equivalent (KGOE) per thousand euro in purchasing power standards (PPS),EU27_2020,European Union - 27 countries (from 2020),2004,,178.69,,,,,
dataflow,ESTAT:NRG_IND_EI(1.0),Energy intensity,A,Annual,EI_GDP_PPS,Energy intensity of GDP in purchasing power standards (PPS),KGOE_TEUR_PPS,Kilograms of oil equivalent (KGOE) per thousand euro in purchasing power standards (PPS),EU27_2020,European Union - 27 countries (from 2020),2005,,171.98,,,,,
dataflow,ESTAT:NRG_IND_EI(1.0),Energy intensity,A,Annual,EI_GDP_PPS,Energy intensity of GDP in purchasing power standards (PPS),KGOE_TEUR_PPS,Kilograms of oil equivalent (KGOE) per thousand euro in purchasing power standards (PPS),EU27_2020,European Union - 27 countries (from 2020),2006,,164.16,,,,,
dataflow,ESTAT:NRG_IND_EI(1.0),Energy intensity,A,Annual,EI_GDP_PPS,Energy intensity of GDP in purchasing power standards (PPS),KGOE_TEUR_PPS,Kilograms of oil equivalent (KGOE) per thousand euro in purchasing power standards (PPS),EU27_2020,European Union - 27 countries (from 2020),2007,,152.87,,,,,
dataflow,ESTAT:NRG_IND_EI(1.0),Energy intensity,A,Annual,EI_GDP_PPS,Energy intensity of GDP in purchasing power standards (PPS),KGOE_TEUR_PPS,Kilograms of oil equivalent (KGOE) per thousand euro in purchasing power standards (PPS),EU27_2020,European Union - 27 countries (from 2020),2008,,147.68,,,,,
dataflow,ESTAT:NRG_IND_EI(1.0),Energy intensity,A,Annual,EI_GDP_PPS,Energy intensity of GDP in purchasing power standards (PPS),KGOE_TEUR_PPS,Kilograms of oil equivalent (KGOE) per thousand euro in purchasing power standards (PPS),EU27_2020,European Union - 27 countries (from 2020),2009,,145.07,,,,,
dataflow,ESTAT:NRG_IND_EI(1.0),Energy intensity,A,Annual,EI_GDP_PPS,Energy intensity of GDP in purchasing power standards (PPS),KGOE_TEUR_PPS,Kilograms of oil equivalent (KGOE) per thousand euro in purchasing power standards (PPS),EU27_2020,European Union - 27 countries (from 2020),2010,,145.41,,,,,
dataflow,ESTAT:NRG_IND_EI(1.0),Energy intensity,A,Annual,EI_GDP_PPS,Energy intensity of GDP in purchasing power standards (PPS),KGOE_TEUR_PPS,Kilograms of oil equivalent (KGOE) per thousand euro in purchasing power standards (PPS),EU27_2020,European Union - 27 countries (from 2020),2011,,136.80,,,,,
dataflow,ESTAT:NRG_IND_EI(1.0),Energy intensity,A,Annual,EI_GDP_PPS,Energy intensity of GDP in purchasing power standards (PPS),KGOE_TEUR_PPS,Kilograms of oil equivalent (KGOE) per thousand euro in purchasing power standards (PPS),EU27_2020,European Union - 27 countries (from 2020),2012,,134.17,,,,,
dataflow,ESTAT:NRG_IND_EI(1.0),Energy intensity,A,Annual,EI_GDP_PPS,Energy intensity of GDP in purchasing power standards (PPS),KGOE_TEUR_PPS,Kilograms of oil equivalent (KGOE) per thousand euro in purchasing power standards (PPS),EU27_2020,European Union - 27 countries (from 2020),2013,,131.19,,,,,
dataflow,ESTAT:NRG_IND_EI(1.0),Energy intensity,A,Annual,EI_GDP_PPS,Energy intensity of GDP in purchasing power standards (PPS),KGOE_TEUR_PPS,Kilograms of oil equivalent (KGOE) per thousand euro in purchasing power standards (PPS),EU27_2020,European Union - 27 countries (from 2020),2014,,123.75,,,,,
dataflow,ESTAT:NRG_IND_EI(1.0),Energy intensity,A,Annual,EI_GDP_PPS,Energy intensity of GDP in purchasing power standards (PPS),KGOE_TEUR_PPS,Kilograms of oil equivalent (KGOE) per thousand euro in purchasing power standards (PPS),EU27_2020,European Union - 27 countries (from 2020),2015,,120.94,,,,,
dataflow,ESTAT:NRG_IND_EI(1.0),Energy intensity,A,Annual,EI_GDP_PPS,Energy intensity of GDP in purchasing power standards (PPS),KGOE_TEUR_PPS,Kilograms of oil equivalent (KGOE) per thousand euro in purchasing power standards (PPS),EU27_2020,European Union - 27 countries (from 2020),2016,,118.90,,,,,
dataflow,ESTAT:NRG_IND_EI(1.0),Energy intensity,A,Annual,EI_GDP_PPS,Energy intensity of GDP in purchasing power standards (PPS),KGOE_TEUR_PPS,Kilograms of oil equivalent (KGOE) per thousand euro in purchasing power standards (PPS),EU27_2020,European Union - 27 countries (from 2020),2017,,116.53,,,,,
dataflow,ESTAT:NRG_IND_EI(1.0),Energy intensity,A,Annual,EI_GDP_PPS,Energy intensity of GDP in purchasing power standards (PPS),KGOE_TEUR_PPS,Kilograms of oil equivalent (KGOE) per thousand euro in purchasing power standards (PPS),EU27_2020,European Union - 27 countries (from 2020),2018,,111.97,,,,,
dataflow,ESTAT:NRG_IND_EI(1.0),Energy intensity,A,Annual,EI_GDP_PPS,Energy intensity of GDP in purchasing power standards (PPS),KGOE_TEUR_PPS,Kilograms of oil equivalent (KGOE) per thousand euro in purchasing power standards (PPS),EU27_2020,European Union - 27 countries (from 2020),2019,,106.34,,,,,
dataflow,ESTAT:NRG_IND_EI(1.0),Energy intensity,A,Annual,EI_GDP_PPS,Energy intensity of GDP in purchasing power standards (PPS),KGOE_TEUR_PPS,Kilograms of oil equivalent (KGOE) per thousand euro in purchasing power standards (PPS),EU27_2020,European Union - 27 countries (from 2020),2020,,101.57,,,,,
dataflow,ESTAT:NRG_IND_EI(1.0),Energy intensity,A,Annual,EI_GDP_PPS,Energy intensity of GDP in purchasing power standards (PPS),KGOE_TEUR_PPS,Kilograms of oil equivalent (KGOE) per thousand euro in purchasing power standards (PPS),EU27_2020,European Union - 27 countries (from 2020),2021,,98.88,,,,,
dataflow,ESTAT:NRG_IND_EI(1.0),Energy intensity,A,Annual,EI_GDP_PPS,Energy intensity of GDP in purchasing power standards (PPS),KGOE_TEUR_PPS,Kilograms of oil equivalent (KGOE) per thousand euro in purchasing power standards (PPS),EU27_2020,European Union - 27 countries (from 2020),2022,,86.36,,,,,
dataflow,ESTAT:NRG_IND_EI(1.0),Energy intensity,A,Annual,EI_GDP_PPS,Energy intensity of GDP in purchasing power standards (PPS),KGOE_TEUR_PPS,Kilograms of oil equivalent (KGOE) per thousand euro in purchasing power standards (PPS),EU27_2020,European Union - 27 countries (from 2020),2023,,77.57,,,,,
dataflow,ESTAT:NRG_IND_EI(1.0),Energy intensity,A,Annual,EI_GDP_PPS,Energy intensity of GDP in purchasing power standards (PPS),KGOE_TEUR_PPS,Kilograms of oil equivalent (KGOE) per thousand euro in purchasing power standards (PPS),EU27_2020,European Union - 27 countries (from 2020),2024,,73.96,,,,,
dataflow,ESTAT:NRG_IND_EI(1.0),Energy intensity,A,Annual,EI_GDP_PPS,Energy intensity of GDP in purchasing power standards (PPS),KGOE_TEUR_PPS,Kilograms of oil equivalent (KGOE) per thousand euro in purchasing power standards (PPS),FI,Finland,1995,,352.97,,,,,
dataflow,ESTAT:NRG_IND_EI(1.0),Energy intensity,A,Annual,EI_GDP_PPS,Energy intensity of GDP in purchasing power standards (PPS),KGOE_TEUR_PPS,Kilograms of oil equivalent (KGOE) per thousand euro in purchasing power standards (PPS),FI,Finland,1996,,364.89,,,,,
dataflow,ESTAT:NRG_IND_EI(1.0),Energy intensity,A,Annual,EI_GDP_PPS,Energy intensity of GDP in purchasing power standards (PPS),KGOE_TEUR_PPS,Kilograms of oil equivalent (KGOE) per thousand euro in purchasing power standards (PPS),FI,Finland,1997,,352.62,,,,,
dataflow,ESTAT:NRG_IND_EI(1.0),Energy intensity,A,Annual,EI_GDP_PPS,Energy intensity of GDP in purchasing power standards (PPS),KGOE_TEUR_PPS,Kilograms of oil equivalent (KGOE) per thousand euro in purchasing power standards (PPS),FI,Finland,1998,,330.97,,,,,
dataflow,ESTAT:NRG_IND_EI(1.0),Energy intensity,A,Annual,EI_GDP_PPS,Energy intensity of GDP in purchasing power standards (PPS),KGOE_TEUR_PPS,Kilograms of oil equivalent (KGOE) per thousand euro in purchasing power standards (PPS),FI,Finland,1999,,312.76,,,,,
dataflow,ESTAT:NRG_IND_EI(1.0),Energy intensity,A,Annual,EI_GDP_PPS,Energy intensity of GDP in purchasing power standards (PPS),KGOE_TEUR_PPS,Kilograms of oil equivalent (KGOE) per thousand euro in purchasing power standards (PPS),FI,Finland,2000,,290.42,,,,,
dataflow,ESTAT:NRG_IND_EI(1.0),Energy intensity,A,Annual,EI_GDP_PPS,Energy intensity of GDP in purchasing power standards (PPS),KGOE_TEUR_PPS,Kilograms of oil equivalent (KGOE) per thousand euro in purchasing power standards (PPS),FI,Finland,2001,,286.37,,,,,
dataflow,ESTAT:NRG_IND_EI(1.0),Energy intensity,A,Annual,EI_GDP_PPS,Energy intensity of GDP in purchasing power standards (PPS),KGOE_TEUR_PPS,Kilograms of oil equivalent (KGOE) per thousand euro in purchasing power standards (PPS),FI,Finland,2002,,295.43,,,,,
dataflow,ESTAT:NRG_IND_EI(1.0),Energy intensity,A,Annual,EI_GDP_PPS,Energy intensity of GDP in purchasing power standards (PPS),KGOE_TEUR_PPS,Kilograms of oil equivalent (KGOE) per thousand euro in purchasing power standards (PPS),FI,Finland,2003,,305.08,,,,,
dataflow,ESTAT:NRG_IND_EI(1.0),Energy intensity,A,Annual,EI_GDP_PPS,Energy intensity of GDP in purchasing power standards (PPS),KGOE_TEUR_PPS,Kilograms of oil equivalent (KGOE) per thousand euro in purchasing power standards (PPS),FI,Finland,2004,,287.01,,,,,
dataflow,ESTAT:NRG_IND_EI(1.0),Energy intensity,A,Annual,EI_GDP_PPS,Energy intensity of GDP in purchasing power standards (PPS),KGOE_TEUR_PPS,Kilograms of oil equivalent (KGOE) per thousand euro in purchasing power standards (PPS),FI,Finland,2005,,256.72,,,,,
dataflow,ESTAT:NRG_IND_EI(1.0),Energy intensity,A,Annual,EI_GDP_PPS,Energy intensity of GDP in purchasing power standards (PPS),KGOE_TEUR_PPS,Kilograms of oil equivalent (KGOE) per thousand euro in purchasing power standards (PPS),FI,Finland,2006,,266.98,,,,,
dataflow,ESTAT:NRG_IND_EI(1.0),Energy intensity,A,Annual,EI_GDP_PPS,Energy intensity of GDP in purchasing power standards (PPS),KGOE_TEUR_PPS,Kilograms of oil equivalent (KGOE) per thousand euro in purchasing power standards (PPS),FI,Finland,2007,,239.69,,,,,
dataflow,ESTAT:NRG_IND_EI(1.0),Energy intensity,A,Annual,EI_GDP_PPS,Energy intensity of GDP in purchasing power standards (PPS),KGOE_TEUR_PPS,Kilograms of oil equivalent (KGOE) per thousand euro in purchasing power standards (PPS),FI,Finland,2008,,220.09,,,,,
dataflow,ESTAT:NRG_IND_EI(1.0),Energy intensity,A,Annual,EI_GDP_PPS,Energy intensity of GDP in purchasing power standards (PPS),KGOE_TEUR_PPS,Kilograms of oil equivalent (KGOE) per thousand euro in purchasing power standards (PPS),FI,Finland,2009,,221.18,,,,,
dataflow,ESTAT:NRG_IND_EI(1.0),Energy intensity,A,Annual,EI_GDP_PPS,Energy intensity of GDP in purchasing power standards (PPS),KGOE_TEUR_PPS,Kilograms of oil equivalent (KGOE) per thousand euro in purchasing power standards (PPS),FI,Finland,2010,,233.99,,,,,
dataflow,ESTAT:NRG_IND_EI(1.0),Energy intensity,A,Annual,EI_GDP_PPS,Energy intensity of GDP in purchasing power standards (PPS),KGOE_TEUR_PPS,Kilograms of oil equivalent (KGOE) per thousand euro in purchasing power standards (PPS),FI,Finland,2011,,217.27,,,,,
dataflow,ESTAT:NRG_IND_EI(1.0),Energy intensity,A,Annual,EI_GDP_PPS,Energy intensity of GDP in purchasing power standards (PPS),KGOE_TEUR_PPS,Kilograms of oil equivalent (KGOE) per thousand euro in purchasing power standards (PPS),FI,Finland,2012,,210.56,,,,,
dataflow,ESTAT:NRG_IND_EI(1.0),Energy intensity,A,Annual,EI_GDP_PPS,Energy intensity of GDP in purchasing power standards (PPS),KGOE_TEUR_PPS,Kilograms of oil equivalent (KGOE) per thousand euro in purchasing power standards (PPS),FI,Finland,2013,,208.04,,,,,
dataflow,ESTAT:NRG_IND_EI(1.0),Energy intensity,A,Annual,EI_GDP_PPS,Energy intensity of GDP in purchasing power standards (PPS),KGOE_TEUR_PPS,Kilograms of oil equivalent (KGOE) per thousand euro in purchasing power standards (PPS),FI,Finland,2014,,211.78,,,,,
dataflow,ESTAT:NRG_IND_EI(1.0),Energy intensity,A,Annual,EI_GDP_PPS,Energy intensity of GDP in purchasing power standards (PPS),KGOE_TEUR_PPS,Kilograms of oil equivalent (KGOE) per thousand euro in purchasing power standards (PPS),FI,Finland,2015,,197.96,,,,,
dataflow,ESTAT:NRG_IND_EI(1.0),Energy intensity,A,Annual,EI_GDP_PPS,Energy intensity of GDP in purchasing power standards (PPS),KGOE_TEUR_PPS,Kilograms of oil equivalent (KGOE) per thousand euro in purchasing power standards (PPS),FI,Finland,2016,,200.76,,,,,
dataflow,ESTAT:NRG_IND_EI(1.0),Energy intensity,A,Annual,EI_GDP_PPS,Energy intensity of GDP in purchasing power standards (PPS),KGOE_TEUR_PPS,Kilograms of oil equivalent (KGOE) per thousand euro in purchasing power standards (PPS),FI,Finland,2017,,193.66,,,,,
dataflow,ESTAT:NRG_IND_EI(1.0),Energy intensity,A,Annual,EI_GDP_PPS,Energy intensity of GDP in purchasing power standards (PPS),KGOE_TEUR_PPS,Kilograms of oil equivalent (KGOE) per thousand euro in purchasing power standards (PPS),FI,Finland,2018,,191.29,,,,,
dataflow,ESTAT:NRG_IND_EI(1.0),Energy intensity,A,Annual,EI_GDP_PPS,Energy intensity of GDP in purchasing power standards (PPS),KGOE_TEUR_PPS,Kilograms of oil equivalent (KGOE) per thousand euro in purchasing power standards (PPS),FI,Finland,2019,,184.01,,,,,
dataflow,ESTAT:NRG_IND_EI(1.0),Energy intensity,A,Annual,EI_GDP_PPS,Energy intensity of GDP in purchasing power standards (PPS),KGOE_TEUR_PPS,Kilograms of oil equivalent (KGOE) per thousand euro in purchasing power standards (PPS),FI,Finland,2020,,172.27,,,,,
dataflow,ESTAT:NRG_IND_EI(1.0),Energy intensity,A,Annual,EI_GDP_PPS,Energy intensity of GDP in purchasing power standards (PPS),KGOE_TEUR_PPS,Kilograms of oil equivalent (KGOE) per thousand euro in purchasing power standards (PPS),FI,Finland,2021,,169.32,,,,,
dataflow,ESTAT:NRG_IND_EI(1.0),Energy intensity,A,Annual,EI_GDP_PPS,Energy intensity of GDP in purchasing power standards (PPS),KGOE_TEUR_PPS,Kilograms of oil equivalent (KGOE) per thousand euro in purchasing power standards (PPS),FI,Finland,2022,,154.06,,,,,
dataflow,ESTAT:NRG_IND_EI(1.0),Energy intensity,A,Annual,EI_GDP_PPS,Energy intensity of GDP in purchasing power standards (PPS),KGOE_TEUR_PPS,Kilograms of oil equivalent (KGOE) per thousand euro in purchasing power standards (PPS),FI,Finland,2023,,150.99,,,,,
dataflow,ESTAT:NRG_IND_EI(1.0),Energy intensity,A,Annual,EI_GDP_PPS,Energy intensity of GDP in purchasing power standards (PPS),KGOE_TEUR_PPS,Kilograms of oil equivalent (KGOE) per thousand euro in purchasing power standards (PPS),FI,Finland,2024,,142.30,,,,,
dataflow,ESTAT:NRG_IND_EI(1.0),Energy intensity,A,Annual,EI_GDP_PPS,Energy intensity of GDP in purchasing power standards (PPS),KGOE_TEUR_PPS,Kilograms of oil equivalent (KGOE) per thousand euro in purchasing power standards (PPS),FR,France,1995,,234.52,,,,,
dataflow,ESTAT:NRG_IND_EI(1.0),Energy intensity,A,Annual,EI_GDP_PPS,Energy intensity of GDP in purchasing power standards (PPS),KGOE_TEUR_PPS,Kilograms of oil equivalent (KGOE) per thousand euro in purchasing power standards (PPS),FR,France,1996,,237.55,,,,,
dataflow,ESTAT:NRG_IND_EI(1.0),Energy intensity,A,Annual,EI_GDP_PPS,Energy intensity of GDP in purchasing power standards (PPS),KGOE_TEUR_PPS,Kilograms of oil equivalent (KGOE) per thousand euro in purchasing power standards (PPS),FR,France,1997,,223.11,,,,,
dataflow,ESTAT:NRG_IND_EI(1.0),Energy intensity,A,Annual,EI_GDP_PPS,Energy intensity of GDP in purchasing power standards (PPS),KGOE_TEUR_PPS,Kilograms of oil equivalent (KGOE) per thousand euro in purchasing power standards (PPS),FR,France,1998,,219.72,,,,,
dataflow,ESTAT:NRG_IND_EI(1.0),Energy intensity,A,Annual,EI_GDP_PPS,Energy intensity of GDP in purchasing power standards (PPS),KGOE_TEUR_PPS,Kilograms of oil equivalent (KGOE) per thousand euro in purchasing power standards (PPS),FR,France,1999,,209.24,,,,,
dataflow,ESTAT:NRG_IND_EI(1.0),Energy intensity,A,Annual,EI_GDP_PPS,Energy intensity of GDP in purchasing power standards (PPS),KGOE_TEUR_PPS,Kilograms of oil equivalent (KGOE) per thousand euro in purchasing power standards (PPS),FR,France,2000,,196.62,,,,,
dataflow,ESTAT:NRG_IND_EI(1.0),Energy intensity,A,Annual,EI_GDP_PPS,Energy intensity of GDP in purchasing power standards (PPS),KGOE_TEUR_PPS,Kilograms of oil equivalent (KGOE) per thousand euro in purchasing power standards (PPS),FR,France,2001,,192.05,,,,,
dataflow,ESTAT:NRG_IND_EI(1.0),Energy intensity,A,Annual,EI_GDP_PPS,Energy intensity of GDP in purchasing power standards (PPS),KGOE_TEUR_PPS,Kilograms of oil equivalent (KGOE) per thousand euro in purchasing power standards (PPS),FR,France,2002,,186.11,,,,,
dataflow,ESTAT:NRG_IND_EI(1.0),Energy intensity,A,Annual,EI_GDP_PPS,Energy intensity of GDP in purchasing power standards (PPS),KGOE_TEUR_PPS,Kilograms of oil equivalent (KGOE) per thousand euro in purchasing power standards (PPS),FR,France,2003,,191.22,,,,,
dataflow,ESTAT:NRG_IND_EI(1.0),Energy intensity,A,Annual,EI_GDP_PPS,Energy intensity of GDP in purchasing power standards (PPS),KGOE_TEUR_PPS,Kilograms of oil equivalent (KGOE) per thousand euro in purchasing power standards (PPS),FR,France,2004,,188.00,,,,,
dataflow,ESTAT:NRG_IND_EI(1.0),Energy intensity,A,Annual,EI_GDP_PPS,Energy intensity of GDP in purchasing power standards (PPS),KGOE_TEUR_PPS,Kilograms of oil equivalent (KGOE) per thousand euro in purchasing power standards (PPS),FR,France,2005,,177.61,,,,,
dataflow,ESTAT:NRG_IND_EI(1.0),Energy intensity,A,Annual,EI_GDP_PPS,Energy intensity of GDP in purchasing power standards (PPS),KGOE_TEUR_PPS,Kilograms of oil equivalent (KGOE) per thousand euro in purchasing power standards (PPS),FR,France,2006,,168.12,,,,,
dataflow,ESTAT:NRG_IND_EI(1.0),Energy intensity,A,Annual,EI_GDP_PPS,Energy intensity of GDP in purchasing power standards (PPS),KGOE_TEUR_PPS,Kilograms of oil equivalent (KGOE) per thousand euro in purchasing power standards (PPS),FR,France,2007,,158.77,,,,,
dataflow,ESTAT:NRG_IND_EI(1.0),Energy intensity,A,Annual,EI_GDP_PPS,Energy intensity of GDP in purchasing power standards (PPS),KGOE_TEUR_PPS,Kilograms of oil equivalent (KGOE) per thousand euro in purchasing power standards (PPS),FR,France,2008,,156.79,,,,,
dataflow,ESTAT:NRG_IND_EI(1.0),Energy intensity,A,Annual,EI_GDP_PPS,Energy intensity of GDP in purchasing power standards (PPS),KGOE_TEUR_PPS,Kilograms of oil equivalent (KGOE) per thousand euro in purchasing power standards (PPS),FR,France,2009,,155.77,,,,,
dataflow,ESTAT:NRG_IND_EI(1.0),Energy intensity,A,Annual,EI_GDP_PPS,Energy intensity of GDP in purchasing power standards (PPS),KGOE_TEUR_PPS,Kilograms of oil equivalent (KGOE) per thousand euro in purchasing power standards (PPS),FR,France,2010,,153.87,,,,,
dataflow,ESTAT:NRG_IND_EI(1.0),Energy intensity,A,Annual,EI_GDP_PPS,Energy intensity of GDP in purchasing power standards (PPS),KGOE_TEUR_PPS,Kilograms of oil equivalent (KGOE) per thousand euro in purchasing power standards (PPS),FR,France,2011,,146.40,,,,,
dataflow,ESTAT:NRG_IND_EI(1.0),Energy intensity,A,Annual,EI_GDP_PPS,Energy intensity of GDP in purchasing power standards (PPS),KGOE_TEUR_PPS,Kilograms of oil equivalent (KGOE) per thousand euro in purchasing power standards (PPS),FR,France,2012,,146.48,,,,,
dataflow,ESTAT:NRG_IND_EI(1.0),Energy intensity,A,Annual,EI_GDP_PPS,Energy intensity of GDP in purchasing power standards (PPS),KGOE_TEUR_PPS,Kilograms of oil equivalent (KGOE) per thousand euro in purchasing power standards (PPS),FR,France,2013,,142.52,,,,,
dataflow,ESTAT:NRG_IND_EI(1.0),Energy intensity,A,Annual,EI_GDP_PPS,Energy intensity of GDP in purchasing power standards (PPS),KGOE_TEUR_PPS,Kilograms of oil equivalent (KGOE) per thousand euro in purchasing power standards (PPS),FR,France,2014,,134.92,,,,,
dataflow,ESTAT:NRG_IND_EI(1.0),Energy intensity,A,Annual,EI_GDP_PPS,Energy intensity of GDP in purchasing power standards (PPS),KGOE_TEUR_PPS,Kilograms of oil equivalent (KGOE) per thousand euro in purchasing power standards (PPS),FR,France,2015,,133.92,,,,,
dataflow,ESTAT:NRG_IND_EI(1.0),Energy intensity,A,Annual,EI_GDP_PPS,Energy intensity of GDP in purchasing power standards (PPS),KGOE_TEUR_PPS,Kilograms of oil equivalent (KGOE) per thousand euro in purchasing power standards (PPS),FR,France,2016,,129.62,,,,,
dataflow,ESTAT:NRG_IND_EI(1.0),Energy intensity,A,Annual,EI_GDP_PPS,Energy intensity of GDP in purchasing power standards (PPS),KGOE_TEUR_PPS,Kilograms of oil equivalent (KGOE) per thousand euro in purchasing power standards (PPS),FR,France,2017,,126.16,,,,,
dataflow,ESTAT:NRG_IND_EI(1.0),Energy intensity,A,Annual,EI_GDP_PPS,Energy intensity of GDP in purchasing power standards (PPS),KGOE_TEUR_PPS,Kilograms of oil equivalent (KGOE) per thousand euro in purchasing power standards (PPS),FR,France,2018,,121.61,,,,,
dataflow,ESTAT:NRG_IND_EI(1.0),Energy intensity,A,Annual,EI_GDP_PPS,Energy intensity of GDP in purchasing power standards (PPS),KGOE_TEUR_PPS,Kilograms of oil equivalent (KGOE) per thousand euro in purchasing power standards (PPS),FR,France,2019,,113.18,,,,,
dataflow,ESTAT:NRG_IND_EI(1.0),Energy intensity,A,Annual,EI_GDP_PPS,Energy intensity of GDP in purchasing power standards (PPS),KGOE_TEUR_PPS,Kilograms of oil equivalent (KGOE) per thousand euro in purchasing power standards (PPS),FR,France,2020,,105.22,,,,,
dataflow,ESTAT:NRG_IND_EI(1.0),Energy intensity,A,Annual,EI_GDP_PPS,Energy intensity of GDP in purchasing power standards (PPS),KGOE_TEUR_PPS,Kilograms of oil equivalent (KGOE) per thousand euro in purchasing power standards (PPS),FR,France,2021,,107.16,,,,,
dataflow,ESTAT:NRG_IND_EI(1.0),Energy intensity,A,Annual,EI_GDP_PPS,Energy intensity of GDP in purchasing power standards (PPS),KGOE_TEUR_PPS,Kilograms of oil equivalent (KGOE) per thousand euro in purchasing power standards (PPS),FR,France,2022,,92.30,,,,,
dataflow,ESTAT:NRG_IND_EI(1.0),Energy intensity,A,Annual,EI_GDP_PPS,Energy intensity of GDP in purchasing power standards (PPS),KGOE_TEUR_PPS,Kilograms of oil equivalent (KGOE) per thousand euro in purchasing power standards (PPS),FR,France,2023,,86.71,,,,,
dataflow,ESTAT:NRG_IND_EI(1.0),Energy intensity,A,Annual,EI_GDP_PPS,Energy intensity of GDP in purchasing power standards (PPS),KGOE_TEUR_PPS,Kilograms of oil equivalent (KGOE) per thousand euro in purchasing power standards (PPS),FR,France,2024,,81.45,,,,,
dataflow,ESTAT:NRG_IND_EI(1.0),Energy intensity,A,Annual,EI_GDP_PPS,Energy intensity of GDP in purchasing power standards (PPS),KGOE_TEUR_PPS,Kilograms of oil equivalent (KGOE) per thousand euro in purchasing power standards (PPS),HR,Croatia,1995,,246.15,,,,,
dataflow,ESTAT:NRG_IND_EI(1.0),Energy intensity,A,Annual,EI_GDP_PPS,Energy intensity of GDP in purchasing power standards (PPS),KGOE_TEUR_PPS,Kilograms of oil equivalent (KGOE) per thousand euro in purchasing power standards (PPS),HR,Croatia,1996,,244.45,,,,,
dataflow,ESTAT:NRG_IND_EI(1.0),Energy intensity,A,Annual,EI_GDP_PPS,Energy intensity of GDP in purchasing power standards (PPS),KGOE_TEUR_PPS,Kilograms of oil equivalent (KGOE) per thousand euro in purchasing power standards (PPS),HR,Croatia,1997,,234.49,,,,,
dataflow,ESTAT:NRG_IND_EI(1.0),Energy intensity,A,Annual,EI_GDP_PPS,Energy intensity of GDP in purchasing power standards (PPS),KGOE_TEUR_PPS,Kilograms of oil equivalent (KGOE) per thousand euro in purchasing power standards (PPS),HR,Croatia,1998,,231.07,,,,,
dataflow,ESTAT:NRG_IND_EI(1.0),Energy intensity,A,Annual,EI_GDP_PPS,Energy intensity of GDP in purchasing power standards (PPS),KGOE_TEUR_PPS,Kilograms of oil equivalent (KGOE) per thousand euro in purchasing power standards (PPS),HR,Croatia,1999,,235.44,,,,,
dataflow,ESTAT:NRG_IND_EI(1.0),Energy intensity,A,Annual,EI_GDP_PPS,Energy intensity of GDP in purchasing power standards (PPS),KGOE_TEUR_PPS,Kilograms of oil equivalent (KGOE) per thousand euro in purchasing power standards (PPS),HR,Croatia,2000,,214.28,,,,,
dataflow,ESTAT:NRG_IND_EI(1.0),Energy intensity,A,Annual,EI_GDP_PPS,Energy intensity of GDP in purchasing power standards (PPS),KGOE_TEUR_PPS,Kilograms of oil equivalent (KGOE) per thousand euro in purchasing power standards (PPS),HR,Croatia,2001,,212.96,,,,,
dataflow,ESTAT:NRG_IND_EI(1.0),Energy intensity,A,Annual,EI_GDP_PPS,Energy intensity of GDP in purchasing power standards (PPS),KGOE_TEUR_PPS,Kilograms of oil equivalent (KGOE) per thousand euro in purchasing power standards (PPS),HR,Croatia,2002,,200.61,,,,,
dataflow,ESTAT:NRG_IND_EI(1.0),Energy intensity,A,Annual,EI_GDP_PPS,Energy intensity of GDP in purchasing power standards (PPS),KGOE_TEUR_PPS,Kilograms of oil equivalent (KGOE) per thousand euro in purchasing power standards (PPS),HR,Croatia,2003,,199.92,,,,,
dataflow,ESTAT:NRG_IND_EI(1.0),Energy intensity,A,Annual,EI_GDP_PPS,Energy intensity of GDP in purchasing power standards (PPS),KGOE_TEUR_PPS,Kilograms of oil equivalent (KGOE) per thousand euro in purchasing power standards (PPS),HR,Croatia,2004,,187.39,,,,,
dataflow,ESTAT:NRG_IND_EI(1.0),Energy intensity,A,Annual,EI_GDP_PPS,Energy intensity of GDP in purchasing power standards (PPS),KGOE_TEUR_PPS,Kilograms of oil equivalent (KGOE) per thousand euro in purchasing power standards (PPS),HR,Croatia,2005,,180.59,,,,,
dataflow,ESTAT:NRG_IND_EI(1.0),Energy intensity,A,Annual,EI_GDP_PPS,Energy intensity of GDP in purchasing power standards (PPS),KGOE_TEUR_PPS,Kilograms of oil equivalent (KGOE) per thousand euro in purchasing power standards (PPS),HR,Croatia,2006,,162.07,,,,,
dataflow,ESTAT:NRG_IND_EI(1.0),Energy intensity,A,Annual,EI_GDP_PPS,Energy intensity of GDP in purchasing power standards (PPS),KGOE_TEUR_PPS,Kilograms of oil equivalent (KGOE) per thousand euro in purchasing power standards (PPS),HR,Croatia,2007,,152.89,,,,,
dataflow,ESTAT:NRG_IND_EI(1.0),Energy intensity,A,Annual,EI_GDP_PPS,Energy intensity of GDP in purchasing power standards (PPS),KGOE_TEUR_PPS,Kilograms of oil equivalent (KGOE) per thousand euro in purchasing power standards (PPS),HR,Croatia,2008,,141.40,,,,,
dataflow,ESTAT:NRG_IND_EI(1.0),Energy intensity,A,Annual,EI_GDP_PPS,Energy intensity of GDP in purchasing power standards (PPS),KGOE_TEUR_PPS,Kilograms of oil equivalent (KGOE) per thousand euro in purchasing power standards (PPS),HR,Croatia,2009,,144.64,,,,,
dataflow,ESTAT:NRG_IND_EI(1.0),Energy intensity,A,Annual,EI_GDP_PPS,Energy intensity of GDP in purchasing power standards (PPS),KGOE_TEUR_PPS,Kilograms of oil equivalent (KGOE) per thousand euro in purchasing power standards (PPS),HR,Croatia,2010,,144.72,,,,,
dataflow,ESTAT:NRG_IND_EI(1.0),Energy intensity,A,Annual,EI_GDP_PPS,Energy intensity of GDP in purchasing power standards (PPS),KGOE_TEUR_PPS,Kilograms of oil equivalent (KGOE) per thousand euro in purchasing power standards (PPS),HR,Croatia,2011,,137.35,,,,,
dataflow,ESTAT:NRG_IND_EI(1.0),Energy intensity,A,Annual,EI_GDP_PPS,Energy intensity of GDP in purchasing power standards (PPS),KGOE_TEUR_PPS,Kilograms of oil equivalent (KGOE) per thousand euro in purchasing power standards (PPS),HR,Croatia,2012,,128.34,,,,,
dataflow,ESTAT:NRG_IND_EI(1.0),Energy intensity,A,Annual,EI_GDP_PPS,Energy intensity of GDP in purchasing power standards (PPS),KGOE_TEUR_PPS,Kilograms of oil equivalent (KGOE) per thousand euro in purchasing power standards (PPS),HR,Croatia,2013,,124.87,,,,,
dataflow,ESTAT:NRG_IND_EI(1.0),Energy intensity,A,Annual,EI_GDP_PPS,Energy intensity of GDP in purchasing power standards (PPS),KGOE_TEUR_PPS,Kilograms of oil equivalent (KGOE) per thousand euro in purchasing power standards (PPS),HR,Croatia,2014,,119.28,,,,,
dataflow,ESTAT:NRG_IND_EI(1.0),Energy intensity,A,Annual,EI_GDP_PPS,Energy intensity of GDP in purchasing power standards (PPS),KGOE_TEUR_PPS,Kilograms of oil equivalent (KGOE) per thousand euro in purchasing power standards (PPS),HR,Croatia,2015,,120.01,,,,,
dataflow,ESTAT:NRG_IND_EI(1.0),Energy intensity,A,Annual,EI_GDP_PPS,Energy intensity of GDP in purchasing power standards (PPS),KGOE_TEUR_PPS,Kilograms of oil equivalent (KGOE) per thousand euro in purchasing power standards (PPS),HR,Croatia,2016,,116.60,,,,,
dataflow,ESTAT:NRG_IND_EI(1.0),Energy intensity,A,Annual,EI_GDP_PPS,Energy intensity of GDP in purchasing power standards (PPS),KGOE_TEUR_PPS,Kilograms of oil equivalent (KGOE) per thousand euro in purchasing power standards (PPS),HR,Croatia,2017,,114.81,,,,,
dataflow,ESTAT:NRG_IND_EI(1.0),Energy intensity,A,Annual,EI_GDP_PPS,Energy intensity of GDP in purchasing power standards (PPS),KGOE_TEUR_PPS,Kilograms of oil equivalent (KGOE) per thousand euro in purchasing power standards (PPS),HR,Croatia,2018,,107.93,,,,,
dataflow,ESTAT:NRG_IND_EI(1.0),Energy intensity,A,Annual,EI_GDP_PPS,Energy intensity of GDP in purchasing power standards (PPS),KGOE_TEUR_PPS,Kilograms of oil equivalent (KGOE) per thousand euro in purchasing power standards (PPS),HR,Croatia,2019,,103.78,,,,,
dataflow,ESTAT:NRG_IND_EI(1.0),Energy intensity,A,Annual,EI_GDP_PPS,Energy intensity of GDP in purchasing power standards (PPS),KGOE_TEUR_PPS,Kilograms of oil equivalent (KGOE) per thousand euro in purchasing power standards (PPS),HR,Croatia,2020,,105.36,,,,,
dataflow,ESTAT:NRG_IND_EI(1.0),Energy intensity,A,Annual,EI_GDP_PPS,Energy intensity of GDP in purchasing power standards (PPS),KGOE_TEUR_PPS,Kilograms of oil equivalent (KGOE) per thousand euro in purchasing power standards (PPS),HR,Croatia,2021,,95.41,,,,,
dataflow,ESTAT:NRG_IND_EI(1.0),Energy intensity,A,Annual,EI_GDP_PPS,Energy intensity of GDP in purchasing power standards (PPS),KGOE_TEUR_PPS,Kilograms of oil equivalent (KGOE) per thousand euro in purchasing power standards (PPS),HR,Croatia,2022,,85.04,,,,,
dataflow,ESTAT:NRG_IND_EI(1.0),Energy intensity,A,Annual,EI_GDP_PPS,Energy intensity of GDP in purchasing power standards (PPS),KGOE_TEUR_PPS,Kilograms of oil equivalent (KGOE) per thousand euro in purchasing power standards (PPS),HR,Croatia,2023,,77.00,,,,,
dataflow,ESTAT:NRG_IND_EI(1.0),Energy intensity,A,Annual,EI_GDP_PPS,Energy intensity of GDP in purchasing power standards (PPS),KGOE_TEUR_PPS,Kilograms of oil equivalent (KGOE) per thousand euro in purchasing power standards (PPS),HR,Croatia,2024,,75.14,,,,,
dataflow,ESTAT:NRG_IND_EI(1.0),Energy intensity,A,Annual,EI_GDP_PPS,Energy intensity of GDP in purchasing power standards (PPS),KGOE_TEUR_PPS,Kilograms of oil equivalent (KGOE) per thousand euro in purchasing power standards (PPS),HU,Hungary,1995,,326.50,,,,,
dataflow,ESTAT:NRG_IND_EI(1.0),Energy intensity,A,Annual,EI_GDP_PPS,Energy intensity of GDP in purchasing power standards (PPS),KGOE_TEUR_PPS,Kilograms of oil equivalent (KGOE) per thousand euro in purchasing power standards (PPS),HU,Hungary,1996,,326.23,,,,,
dataflow,ESTAT:NRG_IND_EI(1.0),Energy intensity,A,Annual,EI_GDP_PPS,Energy intensity of GDP in purchasing power standards (PPS),KGOE_TEUR_PPS,Kilograms of oil equivalent (KGOE) per thousand euro in purchasing power standards (PPS),HU,Hungary,1997,,309.59,,,,,
dataflow,ESTAT:NRG_IND_EI(1.0),Energy intensity,A,Annual,EI_GDP_PPS,Energy intensity of GDP in purchasing power standards (PPS),KGOE_TEUR_PPS,Kilograms of oil equivalent (KGOE) per thousand euro in purchasing power standards (PPS),HU,Hungary,1998,,291.10,,,,,
dataflow,ESTAT:NRG_IND_EI(1.0),Energy intensity,A,Annual,EI_GDP_PPS,Energy intensity of GDP in purchasing power standards (PPS),KGOE_TEUR_PPS,Kilograms of oil equivalent (KGOE) per thousand euro in purchasing power standards (PPS),HU,Hungary,1999,,276.01,,,,,
dataflow,ESTAT:NRG_IND_EI(1.0),Energy intensity,A,Annual,EI_GDP_PPS,Energy intensity of GDP in purchasing power standards (PPS),KGOE_TEUR_PPS,Kilograms of oil equivalent (KGOE) per thousand euro in purchasing power standards (PPS),HU,Hungary,2000,,250.59,,,,,
dataflow,ESTAT:NRG_IND_EI(1.0),Energy intensity,A,Annual,EI_GDP_PPS,Energy intensity of GDP in purchasing power standards (PPS),KGOE_TEUR_PPS,Kilograms of oil equivalent (KGOE) per thousand euro in purchasing power standards (PPS),HU,Hungary,2001,,231.53,,,,,
dataflow,ESTAT:NRG_IND_EI(1.0),Energy intensity,A,Annual,EI_GDP_PPS,Energy intensity of GDP in purchasing power standards (PPS),KGOE_TEUR_PPS,Kilograms of oil equivalent (KGOE) per thousand euro in purchasing power standards (PPS),HU,Hungary,2002,,213.21,,,,,
dataflow,ESTAT:NRG_IND_EI(1.0),Energy intensity,A,Annual,EI_GDP_PPS,Energy intensity of GDP in purchasing power standards (PPS),KGOE_TEUR_PPS,Kilograms of oil equivalent (KGOE) per thousand euro in purchasing power standards (PPS),HU,Hungary,2003,,204.87,,,,,
dataflow,ESTAT:NRG_IND_EI(1.0),Energy intensity,A,Annual,EI_GDP_PPS,Energy intensity of GDP in purchasing power standards (PPS),KGOE_TEUR_PPS,Kilograms of oil equivalent (KGOE) per thousand euro in purchasing power standards (PPS),HU,Hungary,2004,,196.96,,,,,
dataflow,ESTAT:NRG_IND_EI(1.0),Energy intensity,A,Annual,EI_GDP_PPS,Energy intensity of GDP in purchasing power standards (PPS),KGOE_TEUR_PPS,Kilograms of oil equivalent (KGOE) per thousand euro in purchasing power standards (PPS),HU,Hungary,2005,,201.89,,,,,
dataflow,ESTAT:NRG_IND_EI(1.0),Energy intensity,A,Annual,EI_GDP_PPS,Energy intensity of GDP in purchasing power standards (PPS),KGOE_TEUR_PPS,Kilograms of oil equivalent (KGOE) per thousand euro in purchasing power standards (PPS),HU,Hungary,2006,,191.76,,,,,
dataflow,ESTAT:NRG_IND_EI(1.0),Energy intensity,A,Annual,EI_GDP_PPS,Energy intensity of GDP in purchasing power standards (PPS),KGOE_TEUR_PPS,Kilograms of oil equivalent (KGOE) per thousand euro in purchasing power standards (PPS),HU,Hungary,2007,,182.08,,,,,
dataflow,ESTAT:NRG_IND_EI(1.0),Energy intensity,A,Annual,EI_GDP_PPS,Energy intensity of GDP in purchasing power standards (PPS),KGOE_TEUR_PPS,Kilograms of oil equivalent (KGOE) per thousand euro in purchasing power standards (PPS),HU,Hungary,2008,,168.42,,,,,
dataflow,ESTAT:NRG_IND_EI(1.0),Energy intensity,A,Annual,EI_GDP_PPS,Energy intensity of GDP in purchasing power standards (PPS),KGOE_TEUR_PPS,Kilograms of oil equivalent (KGOE) per thousand euro in purchasing power standards (PPS),HU,Hungary,2009,,165.05,,,,,
dataflow,ESTAT:NRG_IND_EI(1.0),Energy intensity,A,Annual,EI_GDP_PPS,Energy intensity of GDP in purchasing power standards (PPS),KGOE_TEUR_PPS,Kilograms of oil equivalent (KGOE) per thousand euro in purchasing power standards (PPS),HU,Hungary,2010,,161.94,,,,,
dataflow,ESTAT:NRG_IND_EI(1.0),Energy intensity,A,Annual,EI_GDP_PPS,Energy intensity of GDP in purchasing power standards (PPS),KGOE_TEUR_PPS,Kilograms of oil equivalent (KGOE) per thousand euro in purchasing power standards (PPS),HU,Hungary,2011,,152.54,,,,,
dataflow,ESTAT:NRG_IND_EI(1.0),Energy intensity,A,Annual,EI_GDP_PPS,Energy intensity of GDP in purchasing power standards (PPS),KGOE_TEUR_PPS,Kilograms of oil equivalent (KGOE) per thousand euro in purchasing power standards (PPS),HU,Hungary,2012,,145.71,,,,,
dataflow,ESTAT:NRG_IND_EI(1.0),Energy intensity,A,Annual,EI_GDP_PPS,Energy intensity of GDP in purchasing power standards (PPS),KGOE_TEUR_PPS,Kilograms of oil equivalent (KGOE) per thousand euro in purchasing power standards (PPS),HU,Hungary,2013,,136.49,,,,,
dataflow,ESTAT:NRG_IND_EI(1.0),Energy intensity,A,Annual,EI_GDP_PPS,Energy intensity of GDP in purchasing power standards (PPS),KGOE_TEUR_PPS,Kilograms of oil equivalent (KGOE) per thousand euro in purchasing power standards (PPS),HU,Hungary,2014,,131.04,,,,,
dataflow,ESTAT:NRG_IND_EI(1.0),Energy intensity,A,Annual,EI_GDP_PPS,Energy intensity of GDP in purchasing power standards (PPS),KGOE_TEUR_PPS,Kilograms of oil equivalent (KGOE) per thousand euro in purchasing power standards (PPS),HU,Hungary,2015,,132.81,,,,,
dataflow,ESTAT:NRG_IND_EI(1.0),Energy intensity,A,Annual,EI_GDP_PPS,Energy intensity of GDP in purchasing power standards (PPS),KGOE_TEUR_PPS,Kilograms of oil equivalent (KGOE) per thousand euro in purchasing power standards (PPS),HU,Hungary,2016,,133.58,,,,,
dataflow,ESTAT:NRG_IND_EI(1.0),Energy intensity,A,Annual,EI_GDP_PPS,Energy intensity of GDP in purchasing power standards (PPS),KGOE_TEUR_PPS,Kilograms of oil equivalent (KGOE) per thousand euro in purchasing power standards (PPS),HU,Hungary,2017,,134.21,,,,,
dataflow,ESTAT:NRG_IND_EI(1.0),Energy intensity,A,Annual,EI_GDP_PPS,Energy intensity of GDP in purchasing power standards (PPS),KGOE_TEUR_PPS,Kilograms of oil equivalent (KGOE) per thousand euro in purchasing power standards (PPS),HU,Hungary,2018,,125.76,,,,,
dataflow,ESTAT:NRG_IND_EI(1.0),Energy intensity,A,Annual,EI_GDP_PPS,Energy intensity of GDP in purchasing power standards (PPS),KGOE_TEUR_PPS,Kilograms of oil equivalent (KGOE) per thousand euro in purchasing power standards (PPS),HU,Hungary,2019,,118.88,,,,,
dataflow,ESTAT:NRG_IND_EI(1.0),Energy intensity,A,Annual,EI_GDP_PPS,Energy intensity of GDP in purchasing power standards (PPS),KGOE_TEUR_PPS,Kilograms of oil equivalent (KGOE) per thousand euro in purchasing power standards (PPS),HU,Hungary,2020,,118.91,,,,,
dataflow,ESTAT:NRG_IND_EI(1.0),Energy intensity,A,Annual,EI_GDP_PPS,Energy intensity of GDP in purchasing power standards (PPS),KGOE_TEUR_PPS,Kilograms of oil equivalent (KGOE) per thousand euro in purchasing power standards (PPS),HU,Hungary,2021,,114.59,,,,,
dataflow,ESTAT:NRG_IND_EI(1.0),Energy intensity,A,Annual,EI_GDP_PPS,Energy intensity of GDP in purchasing power standards (PPS),KGOE_TEUR_PPS,Kilograms of oil equivalent (KGOE) per thousand euro in purchasing power standards (PPS),HU,Hungary,2022,,98.30,,,,,
dataflow,ESTAT:NRG_IND_EI(1.0),Energy intensity,A,Annual,EI_GDP_PPS,Energy intensity of GDP in purchasing power standards (PPS),KGOE_TEUR_PPS,Kilograms of oil equivalent (KGOE) per thousand euro in purchasing power standards (PPS),HU,Hungary,2023,,87.36,,,,,
dataflow,ESTAT:NRG_IND_EI(1.0),Energy intensity,A,Annual,EI_GDP_PPS,Energy intensity of GDP in purchasing power standards (PPS),KGOE_TEUR_PPS,Kilograms of oil equivalent (KGOE) per thousand euro in purchasing power standards (PPS),HU,Hungary,2024,,83.82,,,,,
dataflow,ESTAT:NRG_IND_EI(1.0),Energy intensity,A,Annual,EI_GDP_PPS,Energy intensity of GDP in purchasing power standards (PPS),KGOE_TEUR_PPS,Kilograms of oil equivalent (KGOE) per thousand euro in purchasing power standards (PPS),IE,Ireland,1995,,191.11,,,,,
dataflow,ESTAT:NRG_IND_EI(1.0),Energy intensity,A,Annual,EI_GDP_PPS,Energy intensity of GDP in purchasing power standards (PPS),KGOE_TEUR_PPS,Kilograms of oil equivalent (KGOE) per thousand euro in purchasing power standards (PPS),IE,Ireland,1996,,187.84,,,,,
dataflow,ESTAT:NRG_IND_EI(1.0),Energy intensity,A,Annual,EI_GDP_PPS,Energy intensity of GDP in purchasing power standards (PPS),KGOE_TEUR_PPS,Kilograms of oil equivalent (KGOE) per thousand euro in purchasing power standards (PPS),IE,Ireland,1997,,182.60,,,,,
dataflow,ESTAT:NRG_IND_EI(1.0),Energy intensity,A,Annual,EI_GDP_PPS,Energy intensity of GDP in purchasing power standards (PPS),KGOE_TEUR_PPS,Kilograms of oil equivalent (KGOE) per thousand euro in purchasing power standards (PPS),IE,Ireland,1998,,173.20,,,,,
dataflow,ESTAT:NRG_IND_EI(1.0),Energy intensity,A,Annual,EI_GDP_PPS,Energy intensity of GDP in purchasing power standards (PPS),KGOE_TEUR_PPS,Kilograms of oil equivalent (KGOE) per thousand euro in purchasing power standards (PPS),IE,Ireland,1999,,164.36,,,,,
dataflow,ESTAT:NRG_IND_EI(1.0),Energy intensity,A,Annual,EI_GDP_PPS,Energy intensity of GDP in purchasing power standards (PPS),KGOE_TEUR_PPS,Kilograms of oil equivalent (KGOE) per thousand euro in purchasing power standards (PPS),IE,Ireland,2000,,152.10,,,,,
dataflow,ESTAT:NRG_IND_EI(1.0),Energy intensity,A,Annual,EI_GDP_PPS,Energy intensity of GDP in purchasing power standards (PPS),KGOE_TEUR_PPS,Kilograms of oil equivalent (KGOE) per thousand euro in purchasing power standards (PPS),IE,Ireland,2001,,146.86,,,,,
dataflow,ESTAT:NRG_IND_EI(1.0),Energy intensity,A,Annual,EI_GDP_PPS,Energy intensity of GDP in purchasing power standards (PPS),KGOE_TEUR_PPS,Kilograms of oil equivalent (KGOE) per thousand euro in purchasing power standards (PPS),IE,Ireland,2002,,136.89,,,,,
dataflow,ESTAT:NRG_IND_EI(1.0),Energy intensity,A,Annual,EI_GDP_PPS,Energy intensity of GDP in purchasing power standards (PPS),KGOE_TEUR_PPS,Kilograms of oil equivalent (KGOE) per thousand euro in purchasing power standards (PPS),IE,Ireland,2003,,125.16,,,,,
dataflow,ESTAT:NRG_IND_EI(1.0),Energy intensity,A,Annual,EI_GDP_PPS,Energy intensity of GDP in purchasing power standards (PPS),KGOE_TEUR_PPS,Kilograms of oil equivalent (KGOE) per thousand euro in purchasing power standards (PPS),IE,Ireland,2004,,118.32,,,,,
dataflow,ESTAT:NRG_IND_EI(1.0),Energy intensity,A,Annual,EI_GDP_PPS,Energy intensity of GDP in purchasing power standards (PPS),KGOE_TEUR_PPS,Kilograms of oil equivalent (KGOE) per thousand euro in purchasing power standards (PPS),IE,Ireland,2005,,112.96,,,,,
dataflow,ESTAT:NRG_IND_EI(1.0),Energy intensity,A,Annual,EI_GDP_PPS,Energy intensity of GDP in purchasing power standards (PPS),KGOE_TEUR_PPS,Kilograms of oil equivalent (KGOE) per thousand euro in purchasing power standards (PPS),IE,Ireland,2006,,104.35,,,,,
dataflow,ESTAT:NRG_IND_EI(1.0),Energy intensity,A,Annual,EI_GDP_PPS,Energy intensity of GDP in purchasing power standards (PPS),KGOE_TEUR_PPS,Kilograms of oil equivalent (KGOE) per thousand euro in purchasing power standards (PPS),IE,Ireland,2007,,99.87,,,,,
dataflow,ESTAT:NRG_IND_EI(1.0),Energy intensity,A,Annual,EI_GDP_PPS,Energy intensity of GDP in purchasing power standards (PPS),KGOE_TEUR_PPS,Kilograms of oil equivalent (KGOE) per thousand euro in purchasing power standards (PPS),IE,Ireland,2008,,104.16,,,,,
dataflow,ESTAT:NRG_IND_EI(1.0),Energy intensity,A,Annual,EI_GDP_PPS,Energy intensity of GDP in purchasing power standards (PPS),KGOE_TEUR_PPS,Kilograms of oil equivalent (KGOE) per thousand euro in purchasing power standards (PPS),IE,Ireland,2009,,107.65,,,,,
dataflow,ESTAT:NRG_IND_EI(1.0),Energy intensity,A,Annual,EI_GDP_PPS,Energy intensity of GDP in purchasing power standards (PPS),KGOE_TEUR_PPS,Kilograms of oil equivalent (KGOE) per thousand euro in purchasing power standards (PPS),IE,Ireland,2010,,102.05,,,,,
dataflow,ESTAT:NRG_IND_EI(1.0),Energy intensity,A,Annual,EI_GDP_PPS,Energy intensity of GDP in purchasing power standards (PPS),KGOE_TEUR_PPS,Kilograms of oil equivalent (KGOE) per thousand euro in purchasing power standards (PPS),IE,Ireland,2011,,90.17,,,,,
dataflow,ESTAT:NRG_IND_EI(1.0),Energy intensity,A,Annual,EI_GDP_PPS,Energy intensity of GDP in purchasing power standards (PPS),KGOE_TEUR_PPS,Kilograms of oil equivalent (KGOE) per thousand euro in purchasing power standards (PPS),IE,Ireland,2012,,89.32,,,,,
dataflow,ESTAT:NRG_IND_EI(1.0),Energy intensity,A,Annual,EI_GDP_PPS,Energy intensity of GDP in purchasing power standards (PPS),KGOE_TEUR_PPS,Kilograms of oil equivalent (KGOE) per thousand euro in purchasing power standards (PPS),IE,Ireland,2013,,82.65,,,,,
dataflow,ESTAT:NRG_IND_EI(1.0),Energy intensity,A,Annual,EI_GDP_PPS,Energy intensity of GDP in purchasing power standards (PPS),KGOE_TEUR_PPS,Kilograms of oil equivalent (KGOE) per thousand euro in purchasing power standards (PPS),IE,Ireland,2014,,77.13,,,,,
dataflow,ESTAT:NRG_IND_EI(1.0),Energy intensity,A,Annual,EI_GDP_PPS,Energy intensity of GDP in purchasing power standards (PPS),KGOE_TEUR_PPS,Kilograms of oil equivalent (KGOE) per thousand euro in purchasing power standards (PPS),IE,Ireland,2015,,59.25,,,,,
dataflow,ESTAT:NRG_IND_EI(1.0),Energy intensity,A,Annual,EI_GDP_PPS,Energy intensity of GDP in purchasing power standards (PPS),KGOE_TEUR_PPS,Kilograms of oil equivalent (KGOE) per thousand euro in purchasing power standards (PPS),IE,Ireland,2016,,62.63,,,,,
dataflow,ESTAT:NRG_IND_EI(1.0),Energy intensity,A,Annual,EI_GDP_PPS,Energy intensity of GDP in purchasing power standards (PPS),KGOE_TEUR_PPS,Kilograms of oil equivalent (KGOE) per thousand euro in purchasing power standards (PPS),IE,Ireland,2017,,56.22,,,,,
dataflow,ESTAT:NRG_IND_EI(1.0),Energy intensity,A,Annual,EI_GDP_PPS,Energy intensity of GDP in purchasing power standards (PPS),KGOE_TEUR_PPS,Kilograms of oil equivalent (KGOE) per thousand euro in purchasing power standards (PPS),IE,Ireland,2018,,52.55,,,,,
dataflow,ESTAT:NRG_IND_EI(1.0),Energy intensity,A,Annual,EI_GDP_PPS,Energy intensity of GDP in purchasing power standards (PPS),KGOE_TEUR_PPS,Kilograms of oil equivalent (KGOE) per thousand euro in purchasing power standards (PPS),IE,Ireland,2019,,50.75,,,,,
dataflow,ESTAT:NRG_IND_EI(1.0),Energy intensity,A,Annual,EI_GDP_PPS,Energy intensity of GDP in purchasing power standards (PPS),KGOE_TEUR_PPS,Kilograms of oil equivalent (KGOE) per thousand euro in purchasing power standards (PPS),IE,Ireland,2020,,44.34,,,,,
dataflow,ESTAT:NRG_IND_EI(1.0),Energy intensity,A,Annual,EI_GDP_PPS,Energy intensity of GDP in purchasing power standards (PPS),KGOE_TEUR_PPS,Kilograms of oil equivalent (KGOE) per thousand euro in purchasing power standards (PPS),IE,Ireland,2021,,37.97,,,,,
dataflow,ESTAT:NRG_IND_EI(1.0),Energy intensity,A,Annual,EI_GDP_PPS,Energy intensity of GDP in purchasing power standards (PPS),KGOE_TEUR_PPS,Kilograms of oil equivalent (KGOE) per thousand euro in purchasing power standards (PPS),IE,Ireland,2022,,33.19,,,,,
dataflow,ESTAT:NRG_IND_EI(1.0),Energy intensity,A,Annual,EI_GDP_PPS,Energy intensity of GDP in purchasing power standards (PPS),KGOE_TEUR_PPS,Kilograms of oil equivalent (KGOE) per thousand euro in purchasing power standards (PPS),IE,Ireland,2023,,32.80,,,,,
dataflow,ESTAT:NRG_IND_EI(1.0),Energy intensity,A,Annual,EI_GDP_PPS,Energy intensity of GDP in purchasing power standards (PPS),KGOE_TEUR_PPS,Kilograms of oil equivalent (KGOE) per thousand euro in purchasing power standards (PPS),IE,Ireland,2024,,30.93,,,,,
dataflow,ESTAT:NRG_IND_EI(1.0),Energy intensity,A,Annual,EI_GDP_PPS,Energy intensity of GDP in purchasing power standards (PPS),KGOE_TEUR_PPS,Kilograms of oil equivalent (KGOE) per thousand euro in purchasing power standards (PPS),IS,Iceland,1995,,426.66,,,,,
dataflow,ESTAT:NRG_IND_EI(1.0),Energy intensity,A,Annual,EI_GDP_PPS,Energy intensity of GDP in purchasing power standards (PPS),KGOE_TEUR_PPS,Kilograms of oil equivalent (KGOE) per thousand euro in purchasing power standards (PPS),IS,Iceland,1996,,436.44,,,,,
dataflow,ESTAT:NRG_IND_EI(1.0),Energy intensity,A,Annual,EI_GDP_PPS,Energy intensity of GDP in purchasing power standards (PPS),KGOE_TEUR_PPS,Kilograms of oil equivalent (KGOE) per thousand euro in purchasing power standards (PPS),IS,Iceland,1997,,406.86,,,,,
dataflow,ESTAT:NRG_IND_EI(1.0),Energy intensity,A,Annual,EI_GDP_PPS,Energy intensity of GDP in purchasing power standards (PPS),KGOE_TEUR_PPS,Kilograms of oil equivalent (KGOE) per thousand euro in purchasing power standards (PPS),IS,Iceland,1998,,409.42,,,,,
dataflow,ESTAT:NRG_IND_EI(1.0),Energy intensity,A,Annual,EI_GDP_PPS,Energy intensity of GDP in purchasing power standards (PPS),KGOE_TEUR_PPS,Kilograms of oil equivalent (KGOE) per thousand euro in purchasing power standards (PPS),IS,Iceland,1999,,439.43,,,,,
dataflow,ESTAT:NRG_IND_EI(1.0),Energy intensity,A,Annual,EI_GDP_PPS,Energy intensity of GDP in purchasing power standards (PPS),KGOE_TEUR_PPS,Kilograms of oil equivalent (KGOE) per thousand euro in purchasing power standards (PPS),IS,Iceland,2000,,485.40,,,,,
dataflow,ESTAT:NRG_IND_EI(1.0),Energy intensity,A,Annual,EI_GDP_PPS,Energy intensity of GDP in purchasing power standards (PPS),KGOE_TEUR_PPS,Kilograms of oil equivalent (KGOE) per thousand euro in purchasing power standards (PPS),IS,Iceland,2001,,432.14,,,,,
dataflow,ESTAT:NRG_IND_EI(1.0),Energy intensity,A,Annual,EI_GDP_PPS,Energy intensity of GDP in purchasing power standards (PPS),KGOE_TEUR_PPS,Kilograms of oil equivalent (KGOE) per thousand euro in purchasing power standards (PPS),IS,Iceland,2002,,436.53,,,,,
dataflow,ESTAT:NRG_IND_EI(1.0),Energy intensity,A,Annual,EI_GDP_PPS,Energy intensity of GDP in purchasing power standards (PPS),KGOE_TEUR_PPS,Kilograms of oil equivalent (KGOE) per thousand euro in purchasing power standards (PPS),IS,Iceland,2003,,431.46,,,,,
dataflow,ESTAT:NRG_IND_EI(1.0),Energy intensity,A,Annual,EI_GDP_PPS,Energy intensity of GDP in purchasing power standards (PPS),KGOE_TEUR_PPS,Kilograms of oil equivalent (KGOE) per thousand euro in purchasing power standards (PPS),IS,Iceland,2004,,394.08,,,,,
dataflow,ESTAT:NRG_IND_EI(1.0),Energy intensity,A,Annual,EI_GDP_PPS,Energy intensity of GDP in purchasing power standards (PPS),KGOE_TEUR_PPS,Kilograms of oil equivalent (KGOE) per thousand euro in purchasing power standards (PPS),IS,Iceland,2005,,372.61,,,,,
dataflow,ESTAT:NRG_IND_EI(1.0),Energy intensity,A,Annual,EI_GDP_PPS,Energy intensity of GDP in purchasing power standards (PPS),KGOE_TEUR_PPS,Kilograms of oil equivalent (KGOE) per thousand euro in purchasing power standards (PPS),IS,Iceland,2006,,436.31,,,,,
dataflow,ESTAT:NRG_IND_EI(1.0),Energy intensity,A,Annual,EI_GDP_PPS,Energy intensity of GDP in purchasing power standards (PPS),KGOE_TEUR_PPS,Kilograms of oil equivalent (KGOE) per thousand euro in purchasing power standards (PPS),IS,Iceland,2007,,481.50,,,,,
dataflow,ESTAT:NRG_IND_EI(1.0),Energy intensity,A,Annual,EI_GDP_PPS,Energy intensity of GDP in purchasing power standards (PPS),KGOE_TEUR_PPS,Kilograms of oil equivalent (KGOE) per thousand euro in purchasing power standards (PPS),IS,Iceland,2008,,527.25,,,,,
dataflow,ESTAT:NRG_IND_EI(1.0),Energy intensity,A,Annual,EI_GDP_PPS,Energy intensity of GDP in purchasing power standards (PPS),KGOE_TEUR_PPS,Kilograms of oil equivalent (KGOE) per thousand euro in purchasing power standards (PPS),IS,Iceland,2009,,582.27,,,,,
dataflow,ESTAT:NRG_IND_EI(1.0),Energy intensity,A,Annual,EI_GDP_PPS,Energy intensity of GDP in purchasing power standards (PPS),KGOE_TEUR_PPS,Kilograms of oil equivalent (KGOE) per thousand euro in purchasing power standards (PPS),IS,Iceland,2010,,577.91,,,,,
dataflow,ESTAT:NRG_IND_EI(1.0),Energy intensity,A,Annual,EI_GDP_PPS,Energy intensity of GDP in purchasing power standards (PPS),KGOE_TEUR_PPS,Kilograms of oil equivalent (KGOE) per thousand euro in purchasing power standards (PPS),IS,Iceland,2011,,609.63,,,,,
dataflow,ESTAT:NRG_IND_EI(1.0),Energy intensity,A,Annual,EI_GDP_PPS,Energy intensity of GDP in purchasing power standards (PPS),KGOE_TEUR_PPS,Kilograms of oil equivalent (KGOE) per thousand euro in purchasing power standards (PPS),IS,Iceland,2012,,581.88,,,,,
dataflow,ESTAT:NRG_IND_EI(1.0),Energy intensity,A,Annual,EI_GDP_PPS,Energy intensity of GDP in purchasing power standards (PPS),KGOE_TEUR_PPS,Kilograms of oil equivalent (KGOE) per thousand euro in purchasing power standards (PPS),IS,Iceland,2013,,582.59,,,,,
dataflow,ESTAT:NRG_IND_EI(1.0),Energy intensity,A,Annual,EI_GDP_PPS,Energy intensity of GDP in purchasing power standards (PPS),KGOE_TEUR_PPS,Kilograms of oil equivalent (KGOE) per thousand euro in purchasing power standards (PPS),IS,Iceland,2014,,558.40,,,,,
dataflow,ESTAT:NRG_IND_EI(1.0),Energy intensity,A,Annual,EI_GDP_PPS,Energy intensity of GDP in purchasing power standards (PPS),KGOE_TEUR_PPS,Kilograms of oil equivalent (KGOE) per thousand euro in purchasing power standards (PPS),IS,Iceland,2015,,496.45,,,,,
dataflow,ESTAT:NRG_IND_EI(1.0),Energy intensity,A,Annual,EI_GDP_PPS,Energy intensity of GDP in purchasing power standards (PPS),KGOE_TEUR_PPS,Kilograms of oil equivalent (KGOE) per thousand euro in purchasing power standards (PPS),IS,Iceland,2016,,448.68,,,,,
dataflow,ESTAT:NRG_IND_EI(1.0),Energy intensity,A,Annual,EI_GDP_PPS,Energy intensity of GDP in purchasing power standards (PPS),KGOE_TEUR_PPS,Kilograms of oil equivalent (KGOE) per thousand euro in purchasing power standards (PPS),IS,Iceland,2017,,453.39,,,,,
dataflow,ESTAT:NRG_IND_EI(1.0),Energy intensity,A,Annual,EI_GDP_PPS,Energy intensity of GDP in purchasing power standards (PPS),KGOE_TEUR_PPS,Kilograms of oil equivalent (KGOE) per thousand euro in purchasing power standards (PPS),IS,Iceland,2018,,477.87,,,,,
dataflow,ESTAT:NRG_IND_EI(1.0),Energy intensity,A,Annual,EI_GDP_PPS,Energy intensity of GDP in purchasing power standards (PPS),KGOE_TEUR_PPS,Kilograms of oil equivalent (KGOE) per thousand euro in purchasing power standards (PPS),IS,Iceland,2019,,445.55,,,,,
dataflow,ESTAT:NRG_IND_EI(1.0),Energy intensity,A,Annual,EI_GDP_PPS,Energy intensity of GDP in purchasing power standards (PPS),KGOE_TEUR_PPS,Kilograms of oil equivalent (KGOE) per thousand euro in purchasing power standards (PPS),IS,Iceland,2020,,451.55,,,,,
dataflow,ESTAT:NRG_IND_EI(1.0),Energy intensity,A,Annual,EI_GDP_PPS,Energy intensity of GDP in purchasing power standards (PPS),KGOE_TEUR_PPS,Kilograms of oil equivalent (KGOE) per thousand euro in purchasing power standards (PPS),IS,Iceland,2021,,407.91,,,,,
dataflow,ESTAT:NRG_IND_EI(1.0),Energy intensity,A,Annual,EI_GDP_PPS,Energy intensity of GDP in purchasing power standards (PPS),KGOE_TEUR_PPS,Kilograms of oil equivalent (KGOE) per thousand euro in purchasing power standards (PPS),IS,Iceland,2022,,355.57,,,,,
dataflow,ESTAT:NRG_IND_EI(1.0),Energy intensity,A,Annual,EI_GDP_PPS,Energy intensity of GDP in purchasing power standards (PPS),KGOE_TEUR_PPS,Kilograms of oil equivalent (KGOE) per thousand euro in purchasing power standards (PPS),IS,Iceland,2023,,326.91,,,,,
dataflow,ESTAT:NRG_IND_EI(1.0),Energy intensity,A,Annual,EI_GDP_PPS,Energy intensity of GDP in purchasing power standards (PPS),KGOE_TEUR_PPS,Kilograms of oil equivalent (KGOE) per thousand euro in purchasing power standards (PPS),IS,Iceland,2024,,330.87,,,,,
dataflow,ESTAT:NRG_IND_EI(1.0),Energy intensity,A,Annual,EI_GDP_PPS,Energy intensity of GDP in purchasing power standards (PPS),KGOE_TEUR_PPS,Kilograms of oil equivalent (KGOE) per thousand euro in purchasing power standards (PPS),IT,Italy,1995,,153.13,,,,,
dataflow,ESTAT:NRG_IND_EI(1.0),Energy intensity,A,Annual,EI_GDP_PPS,Energy intensity of GDP in purchasing power standards (PPS),KGOE_TEUR_PPS,Kilograms of oil equivalent (KGOE) per thousand euro in purchasing power standards (PPS),IT,Italy,1996,,146.62,,,,,
dataflow,ESTAT:NRG_IND_EI(1.0),Energy intensity,A,Annual,EI_GDP_PPS,Energy intensity of GDP in purchasing power standards (PPS),KGOE_TEUR_PPS,Kilograms of oil equivalent (KGOE) per thousand euro in purchasing power standards (PPS),IT,Italy,1997,,145.39,,,,,
dataflow,ESTAT:NRG_IND_EI(1.0),Energy intensity,A,Annual,EI_GDP_PPS,Energy intensity of GDP in purchasing power standards (PPS),KGOE_TEUR_PPS,Kilograms of oil equivalent (KGOE) per thousand euro in purchasing power standards (PPS),IT,Italy,1998,,143.67,,,,,
dataflow,ESTAT:NRG_IND_EI(1.0),Energy intensity,A,Annual,EI_GDP_PPS,Energy intensity of GDP in purchasing power standards (PPS),KGOE_TEUR_PPS,Kilograms of oil equivalent (KGOE) per thousand euro in purchasing power standards (PPS),IT,Italy,1999,,141.42,,,,,
dataflow,ESTAT:NRG_IND_EI(1.0),Energy intensity,A,Annual,EI_GDP_PPS,Energy intensity of GDP in purchasing power standards (PPS),KGOE_TEUR_PPS,Kilograms of oil equivalent (KGOE) per thousand euro in purchasing power standards (PPS),IT,Italy,2000,,137.20,,,,,
dataflow,ESTAT:NRG_IND_EI(1.0),Energy intensity,A,Annual,EI_GDP_PPS,Energy intensity of GDP in purchasing power standards (PPS),KGOE_TEUR_PPS,Kilograms of oil equivalent (KGOE) per thousand euro in purchasing power standards (PPS),IT,Italy,2001,,133.11,,,,,
dataflow,ESTAT:NRG_IND_EI(1.0),Energy intensity,A,Annual,EI_GDP_PPS,Energy intensity of GDP in purchasing power standards (PPS),KGOE_TEUR_PPS,Kilograms of oil equivalent (KGOE) per thousand euro in purchasing power standards (PPS),IT,Italy,2002,,131.92,,,,,
dataflow,ESTAT:NRG_IND_EI(1.0),Energy intensity,A,Annual,EI_GDP_PPS,Energy intensity of GDP in purchasing power standards (PPS),KGOE_TEUR_PPS,Kilograms of oil equivalent (KGOE) per thousand euro in purchasing power standards (PPS),IT,Italy,2003,,135.49,,,,,
dataflow,ESTAT:NRG_IND_EI(1.0),Energy intensity,A,Annual,EI_GDP_PPS,Energy intensity of GDP in purchasing power standards (PPS),KGOE_TEUR_PPS,Kilograms of oil equivalent (KGOE) per thousand euro in purchasing power standards (PPS),IT,Italy,2004,,134.60,,,,,
dataflow,ESTAT:NRG_IND_EI(1.0),Energy intensity,A,Annual,EI_GDP_PPS,Energy intensity of GDP in purchasing power standards (PPS),KGOE_TEUR_PPS,Kilograms of oil equivalent (KGOE) per thousand euro in purchasing power standards (PPS),IT,Italy,2005,,133.49,,,,,
dataflow,ESTAT:NRG_IND_EI(1.0),Energy intensity,A,Annual,EI_GDP_PPS,Energy intensity of GDP in purchasing power standards (PPS),KGOE_TEUR_PPS,Kilograms of oil equivalent (KGOE) per thousand euro in purchasing power standards (PPS),IT,Italy,2006,,126.25,,,,,
dataflow,ESTAT:NRG_IND_EI(1.0),Energy intensity,A,Annual,EI_GDP_PPS,Energy intensity of GDP in purchasing power standards (PPS),KGOE_TEUR_PPS,Kilograms of oil equivalent (KGOE) per thousand euro in purchasing power standards (PPS),IT,Italy,2007,,120.08,,,,,
dataflow,ESTAT:NRG_IND_EI(1.0),Energy intensity,A,Annual,EI_GDP_PPS,Energy intensity of GDP in purchasing power standards (PPS),KGOE_TEUR_PPS,Kilograms of oil equivalent (KGOE) per thousand euro in purchasing power standards (PPS),IT,Italy,2008,,115.23,,,,,
dataflow,ESTAT:NRG_IND_EI(1.0),Energy intensity,A,Annual,EI_GDP_PPS,Energy intensity of GDP in purchasing power standards (PPS),KGOE_TEUR_PPS,Kilograms of oil equivalent (KGOE) per thousand euro in purchasing power standards (PPS),IT,Italy,2009,,112.77,,,,,
dataflow,ESTAT:NRG_IND_EI(1.0),Energy intensity,A,Annual,EI_GDP_PPS,Energy intensity of GDP in purchasing power standards (PPS),KGOE_TEUR_PPS,Kilograms of oil equivalent (KGOE) per thousand euro in purchasing power standards (PPS),IT,Italy,2010,,113.53,,,,,
dataflow,ESTAT:NRG_IND_EI(1.0),Energy intensity,A,Annual,EI_GDP_PPS,Energy intensity of GDP in purchasing power standards (PPS),KGOE_TEUR_PPS,Kilograms of oil equivalent (KGOE) per thousand euro in purchasing power standards (PPS),IT,Italy,2011,,106.69,,,,,
dataflow,ESTAT:NRG_IND_EI(1.0),Energy intensity,A,Annual,EI_GDP_PPS,Energy intensity of GDP in purchasing power standards (PPS),KGOE_TEUR_PPS,Kilograms of oil equivalent (KGOE) per thousand euro in purchasing power standards (PPS),IT,Italy,2012,,103.50,,,,,
dataflow,ESTAT:NRG_IND_EI(1.0),Energy intensity,A,Annual,EI_GDP_PPS,Energy intensity of GDP in purchasing power standards (PPS),KGOE_TEUR_PPS,Kilograms of oil equivalent (KGOE) per thousand euro in purchasing power standards (PPS),IT,Italy,2013,,101.17,,,,,
dataflow,ESTAT:NRG_IND_EI(1.0),Energy intensity,A,Annual,EI_GDP_PPS,Energy intensity of GDP in purchasing power standards (PPS),KGOE_TEUR_PPS,Kilograms of oil equivalent (KGOE) per thousand euro in purchasing power standards (PPS),IT,Italy,2014,,95.73,,,,,
dataflow,ESTAT:NRG_IND_EI(1.0),Energy intensity,A,Annual,EI_GDP_PPS,Energy intensity of GDP in purchasing power standards (PPS),KGOE_TEUR_PPS,Kilograms of oil equivalent (KGOE) per thousand euro in purchasing power standards (PPS),IT,Italy,2015,,97.36,,,,,
dataflow,ESTAT:NRG_IND_EI(1.0),Energy intensity,A,Annual,EI_GDP_PPS,Energy intensity of GDP in purchasing power standards (PPS),KGOE_TEUR_PPS,Kilograms of oil equivalent (KGOE) per thousand euro in purchasing power standards (PPS),IT,Italy,2016,,92.57,,,,,
dataflow,ESTAT:NRG_IND_EI(1.0),Energy intensity,A,Annual,EI_GDP_PPS,Energy intensity of GDP in purchasing power standards (PPS),KGOE_TEUR_PPS,Kilograms of oil equivalent (KGOE) per thousand euro in purchasing power standards (PPS),IT,Italy,2017,,93.16,,,,,
dataflow,ESTAT:NRG_IND_EI(1.0),Energy intensity,A,Annual,EI_GDP_PPS,Energy intensity of GDP in purchasing power standards (PPS),KGOE_TEUR_PPS,Kilograms of oil equivalent (KGOE) per thousand euro in purchasing power standards (PPS),IT,Italy,2018,,90.25,,,,,
dataflow,ESTAT:NRG_IND_EI(1.0),Energy intensity,A,Annual,EI_GDP_PPS,Energy intensity of GDP in purchasing power standards (PPS),KGOE_TEUR_PPS,Kilograms of oil equivalent (KGOE) per thousand euro in purchasing power standards (PPS),IT,Italy,2019,,87.21,,,,,
dataflow,ESTAT:NRG_IND_EI(1.0),Energy intensity,A,Annual,EI_GDP_PPS,Energy intensity of GDP in purchasing power standards (PPS),KGOE_TEUR_PPS,Kilograms of oil equivalent (KGOE) per thousand euro in purchasing power standards (PPS),IT,Italy,2020,,85.37,,,,,
dataflow,ESTAT:NRG_IND_EI(1.0),Energy intensity,A,Annual,EI_GDP_PPS,Energy intensity of GDP in purchasing power standards (PPS),KGOE_TEUR_PPS,Kilograms of oil equivalent (KGOE) per thousand euro in purchasing power standards (PPS),IT,Italy,2021,,83.24,,,,,
dataflow,ESTAT:NRG_IND_EI(1.0),Energy intensity,A,Annual,EI_GDP_PPS,Energy intensity of GDP in purchasing power standards (PPS),KGOE_TEUR_PPS,Kilograms of oil equivalent (KGOE) per thousand euro in purchasing power standards (PPS),IT,Italy,2022,,71.87,,,,,
dataflow,ESTAT:NRG_IND_EI(1.0),Energy intensity,A,Annual,EI_GDP_PPS,Energy intensity of GDP in purchasing power standards (PPS),KGOE_TEUR_PPS,Kilograms of oil equivalent (KGOE) per thousand euro in purchasing power standards (PPS),IT,Italy,2023,,64.49,,,,,
dataflow,ESTAT:NRG_IND_EI(1.0),Energy intensity,A,Annual,EI_GDP_PPS,Energy intensity of GDP in purchasing power standards (PPS),KGOE_TEUR_PPS,Kilograms of oil equivalent (KGOE) per thousand euro in purchasing power standards (PPS),IT,Italy,2024,,61.79,,,,,
dataflow,ESTAT:NRG_IND_EI(1.0),Energy intensity,A,Annual,EI_GDP_PPS,Energy intensity of GDP in purchasing power standards (PPS),KGOE_TEUR_PPS,Kilograms of oil equivalent (KGOE) per thousand euro in purchasing power standards (PPS),LT,Lithuania,1995,,495.52,,,,,
dataflow,ESTAT:NRG_IND_EI(1.0),Energy intensity,A,Annual,EI_GDP_PPS,Energy intensity of GDP in purchasing power standards (PPS),KGOE_TEUR_PPS,Kilograms of oil equivalent (KGOE) per thousand euro in purchasing power standards (PPS),LT,Lithuania,1996,,493.17,,,,,
dataflow,ESTAT:NRG_IND_EI(1.0),Energy intensity,A,Annual,EI_GDP_PPS,Energy intensity of GDP in purchasing power standards (PPS),KGOE_TEUR_PPS,Kilograms of oil equivalent (KGOE) per thousand euro in purchasing power standards (PPS),LT,Lithuania,1997,,428.26,,,,,
dataflow,ESTAT:NRG_IND_EI(1.0),Energy intensity,A,Annual,EI_GDP_PPS,Energy intensity of GDP in purchasing power standards (PPS),KGOE_TEUR_PPS,Kilograms of oil equivalent (KGOE) per thousand euro in purchasing power standards (PPS),LT,Lithuania,1998,,413.66,,,,,
dataflow,ESTAT:NRG_IND_EI(1.0),Energy intensity,A,Annual,EI_GDP_PPS,Energy intensity of GDP in purchasing power standards (PPS),KGOE_TEUR_PPS,Kilograms of oil equivalent (KGOE) per thousand euro in purchasing power standards (PPS),LT,Lithuania,1999,,352.77,,,,,
dataflow,ESTAT:NRG_IND_EI(1.0),Energy intensity,A,Annual,EI_GDP_PPS,Energy intensity of GDP in purchasing power standards (PPS),KGOE_TEUR_PPS,Kilograms of oil equivalent (KGOE) per thousand euro in purchasing power standards (PPS),LT,Lithuania,2000,,302.33,,,,,
dataflow,ESTAT:NRG_IND_EI(1.0),Energy intensity,A,Annual,EI_GDP_PPS,Energy intensity of GDP in purchasing power standards (PPS),KGOE_TEUR_PPS,Kilograms of oil equivalent (KGOE) per thousand euro in purchasing power standards (PPS),LT,Lithuania,2001,,312.77,,,,,
dataflow,ESTAT:NRG_IND_EI(1.0),Energy intensity,A,Annual,EI_GDP_PPS,Energy intensity of GDP in purchasing power standards (PPS),KGOE_TEUR_PPS,Kilograms of oil equivalent (KGOE) per thousand euro in purchasing power standards (PPS),LT,Lithuania,2002,,306.84,,,,,
dataflow,ESTAT:NRG_IND_EI(1.0),Energy intensity,A,Annual,EI_GDP_PPS,Energy intensity of GDP in purchasing power standards (PPS),KGOE_TEUR_PPS,Kilograms of oil equivalent (KGOE) per thousand euro in purchasing power standards (PPS),LT,Lithuania,2003,,279.64,,,,,
dataflow,ESTAT:NRG_IND_EI(1.0),Energy intensity,A,Annual,EI_GDP_PPS,Energy intensity of GDP in purchasing power standards (PPS),KGOE_TEUR_PPS,Kilograms of oil equivalent (KGOE) per thousand euro in purchasing power standards (PPS),LT,Lithuania,2004,,265.84,,,,,
dataflow,ESTAT:NRG_IND_EI(1.0),Energy intensity,A,Annual,EI_GDP_PPS,Energy intensity of GDP in purchasing power standards (PPS),KGOE_TEUR_PPS,Kilograms of oil equivalent (KGOE) per thousand euro in purchasing power standards (PPS),LT,Lithuania,2005,,230.98,,,,,
dataflow,ESTAT:NRG_IND_EI(1.0),Energy intensity,A,Annual,EI_GDP_PPS,Energy intensity of GDP in purchasing power standards (PPS),KGOE_TEUR_PPS,Kilograms of oil equivalent (KGOE) per thousand euro in purchasing power standards (PPS),LT,Lithuania,2006,,210.70,,,,,
dataflow,ESTAT:NRG_IND_EI(1.0),Energy intensity,A,Annual,EI_GDP_PPS,Energy intensity of GDP in purchasing power standards (PPS),KGOE_TEUR_PPS,Kilograms of oil equivalent (KGOE) per thousand euro in purchasing power standards (PPS),LT,Lithuania,2007,,199.36,,,,,
dataflow,ESTAT:NRG_IND_EI(1.0),Energy intensity,A,Annual,EI_GDP_PPS,Energy intensity of GDP in purchasing power standards (PPS),KGOE_TEUR_PPS,Kilograms of oil equivalent (KGOE) per thousand euro in purchasing power standards (PPS),LT,Lithuania,2008,,188.84,,,,,
dataflow,ESTAT:NRG_IND_EI(1.0),Energy intensity,A,Annual,EI_GDP_PPS,Energy intensity of GDP in purchasing power standards (PPS),KGOE_TEUR_PPS,Kilograms of oil equivalent (KGOE) per thousand euro in purchasing power standards (PPS),LT,Lithuania,2009,,206.63,,,,,
dataflow,ESTAT:NRG_IND_EI(1.0),Energy intensity,A,Annual,EI_GDP_PPS,Energy intensity of GDP in purchasing power standards (PPS),KGOE_TEUR_PPS,Kilograms of oil equivalent (KGOE) per thousand euro in purchasing power standards (PPS),LT,Lithuania,2010,,155.32,,,,,
dataflow,ESTAT:NRG_IND_EI(1.0),Energy intensity,A,Annual,EI_GDP_PPS,Energy intensity of GDP in purchasing power standards (PPS),KGOE_TEUR_PPS,Kilograms of oil equivalent (KGOE) per thousand euro in purchasing power standards (PPS),LT,Lithuania,2011,,146.14,,,,,
dataflow,ESTAT:NRG_IND_EI(1.0),Energy intensity,A,Annual,EI_GDP_PPS,Energy intensity of GDP in purchasing power standards (PPS),KGOE_TEUR_PPS,Kilograms of oil equivalent (KGOE) per thousand euro in purchasing power standards (PPS),LT,Lithuania,2012,,139.02,,,,,
dataflow,ESTAT:NRG_IND_EI(1.0),Energy intensity,A,Annual,EI_GDP_PPS,Energy intensity of GDP in purchasing power standards (PPS),KGOE_TEUR_PPS,Kilograms of oil equivalent (KGOE) per thousand euro in purchasing power standards (PPS),LT,Lithuania,2013,,125.10,,,,,
dataflow,ESTAT:NRG_IND_EI(1.0),Energy intensity,A,Annual,EI_GDP_PPS,Energy intensity of GDP in purchasing power standards (PPS),KGOE_TEUR_PPS,Kilograms of oil equivalent (KGOE) per thousand euro in purchasing power standards (PPS),LT,Lithuania,2014,,119.93,,,,,
dataflow,ESTAT:NRG_IND_EI(1.0),Energy intensity,A,Annual,EI_GDP_PPS,Energy intensity of GDP in purchasing power standards (PPS),KGOE_TEUR_PPS,Kilograms of oil equivalent (KGOE) per thousand euro in purchasing power standards (PPS),LT,Lithuania,2015,,120.24,,,,,
dataflow,ESTAT:NRG_IND_EI(1.0),Energy intensity,A,Annual,EI_GDP_PPS,Energy intensity of GDP in purchasing power standards (PPS),KGOE_TEUR_PPS,Kilograms of oil equivalent (KGOE) per thousand euro in purchasing power standards (PPS),LT,Lithuania,2016,,122.24,,,,,
dataflow,ESTAT:NRG_IND_EI(1.0),Energy intensity,A,Annual,EI_GDP_PPS,Energy intensity of GDP in purchasing power standards (PPS),KGOE_TEUR_PPS,Kilograms of oil equivalent (KGOE) per thousand euro in purchasing power standards (PPS),LT,Lithuania,2017,,119.97,,,,,
dataflow,ESTAT:NRG_IND_EI(1.0),Energy intensity,A,Annual,EI_GDP_PPS,Energy intensity of GDP in purchasing power standards (PPS),KGOE_TEUR_PPS,Kilograms of oil equivalent (KGOE) per thousand euro in purchasing power standards (PPS),LT,Lithuania,2018,,115.16,,,,,
dataflow,ESTAT:NRG_IND_EI(1.0),Energy intensity,A,Annual,EI_GDP_PPS,Energy intensity of GDP in purchasing power standards (PPS),KGOE_TEUR_PPS,Kilograms of oil equivalent (KGOE) per thousand euro in purchasing power standards (PPS),LT,Lithuania,2019,,107.83,,,,,
dataflow,ESTAT:NRG_IND_EI(1.0),Energy intensity,A,Annual,EI_GDP_PPS,Energy intensity of GDP in purchasing power standards (PPS),KGOE_TEUR_PPS,Kilograms of oil equivalent (KGOE) per thousand euro in purchasing power standards (PPS),LT,Lithuania,2020,,105.49,,,,,
dataflow,ESTAT:NRG_IND_EI(1.0),Energy intensity,A,Annual,EI_GDP_PPS,Energy intensity of GDP in purchasing power standards (PPS),KGOE_TEUR_PPS,Kilograms of oil equivalent (KGOE) per thousand euro in purchasing power standards (PPS),LT,Lithuania,2021,,98.96,,,,,
dataflow,ESTAT:NRG_IND_EI(1.0),Energy intensity,A,Annual,EI_GDP_PPS,Energy intensity of GDP in purchasing power standards (PPS),KGOE_TEUR_PPS,Kilograms of oil equivalent (KGOE) per thousand euro in purchasing power standards (PPS),LT,Lithuania,2022,,82.29,,,,,
dataflow,ESTAT:NRG_IND_EI(1.0),Energy intensity,A,Annual,EI_GDP_PPS,Energy intensity of GDP in purchasing power standards (PPS),KGOE_TEUR_PPS,Kilograms of oil equivalent (KGOE) per thousand euro in purchasing power standards (PPS),LT,Lithuania,2023,,77.41,,,,,
dataflow,ESTAT:NRG_IND_EI(1.0),Energy intensity,A,Annual,EI_GDP_PPS,Energy intensity of GDP in purchasing power standards (PPS),KGOE_TEUR_PPS,Kilograms of oil equivalent (KGOE) per thousand euro in purchasing power standards (PPS),LT,Lithuania,2024,,76.01,,,,,
dataflow,ESTAT:NRG_IND_EI(1.0),Energy intensity,A,Annual,EI_GDP_PPS,Energy intensity of GDP in purchasing power standards (PPS),KGOE_TEUR_PPS,Kilograms of oil equivalent (KGOE) per thousand euro in purchasing power standards (PPS),LU,Luxembourg,1995,,253.44,,,,,
dataflow,ESTAT:NRG_IND_EI(1.0),Energy intensity,A,Annual,EI_GDP_PPS,Energy intensity of GDP in purchasing power standards (PPS),KGOE_TEUR_PPS,Kilograms of oil equivalent (KGOE) per thousand euro in purchasing power standards (PPS),LU,Luxembourg,1996,,242.94,,,,,
dataflow,ESTAT:NRG_IND_EI(1.0),Energy intensity,A,Annual,EI_GDP_PPS,Energy intensity of GDP in purchasing power standards (PPS),KGOE_TEUR_PPS,Kilograms of oil equivalent (KGOE) per thousand euro in purchasing power standards (PPS),LU,Luxembourg,1997,,224.34,,,,,
dataflow,ESTAT:NRG_IND_EI(1.0),Energy intensity,A,Annual,EI_GDP_PPS,Energy intensity of GDP in purchasing power standards (PPS),KGOE_TEUR_PPS,Kilograms of oil equivalent (KGOE) per thousand euro in purchasing power standards (PPS),LU,Luxembourg,1998,,209.01,,,,,
dataflow,ESTAT:NRG_IND_EI(1.0),Energy intensity,A,Annual,EI_GDP_PPS,Energy intensity of GDP in purchasing power standards (PPS),KGOE_TEUR_PPS,Kilograms of oil equivalent (KGOE) per thousand euro in purchasing power standards (PPS),LU,Luxembourg,1999,,192.14,,,,,
dataflow,ESTAT:NRG_IND_EI(1.0),Energy intensity,A,Annual,EI_GDP_PPS,Energy intensity of GDP in purchasing power standards (PPS),KGOE_TEUR_PPS,Kilograms of oil equivalent (KGOE) per thousand euro in purchasing power standards (PPS),LU,Luxembourg,2000,,183.00,,,,,
dataflow,ESTAT:NRG_IND_EI(1.0),Energy intensity,A,Annual,EI_GDP_PPS,Energy intensity of GDP in purchasing power standards (PPS),KGOE_TEUR_PPS,Kilograms of oil equivalent (KGOE) per thousand euro in purchasing power standards (PPS),LU,Luxembourg,2001,,187.96,,,,,
dataflow,ESTAT:NRG_IND_EI(1.0),Energy intensity,A,Annual,EI_GDP_PPS,Energy intensity of GDP in purchasing power standards (PPS),KGOE_TEUR_PPS,Kilograms of oil equivalent (KGOE) per thousand euro in purchasing power standards (PPS),LU,Luxembourg,2002,,187.65,,,,,
dataflow,ESTAT:NRG_IND_EI(1.0),Energy intensity,A,Annual,EI_GDP_PPS,Energy intensity of GDP in purchasing power standards (PPS),KGOE_TEUR_PPS,Kilograms of oil equivalent (KGOE) per thousand euro in purchasing power standards (PPS),LU,Luxembourg,2003,,189.81,,,,,
dataflow,ESTAT:NRG_IND_EI(1.0),Energy intensity,A,Annual,EI_GDP_PPS,Energy intensity of GDP in purchasing power standards (PPS),KGOE_TEUR_PPS,Kilograms of oil equivalent (KGOE) per thousand euro in purchasing power standards (PPS),LU,Luxembourg,2004,,194.34,,,,,
dataflow,ESTAT:NRG_IND_EI(1.0),Energy intensity,A,Annual,EI_GDP_PPS,Energy intensity of GDP in purchasing power standards (PPS),KGOE_TEUR_PPS,Kilograms of oil equivalent (KGOE) per thousand euro in purchasing power standards (PPS),LU,Luxembourg,2005,,183.22,,,,,
dataflow,ESTAT:NRG_IND_EI(1.0),Energy intensity,A,Annual,EI_GDP_PPS,Energy intensity of GDP in purchasing power standards (PPS),KGOE_TEUR_PPS,Kilograms of oil equivalent (KGOE) per thousand euro in purchasing power standards (PPS),LU,Luxembourg,2006,,159.39,,,,,
dataflow,ESTAT:NRG_IND_EI(1.0),Energy intensity,A,Annual,EI_GDP_PPS,Energy intensity of GDP in purchasing power standards (PPS),KGOE_TEUR_PPS,Kilograms of oil equivalent (KGOE) per thousand euro in purchasing power standards (PPS),LU,Luxembourg,2007,,143.65,,,,,
dataflow,ESTAT:NRG_IND_EI(1.0),Energy intensity,A,Annual,EI_GDP_PPS,Energy intensity of GDP in purchasing power standards (PPS),KGOE_TEUR_PPS,Kilograms of oil equivalent (KGOE) per thousand euro in purchasing power standards (PPS),LU,Luxembourg,2008,,134.46,,,,,
dataflow,ESTAT:NRG_IND_EI(1.0),Energy intensity,A,Annual,EI_GDP_PPS,Energy intensity of GDP in purchasing power standards (PPS),KGOE_TEUR_PPS,Kilograms of oil equivalent (KGOE) per thousand euro in purchasing power standards (PPS),LU,Luxembourg,2009,,133.75,,,,,
dataflow,ESTAT:NRG_IND_EI(1.0),Energy intensity,A,Annual,EI_GDP_PPS,Energy intensity of GDP in purchasing power standards (PPS),KGOE_TEUR_PPS,Kilograms of oil equivalent (KGOE) per thousand euro in purchasing power standards (PPS),LU,Luxembourg,2010,,133.95,,,,,
dataflow,ESTAT:NRG_IND_EI(1.0),Energy intensity,A,Annual,EI_GDP_PPS,Energy intensity of GDP in purchasing power standards (PPS),KGOE_TEUR_PPS,Kilograms of oil equivalent (KGOE) per thousand euro in purchasing power standards (PPS),LU,Luxembourg,2011,,125.22,,,,,
dataflow,ESTAT:NRG_IND_EI(1.0),Energy intensity,A,Annual,EI_GDP_PPS,Energy intensity of GDP in purchasing power standards (PPS),KGOE_TEUR_PPS,Kilograms of oil equivalent (KGOE) per thousand euro in purchasing power standards (PPS),LU,Luxembourg,2012,,117.73,,,,,
dataflow,ESTAT:NRG_IND_EI(1.0),Energy intensity,A,Annual,EI_GDP_PPS,Energy intensity of GDP in purchasing power standards (PPS),KGOE_TEUR_PPS,Kilograms of oil equivalent (KGOE) per thousand euro in purchasing power standards (PPS),LU,Luxembourg,2013,,109.65,,,,,
dataflow,ESTAT:NRG_IND_EI(1.0),Energy intensity,A,Annual,EI_GDP_PPS,Energy intensity of GDP in purchasing power standards (PPS),KGOE_TEUR_PPS,Kilograms of oil equivalent (KGOE) per thousand euro in purchasing power standards (PPS),LU,Luxembourg,2014,,100.56,,,,,
dataflow,ESTAT:NRG_IND_EI(1.0),Energy intensity,A,Annual,EI_GDP_PPS,Energy intensity of GDP in purchasing power standards (PPS),KGOE_TEUR_PPS,Kilograms of oil equivalent (KGOE) per thousand euro in purchasing power standards (PPS),LU,Luxembourg,2015,,94.58,,,,,
dataflow,ESTAT:NRG_IND_EI(1.0),Energy intensity,A,Annual,EI_GDP_PPS,Energy intensity of GDP in purchasing power standards (PPS),KGOE_TEUR_PPS,Kilograms of oil equivalent (KGOE) per thousand euro in purchasing power standards (PPS),LU,Luxembourg,2016,,91.43,,,,,
dataflow,ESTAT:NRG_IND_EI(1.0),Energy intensity,A,Annual,EI_GDP_PPS,Energy intensity of GDP in purchasing power standards (PPS),KGOE_TEUR_PPS,Kilograms of oil equivalent (KGOE) per thousand euro in purchasing power standards (PPS),LU,Luxembourg,2017,,91.94,,,,,
dataflow,ESTAT:NRG_IND_EI(1.0),Energy intensity,A,Annual,EI_GDP_PPS,Energy intensity of GDP in purchasing power standards (PPS),KGOE_TEUR_PPS,Kilograms of oil equivalent (KGOE) per thousand euro in purchasing power standards (PPS),LU,Luxembourg,2018,,93.68,,,,,
dataflow,ESTAT:NRG_IND_EI(1.0),Energy intensity,A,Annual,EI_GDP_PPS,Energy intensity of GDP in purchasing power standards (PPS),KGOE_TEUR_PPS,Kilograms of oil equivalent (KGOE) per thousand euro in purchasing power standards (PPS),LU,Luxembourg,2019,,92.88,,,,,
dataflow,ESTAT:NRG_IND_EI(1.0),Energy intensity,A,Annual,EI_GDP_PPS,Energy intensity of GDP in purchasing power standards (PPS),KGOE_TEUR_PPS,Kilograms of oil equivalent (KGOE) per thousand euro in purchasing power standards (PPS),LU,Luxembourg,2020,,80.71,,,,,
dataflow,ESTAT:NRG_IND_EI(1.0),Energy intensity,A,Annual,EI_GDP_PPS,Energy intensity of GDP in purchasing power standards (PPS),KGOE_TEUR_PPS,Kilograms of oil equivalent (KGOE) per thousand euro in purchasing power standards (PPS),LU,Luxembourg,2021,,75.60,,,,,
dataflow,ESTAT:NRG_IND_EI(1.0),Energy intensity,A,Annual,EI_GDP_PPS,Energy intensity of GDP in purchasing power standards (PPS),KGOE_TEUR_PPS,Kilograms of oil equivalent (KGOE) per thousand euro in purchasing power standards (PPS),LU,Luxembourg,2022,,64.47,,,,,
dataflow,ESTAT:NRG_IND_EI(1.0),Energy intensity,A,Annual,EI_GDP_PPS,Energy intensity of GDP in purchasing power standards (PPS),KGOE_TEUR_PPS,Kilograms of oil equivalent (KGOE) per thousand euro in purchasing power standards (PPS),LU,Luxembourg,2023,,57.57,,,,,
dataflow,ESTAT:NRG_IND_EI(1.0),Energy intensity,A,Annual,EI_GDP_PPS,Energy intensity of GDP in purchasing power standards (PPS),KGOE_TEUR_PPS,Kilograms of oil equivalent (KGOE) per thousand euro in purchasing power standards (PPS),LU,Luxembourg,2024,,55.20,,,,,
dataflow,ESTAT:NRG_IND_EI(1.0),Energy intensity,A,Annual,EI_GDP_PPS,Energy intensity of GDP in purchasing power standards (PPS),KGOE_TEUR_PPS,Kilograms of oil equivalent (KGOE) per thousand euro in purchasing power standards (PPS),LV,Latvia,1995,,430.18,,,,,
dataflow,ESTAT:NRG_IND_EI(1.0),Energy intensity,A,Annual,EI_GDP_PPS,Energy intensity of GDP in purchasing power standards (PPS),KGOE_TEUR_PPS,Kilograms of oil equivalent (KGOE) per thousand euro in purchasing power standards (PPS),LV,Latvia,1996,,399.74,,,,,
dataflow,ESTAT:NRG_IND_EI(1.0),Energy intensity,A,Annual,EI_GDP_PPS,Energy intensity of GDP in purchasing power standards (PPS),KGOE_TEUR_PPS,Kilograms of oil equivalent (KGOE) per thousand euro in purchasing power standards (PPS),LV,Latvia,1997,,354.11,,,,,
dataflow,ESTAT:NRG_IND_EI(1.0),Energy intensity,A,Annual,EI_GDP_PPS,Energy intensity of GDP in purchasing power standards (PPS),KGOE_TEUR_PPS,Kilograms of oil equivalent (KGOE) per thousand euro in purchasing power standards (PPS),LV,Latvia,1998,,318.22,,,,,
dataflow,ESTAT:NRG_IND_EI(1.0),Energy intensity,A,Annual,EI_GDP_PPS,Energy intensity of GDP in purchasing power standards (PPS),KGOE_TEUR_PPS,Kilograms of oil equivalent (KGOE) per thousand euro in purchasing power standards (PPS),LV,Latvia,1999,,280.30,,,,,
dataflow,ESTAT:NRG_IND_EI(1.0),Energy intensity,A,Annual,EI_GDP_PPS,Energy intensity of GDP in purchasing power standards (PPS),KGOE_TEUR_PPS,Kilograms of oil equivalent (KGOE) per thousand euro in purchasing power standards (PPS),LV,Latvia,2000,,251.11,,,,,
dataflow,ESTAT:NRG_IND_EI(1.0),Energy intensity,A,Annual,EI_GDP_PPS,Energy intensity of GDP in purchasing power standards (PPS),KGOE_TEUR_PPS,Kilograms of oil equivalent (KGOE) per thousand euro in purchasing power standards (PPS),LV,Latvia,2001,,253.04,,,,,
dataflow,ESTAT:NRG_IND_EI(1.0),Energy intensity,A,Annual,EI_GDP_PPS,Energy intensity of GDP in purchasing power standards (PPS),KGOE_TEUR_PPS,Kilograms of oil equivalent (KGOE) per thousand euro in purchasing power standards (PPS),LV,Latvia,2002,,233.86,,,,,
dataflow,ESTAT:NRG_IND_EI(1.0),Energy intensity,A,Annual,EI_GDP_PPS,Energy intensity of GDP in purchasing power standards (PPS),KGOE_TEUR_PPS,Kilograms of oil equivalent (KGOE) per thousand euro in purchasing power standards (PPS),LV,Latvia,2003,,229.88,,,,,
dataflow,ESTAT:NRG_IND_EI(1.0),Energy intensity,A,Annual,EI_GDP_PPS,Energy intensity of GDP in purchasing power standards (PPS),KGOE_TEUR_PPS,Kilograms of oil equivalent (KGOE) per thousand euro in purchasing power standards (PPS),LV,Latvia,2004,,215.59,,,,,
dataflow,ESTAT:NRG_IND_EI(1.0),Energy intensity,A,Annual,EI_GDP_PPS,Energy intensity of GDP in purchasing power standards (PPS),KGOE_TEUR_PPS,Kilograms of oil equivalent (KGOE) per thousand euro in purchasing power standards (PPS),LV,Latvia,2005,,198.16,,,,,
dataflow,ESTAT:NRG_IND_EI(1.0),Energy intensity,A,Annual,EI_GDP_PPS,Energy intensity of GDP in purchasing power standards (PPS),KGOE_TEUR_PPS,Kilograms of oil equivalent (KGOE) per thousand euro in purchasing power standards (PPS),LV,Latvia,2006,,187.24,,,,,
dataflow,ESTAT:NRG_IND_EI(1.0),Energy intensity,A,Annual,EI_GDP_PPS,Energy intensity of GDP in purchasing power standards (PPS),KGOE_TEUR_PPS,Kilograms of oil equivalent (KGOE) per thousand euro in purchasing power standards (PPS),LV,Latvia,2007,,168.68,,,,,
dataflow,ESTAT:NRG_IND_EI(1.0),Energy intensity,A,Annual,EI_GDP_PPS,Energy intensity of GDP in purchasing power standards (PPS),KGOE_TEUR_PPS,Kilograms of oil equivalent (KGOE) per thousand euro in purchasing power standards (PPS),LV,Latvia,2008,,155.60,,,,,
dataflow,ESTAT:NRG_IND_EI(1.0),Energy intensity,A,Annual,EI_GDP_PPS,Energy intensity of GDP in purchasing power standards (PPS),KGOE_TEUR_PPS,Kilograms of oil equivalent (KGOE) per thousand euro in purchasing power standards (PPS),LV,Latvia,2009,,178.56,,,,,
dataflow,ESTAT:NRG_IND_EI(1.0),Energy intensity,A,Annual,EI_GDP_PPS,Energy intensity of GDP in purchasing power standards (PPS),KGOE_TEUR_PPS,Kilograms of oil equivalent (KGOE) per thousand euro in purchasing power standards (PPS),LV,Latvia,2010,,177.24,,,,,
dataflow,ESTAT:NRG_IND_EI(1.0),Energy intensity,A,Annual,EI_GDP_PPS,Energy intensity of GDP in purchasing power standards (PPS),KGOE_TEUR_PPS,Kilograms of oil equivalent (KGOE) per thousand euro in purchasing power standards (PPS),LV,Latvia,2011,,160.68,,,,,
dataflow,ESTAT:NRG_IND_EI(1.0),Energy intensity,A,Annual,EI_GDP_PPS,Energy intensity of GDP in purchasing power standards (PPS),KGOE_TEUR_PPS,Kilograms of oil equivalent (KGOE) per thousand euro in purchasing power standards (PPS),LV,Latvia,2012,,155.20,,,,,
dataflow,ESTAT:NRG_IND_EI(1.0),Energy intensity,A,Annual,EI_GDP_PPS,Energy intensity of GDP in purchasing power standards (PPS),KGOE_TEUR_PPS,Kilograms of oil equivalent (KGOE) per thousand euro in purchasing power standards (PPS),LV,Latvia,2013,,148.26,,,,,
dataflow,ESTAT:NRG_IND_EI(1.0),Energy intensity,A,Annual,EI_GDP_PPS,Energy intensity of GDP in purchasing power standards (PPS),KGOE_TEUR_PPS,Kilograms of oil equivalent (KGOE) per thousand euro in purchasing power standards (PPS),LV,Latvia,2014,,142.68,,,,,
dataflow,ESTAT:NRG_IND_EI(1.0),Energy intensity,A,Annual,EI_GDP_PPS,Energy intensity of GDP in purchasing power standards (PPS),KGOE_TEUR_PPS,Kilograms of oil equivalent (KGOE) per thousand euro in purchasing power standards (PPS),LV,Latvia,2015,,135.06,,,,,
dataflow,ESTAT:NRG_IND_EI(1.0),Energy intensity,A,Annual,EI_GDP_PPS,Energy intensity of GDP in purchasing power standards (PPS),KGOE_TEUR_PPS,Kilograms of oil equivalent (KGOE) per thousand euro in purchasing power standards (PPS),LV,Latvia,2016,,134.01,,,,,
dataflow,ESTAT:NRG_IND_EI(1.0),Energy intensity,A,Annual,EI_GDP_PPS,Energy intensity of GDP in purchasing power standards (PPS),KGOE_TEUR_PPS,Kilograms of oil equivalent (KGOE) per thousand euro in purchasing power standards (PPS),LV,Latvia,2017,,130.44,,,,,
dataflow,ESTAT:NRG_IND_EI(1.0),Energy intensity,A,Annual,EI_GDP_PPS,Energy intensity of GDP in purchasing power standards (PPS),KGOE_TEUR_PPS,Kilograms of oil equivalent (KGOE) per thousand euro in purchasing power standards (PPS),LV,Latvia,2018,,123.98,,,,,
dataflow,ESTAT:NRG_IND_EI(1.0),Energy intensity,A,Annual,EI_GDP_PPS,Energy intensity of GDP in purchasing power standards (PPS),KGOE_TEUR_PPS,Kilograms of oil equivalent (KGOE) per thousand euro in purchasing power standards (PPS),LV,Latvia,2019,,123.25,,,,,
dataflow,ESTAT:NRG_IND_EI(1.0),Energy intensity,A,Annual,EI_GDP_PPS,Energy intensity of GDP in purchasing power standards (PPS),KGOE_TEUR_PPS,Kilograms of oil equivalent (KGOE) per thousand euro in purchasing power standards (PPS),LV,Latvia,2020,,114.92,,,,,
dataflow,ESTAT:NRG_IND_EI(1.0),Energy intensity,A,Annual,EI_GDP_PPS,Energy intensity of GDP in purchasing power standards (PPS),KGOE_TEUR_PPS,Kilograms of oil equivalent (KGOE) per thousand euro in purchasing power standards (PPS),LV,Latvia,2021,,107.90,,,,,
dataflow,ESTAT:NRG_IND_EI(1.0),Energy intensity,A,Annual,EI_GDP_PPS,Energy intensity of GDP in purchasing power standards (PPS),KGOE_TEUR_PPS,Kilograms of oil equivalent (KGOE) per thousand euro in purchasing power standards (PPS),LV,Latvia,2022,,95.25,,,,,
dataflow,ESTAT:NRG_IND_EI(1.0),Energy intensity,A,Annual,EI_GDP_PPS,Energy intensity of GDP in purchasing power standards (PPS),KGOE_TEUR_PPS,Kilograms of oil equivalent (KGOE) per thousand euro in purchasing power standards (PPS),LV,Latvia,2023,,87.84,,,,,
dataflow,ESTAT:NRG_IND_EI(1.0),Energy intensity,A,Annual,EI_GDP_PPS,Energy intensity of GDP in purchasing power standards (PPS),KGOE_TEUR_PPS,Kilograms of oil equivalent (KGOE) per thousand euro in purchasing power standards (PPS),LV,Latvia,2024,,85.64,,,,,
dataflow,ESTAT:NRG_IND_EI(1.0),Energy intensity,A,Annual,EI_GDP_PPS,Energy intensity of GDP in purchasing power standards (PPS),KGOE_TEUR_PPS,Kilograms of oil equivalent (KGOE) per thousand euro in purchasing power standards (PPS),ME,Montenegro,2006,,225.59,,,,,
dataflow,ESTAT:NRG_IND_EI(1.0),Energy intensity,A,Annual,EI_GDP_PPS,Energy intensity of GDP in purchasing power standards (PPS),KGOE_TEUR_PPS,Kilograms of oil equivalent (KGOE) per thousand euro in purchasing power standards (PPS),ME,Montenegro,2007,,188.91,,,,,
dataflow,ESTAT:NRG_IND_EI(1.0),Energy intensity,A,Annual,EI_GDP_PPS,Energy intensity of GDP in purchasing power standards (PPS),KGOE_TEUR_PPS,Kilograms of oil equivalent (KGOE) per thousand euro in purchasing power standards (PPS),ME,Montenegro,2008,,186.56,,,,,
dataflow,ESTAT:NRG_IND_EI(1.0),Energy intensity,A,Annual,EI_GDP_PPS,Energy intensity of GDP in purchasing power standards (PPS),KGOE_TEUR_PPS,Kilograms of oil equivalent (KGOE) per thousand euro in purchasing power standards (PPS),ME,Montenegro,2009,,159.24,,,,,
dataflow,ESTAT:NRG_IND_EI(1.0),Energy intensity,A,Annual,EI_GDP_PPS,Energy intensity of GDP in purchasing power standards (PPS),KGOE_TEUR_PPS,Kilograms of oil equivalent (KGOE) per thousand euro in purchasing power standards (PPS),ME,Montenegro,2010,,176.86,,,,,
dataflow,ESTAT:NRG_IND_EI(1.0),Energy intensity,A,Annual,EI_GDP_PPS,Energy intensity of GDP in purchasing power standards (PPS),KGOE_TEUR_PPS,Kilograms of oil equivalent (KGOE) per thousand euro in purchasing power standards (PPS),ME,Montenegro,2011,,170.93,,,,,
dataflow,ESTAT:NRG_IND_EI(1.0),Energy intensity,A,Annual,EI_GDP_PPS,Energy intensity of GDP in purchasing power standards (PPS),KGOE_TEUR_PPS,Kilograms of oil equivalent (KGOE) per thousand euro in purchasing power standards (PPS),ME,Montenegro,2012,,169.03,,,,,
dataflow,ESTAT:NRG_IND_EI(1.0),Energy intensity,A,Annual,EI_GDP_PPS,Energy intensity of GDP in purchasing power standards (PPS),KGOE_TEUR_PPS,Kilograms of oil equivalent (KGOE) per thousand euro in purchasing power standards (PPS),ME,Montenegro,2013,,150.70,,,,,
dataflow,ESTAT:NRG_IND_EI(1.0),Energy intensity,A,Annual,EI_GDP_PPS,Energy intensity of GDP in purchasing power standards (PPS),KGOE_TEUR_PPS,Kilograms of oil equivalent (KGOE) per thousand euro in purchasing power standards (PPS),ME,Montenegro,2014,,142.60,,,,,
dataflow,ESTAT:NRG_IND_EI(1.0),Energy intensity,A,Annual,EI_GDP_PPS,Energy intensity of GDP in purchasing power standards (PPS),KGOE_TEUR_PPS,Kilograms of oil equivalent (KGOE) per thousand euro in purchasing power standards (PPS),ME,Montenegro,2015,,140.97,,,,,
dataflow,ESTAT:NRG_IND_EI(1.0),Energy intensity,A,Annual,EI_GDP_PPS,Energy intensity of GDP in purchasing power standards (PPS),KGOE_TEUR_PPS,Kilograms of oil equivalent (KGOE) per thousand euro in purchasing power standards (PPS),ME,Montenegro,2016,,126.36,,,,,
dataflow,ESTAT:NRG_IND_EI(1.0),Energy intensity,A,Annual,EI_GDP_PPS,Energy intensity of GDP in purchasing power standards (PPS),KGOE_TEUR_PPS,Kilograms of oil equivalent (KGOE) per thousand euro in purchasing power standards (PPS),ME,Montenegro,2017,,124.61,,,,,
dataflow,ESTAT:NRG_IND_EI(1.0),Energy intensity,A,Annual,EI_GDP_PPS,Energy intensity of GDP in purchasing power standards (PPS),KGOE_TEUR_PPS,Kilograms of oil equivalent (KGOE) per thousand euro in purchasing power standards (PPS),ME,Montenegro,2018,,119.95,,,,,
dataflow,ESTAT:NRG_IND_EI(1.0),Energy intensity,A,Annual,EI_GDP_PPS,Energy intensity of GDP in purchasing power standards (PPS),KGOE_TEUR_PPS,Kilograms of oil equivalent (KGOE) per thousand euro in purchasing power standards (PPS),ME,Montenegro,2019,,115.10,,,,,
dataflow,ESTAT:NRG_IND_EI(1.0),Energy intensity,A,Annual,EI_GDP_PPS,Energy intensity of GDP in purchasing power standards (PPS),KGOE_TEUR_PPS,Kilograms of oil equivalent (KGOE) per thousand euro in purchasing power standards (PPS),ME,Montenegro,2020,,123.86,,,,,
dataflow,ESTAT:NRG_IND_EI(1.0),Energy intensity,A,Annual,EI_GDP_PPS,Energy intensity of GDP in purchasing power standards (PPS),KGOE_TEUR_PPS,Kilograms of oil equivalent (KGOE) per thousand euro in purchasing power standards (PPS),ME,Montenegro,2021,,115.71,,,,,
dataflow,ESTAT:NRG_IND_EI(1.0),Energy intensity,A,Annual,EI_GDP_PPS,Energy intensity of GDP in purchasing power standards (PPS),KGOE_TEUR_PPS,Kilograms of oil equivalent (KGOE) per thousand euro in purchasing power standards (PPS),ME,Montenegro,2022,,98.32,,,,,
dataflow,ESTAT:NRG_IND_EI(1.0),Energy intensity,A,Annual,EI_GDP_PPS,Energy intensity of GDP in purchasing power standards (PPS),KGOE_TEUR_PPS,Kilograms of oil equivalent (KGOE) per thousand euro in purchasing power standards (PPS),ME,Montenegro,2023,,88.52,,,,,
dataflow,ESTAT:NRG_IND_EI(1.0),Energy intensity,A,Annual,EI_GDP_PPS,Energy intensity of GDP in purchasing power standards (PPS),KGOE_TEUR_PPS,Kilograms of oil equivalent (KGOE) per thousand euro in purchasing power standards (PPS),ME,Montenegro,2024,,86.00,,,,,
dataflow,ESTAT:NRG_IND_EI(1.0),Energy intensity,A,Annual,EI_GDP_PPS,Energy intensity of GDP in purchasing power standards (PPS),KGOE_TEUR_PPS,Kilograms of oil equivalent (KGOE) per thousand euro in purchasing power standards (PPS),MK,North Macedonia,2000,,260.54,,,,,
dataflow,ESTAT:NRG_IND_EI(1.0),Energy intensity,A,Annual,EI_GDP_PPS,Energy intensity of GDP in purchasing power standards (PPS),KGOE_TEUR_PPS,Kilograms of oil equivalent (KGOE) per thousand euro in purchasing power standards (PPS),MK,North Macedonia,2001,,255.19,,,,,
dataflow,ESTAT:NRG_IND_EI(1.0),Energy intensity,A,Annual,EI_GDP_PPS,Energy intensity of GDP in purchasing power standards (PPS),KGOE_TEUR_PPS,Kilograms of oil equivalent (KGOE) per thousand euro in purchasing power standards (PPS),MK,North Macedonia,2002,,241.37,,,,,
dataflow,ESTAT:NRG_IND_EI(1.0),Energy intensity,A,Annual,EI_GDP_PPS,Energy intensity of GDP in purchasing power standards (PPS),KGOE_TEUR_PPS,Kilograms of oil equivalent (KGOE) per thousand euro in purchasing power standards (PPS),MK,North Macedonia,2003,,253.76,,,,,
dataflow,ESTAT:NRG_IND_EI(1.0),Energy intensity,A,Annual,EI_GDP_PPS,Energy intensity of GDP in purchasing power standards (PPS),KGOE_TEUR_PPS,Kilograms of oil equivalent (KGOE) per thousand euro in purchasing power standards (PPS),MK,North Macedonia,2004,,231.69,,,,,
dataflow,ESTAT:NRG_IND_EI(1.0),Energy intensity,A,Annual,EI_GDP_PPS,Energy intensity of GDP in purchasing power standards (PPS),KGOE_TEUR_PPS,Kilograms of oil equivalent (KGOE) per thousand euro in purchasing power standards (PPS),MK,North Macedonia,2005,,223.20,,,,,
dataflow,ESTAT:NRG_IND_EI(1.0),Energy intensity,A,Annual,EI_GDP_PPS,Energy intensity of GDP in purchasing power standards (PPS),KGOE_TEUR_PPS,Kilograms of oil equivalent (KGOE) per thousand euro in purchasing power standards (PPS),MK,North Macedonia,2006,,210.36,,,,,
dataflow,ESTAT:NRG_IND_EI(1.0),Energy intensity,A,Annual,EI_GDP_PPS,Energy intensity of GDP in purchasing power standards (PPS),KGOE_TEUR_PPS,Kilograms of oil equivalent (KGOE) per thousand euro in purchasing power standards (PPS),MK,North Macedonia,2007,,205.44,,,,,
dataflow,ESTAT:NRG_IND_EI(1.0),Energy intensity,A,Annual,EI_GDP_PPS,Energy intensity of GDP in purchasing power standards (PPS),KGOE_TEUR_PPS,Kilograms of oil equivalent (KGOE) per thousand euro in purchasing power standards (PPS),MK,North Macedonia,2008,,181.42,,,,,
dataflow,ESTAT:NRG_IND_EI(1.0),Energy intensity,A,Annual,EI_GDP_PPS,Energy intensity of GDP in purchasing power standards (PPS),KGOE_TEUR_PPS,Kilograms of oil equivalent (KGOE) per thousand euro in purchasing power standards (PPS),MK,North Macedonia,2009,,165.21,,,,,
dataflow,ESTAT:NRG_IND_EI(1.0),Energy intensity,A,Annual,EI_GDP_PPS,Energy intensity of GDP in purchasing power standards (PPS),KGOE_TEUR_PPS,Kilograms of oil equivalent (KGOE) per thousand euro in purchasing power standards (PPS),MK,North Macedonia,2010,,163.06,,,,,
dataflow,ESTAT:NRG_IND_EI(1.0),Energy intensity,A,Annual,EI_GDP_PPS,Energy intensity of GDP in purchasing power standards (PPS),KGOE_TEUR_PPS,Kilograms of oil equivalent (KGOE) per thousand euro in purchasing power standards (PPS),MK,North Macedonia,2011,,174.12,,,,,
dataflow,ESTAT:NRG_IND_EI(1.0),Energy intensity,A,Annual,EI_GDP_PPS,Energy intensity of GDP in purchasing power standards (PPS),KGOE_TEUR_PPS,Kilograms of oil equivalent (KGOE) per thousand euro in purchasing power standards (PPS),MK,North Macedonia,2012,,165.66,,,,,
dataflow,ESTAT:NRG_IND_EI(1.0),Energy intensity,A,Annual,EI_GDP_PPS,Energy intensity of GDP in purchasing power standards (PPS),KGOE_TEUR_PPS,Kilograms of oil equivalent (KGOE) per thousand euro in purchasing power standards (PPS),MK,North Macedonia,2013,,146.75,,,,,
dataflow,ESTAT:NRG_IND_EI(1.0),Energy intensity,A,Annual,EI_GDP_PPS,Energy intensity of GDP in purchasing power standards (PPS),KGOE_TEUR_PPS,Kilograms of oil equivalent (KGOE) per thousand euro in purchasing power standards (PPS),MK,North Macedonia,2014,,135.98,,,,,
dataflow,ESTAT:NRG_IND_EI(1.0),Energy intensity,A,Annual,EI_GDP_PPS,Energy intensity of GDP in purchasing power standards (PPS),KGOE_TEUR_PPS,Kilograms of oil equivalent (KGOE) per thousand euro in purchasing power standards (PPS),MK,North Macedonia,2015,,128.72,,,,,
dataflow,ESTAT:NRG_IND_EI(1.0),Energy intensity,A,Annual,EI_GDP_PPS,Energy intensity of GDP in purchasing power standards (PPS),KGOE_TEUR_PPS,Kilograms of oil equivalent (KGOE) per thousand euro in purchasing power standards (PPS),MK,North Macedonia,2016,,124.15,,,,,
dataflow,ESTAT:NRG_IND_EI(1.0),Energy intensity,A,Annual,EI_GDP_PPS,Energy intensity of GDP in purchasing power standards (PPS),KGOE_TEUR_PPS,Kilograms of oil equivalent (KGOE) per thousand euro in purchasing power standards (PPS),MK,North Macedonia,2017,,123.47,,,,,
dataflow,ESTAT:NRG_IND_EI(1.0),Energy intensity,A,Annual,EI_GDP_PPS,Energy intensity of GDP in purchasing power standards (PPS),KGOE_TEUR_PPS,Kilograms of oil equivalent (KGOE) per thousand euro in purchasing power standards (PPS),MK,North Macedonia,2018,,109.61,,,,,
dataflow,ESTAT:NRG_IND_EI(1.0),Energy intensity,A,Annual,EI_GDP_PPS,Energy intensity of GDP in purchasing power standards (PPS),KGOE_TEUR_PPS,Kilograms of oil equivalent (KGOE) per thousand euro in purchasing power standards (PPS),MK,North Macedonia,2019,,115.97,,,,,
dataflow,ESTAT:NRG_IND_EI(1.0),Energy intensity,A,Annual,EI_GDP_PPS,Energy intensity of GDP in purchasing power standards (PPS),KGOE_TEUR_PPS,Kilograms of oil equivalent (KGOE) per thousand euro in purchasing power standards (PPS),MK,North Macedonia,2020,,109.70,,,,,
dataflow,ESTAT:NRG_IND_EI(1.0),Energy intensity,A,Annual,EI_GDP_PPS,Energy intensity of GDP in purchasing power standards (PPS),KGOE_TEUR_PPS,Kilograms of oil equivalent (KGOE) per thousand euro in purchasing power standards (PPS),MK,North Macedonia,2021,,103.14,,,,,
dataflow,ESTAT:NRG_IND_EI(1.0),Energy intensity,A,Annual,EI_GDP_PPS,Energy intensity of GDP in purchasing power standards (PPS),KGOE_TEUR_PPS,Kilograms of oil equivalent (KGOE) per thousand euro in purchasing power standards (PPS),MK,North Macedonia,2022,,99.95,,,,,
dataflow,ESTAT:NRG_IND_EI(1.0),Energy intensity,A,Annual,EI_GDP_PPS,Energy intensity of GDP in purchasing power standards (PPS),KGOE_TEUR_PPS,Kilograms of oil equivalent (KGOE) per thousand euro in purchasing power standards (PPS),MK,North Macedonia,2023,,94.23,,,,,
dataflow,ESTAT:NRG_IND_EI(1.0),Energy intensity,A,Annual,EI_GDP_PPS,Energy intensity of GDP in purchasing power standards (PPS),KGOE_TEUR_PPS,Kilograms of oil equivalent (KGOE) per thousand euro in purchasing power standards (PPS),MK,North Macedonia,2024,,83.17,,,,,
dataflow,ESTAT:NRG_IND_EI(1.0),Energy intensity,A,Annual,EI_GDP_PPS,Energy intensity of GDP in purchasing power standards (PPS),KGOE_TEUR_PPS,Kilograms of oil equivalent (KGOE) per thousand euro in purchasing power standards (PPS),MT,Malta,1995,,189.51,,,,,
dataflow,ESTAT:NRG_IND_EI(1.0),Energy intensity,A,Annual,EI_GDP_PPS,Energy intensity of GDP in purchasing power standards (PPS),KGOE_TEUR_PPS,Kilograms of oil equivalent (KGOE) per thousand euro in purchasing power standards (PPS),MT,Malta,1996,,168.18,,,,,
dataflow,ESTAT:NRG_IND_EI(1.0),Energy intensity,A,Annual,EI_GDP_PPS,Energy intensity of GDP in purchasing power standards (PPS),KGOE_TEUR_PPS,Kilograms of oil equivalent (KGOE) per thousand euro in purchasing power standards (PPS),MT,Malta,1997,,202.11,,,,,
dataflow,ESTAT:NRG_IND_EI(1.0),Energy intensity,A,Annual,EI_GDP_PPS,Energy intensity of GDP in purchasing power standards (PPS),KGOE_TEUR_PPS,Kilograms of oil equivalent (KGOE) per thousand euro in purchasing power standards (PPS),MT,Malta,1998,,154.46,,,,,
dataflow,ESTAT:NRG_IND_EI(1.0),Energy intensity,A,Annual,EI_GDP_PPS,Energy intensity of GDP in purchasing power standards (PPS),KGOE_TEUR_PPS,Kilograms of oil equivalent (KGOE) per thousand euro in purchasing power standards (PPS),MT,Malta,1999,,158.42,,,,,
dataflow,ESTAT:NRG_IND_EI(1.0),Energy intensity,A,Annual,EI_GDP_PPS,Energy intensity of GDP in purchasing power standards (PPS),KGOE_TEUR_PPS,Kilograms of oil equivalent (KGOE) per thousand euro in purchasing power standards (PPS),MT,Malta,2000,,248.59,,,,,
dataflow,ESTAT:NRG_IND_EI(1.0),Energy intensity,A,Annual,EI_GDP_PPS,Energy intensity of GDP in purchasing power standards (PPS),KGOE_TEUR_PPS,Kilograms of oil equivalent (KGOE) per thousand euro in purchasing power standards (PPS),MT,Malta,2001,,269.13,,,,,
dataflow,ESTAT:NRG_IND_EI(1.0),Energy intensity,A,Annual,EI_GDP_PPS,Energy intensity of GDP in purchasing power standards (PPS),KGOE_TEUR_PPS,Kilograms of oil equivalent (KGOE) per thousand euro in purchasing power standards (PPS),MT,Malta,2002,,248.46,,,,,
dataflow,ESTAT:NRG_IND_EI(1.0),Energy intensity,A,Annual,EI_GDP_PPS,Energy intensity of GDP in purchasing power standards (PPS),KGOE_TEUR_PPS,Kilograms of oil equivalent (KGOE) per thousand euro in purchasing power standards (PPS),MT,Malta,2003,,268.78,,,,,
dataflow,ESTAT:NRG_IND_EI(1.0),Energy intensity,A,Annual,EI_GDP_PPS,Energy intensity of GDP in purchasing power standards (PPS),KGOE_TEUR_PPS,Kilograms of oil equivalent (KGOE) per thousand euro in purchasing power standards (PPS),MT,Malta,2004,,271.89,,,,,
dataflow,ESTAT:NRG_IND_EI(1.0),Energy intensity,A,Annual,EI_GDP_PPS,Energy intensity of GDP in purchasing power standards (PPS),KGOE_TEUR_PPS,Kilograms of oil equivalent (KGOE) per thousand euro in purchasing power standards (PPS),MT,Malta,2005,,216.81,,,,,
dataflow,ESTAT:NRG_IND_EI(1.0),Energy intensity,A,Annual,EI_GDP_PPS,Energy intensity of GDP in purchasing power standards (PPS),KGOE_TEUR_PPS,Kilograms of oil equivalent (KGOE) per thousand euro in purchasing power standards (PPS),MT,Malta,2006,,225.77,,,,,
dataflow,ESTAT:NRG_IND_EI(1.0),Energy intensity,A,Annual,EI_GDP_PPS,Energy intensity of GDP in purchasing power standards (PPS),KGOE_TEUR_PPS,Kilograms of oil equivalent (KGOE) per thousand euro in purchasing power standards (PPS),MT,Malta,2007,,224.21,,,,,
dataflow,ESTAT:NRG_IND_EI(1.0),Energy intensity,A,Annual,EI_GDP_PPS,Energy intensity of GDP in purchasing power standards (PPS),KGOE_TEUR_PPS,Kilograms of oil equivalent (KGOE) per thousand euro in purchasing power standards (PPS),MT,Malta,2008,,223.03,,,,,
dataflow,ESTAT:NRG_IND_EI(1.0),Energy intensity,A,Annual,EI_GDP_PPS,Energy intensity of GDP in purchasing power standards (PPS),KGOE_TEUR_PPS,Kilograms of oil equivalent (KGOE) per thousand euro in purchasing power standards (PPS),MT,Malta,2009,,243.07,,,,,
dataflow,ESTAT:NRG_IND_EI(1.0),Energy intensity,A,Annual,EI_GDP_PPS,Energy intensity of GDP in purchasing power standards (PPS),KGOE_TEUR_PPS,Kilograms of oil equivalent (KGOE) per thousand euro in purchasing power standards (PPS),MT,Malta,2010,,263.20,,,,,
dataflow,ESTAT:NRG_IND_EI(1.0),Energy intensity,A,Annual,EI_GDP_PPS,Energy intensity of GDP in purchasing power standards (PPS),KGOE_TEUR_PPS,Kilograms of oil equivalent (KGOE) per thousand euro in purchasing power standards (PPS),MT,Malta,2011,,248.78,,,,,
dataflow,ESTAT:NRG_IND_EI(1.0),Energy intensity,A,Annual,EI_GDP_PPS,Energy intensity of GDP in purchasing power standards (PPS),KGOE_TEUR_PPS,Kilograms of oil equivalent (KGOE) per thousand euro in purchasing power standards (PPS),MT,Malta,2012,,227.38,,,,,
dataflow,ESTAT:NRG_IND_EI(1.0),Energy intensity,A,Annual,EI_GDP_PPS,Energy intensity of GDP in purchasing power standards (PPS),KGOE_TEUR_PPS,Kilograms of oil equivalent (KGOE) per thousand euro in purchasing power standards (PPS),MT,Malta,2013,,203.60,,,,,
dataflow,ESTAT:NRG_IND_EI(1.0),Energy intensity,A,Annual,EI_GDP_PPS,Energy intensity of GDP in purchasing power standards (PPS),KGOE_TEUR_PPS,Kilograms of oil equivalent (KGOE) per thousand euro in purchasing power standards (PPS),MT,Malta,2014,,193.41,,,,,
dataflow,ESTAT:NRG_IND_EI(1.0),Energy intensity,A,Annual,EI_GDP_PPS,Energy intensity of GDP in purchasing power standards (PPS),KGOE_TEUR_PPS,Kilograms of oil equivalent (KGOE) per thousand euro in purchasing power standards (PPS),MT,Malta,2015,,187.23,,,,,
dataflow,ESTAT:NRG_IND_EI(1.0),Energy intensity,A,Annual,EI_GDP_PPS,Energy intensity of GDP in purchasing power standards (PPS),KGOE_TEUR_PPS,Kilograms of oil equivalent (KGOE) per thousand euro in purchasing power standards (PPS),MT,Malta,2016,,190.85,,,,,
dataflow,ESTAT:NRG_IND_EI(1.0),Energy intensity,A,Annual,EI_GDP_PPS,Energy intensity of GDP in purchasing power standards (PPS),KGOE_TEUR_PPS,Kilograms of oil equivalent (KGOE) per thousand euro in purchasing power standards (PPS),MT,Malta,2017,,201.55,,,,,
dataflow,ESTAT:NRG_IND_EI(1.0),Energy intensity,A,Annual,EI_GDP_PPS,Energy intensity of GDP in purchasing power standards (PPS),KGOE_TEUR_PPS,Kilograms of oil equivalent (KGOE) per thousand euro in purchasing power standards (PPS),MT,Malta,2018,,193.16,,,,,
dataflow,ESTAT:NRG_IND_EI(1.0),Energy intensity,A,Annual,EI_GDP_PPS,Energy intensity of GDP in purchasing power standards (PPS),KGOE_TEUR_PPS,Kilograms of oil equivalent (KGOE) per thousand euro in purchasing power standards (PPS),MT,Malta,2019,,187.83,,,,,
dataflow,ESTAT:NRG_IND_EI(1.0),Energy intensity,A,Annual,EI_GDP_PPS,Energy intensity of GDP in purchasing power standards (PPS),KGOE_TEUR_PPS,Kilograms of oil equivalent (KGOE) per thousand euro in purchasing power standards (PPS),MT,Malta,2020,,179.08,,,,,
dataflow,ESTAT:NRG_IND_EI(1.0),Energy intensity,A,Annual,EI_GDP_PPS,Energy intensity of GDP in purchasing power standards (PPS),KGOE_TEUR_PPS,Kilograms of oil equivalent (KGOE) per thousand euro in purchasing power standards (PPS),MT,Malta,2021,,145.84,,,,,
dataflow,ESTAT:NRG_IND_EI(1.0),Energy intensity,A,Annual,EI_GDP_PPS,Energy intensity of GDP in purchasing power standards (PPS),KGOE_TEUR_PPS,Kilograms of oil equivalent (KGOE) per thousand euro in purchasing power standards (PPS),MT,Malta,2022,,153.09,,,,,
dataflow,ESTAT:NRG_IND_EI(1.0),Energy intensity,A,Annual,EI_GDP_PPS,Energy intensity of GDP in purchasing power standards (PPS),KGOE_TEUR_PPS,Kilograms of oil equivalent (KGOE) per thousand euro in purchasing power standards (PPS),MT,Malta,2023,,137.80,,,,,
dataflow,ESTAT:NRG_IND_EI(1.0),Energy intensity,A,Annual,EI_GDP_PPS,Energy intensity of GDP in purchasing power standards (PPS),KGOE_TEUR_PPS,Kilograms of oil equivalent (KGOE) per thousand euro in purchasing power standards (PPS),MT,Malta,2024,,122.66,,,,,
dataflow,ESTAT:NRG_IND_EI(1.0),Energy intensity,A,Annual,EI_GDP_PPS,Energy intensity of GDP in purchasing power standards (PPS),KGOE_TEUR_PPS,Kilograms of oil equivalent (KGOE) per thousand euro in purchasing power standards (PPS),NL,Netherlands,1995,,285.47,,,,,
dataflow,ESTAT:NRG_IND_EI(1.0),Energy intensity,A,Annual,EI_GDP_PPS,Energy intensity of GDP in purchasing power standards (PPS),KGOE_TEUR_PPS,Kilograms of oil equivalent (KGOE) per thousand euro in purchasing power standards (PPS),NL,Netherlands,1996,,281.64,,,,,
dataflow,ESTAT:NRG_IND_EI(1.0),Energy intensity,A,Annual,EI_GDP_PPS,Energy intensity of GDP in purchasing power standards (PPS),KGOE_TEUR_PPS,Kilograms of oil equivalent (KGOE) per thousand euro in purchasing power standards (PPS),NL,Netherlands,1997,,263.63,,,,,
dataflow,ESTAT:NRG_IND_EI(1.0),Energy intensity,A,Annual,EI_GDP_PPS,Energy intensity of GDP in purchasing power standards (PPS),KGOE_TEUR_PPS,Kilograms of oil equivalent (KGOE) per thousand euro in purchasing power standards (PPS),NL,Netherlands,1998,,249.41,,,,,
dataflow,ESTAT:NRG_IND_EI(1.0),Energy intensity,A,Annual,EI_GDP_PPS,Energy intensity of GDP in purchasing power standards (PPS),KGOE_TEUR_PPS,Kilograms of oil equivalent (KGOE) per thousand euro in purchasing power standards (PPS),NL,Netherlands,1999,,232.16,,,,,
dataflow,ESTAT:NRG_IND_EI(1.0),Energy intensity,A,Annual,EI_GDP_PPS,Energy intensity of GDP in purchasing power standards (PPS),KGOE_TEUR_PPS,Kilograms of oil equivalent (KGOE) per thousand euro in purchasing power standards (PPS),NL,Netherlands,2000,,216.72,,,,,
dataflow,ESTAT:NRG_IND_EI(1.0),Energy intensity,A,Annual,EI_GDP_PPS,Energy intensity of GDP in purchasing power standards (PPS),KGOE_TEUR_PPS,Kilograms of oil equivalent (KGOE) per thousand euro in purchasing power standards (PPS),NL,Netherlands,2001,,214.07,,,,,
dataflow,ESTAT:NRG_IND_EI(1.0),Energy intensity,A,Annual,EI_GDP_PPS,Energy intensity of GDP in purchasing power standards (PPS),KGOE_TEUR_PPS,Kilograms of oil equivalent (KGOE) per thousand euro in purchasing power standards (PPS),NL,Netherlands,2002,,208.33,,,,,
dataflow,ESTAT:NRG_IND_EI(1.0),Energy intensity,A,Annual,EI_GDP_PPS,Energy intensity of GDP in purchasing power standards (PPS),KGOE_TEUR_PPS,Kilograms of oil equivalent (KGOE) per thousand euro in purchasing power standards (PPS),NL,Netherlands,2003,,212.99,,,,,
dataflow,ESTAT:NRG_IND_EI(1.0),Energy intensity,A,Annual,EI_GDP_PPS,Energy intensity of GDP in purchasing power standards (PPS),KGOE_TEUR_PPS,Kilograms of oil equivalent (KGOE) per thousand euro in purchasing power standards (PPS),NL,Netherlands,2004,,207.85,,,,,
dataflow,ESTAT:NRG_IND_EI(1.0),Energy intensity,A,Annual,EI_GDP_PPS,Energy intensity of GDP in purchasing power standards (PPS),KGOE_TEUR_PPS,Kilograms of oil equivalent (KGOE) per thousand euro in purchasing power standards (PPS),NL,Netherlands,2005,,196.67,,,,,
dataflow,ESTAT:NRG_IND_EI(1.0),Energy intensity,A,Annual,EI_GDP_PPS,Energy intensity of GDP in purchasing power standards (PPS),KGOE_TEUR_PPS,Kilograms of oil equivalent (KGOE) per thousand euro in purchasing power standards (PPS),NL,Netherlands,2006,,186.14,,,,,
dataflow,ESTAT:NRG_IND_EI(1.0),Energy intensity,A,Annual,EI_GDP_PPS,Energy intensity of GDP in purchasing power standards (PPS),KGOE_TEUR_PPS,Kilograms of oil equivalent (KGOE) per thousand euro in purchasing power standards (PPS),NL,Netherlands,2007,,174.59,,,,,
dataflow,ESTAT:NRG_IND_EI(1.0),Energy intensity,A,Annual,EI_GDP_PPS,Energy intensity of GDP in purchasing power standards (PPS),KGOE_TEUR_PPS,Kilograms of oil equivalent (KGOE) per thousand euro in purchasing power standards (PPS),NL,Netherlands,2008,,165.30,,,,,
dataflow,ESTAT:NRG_IND_EI(1.0),Energy intensity,A,Annual,EI_GDP_PPS,Energy intensity of GDP in purchasing power standards (PPS),KGOE_TEUR_PPS,Kilograms of oil equivalent (KGOE) per thousand euro in purchasing power standards (PPS),NL,Netherlands,2009,,169.65,,,,,
dataflow,ESTAT:NRG_IND_EI(1.0),Energy intensity,A,Annual,EI_GDP_PPS,Energy intensity of GDP in purchasing power standards (PPS),KGOE_TEUR_PPS,Kilograms of oil equivalent (KGOE) per thousand euro in purchasing power standards (PPS),NL,Netherlands,2010,,175.51,,,,,
dataflow,ESTAT:NRG_IND_EI(1.0),Energy intensity,A,Annual,EI_GDP_PPS,Energy intensity of GDP in purchasing power standards (PPS),KGOE_TEUR_PPS,Kilograms of oil equivalent (KGOE) per thousand euro in purchasing power standards (PPS),NL,Netherlands,2011,,163.29,,,,,
dataflow,ESTAT:NRG_IND_EI(1.0),Energy intensity,A,Annual,EI_GDP_PPS,Energy intensity of GDP in purchasing power standards (PPS),KGOE_TEUR_PPS,Kilograms of oil equivalent (KGOE) per thousand euro in purchasing power standards (PPS),NL,Netherlands,2012,,160.17,,,,,
dataflow,ESTAT:NRG_IND_EI(1.0),Energy intensity,A,Annual,EI_GDP_PPS,Energy intensity of GDP in purchasing power standards (PPS),KGOE_TEUR_PPS,Kilograms of oil equivalent (KGOE) per thousand euro in purchasing power standards (PPS),NL,Netherlands,2013,,153.25,,,,,
dataflow,ESTAT:NRG_IND_EI(1.0),Energy intensity,A,Annual,EI_GDP_PPS,Energy intensity of GDP in purchasing power standards (PPS),KGOE_TEUR_PPS,Kilograms of oil equivalent (KGOE) per thousand euro in purchasing power standards (PPS),NL,Netherlands,2014,,146.22,,,,,
dataflow,ESTAT:NRG_IND_EI(1.0),Energy intensity,A,Annual,EI_GDP_PPS,Energy intensity of GDP in purchasing power standards (PPS),KGOE_TEUR_PPS,Kilograms of oil equivalent (KGOE) per thousand euro in purchasing power standards (PPS),NL,Netherlands,2015,,142.48,,,,,
dataflow,ESTAT:NRG_IND_EI(1.0),Energy intensity,A,Annual,EI_GDP_PPS,Energy intensity of GDP in purchasing power standards (PPS),KGOE_TEUR_PPS,Kilograms of oil equivalent (KGOE) per thousand euro in purchasing power standards (PPS),NL,Netherlands,2016,,143.19,,,,,
dataflow,ESTAT:NRG_IND_EI(1.0),Energy intensity,A,Annual,EI_GDP_PPS,Energy intensity of GDP in purchasing power standards (PPS),KGOE_TEUR_PPS,Kilograms of oil equivalent (KGOE) per thousand euro in purchasing power standards (PPS),NL,Netherlands,2017,,138.17,,,,,
dataflow,ESTAT:NRG_IND_EI(1.0),Energy intensity,A,Annual,EI_GDP_PPS,Energy intensity of GDP in purchasing power standards (PPS),KGOE_TEUR_PPS,Kilograms of oil equivalent (KGOE) per thousand euro in purchasing power standards (PPS),NL,Netherlands,2018,,129.78,,,,,
dataflow,ESTAT:NRG_IND_EI(1.0),Energy intensity,A,Annual,EI_GDP_PPS,Energy intensity of GDP in purchasing power standards (PPS),KGOE_TEUR_PPS,Kilograms of oil equivalent (KGOE) per thousand euro in purchasing power standards (PPS),NL,Netherlands,2019,,124.63,,,,,
dataflow,ESTAT:NRG_IND_EI(1.0),Energy intensity,A,Annual,EI_GDP_PPS,Energy intensity of GDP in purchasing power standards (PPS),KGOE_TEUR_PPS,Kilograms of oil equivalent (KGOE) per thousand euro in purchasing power standards (PPS),NL,Netherlands,2020,,120.07,,,,,
dataflow,ESTAT:NRG_IND_EI(1.0),Energy intensity,A,Annual,EI_GDP_PPS,Energy intensity of GDP in purchasing power standards (PPS),KGOE_TEUR_PPS,Kilograms of oil equivalent (KGOE) per thousand euro in purchasing power standards (PPS),NL,Netherlands,2021,,111.77,,,,,
dataflow,ESTAT:NRG_IND_EI(1.0),Energy intensity,A,Annual,EI_GDP_PPS,Energy intensity of GDP in purchasing power standards (PPS),KGOE_TEUR_PPS,Kilograms of oil equivalent (KGOE) per thousand euro in purchasing power standards (PPS),NL,Netherlands,2022,,91.70,,,,,
dataflow,ESTAT:NRG_IND_EI(1.0),Energy intensity,A,Annual,EI_GDP_PPS,Energy intensity of GDP in purchasing power standards (PPS),KGOE_TEUR_PPS,Kilograms of oil equivalent (KGOE) per thousand euro in purchasing power standards (PPS),NL,Netherlands,2023,,84.54,,,,,
dataflow,ESTAT:NRG_IND_EI(1.0),Energy intensity,A,Annual,EI_GDP_PPS,Energy intensity of GDP in purchasing power standards (PPS),KGOE_TEUR_PPS,Kilograms of oil equivalent (KGOE) per thousand euro in purchasing power standards (PPS),NL,Netherlands,2024,,80.40,,,,,
dataflow,ESTAT:NRG_IND_EI(1.0),Energy intensity,A,Annual,EI_GDP_PPS,Energy intensity of GDP in purchasing power standards (PPS),KGOE_TEUR_PPS,Kilograms of oil equivalent (KGOE) per thousand euro in purchasing power standards (PPS),NO,Norway,1995,,265.71,,,,,
dataflow,ESTAT:NRG_IND_EI(1.0),Energy intensity,A,Annual,EI_GDP_PPS,Energy intensity of GDP in purchasing power standards (PPS),KGOE_TEUR_PPS,Kilograms of oil equivalent (KGOE) per thousand euro in purchasing power standards (PPS),NO,Norway,1996,,232.87,,,,,
dataflow,ESTAT:NRG_IND_EI(1.0),Energy intensity,A,Annual,EI_GDP_PPS,Energy intensity of GDP in purchasing power standards (PPS),KGOE_TEUR_PPS,Kilograms of oil equivalent (KGOE) per thousand euro in purchasing power standards (PPS),NO,Norway,1997,,233.57,,,,,
dataflow,ESTAT:NRG_IND_EI(1.0),Energy intensity,A,Annual,EI_GDP_PPS,Energy intensity of GDP in purchasing power standards (PPS),KGOE_TEUR_PPS,Kilograms of oil equivalent (KGOE) per thousand euro in purchasing power standards (PPS),NO,Norway,1998,,247.20,,,,,
dataflow,ESTAT:NRG_IND_EI(1.0),Energy intensity,A,Annual,EI_GDP_PPS,Energy intensity of GDP in purchasing power standards (PPS),KGOE_TEUR_PPS,Kilograms of oil equivalent (KGOE) per thousand euro in purchasing power standards (PPS),NO,Norway,1999,,235.65,,,,,
dataflow,ESTAT:NRG_IND_EI(1.0),Energy intensity,A,Annual,EI_GDP_PPS,Energy intensity of GDP in purchasing power standards (PPS),KGOE_TEUR_PPS,Kilograms of oil equivalent (KGOE) per thousand euro in purchasing power standards (PPS),NO,Norway,2000,,191.20,,,,,
dataflow,ESTAT:NRG_IND_EI(1.0),Energy intensity,A,Annual,EI_GDP_PPS,Energy intensity of GDP in purchasing power standards (PPS),KGOE_TEUR_PPS,Kilograms of oil equivalent (KGOE) per thousand euro in purchasing power standards (PPS),NO,Norway,2001,,198.54,,,,,
dataflow,ESTAT:NRG_IND_EI(1.0),Energy intensity,A,Annual,EI_GDP_PPS,Energy intensity of GDP in purchasing power standards (PPS),KGOE_TEUR_PPS,Kilograms of oil equivalent (KGOE) per thousand euro in purchasing power standards (PPS),NO,Norway,2002,,182.80,,,,,
dataflow,ESTAT:NRG_IND_EI(1.0),Energy intensity,A,Annual,EI_GDP_PPS,Energy intensity of GDP in purchasing power standards (PPS),KGOE_TEUR_PPS,Kilograms of oil equivalent (KGOE) per thousand euro in purchasing power standards (PPS),NO,Norway,2003,,191.82,,,,,
dataflow,ESTAT:NRG_IND_EI(1.0),Energy intensity,A,Annual,EI_GDP_PPS,Energy intensity of GDP in purchasing power standards (PPS),KGOE_TEUR_PPS,Kilograms of oil equivalent (KGOE) per thousand euro in purchasing power standards (PPS),NO,Norway,2004,,184.04,,,,,
dataflow,ESTAT:NRG_IND_EI(1.0),Energy intensity,A,Annual,EI_GDP_PPS,Energy intensity of GDP in purchasing power standards (PPS),KGOE_TEUR_PPS,Kilograms of oil equivalent (KGOE) per thousand euro in purchasing power standards (PPS),NO,Norway,2005,,167.16,,,,,
dataflow,ESTAT:NRG_IND_EI(1.0),Energy intensity,A,Annual,EI_GDP_PPS,Energy intensity of GDP in purchasing power standards (PPS),KGOE_TEUR_PPS,Kilograms of oil equivalent (KGOE) per thousand euro in purchasing power standards (PPS),NO,Norway,2006,,151.44,,,,,
dataflow,ESTAT:NRG_IND_EI(1.0),Energy intensity,A,Annual,EI_GDP_PPS,Energy intensity of GDP in purchasing power standards (PPS),KGOE_TEUR_PPS,Kilograms of oil equivalent (KGOE) per thousand euro in purchasing power standards (PPS),NO,Norway,2007,,138.08,,,,,
dataflow,ESTAT:NRG_IND_EI(1.0),Energy intensity,A,Annual,EI_GDP_PPS,Energy intensity of GDP in purchasing power standards (PPS),KGOE_TEUR_PPS,Kilograms of oil equivalent (KGOE) per thousand euro in purchasing power standards (PPS),NO,Norway,2008,,137.98,,,,,
dataflow,ESTAT:NRG_IND_EI(1.0),Energy intensity,A,Annual,EI_GDP_PPS,Energy intensity of GDP in purchasing power standards (PPS),KGOE_TEUR_PPS,Kilograms of oil equivalent (KGOE) per thousand euro in purchasing power standards (PPS),NO,Norway,2009,,153.27,,,,,
dataflow,ESTAT:NRG_IND_EI(1.0),Energy intensity,A,Annual,EI_GDP_PPS,Energy intensity of GDP in purchasing power standards (PPS),KGOE_TEUR_PPS,Kilograms of oil equivalent (KGOE) per thousand euro in purchasing power standards (PPS),NO,Norway,2010,,153.21,,,,,
dataflow,ESTAT:NRG_IND_EI(1.0),Energy intensity,A,Annual,EI_GDP_PPS,Energy intensity of GDP in purchasing power standards (PPS),KGOE_TEUR_PPS,Kilograms of oil equivalent (KGOE) per thousand euro in purchasing power standards (PPS),NO,Norway,2011,,125.45,,,,,
dataflow,ESTAT:NRG_IND_EI(1.0),Energy intensity,A,Annual,EI_GDP_PPS,Energy intensity of GDP in purchasing power standards (PPS),KGOE_TEUR_PPS,Kilograms of oil equivalent (KGOE) per thousand euro in purchasing power standards (PPS),NO,Norway,2012,,126.60,,,,,
dataflow,ESTAT:NRG_IND_EI(1.0),Energy intensity,A,Annual,EI_GDP_PPS,Energy intensity of GDP in purchasing power standards (PPS),KGOE_TEUR_PPS,Kilograms of oil equivalent (KGOE) per thousand euro in purchasing power standards (PPS),NO,Norway,2013,,130.57,,,,,
dataflow,ESTAT:NRG_IND_EI(1.0),Energy intensity,A,Annual,EI_GDP_PPS,Energy intensity of GDP in purchasing power standards (PPS),KGOE_TEUR_PPS,Kilograms of oil equivalent (KGOE) per thousand euro in purchasing power standards (PPS),NO,Norway,2014,,121.29,,,,,
dataflow,ESTAT:NRG_IND_EI(1.0),Energy intensity,A,Annual,EI_GDP_PPS,Energy intensity of GDP in purchasing power standards (PPS),KGOE_TEUR_PPS,Kilograms of oil equivalent (KGOE) per thousand euro in purchasing power standards (PPS),NO,Norway,2015,,117.68,,,,,
dataflow,ESTAT:NRG_IND_EI(1.0),Energy intensity,A,Annual,EI_GDP_PPS,Energy intensity of GDP in purchasing power standards (PPS),KGOE_TEUR_PPS,Kilograms of oil equivalent (KGOE) per thousand euro in purchasing power standards (PPS),NO,Norway,2016,,137.13,,,,,
dataflow,ESTAT:NRG_IND_EI(1.0),Energy intensity,A,Annual,EI_GDP_PPS,Energy intensity of GDP in purchasing power standards (PPS),KGOE_TEUR_PPS,Kilograms of oil equivalent (KGOE) per thousand euro in purchasing power standards (PPS),NO,Norway,2017,,132.68,,,,,
dataflow,ESTAT:NRG_IND_EI(1.0),Energy intensity,A,Annual,EI_GDP_PPS,Energy intensity of GDP in purchasing power standards (PPS),KGOE_TEUR_PPS,Kilograms of oil equivalent (KGOE) per thousand euro in purchasing power standards (PPS),NO,Norway,2018,,123.06,,,,,
dataflow,ESTAT:NRG_IND_EI(1.0),Energy intensity,A,Annual,EI_GDP_PPS,Energy intensity of GDP in purchasing power standards (PPS),KGOE_TEUR_PPS,Kilograms of oil equivalent (KGOE) per thousand euro in purchasing power standards (PPS),NO,Norway,2019,,120.27,,,,,
dataflow,ESTAT:NRG_IND_EI(1.0),Energy intensity,A,Annual,EI_GDP_PPS,Energy intensity of GDP in purchasing power standards (PPS),KGOE_TEUR_PPS,Kilograms of oil equivalent (KGOE) per thousand euro in purchasing power standards (PPS),NO,Norway,2020,,128.19,,,,,
dataflow,ESTAT:NRG_IND_EI(1.0),Energy intensity,A,Annual,EI_GDP_PPS,Energy intensity of GDP in purchasing power standards (PPS),KGOE_TEUR_PPS,Kilograms of oil equivalent (KGOE) per thousand euro in purchasing power standards (PPS),NO,Norway,2021,,97.16,,,,,
dataflow,ESTAT:NRG_IND_EI(1.0),Energy intensity,A,Annual,EI_GDP_PPS,Energy intensity of GDP in purchasing power standards (PPS),KGOE_TEUR_PPS,Kilograms of oil equivalent (KGOE) per thousand euro in purchasing power standards (PPS),NO,Norway,2022,,65.42,,,,,
dataflow,ESTAT:NRG_IND_EI(1.0),Energy intensity,A,Annual,EI_GDP_PPS,Energy intensity of GDP in purchasing power standards (PPS),KGOE_TEUR_PPS,Kilograms of oil equivalent (KGOE) per thousand euro in purchasing power standards (PPS),NO,Norway,2023,,80.96,,,,,
dataflow,ESTAT:NRG_IND_EI(1.0),Energy intensity,A,Annual,EI_GDP_PPS,Energy intensity of GDP in purchasing power standards (PPS),KGOE_TEUR_PPS,Kilograms of oil equivalent (KGOE) per thousand euro in purchasing power standards (PPS),NO,Norway,2024,,80.92,,,,,
dataflow,ESTAT:NRG_IND_EI(1.0),Energy intensity,A,Annual,EI_GDP_PPS,Energy intensity of GDP in purchasing power standards (PPS),KGOE_TEUR_PPS,Kilograms of oil equivalent (KGOE) per thousand euro in purchasing power standards (PPS),PL,Poland,1995,,400.79,,,,,
dataflow,ESTAT:NRG_IND_EI(1.0),Energy intensity,A,Annual,EI_GDP_PPS,Energy intensity of GDP in purchasing power standards (PPS),KGOE_TEUR_PPS,Kilograms of oil equivalent (KGOE) per thousand euro in purchasing power standards (PPS),PL,Poland,1996,,382.66,,,,,
dataflow,ESTAT:NRG_IND_EI(1.0),Energy intensity,A,Annual,EI_GDP_PPS,Energy intensity of GDP in purchasing power standards (PPS),KGOE_TEUR_PPS,Kilograms of oil equivalent (KGOE) per thousand euro in purchasing power standards (PPS),PL,Poland,1997,,354.17,,,,,
dataflow,ESTAT:NRG_IND_EI(1.0),Energy intensity,A,Annual,EI_GDP_PPS,Energy intensity of GDP in purchasing power standards (PPS),KGOE_TEUR_PPS,Kilograms of oil equivalent (KGOE) per thousand euro in purchasing power standards (PPS),PL,Poland,1998,,312.87,,,,,
dataflow,ESTAT:NRG_IND_EI(1.0),Energy intensity,A,Annual,EI_GDP_PPS,Energy intensity of GDP in purchasing power standards (PPS),KGOE_TEUR_PPS,Kilograms of oil equivalent (KGOE) per thousand euro in purchasing power standards (PPS),PL,Poland,1999,,286.93,,,,,
dataflow,ESTAT:NRG_IND_EI(1.0),Energy intensity,A,Annual,EI_GDP_PPS,Energy intensity of GDP in purchasing power standards (PPS),KGOE_TEUR_PPS,Kilograms of oil equivalent (KGOE) per thousand euro in purchasing power standards (PPS),PL,Poland,2000,,262.71,,,,,
dataflow,ESTAT:NRG_IND_EI(1.0),Energy intensity,A,Annual,EI_GDP_PPS,Energy intensity of GDP in purchasing power standards (PPS),KGOE_TEUR_PPS,Kilograms of oil equivalent (KGOE) per thousand euro in purchasing power standards (PPS),PL,Poland,2001,,254.69,,,,,
dataflow,ESTAT:NRG_IND_EI(1.0),Energy intensity,A,Annual,EI_GDP_PPS,Energy intensity of GDP in purchasing power standards (PPS),KGOE_TEUR_PPS,Kilograms of oil equivalent (KGOE) per thousand euro in purchasing power standards (PPS),PL,Poland,2002,,240.05,,,,,
dataflow,ESTAT:NRG_IND_EI(1.0),Energy intensity,A,Annual,EI_GDP_PPS,Energy intensity of GDP in purchasing power standards (PPS),KGOE_TEUR_PPS,Kilograms of oil equivalent (KGOE) per thousand euro in purchasing power standards (PPS),PL,Poland,2003,,236.35,,,,,
dataflow,ESTAT:NRG_IND_EI(1.0),Energy intensity,A,Annual,EI_GDP_PPS,Energy intensity of GDP in purchasing power standards (PPS),KGOE_TEUR_PPS,Kilograms of oil equivalent (KGOE) per thousand euro in purchasing power standards (PPS),PL,Poland,2004,,219.19,,,,,
dataflow,ESTAT:NRG_IND_EI(1.0),Energy intensity,A,Annual,EI_GDP_PPS,Energy intensity of GDP in purchasing power standards (PPS),KGOE_TEUR_PPS,Kilograms of oil equivalent (KGOE) per thousand euro in purchasing power standards (PPS),PL,Poland,2005,,213.25,,,,,
dataflow,ESTAT:NRG_IND_EI(1.0),Energy intensity,A,Annual,EI_GDP_PPS,Energy intensity of GDP in purchasing power standards (PPS),KGOE_TEUR_PPS,Kilograms of oil equivalent (KGOE) per thousand euro in purchasing power standards (PPS),PL,Poland,2006,,212.14,,,,,
dataflow,ESTAT:NRG_IND_EI(1.0),Energy intensity,A,Annual,EI_GDP_PPS,Energy intensity of GDP in purchasing power standards (PPS),KGOE_TEUR_PPS,Kilograms of oil equivalent (KGOE) per thousand euro in purchasing power standards (PPS),PL,Poland,2007,,192.26,,,,,
dataflow,ESTAT:NRG_IND_EI(1.0),Energy intensity,A,Annual,EI_GDP_PPS,Energy intensity of GDP in purchasing power standards (PPS),KGOE_TEUR_PPS,Kilograms of oil equivalent (KGOE) per thousand euro in purchasing power standards (PPS),PL,Poland,2008,,181.31,,,,,
dataflow,ESTAT:NRG_IND_EI(1.0),Energy intensity,A,Annual,EI_GDP_PPS,Energy intensity of GDP in purchasing power standards (PPS),KGOE_TEUR_PPS,Kilograms of oil equivalent (KGOE) per thousand euro in purchasing power standards (PPS),PL,Poland,2009,,170.01,,,,,
dataflow,ESTAT:NRG_IND_EI(1.0),Energy intensity,A,Annual,EI_GDP_PPS,Energy intensity of GDP in purchasing power standards (PPS),KGOE_TEUR_PPS,Kilograms of oil equivalent (KGOE) per thousand euro in purchasing power standards (PPS),PL,Poland,2010,,168.39,,,,,
dataflow,ESTAT:NRG_IND_EI(1.0),Energy intensity,A,Annual,EI_GDP_PPS,Energy intensity of GDP in purchasing power standards (PPS),KGOE_TEUR_PPS,Kilograms of oil equivalent (KGOE) per thousand euro in purchasing power standards (PPS),PL,Poland,2011,,157.38,,,,,
dataflow,ESTAT:NRG_IND_EI(1.0),Energy intensity,A,Annual,EI_GDP_PPS,Energy intensity of GDP in purchasing power standards (PPS),KGOE_TEUR_PPS,Kilograms of oil equivalent (KGOE) per thousand euro in purchasing power standards (PPS),PL,Poland,2012,,146.81,,,,,
dataflow,ESTAT:NRG_IND_EI(1.0),Energy intensity,A,Annual,EI_GDP_PPS,Energy intensity of GDP in purchasing power standards (PPS),KGOE_TEUR_PPS,Kilograms of oil equivalent (KGOE) per thousand euro in purchasing power standards (PPS),PL,Poland,2013,,146.99,,,,,
dataflow,ESTAT:NRG_IND_EI(1.0),Energy intensity,A,Annual,EI_GDP_PPS,Energy intensity of GDP in purchasing power standards (PPS),KGOE_TEUR_PPS,Kilograms of oil equivalent (KGOE) per thousand euro in purchasing power standards (PPS),PL,Poland,2014,,136.87,,,,,
dataflow,ESTAT:NRG_IND_EI(1.0),Energy intensity,A,Annual,EI_GDP_PPS,Energy intensity of GDP in purchasing power standards (PPS),KGOE_TEUR_PPS,Kilograms of oil equivalent (KGOE) per thousand euro in purchasing power standards (PPS),PL,Poland,2015,,130.28,,,,,
dataflow,ESTAT:NRG_IND_EI(1.0),Energy intensity,A,Annual,EI_GDP_PPS,Energy intensity of GDP in purchasing power standards (PPS),KGOE_TEUR_PPS,Kilograms of oil equivalent (KGOE) per thousand euro in purchasing power standards (PPS),PL,Poland,2016,,134.68,,,,,
dataflow,ESTAT:NRG_IND_EI(1.0),Energy intensity,A,Annual,EI_GDP_PPS,Energy intensity of GDP in purchasing power standards (PPS),KGOE_TEUR_PPS,Kilograms of oil equivalent (KGOE) per thousand euro in purchasing power standards (PPS),PL,Poland,2017,,134.02,,,,,
dataflow,ESTAT:NRG_IND_EI(1.0),Energy intensity,A,Annual,EI_GDP_PPS,Energy intensity of GDP in purchasing power standards (PPS),KGOE_TEUR_PPS,Kilograms of oil equivalent (KGOE) per thousand euro in purchasing power standards (PPS),PL,Poland,2018,,132.39,,,,,
dataflow,ESTAT:NRG_IND_EI(1.0),Energy intensity,A,Annual,EI_GDP_PPS,Energy intensity of GDP in purchasing power standards (PPS),KGOE_TEUR_PPS,Kilograms of oil equivalent (KGOE) per thousand euro in purchasing power standards (PPS),PL,Poland,2019,,120.06,,,,,
dataflow,ESTAT:NRG_IND_EI(1.0),Energy intensity,A,Annual,EI_GDP_PPS,Energy intensity of GDP in purchasing power standards (PPS),KGOE_TEUR_PPS,Kilograms of oil equivalent (KGOE) per thousand euro in purchasing power standards (PPS),PL,Poland,2020,,116.18,,,,,
dataflow,ESTAT:NRG_IND_EI(1.0),Energy intensity,A,Annual,EI_GDP_PPS,Energy intensity of GDP in purchasing power standards (PPS),KGOE_TEUR_PPS,Kilograms of oil equivalent (KGOE) per thousand euro in purchasing power standards (PPS),PL,Poland,2021,,113.50,,,,,
dataflow,ESTAT:NRG_IND_EI(1.0),Energy intensity,A,Annual,EI_GDP_PPS,Energy intensity of GDP in purchasing power standards (PPS),KGOE_TEUR_PPS,Kilograms of oil equivalent (KGOE) per thousand euro in purchasing power standards (PPS),PL,Poland,2022,,98.52,,,,,
dataflow,ESTAT:NRG_IND_EI(1.0),Energy intensity,A,Annual,EI_GDP_PPS,Energy intensity of GDP in purchasing power standards (PPS),KGOE_TEUR_PPS,Kilograms of oil equivalent (KGOE) per thousand euro in purchasing power standards (PPS),PL,Poland,2023,,88.71,,,,,
dataflow,ESTAT:NRG_IND_EI(1.0),Energy intensity,A,Annual,EI_GDP_PPS,Energy intensity of GDP in purchasing power standards (PPS),KGOE_TEUR_PPS,Kilograms of oil equivalent (KGOE) per thousand euro in purchasing power standards (PPS),PL,Poland,2024,,83.59,,,,,
dataflow,ESTAT:NRG_IND_EI(1.0),Energy intensity,A,Annual,EI_GDP_PPS,Energy intensity of GDP in purchasing power standards (PPS),KGOE_TEUR_PPS,Kilograms of oil equivalent (KGOE) per thousand euro in purchasing power standards (PPS),PT,Portugal,1995,,175.38,,,,,
dataflow,ESTAT:NRG_IND_EI(1.0),Energy intensity,A,Annual,EI_GDP_PPS,Energy intensity of GDP in purchasing power standards (PPS),KGOE_TEUR_PPS,Kilograms of oil equivalent (KGOE) per thousand euro in purchasing power standards (PPS),PT,Portugal,1996,,165.39,,,,,
dataflow,ESTAT:NRG_IND_EI(1.0),Energy intensity,A,Annual,EI_GDP_PPS,Energy intensity of GDP in purchasing power standards (PPS),KGOE_TEUR_PPS,Kilograms of oil equivalent (KGOE) per thousand euro in purchasing power standards (PPS),PT,Portugal,1997,,165.76,,,,,
dataflow,ESTAT:NRG_IND_EI(1.0),Energy intensity,A,Annual,EI_GDP_PPS,Energy intensity of GDP in purchasing power standards (PPS),KGOE_TEUR_PPS,Kilograms of oil equivalent (KGOE) per thousand euro in purchasing power standards (PPS),PT,Portugal,1998,,168.65,,,,,
dataflow,ESTAT:NRG_IND_EI(1.0),Energy intensity,A,Annual,EI_GDP_PPS,Energy intensity of GDP in purchasing power standards (PPS),KGOE_TEUR_PPS,Kilograms of oil equivalent (KGOE) per thousand euro in purchasing power standards (PPS),PT,Portugal,1999,,170.30,,,,,
dataflow,ESTAT:NRG_IND_EI(1.0),Energy intensity,A,Annual,EI_GDP_PPS,Energy intensity of GDP in purchasing power standards (PPS),KGOE_TEUR_PPS,Kilograms of oil equivalent (KGOE) per thousand euro in purchasing power standards (PPS),PT,Portugal,2000,,161.38,,,,,
dataflow,ESTAT:NRG_IND_EI(1.0),Energy intensity,A,Annual,EI_GDP_PPS,Energy intensity of GDP in purchasing power standards (PPS),KGOE_TEUR_PPS,Kilograms of oil equivalent (KGOE) per thousand euro in purchasing power standards (PPS),PT,Portugal,2001,,155.37,,,,,
dataflow,ESTAT:NRG_IND_EI(1.0),Energy intensity,A,Annual,EI_GDP_PPS,Energy intensity of GDP in purchasing power standards (PPS),KGOE_TEUR_PPS,Kilograms of oil equivalent (KGOE) per thousand euro in purchasing power standards (PPS),PT,Portugal,2002,,155.79,,,,,
dataflow,ESTAT:NRG_IND_EI(1.0),Energy intensity,A,Annual,EI_GDP_PPS,Energy intensity of GDP in purchasing power standards (PPS),KGOE_TEUR_PPS,Kilograms of oil equivalent (KGOE) per thousand euro in purchasing power standards (PPS),PT,Portugal,2003,,147.92,,,,,
dataflow,ESTAT:NRG_IND_EI(1.0),Energy intensity,A,Annual,EI_GDP_PPS,Energy intensity of GDP in purchasing power standards (PPS),KGOE_TEUR_PPS,Kilograms of oil equivalent (KGOE) per thousand euro in purchasing power standards (PPS),PT,Portugal,2004,,148.96,,,,,
dataflow,ESTAT:NRG_IND_EI(1.0),Energy intensity,A,Annual,EI_GDP_PPS,Energy intensity of GDP in purchasing power standards (PPS),KGOE_TEUR_PPS,Kilograms of oil equivalent (KGOE) per thousand euro in purchasing power standards (PPS),PT,Portugal,2005,,143.29,,,,,
dataflow,ESTAT:NRG_IND_EI(1.0),Energy intensity,A,Annual,EI_GDP_PPS,Energy intensity of GDP in purchasing power standards (PPS),KGOE_TEUR_PPS,Kilograms of oil equivalent (KGOE) per thousand euro in purchasing power standards (PPS),PT,Portugal,2006,,129.55,,,,,
dataflow,ESTAT:NRG_IND_EI(1.0),Energy intensity,A,Annual,EI_GDP_PPS,Energy intensity of GDP in purchasing power standards (PPS),KGOE_TEUR_PPS,Kilograms of oil equivalent (KGOE) per thousand euro in purchasing power standards (PPS),PT,Portugal,2007,,124.58,,,,,
dataflow,ESTAT:NRG_IND_EI(1.0),Energy intensity,A,Annual,EI_GDP_PPS,Energy intensity of GDP in purchasing power standards (PPS),KGOE_TEUR_PPS,Kilograms of oil equivalent (KGOE) per thousand euro in purchasing power standards (PPS),PT,Portugal,2008,,119.53,,,,,
dataflow,ESTAT:NRG_IND_EI(1.0),Energy intensity,A,Annual,EI_GDP_PPS,Energy intensity of GDP in purchasing power standards (PPS),KGOE_TEUR_PPS,Kilograms of oil equivalent (KGOE) per thousand euro in purchasing power standards (PPS),PT,Portugal,2009,,121.47,,,,,
dataflow,ESTAT:NRG_IND_EI(1.0),Energy intensity,A,Annual,EI_GDP_PPS,Energy intensity of GDP in purchasing power standards (PPS),KGOE_TEUR_PPS,Kilograms of oil equivalent (KGOE) per thousand euro in purchasing power standards (PPS),PT,Portugal,2010,,113.71,,,,,
dataflow,ESTAT:NRG_IND_EI(1.0),Energy intensity,A,Annual,EI_GDP_PPS,Energy intensity of GDP in purchasing power standards (PPS),KGOE_TEUR_PPS,Kilograms of oil equivalent (KGOE) per thousand euro in purchasing power standards (PPS),PT,Portugal,2011,,115.37,,,,,
dataflow,ESTAT:NRG_IND_EI(1.0),Energy intensity,A,Annual,EI_GDP_PPS,Energy intensity of GDP in purchasing power standards (PPS),KGOE_TEUR_PPS,Kilograms of oil equivalent (KGOE) per thousand euro in purchasing power standards (PPS),PT,Portugal,2012,,111.71,,,,,
dataflow,ESTAT:NRG_IND_EI(1.0),Energy intensity,A,Annual,EI_GDP_PPS,Energy intensity of GDP in purchasing power standards (PPS),KGOE_TEUR_PPS,Kilograms of oil equivalent (KGOE) per thousand euro in purchasing power standards (PPS),PT,Portugal,2013,,109.15,,,,,
dataflow,ESTAT:NRG_IND_EI(1.0),Energy intensity,A,Annual,EI_GDP_PPS,Energy intensity of GDP in purchasing power standards (PPS),KGOE_TEUR_PPS,Kilograms of oil equivalent (KGOE) per thousand euro in purchasing power standards (PPS),PT,Portugal,2014,,108.75,,,,,
dataflow,ESTAT:NRG_IND_EI(1.0),Energy intensity,A,Annual,EI_GDP_PPS,Energy intensity of GDP in purchasing power standards (PPS),KGOE_TEUR_PPS,Kilograms of oil equivalent (KGOE) per thousand euro in purchasing power standards (PPS),PT,Portugal,2015,,109.88,,,,,
dataflow,ESTAT:NRG_IND_EI(1.0),Energy intensity,A,Annual,EI_GDP_PPS,Energy intensity of GDP in purchasing power standards (PPS),KGOE_TEUR_PPS,Kilograms of oil equivalent (KGOE) per thousand euro in purchasing power standards (PPS),PT,Portugal,2016,,107.18,,,,,
dataflow,ESTAT:NRG_IND_EI(1.0),Energy intensity,A,Annual,EI_GDP_PPS,Energy intensity of GDP in purchasing power standards (PPS),KGOE_TEUR_PPS,Kilograms of oil equivalent (KGOE) per thousand euro in purchasing power standards (PPS),PT,Portugal,2017,,108.97,,,,,
dataflow,ESTAT:NRG_IND_EI(1.0),Energy intensity,A,Annual,EI_GDP_PPS,Energy intensity of GDP in purchasing power standards (PPS),KGOE_TEUR_PPS,Kilograms of oil equivalent (KGOE) per thousand euro in purchasing power standards (PPS),PT,Portugal,2018,,102.08,,,,,
dataflow,ESTAT:NRG_IND_EI(1.0),Energy intensity,A,Annual,EI_GDP_PPS,Energy intensity of GDP in purchasing power standards (PPS),KGOE_TEUR_PPS,Kilograms of oil equivalent (KGOE) per thousand euro in purchasing power standards (PPS),PT,Portugal,2019,,98.13,,,,,
dataflow,ESTAT:NRG_IND_EI(1.0),Energy intensity,A,Annual,EI_GDP_PPS,Energy intensity of GDP in purchasing power standards (PPS),KGOE_TEUR_PPS,Kilograms of oil equivalent (KGOE) per thousand euro in purchasing power standards (PPS),PT,Portugal,2020,,93.35,,,,,
dataflow,ESTAT:NRG_IND_EI(1.0),Energy intensity,A,Annual,EI_GDP_PPS,Energy intensity of GDP in purchasing power standards (PPS),KGOE_TEUR_PPS,Kilograms of oil equivalent (KGOE) per thousand euro in purchasing power standards (PPS),PT,Portugal,2021,,86.90,,,,,
dataflow,ESTAT:NRG_IND_EI(1.0),Energy intensity,A,Annual,EI_GDP_PPS,Energy intensity of GDP in purchasing power standards (PPS),KGOE_TEUR_PPS,Kilograms of oil equivalent (KGOE) per thousand euro in purchasing power standards (PPS),PT,Portugal,2022,,79.90,,,,,
dataflow,ESTAT:NRG_IND_EI(1.0),Energy intensity,A,Annual,EI_GDP_PPS,Energy intensity of GDP in purchasing power standards (PPS),KGOE_TEUR_PPS,Kilograms of oil equivalent (KGOE) per thousand euro in purchasing power standards (PPS),PT,Portugal,2023,,68.92,,,,,
dataflow,ESTAT:NRG_IND_EI(1.0),Energy intensity,A,Annual,EI_GDP_PPS,Energy intensity of GDP in purchasing power standards (PPS),KGOE_TEUR_PPS,Kilograms of oil equivalent (KGOE) per thousand euro in purchasing power standards (PPS),PT,Portugal,2024,,63.59,,,,,
dataflow,ESTAT:NRG_IND_EI(1.0),Energy intensity,A,Annual,EI_GDP_PPS,Energy intensity of GDP in purchasing power standards (PPS),KGOE_TEUR_PPS,Kilograms of oil equivalent (KGOE) per thousand euro in purchasing power standards (PPS),RO,Romania,1995,,453.69,,,,,
dataflow,ESTAT:NRG_IND_EI(1.0),Energy intensity,A,Annual,EI_GDP_PPS,Energy intensity of GDP in purchasing power standards (PPS),KGOE_TEUR_PPS,Kilograms of oil equivalent (KGOE) per thousand euro in purchasing power standards (PPS),RO,Romania,1996,,435.46,,,,,
dataflow,ESTAT:NRG_IND_EI(1.0),Energy intensity,A,Annual,EI_GDP_PPS,Energy intensity of GDP in purchasing power standards (PPS),KGOE_TEUR_PPS,Kilograms of oil equivalent (KGOE) per thousand euro in purchasing power standards (PPS),RO,Romania,1997,,428.76,,,,,
dataflow,ESTAT:NRG_IND_EI(1.0),Energy intensity,A,Annual,EI_GDP_PPS,Energy intensity of GDP in purchasing power standards (PPS),KGOE_TEUR_PPS,Kilograms of oil equivalent (KGOE) per thousand euro in purchasing power standards (PPS),RO,Romania,1998,,397.14,,,,,
dataflow,ESTAT:NRG_IND_EI(1.0),Energy intensity,A,Annual,EI_GDP_PPS,Energy intensity of GDP in purchasing power standards (PPS),KGOE_TEUR_PPS,Kilograms of oil equivalent (KGOE) per thousand euro in purchasing power standards (PPS),RO,Romania,1999,,346.25,,,,,
dataflow,ESTAT:NRG_IND_EI(1.0),Energy intensity,A,Annual,EI_GDP_PPS,Energy intensity of GDP in purchasing power standards (PPS),KGOE_TEUR_PPS,Kilograms of oil equivalent (KGOE) per thousand euro in purchasing power standards (PPS),RO,Romania,2000,,337.07,,,,,
dataflow,ESTAT:NRG_IND_EI(1.0),Energy intensity,A,Annual,EI_GDP_PPS,Energy intensity of GDP in purchasing power standards (PPS),KGOE_TEUR_PPS,Kilograms of oil equivalent (KGOE) per thousand euro in purchasing power standards (PPS),RO,Romania,2001,,309.67,,,,,
dataflow,ESTAT:NRG_IND_EI(1.0),Energy intensity,A,Annual,EI_GDP_PPS,Energy intensity of GDP in purchasing power standards (PPS),KGOE_TEUR_PPS,Kilograms of oil equivalent (KGOE) per thousand euro in purchasing power standards (PPS),RO,Romania,2002,,300.30,,,,,
dataflow,ESTAT:NRG_IND_EI(1.0),Energy intensity,A,Annual,EI_GDP_PPS,Energy intensity of GDP in purchasing power standards (PPS),KGOE_TEUR_PPS,Kilograms of oil equivalent (KGOE) per thousand euro in purchasing power standards (PPS),RO,Romania,2003,,298.11,,,,,
dataflow,ESTAT:NRG_IND_EI(1.0),Energy intensity,A,Annual,EI_GDP_PPS,Energy intensity of GDP in purchasing power standards (PPS),KGOE_TEUR_PPS,Kilograms of oil equivalent (KGOE) per thousand euro in purchasing power standards (PPS),RO,Romania,2004,,249.68,,,,,
dataflow,ESTAT:NRG_IND_EI(1.0),Energy intensity,A,Annual,EI_GDP_PPS,Energy intensity of GDP in purchasing power standards (PPS),KGOE_TEUR_PPS,Kilograms of oil equivalent (KGOE) per thousand euro in purchasing power standards (PPS),RO,Romania,2005,,230.71,,,,,
dataflow,ESTAT:NRG_IND_EI(1.0),Energy intensity,A,Annual,EI_GDP_PPS,Energy intensity of GDP in purchasing power standards (PPS),KGOE_TEUR_PPS,Kilograms of oil equivalent (KGOE) per thousand euro in purchasing power standards (PPS),RO,Romania,2006,,205.91,,,,,
dataflow,ESTAT:NRG_IND_EI(1.0),Energy intensity,A,Annual,EI_GDP_PPS,Energy intensity of GDP in purchasing power standards (PPS),KGOE_TEUR_PPS,Kilograms of oil equivalent (KGOE) per thousand euro in purchasing power standards (PPS),RO,Romania,2007,,176.33,,,,,
dataflow,ESTAT:NRG_IND_EI(1.0),Energy intensity,A,Annual,EI_GDP_PPS,Energy intensity of GDP in purchasing power standards (PPS),KGOE_TEUR_PPS,Kilograms of oil equivalent (KGOE) per thousand euro in purchasing power standards (PPS),RO,Romania,2008,,148.38,,,,,
dataflow,ESTAT:NRG_IND_EI(1.0),Energy intensity,A,Annual,EI_GDP_PPS,Energy intensity of GDP in purchasing power standards (PPS),KGOE_TEUR_PPS,Kilograms of oil equivalent (KGOE) per thousand euro in purchasing power standards (PPS),RO,Romania,2009,,136.04,,,,,
dataflow,ESTAT:NRG_IND_EI(1.0),Energy intensity,A,Annual,EI_GDP_PPS,Energy intensity of GDP in purchasing power standards (PPS),KGOE_TEUR_PPS,Kilograms of oil equivalent (KGOE) per thousand euro in purchasing power standards (PPS),RO,Romania,2010,,131.65,,,,,
dataflow,ESTAT:NRG_IND_EI(1.0),Energy intensity,A,Annual,EI_GDP_PPS,Energy intensity of GDP in purchasing power standards (PPS),KGOE_TEUR_PPS,Kilograms of oil equivalent (KGOE) per thousand euro in purchasing power standards (PPS),RO,Romania,2011,,126.67,,,,,
dataflow,ESTAT:NRG_IND_EI(1.0),Energy intensity,A,Annual,EI_GDP_PPS,Energy intensity of GDP in purchasing power standards (PPS),KGOE_TEUR_PPS,Kilograms of oil equivalent (KGOE) per thousand euro in purchasing power standards (PPS),RO,Romania,2012,,119.29,,,,,
dataflow,ESTAT:NRG_IND_EI(1.0),Energy intensity,A,Annual,EI_GDP_PPS,Energy intensity of GDP in purchasing power standards (PPS),KGOE_TEUR_PPS,Kilograms of oil equivalent (KGOE) per thousand euro in purchasing power standards (PPS),RO,Romania,2013,,112.42,,,,,
dataflow,ESTAT:NRG_IND_EI(1.0),Energy intensity,A,Annual,EI_GDP_PPS,Energy intensity of GDP in purchasing power standards (PPS),KGOE_TEUR_PPS,Kilograms of oil equivalent (KGOE) per thousand euro in purchasing power standards (PPS),RO,Romania,2014,,107.55,,,,,
dataflow,ESTAT:NRG_IND_EI(1.0),Energy intensity,A,Annual,EI_GDP_PPS,Energy intensity of GDP in purchasing power standards (PPS),KGOE_TEUR_PPS,Kilograms of oil equivalent (KGOE) per thousand euro in purchasing power standards (PPS),RO,Romania,2015,,103.59,,,,,
dataflow,ESTAT:NRG_IND_EI(1.0),Energy intensity,A,Annual,EI_GDP_PPS,Energy intensity of GDP in purchasing power standards (PPS),KGOE_TEUR_PPS,Kilograms of oil equivalent (KGOE) per thousand euro in purchasing power standards (PPS),RO,Romania,2016,,97.28,,,,,
dataflow,ESTAT:NRG_IND_EI(1.0),Energy intensity,A,Annual,EI_GDP_PPS,Energy intensity of GDP in purchasing power standards (PPS),KGOE_TEUR_PPS,Kilograms of oil equivalent (KGOE) per thousand euro in purchasing power standards (PPS),RO,Romania,2017,,92.58,,,,,
dataflow,ESTAT:NRG_IND_EI(1.0),Energy intensity,A,Annual,EI_GDP_PPS,Energy intensity of GDP in purchasing power standards (PPS),KGOE_TEUR_PPS,Kilograms of oil equivalent (KGOE) per thousand euro in purchasing power standards (PPS),RO,Romania,2018,,86.62,,,,,
dataflow,ESTAT:NRG_IND_EI(1.0),Energy intensity,A,Annual,EI_GDP_PPS,Energy intensity of GDP in purchasing power standards (PPS),KGOE_TEUR_PPS,Kilograms of oil equivalent (KGOE) per thousand euro in purchasing power standards (PPS),RO,Romania,2019,,78.93,,,,,
dataflow,ESTAT:NRG_IND_EI(1.0),Energy intensity,A,Annual,EI_GDP_PPS,Energy intensity of GDP in purchasing power standards (PPS),KGOE_TEUR_PPS,Kilograms of oil equivalent (KGOE) per thousand euro in purchasing power standards (PPS),RO,Romania,2020,,76.67,,,,,
dataflow,ESTAT:NRG_IND_EI(1.0),Energy intensity,A,Annual,EI_GDP_PPS,Energy intensity of GDP in purchasing power standards (PPS),KGOE_TEUR_PPS,Kilograms of oil equivalent (KGOE) per thousand euro in purchasing power standards (PPS),RO,Romania,2021,,74.97,,,,,
dataflow,ESTAT:NRG_IND_EI(1.0),Energy intensity,A,Annual,EI_GDP_PPS,Energy intensity of GDP in purchasing power standards (PPS),KGOE_TEUR_PPS,Kilograms of oil equivalent (KGOE) per thousand euro in purchasing power standards (PPS),RO,Romania,2022,,64.16,,,,,
dataflow,ESTAT:NRG_IND_EI(1.0),Energy intensity,A,Annual,EI_GDP_PPS,Energy intensity of GDP in purchasing power standards (PPS),KGOE_TEUR_PPS,Kilograms of oil equivalent (KGOE) per thousand euro in purchasing power standards (PPS),RO,Romania,2023,,56.25,,,,,
dataflow,ESTAT:NRG_IND_EI(1.0),Energy intensity,A,Annual,EI_GDP_PPS,Energy intensity of GDP in purchasing power standards (PPS),KGOE_TEUR_PPS,Kilograms of oil equivalent (KGOE) per thousand euro in purchasing power standards (PPS),RO,Romania,2024,,52.28,,,,,
dataflow,ESTAT:NRG_IND_EI(1.0),Energy intensity,A,Annual,EI_GDP_PPS,Energy intensity of GDP in purchasing power standards (PPS),KGOE_TEUR_PPS,Kilograms of oil equivalent (KGOE) per thousand euro in purchasing power standards (PPS),RS,Serbia,2000,,338.81,,,,,
dataflow,ESTAT:NRG_IND_EI(1.0),Energy intensity,A,Annual,EI_GDP_PPS,Energy intensity of GDP in purchasing power standards (PPS),KGOE_TEUR_PPS,Kilograms of oil equivalent (KGOE) per thousand euro in purchasing power standards (PPS),RS,Serbia,2001,,350.09,,,,,
dataflow,ESTAT:NRG_IND_EI(1.0),Energy intensity,A,Annual,EI_GDP_PPS,Energy intensity of GDP in purchasing power standards (PPS),KGOE_TEUR_PPS,Kilograms of oil equivalent (KGOE) per thousand euro in purchasing power standards (PPS),RS,Serbia,2002,,339.62,,,,,
dataflow,ESTAT:NRG_IND_EI(1.0),Energy intensity,A,Annual,EI_GDP_PPS,Energy intensity of GDP in purchasing power standards (PPS),KGOE_TEUR_PPS,Kilograms of oil equivalent (KGOE) per thousand euro in purchasing power standards (PPS),RS,Serbia,2003,,336.87,,,,,
dataflow,ESTAT:NRG_IND_EI(1.0),Energy intensity,A,Annual,EI_GDP_PPS,Energy intensity of GDP in purchasing power standards (PPS),KGOE_TEUR_PPS,Kilograms of oil equivalent (KGOE) per thousand euro in purchasing power standards (PPS),RS,Serbia,2004,,340.50,,,,,
dataflow,ESTAT:NRG_IND_EI(1.0),Energy intensity,A,Annual,EI_GDP_PPS,Energy intensity of GDP in purchasing power standards (PPS),KGOE_TEUR_PPS,Kilograms of oil equivalent (KGOE) per thousand euro in purchasing power standards (PPS),RS,Serbia,2005,,280.17,,,,,
dataflow,ESTAT:NRG_IND_EI(1.0),Energy intensity,A,Annual,EI_GDP_PPS,Energy intensity of GDP in purchasing power standards (PPS),KGOE_TEUR_PPS,Kilograms of oil equivalent (KGOE) per thousand euro in purchasing power standards (PPS),RS,Serbia,2006,,276.72,,,,,
dataflow,ESTAT:NRG_IND_EI(1.0),Energy intensity,A,Annual,EI_GDP_PPS,Energy intensity of GDP in purchasing power standards (PPS),KGOE_TEUR_PPS,Kilograms of oil equivalent (KGOE) per thousand euro in purchasing power standards (PPS),RS,Serbia,2007,,243.76,,,,,
dataflow,ESTAT:NRG_IND_EI(1.0),Energy intensity,A,Annual,EI_GDP_PPS,Energy intensity of GDP in purchasing power standards (PPS),KGOE_TEUR_PPS,Kilograms of oil equivalent (KGOE) per thousand euro in purchasing power standards (PPS),RS,Serbia,2008,,225.43,,,,,
dataflow,ESTAT:NRG_IND_EI(1.0),Energy intensity,A,Annual,EI_GDP_PPS,Energy intensity of GDP in purchasing power standards (PPS),KGOE_TEUR_PPS,Kilograms of oil equivalent (KGOE) per thousand euro in purchasing power standards (PPS),RS,Serbia,2009,,211.37,,,,,
dataflow,ESTAT:NRG_IND_EI(1.0),Energy intensity,A,Annual,EI_GDP_PPS,Energy intensity of GDP in purchasing power standards (PPS),KGOE_TEUR_PPS,Kilograms of oil equivalent (KGOE) per thousand euro in purchasing power standards (PPS),RS,Serbia,2010,,212.27,,,,,
dataflow,ESTAT:NRG_IND_EI(1.0),Energy intensity,A,Annual,EI_GDP_PPS,Energy intensity of GDP in purchasing power standards (PPS),KGOE_TEUR_PPS,Kilograms of oil equivalent (KGOE) per thousand euro in purchasing power standards (PPS),RS,Serbia,2011,,211.72,,,,,
dataflow,ESTAT:NRG_IND_EI(1.0),Energy intensity,A,Annual,EI_GDP_PPS,Energy intensity of GDP in purchasing power standards (PPS),KGOE_TEUR_PPS,Kilograms of oil equivalent (KGOE) per thousand euro in purchasing power standards (PPS),RS,Serbia,2012,,189.39,,,,,
dataflow,ESTAT:NRG_IND_EI(1.0),Energy intensity,A,Annual,EI_GDP_PPS,Energy intensity of GDP in purchasing power standards (PPS),KGOE_TEUR_PPS,Kilograms of oil equivalent (KGOE) per thousand euro in purchasing power standards (PPS),RS,Serbia,2013,,189.55,,,,,
dataflow,ESTAT:NRG_IND_EI(1.0),Energy intensity,A,Annual,EI_GDP_PPS,Energy intensity of GDP in purchasing power standards (PPS),KGOE_TEUR_PPS,Kilograms of oil equivalent (KGOE) per thousand euro in purchasing power standards (PPS),RS,Serbia,2014,,171.05,,,,,
dataflow,ESTAT:NRG_IND_EI(1.0),Energy intensity,A,Annual,EI_GDP_PPS,Energy intensity of GDP in purchasing power standards (PPS),KGOE_TEUR_PPS,Kilograms of oil equivalent (KGOE) per thousand euro in purchasing power standards (PPS),RS,Serbia,2015,,187.02,,,,,
dataflow,ESTAT:NRG_IND_EI(1.0),Energy intensity,A,Annual,EI_GDP_PPS,Energy intensity of GDP in purchasing power standards (PPS),KGOE_TEUR_PPS,Kilograms of oil equivalent (KGOE) per thousand euro in purchasing power standards (PPS),RS,Serbia,2016,,191.53,,,,,
dataflow,ESTAT:NRG_IND_EI(1.0),Energy intensity,A,Annual,EI_GDP_PPS,Energy intensity of GDP in purchasing power standards (PPS),KGOE_TEUR_PPS,Kilograms of oil equivalent (KGOE) per thousand euro in purchasing power standards (PPS),RS,Serbia,2017,,189.10,,,,,
dataflow,ESTAT:NRG_IND_EI(1.0),Energy intensity,A,Annual,EI_GDP_PPS,Energy intensity of GDP in purchasing power standards (PPS),KGOE_TEUR_PPS,Kilograms of oil equivalent (KGOE) per thousand euro in purchasing power standards (PPS),RS,Serbia,2018,,177.75,,,,,
dataflow,ESTAT:NRG_IND_EI(1.0),Energy intensity,A,Annual,EI_GDP_PPS,Energy intensity of GDP in purchasing power standards (PPS),KGOE_TEUR_PPS,Kilograms of oil equivalent (KGOE) per thousand euro in purchasing power standards (PPS),RS,Serbia,2019,,165.96,,,,,
dataflow,ESTAT:NRG_IND_EI(1.0),Energy intensity,A,Annual,EI_GDP_PPS,Energy intensity of GDP in purchasing power standards (PPS),KGOE_TEUR_PPS,Kilograms of oil equivalent (KGOE) per thousand euro in purchasing power standards (PPS),RS,Serbia,2020,,172.40,,,,,
dataflow,ESTAT:NRG_IND_EI(1.0),Energy intensity,A,Annual,EI_GDP_PPS,Energy intensity of GDP in purchasing power standards (PPS),KGOE_TEUR_PPS,Kilograms of oil equivalent (KGOE) per thousand euro in purchasing power standards (PPS),RS,Serbia,2021,,159.20,,,,,
dataflow,ESTAT:NRG_IND_EI(1.0),Energy intensity,A,Annual,EI_GDP_PPS,Energy intensity of GDP in purchasing power standards (PPS),KGOE_TEUR_PPS,Kilograms of oil equivalent (KGOE) per thousand euro in purchasing power standards (PPS),RS,Serbia,2022,,152.80,,,,,
dataflow,ESTAT:NRG_IND_EI(1.0),Energy intensity,A,Annual,EI_GDP_PPS,Energy intensity of GDP in purchasing power standards (PPS),KGOE_TEUR_PPS,Kilograms of oil equivalent (KGOE) per thousand euro in purchasing power standards (PPS),RS,Serbia,2023,,129.64,,,,,
dataflow,ESTAT:NRG_IND_EI(1.0),Energy intensity,A,Annual,EI_GDP_PPS,Energy intensity of GDP in purchasing power standards (PPS),KGOE_TEUR_PPS,Kilograms of oil equivalent (KGOE) per thousand euro in purchasing power standards (PPS),RS,Serbia,2024,,117.67,,,,,
dataflow,ESTAT:NRG_IND_EI(1.0),Energy intensity,A,Annual,EI_GDP_PPS,Energy intensity of GDP in purchasing power standards (PPS),KGOE_TEUR_PPS,Kilograms of oil equivalent (KGOE) per thousand euro in purchasing power standards (PPS),SE,Sweden,1995,,301.63,,,,,
dataflow,ESTAT:NRG_IND_EI(1.0),Energy intensity,A,Annual,EI_GDP_PPS,Energy intensity of GDP in purchasing power standards (PPS),KGOE_TEUR_PPS,Kilograms of oil equivalent (KGOE) per thousand euro in purchasing power standards (PPS),SE,Sweden,1996,,293.56,,,,,
dataflow,ESTAT:NRG_IND_EI(1.0),Energy intensity,A,Annual,EI_GDP_PPS,Energy intensity of GDP in purchasing power standards (PPS),KGOE_TEUR_PPS,Kilograms of oil equivalent (KGOE) per thousand euro in purchasing power standards (PPS),SE,Sweden,1997,,281.12,,,,,
dataflow,ESTAT:NRG_IND_EI(1.0),Energy intensity,A,Annual,EI_GDP_PPS,Energy intensity of GDP in purchasing power standards (PPS),KGOE_TEUR_PPS,Kilograms of oil equivalent (KGOE) per thousand euro in purchasing power standards (PPS),SE,Sweden,1998,,276.33,,,,,
dataflow,ESTAT:NRG_IND_EI(1.0),Energy intensity,A,Annual,EI_GDP_PPS,Energy intensity of GDP in purchasing power standards (PPS),KGOE_TEUR_PPS,Kilograms of oil equivalent (KGOE) per thousand euro in purchasing power standards (PPS),SE,Sweden,1999,,254.33,,,,,
dataflow,ESTAT:NRG_IND_EI(1.0),Energy intensity,A,Annual,EI_GDP_PPS,Energy intensity of GDP in purchasing power standards (PPS),KGOE_TEUR_PPS,Kilograms of oil equivalent (KGOE) per thousand euro in purchasing power standards (PPS),SE,Sweden,2000,,224.67,,,,,
dataflow,ESTAT:NRG_IND_EI(1.0),Energy intensity,A,Annual,EI_GDP_PPS,Energy intensity of GDP in purchasing power standards (PPS),KGOE_TEUR_PPS,Kilograms of oil equivalent (KGOE) per thousand euro in purchasing power standards (PPS),SE,Sweden,2001,,235.92,,,,,
dataflow,ESTAT:NRG_IND_EI(1.0),Energy intensity,A,Annual,EI_GDP_PPS,Energy intensity of GDP in purchasing power standards (PPS),KGOE_TEUR_PPS,Kilograms of oil equivalent (KGOE) per thousand euro in purchasing power standards (PPS),SE,Sweden,2002,,233.41,,,,,
dataflow,ESTAT:NRG_IND_EI(1.0),Energy intensity,A,Annual,EI_GDP_PPS,Energy intensity of GDP in purchasing power standards (PPS),KGOE_TEUR_PPS,Kilograms of oil equivalent (KGOE) per thousand euro in purchasing power standards (PPS),SE,Sweden,2003,,223.30,,,,,
dataflow,ESTAT:NRG_IND_EI(1.0),Energy intensity,A,Annual,EI_GDP_PPS,Energy intensity of GDP in purchasing power standards (PPS),KGOE_TEUR_PPS,Kilograms of oil equivalent (KGOE) per thousand euro in purchasing power standards (PPS),SE,Sweden,2004,,219.65,,,,,
dataflow,ESTAT:NRG_IND_EI(1.0),Energy intensity,A,Annual,EI_GDP_PPS,Energy intensity of GDP in purchasing power standards (PPS),KGOE_TEUR_PPS,Kilograms of oil equivalent (KGOE) per thousand euro in purchasing power standards (PPS),SE,Sweden,2005,,210.90,,,,,
dataflow,ESTAT:NRG_IND_EI(1.0),Energy intensity,A,Annual,EI_GDP_PPS,Energy intensity of GDP in purchasing power standards (PPS),KGOE_TEUR_PPS,Kilograms of oil equivalent (KGOE) per thousand euro in purchasing power standards (PPS),SE,Sweden,2006,,191.88,,,,,
dataflow,ESTAT:NRG_IND_EI(1.0),Energy intensity,A,Annual,EI_GDP_PPS,Energy intensity of GDP in purchasing power standards (PPS),KGOE_TEUR_PPS,Kilograms of oil equivalent (KGOE) per thousand euro in purchasing power standards (PPS),SE,Sweden,2007,,176.15,,,,,
dataflow,ESTAT:NRG_IND_EI(1.0),Energy intensity,A,Annual,EI_GDP_PPS,Energy intensity of GDP in purchasing power standards (PPS),KGOE_TEUR_PPS,Kilograms of oil equivalent (KGOE) per thousand euro in purchasing power standards (PPS),SE,Sweden,2008,,172.23,,,,,
dataflow,ESTAT:NRG_IND_EI(1.0),Energy intensity,A,Annual,EI_GDP_PPS,Energy intensity of GDP in purchasing power standards (PPS),KGOE_TEUR_PPS,Kilograms of oil equivalent (KGOE) per thousand euro in purchasing power standards (PPS),SE,Sweden,2009,,166.77,,,,,
dataflow,ESTAT:NRG_IND_EI(1.0),Energy intensity,A,Annual,EI_GDP_PPS,Energy intensity of GDP in purchasing power standards (PPS),KGOE_TEUR_PPS,Kilograms of oil equivalent (KGOE) per thousand euro in purchasing power standards (PPS),SE,Sweden,2010,,175.99,,,,,
dataflow,ESTAT:NRG_IND_EI(1.0),Energy intensity,A,Annual,EI_GDP_PPS,Energy intensity of GDP in purchasing power standards (PPS),KGOE_TEUR_PPS,Kilograms of oil equivalent (KGOE) per thousand euro in purchasing power standards (PPS),SE,Sweden,2011,,168.37,,,,,
dataflow,ESTAT:NRG_IND_EI(1.0),Energy intensity,A,Annual,EI_GDP_PPS,Energy intensity of GDP in purchasing power standards (PPS),KGOE_TEUR_PPS,Kilograms of oil equivalent (KGOE) per thousand euro in purchasing power standards (PPS),SE,Sweden,2012,,164.88,,,,,
dataflow,ESTAT:NRG_IND_EI(1.0),Energy intensity,A,Annual,EI_GDP_PPS,Energy intensity of GDP in purchasing power standards (PPS),KGOE_TEUR_PPS,Kilograms of oil equivalent (KGOE) per thousand euro in purchasing power standards (PPS),SE,Sweden,2013,,161.22,,,,,
dataflow,ESTAT:NRG_IND_EI(1.0),Energy intensity,A,Annual,EI_GDP_PPS,Energy intensity of GDP in purchasing power standards (PPS),KGOE_TEUR_PPS,Kilograms of oil equivalent (KGOE) per thousand euro in purchasing power standards (PPS),SE,Sweden,2014,,156.79,,,,,
dataflow,ESTAT:NRG_IND_EI(1.0),Energy intensity,A,Annual,EI_GDP_PPS,Energy intensity of GDP in purchasing power standards (PPS),KGOE_TEUR_PPS,Kilograms of oil equivalent (KGOE) per thousand euro in purchasing power standards (PPS),SE,Sweden,2015,,142.19,,,,,
dataflow,ESTAT:NRG_IND_EI(1.0),Energy intensity,A,Annual,EI_GDP_PPS,Energy intensity of GDP in purchasing power standards (PPS),KGOE_TEUR_PPS,Kilograms of oil equivalent (KGOE) per thousand euro in purchasing power standards (PPS),SE,Sweden,2016,,147.74,,,,,
dataflow,ESTAT:NRG_IND_EI(1.0),Energy intensity,A,Annual,EI_GDP_PPS,Energy intensity of GDP in purchasing power standards (PPS),KGOE_TEUR_PPS,Kilograms of oil equivalent (KGOE) per thousand euro in purchasing power standards (PPS),SE,Sweden,2017,,148.31,,,,,
dataflow,ESTAT:NRG_IND_EI(1.0),Energy intensity,A,Annual,EI_GDP_PPS,Energy intensity of GDP in purchasing power standards (PPS),KGOE_TEUR_PPS,Kilograms of oil equivalent (KGOE) per thousand euro in purchasing power standards (PPS),SE,Sweden,2018,,144.61,,,,,
dataflow,ESTAT:NRG_IND_EI(1.0),Energy intensity,A,Annual,EI_GDP_PPS,Energy intensity of GDP in purchasing power standards (PPS),KGOE_TEUR_PPS,Kilograms of oil equivalent (KGOE) per thousand euro in purchasing power standards (PPS),SE,Sweden,2019,,136.06,,,,,
dataflow,ESTAT:NRG_IND_EI(1.0),Energy intensity,A,Annual,EI_GDP_PPS,Energy intensity of GDP in purchasing power standards (PPS),KGOE_TEUR_PPS,Kilograms of oil equivalent (KGOE) per thousand euro in purchasing power standards (PPS),SE,Sweden,2020,,124.71,,,,,
dataflow,ESTAT:NRG_IND_EI(1.0),Energy intensity,A,Annual,EI_GDP_PPS,Energy intensity of GDP in purchasing power standards (PPS),KGOE_TEUR_PPS,Kilograms of oil equivalent (KGOE) per thousand euro in purchasing power standards (PPS),SE,Sweden,2021,,120.32,,,,,
dataflow,ESTAT:NRG_IND_EI(1.0),Energy intensity,A,Annual,EI_GDP_PPS,Energy intensity of GDP in purchasing power standards (PPS),KGOE_TEUR_PPS,Kilograms of oil equivalent (KGOE) per thousand euro in purchasing power standards (PPS),SE,Sweden,2022,,111.27,,,,,
dataflow,ESTAT:NRG_IND_EI(1.0),Energy intensity,A,Annual,EI_GDP_PPS,Energy intensity of GDP in purchasing power standards (PPS),KGOE_TEUR_PPS,Kilograms of oil equivalent (KGOE) per thousand euro in purchasing power standards (PPS),SE,Sweden,2023,,104.21,,,,,
dataflow,ESTAT:NRG_IND_EI(1.0),Energy intensity,A,Annual,EI_GDP_PPS,Energy intensity of GDP in purchasing power standards (PPS),KGOE_TEUR_PPS,Kilograms of oil equivalent (KGOE) per thousand euro in purchasing power standards (PPS),SE,Sweden,2024,,100.01,,,,,
dataflow,ESTAT:NRG_IND_EI(1.0),Energy intensity,A,Annual,EI_GDP_PPS,Energy intensity of GDP in purchasing power standards (PPS),KGOE_TEUR_PPS,Kilograms of oil equivalent (KGOE) per thousand euro in purchasing power standards (PPS),SI,Slovenia,1995,,268.08,,,,,
dataflow,ESTAT:NRG_IND_EI(1.0),Energy intensity,A,Annual,EI_GDP_PPS,Energy intensity of GDP in purchasing power standards (PPS),KGOE_TEUR_PPS,Kilograms of oil equivalent (KGOE) per thousand euro in purchasing power standards (PPS),SI,Slovenia,1996,,263.74,,,,,
dataflow,ESTAT:NRG_IND_EI(1.0),Energy intensity,A,Annual,EI_GDP_PPS,Energy intensity of GDP in purchasing power standards (PPS),KGOE_TEUR_PPS,Kilograms of oil equivalent (KGOE) per thousand euro in purchasing power standards (PPS),SI,Slovenia,1997,,260.30,,,,,
dataflow,ESTAT:NRG_IND_EI(1.0),Energy intensity,A,Annual,EI_GDP_PPS,Energy intensity of GDP in purchasing power standards (PPS),KGOE_TEUR_PPS,Kilograms of oil equivalent (KGOE) per thousand euro in purchasing power standards (PPS),SI,Slovenia,1998,,245.54,,,,,
dataflow,ESTAT:NRG_IND_EI(1.0),Energy intensity,A,Annual,EI_GDP_PPS,Energy intensity of GDP in purchasing power standards (PPS),KGOE_TEUR_PPS,Kilograms of oil equivalent (KGOE) per thousand euro in purchasing power standards (PPS),SI,Slovenia,1999,,229.30,,,,,
dataflow,ESTAT:NRG_IND_EI(1.0),Energy intensity,A,Annual,EI_GDP_PPS,Energy intensity of GDP in purchasing power standards (PPS),KGOE_TEUR_PPS,Kilograms of oil equivalent (KGOE) per thousand euro in purchasing power standards (PPS),SI,Slovenia,2000,,221.99,,,,,
dataflow,ESTAT:NRG_IND_EI(1.0),Energy intensity,A,Annual,EI_GDP_PPS,Energy intensity of GDP in purchasing power standards (PPS),KGOE_TEUR_PPS,Kilograms of oil equivalent (KGOE) per thousand euro in purchasing power standards (PPS),SI,Slovenia,2001,,225.39,,,,,
dataflow,ESTAT:NRG_IND_EI(1.0),Energy intensity,A,Annual,EI_GDP_PPS,Energy intensity of GDP in purchasing power standards (PPS),KGOE_TEUR_PPS,Kilograms of oil equivalent (KGOE) per thousand euro in purchasing power standards (PPS),SI,Slovenia,2002,,213.63,,,,,
dataflow,ESTAT:NRG_IND_EI(1.0),Energy intensity,A,Annual,EI_GDP_PPS,Energy intensity of GDP in purchasing power standards (PPS),KGOE_TEUR_PPS,Kilograms of oil equivalent (KGOE) per thousand euro in purchasing power standards (PPS),SI,Slovenia,2003,,207.13,,,,,
dataflow,ESTAT:NRG_IND_EI(1.0),Energy intensity,A,Annual,EI_GDP_PPS,Energy intensity of GDP in purchasing power standards (PPS),KGOE_TEUR_PPS,Kilograms of oil equivalent (KGOE) per thousand euro in purchasing power standards (PPS),SI,Slovenia,2004,,197.96,,,,,
dataflow,ESTAT:NRG_IND_EI(1.0),Energy intensity,A,Annual,EI_GDP_PPS,Energy intensity of GDP in purchasing power standards (PPS),KGOE_TEUR_PPS,Kilograms of oil equivalent (KGOE) per thousand euro in purchasing power standards (PPS),SI,Slovenia,2005,,195.44,,,,,
dataflow,ESTAT:NRG_IND_EI(1.0),Energy intensity,A,Annual,EI_GDP_PPS,Energy intensity of GDP in purchasing power standards (PPS),KGOE_TEUR_PPS,Kilograms of oil equivalent (KGOE) per thousand euro in purchasing power standards (PPS),SI,Slovenia,2006,,184.82,,,,,
dataflow,ESTAT:NRG_IND_EI(1.0),Energy intensity,A,Annual,EI_GDP_PPS,Energy intensity of GDP in purchasing power standards (PPS),KGOE_TEUR_PPS,Kilograms of oil equivalent (KGOE) per thousand euro in purchasing power standards (PPS),SI,Slovenia,2007,,174.88,,,,,
dataflow,ESTAT:NRG_IND_EI(1.0),Energy intensity,A,Annual,EI_GDP_PPS,Energy intensity of GDP in purchasing power standards (PPS),KGOE_TEUR_PPS,Kilograms of oil equivalent (KGOE) per thousand euro in purchasing power standards (PPS),SI,Slovenia,2008,,174.93,,,,,
dataflow,ESTAT:NRG_IND_EI(1.0),Energy intensity,A,Annual,EI_GDP_PPS,Energy intensity of GDP in purchasing power standards (PPS),KGOE_TEUR_PPS,Kilograms of oil equivalent (KGOE) per thousand euro in purchasing power standards (PPS),SI,Slovenia,2009,,169.24,,,,,
dataflow,ESTAT:NRG_IND_EI(1.0),Energy intensity,A,Annual,EI_GDP_PPS,Energy intensity of GDP in purchasing power standards (PPS),KGOE_TEUR_PPS,Kilograms of oil equivalent (KGOE) per thousand euro in purchasing power standards (PPS),SI,Slovenia,2010,,170.02,,,,,
dataflow,ESTAT:NRG_IND_EI(1.0),Energy intensity,A,Annual,EI_GDP_PPS,Energy intensity of GDP in purchasing power standards (PPS),KGOE_TEUR_PPS,Kilograms of oil equivalent (KGOE) per thousand euro in purchasing power standards (PPS),SI,Slovenia,2011,,165.54,,,,,
dataflow,ESTAT:NRG_IND_EI(1.0),Energy intensity,A,Annual,EI_GDP_PPS,Energy intensity of GDP in purchasing power standards (PPS),KGOE_TEUR_PPS,Kilograms of oil equivalent (KGOE) per thousand euro in purchasing power standards (PPS),SI,Slovenia,2012,,160.32,,,,,
dataflow,ESTAT:NRG_IND_EI(1.0),Energy intensity,A,Annual,EI_GDP_PPS,Energy intensity of GDP in purchasing power standards (PPS),KGOE_TEUR_PPS,Kilograms of oil equivalent (KGOE) per thousand euro in purchasing power standards (PPS),SI,Slovenia,2013,,155.27,,,,,
dataflow,ESTAT:NRG_IND_EI(1.0),Energy intensity,A,Annual,EI_GDP_PPS,Energy intensity of GDP in purchasing power standards (PPS),KGOE_TEUR_PPS,Kilograms of oil equivalent (KGOE) per thousand euro in purchasing power standards (PPS),SI,Slovenia,2014,,146.31,,,,,
dataflow,ESTAT:NRG_IND_EI(1.0),Energy intensity,A,Annual,EI_GDP_PPS,Energy intensity of GDP in purchasing power standards (PPS),KGOE_TEUR_PPS,Kilograms of oil equivalent (KGOE) per thousand euro in purchasing power standards (PPS),SI,Slovenia,2015,,141.30,,,,,
dataflow,ESTAT:NRG_IND_EI(1.0),Energy intensity,A,Annual,EI_GDP_PPS,Energy intensity of GDP in purchasing power standards (PPS),KGOE_TEUR_PPS,Kilograms of oil equivalent (KGOE) per thousand euro in purchasing power standards (PPS),SI,Slovenia,2016,,142.06,,,,,
dataflow,ESTAT:NRG_IND_EI(1.0),Energy intensity,A,Annual,EI_GDP_PPS,Energy intensity of GDP in purchasing power standards (PPS),KGOE_TEUR_PPS,Kilograms of oil equivalent (KGOE) per thousand euro in purchasing power standards (PPS),SI,Slovenia,2017,,137.70,,,,,
dataflow,ESTAT:NRG_IND_EI(1.0),Energy intensity,A,Annual,EI_GDP_PPS,Energy intensity of GDP in purchasing power standards (PPS),KGOE_TEUR_PPS,Kilograms of oil equivalent (KGOE) per thousand euro in purchasing power standards (PPS),SI,Slovenia,2018,,130.40,,,,,
dataflow,ESTAT:NRG_IND_EI(1.0),Energy intensity,A,Annual,EI_GDP_PPS,Energy intensity of GDP in purchasing power standards (PPS),KGOE_TEUR_PPS,Kilograms of oil equivalent (KGOE) per thousand euro in purchasing power standards (PPS),SI,Slovenia,2019,,120.48,,,,,
dataflow,ESTAT:NRG_IND_EI(1.0),Energy intensity,A,Annual,EI_GDP_PPS,Energy intensity of GDP in purchasing power standards (PPS),KGOE_TEUR_PPS,Kilograms of oil equivalent (KGOE) per thousand euro in purchasing power standards (PPS),SI,Slovenia,2020,,115.11,,,,,
dataflow,ESTAT:NRG_IND_EI(1.0),Energy intensity,A,Annual,EI_GDP_PPS,Energy intensity of GDP in purchasing power standards (PPS),KGOE_TEUR_PPS,Kilograms of oil equivalent (KGOE) per thousand euro in purchasing power standards (PPS),SI,Slovenia,2021,,107.41,,,,,
dataflow,ESTAT:NRG_IND_EI(1.0),Energy intensity,A,Annual,EI_GDP_PPS,Energy intensity of GDP in purchasing power standards (PPS),KGOE_TEUR_PPS,Kilograms of oil equivalent (KGOE) per thousand euro in purchasing power standards (PPS),SI,Slovenia,2022,,93.46,,,,,
dataflow,ESTAT:NRG_IND_EI(1.0),Energy intensity,A,Annual,EI_GDP_PPS,Energy intensity of GDP in purchasing power standards (PPS),KGOE_TEUR_PPS,Kilograms of oil equivalent (KGOE) per thousand euro in purchasing power standards (PPS),SI,Slovenia,2023,,81.76,,,,,
dataflow,ESTAT:NRG_IND_EI(1.0),Energy intensity,A,Annual,EI_GDP_PPS,Energy intensity of GDP in purchasing power standards (PPS),KGOE_TEUR_PPS,Kilograms of oil equivalent (KGOE) per thousand euro in purchasing power standards (PPS),SI,Slovenia,2024,,82.20,,,,,
dataflow,ESTAT:NRG_IND_EI(1.0),Energy intensity,A,Annual,EI_GDP_PPS,Energy intensity of GDP in purchasing power standards (PPS),KGOE_TEUR_PPS,Kilograms of oil equivalent (KGOE) per thousand euro in purchasing power standards (PPS),SK,Slovakia,1995,,449.42,,,,,
dataflow,ESTAT:NRG_IND_EI(1.0),Energy intensity,A,Annual,EI_GDP_PPS,Energy intensity of GDP in purchasing power standards (PPS),KGOE_TEUR_PPS,Kilograms of oil equivalent (KGOE) per thousand euro in purchasing power standards (PPS),SK,Slovakia,1996,,418.03,,,,,
dataflow,ESTAT:NRG_IND_EI(1.0),Energy intensity,A,Annual,EI_GDP_PPS,Energy intensity of GDP in purchasing power standards (PPS),KGOE_TEUR_PPS,Kilograms of oil equivalent (KGOE) per thousand euro in purchasing power standards (PPS),SK,Slovakia,1997,,396.38,,,,,
dataflow,ESTAT:NRG_IND_EI(1.0),Energy intensity,A,Annual,EI_GDP_PPS,Energy intensity of GDP in purchasing power standards (PPS),KGOE_TEUR_PPS,Kilograms of oil equivalent (KGOE) per thousand euro in purchasing power standards (PPS),SK,Slovakia,1998,,366.76,,,,,
dataflow,ESTAT:NRG_IND_EI(1.0),Energy intensity,A,Annual,EI_GDP_PPS,Energy intensity of GDP in purchasing power standards (PPS),KGOE_TEUR_PPS,Kilograms of oil equivalent (KGOE) per thousand euro in purchasing power standards (PPS),SK,Slovakia,1999,,364.53,,,,,
dataflow,ESTAT:NRG_IND_EI(1.0),Energy intensity,A,Annual,EI_GDP_PPS,Energy intensity of GDP in purchasing power standards (PPS),KGOE_TEUR_PPS,Kilograms of oil equivalent (KGOE) per thousand euro in purchasing power standards (PPS),SK,Slovakia,2000,,348.43,,,,,
dataflow,ESTAT:NRG_IND_EI(1.0),Energy intensity,A,Annual,EI_GDP_PPS,Energy intensity of GDP in purchasing power standards (PPS),KGOE_TEUR_PPS,Kilograms of oil equivalent (KGOE) per thousand euro in purchasing power standards (PPS),SK,Slovakia,2001,,335.91,,,,,
dataflow,ESTAT:NRG_IND_EI(1.0),Energy intensity,A,Annual,EI_GDP_PPS,Energy intensity of GDP in purchasing power standards (PPS),KGOE_TEUR_PPS,Kilograms of oil equivalent (KGOE) per thousand euro in purchasing power standards (PPS),SK,Slovakia,2002,,318.18,,,,,
dataflow,ESTAT:NRG_IND_EI(1.0),Energy intensity,A,Annual,EI_GDP_PPS,Energy intensity of GDP in purchasing power standards (PPS),KGOE_TEUR_PPS,Kilograms of oil equivalent (KGOE) per thousand euro in purchasing power standards (PPS),SK,Slovakia,2003,,298.30,,,,,
dataflow,ESTAT:NRG_IND_EI(1.0),Energy intensity,A,Annual,EI_GDP_PPS,Energy intensity of GDP in purchasing power standards (PPS),KGOE_TEUR_PPS,Kilograms of oil equivalent (KGOE) per thousand euro in purchasing power standards (PPS),SK,Slovakia,2004,,274.25,,,,,
dataflow,ESTAT:NRG_IND_EI(1.0),Energy intensity,A,Annual,EI_GDP_PPS,Energy intensity of GDP in purchasing power standards (PPS),KGOE_TEUR_PPS,Kilograms of oil equivalent (KGOE) per thousand euro in purchasing power standards (PPS),SK,Slovakia,2005,,256.41,,,,,
dataflow,ESTAT:NRG_IND_EI(1.0),Energy intensity,A,Annual,EI_GDP_PPS,Energy intensity of GDP in purchasing power standards (PPS),KGOE_TEUR_PPS,Kilograms of oil equivalent (KGOE) per thousand euro in purchasing power standards (PPS),SK,Slovakia,2006,,229.52,,,,,
dataflow,ESTAT:NRG_IND_EI(1.0),Energy intensity,A,Annual,EI_GDP_PPS,Energy intensity of GDP in purchasing power standards (PPS),KGOE_TEUR_PPS,Kilograms of oil equivalent (KGOE) per thousand euro in purchasing power standards (PPS),SK,Slovakia,2007,,197.07,,,,,
dataflow,ESTAT:NRG_IND_EI(1.0),Energy intensity,A,Annual,EI_GDP_PPS,Energy intensity of GDP in purchasing power standards (PPS),KGOE_TEUR_PPS,Kilograms of oil equivalent (KGOE) per thousand euro in purchasing power standards (PPS),SK,Slovakia,2008,,184.48,,,,,
dataflow,ESTAT:NRG_IND_EI(1.0),Energy intensity,A,Annual,EI_GDP_PPS,Energy intensity of GDP in purchasing power standards (PPS),KGOE_TEUR_PPS,Kilograms of oil equivalent (KGOE) per thousand euro in purchasing power standards (PPS),SK,Slovakia,2009,,177.86,,,,,
dataflow,ESTAT:NRG_IND_EI(1.0),Energy intensity,A,Annual,EI_GDP_PPS,Energy intensity of GDP in purchasing power standards (PPS),KGOE_TEUR_PPS,Kilograms of oil equivalent (KGOE) per thousand euro in purchasing power standards (PPS),SK,Slovakia,2010,,177.88,,,,,
dataflow,ESTAT:NRG_IND_EI(1.0),Energy intensity,A,Annual,EI_GDP_PPS,Energy intensity of GDP in purchasing power standards (PPS),KGOE_TEUR_PPS,Kilograms of oil equivalent (KGOE) per thousand euro in purchasing power standards (PPS),SK,Slovakia,2011,,169.49,,,,,
dataflow,ESTAT:NRG_IND_EI(1.0),Energy intensity,A,Annual,EI_GDP_PPS,Energy intensity of GDP in purchasing power standards (PPS),KGOE_TEUR_PPS,Kilograms of oil equivalent (KGOE) per thousand euro in purchasing power standards (PPS),SK,Slovakia,2012,,160.33,,,,,
dataflow,ESTAT:NRG_IND_EI(1.0),Energy intensity,A,Annual,EI_GDP_PPS,Energy intensity of GDP in purchasing power standards (PPS),KGOE_TEUR_PPS,Kilograms of oil equivalent (KGOE) per thousand euro in purchasing power standards (PPS),SK,Slovakia,2013,,159.09,,,,,
dataflow,ESTAT:NRG_IND_EI(1.0),Energy intensity,A,Annual,EI_GDP_PPS,Energy intensity of GDP in purchasing power standards (PPS),KGOE_TEUR_PPS,Kilograms of oil equivalent (KGOE) per thousand euro in purchasing power standards (PPS),SK,Slovakia,2014,,142.69,,,,,
dataflow,ESTAT:NRG_IND_EI(1.0),Energy intensity,A,Annual,EI_GDP_PPS,Energy intensity of GDP in purchasing power standards (PPS),KGOE_TEUR_PPS,Kilograms of oil equivalent (KGOE) per thousand euro in purchasing power standards (PPS),SK,Slovakia,2015,,143.32,,,,,
dataflow,ESTAT:NRG_IND_EI(1.0),Energy intensity,A,Annual,EI_GDP_PPS,Energy intensity of GDP in purchasing power standards (PPS),KGOE_TEUR_PPS,Kilograms of oil equivalent (KGOE) per thousand euro in purchasing power standards (PPS),SK,Slovakia,2016,,150.91,,,,,
dataflow,ESTAT:NRG_IND_EI(1.0),Energy intensity,A,Annual,EI_GDP_PPS,Energy intensity of GDP in purchasing power standards (PPS),KGOE_TEUR_PPS,Kilograms of oil equivalent (KGOE) per thousand euro in purchasing power standards (PPS),SK,Slovakia,2017,,158.26,,,,,
dataflow,ESTAT:NRG_IND_EI(1.0),Energy intensity,A,Annual,EI_GDP_PPS,Energy intensity of GDP in purchasing power standards (PPS),KGOE_TEUR_PPS,Kilograms of oil equivalent (KGOE) per thousand euro in purchasing power standards (PPS),SK,Slovakia,2018,,150.65,,,,,
dataflow,ESTAT:NRG_IND_EI(1.0),Energy intensity,A,Annual,EI_GDP_PPS,Energy intensity of GDP in purchasing power standards (PPS),KGOE_TEUR_PPS,Kilograms of oil equivalent (KGOE) per thousand euro in purchasing power standards (PPS),SK,Slovakia,2019,,141.16,,,,,
dataflow,ESTAT:NRG_IND_EI(1.0),Energy intensity,A,Annual,EI_GDP_PPS,Energy intensity of GDP in purchasing power standards (PPS),KGOE_TEUR_PPS,Kilograms of oil equivalent (KGOE) per thousand euro in purchasing power standards (PPS),SK,Slovakia,2020,,133.50,,,,,
dataflow,ESTAT:NRG_IND_EI(1.0),Energy intensity,A,Annual,EI_GDP_PPS,Energy intensity of GDP in purchasing power standards (PPS),KGOE_TEUR_PPS,Kilograms of oil equivalent (KGOE) per thousand euro in purchasing power standards (PPS),SK,Slovakia,2021,,133.59,,,,,
dataflow,ESTAT:NRG_IND_EI(1.0),Energy intensity,A,Annual,EI_GDP_PPS,Energy intensity of GDP in purchasing power standards (PPS),KGOE_TEUR_PPS,Kilograms of oil equivalent (KGOE) per thousand euro in purchasing power standards (PPS),SK,Slovakia,2022,,119.40,,,,,
dataflow,ESTAT:NRG_IND_EI(1.0),Energy intensity,A,Annual,EI_GDP_PPS,Energy intensity of GDP in purchasing power standards (PPS),KGOE_TEUR_PPS,Kilograms of oil equivalent (KGOE) per thousand euro in purchasing power standards (PPS),SK,Slovakia,2023,,105.74,,,,,
dataflow,ESTAT:NRG_IND_EI(1.0),Energy intensity,A,Annual,EI_GDP_PPS,Energy intensity of GDP in purchasing power standards (PPS),KGOE_TEUR_PPS,Kilograms of oil equivalent (KGOE) per thousand euro in purchasing power standards (PPS),SK,Slovakia,2024,,96.67,,,,,
dataflow,ESTAT:NRG_IND_EI(1.0),Energy intensity,A,Annual,EI_GDP_PPS,Energy intensity of GDP in purchasing power standards (PPS),KGOE_TEUR_PPS,Kilograms of oil equivalent (KGOE) per thousand euro in purchasing power standards (PPS),TR,Türkiye,1995,,120.57,,,,,
dataflow,ESTAT:NRG_IND_EI(1.0),Energy intensity,A,Annual,EI_GDP_PPS,Energy intensity of GDP in purchasing power standards (PPS),KGOE_TEUR_PPS,Kilograms of oil equivalent (KGOE) per thousand euro in purchasing power standards (PPS),TR,Türkiye,1996,,120.34,,,,,
dataflow,ESTAT:NRG_IND_EI(1.0),Energy intensity,A,Annual,EI_GDP_PPS,Energy intensity of GDP in purchasing power standards (PPS),KGOE_TEUR_PPS,Kilograms of oil equivalent (KGOE) per thousand euro in purchasing power standards (PPS),TR,Türkiye,1997,,116.72,,,,,
dataflow,ESTAT:NRG_IND_EI(1.0),Energy intensity,A,Annual,EI_GDP_PPS,Energy intensity of GDP in purchasing power standards (PPS),KGOE_TEUR_PPS,Kilograms of oil equivalent (KGOE) per thousand euro in purchasing power standards (PPS),TR,Türkiye,1998,,153.83,,,,,
dataflow,ESTAT:NRG_IND_EI(1.0),Energy intensity,A,Annual,EI_GDP_PPS,Energy intensity of GDP in purchasing power standards (PPS),KGOE_TEUR_PPS,Kilograms of oil equivalent (KGOE) per thousand euro in purchasing power standards (PPS),TR,Türkiye,1999,,154.20,,,,,
dataflow,ESTAT:NRG_IND_EI(1.0),Energy intensity,A,Annual,EI_GDP_PPS,Energy intensity of GDP in purchasing power standards (PPS),KGOE_TEUR_PPS,Kilograms of oil equivalent (KGOE) per thousand euro in purchasing power standards (PPS),TR,Türkiye,2000,,153.31,,,,,
dataflow,ESTAT:NRG_IND_EI(1.0),Energy intensity,A,Annual,EI_GDP_PPS,Energy intensity of GDP in purchasing power standards (PPS),KGOE_TEUR_PPS,Kilograms of oil equivalent (KGOE) per thousand euro in purchasing power standards (PPS),TR,Türkiye,2001,,144.15,,,,,
dataflow,ESTAT:NRG_IND_EI(1.0),Energy intensity,A,Annual,EI_GDP_PPS,Energy intensity of GDP in purchasing power standards (PPS),KGOE_TEUR_PPS,Kilograms of oil equivalent (KGOE) per thousand euro in purchasing power standards (PPS),TR,Türkiye,2002,,150.49,,,,,
dataflow,ESTAT:NRG_IND_EI(1.0),Energy intensity,A,Annual,EI_GDP_PPS,Energy intensity of GDP in purchasing power standards (PPS),KGOE_TEUR_PPS,Kilograms of oil equivalent (KGOE) per thousand euro in purchasing power standards (PPS),TR,Türkiye,2003,,152.01,,,,,
dataflow,ESTAT:NRG_IND_EI(1.0),Energy intensity,A,Annual,EI_GDP_PPS,Energy intensity of GDP in purchasing power standards (PPS),KGOE_TEUR_PPS,Kilograms of oil equivalent (KGOE) per thousand euro in purchasing power standards (PPS),TR,Türkiye,2004,,137.39,,,,,
dataflow,ESTAT:NRG_IND_EI(1.0),Energy intensity,A,Annual,EI_GDP_PPS,Energy intensity of GDP in purchasing power standards (PPS),KGOE_TEUR_PPS,Kilograms of oil equivalent (KGOE) per thousand euro in purchasing power standards (PPS),TR,Türkiye,2005,,128.81,,,,,
dataflow,ESTAT:NRG_IND_EI(1.0),Energy intensity,A,Annual,EI_GDP_PPS,Energy intensity of GDP in purchasing power standards (PPS),KGOE_TEUR_PPS,Kilograms of oil equivalent (KGOE) per thousand euro in purchasing power standards (PPS),TR,Türkiye,2006,,125.62,,,,,
dataflow,ESTAT:NRG_IND_EI(1.0),Energy intensity,A,Annual,EI_GDP_PPS,Energy intensity of GDP in purchasing power standards (PPS),KGOE_TEUR_PPS,Kilograms of oil equivalent (KGOE) per thousand euro in purchasing power standards (PPS),TR,Türkiye,2007,,123.47,,,,,
dataflow,ESTAT:NRG_IND_EI(1.0),Energy intensity,A,Annual,EI_GDP_PPS,Energy intensity of GDP in purchasing power standards (PPS),KGOE_TEUR_PPS,Kilograms of oil equivalent (KGOE) per thousand euro in purchasing power standards (PPS),TR,Türkiye,2008,,112.51,,,,,
dataflow,ESTAT:NRG_IND_EI(1.0),Energy intensity,A,Annual,EI_GDP_PPS,Energy intensity of GDP in purchasing power standards (PPS),KGOE_TEUR_PPS,Kilograms of oil equivalent (KGOE) per thousand euro in purchasing power standards (PPS),TR,Türkiye,2009,,118.17,,,,,
dataflow,ESTAT:NRG_IND_EI(1.0),Energy intensity,A,Annual,EI_GDP_PPS,Energy intensity of GDP in purchasing power standards (PPS),KGOE_TEUR_PPS,Kilograms of oil equivalent (KGOE) per thousand euro in purchasing power standards (PPS),TR,Türkiye,2010,,109.34,,,,,
dataflow,ESTAT:NRG_IND_EI(1.0),Energy intensity,A,Annual,EI_GDP_PPS,Energy intensity of GDP in purchasing power standards (PPS),KGOE_TEUR_PPS,Kilograms of oil equivalent (KGOE) per thousand euro in purchasing power standards (PPS),TR,Türkiye,2011,,103.61,,,,,
dataflow,ESTAT:NRG_IND_EI(1.0),Energy intensity,A,Annual,EI_GDP_PPS,Energy intensity of GDP in purchasing power standards (PPS),KGOE_TEUR_PPS,Kilograms of oil equivalent (KGOE) per thousand euro in purchasing power standards (PPS),TR,Türkiye,2012,,102.58,,,,,
dataflow,ESTAT:NRG_IND_EI(1.0),Energy intensity,A,Annual,EI_GDP_PPS,Energy intensity of GDP in purchasing power standards (PPS),KGOE_TEUR_PPS,Kilograms of oil equivalent (KGOE) per thousand euro in purchasing power standards (PPS),TR,Türkiye,2013,,93.05,,,,,
dataflow,ESTAT:NRG_IND_EI(1.0),Energy intensity,A,Annual,EI_GDP_PPS,Energy intensity of GDP in purchasing power standards (PPS),KGOE_TEUR_PPS,Kilograms of oil equivalent (KGOE) per thousand euro in purchasing power standards (PPS),TR,Türkiye,2014,,92.15,,,,,
dataflow,ESTAT:NRG_IND_EI(1.0),Energy intensity,A,Annual,EI_GDP_PPS,Energy intensity of GDP in purchasing power standards (PPS),KGOE_TEUR_PPS,Kilograms of oil equivalent (KGOE) per thousand euro in purchasing power standards (PPS),TR,Türkiye,2015,,91.49,,,,,
dataflow,ESTAT:NRG_IND_EI(1.0),Energy intensity,A,Annual,EI_GDP_PPS,Energy intensity of GDP in purchasing power standards (PPS),KGOE_TEUR_PPS,Kilograms of oil equivalent (KGOE) per thousand euro in purchasing power standards (PPS),TR,Türkiye,2016,,95.46,,,,,
dataflow,ESTAT:NRG_IND_EI(1.0),Energy intensity,A,Annual,EI_GDP_PPS,Energy intensity of GDP in purchasing power standards (PPS),KGOE_TEUR_PPS,Kilograms of oil equivalent (KGOE) per thousand euro in purchasing power standards (PPS),TR,Türkiye,2017,,96.73,,,,,
dataflow,ESTAT:NRG_IND_EI(1.0),Energy intensity,A,Annual,EI_GDP_PPS,Energy intensity of GDP in purchasing power standards (PPS),KGOE_TEUR_PPS,Kilograms of oil equivalent (KGOE) per thousand euro in purchasing power standards (PPS),TR,Türkiye,2018,,94.27,,,,,
dataflow,ESTAT:NRG_IND_EI(1.0),Energy intensity,A,Annual,EI_GDP_PPS,Energy intensity of GDP in purchasing power standards (PPS),KGOE_TEUR_PPS,Kilograms of oil equivalent (KGOE) per thousand euro in purchasing power standards (PPS),TR,Türkiye,2019,,96.92,,,,,
dataflow,ESTAT:NRG_IND_EI(1.0),Energy intensity,A,Annual,EI_GDP_PPS,Energy intensity of GDP in purchasing power standards (PPS),KGOE_TEUR_PPS,Kilograms of oil equivalent (KGOE) per thousand euro in purchasing power standards (PPS),TR,Türkiye,2020,,95.51,,,,,
dataflow,ESTAT:NRG_IND_EI(1.0),Energy intensity,A,Annual,EI_GDP_PPS,Energy intensity of GDP in purchasing power standards (PPS),KGOE_TEUR_PPS,Kilograms of oil equivalent (KGOE) per thousand euro in purchasing power standards (PPS),TR,Türkiye,2021,,94.21,,,,,
dataflow,ESTAT:NRG_IND_EI(1.0),Energy intensity,A,Annual,EI_GDP_PPS,Energy intensity of GDP in purchasing power standards (PPS),KGOE_TEUR_PPS,Kilograms of oil equivalent (KGOE) per thousand euro in purchasing power standards (PPS),TR,Türkiye,2022,,77.14,,,,,
dataflow,ESTAT:NRG_IND_EI(1.0),Energy intensity,A,Annual,EI_GDP_PPS,Energy intensity of GDP in purchasing power standards (PPS),KGOE_TEUR_PPS,Kilograms of oil equivalent (KGOE) per thousand euro in purchasing power standards (PPS),TR,Türkiye,2023,,71.44,,,,,
dataflow,ESTAT:NRG_IND_EI(1.0),Energy intensity,A,Annual,EI_GDP_PPS,Energy intensity of GDP in purchasing power standards (PPS),KGOE_TEUR_PPS,Kilograms of oil equivalent (KGOE) per thousand euro in purchasing power standards (PPS),TR,Türkiye,2024,,69.78,,,,,
dataflow,ESTAT:NRG_IND_EI(1.0),Energy intensity,A,Annual,EI_GDP_PPS,Energy intensity of GDP in purchasing power standards (PPS),KGOE_TEUR_PPS,Kilograms of oil equivalent (KGOE) per thousand euro in purchasing power standards (PPS),UK,United Kingdom,1995,,226.16,,,,,
dataflow,ESTAT:NRG_IND_EI(1.0),Energy intensity,A,Annual,EI_GDP_PPS,Energy intensity of GDP in purchasing power standards (PPS),KGOE_TEUR_PPS,Kilograms of oil equivalent (KGOE) per thousand euro in purchasing power standards (PPS),UK,United Kingdom,1996,,218.59,,,,,
dataflow,ESTAT:NRG_IND_EI(1.0),Energy intensity,A,Annual,EI_GDP_PPS,Energy intensity of GDP in purchasing power standards (PPS),KGOE_TEUR_PPS,Kilograms of oil equivalent (KGOE) per thousand euro in purchasing power standards (PPS),UK,United Kingdom,1997,,204.72,,,,,
dataflow,ESTAT:NRG_IND_EI(1.0),Energy intensity,A,Annual,EI_GDP_PPS,Energy intensity of GDP in purchasing power standards (PPS),KGOE_TEUR_PPS,Kilograms of oil equivalent (KGOE) per thousand euro in purchasing power standards (PPS),UK,United Kingdom,1998,,202.60,,,,,
dataflow,ESTAT:NRG_IND_EI(1.0),Energy intensity,A,Annual,EI_GDP_PPS,Energy intensity of GDP in purchasing power standards (PPS),KGOE_TEUR_PPS,Kilograms of oil equivalent (KGOE) per thousand euro in purchasing power standards (PPS),UK,United Kingdom,1999,,195.31,,,,,
dataflow,ESTAT:NRG_IND_EI(1.0),Energy intensity,A,Annual,EI_GDP_PPS,Energy intensity of GDP in purchasing power standards (PPS),KGOE_TEUR_PPS,Kilograms of oil equivalent (KGOE) per thousand euro in purchasing power standards (PPS),UK,United Kingdom,2000,,182.16,,,,,
dataflow,ESTAT:NRG_IND_EI(1.0),Energy intensity,A,Annual,EI_GDP_PPS,Energy intensity of GDP in purchasing power standards (PPS),KGOE_TEUR_PPS,Kilograms of oil equivalent (KGOE) per thousand euro in purchasing power standards (PPS),UK,United Kingdom,2001,,174.13,,,,,
dataflow,ESTAT:NRG_IND_EI(1.0),Energy intensity,A,Annual,EI_GDP_PPS,Energy intensity of GDP in purchasing power standards (PPS),KGOE_TEUR_PPS,Kilograms of oil equivalent (KGOE) per thousand euro in purchasing power standards (PPS),UK,United Kingdom,2002,,164.93,,,,,
dataflow,ESTAT:NRG_IND_EI(1.0),Energy intensity,A,Annual,EI_GDP_PPS,Energy intensity of GDP in purchasing power standards (PPS),KGOE_TEUR_PPS,Kilograms of oil equivalent (KGOE) per thousand euro in purchasing power standards (PPS),UK,United Kingdom,2003,,160.00,,,,,
dataflow,ESTAT:NRG_IND_EI(1.0),Energy intensity,A,Annual,EI_GDP_PPS,Energy intensity of GDP in purchasing power standards (PPS),KGOE_TEUR_PPS,Kilograms of oil equivalent (KGOE) per thousand euro in purchasing power standards (PPS),UK,United Kingdom,2004,,150.36,,,,,
dataflow,ESTAT:NRG_IND_EI(1.0),Energy intensity,A,Annual,EI_GDP_PPS,Energy intensity of GDP in purchasing power standards (PPS),KGOE_TEUR_PPS,Kilograms of oil equivalent (KGOE) per thousand euro in purchasing power standards (PPS),UK,United Kingdom,2005,,146.93,,,,,
dataflow,ESTAT:NRG_IND_EI(1.0),Energy intensity,A,Annual,EI_GDP_PPS,Energy intensity of GDP in purchasing power standards (PPS),KGOE_TEUR_PPS,Kilograms of oil equivalent (KGOE) per thousand euro in purchasing power standards (PPS),UK,United Kingdom,2006,,139.22,,,,,
dataflow,ESTAT:NRG_IND_EI(1.0),Energy intensity,A,Annual,EI_GDP_PPS,Energy intensity of GDP in purchasing power standards (PPS),KGOE_TEUR_PPS,Kilograms of oil equivalent (KGOE) per thousand euro in purchasing power standards (PPS),UK,United Kingdom,2007,,131.37,,,,,
dataflow,ESTAT:NRG_IND_EI(1.0),Energy intensity,A,Annual,EI_GDP_PPS,Energy intensity of GDP in purchasing power standards (PPS),KGOE_TEUR_PPS,Kilograms of oil equivalent (KGOE) per thousand euro in purchasing power standards (PPS),UK,United Kingdom,2008,,127.30,,,,,
dataflow,ESTAT:NRG_IND_EI(1.0),Energy intensity,A,Annual,EI_GDP_PPS,Energy intensity of GDP in purchasing power standards (PPS),KGOE_TEUR_PPS,Kilograms of oil equivalent (KGOE) per thousand euro in purchasing power standards (PPS),UK,United Kingdom,2009,,125.91,,,,,
dataflow,ESTAT:NRG_IND_EI(1.0),Energy intensity,A,Annual,EI_GDP_PPS,Energy intensity of GDP in purchasing power standards (PPS),KGOE_TEUR_PPS,Kilograms of oil equivalent (KGOE) per thousand euro in purchasing power standards (PPS),UK,United Kingdom,2010,,124.67,,,,,
dataflow,ESTAT:NRG_IND_EI(1.0),Energy intensity,A,Annual,EI_GDP_PPS,Energy intensity of GDP in purchasing power standards (PPS),KGOE_TEUR_PPS,Kilograms of oil equivalent (KGOE) per thousand euro in purchasing power standards (PPS),UK,United Kingdom,2011,,114.62,,,,,
dataflow,ESTAT:NRG_IND_EI(1.0),Energy intensity,A,Annual,EI_GDP_PPS,Energy intensity of GDP in purchasing power standards (PPS),KGOE_TEUR_PPS,Kilograms of oil equivalent (KGOE) per thousand euro in purchasing power standards (PPS),UK,United Kingdom,2012,,113.53,,,,,
dataflow,ESTAT:NRG_IND_EI(1.0),Energy intensity,A,Annual,EI_GDP_PPS,Energy intensity of GDP in purchasing power standards (PPS),KGOE_TEUR_PPS,Kilograms of oil equivalent (KGOE) per thousand euro in purchasing power standards (PPS),UK,United Kingdom,2013,,108.98,,,,,
dataflow,ESTAT:NRG_IND_EI(1.0),Energy intensity,A,Annual,EI_GDP_PPS,Energy intensity of GDP in purchasing power standards (PPS),KGOE_TEUR_PPS,Kilograms of oil equivalent (KGOE) per thousand euro in purchasing power standards (PPS),UK,United Kingdom,2014,,99.60,,,,,
dataflow,ESTAT:NRG_IND_EI(1.0),Energy intensity,A,Annual,EI_GDP_PPS,Energy intensity of GDP in purchasing power standards (PPS),KGOE_TEUR_PPS,Kilograms of oil equivalent (KGOE) per thousand euro in purchasing power standards (PPS),UK,United Kingdom,2015,,97.16,,,,,
dataflow,ESTAT:NRG_IND_EI(1.0),Energy intensity,A,Annual,EI_GDP_PPS,Energy intensity of GDP in purchasing power standards (PPS),KGOE_TEUR_PPS,Kilograms of oil equivalent (KGOE) per thousand euro in purchasing power standards (PPS),UK,United Kingdom,2016,,95.02,,,,,
dataflow,ESTAT:NRG_IND_EI(1.0),Energy intensity,A,Annual,EI_GDP_PPS,Energy intensity of GDP in purchasing power standards (PPS),KGOE_TEUR_PPS,Kilograms of oil equivalent (KGOE) per thousand euro in purchasing power standards (PPS),UK,United Kingdom,2017,,90.95,,,,,
dataflow,ESTAT:NRG_IND_EI(1.0),Energy intensity,A,Annual,EI_GDP_PPS,Energy intensity of GDP in purchasing power standards (PPS),KGOE_TEUR_PPS,Kilograms of oil equivalent (KGOE) per thousand euro in purchasing power standards (PPS),UK,United Kingdom,2018,,88.72,,,,,
dataflow,ESTAT:NRG_IND_EI(1.0),Energy intensity,A,Annual,EI_GDP_PPS,Energy intensity of GDP in purchasing power standards (PPS),KGOE_TEUR_PPS,Kilograms of oil equivalent (KGOE) per thousand euro in purchasing power standards (PPS),UK,United Kingdom,2019,,84.94,,,,,
