STRUCTURE,STRUCTURE_ID,STRUCTURE_NAME,ACTION,REF_AREA,Reference area,MEASURE,Measure,SCENARIO,Scenario,FREQ,Frequency of observation,TIME_PERIOD,Time period,OBS_VALUE,Observation value,OBS_STATUS,Observation status,UNIT_MEASURE,Unit of measure,UNIT_MULT,Unit multiplier,DECIMALS,Decimals
DATAFLOW,OECD.ECO.MAD:DSD_EO_LTB@DF_EO_LTB(1.0),OECD Economic Outlook 117 long-term scenarios,I,BEL,Belgium,GDPVD_CAP,"Gross domestic product per capita, volume in USD, at constant purchasing power parities",BAU1,"Business-as-usual energy transition, median climate climate damage curve, no carbon mitigation costs",A,Annual,1990,,41647.81322,,,,USD_PPP_PS,"US dollars per person, PPP converted",0,Units,2,Two
DATAFLOW,OECD.ECO.MAD:DSD_EO_LTB@DF_EO_LTB(1.0),OECD Economic Outlook 117 long-term scenarios,I,BEL,Belgium,GDPVD_CAP,"Gross domestic product per capita, volume in USD, at constant purchasing power parities",BAU1,"Business-as-usual energy transition, median climate climate damage curve, no carbon mitigation costs",A,Annual,1991,,42250.18247,,,,USD_PPP_PS,"US dollars per person, PPP converted",0,Units,2,Two
DATAFLOW,OECD.ECO.MAD:DSD_EO_LTB@DF_EO_LTB(1.0),OECD Economic Outlook 117 long-term scenarios,I,BEL,Belgium,GDPVD_CAP,"Gross domestic product per capita, volume in USD, at constant purchasing power parities",BAU1,"Business-as-usual energy transition, median climate climate damage curve, no carbon mitigation costs",A,Annual,1992,,42721.83244,,,,USD_PPP_PS,"US dollars per person, PPP converted",0,Units,2,Two
DATAFLOW,OECD.ECO.MAD:DSD_EO_LTB@DF_EO_LTB(1.0),OECD Economic Outlook 117 long-term scenarios,I,BEL,Belgium,GDPVD_CAP,"Gross domestic product per capita, volume in USD, at constant purchasing power parities",BAU1,"Business-as-usual energy transition, median climate climate damage curve, no carbon mitigation costs",A,Annual,1993,,42147.29712,,,,USD_PPP_PS,"US dollars per person, PPP converted",0,Units,2,Two
DATAFLOW,OECD.ECO.MAD:DSD_EO_LTB@DF_EO_LTB(1.0),OECD Economic Outlook 117 long-term scenarios,I,BEL,Belgium,GDPVD_CAP,"Gross domestic product per capita, volume in USD, at constant purchasing power parities",BAU1,"Business-as-usual energy transition, median climate climate damage curve, no carbon mitigation costs",A,Annual,1994,,43378.35293,,,,USD_PPP_PS,"US dollars per person, PPP converted",0,Units,2,Two
DATAFLOW,OECD.ECO.MAD:DSD_EO_LTB@DF_EO_LTB(1.0),OECD Economic Outlook 117 long-term scenarios,I,BEL,Belgium,GDPVD_CAP,"Gross domestic product per capita, volume in USD, at constant purchasing power parities",BAU1,"Business-as-usual energy transition, median climate climate damage curve, no carbon mitigation costs",A,Annual,1995,,44320.8149,,,,USD_PPP_PS,"US dollars per person, PPP converted",0,Units,2,Two
DATAFLOW,OECD.ECO.MAD:DSD_EO_LTB@DF_EO_LTB(1.0),OECD Economic Outlook 117 long-term scenarios,I,BEL,Belgium,GDPVD_CAP,"Gross domestic product per capita, volume in USD, at constant purchasing power parities",BAU1,"Business-as-usual energy transition, median climate climate damage curve, no carbon mitigation costs",A,Annual,1996,,44818.07374,,,,USD_PPP_PS,"US dollars per person, PPP converted",0,Units,2,Two
DATAFLOW,OECD.ECO.MAD:DSD_EO_LTB@DF_EO_LTB(1.0),OECD Economic Outlook 117 long-term scenarios,I,BEL,Belgium,GDPVD_CAP,"Gross domestic product per capita, volume in USD, at constant purchasing power parities",BAU1,"Business-as-usual energy transition, median climate climate damage curve, no carbon mitigation costs",A,Annual,1997,,46408.65061,,,,USD_PPP_PS,"US dollars per person, PPP converted",0,Units,2,Two
DATAFLOW,OECD.ECO.MAD:DSD_EO_LTB@DF_EO_LTB(1.0),OECD Economic Outlook 117 long-term scenarios,I,BEL,Belgium,GDPVD_CAP,"Gross domestic product per capita, volume in USD, at constant purchasing power parities",BAU1,"Business-as-usual energy transition, median climate climate damage curve, no carbon mitigation costs",A,Annual,1998,,47217.06575,,,,USD_PPP_PS,"US dollars per person, PPP converted",0,Units,2,Two
DATAFLOW,OECD.ECO.MAD:DSD_EO_LTB@DF_EO_LTB(1.0),OECD Economic Outlook 117 long-term scenarios,I,BEL,Belgium,GDPVD_CAP,"Gross domestic product per capita, volume in USD, at constant purchasing power parities",BAU1,"Business-as-usual energy transition, median climate climate damage curve, no carbon mitigation costs",A,Annual,1999,,48779.88619,,,,USD_PPP_PS,"US dollars per person, PPP converted",0,Units,2,Two
DATAFLOW,OECD.ECO.MAD:DSD_EO_LTB@DF_EO_LTB(1.0),OECD Economic Outlook 117 long-term scenarios,I,BEL,Belgium,GDPVD_CAP,"Gross domestic product per capita, volume in USD, at constant purchasing power parities",BAU1,"Business-as-usual energy transition, median climate climate damage curve, no carbon mitigation costs",A,Annual,2000,,50469.49154,,,,USD_PPP_PS,"US dollars per person, PPP converted",0,Units,2,Two
DATAFLOW,OECD.ECO.MAD:DSD_EO_LTB@DF_EO_LTB(1.0),OECD Economic Outlook 117 long-term scenarios,I,BEL,Belgium,GDPVD_CAP,"Gross domestic product per capita, volume in USD, at constant purchasing power parities",BAU1,"Business-as-usual energy transition, median climate climate damage curve, no carbon mitigation costs",A,Annual,2001,,50845.90664,,,,USD_PPP_PS,"US dollars per person, PPP converted",0,Units,2,Two
DATAFLOW,OECD.ECO.MAD:DSD_EO_LTB@DF_EO_LTB(1.0),OECD Economic Outlook 117 long-term scenarios,I,BEL,Belgium,GDPVD_CAP,"Gross domestic product per capita, volume in USD, at constant purchasing power parities",BAU1,"Business-as-usual energy transition, median climate climate damage curve, no carbon mitigation costs",A,Annual,2002,,51483.57531,,,,USD_PPP_PS,"US dollars per person, PPP converted",0,Units,2,Two
DATAFLOW,OECD.ECO.MAD:DSD_EO_LTB@DF_EO_LTB(1.0),OECD Economic Outlook 117 long-term scenarios,I,BEL,Belgium,GDPVD_CAP,"Gross domestic product per capita, volume in USD, at constant purchasing power parities",BAU1,"Business-as-usual energy transition, median climate climate damage curve, no carbon mitigation costs",A,Annual,2003,,51802.39381,,,,USD_PPP_PS,"US dollars per person, PPP converted",0,Units,2,Two
DATAFLOW,OECD.ECO.MAD:DSD_EO_LTB@DF_EO_LTB(1.0),OECD Economic Outlook 117 long-term scenarios,I,BEL,Belgium,GDPVD_CAP,"Gross domestic product per capita, volume in USD, at constant purchasing power parities",BAU1,"Business-as-usual energy transition, median climate climate damage curve, no carbon mitigation costs",A,Annual,2004,,53420.66836,,,,USD_PPP_PS,"US dollars per person, PPP converted",0,Units,2,Two
DATAFLOW,OECD.ECO.MAD:DSD_EO_LTB@DF_EO_LTB(1.0),OECD Economic Outlook 117 long-term scenarios,I,BEL,Belgium,GDPVD_CAP,"Gross domestic product per capita, volume in USD, at constant purchasing power parities",BAU1,"Business-as-usual energy transition, median climate climate damage curve, no carbon mitigation costs",A,Annual,2005,,54358.41449,,,,USD_PPP_PS,"US dollars per person, PPP converted",0,Units,2,Two
DATAFLOW,OECD.ECO.MAD:DSD_EO_LTB@DF_EO_LTB(1.0),OECD Economic Outlook 117 long-term scenarios,I,BEL,Belgium,GDPVD_CAP,"Gross domestic product per capita, volume in USD, at constant purchasing power parities",BAU1,"Business-as-usual energy transition, median climate climate damage curve, no carbon mitigation costs",A,Annual,2006,,55381.16383,,,,USD_PPP_PS,"US dollars per person, PPP converted",0,Units,2,Two
DATAFLOW,OECD.ECO.MAD:DSD_EO_LTB@DF_EO_LTB(1.0),OECD Economic Outlook 117 long-term scenarios,I,BEL,Belgium,GDPVD_CAP,"Gross domestic product per capita, volume in USD, at constant purchasing power parities",BAU1,"Business-as-usual energy transition, median climate climate damage curve, no carbon mitigation costs",A,Annual,2007,,56996.01524,,,,USD_PPP_PS,"US dollars per person, PPP converted",0,Units,2,Two
DATAFLOW,OECD.ECO.MAD:DSD_EO_LTB@DF_EO_LTB(1.0),OECD Economic Outlook 117 long-term scenarios,I,BEL,Belgium,GDPVD_CAP,"Gross domestic product per capita, volume in USD, at constant purchasing power parities",BAU1,"Business-as-usual energy transition, median climate climate damage curve, no carbon mitigation costs",A,Annual,2008,,56801.72132,,,,USD_PPP_PS,"US dollars per person, PPP converted",0,Units,2,Two
DATAFLOW,OECD.ECO.MAD:DSD_EO_LTB@DF_EO_LTB(1.0),OECD Economic Outlook 117 long-term scenarios,I,BEL,Belgium,GDPVD_CAP,"Gross domestic product per capita, volume in USD, at constant purchasing power parities",BAU1,"Business-as-usual energy transition, median climate climate damage curve, no carbon mitigation costs",A,Annual,2009,,55274.95243,,,,USD_PPP_PS,"US dollars per person, PPP converted",0,Units,2,Two
DATAFLOW,OECD.ECO.MAD:DSD_EO_LTB@DF_EO_LTB(1.0),OECD Economic Outlook 117 long-term scenarios,I,BEL,Belgium,GDPVD_CAP,"Gross domestic product per capita, volume in USD, at constant purchasing power parities",BAU1,"Business-as-usual energy transition, median climate climate damage curve, no carbon mitigation costs",A,Annual,2010,,56252.04416,,,,USD_PPP_PS,"US dollars per person, PPP converted",0,Units,2,Two
DATAFLOW,OECD.ECO.MAD:DSD_EO_LTB@DF_EO_LTB(1.0),OECD Economic Outlook 117 long-term scenarios,I,BEL,Belgium,GDPVD_CAP,"Gross domestic product per capita, volume in USD, at constant purchasing power parities",BAU1,"Business-as-usual energy transition, median climate climate damage curve, no carbon mitigation costs",A,Annual,2011,,56600.73339,,,,USD_PPP_PS,"US dollars per person, PPP converted",0,Units,2,Two
DATAFLOW,OECD.ECO.MAD:DSD_EO_LTB@DF_EO_LTB(1.0),OECD Economic Outlook 117 long-term scenarios,I,BEL,Belgium,GDPVD_CAP,"Gross domestic product per capita, volume in USD, at constant purchasing power parities",BAU1,"Business-as-usual energy transition, median climate climate damage curve, no carbon mitigation costs",A,Annual,2012,,56370.48748,,,,USD_PPP_PS,"US dollars per person, PPP converted",0,Units,2,Two
DATAFLOW,OECD.ECO.MAD:DSD_EO_LTB@DF_EO_LTB(1.0),OECD Economic Outlook 117 long-term scenarios,I,BEL,Belgium,GDPVD_CAP,"Gross domestic product per capita, volume in USD, at constant purchasing power parities",BAU1,"Business-as-usual energy transition, median climate climate damage curve, no carbon mitigation costs",A,Annual,2013,,56279.22483,,,,USD_PPP_PS,"US dollars per person, PPP converted",0,Units,2,Two
DATAFLOW,OECD.ECO.MAD:DSD_EO_LTB@DF_EO_LTB(1.0),OECD Economic Outlook 117 long-term scenarios,I,BEL,Belgium,GDPVD_CAP,"Gross domestic product per capita, volume in USD, at constant purchasing power parities",BAU1,"Business-as-usual energy transition, median climate climate damage curve, no carbon mitigation costs",A,Annual,2014,,57017.36721,,,,USD_PPP_PS,"US dollars per person, PPP converted",0,Units,2,Two
DATAFLOW,OECD.ECO.MAD:DSD_EO_LTB@DF_EO_LTB(1.0),OECD Economic Outlook 117 long-term scenarios,I,BEL,Belgium,GDPVD_CAP,"Gross domestic product per capita, volume in USD, at constant purchasing power parities",BAU1,"Business-as-usual energy transition, median climate climate damage curve, no carbon mitigation costs",A,Annual,2015,,57524.33112,,,,USD_PPP_PS,"US dollars per person, PPP converted",0,Units,2,Two
DATAFLOW,OECD.ECO.MAD:DSD_EO_LTB@DF_EO_LTB(1.0),OECD Economic Outlook 117 long-term scenarios,I,BEL,Belgium,GDPVD_CAP,"Gross domestic product per capita, volume in USD, at constant purchasing power parities",BAU1,"Business-as-usual energy transition, median climate climate damage curve, no carbon mitigation costs",A,Annual,2016,,57918.03345,,,,USD_PPP_PS,"US dollars per person, PPP converted",0,Units,2,Two
DATAFLOW,OECD.ECO.MAD:DSD_EO_LTB@DF_EO_LTB(1.0),OECD Economic Outlook 117 long-term scenarios,I,BEL,Belgium,GDPVD_CAP,"Gross domestic product per capita, volume in USD, at constant purchasing power parities",BAU1,"Business-as-usual energy transition, median climate climate damage curve, no carbon mitigation costs",A,Annual,2017,,58544.69092,,,,USD_PPP_PS,"US dollars per person, PPP converted",0,Units,2,Two
DATAFLOW,OECD.ECO.MAD:DSD_EO_LTB@DF_EO_LTB(1.0),OECD Economic Outlook 117 long-term scenarios,I,BEL,Belgium,GDPVD_CAP,"Gross domestic product per capita, volume in USD, at constant purchasing power parities",BAU1,"Business-as-usual energy transition, median climate climate damage curve, no carbon mitigation costs",A,Annual,2018,,59372.72359,,,,USD_PPP_PS,"US dollars per person, PPP converted",0,Units,2,Two
DATAFLOW,OECD.ECO.MAD:DSD_EO_LTB@DF_EO_LTB(1.0),OECD Economic Outlook 117 long-term scenarios,I,BEL,Belgium,GDPVD_CAP,"Gross domestic product per capita, volume in USD, at constant purchasing power parities",BAU1,"Business-as-usual energy transition, median climate climate damage curve, no carbon mitigation costs",A,Annual,2019,,60494.90396,,,,USD_PPP_PS,"US dollars per person, PPP converted",0,Units,2,Two
DATAFLOW,OECD.ECO.MAD:DSD_EO_LTB@DF_EO_LTB(1.0),OECD Economic Outlook 117 long-term scenarios,I,BEL,Belgium,GDPVD_CAP,"Gross domestic product per capita, volume in USD, at constant purchasing power parities",BAU1,"Business-as-usual energy transition, median climate climate damage curve, no carbon mitigation costs",A,Annual,2020,,57345.81219,,,,USD_PPP_PS,"US dollars per person, PPP converted",0,Units,2,Two
DATAFLOW,OECD.ECO.MAD:DSD_EO_LTB@DF_EO_LTB(1.0),OECD Economic Outlook 117 long-term scenarios,I,BEL,Belgium,GDPVD_CAP,"Gross domestic product per capita, volume in USD, at constant purchasing power parities",BAU1,"Business-as-usual energy transition, median climate climate damage curve, no carbon mitigation costs",A,Annual,2021,,60658.54056,,,,USD_PPP_PS,"US dollars per person, PPP converted",0,Units,2,Two
DATAFLOW,OECD.ECO.MAD:DSD_EO_LTB@DF_EO_LTB(1.0),OECD Economic Outlook 117 long-term scenarios,I,BEL,Belgium,GDPVD_CAP,"Gross domestic product per capita, volume in USD, at constant purchasing power parities",BAU1,"Business-as-usual energy transition, median climate climate damage curve, no carbon mitigation costs",A,Annual,2022,,62733.24955,,,,USD_PPP_PS,"US dollars per person, PPP converted",0,Units,2,Two
DATAFLOW,OECD.ECO.MAD:DSD_EO_LTB@DF_EO_LTB(1.0),OECD Economic Outlook 117 long-term scenarios,I,BEL,Belgium,GDPVD_CAP,"Gross domestic product per capita, volume in USD, at constant purchasing power parities",BAU1,"Business-as-usual energy transition, median climate climate damage curve, no carbon mitigation costs",A,Annual,2023,,62948.15793,,,,USD_PPP_PS,"US dollars per person, PPP converted",0,Units,2,Two
DATAFLOW,OECD.ECO.MAD:DSD_EO_LTB@DF_EO_LTB(1.0),OECD Economic Outlook 117 long-term scenarios,I,BEL,Belgium,GDPVD_CAP,"Gross domestic product per capita, volume in USD, at constant purchasing power parities",BAU1,"Business-as-usual energy transition, median climate climate damage curve, no carbon mitigation costs",A,Annual,2024,,63213.91362,,,,USD_PPP_PS,"US dollars per person, PPP converted",0,Units,2,Two
DATAFLOW,OECD.ECO.MAD:DSD_EO_LTB@DF_EO_LTB(1.0),OECD Economic Outlook 117 long-term scenarios,I,BEL,Belgium,GDPVD_CAP,"Gross domestic product per capita, volume in USD, at constant purchasing power parities",BAU1,"Business-as-usual energy transition, median climate climate damage curve, no carbon mitigation costs",A,Annual,2025,,63587.69763,,,,USD_PPP_PS,"US dollars per person, PPP converted",0,Units,2,Two
DATAFLOW,OECD.ECO.MAD:DSD_EO_LTB@DF_EO_LTB(1.0),OECD Economic Outlook 117 long-term scenarios,I,BEL,Belgium,GDPVD_CAP,"Gross domestic product per capita, volume in USD, at constant purchasing power parities",BAU1,"Business-as-usual energy transition, median climate climate damage curve, no carbon mitigation costs",A,Annual,2026,,64080.79235,,,,USD_PPP_PS,"US dollars per person, PPP converted",0,Units,2,Two
DATAFLOW,OECD.ECO.MAD:DSD_EO_LTB@DF_EO_LTB(1.0),OECD Economic Outlook 117 long-term scenarios,I,BEL,Belgium,GDPVD_CAP,"Gross domestic product per capita, volume in USD, at constant purchasing power parities",BAU1,"Business-as-usual energy transition, median climate climate damage curve, no carbon mitigation costs",A,Annual,2027,,64967.62,,,,USD_PPP_PS,"US dollars per person, PPP converted",0,Units,2,Two
DATAFLOW,OECD.ECO.MAD:DSD_EO_LTB@DF_EO_LTB(1.0),OECD Economic Outlook 117 long-term scenarios,I,BEL,Belgium,GDPVD_CAP,"Gross domestic product per capita, volume in USD, at constant purchasing power parities",BAU1,"Business-as-usual energy transition, median climate climate damage curve, no carbon mitigation costs",A,Annual,2028,,65836.86,,,,USD_PPP_PS,"US dollars per person, PPP converted",0,Units,2,Two
DATAFLOW,OECD.ECO.MAD:DSD_EO_LTB@DF_EO_LTB(1.0),OECD Economic Outlook 117 long-term scenarios,I,BEL,Belgium,GDPVD_CAP,"Gross domestic product per capita, volume in USD, at constant purchasing power parities",BAU1,"Business-as-usual energy transition, median climate climate damage curve, no carbon mitigation costs",A,Annual,2029,,66721.75,,,,USD_PPP_PS,"US dollars per person, PPP converted",0,Units,2,Two
DATAFLOW,OECD.ECO.MAD:DSD_EO_LTB@DF_EO_LTB(1.0),OECD Economic Outlook 117 long-term scenarios,I,BEL,Belgium,GDPVD_CAP,"Gross domestic product per capita, volume in USD, at constant purchasing power parities",BAU1,"Business-as-usual energy transition, median climate climate damage curve, no carbon mitigation costs",A,Annual,2030,,67631.11,,,,USD_PPP_PS,"US dollars per person, PPP converted",0,Units,2,Two
DATAFLOW,OECD.ECO.MAD:DSD_EO_LTB@DF_EO_LTB(1.0),OECD Economic Outlook 117 long-term scenarios,I,BEL,Belgium,GDPVD_CAP,"Gross domestic product per capita, volume in USD, at constant purchasing power parities",BAU1,"Business-as-usual energy transition, median climate climate damage curve, no carbon mitigation costs",A,Annual,2031,,68571.49,,,,USD_PPP_PS,"US dollars per person, PPP converted",0,Units,2,Two
DATAFLOW,OECD.ECO.MAD:DSD_EO_LTB@DF_EO_LTB(1.0),OECD Economic Outlook 117 long-term scenarios,I,BEL,Belgium,GDPVD_CAP,"Gross domestic product per capita, volume in USD, at constant purchasing power parities",BAU1,"Business-as-usual energy transition, median climate climate damage curve, no carbon mitigation costs",A,Annual,2032,,69534.66,,,,USD_PPP_PS,"US dollars per person, PPP converted",0,Units,2,Two
DATAFLOW,OECD.ECO.MAD:DSD_EO_LTB@DF_EO_LTB(1.0),OECD Economic Outlook 117 long-term scenarios,I,BEL,Belgium,GDPVD_CAP,"Gross domestic product per capita, volume in USD, at constant purchasing power parities",BAU1,"Business-as-usual energy transition, median climate climate damage curve, no carbon mitigation costs",A,Annual,2033,,70515.65,,,,USD_PPP_PS,"US dollars per person, PPP converted",0,Units,2,Two
DATAFLOW,OECD.ECO.MAD:DSD_EO_LTB@DF_EO_LTB(1.0),OECD Economic Outlook 117 long-term scenarios,I,BEL,Belgium,GDPVD_CAP,"Gross domestic product per capita, volume in USD, at constant purchasing power parities",BAU1,"Business-as-usual energy transition, median climate climate damage curve, no carbon mitigation costs",A,Annual,2034,,71510.46,,,,USD_PPP_PS,"US dollars per person, PPP converted",0,Units,2,Two
DATAFLOW,OECD.ECO.MAD:DSD_EO_LTB@DF_EO_LTB(1.0),OECD Economic Outlook 117 long-term scenarios,I,BEL,Belgium,GDPVD_CAP,"Gross domestic product per capita, volume in USD, at constant purchasing power parities",BAU1,"Business-as-usual energy transition, median climate climate damage curve, no carbon mitigation costs",A,Annual,2035,,72529.29,,,,USD_PPP_PS,"US dollars per person, PPP converted",0,Units,2,Two
DATAFLOW,OECD.ECO.MAD:DSD_EO_LTB@DF_EO_LTB(1.0),OECD Economic Outlook 117 long-term scenarios,I,BEL,Belgium,GDPVD_CAP,"Gross domestic product per capita, volume in USD, at constant purchasing power parities",BAU1,"Business-as-usual energy transition, median climate climate damage curve, no carbon mitigation costs",A,Annual,2036,,73567.32,,,,USD_PPP_PS,"US dollars per person, PPP converted",0,Units,2,Two
DATAFLOW,OECD.ECO.MAD:DSD_EO_LTB@DF_EO_LTB(1.0),OECD Economic Outlook 117 long-term scenarios,I,BEL,Belgium,GDPVD_CAP,"Gross domestic product per capita, volume in USD, at constant purchasing power parities",BAU1,"Business-as-usual energy transition, median climate climate damage curve, no carbon mitigation costs",A,Annual,2037,,74607.65,,,,USD_PPP_PS,"US dollars per person, PPP converted",0,Units,2,Two
DATAFLOW,OECD.ECO.MAD:DSD_EO_LTB@DF_EO_LTB(1.0),OECD Economic Outlook 117 long-term scenarios,I,BEL,Belgium,GDPVD_CAP,"Gross domestic product per capita, volume in USD, at constant purchasing power parities",BAU1,"Business-as-usual energy transition, median climate climate damage curve, no carbon mitigation costs",A,Annual,2038,,75622.91,,,,USD_PPP_PS,"US dollars per person, PPP converted",0,Units,2,Two
DATAFLOW,OECD.ECO.MAD:DSD_EO_LTB@DF_EO_LTB(1.0),OECD Economic Outlook 117 long-term scenarios,I,BEL,Belgium,GDPVD_CAP,"Gross domestic product per capita, volume in USD, at constant purchasing power parities",BAU1,"Business-as-usual energy transition, median climate climate damage curve, no carbon mitigation costs",A,Annual,2039,,76600.87,,,,USD_PPP_PS,"US dollars per person, PPP converted",0,Units,2,Two
DATAFLOW,OECD.ECO.MAD:DSD_EO_LTB@DF_EO_LTB(1.0),OECD Economic Outlook 117 long-term scenarios,I,BEL,Belgium,GDPVD_CAP,"Gross domestic product per capita, volume in USD, at constant purchasing power parities",BAU1,"Business-as-usual energy transition, median climate climate damage curve, no carbon mitigation costs",A,Annual,2040,,77557.69,,,,USD_PPP_PS,"US dollars per person, PPP converted",0,Units,2,Two
DATAFLOW,OECD.ECO.MAD:DSD_EO_LTB@DF_EO_LTB(1.0),OECD Economic Outlook 117 long-term scenarios,I,BEL,Belgium,GDPVD_CAP,"Gross domestic product per capita, volume in USD, at constant purchasing power parities",BAU1,"Business-as-usual energy transition, median climate climate damage curve, no carbon mitigation costs",A,Annual,2041,,78511.71,,,,USD_PPP_PS,"US dollars per person, PPP converted",0,Units,2,Two
DATAFLOW,OECD.ECO.MAD:DSD_EO_LTB@DF_EO_LTB(1.0),OECD Economic Outlook 117 long-term scenarios,I,BEL,Belgium,GDPVD_CAP,"Gross domestic product per capita, volume in USD, at constant purchasing power parities",BAU1,"Business-as-usual energy transition, median climate climate damage curve, no carbon mitigation costs",A,Annual,2042,,79461.93,,,,USD_PPP_PS,"US dollars per person, PPP converted",0,Units,2,Two
DATAFLOW,OECD.ECO.MAD:DSD_EO_LTB@DF_EO_LTB(1.0),OECD Economic Outlook 117 long-term scenarios,I,AUT,Austria,GDPVD_CAP,"Gross domestic product per capita, volume in USD, at constant purchasing power parities",BAU1,"Business-as-usual energy transition, median climate climate damage curve, no carbon mitigation costs",A,Annual,2016,,61543.50625,,,,USD_PPP_PS,"US dollars per person, PPP converted",0,Units,2,Two
DATAFLOW,OECD.ECO.MAD:DSD_EO_LTB@DF_EO_LTB(1.0),OECD Economic Outlook 117 long-term scenarios,I,AUT,Austria,GDPVD_CAP,"Gross domestic product per capita, volume in USD, at constant purchasing power parities",BAU1,"Business-as-usual energy transition, median climate climate damage curve, no carbon mitigation costs",A,Annual,2017,,62628.32939,,,,USD_PPP_PS,"US dollars per person, PPP converted",0,Units,2,Two
DATAFLOW,OECD.ECO.MAD:DSD_EO_LTB@DF_EO_LTB(1.0),OECD Economic Outlook 117 long-term scenarios,I,AUT,Austria,GDPVD_CAP,"Gross domestic product per capita, volume in USD, at constant purchasing power parities",BAU1,"Business-as-usual energy transition, median climate climate damage curve, no carbon mitigation costs",A,Annual,2018,,63808.01587,,,,USD_PPP_PS,"US dollars per person, PPP converted",0,Units,2,Two
DATAFLOW,OECD.ECO.MAD:DSD_EO_LTB@DF_EO_LTB(1.0),OECD Economic Outlook 117 long-term scenarios,I,AUT,Austria,GDPVD_CAP,"Gross domestic product per capita, volume in USD, at constant purchasing power parities",BAU1,"Business-as-usual energy transition, median climate climate damage curve, no carbon mitigation costs",A,Annual,2019,,64654.12271,,,,USD_PPP_PS,"US dollars per person, PPP converted",0,Units,2,Two
DATAFLOW,OECD.ECO.MAD:DSD_EO_LTB@DF_EO_LTB(1.0),OECD Economic Outlook 117 long-term scenarios,I,AUT,Austria,GDPVD_CAP,"Gross domestic product per capita, volume in USD, at constant purchasing power parities",BAU1,"Business-as-usual energy transition, median climate climate damage curve, no carbon mitigation costs",A,Annual,2020,,60165.76723,,,,USD_PPP_PS,"US dollars per person, PPP converted",0,Units,2,Two
DATAFLOW,OECD.ECO.MAD:DSD_EO_LTB@DF_EO_LTB(1.0),OECD Economic Outlook 117 long-term scenarios,I,AUT,Austria,GDPVD_CAP,"Gross domestic product per capita, volume in USD, at constant purchasing power parities",BAU1,"Business-as-usual energy transition, median climate climate damage curve, no carbon mitigation costs",A,Annual,2021,,62941.66549,,,,USD_PPP_PS,"US dollars per person, PPP converted",0,Units,2,Two
DATAFLOW,OECD.ECO.MAD:DSD_EO_LTB@DF_EO_LTB(1.0),OECD Economic Outlook 117 long-term scenarios,I,AUT,Austria,GDPVD_CAP,"Gross domestic product per capita, volume in USD, at constant purchasing power parities",BAU1,"Business-as-usual energy transition, median climate climate damage curve, no carbon mitigation costs",A,Annual,2022,,65572.62693,,,,USD_PPP_PS,"US dollars per person, PPP converted",0,Units,2,Two
DATAFLOW,OECD.ECO.MAD:DSD_EO_LTB@DF_EO_LTB(1.0),OECD Economic Outlook 117 long-term scenarios,I,AUT,Austria,GDPVD_CAP,"Gross domestic product per capita, volume in USD, at constant purchasing power parities",BAU1,"Business-as-usual energy transition, median climate climate damage curve, no carbon mitigation costs",A,Annual,2023,,64458.06279,,,,USD_PPP_PS,"US dollars per person, PPP converted",0,Units,2,Two
DATAFLOW,OECD.ECO.MAD:DSD_EO_LTB@DF_EO_LTB(1.0),OECD Economic Outlook 117 long-term scenarios,I,AUT,Austria,GDPVD_CAP,"Gross domestic product per capita, volume in USD, at constant purchasing power parities",BAU1,"Business-as-usual energy transition, median climate climate damage curve, no carbon mitigation costs",A,Annual,2024,,63250.52123,,,,USD_PPP_PS,"US dollars per person, PPP converted",0,Units,2,Two
DATAFLOW,OECD.ECO.MAD:DSD_EO_LTB@DF_EO_LTB(1.0),OECD Economic Outlook 117 long-term scenarios,I,AUT,Austria,GDPVD_CAP,"Gross domestic product per capita, volume in USD, at constant purchasing power parities",BAU1,"Business-as-usual energy transition, median climate climate damage curve, no carbon mitigation costs",A,Annual,2025,,62963.14442,,,,USD_PPP_PS,"US dollars per person, PPP converted",0,Units,2,Two
DATAFLOW,OECD.ECO.MAD:DSD_EO_LTB@DF_EO_LTB(1.0),OECD Economic Outlook 117 long-term scenarios,I,AUT,Austria,GDPVD_CAP,"Gross domestic product per capita, volume in USD, at constant purchasing power parities",BAU1,"Business-as-usual energy transition, median climate climate damage curve, no carbon mitigation costs",A,Annual,2026,,63580.49807,,,,USD_PPP_PS,"US dollars per person, PPP converted",0,Units,2,Two
DATAFLOW,OECD.ECO.MAD:DSD_EO_LTB@DF_EO_LTB(1.0),OECD Economic Outlook 117 long-term scenarios,I,AUT,Austria,GDPVD_CAP,"Gross domestic product per capita, volume in USD, at constant purchasing power parities",BAU1,"Business-as-usual energy transition, median climate climate damage curve, no carbon mitigation costs",A,Annual,2027,,64983.96,,,,USD_PPP_PS,"US dollars per person, PPP converted",0,Units,2,Two
DATAFLOW,OECD.ECO.MAD:DSD_EO_LTB@DF_EO_LTB(1.0),OECD Economic Outlook 117 long-term scenarios,I,AUT,Austria,GDPVD_CAP,"Gross domestic product per capita, volume in USD, at constant purchasing power parities",BAU1,"Business-as-usual energy transition, median climate climate damage curve, no carbon mitigation costs",A,Annual,2028,,66031,,,,USD_PPP_PS,"US dollars per person, PPP converted",0,Units,2,Two
DATAFLOW,OECD.ECO.MAD:DSD_EO_LTB@DF_EO_LTB(1.0),OECD Economic Outlook 117 long-term scenarios,I,AUT,Austria,GDPVD_CAP,"Gross domestic product per capita, volume in USD, at constant purchasing power parities",BAU1,"Business-as-usual energy transition, median climate climate damage curve, no carbon mitigation costs",A,Annual,2029,,66898.02,,,,USD_PPP_PS,"US dollars per person, PPP converted",0,Units,2,Two
DATAFLOW,OECD.ECO.MAD:DSD_EO_LTB@DF_EO_LTB(1.0),OECD Economic Outlook 117 long-term scenarios,I,AUT,Austria,GDPVD_CAP,"Gross domestic product per capita, volume in USD, at constant purchasing power parities",BAU1,"Business-as-usual energy transition, median climate climate damage curve, no carbon mitigation costs",A,Annual,2030,,67696.05,,,,USD_PPP_PS,"US dollars per person, PPP converted",0,Units,2,Two
DATAFLOW,OECD.ECO.MAD:DSD_EO_LTB@DF_EO_LTB(1.0),OECD Economic Outlook 117 long-term scenarios,I,AUT,Austria,GDPVD_CAP,"Gross domestic product per capita, volume in USD, at constant purchasing power parities",BAU1,"Business-as-usual energy transition, median climate climate damage curve, no carbon mitigation costs",A,Annual,2031,,68475.88,,,,USD_PPP_PS,"US dollars per person, PPP converted",0,Units,2,Two
DATAFLOW,OECD.ECO.MAD:DSD_EO_LTB@DF_EO_LTB(1.0),OECD Economic Outlook 117 long-term scenarios,I,AUT,Austria,GDPVD_CAP,"Gross domestic product per capita, volume in USD, at constant purchasing power parities",BAU1,"Business-as-usual energy transition, median climate climate damage curve, no carbon mitigation costs",A,Annual,2032,,69256.47,,,,USD_PPP_PS,"US dollars per person, PPP converted",0,Units,2,Two
DATAFLOW,OECD.ECO.MAD:DSD_EO_LTB@DF_EO_LTB(1.0),OECD Economic Outlook 117 long-term scenarios,I,AUT,Austria,GDPVD_CAP,"Gross domestic product per capita, volume in USD, at constant purchasing power parities",BAU1,"Business-as-usual energy transition, median climate climate damage curve, no carbon mitigation costs",A,Annual,2033,,70078.21,,,,USD_PPP_PS,"US dollars per person, PPP converted",0,Units,2,Two
DATAFLOW,OECD.ECO.MAD:DSD_EO_LTB@DF_EO_LTB(1.0),OECD Economic Outlook 117 long-term scenarios,I,AUT,Austria,GDPVD_CAP,"Gross domestic product per capita, volume in USD, at constant purchasing power parities",BAU1,"Business-as-usual energy transition, median climate climate damage curve, no carbon mitigation costs",A,Annual,2034,,70945.66,,,,USD_PPP_PS,"US dollars per person, PPP converted",0,Units,2,Two
DATAFLOW,OECD.ECO.MAD:DSD_EO_LTB@DF_EO_LTB(1.0),OECD Economic Outlook 117 long-term scenarios,I,AUT,Austria,GDPVD_CAP,"Gross domestic product per capita, volume in USD, at constant purchasing power parities",BAU1,"Business-as-usual energy transition, median climate climate damage curve, no carbon mitigation costs",A,Annual,2035,,71902.67,,,,USD_PPP_PS,"US dollars per person, PPP converted",0,Units,2,Two
DATAFLOW,OECD.ECO.MAD:DSD_EO_LTB@DF_EO_LTB(1.0),OECD Economic Outlook 117 long-term scenarios,I,AUT,Austria,GDPVD_CAP,"Gross domestic product per capita, volume in USD, at constant purchasing power parities",BAU1,"Business-as-usual energy transition, median climate climate damage curve, no carbon mitigation costs",A,Annual,2036,,72932.57,,,,USD_PPP_PS,"US dollars per person, PPP converted",0,Units,2,Two
DATAFLOW,OECD.ECO.MAD:DSD_EO_LTB@DF_EO_LTB(1.0),OECD Economic Outlook 117 long-term scenarios,I,AUT,Austria,GDPVD_CAP,"Gross domestic product per capita, volume in USD, at constant purchasing power parities",BAU1,"Business-as-usual energy transition, median climate climate damage curve, no carbon mitigation costs",A,Annual,2037,,73987.33,,,,USD_PPP_PS,"US dollars per person, PPP converted",0,Units,2,Two
DATAFLOW,OECD.ECO.MAD:DSD_EO_LTB@DF_EO_LTB(1.0),OECD Economic Outlook 117 long-term scenarios,I,AUT,Austria,GDPVD_CAP,"Gross domestic product per capita, volume in USD, at constant purchasing power parities",BAU1,"Business-as-usual energy transition, median climate climate damage curve, no carbon mitigation costs",A,Annual,2038,,75066.33,,,,USD_PPP_PS,"US dollars per person, PPP converted",0,Units,2,Two
DATAFLOW,OECD.ECO.MAD:DSD_EO_LTB@DF_EO_LTB(1.0),OECD Economic Outlook 117 long-term scenarios,I,AUT,Austria,GDPVD_CAP,"Gross domestic product per capita, volume in USD, at constant purchasing power parities",BAU1,"Business-as-usual energy transition, median climate climate damage curve, no carbon mitigation costs",A,Annual,2039,,76104.43,,,,USD_PPP_PS,"US dollars per person, PPP converted",0,Units,2,Two
DATAFLOW,OECD.ECO.MAD:DSD_EO_LTB@DF_EO_LTB(1.0),OECD Economic Outlook 117 long-term scenarios,I,AUT,Austria,GDPVD_CAP,"Gross domestic product per capita, volume in USD, at constant purchasing power parities",BAU1,"Business-as-usual energy transition, median climate climate damage curve, no carbon mitigation costs",A,Annual,2040,,77148.44,,,,USD_PPP_PS,"US dollars per person, PPP converted",0,Units,2,Two
DATAFLOW,OECD.ECO.MAD:DSD_EO_LTB@DF_EO_LTB(1.0),OECD Economic Outlook 117 long-term scenarios,I,AUT,Austria,GDPVD_CAP,"Gross domestic product per capita, volume in USD, at constant purchasing power parities",BAU1,"Business-as-usual energy transition, median climate climate damage curve, no carbon mitigation costs",A,Annual,2041,,78183.38,,,,USD_PPP_PS,"US dollars per person, PPP converted",0,Units,2,Two
DATAFLOW,OECD.ECO.MAD:DSD_EO_LTB@DF_EO_LTB(1.0),OECD Economic Outlook 117 long-term scenarios,I,AUT,Austria,GDPVD_CAP,"Gross domestic product per capita, volume in USD, at constant purchasing power parities",BAU1,"Business-as-usual energy transition, median climate climate damage curve, no carbon mitigation costs",A,Annual,2042,,79198.12,,,,USD_PPP_PS,"US dollars per person, PPP converted",0,Units,2,Two
DATAFLOW,OECD.ECO.MAD:DSD_EO_LTB@DF_EO_LTB(1.0),OECD Economic Outlook 117 long-term scenarios,I,AUT,Austria,GDPVD_CAP,"Gross domestic product per capita, volume in USD, at constant purchasing power parities",BAU1,"Business-as-usual energy transition, median climate climate damage curve, no carbon mitigation costs",A,Annual,2043,,80194.92,,,,USD_PPP_PS,"US dollars per person, PPP converted",0,Units,2,Two
DATAFLOW,OECD.ECO.MAD:DSD_EO_LTB@DF_EO_LTB(1.0),OECD Economic Outlook 117 long-term scenarios,I,AUT,Austria,GDPVD_CAP,"Gross domestic product per capita, volume in USD, at constant purchasing power parities",BAU1,"Business-as-usual energy transition, median climate climate damage curve, no carbon mitigation costs",A,Annual,2044,,81155.9,,,,USD_PPP_PS,"US dollars per person, PPP converted",0,Units,2,Two
DATAFLOW,OECD.ECO.MAD:DSD_EO_LTB@DF_EO_LTB(1.0),OECD Economic Outlook 117 long-term scenarios,I,AUT,Austria,GDPVD_CAP,"Gross domestic product per capita, volume in USD, at constant purchasing power parities",BAU1,"Business-as-usual energy transition, median climate climate damage curve, no carbon mitigation costs",A,Annual,2045,,82108.34,,,,USD_PPP_PS,"US dollars per person, PPP converted",0,Units,2,Two
DATAFLOW,OECD.ECO.MAD:DSD_EO_LTB@DF_EO_LTB(1.0),OECD Economic Outlook 117 long-term scenarios,I,AUT,Austria,GDPVD_CAP,"Gross domestic product per capita, volume in USD, at constant purchasing power parities",BAU1,"Business-as-usual energy transition, median climate climate damage curve, no carbon mitigation costs",A,Annual,2046,,83036.99,,,,USD_PPP_PS,"US dollars per person, PPP converted",0,Units,2,Two
DATAFLOW,OECD.ECO.MAD:DSD_EO_LTB@DF_EO_LTB(1.0),OECD Economic Outlook 117 long-term scenarios,I,AUT,Austria,GDPVD_CAP,"Gross domestic product per capita, volume in USD, at constant purchasing power parities",BAU1,"Business-as-usual energy transition, median climate climate damage curve, no carbon mitigation costs",A,Annual,2047,,83954.86,,,,USD_PPP_PS,"US dollars per person, PPP converted",0,Units,2,Two
DATAFLOW,OECD.ECO.MAD:DSD_EO_LTB@DF_EO_LTB(1.0),OECD Economic Outlook 117 long-term scenarios,I,AUT,Austria,GDPVD_CAP,"Gross domestic product per capita, volume in USD, at constant purchasing power parities",BAU1,"Business-as-usual energy transition, median climate climate damage curve, no carbon mitigation costs",A,Annual,2048,,84860.52,,,,USD_PPP_PS,"US dollars per person, PPP converted",0,Units,2,Two
DATAFLOW,OECD.ECO.MAD:DSD_EO_LTB@DF_EO_LTB(1.0),OECD Economic Outlook 117 long-term scenarios,I,AUT,Austria,GDPVD_CAP,"Gross domestic product per capita, volume in USD, at constant purchasing power parities",BAU1,"Business-as-usual energy transition, median climate climate damage curve, no carbon mitigation costs",A,Annual,2049,,85757.27,,,,USD_PPP_PS,"US dollars per person, PPP converted",0,Units,2,Two
DATAFLOW,OECD.ECO.MAD:DSD_EO_LTB@DF_EO_LTB(1.0),OECD Economic Outlook 117 long-term scenarios,I,AUT,Austria,GDPVD_CAP,"Gross domestic product per capita, volume in USD, at constant purchasing power parities",BAU1,"Business-as-usual energy transition, median climate climate damage curve, no carbon mitigation costs",A,Annual,2050,,86650.98,,,,USD_PPP_PS,"US dollars per person, PPP converted",0,Units,2,Two
DATAFLOW,OECD.ECO.MAD:DSD_EO_LTB@DF_EO_LTB(1.0),OECD Economic Outlook 117 long-term scenarios,I,AUT,Austria,GDPVD_CAP,"Gross domestic product per capita, volume in USD, at constant purchasing power parities",BAU1,"Business-as-usual energy transition, median climate climate damage curve, no carbon mitigation costs",A,Annual,2051,,87539.23,,,,USD_PPP_PS,"US dollars per person, PPP converted",0,Units,2,Two
DATAFLOW,OECD.ECO.MAD:DSD_EO_LTB@DF_EO_LTB(1.0),OECD Economic Outlook 117 long-term scenarios,I,AUT,Austria,GDPVD_CAP,"Gross domestic product per capita, volume in USD, at constant purchasing power parities",BAU1,"Business-as-usual energy transition, median climate climate damage curve, no carbon mitigation costs",A,Annual,2052,,88433.45,,,,USD_PPP_PS,"US dollars per person, PPP converted",0,Units,2,Two
DATAFLOW,OECD.ECO.MAD:DSD_EO_LTB@DF_EO_LTB(1.0),OECD Economic Outlook 117 long-term scenarios,I,AUT,Austria,GDPVD_CAP,"Gross domestic product per capita, volume in USD, at constant purchasing power parities",BAU1,"Business-as-usual energy transition, median climate climate damage curve, no carbon mitigation costs",A,Annual,2053,,89353.15,,,,USD_PPP_PS,"US dollars per person, PPP converted",0,Units,2,Two
DATAFLOW,OECD.ECO.MAD:DSD_EO_LTB@DF_EO_LTB(1.0),OECD Economic Outlook 117 long-term scenarios,I,AUT,Austria,GDPVD_CAP,"Gross domestic product per capita, volume in USD, at constant purchasing power parities",BAU1,"Business-as-usual energy transition, median climate climate damage curve, no carbon mitigation costs",A,Annual,2054,,90302.38,,,,USD_PPP_PS,"US dollars per person, PPP converted",0,Units,2,Two
DATAFLOW,OECD.ECO.MAD:DSD_EO_LTB@DF_EO_LTB(1.0),OECD Economic Outlook 117 long-term scenarios,I,AUT,Austria,GDPVD_CAP,"Gross domestic product per capita, volume in USD, at constant purchasing power parities",BAU1,"Business-as-usual energy transition, median climate climate damage curve, no carbon mitigation costs",A,Annual,2055,,91261.13,,,,USD_PPP_PS,"US dollars per person, PPP converted",0,Units,2,Two
DATAFLOW,OECD.ECO.MAD:DSD_EO_LTB@DF_EO_LTB(1.0),OECD Economic Outlook 117 long-term scenarios,I,AUT,Austria,GDPVD_CAP,"Gross domestic product per capita, volume in USD, at constant purchasing power parities",BAU1,"Business-as-usual energy transition, median climate climate damage curve, no carbon mitigation costs",A,Annual,2056,,92230.09,,,,USD_PPP_PS,"US dollars per person, PPP converted",0,Units,2,Two
DATAFLOW,OECD.ECO.MAD:DSD_EO_LTB@DF_EO_LTB(1.0),OECD Economic Outlook 117 long-term scenarios,I,AUT,Austria,GDPVD_CAP,"Gross domestic product per capita, volume in USD, at constant purchasing power parities",BAU1,"Business-as-usual energy transition, median climate climate damage curve, no carbon mitigation costs",A,Annual,2057,,93225.9,,,,USD_PPP_PS,"US dollars per person, PPP converted",0,Units,2,Two
DATAFLOW,OECD.ECO.MAD:DSD_EO_LTB@DF_EO_LTB(1.0),OECD Economic Outlook 117 long-term scenarios,I,AUT,Austria,GDPVD_CAP,"Gross domestic product per capita, volume in USD, at constant purchasing power parities",BAU1,"Business-as-usual energy transition, median climate climate damage curve, no carbon mitigation costs",A,Annual,2058,,94297.57,,,,USD_PPP_PS,"US dollars per person, PPP converted",0,Units,2,Two
DATAFLOW,OECD.ECO.MAD:DSD_EO_LTB@DF_EO_LTB(1.0),OECD Economic Outlook 117 long-term scenarios,I,AUT,Austria,GDPVD_CAP,"Gross domestic product per capita, volume in USD, at constant purchasing power parities",BAU1,"Business-as-usual energy transition, median climate climate damage curve, no carbon mitigation costs",A,Annual,2059,,95436.05,,,,USD_PPP_PS,"US dollars per person, PPP converted",0,Units,2,Two
DATAFLOW,OECD.ECO.MAD:DSD_EO_LTB@DF_EO_LTB(1.0),OECD Economic Outlook 117 long-term scenarios,I,AUT,Austria,GDPVD_CAP,"Gross domestic product per capita, volume in USD, at constant purchasing power parities",BAU1,"Business-as-usual energy transition, median climate climate damage curve, no carbon mitigation costs",A,Annual,2060,,96652.66,,,,USD_PPP_PS,"US dollars per person, PPP converted",0,Units,2,Two
DATAFLOW,OECD.ECO.MAD:DSD_EO_LTB@DF_EO_LTB(1.0),OECD Economic Outlook 117 long-term scenarios,I,ROU,Romania,GDPVD_CAP,"Gross domestic product per capita, volume in USD, at constant purchasing power parities",BAU1,"Business-as-usual energy transition, median climate climate damage curve, no carbon mitigation costs",A,Annual,1995,,15660.11506,,,,USD_PPP_PS,"US dollars per person, PPP converted",0,Units,2,Two
DATAFLOW,OECD.ECO.MAD:DSD_EO_LTB@DF_EO_LTB(1.0),OECD Economic Outlook 117 long-term scenarios,I,ROU,Romania,GDPVD_CAP,"Gross domestic product per capita, volume in USD, at constant purchasing power parities",BAU1,"Business-as-usual energy transition, median climate climate damage curve, no carbon mitigation costs",A,Annual,1996,,16324.84583,,,,USD_PPP_PS,"US dollars per person, PPP converted",0,Units,2,Two
DATAFLOW,OECD.ECO.MAD:DSD_EO_LTB@DF_EO_LTB(1.0),OECD Economic Outlook 117 long-term scenarios,I,ROU,Romania,GDPVD_CAP,"Gross domestic product per capita, volume in USD, at constant purchasing power parities",BAU1,"Business-as-usual energy transition, median climate climate damage curve, no carbon mitigation costs",A,Annual,1997,,15575.74103,,,,USD_PPP_PS,"US dollars per person, PPP converted",0,Units,2,Two
DATAFLOW,OECD.ECO.MAD:DSD_EO_LTB@DF_EO_LTB(1.0),OECD Economic Outlook 117 long-term scenarios,I,ROU,Romania,GDPVD_CAP,"Gross domestic product per capita, volume in USD, at constant purchasing power parities",BAU1,"Business-as-usual energy transition, median climate climate damage curve, no carbon mitigation costs",A,Annual,1998,,15288.83256,,,,USD_PPP_PS,"US dollars per person, PPP converted",0,Units,2,Two
DATAFLOW,OECD.ECO.MAD:DSD_EO_LTB@DF_EO_LTB(1.0),OECD Economic Outlook 117 long-term scenarios,I,ROU,Romania,GDPVD_CAP,"Gross domestic product per capita, volume in USD, at constant purchasing power parities",BAU1,"Business-as-usual energy transition, median climate climate damage curve, no carbon mitigation costs",A,Annual,1999,,15261.61306,,,,USD_PPP_PS,"US dollars per person, PPP converted",0,Units,2,Two
DATAFLOW,OECD.ECO.MAD:DSD_EO_LTB@DF_EO_LTB(1.0),OECD Economic Outlook 117 long-term scenarios,I,ROU,Romania,GDPVD_CAP,"Gross domestic product per capita, volume in USD, at constant purchasing power parities",BAU1,"Business-as-usual energy transition, median climate climate damage curve, no carbon mitigation costs",A,Annual,2000,,15653.13839,,,,USD_PPP_PS,"US dollars per person, PPP converted",0,Units,2,Two
DATAFLOW,OECD.ECO.MAD:DSD_EO_LTB@DF_EO_LTB(1.0),OECD Economic Outlook 117 long-term scenarios,I,ROU,Romania,GDPVD_CAP,"Gross domestic product per capita, volume in USD, at constant purchasing power parities",BAU1,"Business-as-usual energy transition, median climate climate damage curve, no carbon mitigation costs",A,Annual,2001,,16489.659,,,,USD_PPP_PS,"US dollars per person, PPP converted",0,Units,2,Two
DATAFLOW,OECD.ECO.MAD:DSD_EO_LTB@DF_EO_LTB(1.0),OECD Economic Outlook 117 long-term scenarios,I,ROU,Romania,GDPVD_CAP,"Gross domestic product per capita, volume in USD, at constant purchasing power parities",BAU1,"Business-as-usual energy transition, median climate climate damage curve, no carbon mitigation costs",A,Annual,2002,,18019.17062,,,,USD_PPP_PS,"US dollars per person, PPP converted",0,Units,2,Two
DATAFLOW,OECD.ECO.MAD:DSD_EO_LTB@DF_EO_LTB(1.0),OECD Economic Outlook 117 long-term scenarios,I,ROU,Romania,GDPVD_CAP,"Gross domestic product per capita, volume in USD, at constant purchasing power parities",BAU1,"Business-as-usual energy transition, median climate climate damage curve, no carbon mitigation costs",A,Annual,2003,,18527.7077,,,,USD_PPP_PS,"US dollars per person, PPP converted",0,Units,2,Two
DATAFLOW,OECD.ECO.MAD:DSD_EO_LTB@DF_EO_LTB(1.0),OECD Economic Outlook 117 long-term scenarios,I,ROU,Romania,GDPVD_CAP,"Gross domestic product per capita, volume in USD, at constant purchasing power parities",BAU1,"Business-as-usual energy transition, median climate climate damage curve, no carbon mitigation costs",A,Annual,2004,,20576.65353,,,,USD_PPP_PS,"US dollars per person, PPP converted",0,Units,2,Two
DATAFLOW,OECD.ECO.MAD:DSD_EO_LTB@DF_EO_LTB(1.0),OECD Economic Outlook 117 long-term scenarios,I,ROU,Romania,GDPVD_CAP,"Gross domestic product per capita, volume in USD, at constant purchasing power parities",BAU1,"Business-as-usual energy transition, median climate climate damage curve, no carbon mitigation costs",A,Annual,2005,,21670.72984,,,,USD_PPP_PS,"US dollars per person, PPP converted",0,Units,2,Two
DATAFLOW,OECD.ECO.MAD:DSD_EO_LTB@DF_EO_LTB(1.0),OECD Economic Outlook 117 long-term scenarios,I,ROU,Romania,GDPVD_CAP,"Gross domestic product per capita, volume in USD, at constant purchasing power parities",BAU1,"Business-as-usual energy transition, median climate climate damage curve, no carbon mitigation costs",A,Annual,2006,,23549.72312,,,,USD_PPP_PS,"US dollars per person, PPP converted",0,Units,2,Two
DATAFLOW,OECD.ECO.MAD:DSD_EO_LTB@DF_EO_LTB(1.0),OECD Economic Outlook 117 long-term scenarios,I,ROU,Romania,GDPVD_CAP,"Gross domestic product per capita, volume in USD, at constant purchasing power parities",BAU1,"Business-as-usual energy transition, median climate climate damage curve, no carbon mitigation costs",A,Annual,2007,,25629.07206,,,,USD_PPP_PS,"US dollars per person, PPP converted",0,Units,2,Two
DATAFLOW,OECD.ECO.MAD:DSD_EO_LTB@DF_EO_LTB(1.0),OECD Economic Outlook 117 long-term scenarios,I,ROU,Romania,GDPVD_CAP,"Gross domestic product per capita, volume in USD, at constant purchasing power parities",BAU1,"Business-as-usual energy transition, median climate climate damage curve, no carbon mitigation costs",A,Annual,2008,,28485.26382,,,,USD_PPP_PS,"US dollars per person, PPP converted",0,Units,2,Two
DATAFLOW,OECD.ECO.MAD:DSD_EO_LTB@DF_EO_LTB(1.0),OECD Economic Outlook 117 long-term scenarios,I,ROU,Romania,GDPVD_CAP,"Gross domestic product per capita, volume in USD, at constant purchasing power parities",BAU1,"Business-as-usual energy transition, median climate climate damage curve, no carbon mitigation costs",A,Annual,2009,,27138.99296,,,,USD_PPP_PS,"US dollars per person, PPP converted",0,Units,2,Two
DATAFLOW,OECD.ECO.MAD:DSD_EO_LTB@DF_EO_LTB(1.0),OECD Economic Outlook 117 long-term scenarios,I,ROU,Romania,GDPVD_CAP,"Gross domestic product per capita, volume in USD, at constant purchasing power parities",BAU1,"Business-as-usual energy transition, median climate climate damage curve, no carbon mitigation costs",A,Annual,2010,,26234.39214,,,,USD_PPP_PS,"US dollars per person, PPP converted",0,Units,2,Two
DATAFLOW,OECD.ECO.MAD:DSD_EO_LTB@DF_EO_LTB(1.0),OECD Economic Outlook 117 long-term scenarios,I,ROU,Romania,GDPVD_CAP,"Gross domestic product per capita, volume in USD, at constant purchasing power parities",BAU1,"Business-as-usual energy transition, median climate climate damage curve, no carbon mitigation costs",A,Annual,2011,,27548.67686,,,,USD_PPP_PS,"US dollars per person, PPP converted",0,Units,2,Two
DATAFLOW,OECD.ECO.MAD:DSD_EO_LTB@DF_EO_LTB(1.0),OECD Economic Outlook 117 long-term scenarios,I,ROU,Romania,GDPVD_CAP,"Gross domestic product per capita, volume in USD, at constant purchasing power parities",BAU1,"Business-as-usual energy transition, median climate climate damage curve, no carbon mitigation costs",A,Annual,2012,,28195.52127,,,,USD_PPP_PS,"US dollars per person, PPP converted",0,Units,2,Two
DATAFLOW,OECD.ECO.MAD:DSD_EO_LTB@DF_EO_LTB(1.0),OECD Economic Outlook 117 long-term scenarios,I,ROU,Romania,GDPVD_CAP,"Gross domestic product per capita, volume in USD, at constant purchasing power parities",BAU1,"Business-as-usual energy transition, median climate climate damage curve, no carbon mitigation costs",A,Annual,2013,,28375.24221,,,,USD_PPP_PS,"US dollars per person, PPP converted",0,Units,2,Two
DATAFLOW,OECD.ECO.MAD:DSD_EO_LTB@DF_EO_LTB(1.0),OECD Economic Outlook 117 long-term scenarios,I,ROU,Romania,GDPVD_CAP,"Gross domestic product per capita, volume in USD, at constant purchasing power parities",BAU1,"Business-as-usual energy transition, median climate climate damage curve, no carbon mitigation costs",A,Annual,2014,,29650.32225,,,,USD_PPP_PS,"US dollars per person, PPP converted",0,Units,2,Two
DATAFLOW,OECD.ECO.MAD:DSD_EO_LTB@DF_EO_LTB(1.0),OECD Economic Outlook 117 long-term scenarios,I,ROU,Romania,GDPVD_CAP,"Gross domestic product per capita, volume in USD, at constant purchasing power parities",BAU1,"Business-as-usual energy transition, median climate climate damage curve, no carbon mitigation costs",A,Annual,2015,,30731.74861,,,,USD_PPP_PS,"US dollars per person, PPP converted",0,Units,2,Two
DATAFLOW,OECD.ECO.MAD:DSD_EO_LTB@DF_EO_LTB(1.0),OECD Economic Outlook 117 long-term scenarios,I,ROU,Romania,GDPVD_CAP,"Gross domestic product per capita, volume in USD, at constant purchasing power parities",BAU1,"Business-as-usual energy transition, median climate climate damage curve, no carbon mitigation costs",A,Annual,2016,,31796.4603,,,,USD_PPP_PS,"US dollars per person, PPP converted",0,Units,2,Two
DATAFLOW,OECD.ECO.MAD:DSD_EO_LTB@DF_EO_LTB(1.0),OECD Economic Outlook 117 long-term scenarios,I,ROU,Romania,GDPVD_CAP,"Gross domestic product per capita, volume in USD, at constant purchasing power parities",BAU1,"Business-as-usual energy transition, median climate climate damage curve, no carbon mitigation costs",A,Annual,2017,,34601.60094,,,,USD_PPP_PS,"US dollars per person, PPP converted",0,Units,2,Two
DATAFLOW,OECD.ECO.MAD:DSD_EO_LTB@DF_EO_LTB(1.0),OECD Economic Outlook 117 long-term scenarios,I,ROU,Romania,GDPVD_CAP,"Gross domestic product per capita, volume in USD, at constant purchasing power parities",BAU1,"Business-as-usual energy transition, median climate climate damage curve, no carbon mitigation costs",A,Annual,2018,,36925.13744,,,,USD_PPP_PS,"US dollars per person, PPP converted",0,Units,2,Two
DATAFLOW,OECD.ECO.MAD:DSD_EO_LTB@DF_EO_LTB(1.0),OECD Economic Outlook 117 long-term scenarios,I,ROU,Romania,GDPVD_CAP,"Gross domestic product per capita, volume in USD, at constant purchasing power parities",BAU1,"Business-as-usual energy transition, median climate climate damage curve, no carbon mitigation costs",A,Annual,2019,,38551.11191,,,,USD_PPP_PS,"US dollars per person, PPP converted",0,Units,2,Two
DATAFLOW,OECD.ECO.MAD:DSD_EO_LTB@DF_EO_LTB(1.0),OECD Economic Outlook 117 long-term scenarios,I,ROU,Romania,GDPVD_CAP,"Gross domestic product per capita, volume in USD, at constant purchasing power parities",BAU1,"Business-as-usual energy transition, median climate climate damage curve, no carbon mitigation costs",A,Annual,2020,,37323.48066,,,,USD_PPP_PS,"US dollars per person, PPP converted",0,Units,2,Two
DATAFLOW,OECD.ECO.MAD:DSD_EO_LTB@DF_EO_LTB(1.0),OECD Economic Outlook 117 long-term scenarios,I,ROU,Romania,GDPVD_CAP,"Gross domestic product per capita, volume in USD, at constant purchasing power parities",BAU1,"Business-as-usual energy transition, median climate climate damage curve, no carbon mitigation costs",A,Annual,2021,,39713.68124,,,,USD_PPP_PS,"US dollars per person, PPP converted",0,Units,2,Two
DATAFLOW,OECD.ECO.MAD:DSD_EO_LTB@DF_EO_LTB(1.0),OECD Economic Outlook 117 long-term scenarios,I,ROU,Romania,GDPVD_CAP,"Gross domestic product per capita, volume in USD, at constant purchasing power parities",BAU1,"Business-as-usual energy transition, median climate climate damage curve, no carbon mitigation costs",A,Annual,2022,,41478.5873,,,,USD_PPP_PS,"US dollars per person, PPP converted",0,Units,2,Two
DATAFLOW,OECD.ECO.MAD:DSD_EO_LTB@DF_EO_LTB(1.0),OECD Economic Outlook 117 long-term scenarios,I,ROU,Romania,GDPVD_CAP,"Gross domestic product per capita, volume in USD, at constant purchasing power parities",BAU1,"Business-as-usual energy transition, median climate climate damage curve, no carbon mitigation costs",A,Annual,2023,,42447.92777,,,,USD_PPP_PS,"US dollars per person, PPP converted",0,Units,2,Two
DATAFLOW,OECD.ECO.MAD:DSD_EO_LTB@DF_EO_LTB(1.0),OECD Economic Outlook 117 long-term scenarios,I,ROU,Romania,GDPVD_CAP,"Gross domestic product per capita, volume in USD, at constant purchasing power parities",BAU1,"Business-as-usual energy transition, median climate climate damage curve, no carbon mitigation costs",A,Annual,2024,,42788.02854,,,,USD_PPP_PS,"US dollars per person, PPP converted",0,Units,2,Two
DATAFLOW,OECD.ECO.MAD:DSD_EO_LTB@DF_EO_LTB(1.0),OECD Economic Outlook 117 long-term scenarios,I,ROU,Romania,GDPVD_CAP,"Gross domestic product per capita, volume in USD, at constant purchasing power parities",BAU1,"Business-as-usual energy transition, median climate climate damage curve, no carbon mitigation costs",A,Annual,2025,,43500.46193,,,,USD_PPP_PS,"US dollars per person, PPP converted",0,Units,2,Two
DATAFLOW,OECD.ECO.MAD:DSD_EO_LTB@DF_EO_LTB(1.0),OECD Economic Outlook 117 long-term scenarios,I,ROU,Romania,GDPVD_CAP,"Gross domestic product per capita, volume in USD, at constant purchasing power parities",BAU1,"Business-as-usual energy transition, median climate climate damage curve, no carbon mitigation costs",A,Annual,2026,,44798.82235,,,,USD_PPP_PS,"US dollars per person, PPP converted",0,Units,2,Two
DATAFLOW,OECD.ECO.MAD:DSD_EO_LTB@DF_EO_LTB(1.0),OECD Economic Outlook 117 long-term scenarios,I,ROU,Romania,GDPVD_CAP,"Gross domestic product per capita, volume in USD, at constant purchasing power parities",BAU1,"Business-as-usual energy transition, median climate climate damage curve, no carbon mitigation costs",A,Annual,2027,,46777.29,,,,USD_PPP_PS,"US dollars per person, PPP converted",0,Units,2,Two
DATAFLOW,OECD.ECO.MAD:DSD_EO_LTB@DF_EO_LTB(1.0),OECD Economic Outlook 117 long-term scenarios,I,ROU,Romania,GDPVD_CAP,"Gross domestic product per capita, volume in USD, at constant purchasing power parities",BAU1,"Business-as-usual energy transition, median climate climate damage curve, no carbon mitigation costs",A,Annual,2028,,48370.49,,,,USD_PPP_PS,"US dollars per person, PPP converted",0,Units,2,Two
DATAFLOW,OECD.ECO.MAD:DSD_EO_LTB@DF_EO_LTB(1.0),OECD Economic Outlook 117 long-term scenarios,I,ROU,Romania,GDPVD_CAP,"Gross domestic product per capita, volume in USD, at constant purchasing power parities",BAU1,"Business-as-usual energy transition, median climate climate damage curve, no carbon mitigation costs",A,Annual,2029,,49695.88,,,,USD_PPP_PS,"US dollars per person, PPP converted",0,Units,2,Two
DATAFLOW,OECD.ECO.MAD:DSD_EO_LTB@DF_EO_LTB(1.0),OECD Economic Outlook 117 long-term scenarios,I,ROU,Romania,GDPVD_CAP,"Gross domestic product per capita, volume in USD, at constant purchasing power parities",BAU1,"Business-as-usual energy transition, median climate climate damage curve, no carbon mitigation costs",A,Annual,2030,,50823.15,,,,USD_PPP_PS,"US dollars per person, PPP converted",0,Units,2,Two
DATAFLOW,OECD.ECO.MAD:DSD_EO_LTB@DF_EO_LTB(1.0),OECD Economic Outlook 117 long-term scenarios,I,ROU,Romania,GDPVD_CAP,"Gross domestic product per capita, volume in USD, at constant purchasing power parities",BAU1,"Business-as-usual energy transition, median climate climate damage curve, no carbon mitigation costs",A,Annual,2031,,51797.74,,,,USD_PPP_PS,"US dollars per person, PPP converted",0,Units,2,Two
DATAFLOW,OECD.ECO.MAD:DSD_EO_LTB@DF_EO_LTB(1.0),OECD Economic Outlook 117 long-term scenarios,I,ROU,Romania,GDPVD_CAP,"Gross domestic product per capita, volume in USD, at constant purchasing power parities",BAU1,"Business-as-usual energy transition, median climate climate damage curve, no carbon mitigation costs",A,Annual,2032,,52679.35,,,,USD_PPP_PS,"US dollars per person, PPP converted",0,Units,2,Two
DATAFLOW,OECD.ECO.MAD:DSD_EO_LTB@DF_EO_LTB(1.0),OECD Economic Outlook 117 long-term scenarios,I,ROU,Romania,GDPVD_CAP,"Gross domestic product per capita, volume in USD, at constant purchasing power parities",BAU1,"Business-as-usual energy transition, median climate climate damage curve, no carbon mitigation costs",A,Annual,2033,,53496.71,,,,USD_PPP_PS,"US dollars per person, PPP converted",0,Units,2,Two
DATAFLOW,OECD.ECO.MAD:DSD_EO_LTB@DF_EO_LTB(1.0),OECD Economic Outlook 117 long-term scenarios,I,ROU,Romania,GDPVD_CAP,"Gross domestic product per capita, volume in USD, at constant purchasing power parities",BAU1,"Business-as-usual energy transition, median climate climate damage curve, no carbon mitigation costs",A,Annual,2034,,54261.75,,,,USD_PPP_PS,"US dollars per person, PPP converted",0,Units,2,Two
DATAFLOW,OECD.ECO.MAD:DSD_EO_LTB@DF_EO_LTB(1.0),OECD Economic Outlook 117 long-term scenarios,I,ROU,Romania,GDPVD_CAP,"Gross domestic product per capita, volume in USD, at constant purchasing power parities",BAU1,"Business-as-usual energy transition, median climate climate damage curve, no carbon mitigation costs",A,Annual,2035,,54971.49,,,,USD_PPP_PS,"US dollars per person, PPP converted",0,Units,2,Two
DATAFLOW,OECD.ECO.MAD:DSD_EO_LTB@DF_EO_LTB(1.0),OECD Economic Outlook 117 long-term scenarios,I,ROU,Romania,GDPVD_CAP,"Gross domestic product per capita, volume in USD, at constant purchasing power parities",BAU1,"Business-as-usual energy transition, median climate climate damage curve, no carbon mitigation costs",A,Annual,2036,,55637.62,,,,USD_PPP_PS,"US dollars per person, PPP converted",0,Units,2,Two
DATAFLOW,OECD.ECO.MAD:DSD_EO_LTB@DF_EO_LTB(1.0),OECD Economic Outlook 117 long-term scenarios,I,ROU,Romania,GDPVD_CAP,"Gross domestic product per capita, volume in USD, at constant purchasing power parities",BAU1,"Business-as-usual energy transition, median climate climate damage curve, no carbon mitigation costs",A,Annual,2037,,56283.57,,,,USD_PPP_PS,"US dollars per person, PPP converted",0,Units,2,Two
DATAFLOW,OECD.ECO.MAD:DSD_EO_LTB@DF_EO_LTB(1.0),OECD Economic Outlook 117 long-term scenarios,I,ROU,Romania,GDPVD_CAP,"Gross domestic product per capita, volume in USD, at constant purchasing power parities",BAU1,"Business-as-usual energy transition, median climate climate damage curve, no carbon mitigation costs",A,Annual,2038,,56925.42,,,,USD_PPP_PS,"US dollars per person, PPP converted",0,Units,2,Two
DATAFLOW,OECD.ECO.MAD:DSD_EO_LTB@DF_EO_LTB(1.0),OECD Economic Outlook 117 long-term scenarios,I,ROU,Romania,GDPVD_CAP,"Gross domestic product per capita, volume in USD, at constant purchasing power parities",BAU1,"Business-as-usual energy transition, median climate climate damage curve, no carbon mitigation costs",A,Annual,2039,,57584.16,,,,USD_PPP_PS,"US dollars per person, PPP converted",0,Units,2,Two
DATAFLOW,OECD.ECO.MAD:DSD_EO_LTB@DF_EO_LTB(1.0),OECD Economic Outlook 117 long-term scenarios,I,ROU,Romania,GDPVD_CAP,"Gross domestic product per capita, volume in USD, at constant purchasing power parities",BAU1,"Business-as-usual energy transition, median climate climate damage curve, no carbon mitigation costs",A,Annual,2040,,58258.47,,,,USD_PPP_PS,"US dollars per person, PPP converted",0,Units,2,Two
DATAFLOW,OECD.ECO.MAD:DSD_EO_LTB@DF_EO_LTB(1.0),OECD Economic Outlook 117 long-term scenarios,I,ROU,Romania,GDPVD_CAP,"Gross domestic product per capita, volume in USD, at constant purchasing power parities",BAU1,"Business-as-usual energy transition, median climate climate damage curve, no carbon mitigation costs",A,Annual,2041,,58936.74,,,,USD_PPP_PS,"US dollars per person, PPP converted",0,Units,2,Two
DATAFLOW,OECD.ECO.MAD:DSD_EO_LTB@DF_EO_LTB(1.0),OECD Economic Outlook 117 long-term scenarios,I,ROU,Romania,GDPVD_CAP,"Gross domestic product per capita, volume in USD, at constant purchasing power parities",BAU1,"Business-as-usual energy transition, median climate climate damage curve, no carbon mitigation costs",A,Annual,2042,,59568.11,,,,USD_PPP_PS,"US dollars per person, PPP converted",0,Units,2,Two
DATAFLOW,OECD.ECO.MAD:DSD_EO_LTB@DF_EO_LTB(1.0),OECD Economic Outlook 117 long-term scenarios,I,ROU,Romania,GDPVD_CAP,"Gross domestic product per capita, volume in USD, at constant purchasing power parities",BAU1,"Business-as-usual energy transition, median climate climate damage curve, no carbon mitigation costs",A,Annual,2043,,60077.77,,,,USD_PPP_PS,"US dollars per person, PPP converted",0,Units,2,Two
DATAFLOW,OECD.ECO.MAD:DSD_EO_LTB@DF_EO_LTB(1.0),OECD Economic Outlook 117 long-term scenarios,I,ROU,Romania,GDPVD_CAP,"Gross domestic product per capita, volume in USD, at constant purchasing power parities",BAU1,"Business-as-usual energy transition, median climate climate damage curve, no carbon mitigation costs",A,Annual,2044,,60540.12,,,,USD_PPP_PS,"US dollars per person, PPP converted",0,Units,2,Two
DATAFLOW,OECD.ECO.MAD:DSD_EO_LTB@DF_EO_LTB(1.0),OECD Economic Outlook 117 long-term scenarios,I,ROU,Romania,GDPVD_CAP,"Gross domestic product per capita, volume in USD, at constant purchasing power parities",BAU1,"Business-as-usual energy transition, median climate climate damage curve, no carbon mitigation costs",A,Annual,2045,,61043.84,,,,USD_PPP_PS,"US dollars per person, PPP converted",0,Units,2,Two
DATAFLOW,OECD.ECO.MAD:DSD_EO_LTB@DF_EO_LTB(1.0),OECD Economic Outlook 117 long-term scenarios,I,ROU,Romania,GDPVD_CAP,"Gross domestic product per capita, volume in USD, at constant purchasing power parities",BAU1,"Business-as-usual energy transition, median climate climate damage curve, no carbon mitigation costs",A,Annual,2046,,61613.32,,,,USD_PPP_PS,"US dollars per person, PPP converted",0,Units,2,Two
DATAFLOW,OECD.ECO.MAD:DSD_EO_LTB@DF_EO_LTB(1.0),OECD Economic Outlook 117 long-term scenarios,I,ROU,Romania,GDPVD_CAP,"Gross domestic product per capita, volume in USD, at constant purchasing power parities",BAU1,"Business-as-usual energy transition, median climate climate damage curve, no carbon mitigation costs",A,Annual,2047,,62234.8,,,,USD_PPP_PS,"US dollars per person, PPP converted",0,Units,2,Two
DATAFLOW,OECD.ECO.MAD:DSD_EO_LTB@DF_EO_LTB(1.0),OECD Economic Outlook 117 long-term scenarios,I,ROU,Romania,GDPVD_CAP,"Gross domestic product per capita, volume in USD, at constant purchasing power parities",BAU1,"Business-as-usual energy transition, median climate climate damage curve, no carbon mitigation costs",A,Annual,2048,,62889.57,,,,USD_PPP_PS,"US dollars per person, PPP converted",0,Units,2,Two
DATAFLOW,OECD.ECO.MAD:DSD_EO_LTB@DF_EO_LTB(1.0),OECD Economic Outlook 117 long-term scenarios,I,ROU,Romania,GDPVD_CAP,"Gross domestic product per capita, volume in USD, at constant purchasing power parities",BAU1,"Business-as-usual energy transition, median climate climate damage curve, no carbon mitigation costs",A,Annual,2049,,63543.47,,,,USD_PPP_PS,"US dollars per person, PPP converted",0,Units,2,Two
DATAFLOW,OECD.ECO.MAD:DSD_EO_LTB@DF_EO_LTB(1.0),OECD Economic Outlook 117 long-term scenarios,I,ROU,Romania,GDPVD_CAP,"Gross domestic product per capita, volume in USD, at constant purchasing power parities",BAU1,"Business-as-usual energy transition, median climate climate damage curve, no carbon mitigation costs",A,Annual,2050,,64174.05,,,,USD_PPP_PS,"US dollars per person, PPP converted",0,Units,2,Two
DATAFLOW,OECD.ECO.MAD:DSD_EO_LTB@DF_EO_LTB(1.0),OECD Economic Outlook 117 long-term scenarios,I,ROU,Romania,GDPVD_CAP,"Gross domestic product per capita, volume in USD, at constant purchasing power parities",BAU1,"Business-as-usual energy transition, median climate climate damage curve, no carbon mitigation costs",A,Annual,2051,,64789.36,,,,USD_PPP_PS,"US dollars per person, PPP converted",0,Units,2,Two
DATAFLOW,OECD.ECO.MAD:DSD_EO_LTB@DF_EO_LTB(1.0),OECD Economic Outlook 117 long-term scenarios,I,ROU,Romania,GDPVD_CAP,"Gross domestic product per capita, volume in USD, at constant purchasing power parities",BAU1,"Business-as-usual energy transition, median climate climate damage curve, no carbon mitigation costs",A,Annual,2052,,65408.49,,,,USD_PPP_PS,"US dollars per person, PPP converted",0,Units,2,Two
DATAFLOW,OECD.ECO.MAD:DSD_EO_LTB@DF_EO_LTB(1.0),OECD Economic Outlook 117 long-term scenarios,I,ROU,Romania,GDPVD_CAP,"Gross domestic product per capita, volume in USD, at constant purchasing power parities",BAU1,"Business-as-usual energy transition, median climate climate damage curve, no carbon mitigation costs",A,Annual,2053,,66043.66,,,,USD_PPP_PS,"US dollars per person, PPP converted",0,Units,2,Two
DATAFLOW,OECD.ECO.MAD:DSD_EO_LTB@DF_EO_LTB(1.0),OECD Economic Outlook 117 long-term scenarios,I,ROU,Romania,GDPVD_CAP,"Gross domestic product per capita, volume in USD, at constant purchasing power parities",BAU1,"Business-as-usual energy transition, median climate climate damage curve, no carbon mitigation costs",A,Annual,2054,,66701.83,,,,USD_PPP_PS,"US dollars per person, PPP converted",0,Units,2,Two
DATAFLOW,OECD.ECO.MAD:DSD_EO_LTB@DF_EO_LTB(1.0),OECD Economic Outlook 117 long-term scenarios,I,ROU,Romania,GDPVD_CAP,"Gross domestic product per capita, volume in USD, at constant purchasing power parities",BAU1,"Business-as-usual energy transition, median climate climate damage curve, no carbon mitigation costs",A,Annual,2055,,67409.47,,,,USD_PPP_PS,"US dollars per person, PPP converted",0,Units,2,Two
DATAFLOW,OECD.ECO.MAD:DSD_EO_LTB@DF_EO_LTB(1.0),OECD Economic Outlook 117 long-term scenarios,I,ROU,Romania,GDPVD_CAP,"Gross domestic product per capita, volume in USD, at constant purchasing power parities",BAU1,"Business-as-usual energy transition, median climate climate damage curve, no carbon mitigation costs",A,Annual,2056,,68196.7,,,,USD_PPP_PS,"US dollars per person, PPP converted",0,Units,2,Two
DATAFLOW,OECD.ECO.MAD:DSD_EO_LTB@DF_EO_LTB(1.0),OECD Economic Outlook 117 long-term scenarios,I,ROU,Romania,GDPVD_CAP,"Gross domestic product per capita, volume in USD, at constant purchasing power parities",BAU1,"Business-as-usual energy transition, median climate climate damage curve, no carbon mitigation costs",A,Annual,2057,,69083.2,,,,USD_PPP_PS,"US dollars per person, PPP converted",0,Units,2,Two
DATAFLOW,OECD.ECO.MAD:DSD_EO_LTB@DF_EO_LTB(1.0),OECD Economic Outlook 117 long-term scenarios,I,ROU,Romania,GDPVD_CAP,"Gross domestic product per capita, volume in USD, at constant purchasing power parities",BAU1,"Business-as-usual energy transition, median climate climate damage curve, no carbon mitigation costs",A,Annual,2058,,70084.29,,,,USD_PPP_PS,"US dollars per person, PPP converted",0,Units,2,Two
DATAFLOW,OECD.ECO.MAD:DSD_EO_LTB@DF_EO_LTB(1.0),OECD Economic Outlook 117 long-term scenarios,I,ROU,Romania,GDPVD_CAP,"Gross domestic product per capita, volume in USD, at constant purchasing power parities",BAU1,"Business-as-usual energy transition, median climate climate damage curve, no carbon mitigation costs",A,Annual,2059,,71169.1,,,,USD_PPP_PS,"US dollars per person, PPP converted",0,Units,2,Two
DATAFLOW,OECD.ECO.MAD:DSD_EO_LTB@DF_EO_LTB(1.0),OECD Economic Outlook 117 long-term scenarios,I,ROU,Romania,GDPVD_CAP,"Gross domestic product per capita, volume in USD, at constant purchasing power parities",BAU1,"Business-as-usual energy transition, median climate climate damage curve, no carbon mitigation costs",A,Annual,2060,,72256.62,,,,USD_PPP_PS,"US dollars per person, PPP converted",0,Units,2,Two
DATAFLOW,OECD.ECO.MAD:DSD_EO_LTB@DF_EO_LTB(1.0),OECD Economic Outlook 117 long-term scenarios,I,HRV,Croatia,GDPVD_CAP,"Gross domestic product per capita, volume in USD, at constant purchasing power parities",BAU1,"Business-as-usual energy transition, median climate climate damage curve, no carbon mitigation costs",A,Annual,1995,,17519.10144,,,,USD_PPP_PS,"US dollars per person, PPP converted",0,Units,2,Two
DATAFLOW,OECD.ECO.MAD:DSD_EO_LTB@DF_EO_LTB(1.0),OECD Economic Outlook 117 long-term scenarios,I,HRV,Croatia,GDPVD_CAP,"Gross domestic product per capita, volume in USD, at constant purchasing power parities",BAU1,"Business-as-usual energy transition, median climate climate damage curve, no carbon mitigation costs",A,Annual,1996,,18846.05671,,,,USD_PPP_PS,"US dollars per person, PPP converted",0,Units,2,Two
DATAFLOW,OECD.ECO.MAD:DSD_EO_LTB@DF_EO_LTB(1.0),OECD Economic Outlook 117 long-term scenarios,I,HRV,Croatia,GDPVD_CAP,"Gross domestic product per capita, volume in USD, at constant purchasing power parities",BAU1,"Business-as-usual energy transition, median climate climate damage curve, no carbon mitigation costs",A,Annual,1997,,20106.32667,,,,USD_PPP_PS,"US dollars per person, PPP converted",0,Units,2,Two
DATAFLOW,OECD.ECO.MAD:DSD_EO_LTB@DF_EO_LTB(1.0),OECD Economic Outlook 117 long-term scenarios,I,HRV,Croatia,GDPVD_CAP,"Gross domestic product per capita, volume in USD, at constant purchasing power parities",BAU1,"Business-as-usual energy transition, median climate climate damage curve, no carbon mitigation costs",A,Annual,1998,,20571.6854,,,,USD_PPP_PS,"US dollars per person, PPP converted",0,Units,2,Two
DATAFLOW,OECD.ECO.MAD:DSD_EO_LTB@DF_EO_LTB(1.0),OECD Economic Outlook 117 long-term scenarios,I,HRV,Croatia,GDPVD_CAP,"Gross domestic product per capita, volume in USD, at constant purchasing power parities",BAU1,"Business-as-usual energy transition, median climate climate damage curve, no carbon mitigation costs",A,Annual,1999,,20485.40706,,,,USD_PPP_PS,"US dollars per person, PPP converted",0,Units,2,Two
DATAFLOW,OECD.ECO.MAD:DSD_EO_LTB@DF_EO_LTB(1.0),OECD Economic Outlook 117 long-term scenarios,I,HRV,Croatia,GDPVD_CAP,"Gross domestic product per capita, volume in USD, at constant purchasing power parities",BAU1,"Business-as-usual energy transition, median climate climate damage curve, no carbon mitigation costs",A,Annual,2000,,21297.81509,,,,USD_PPP_PS,"US dollars per person, PPP converted",0,Units,2,Two
DATAFLOW,OECD.ECO.MAD:DSD_EO_LTB@DF_EO_LTB(1.0),OECD Economic Outlook 117 long-term scenarios,I,HRV,Croatia,GDPVD_CAP,"Gross domestic product per capita, volume in USD, at constant purchasing power parities",BAU1,"Business-as-usual energy transition, median climate climate damage curve, no carbon mitigation costs",A,Annual,2001,,22821.87184,,,,USD_PPP_PS,"US dollars per person, PPP converted",0,Units,2,Two
DATAFLOW,OECD.ECO.MAD:DSD_EO_LTB@DF_EO_LTB(1.0),OECD Economic Outlook 117 long-term scenarios,I,HRV,Croatia,GDPVD_CAP,"Gross domestic product per capita, volume in USD, at constant purchasing power parities",BAU1,"Business-as-usual energy transition, median climate climate damage curve, no carbon mitigation costs",A,Annual,2002,,24132.08894,,,,USD_PPP_PS,"US dollars per person, PPP converted",0,Units,2,Two
DATAFLOW,OECD.ECO.MAD:DSD_EO_LTB@DF_EO_LTB(1.0),OECD Economic Outlook 117 long-term scenarios,I,HRV,Croatia,GDPVD_CAP,"Gross domestic product per capita, volume in USD, at constant purchasing power parities",BAU1,"Business-as-usual energy transition, median climate climate damage curve, no carbon mitigation costs",A,Annual,2003,,25468.60168,,,,USD_PPP_PS,"US dollars per person, PPP converted",0,Units,2,Two
DATAFLOW,OECD.ECO.MAD:DSD_EO_LTB@DF_EO_LTB(1.0),OECD Economic Outlook 117 long-term scenarios,I,HRV,Croatia,GDPVD_CAP,"Gross domestic product per capita, volume in USD, at constant purchasing power parities",BAU1,"Business-as-usual energy transition, median climate climate damage curve, no carbon mitigation costs",A,Annual,2004,,26523.3637,,,,USD_PPP_PS,"US dollars per person, PPP converted",0,Units,2,Two
DATAFLOW,OECD.ECO.MAD:DSD_EO_LTB@DF_EO_LTB(1.0),OECD Economic Outlook 117 long-term scenarios,I,HRV,Croatia,GDPVD_CAP,"Gross domestic product per capita, volume in USD, at constant purchasing power parities",BAU1,"Business-as-usual energy transition, median climate climate damage curve, no carbon mitigation costs",A,Annual,2005,,27635.45112,,,,USD_PPP_PS,"US dollars per person, PPP converted",0,Units,2,Two
DATAFLOW,OECD.ECO.MAD:DSD_EO_LTB@DF_EO_LTB(1.0),OECD Economic Outlook 117 long-term scenarios,I,HRV,Croatia,GDPVD_CAP,"Gross domestic product per capita, volume in USD, at constant purchasing power parities",BAU1,"Business-as-usual energy transition, median climate climate damage curve, no carbon mitigation costs",A,Annual,2006,,29032.90689,,,,USD_PPP_PS,"US dollars per person, PPP converted",0,Units,2,Two
DATAFLOW,OECD.ECO.MAD:DSD_EO_LTB@DF_EO_LTB(1.0),OECD Economic Outlook 117 long-term scenarios,I,HRV,Croatia,GDPVD_CAP,"Gross domestic product per capita, volume in USD, at constant purchasing power parities",BAU1,"Business-as-usual energy transition, median climate climate damage curve, no carbon mitigation costs",A,Annual,2007,,30505.41086,,,,USD_PPP_PS,"US dollars per person, PPP converted",0,Units,2,Two
DATAFLOW,OECD.ECO.MAD:DSD_EO_LTB@DF_EO_LTB(1.0),OECD Economic Outlook 117 long-term scenarios,I,HRV,Croatia,GDPVD_CAP,"Gross domestic product per capita, volume in USD, at constant purchasing power parities",BAU1,"Business-as-usual energy transition, median climate climate damage curve, no carbon mitigation costs",A,Annual,2008,,31109.6328,,,,USD_PPP_PS,"US dollars per person, PPP converted",0,Units,2,Two
DATAFLOW,OECD.ECO.MAD:DSD_EO_LTB@DF_EO_LTB(1.0),OECD Economic Outlook 117 long-term scenarios,I,HRV,Croatia,GDPVD_CAP,"Gross domestic product per capita, volume in USD, at constant purchasing power parities",BAU1,"Business-as-usual energy transition, median climate climate damage curve, no carbon mitigation costs",A,Annual,2009,,29020.29935,,,,USD_PPP_PS,"US dollars per person, PPP converted",0,Units,2,Two
DATAFLOW,OECD.ECO.MAD:DSD_EO_LTB@DF_EO_LTB(1.0),OECD Economic Outlook 117 long-term scenarios,I,HRV,Croatia,GDPVD_CAP,"Gross domestic product per capita, volume in USD, at constant purchasing power parities",BAU1,"Business-as-usual energy transition, median climate climate damage curve, no carbon mitigation costs",A,Annual,2010,,28698.16467,,,,USD_PPP_PS,"US dollars per person, PPP converted",0,Units,2,Two
DATAFLOW,OECD.ECO.MAD:DSD_EO_LTB@DF_EO_LTB(1.0),OECD Economic Outlook 117 long-term scenarios,I,HRV,Croatia,GDPVD_CAP,"Gross domestic product per capita, volume in USD, at constant purchasing power parities",BAU1,"Business-as-usual energy transition, median climate climate damage curve, no carbon mitigation costs",A,Annual,2011,,28769.27049,,,,USD_PPP_PS,"US dollars per person, PPP converted",0,Units,2,Two
DATAFLOW,OECD.ECO.MAD:DSD_EO_LTB@DF_EO_LTB(1.0),OECD Economic Outlook 117 long-term scenarios,I,HRV,Croatia,GDPVD_CAP,"Gross domestic product per capita, volume in USD, at constant purchasing power parities",BAU1,"Business-as-usual energy transition, median climate climate damage curve, no carbon mitigation costs",A,Annual,2012,,28254.5724,,,,USD_PPP_PS,"US dollars per person, PPP converted",0,Units,2,Two
DATAFLOW,OECD.ECO.MAD:DSD_EO_LTB@DF_EO_LTB(1.0),OECD Economic Outlook 117 long-term scenarios,I,HRV,Croatia,GDPVD_CAP,"Gross domestic product per capita, volume in USD, at constant purchasing power parities",BAU1,"Business-as-usual energy transition, median climate climate damage curve, no carbon mitigation costs",A,Annual,2013,,28395.38993,,,,USD_PPP_PS,"US dollars per person, PPP converted",0,Units,2,Two
DATAFLOW,OECD.ECO.MAD:DSD_EO_LTB@DF_EO_LTB(1.0),OECD Economic Outlook 117 long-term scenarios,I,HRV,Croatia,GDPVD_CAP,"Gross domestic product per capita, volume in USD, at constant purchasing power parities",BAU1,"Business-as-usual energy transition, median climate climate damage curve, no carbon mitigation costs",A,Annual,2014,,28454.42104,,,,USD_PPP_PS,"US dollars per person, PPP converted",0,Units,2,Two
DATAFLOW,OECD.ECO.MAD:DSD_EO_LTB@DF_EO_LTB(1.0),OECD Economic Outlook 117 long-term scenarios,I,HRV,Croatia,GDPVD_CAP,"Gross domestic product per capita, volume in USD, at constant purchasing power parities",BAU1,"Business-as-usual energy transition, median climate climate damage curve, no carbon mitigation costs",A,Annual,2015,,29465.21949,,,,USD_PPP_PS,"US dollars per person, PPP converted",0,Units,2,Two
DATAFLOW,OECD.ECO.MAD:DSD_EO_LTB@DF_EO_LTB(1.0),OECD Economic Outlook 117 long-term scenarios,I,HRV,Croatia,GDPVD_CAP,"Gross domestic product per capita, volume in USD, at constant purchasing power parities",BAU1,"Business-as-usual energy transition, median climate climate damage curve, no carbon mitigation costs",A,Annual,2016,,30818.02739,,,,USD_PPP_PS,"US dollars per person, PPP converted",0,Units,2,Two
DATAFLOW,OECD.ECO.MAD:DSD_EO_LTB@DF_EO_LTB(1.0),OECD Economic Outlook 117 long-term scenarios,I,HRV,Croatia,GDPVD_CAP,"Gross domestic product per capita, volume in USD, at constant purchasing power parities",BAU1,"Business-as-usual energy transition, median climate climate damage curve, no carbon mitigation costs",A,Annual,2017,,32344.70125,,,,USD_PPP_PS,"US dollars per person, PPP converted",0,Units,2,Two
DATAFLOW,OECD.ECO.MAD:DSD_EO_LTB@DF_EO_LTB(1.0),OECD Economic Outlook 117 long-term scenarios,I,HRV,Croatia,GDPVD_CAP,"Gross domestic product per capita, volume in USD, at constant purchasing power parities",BAU1,"Business-as-usual energy transition, median climate climate damage curve, no carbon mitigation costs",A,Annual,2018,,33723.39788,,,,USD_PPP_PS,"US dollars per person, PPP converted",0,Units,2,Two
DATAFLOW,OECD.ECO.MAD:DSD_EO_LTB@DF_EO_LTB(1.0),OECD Economic Outlook 117 long-term scenarios,I,HRV,Croatia,GDPVD_CAP,"Gross domestic product per capita, volume in USD, at constant purchasing power parities",BAU1,"Business-as-usual energy transition, median climate climate damage curve, no carbon mitigation costs",A,Annual,2019,,35115.70231,,,,USD_PPP_PS,"US dollars per person, PPP converted",0,Units,2,Two
DATAFLOW,OECD.ECO.MAD:DSD_EO_LTB@DF_EO_LTB(1.0),OECD Economic Outlook 117 long-term scenarios,I,HRV,Croatia,GDPVD_CAP,"Gross domestic product per capita, volume in USD, at constant purchasing power parities",BAU1,"Business-as-usual energy transition, median climate climate damage curve, no carbon mitigation costs",A,Annual,2020,,32486.42299,,,,USD_PPP_PS,"US dollars per person, PPP converted",0,Units,2,Two
DATAFLOW,OECD.ECO.MAD:DSD_EO_LTB@DF_EO_LTB(1.0),OECD Economic Outlook 117 long-term scenarios,I,HRV,Croatia,GDPVD_CAP,"Gross domestic product per capita, volume in USD, at constant purchasing power parities",BAU1,"Business-as-usual energy transition, median climate climate damage curve, no carbon mitigation costs",A,Annual,2021,,36922.28422,,,,USD_PPP_PS,"US dollars per person, PPP converted",0,Units,2,Two
DATAFLOW,OECD.ECO.MAD:DSD_EO_LTB@DF_EO_LTB(1.0),OECD Economic Outlook 117 long-term scenarios,I,HRV,Croatia,GDPVD_CAP,"Gross domestic product per capita, volume in USD, at constant purchasing power parities",BAU1,"Business-as-usual energy transition, median climate climate damage curve, no carbon mitigation costs",A,Annual,2022,,39852.95384,,,,USD_PPP_PS,"US dollars per person, PPP converted",0,Units,2,Two
DATAFLOW,OECD.ECO.MAD:DSD_EO_LTB@DF_EO_LTB(1.0),OECD Economic Outlook 117 long-term scenarios,I,HRV,Croatia,GDPVD_CAP,"Gross domestic product per capita, volume in USD, at constant purchasing power parities",BAU1,"Business-as-usual energy transition, median climate climate damage curve, no carbon mitigation costs",A,Annual,2023,,41132.28064,,,,USD_PPP_PS,"US dollars per person, PPP converted",0,Units,2,Two
DATAFLOW,OECD.ECO.MAD:DSD_EO_LTB@DF_EO_LTB(1.0),OECD Economic Outlook 117 long-term scenarios,I,HRV,Croatia,GDPVD_CAP,"Gross domestic product per capita, volume in USD, at constant purchasing power parities",BAU1,"Business-as-usual energy transition, median climate climate damage curve, no carbon mitigation costs",A,Annual,2024,,42960.49484,,,,USD_PPP_PS,"US dollars per person, PPP converted",0,Units,2,Two
DATAFLOW,OECD.ECO.MAD:DSD_EO_LTB@DF_EO_LTB(1.0),OECD Economic Outlook 117 long-term scenarios,I,HRV,Croatia,GDPVD_CAP,"Gross domestic product per capita, volume in USD, at constant purchasing power parities",BAU1,"Business-as-usual energy transition, median climate climate damage curve, no carbon mitigation costs",A,Annual,2025,,44491.65593,,,,USD_PPP_PS,"US dollars per person, PPP converted",0,Units,2,Two
DATAFLOW,OECD.ECO.MAD:DSD_EO_LTB@DF_EO_LTB(1.0),OECD Economic Outlook 117 long-term scenarios,I,HRV,Croatia,GDPVD_CAP,"Gross domestic product per capita, volume in USD, at constant purchasing power parities",BAU1,"Business-as-usual energy transition, median climate climate damage curve, no carbon mitigation costs",A,Annual,2026,,45958.63,,,,USD_PPP_PS,"US dollars per person, PPP converted",0,Units,2,Two
DATAFLOW,OECD.ECO.MAD:DSD_EO_LTB@DF_EO_LTB(1.0),OECD Economic Outlook 117 long-term scenarios,I,HRV,Croatia,GDPVD_CAP,"Gross domestic product per capita, volume in USD, at constant purchasing power parities",BAU1,"Business-as-usual energy transition, median climate climate damage curve, no carbon mitigation costs",A,Annual,2027,,47352.36,,,,USD_PPP_PS,"US dollars per person, PPP converted",0,Units,2,Two
DATAFLOW,OECD.ECO.MAD:DSD_EO_LTB@DF_EO_LTB(1.0),OECD Economic Outlook 117 long-term scenarios,I,HRV,Croatia,GDPVD_CAP,"Gross domestic product per capita, volume in USD, at constant purchasing power parities",BAU1,"Business-as-usual energy transition, median climate climate damage curve, no carbon mitigation costs",A,Annual,2028,,48828.11,,,,USD_PPP_PS,"US dollars per person, PPP converted",0,Units,2,Two
DATAFLOW,OECD.ECO.MAD:DSD_EO_LTB@DF_EO_LTB(1.0),OECD Economic Outlook 117 long-term scenarios,I,HRV,Croatia,GDPVD_CAP,"Gross domestic product per capita, volume in USD, at constant purchasing power parities",BAU1,"Business-as-usual energy transition, median climate climate damage curve, no carbon mitigation costs",A,Annual,2029,,50350.26,,,,USD_PPP_PS,"US dollars per person, PPP converted",0,Units,2,Two
DATAFLOW,OECD.ECO.MAD:DSD_EO_LTB@DF_EO_LTB(1.0),OECD Economic Outlook 117 long-term scenarios,I,HRV,Croatia,GDPVD_CAP,"Gross domestic product per capita, volume in USD, at constant purchasing power parities",BAU1,"Business-as-usual energy transition, median climate climate damage curve, no carbon mitigation costs",A,Annual,2030,,51910.67,,,,USD_PPP_PS,"US dollars per person, PPP converted",0,Units,2,Two
DATAFLOW,OECD.ECO.MAD:DSD_EO_LTB@DF_EO_LTB(1.0),OECD Economic Outlook 117 long-term scenarios,I,HRV,Croatia,GDPVD_CAP,"Gross domestic product per capita, volume in USD, at constant purchasing power parities",BAU1,"Business-as-usual energy transition, median climate climate damage curve, no carbon mitigation costs",A,Annual,2031,,53468.31,,,,USD_PPP_PS,"US dollars per person, PPP converted",0,Units,2,Two
DATAFLOW,OECD.ECO.MAD:DSD_EO_LTB@DF_EO_LTB(1.0),OECD Economic Outlook 117 long-term scenarios,I,HRV,Croatia,GDPVD_CAP,"Gross domestic product per capita, volume in USD, at constant purchasing power parities",BAU1,"Business-as-usual energy transition, median climate climate damage curve, no carbon mitigation costs",A,Annual,2032,,55034.94,,,,USD_PPP_PS,"US dollars per person, PPP converted",0,Units,2,Two
DATAFLOW,OECD.ECO.MAD:DSD_EO_LTB@DF_EO_LTB(1.0),OECD Economic Outlook 117 long-term scenarios,I,HRV,Croatia,GDPVD_CAP,"Gross domestic product per capita, volume in USD, at constant purchasing power parities",BAU1,"Business-as-usual energy transition, median climate climate damage curve, no carbon mitigation costs",A,Annual,2033,,56586.12,,,,USD_PPP_PS,"US dollars per person, PPP converted",0,Units,2,Two
DATAFLOW,OECD.ECO.MAD:DSD_EO_LTB@DF_EO_LTB(1.0),OECD Economic Outlook 117 long-term scenarios,I,HRV,Croatia,GDPVD_CAP,"Gross domestic product per capita, volume in USD, at constant purchasing power parities",BAU1,"Business-as-usual energy transition, median climate climate damage curve, no carbon mitigation costs",A,Annual,2034,,58102.76,,,,USD_PPP_PS,"US dollars per person, PPP converted",0,Units,2,Two
DATAFLOW,OECD.ECO.MAD:DSD_EO_LTB@DF_EO_LTB(1.0),OECD Economic Outlook 117 long-term scenarios,I,HRV,Croatia,GDPVD_CAP,"Gross domestic product per capita, volume in USD, at constant purchasing power parities",BAU1,"Business-as-usual energy transition, median climate climate damage curve, no carbon mitigation costs",A,Annual,2035,,59563.69,,,,USD_PPP_PS,"US dollars per person, PPP converted",0,Units,2,Two
DATAFLOW,OECD.ECO.MAD:DSD_EO_LTB@DF_EO_LTB(1.0),OECD Economic Outlook 117 long-term scenarios,I,HRV,Croatia,GDPVD_CAP,"Gross domestic product per capita, volume in USD, at constant purchasing power parities",BAU1,"Business-as-usual energy transition, median climate climate damage curve, no carbon mitigation costs",A,Annual,2036,,60945.88,,,,USD_PPP_PS,"US dollars per person, PPP converted",0,Units,2,Two
DATAFLOW,OECD.ECO.MAD:DSD_EO_LTB@DF_EO_LTB(1.0),OECD Economic Outlook 117 long-term scenarios,I,HRV,Croatia,GDPVD_CAP,"Gross domestic product per capita, volume in USD, at constant purchasing power parities",BAU1,"Business-as-usual energy transition, median climate climate damage curve, no carbon mitigation costs",A,Annual,2037,,62299.86,,,,USD_PPP_PS,"US dollars per person, PPP converted",0,Units,2,Two
DATAFLOW,OECD.ECO.MAD:DSD_EO_LTB@DF_EO_LTB(1.0),OECD Economic Outlook 117 long-term scenarios,I,HRV,Croatia,GDPVD_CAP,"Gross domestic product per capita, volume in USD, at constant purchasing power parities",BAU1,"Business-as-usual energy transition, median climate climate damage curve, no carbon mitigation costs",A,Annual,2038,,63616.81,,,,USD_PPP_PS,"US dollars per person, PPP converted",0,Units,2,Two
DATAFLOW,OECD.ECO.MAD:DSD_EO_LTB@DF_EO_LTB(1.0),OECD Economic Outlook 117 long-term scenarios,I,HRV,Croatia,GDPVD_CAP,"Gross domestic product per capita, volume in USD, at constant purchasing power parities",BAU1,"Business-as-usual energy transition, median climate climate damage curve, no carbon mitigation costs",A,Annual,2039,,64873.46,,,,USD_PPP_PS,"US dollars per person, PPP converted",0,Units,2,Two
DATAFLOW,OECD.ECO.MAD:DSD_EO_LTB@DF_EO_LTB(1.0),OECD Economic Outlook 117 long-term scenarios,I,HRV,Croatia,GDPVD_CAP,"Gross domestic product per capita, volume in USD, at constant purchasing power parities",BAU1,"Business-as-usual energy transition, median climate climate damage curve, no carbon mitigation costs",A,Annual,2040,,66067.42,,,,USD_PPP_PS,"US dollars per person, PPP converted",0,Units,2,Two
DATAFLOW,OECD.ECO.MAD:DSD_EO_LTB@DF_EO_LTB(1.0),OECD Economic Outlook 117 long-term scenarios,I,HRV,Croatia,GDPVD_CAP,"Gross domestic product per capita, volume in USD, at constant purchasing power parities",BAU1,"Business-as-usual energy transition, median climate climate damage curve, no carbon mitigation costs",A,Annual,2041,,67199.27,,,,USD_PPP_PS,"US dollars per person, PPP converted",0,Units,2,Two
DATAFLOW,OECD.ECO.MAD:DSD_EO_LTB@DF_EO_LTB(1.0),OECD Economic Outlook 117 long-term scenarios,I,HRV,Croatia,GDPVD_CAP,"Gross domestic product per capita, volume in USD, at constant purchasing power parities",BAU1,"Business-as-usual energy transition, median climate climate damage curve, no carbon mitigation costs",A,Annual,2042,,68287.72,,,,USD_PPP_PS,"US dollars per person, PPP converted",0,Units,2,Two
DATAFLOW,OECD.ECO.MAD:DSD_EO_LTB@DF_EO_LTB(1.0),OECD Economic Outlook 117 long-term scenarios,I,HRV,Croatia,GDPVD_CAP,"Gross domestic product per capita, volume in USD, at constant purchasing power parities",BAU1,"Business-as-usual energy transition, median climate climate damage curve, no carbon mitigation costs",A,Annual,2043,,69342.97,,,,USD_PPP_PS,"US dollars per person, PPP converted",0,Units,2,Two
DATAFLOW,OECD.ECO.MAD:DSD_EO_LTB@DF_EO_LTB(1.0),OECD Economic Outlook 117 long-term scenarios,I,HRV,Croatia,GDPVD_CAP,"Gross domestic product per capita, volume in USD, at constant purchasing power parities",BAU1,"Business-as-usual energy transition, median climate climate damage curve, no carbon mitigation costs",A,Annual,2044,,70375.28,,,,USD_PPP_PS,"US dollars per person, PPP converted",0,Units,2,Two
DATAFLOW,OECD.ECO.MAD:DSD_EO_LTB@DF_EO_LTB(1.0),OECD Economic Outlook 117 long-term scenarios,I,HRV,Croatia,GDPVD_CAP,"Gross domestic product per capita, volume in USD, at constant purchasing power parities",BAU1,"Business-as-usual energy transition, median climate climate damage curve, no carbon mitigation costs",A,Annual,2045,,71401.37,,,,USD_PPP_PS,"US dollars per person, PPP converted",0,Units,2,Two
DATAFLOW,OECD.ECO.MAD:DSD_EO_LTB@DF_EO_LTB(1.0),OECD Economic Outlook 117 long-term scenarios,I,HRV,Croatia,GDPVD_CAP,"Gross domestic product per capita, volume in USD, at constant purchasing power parities",BAU1,"Business-as-usual energy transition, median climate climate damage curve, no carbon mitigation costs",A,Annual,2046,,72409.24,,,,USD_PPP_PS,"US dollars per person, PPP converted",0,Units,2,Two
DATAFLOW,OECD.ECO.MAD:DSD_EO_LTB@DF_EO_LTB(1.0),OECD Economic Outlook 117 long-term scenarios,I,HRV,Croatia,GDPVD_CAP,"Gross domestic product per capita, volume in USD, at constant purchasing power parities",BAU1,"Business-as-usual energy transition, median climate climate damage curve, no carbon mitigation costs",A,Annual,2047,,73391.46,,,,USD_PPP_PS,"US dollars per person, PPP converted",0,Units,2,Two
DATAFLOW,OECD.ECO.MAD:DSD_EO_LTB@DF_EO_LTB(1.0),OECD Economic Outlook 117 long-term scenarios,I,HRV,Croatia,GDPVD_CAP,"Gross domestic product per capita, volume in USD, at constant purchasing power parities",BAU1,"Business-as-usual energy transition, median climate climate damage curve, no carbon mitigation costs",A,Annual,2048,,74369.24,,,,USD_PPP_PS,"US dollars per person, PPP converted",0,Units,2,Two
DATAFLOW,OECD.ECO.MAD:DSD_EO_LTB@DF_EO_LTB(1.0),OECD Economic Outlook 117 long-term scenarios,I,HRV,Croatia,GDPVD_CAP,"Gross domestic product per capita, volume in USD, at constant purchasing power parities",BAU1,"Business-as-usual energy transition, median climate climate damage curve, no carbon mitigation costs",A,Annual,2049,,75347.19,,,,USD_PPP_PS,"US dollars per person, PPP converted",0,Units,2,Two
DATAFLOW,OECD.ECO.MAD:DSD_EO_LTB@DF_EO_LTB(1.0),OECD Economic Outlook 117 long-term scenarios,I,HRV,Croatia,GDPVD_CAP,"Gross domestic product per capita, volume in USD, at constant purchasing power parities",BAU1,"Business-as-usual energy transition, median climate climate damage curve, no carbon mitigation costs",A,Annual,2050,,76342.01,,,,USD_PPP_PS,"US dollars per person, PPP converted",0,Units,2,Two
DATAFLOW,OECD.ECO.MAD:DSD_EO_LTB@DF_EO_LTB(1.0),OECD Economic Outlook 117 long-term scenarios,I,HRV,Croatia,GDPVD_CAP,"Gross domestic product per capita, volume in USD, at constant purchasing power parities",BAU1,"Business-as-usual energy transition, median climate climate damage curve, no carbon mitigation costs",A,Annual,2051,,77367.06,,,,USD_PPP_PS,"US dollars per person, PPP converted",0,Units,2,Two
DATAFLOW,OECD.ECO.MAD:DSD_EO_LTB@DF_EO_LTB(1.0),OECD Economic Outlook 117 long-term scenarios,I,HRV,Croatia,GDPVD_CAP,"Gross domestic product per capita, volume in USD, at constant purchasing power parities",BAU1,"Business-as-usual energy transition, median climate climate damage curve, no carbon mitigation costs",A,Annual,2052,,78416.98,,,,USD_PPP_PS,"US dollars per person, PPP converted",0,Units,2,Two
DATAFLOW,OECD.ECO.MAD:DSD_EO_LTB@DF_EO_LTB(1.0),OECD Economic Outlook 117 long-term scenarios,I,HRV,Croatia,GDPVD_CAP,"Gross domestic product per capita, volume in USD, at constant purchasing power parities",BAU1,"Business-as-usual energy transition, median climate climate damage curve, no carbon mitigation costs",A,Annual,2053,,79486.33,,,,USD_PPP_PS,"US dollars per person, PPP converted",0,Units,2,Two
DATAFLOW,OECD.ECO.MAD:DSD_EO_LTB@DF_EO_LTB(1.0),OECD Economic Outlook 117 long-term scenarios,I,HRV,Croatia,GDPVD_CAP,"Gross domestic product per capita, volume in USD, at constant purchasing power parities",BAU1,"Business-as-usual energy transition, median climate climate damage curve, no carbon mitigation costs",A,Annual,2054,,80581.78,,,,USD_PPP_PS,"US dollars per person, PPP converted",0,Units,2,Two
DATAFLOW,OECD.ECO.MAD:DSD_EO_LTB@DF_EO_LTB(1.0),OECD Economic Outlook 117 long-term scenarios,I,HRV,Croatia,GDPVD_CAP,"Gross domestic product per capita, volume in USD, at constant purchasing power parities",BAU1,"Business-as-usual energy transition, median climate climate damage curve, no carbon mitigation costs",A,Annual,2055,,81683.97,,,,USD_PPP_PS,"US dollars per person, PPP converted",0,Units,2,Two
DATAFLOW,OECD.ECO.MAD:DSD_EO_LTB@DF_EO_LTB(1.0),OECD Economic Outlook 117 long-term scenarios,I,HRV,Croatia,GDPVD_CAP,"Gross domestic product per capita, volume in USD, at constant purchasing power parities",BAU1,"Business-as-usual energy transition, median climate climate damage curve, no carbon mitigation costs",A,Annual,2056,,82802.58,,,,USD_PPP_PS,"US dollars per person, PPP converted",0,Units,2,Two
DATAFLOW,OECD.ECO.MAD:DSD_EO_LTB@DF_EO_LTB(1.0),OECD Economic Outlook 117 long-term scenarios,I,HRV,Croatia,GDPVD_CAP,"Gross domestic product per capita, volume in USD, at constant purchasing power parities",BAU1,"Business-as-usual energy transition, median climate climate damage curve, no carbon mitigation costs",A,Annual,2057,,83944.89,,,,USD_PPP_PS,"US dollars per person, PPP converted",0,Units,2,Two
DATAFLOW,OECD.ECO.MAD:DSD_EO_LTB@DF_EO_LTB(1.0),OECD Economic Outlook 117 long-term scenarios,I,HRV,Croatia,GDPVD_CAP,"Gross domestic product per capita, volume in USD, at constant purchasing power parities",BAU1,"Business-as-usual energy transition, median climate climate damage curve, no carbon mitigation costs",A,Annual,2058,,85087.01,,,,USD_PPP_PS,"US dollars per person, PPP converted",0,Units,2,Two
DATAFLOW,OECD.ECO.MAD:DSD_EO_LTB@DF_EO_LTB(1.0),OECD Economic Outlook 117 long-term scenarios,I,HRV,Croatia,GDPVD_CAP,"Gross domestic product per capita, volume in USD, at constant purchasing power parities",BAU1,"Business-as-usual energy transition, median climate climate damage curve, no carbon mitigation costs",A,Annual,2059,,86233.84,,,,USD_PPP_PS,"US dollars per person, PPP converted",0,Units,2,Two
DATAFLOW,OECD.ECO.MAD:DSD_EO_LTB@DF_EO_LTB(1.0),OECD Economic Outlook 117 long-term scenarios,I,HRV,Croatia,GDPVD_CAP,"Gross domestic product per capita, volume in USD, at constant purchasing power parities",BAU1,"Business-as-usual energy transition, median climate climate damage curve, no carbon mitigation costs",A,Annual,2060,,87369.46,,,,USD_PPP_PS,"US dollars per person, PPP converted",0,Units,2,Two
DATAFLOW,OECD.ECO.MAD:DSD_EO_LTB@DF_EO_LTB(1.0),OECD Economic Outlook 117 long-term scenarios,I,AUT,Austria,GDPVD_CAP,"Gross domestic product per capita, volume in USD, at constant purchasing power parities",BAU1,"Business-as-usual energy transition, median climate climate damage curve, no carbon mitigation costs",A,Annual,1990,,43177.35409,,,,USD_PPP_PS,"US dollars per person, PPP converted",0,Units,2,Two
DATAFLOW,OECD.ECO.MAD:DSD_EO_LTB@DF_EO_LTB(1.0),OECD Economic Outlook 117 long-term scenarios,I,AUT,Austria,GDPVD_CAP,"Gross domestic product per capita, volume in USD, at constant purchasing power parities",BAU1,"Business-as-usual energy transition, median climate climate damage curve, no carbon mitigation costs",A,Annual,1991,,44219.64941,,,,USD_PPP_PS,"US dollars per person, PPP converted",0,Units,2,Two
DATAFLOW,OECD.ECO.MAD:DSD_EO_LTB@DF_EO_LTB(1.0),OECD Economic Outlook 117 long-term scenarios,I,AUT,Austria,GDPVD_CAP,"Gross domestic product per capita, volume in USD, at constant purchasing power parities",BAU1,"Business-as-usual energy transition, median climate climate damage curve, no carbon mitigation costs",A,Annual,1992,,44651.27403,,,,USD_PPP_PS,"US dollars per person, PPP converted",0,Units,2,Two
DATAFLOW,OECD.ECO.MAD:DSD_EO_LTB@DF_EO_LTB(1.0),OECD Economic Outlook 117 long-term scenarios,I,AUT,Austria,GDPVD_CAP,"Gross domestic product per capita, volume in USD, at constant purchasing power parities",BAU1,"Business-as-usual energy transition, median climate climate damage curve, no carbon mitigation costs",A,Annual,1993,,44517.88214,,,,USD_PPP_PS,"US dollars per person, PPP converted",0,Units,2,Two
DATAFLOW,OECD.ECO.MAD:DSD_EO_LTB@DF_EO_LTB(1.0),OECD Economic Outlook 117 long-term scenarios,I,AUT,Austria,GDPVD_CAP,"Gross domestic product per capita, volume in USD, at constant purchasing power parities",BAU1,"Business-as-usual energy transition, median climate climate damage curve, no carbon mitigation costs",A,Annual,1994,,45412.13454,,,,USD_PPP_PS,"US dollars per person, PPP converted",0,Units,2,Two
DATAFLOW,OECD.ECO.MAD:DSD_EO_LTB@DF_EO_LTB(1.0),OECD Economic Outlook 117 long-term scenarios,I,AUT,Austria,GDPVD_CAP,"Gross domestic product per capita, volume in USD, at constant purchasing power parities",BAU1,"Business-as-usual energy transition, median climate climate damage curve, no carbon mitigation costs",A,Annual,1995,,46552.39365,,,,USD_PPP_PS,"US dollars per person, PPP converted",0,Units,2,Two
DATAFLOW,OECD.ECO.MAD:DSD_EO_LTB@DF_EO_LTB(1.0),OECD Economic Outlook 117 long-term scenarios,I,AUT,Austria,GDPVD_CAP,"Gross domestic product per capita, volume in USD, at constant purchasing power parities",BAU1,"Business-as-usual energy transition, median climate climate damage curve, no carbon mitigation costs",A,Annual,1996,,47464.98915,,,,USD_PPP_PS,"US dollars per person, PPP converted",0,Units,2,Two
DATAFLOW,OECD.ECO.MAD:DSD_EO_LTB@DF_EO_LTB(1.0),OECD Economic Outlook 117 long-term scenarios,I,AUT,Austria,GDPVD_CAP,"Gross domestic product per capita, volume in USD, at constant purchasing power parities",BAU1,"Business-as-usual energy transition, median climate climate damage curve, no carbon mitigation costs",A,Annual,1997,,48469.52761,,,,USD_PPP_PS,"US dollars per person, PPP converted",0,Units,2,Two
DATAFLOW,OECD.ECO.MAD:DSD_EO_LTB@DF_EO_LTB(1.0),OECD Economic Outlook 117 long-term scenarios,I,AUT,Austria,GDPVD_CAP,"Gross domestic product per capita, volume in USD, at constant purchasing power parities",BAU1,"Business-as-usual energy transition, median climate climate damage curve, no carbon mitigation costs",A,Annual,1998,,50084.5539,,,,USD_PPP_PS,"US dollars per person, PPP converted",0,Units,2,Two
DATAFLOW,OECD.ECO.MAD:DSD_EO_LTB@DF_EO_LTB(1.0),OECD Economic Outlook 117 long-term scenarios,I,AUT,Austria,GDPVD_CAP,"Gross domestic product per capita, volume in USD, at constant purchasing power parities",BAU1,"Business-as-usual energy transition, median climate climate damage curve, no carbon mitigation costs",A,Annual,1999,,51816.03225,,,,USD_PPP_PS,"US dollars per person, PPP converted",0,Units,2,Two
DATAFLOW,OECD.ECO.MAD:DSD_EO_LTB@DF_EO_LTB(1.0),OECD Economic Outlook 117 long-term scenarios,I,AUT,Austria,GDPVD_CAP,"Gross domestic product per capita, volume in USD, at constant purchasing power parities",BAU1,"Business-as-usual energy transition, median climate climate damage curve, no carbon mitigation costs",A,Annual,2000,,53455.26978,,,,USD_PPP_PS,"US dollars per person, PPP converted",0,Units,2,Two
DATAFLOW,OECD.ECO.MAD:DSD_EO_LTB@DF_EO_LTB(1.0),OECD Economic Outlook 117 long-term scenarios,I,AUT,Austria,GDPVD_CAP,"Gross domestic product per capita, volume in USD, at constant purchasing power parities",BAU1,"Business-as-usual energy transition, median climate climate damage curve, no carbon mitigation costs",A,Annual,2001,,53936.29963,,,,USD_PPP_PS,"US dollars per person, PPP converted",0,Units,2,Two
DATAFLOW,OECD.ECO.MAD:DSD_EO_LTB@DF_EO_LTB(1.0),OECD Economic Outlook 117 long-term scenarios,I,AUT,Austria,GDPVD_CAP,"Gross domestic product per capita, volume in USD, at constant purchasing power parities",BAU1,"Business-as-usual energy transition, median climate climate damage curve, no carbon mitigation costs",A,Annual,2002,,54464.47872,,,,USD_PPP_PS,"US dollars per person, PPP converted",0,Units,2,Two
DATAFLOW,OECD.ECO.MAD:DSD_EO_LTB@DF_EO_LTB(1.0),OECD Economic Outlook 117 long-term scenarios,I,AUT,Austria,GDPVD_CAP,"Gross domestic product per capita, volume in USD, at constant purchasing power parities",BAU1,"Business-as-usual energy transition, median climate climate damage curve, no carbon mitigation costs",A,Annual,2003,,54821.45892,,,,USD_PPP_PS,"US dollars per person, PPP converted",0,Units,2,Two
DATAFLOW,OECD.ECO.MAD:DSD_EO_LTB@DF_EO_LTB(1.0),OECD Economic Outlook 117 long-term scenarios,I,AUT,Austria,GDPVD_CAP,"Gross domestic product per capita, volume in USD, at constant purchasing power parities",BAU1,"Business-as-usual energy transition, median climate climate damage curve, no carbon mitigation costs",A,Annual,2004,,55822.19872,,,,USD_PPP_PS,"US dollars per person, PPP converted",0,Units,2,Two
DATAFLOW,OECD.ECO.MAD:DSD_EO_LTB@DF_EO_LTB(1.0),OECD Economic Outlook 117 long-term scenarios,I,AUT,Austria,GDPVD_CAP,"Gross domestic product per capita, volume in USD, at constant purchasing power parities",BAU1,"Business-as-usual energy transition, median climate climate damage curve, no carbon mitigation costs",A,Annual,2005,,56784.77305,,,,USD_PPP_PS,"US dollars per person, PPP converted",0,Units,2,Two
DATAFLOW,OECD.ECO.MAD:DSD_EO_LTB@DF_EO_LTB(1.0),OECD Economic Outlook 117 long-term scenarios,I,AUT,Austria,GDPVD_CAP,"Gross domestic product per capita, volume in USD, at constant purchasing power parities",BAU1,"Business-as-usual energy transition, median climate climate damage curve, no carbon mitigation costs",A,Annual,2006,,58426.40573,,,,USD_PPP_PS,"US dollars per person, PPP converted",0,Units,2,Two
DATAFLOW,OECD.ECO.MAD:DSD_EO_LTB@DF_EO_LTB(1.0),OECD Economic Outlook 117 long-term scenarios,I,AUT,Austria,GDPVD_CAP,"Gross domestic product per capita, volume in USD, at constant purchasing power parities",BAU1,"Business-as-usual energy transition, median climate climate damage curve, no carbon mitigation costs",A,Annual,2007,,60395.86074,,,,USD_PPP_PS,"US dollars per person, PPP converted",0,Units,2,Two
DATAFLOW,OECD.ECO.MAD:DSD_EO_LTB@DF_EO_LTB(1.0),OECD Economic Outlook 117 long-term scenarios,I,AUT,Austria,GDPVD_CAP,"Gross domestic product per capita, volume in USD, at constant purchasing power parities",BAU1,"Business-as-usual energy transition, median climate climate damage curve, no carbon mitigation costs",A,Annual,2008,,61034.02979,,,,USD_PPP_PS,"US dollars per person, PPP converted",0,Units,2,Two
DATAFLOW,OECD.ECO.MAD:DSD_EO_LTB@DF_EO_LTB(1.0),OECD Economic Outlook 117 long-term scenarios,I,AUT,Austria,GDPVD_CAP,"Gross domestic product per capita, volume in USD, at constant purchasing power parities",BAU1,"Business-as-usual energy transition, median climate climate damage curve, no carbon mitigation costs",A,Annual,2009,,58709.80211,,,,USD_PPP_PS,"US dollars per person, PPP converted",0,Units,2,Two
DATAFLOW,OECD.ECO.MAD:DSD_EO_LTB@DF_EO_LTB(1.0),OECD Economic Outlook 117 long-term scenarios,I,AUT,Austria,GDPVD_CAP,"Gross domestic product per capita, volume in USD, at constant purchasing power parities",BAU1,"Business-as-usual energy transition, median climate climate damage curve, no carbon mitigation costs",A,Annual,2010,,59595.26217,,,,USD_PPP_PS,"US dollars per person, PPP converted",0,Units,2,Two
DATAFLOW,OECD.ECO.MAD:DSD_EO_LTB@DF_EO_LTB(1.0),OECD Economic Outlook 117 long-term scenarios,I,AUT,Austria,GDPVD_CAP,"Gross domestic product per capita, volume in USD, at constant purchasing power parities",BAU1,"Business-as-usual energy transition, median climate climate damage curve, no carbon mitigation costs",A,Annual,2011,,61211.20946,,,,USD_PPP_PS,"US dollars per person, PPP converted",0,Units,2,Two
DATAFLOW,OECD.ECO.MAD:DSD_EO_LTB@DF_EO_LTB(1.0),OECD Economic Outlook 117 long-term scenarios,I,AUT,Austria,GDPVD_CAP,"Gross domestic product per capita, volume in USD, at constant purchasing power parities",BAU1,"Business-as-usual energy transition, median climate climate damage curve, no carbon mitigation costs",A,Annual,2012,,61332.62624,,,,USD_PPP_PS,"US dollars per person, PPP converted",0,Units,2,Two
DATAFLOW,OECD.ECO.MAD:DSD_EO_LTB@DF_EO_LTB(1.0),OECD Economic Outlook 117 long-term scenarios,I,AUT,Austria,GDPVD_CAP,"Gross domestic product per capita, volume in USD, at constant purchasing power parities",BAU1,"Business-as-usual energy transition, median climate climate damage curve, no carbon mitigation costs",A,Annual,2013,,60789.93037,,,,USD_PPP_PS,"US dollars per person, PPP converted",0,Units,2,Two
DATAFLOW,OECD.ECO.MAD:DSD_EO_LTB@DF_EO_LTB(1.0),OECD Economic Outlook 117 long-term scenarios,I,AUT,Austria,GDPVD_CAP,"Gross domestic product per capita, volume in USD, at constant purchasing power parities",BAU1,"Business-as-usual energy transition, median climate climate damage curve, no carbon mitigation costs",A,Annual,2014,,60850.93231,,,,USD_PPP_PS,"US dollars per person, PPP converted",0,Units,2,Two
DATAFLOW,OECD.ECO.MAD:DSD_EO_LTB@DF_EO_LTB(1.0),OECD Economic Outlook 117 long-term scenarios,I,AUT,Austria,GDPVD_CAP,"Gross domestic product per capita, volume in USD, at constant purchasing power parities",BAU1,"Business-as-usual energy transition, median climate climate damage curve, no carbon mitigation costs",A,Annual,2015,,61005.76372,,,,USD_PPP_PS,"US dollars per person, PPP converted",0,Units,2,Two
DATAFLOW,OECD.ECO.MAD:DSD_EO_LTB@DF_EO_LTB(1.0),OECD Economic Outlook 117 long-term scenarios,I,BEL,Belgium,GDPVD_CAP,"Gross domestic product per capita, volume in USD, at constant purchasing power parities",BAU1,"Business-as-usual energy transition, median climate climate damage curve, no carbon mitigation costs",A,Annual,2043,,80411.52,,,,USD_PPP_PS,"US dollars per person, PPP converted",0,Units,2,Two
DATAFLOW,OECD.ECO.MAD:DSD_EO_LTB@DF_EO_LTB(1.0),OECD Economic Outlook 117 long-term scenarios,I,BEL,Belgium,GDPVD_CAP,"Gross domestic product per capita, volume in USD, at constant purchasing power parities",BAU1,"Business-as-usual energy transition, median climate climate damage curve, no carbon mitigation costs",A,Annual,2044,,81341.19,,,,USD_PPP_PS,"US dollars per person, PPP converted",0,Units,2,Two
DATAFLOW,OECD.ECO.MAD:DSD_EO_LTB@DF_EO_LTB(1.0),OECD Economic Outlook 117 long-term scenarios,I,BEL,Belgium,GDPVD_CAP,"Gross domestic product per capita, volume in USD, at constant purchasing power parities",BAU1,"Business-as-usual energy transition, median climate climate damage curve, no carbon mitigation costs",A,Annual,2045,,82239.26,,,,USD_PPP_PS,"US dollars per person, PPP converted",0,Units,2,Two
DATAFLOW,OECD.ECO.MAD:DSD_EO_LTB@DF_EO_LTB(1.0),OECD Economic Outlook 117 long-term scenarios,I,BEL,Belgium,GDPVD_CAP,"Gross domestic product per capita, volume in USD, at constant purchasing power parities",BAU1,"Business-as-usual energy transition, median climate climate damage curve, no carbon mitigation costs",A,Annual,2046,,83114.89,,,,USD_PPP_PS,"US dollars per person, PPP converted",0,Units,2,Two
DATAFLOW,OECD.ECO.MAD:DSD_EO_LTB@DF_EO_LTB(1.0),OECD Economic Outlook 117 long-term scenarios,I,BEL,Belgium,GDPVD_CAP,"Gross domestic product per capita, volume in USD, at constant purchasing power parities",BAU1,"Business-as-usual energy transition, median climate climate damage curve, no carbon mitigation costs",A,Annual,2047,,83971.42,,,,USD_PPP_PS,"US dollars per person, PPP converted",0,Units,2,Two
DATAFLOW,OECD.ECO.MAD:DSD_EO_LTB@DF_EO_LTB(1.0),OECD Economic Outlook 117 long-term scenarios,I,BEL,Belgium,GDPVD_CAP,"Gross domestic product per capita, volume in USD, at constant purchasing power parities",BAU1,"Business-as-usual energy transition, median climate climate damage curve, no carbon mitigation costs",A,Annual,2048,,84821.23,,,,USD_PPP_PS,"US dollars per person, PPP converted",0,Units,2,Two
DATAFLOW,OECD.ECO.MAD:DSD_EO_LTB@DF_EO_LTB(1.0),OECD Economic Outlook 117 long-term scenarios,I,BEL,Belgium,GDPVD_CAP,"Gross domestic product per capita, volume in USD, at constant purchasing power parities",BAU1,"Business-as-usual energy transition, median climate climate damage curve, no carbon mitigation costs",A,Annual,2049,,85674.12,,,,USD_PPP_PS,"US dollars per person, PPP converted",0,Units,2,Two
DATAFLOW,OECD.ECO.MAD:DSD_EO_LTB@DF_EO_LTB(1.0),OECD Economic Outlook 117 long-term scenarios,I,BEL,Belgium,GDPVD_CAP,"Gross domestic product per capita, volume in USD, at constant purchasing power parities",BAU1,"Business-as-usual energy transition, median climate climate damage curve, no carbon mitigation costs",A,Annual,2050,,86532.72,,,,USD_PPP_PS,"US dollars per person, PPP converted",0,Units,2,Two
DATAFLOW,OECD.ECO.MAD:DSD_EO_LTB@DF_EO_LTB(1.0),OECD Economic Outlook 117 long-term scenarios,I,BEL,Belgium,GDPVD_CAP,"Gross domestic product per capita, volume in USD, at constant purchasing power parities",BAU1,"Business-as-usual energy transition, median climate climate damage curve, no carbon mitigation costs",A,Annual,2051,,87393.36,,,,USD_PPP_PS,"US dollars per person, PPP converted",0,Units,2,Two
DATAFLOW,OECD.ECO.MAD:DSD_EO_LTB@DF_EO_LTB(1.0),OECD Economic Outlook 117 long-term scenarios,I,BEL,Belgium,GDPVD_CAP,"Gross domestic product per capita, volume in USD, at constant purchasing power parities",BAU1,"Business-as-usual energy transition, median climate climate damage curve, no carbon mitigation costs",A,Annual,2052,,88256.19,,,,USD_PPP_PS,"US dollars per person, PPP converted",0,Units,2,Two
DATAFLOW,OECD.ECO.MAD:DSD_EO_LTB@DF_EO_LTB(1.0),OECD Economic Outlook 117 long-term scenarios,I,BEL,Belgium,GDPVD_CAP,"Gross domestic product per capita, volume in USD, at constant purchasing power parities",BAU1,"Business-as-usual energy transition, median climate climate damage curve, no carbon mitigation costs",A,Annual,2053,,89123.07,,,,USD_PPP_PS,"US dollars per person, PPP converted",0,Units,2,Two
DATAFLOW,OECD.ECO.MAD:DSD_EO_LTB@DF_EO_LTB(1.0),OECD Economic Outlook 117 long-term scenarios,I,BEL,Belgium,GDPVD_CAP,"Gross domestic product per capita, volume in USD, at constant purchasing power parities",BAU1,"Business-as-usual energy transition, median climate climate damage curve, no carbon mitigation costs",A,Annual,2054,,89996.06,,,,USD_PPP_PS,"US dollars per person, PPP converted",0,Units,2,Two
DATAFLOW,OECD.ECO.MAD:DSD_EO_LTB@DF_EO_LTB(1.0),OECD Economic Outlook 117 long-term scenarios,I,BEL,Belgium,GDPVD_CAP,"Gross domestic product per capita, volume in USD, at constant purchasing power parities",BAU1,"Business-as-usual energy transition, median climate climate damage curve, no carbon mitigation costs",A,Annual,2055,,90874.28,,,,USD_PPP_PS,"US dollars per person, PPP converted",0,Units,2,Two
DATAFLOW,OECD.ECO.MAD:DSD_EO_LTB@DF_EO_LTB(1.0),OECD Economic Outlook 117 long-term scenarios,I,BEL,Belgium,GDPVD_CAP,"Gross domestic product per capita, volume in USD, at constant purchasing power parities",BAU1,"Business-as-usual energy transition, median climate climate damage curve, no carbon mitigation costs",A,Annual,2056,,91774.39,,,,USD_PPP_PS,"US dollars per person, PPP converted",0,Units,2,Two
DATAFLOW,OECD.ECO.MAD:DSD_EO_LTB@DF_EO_LTB(1.0),OECD Economic Outlook 117 long-term scenarios,I,BEL,Belgium,GDPVD_CAP,"Gross domestic product per capita, volume in USD, at constant purchasing power parities",BAU1,"Business-as-usual energy transition, median climate climate damage curve, no carbon mitigation costs",A,Annual,2057,,92717.89,,,,USD_PPP_PS,"US dollars per person, PPP converted",0,Units,2,Two
DATAFLOW,OECD.ECO.MAD:DSD_EO_LTB@DF_EO_LTB(1.0),OECD Economic Outlook 117 long-term scenarios,I,BEL,Belgium,GDPVD_CAP,"Gross domestic product per capita, volume in USD, at constant purchasing power parities",BAU1,"Business-as-usual energy transition, median climate climate damage curve, no carbon mitigation costs",A,Annual,2058,,93718.9,,,,USD_PPP_PS,"US dollars per person, PPP converted",0,Units,2,Two
DATAFLOW,OECD.ECO.MAD:DSD_EO_LTB@DF_EO_LTB(1.0),OECD Economic Outlook 117 long-term scenarios,I,BEL,Belgium,GDPVD_CAP,"Gross domestic product per capita, volume in USD, at constant purchasing power parities",BAU1,"Business-as-usual energy transition, median climate climate damage curve, no carbon mitigation costs",A,Annual,2059,,94752.06,,,,USD_PPP_PS,"US dollars per person, PPP converted",0,Units,2,Two
DATAFLOW,OECD.ECO.MAD:DSD_EO_LTB@DF_EO_LTB(1.0),OECD Economic Outlook 117 long-term scenarios,I,BEL,Belgium,GDPVD_CAP,"Gross domestic product per capita, volume in USD, at constant purchasing power parities",BAU1,"Business-as-usual energy transition, median climate climate damage curve, no carbon mitigation costs",A,Annual,2060,,95839.99,,,,USD_PPP_PS,"US dollars per person, PPP converted",0,Units,2,Two
DATAFLOW,OECD.ECO.MAD:DSD_EO_LTB@DF_EO_LTB(1.0),OECD Economic Outlook 117 long-term scenarios,I,BGR,Bulgaria,GDPVD_CAP,"Gross domestic product per capita, volume in USD, at constant purchasing power parities",BAU1,"Business-as-usual energy transition, median climate climate damage curve, no carbon mitigation costs",A,Annual,1995,,13688.68504,,,,USD_PPP_PS,"US dollars per person, PPP converted",0,Units,2,Two
DATAFLOW,OECD.ECO.MAD:DSD_EO_LTB@DF_EO_LTB(1.0),OECD Economic Outlook 117 long-term scenarios,I,BGR,Bulgaria,GDPVD_CAP,"Gross domestic product per capita, volume in USD, at constant purchasing power parities",BAU1,"Business-as-usual energy transition, median climate climate damage curve, no carbon mitigation costs",A,Annual,1996,,14361.6599,,,,USD_PPP_PS,"US dollars per person, PPP converted",0,Units,2,Two
DATAFLOW,OECD.ECO.MAD:DSD_EO_LTB@DF_EO_LTB(1.0),OECD Economic Outlook 117 long-term scenarios,I,BGR,Bulgaria,GDPVD_CAP,"Gross domestic product per capita, volume in USD, at constant purchasing power parities",BAU1,"Business-as-usual energy transition, median climate climate damage curve, no carbon mitigation costs",A,Annual,1997,,12409.77693,,,,USD_PPP_PS,"US dollars per person, PPP converted",0,Units,2,Two
DATAFLOW,OECD.ECO.MAD:DSD_EO_LTB@DF_EO_LTB(1.0),OECD Economic Outlook 117 long-term scenarios,I,BGR,Bulgaria,GDPVD_CAP,"Gross domestic product per capita, volume in USD, at constant purchasing power parities",BAU1,"Business-as-usual energy transition, median climate climate damage curve, no carbon mitigation costs",A,Annual,1998,,12966.23544,,,,USD_PPP_PS,"US dollars per person, PPP converted",0,Units,2,Two
DATAFLOW,OECD.ECO.MAD:DSD_EO_LTB@DF_EO_LTB(1.0),OECD Economic Outlook 117 long-term scenarios,I,BGR,Bulgaria,GDPVD_CAP,"Gross domestic product per capita, volume in USD, at constant purchasing power parities",BAU1,"Business-as-usual energy transition, median climate climate damage curve, no carbon mitigation costs",A,Annual,1999,,11944.35677,,,,USD_PPP_PS,"US dollars per person, PPP converted",0,Units,2,Two
DATAFLOW,OECD.ECO.MAD:DSD_EO_LTB@DF_EO_LTB(1.0),OECD Economic Outlook 117 long-term scenarios,I,BGR,Bulgaria,GDPVD_CAP,"Gross domestic product per capita, volume in USD, at constant purchasing power parities",BAU1,"Business-as-usual energy transition, median climate climate damage curve, no carbon mitigation costs",A,Annual,2000,,12554.12227,,,,USD_PPP_PS,"US dollars per person, PPP converted",0,Units,2,Two
DATAFLOW,OECD.ECO.MAD:DSD_EO_LTB@DF_EO_LTB(1.0),OECD Economic Outlook 117 long-term scenarios,I,BGR,Bulgaria,GDPVD_CAP,"Gross domestic product per capita, volume in USD, at constant purchasing power parities",BAU1,"Business-as-usual energy transition, median climate climate damage curve, no carbon mitigation costs",A,Annual,2001,,13296.21719,,,,USD_PPP_PS,"US dollars per person, PPP converted",0,Units,2,Two
DATAFLOW,OECD.ECO.MAD:DSD_EO_LTB@DF_EO_LTB(1.0),OECD Economic Outlook 117 long-term scenarios,I,BGR,Bulgaria,GDPVD_CAP,"Gross domestic product per capita, volume in USD, at constant purchasing power parities",BAU1,"Business-as-usual energy transition, median climate climate damage curve, no carbon mitigation costs",A,Annual,2002,,14385.87099,,,,USD_PPP_PS,"US dollars per person, PPP converted",0,Units,2,Two
DATAFLOW,OECD.ECO.MAD:DSD_EO_LTB@DF_EO_LTB(1.0),OECD Economic Outlook 117 long-term scenarios,I,BGR,Bulgaria,GDPVD_CAP,"Gross domestic product per capita, volume in USD, at constant purchasing power parities",BAU1,"Business-as-usual energy transition, median climate climate damage curve, no carbon mitigation costs",A,Annual,2003,,15259.67768,,,,USD_PPP_PS,"US dollars per person, PPP converted",0,Units,2,Two
DATAFLOW,OECD.ECO.MAD:DSD_EO_LTB@DF_EO_LTB(1.0),OECD Economic Outlook 117 long-term scenarios,I,BGR,Bulgaria,GDPVD_CAP,"Gross domestic product per capita, volume in USD, at constant purchasing power parities",BAU1,"Business-as-usual energy transition, median climate climate damage curve, no carbon mitigation costs",A,Annual,2004,,16376.28894,,,,USD_PPP_PS,"US dollars per person, PPP converted",0,Units,2,Two
DATAFLOW,OECD.ECO.MAD:DSD_EO_LTB@DF_EO_LTB(1.0),OECD Economic Outlook 117 long-term scenarios,I,BGR,Bulgaria,GDPVD_CAP,"Gross domestic product per capita, volume in USD, at constant purchasing power parities",BAU1,"Business-as-usual energy transition, median climate climate damage curve, no carbon mitigation costs",A,Annual,2005,,17664.36606,,,,USD_PPP_PS,"US dollars per person, PPP converted",0,Units,2,Two
DATAFLOW,OECD.ECO.MAD:DSD_EO_LTB@DF_EO_LTB(1.0),OECD Economic Outlook 117 long-term scenarios,I,BGR,Bulgaria,GDPVD_CAP,"Gross domestic product per capita, volume in USD, at constant purchasing power parities",BAU1,"Business-as-usual energy transition, median climate climate damage curve, no carbon mitigation costs",A,Annual,2006,,19009.83441,,,,USD_PPP_PS,"US dollars per person, PPP converted",0,Units,2,Two
DATAFLOW,OECD.ECO.MAD:DSD_EO_LTB@DF_EO_LTB(1.0),OECD Economic Outlook 117 long-term scenarios,I,BGR,Bulgaria,GDPVD_CAP,"Gross domestic product per capita, volume in USD, at constant purchasing power parities",BAU1,"Business-as-usual energy transition, median climate climate damage curve, no carbon mitigation costs",A,Annual,2007,,20424.45064,,,,USD_PPP_PS,"US dollars per person, PPP converted",0,Units,2,Two
DATAFLOW,OECD.ECO.MAD:DSD_EO_LTB@DF_EO_LTB(1.0),OECD Economic Outlook 117 long-term scenarios,I,BGR,Bulgaria,GDPVD_CAP,"Gross domestic product per capita, volume in USD, at constant purchasing power parities",BAU1,"Business-as-usual energy transition, median climate climate damage curve, no carbon mitigation costs",A,Annual,2008,,21829.06582,,,,USD_PPP_PS,"US dollars per person, PPP converted",0,Units,2,Two
DATAFLOW,OECD.ECO.MAD:DSD_EO_LTB@DF_EO_LTB(1.0),OECD Economic Outlook 117 long-term scenarios,I,BGR,Bulgaria,GDPVD_CAP,"Gross domestic product per capita, volume in USD, at constant purchasing power parities",BAU1,"Business-as-usual energy transition, median climate climate damage curve, no carbon mitigation costs",A,Annual,2009,,21234.78814,,,,USD_PPP_PS,"US dollars per person, PPP converted",0,Units,2,Two
DATAFLOW,OECD.ECO.MAD:DSD_EO_LTB@DF_EO_LTB(1.0),OECD Economic Outlook 117 long-term scenarios,I,BGR,Bulgaria,GDPVD_CAP,"Gross domestic product per capita, volume in USD, at constant purchasing power parities",BAU1,"Business-as-usual energy transition, median climate climate damage curve, no carbon mitigation costs",A,Annual,2010,,21707.49126,,,,USD_PPP_PS,"US dollars per person, PPP converted",0,Units,2,Two
DATAFLOW,OECD.ECO.MAD:DSD_EO_LTB@DF_EO_LTB(1.0),OECD Economic Outlook 117 long-term scenarios,I,BGR,Bulgaria,GDPVD_CAP,"Gross domestic product per capita, volume in USD, at constant purchasing power parities",BAU1,"Business-as-usual energy transition, median climate climate damage curve, no carbon mitigation costs",A,Annual,2011,,22303.77659,,,,USD_PPP_PS,"US dollars per person, PPP converted",0,Units,2,Two
DATAFLOW,OECD.ECO.MAD:DSD_EO_LTB@DF_EO_LTB(1.0),OECD Economic Outlook 117 long-term scenarios,I,BGR,Bulgaria,GDPVD_CAP,"Gross domestic product per capita, volume in USD, at constant purchasing power parities",BAU1,"Business-as-usual energy transition, median climate climate damage curve, no carbon mitigation costs",A,Annual,2012,,22728.86991,,,,USD_PPP_PS,"US dollars per person, PPP converted",0,Units,2,Two
DATAFLOW,OECD.ECO.MAD:DSD_EO_LTB@DF_EO_LTB(1.0),OECD Economic Outlook 117 long-term scenarios,I,BGR,Bulgaria,GDPVD_CAP,"Gross domestic product per capita, volume in USD, at constant purchasing power parities",BAU1,"Business-as-usual energy transition, median climate climate damage curve, no carbon mitigation costs",A,Annual,2013,,22936.65066,,,,USD_PPP_PS,"US dollars per person, PPP converted",0,Units,2,Two
DATAFLOW,OECD.ECO.MAD:DSD_EO_LTB@DF_EO_LTB(1.0),OECD Economic Outlook 117 long-term scenarios,I,BGR,Bulgaria,GDPVD_CAP,"Gross domestic product per capita, volume in USD, at constant purchasing power parities",BAU1,"Business-as-usual energy transition, median climate climate damage curve, no carbon mitigation costs",A,Annual,2014,,23437.34948,,,,USD_PPP_PS,"US dollars per person, PPP converted",0,Units,2,Two
DATAFLOW,OECD.ECO.MAD:DSD_EO_LTB@DF_EO_LTB(1.0),OECD Economic Outlook 117 long-term scenarios,I,BGR,Bulgaria,GDPVD_CAP,"Gross domestic product per capita, volume in USD, at constant purchasing power parities",BAU1,"Business-as-usual energy transition, median climate climate damage curve, no carbon mitigation costs",A,Annual,2015,,24543.65957,,,,USD_PPP_PS,"US dollars per person, PPP converted",0,Units,2,Two
DATAFLOW,OECD.ECO.MAD:DSD_EO_LTB@DF_EO_LTB(1.0),OECD Economic Outlook 117 long-term scenarios,I,BGR,Bulgaria,GDPVD_CAP,"Gross domestic product per capita, volume in USD, at constant purchasing power parities",BAU1,"Business-as-usual energy transition, median climate climate damage curve, no carbon mitigation costs",A,Annual,2016,,25616.92488,,,,USD_PPP_PS,"US dollars per person, PPP converted",0,Units,2,Two
DATAFLOW,OECD.ECO.MAD:DSD_EO_LTB@DF_EO_LTB(1.0),OECD Economic Outlook 117 long-term scenarios,I,BGR,Bulgaria,GDPVD_CAP,"Gross domestic product per capita, volume in USD, at constant purchasing power parities",BAU1,"Business-as-usual energy transition, median climate climate damage curve, no carbon mitigation costs",A,Annual,2017,,26671.12263,,,,USD_PPP_PS,"US dollars per person, PPP converted",0,Units,2,Two
DATAFLOW,OECD.ECO.MAD:DSD_EO_LTB@DF_EO_LTB(1.0),OECD Economic Outlook 117 long-term scenarios,I,BGR,Bulgaria,GDPVD_CAP,"Gross domestic product per capita, volume in USD, at constant purchasing power parities",BAU1,"Business-as-usual energy transition, median climate climate damage curve, no carbon mitigation costs",A,Annual,2018,,27728.78705,,,,USD_PPP_PS,"US dollars per person, PPP converted",0,Units,2,Two
DATAFLOW,OECD.ECO.MAD:DSD_EO_LTB@DF_EO_LTB(1.0),OECD Economic Outlook 117 long-term scenarios,I,BGR,Bulgaria,GDPVD_CAP,"Gross domestic product per capita, volume in USD, at constant purchasing power parities",BAU1,"Business-as-usual energy transition, median climate climate damage curve, no carbon mitigation costs",A,Annual,2019,,29188.5546,,,,USD_PPP_PS,"US dollars per person, PPP converted",0,Units,2,Two
DATAFLOW,OECD.ECO.MAD:DSD_EO_LTB@DF_EO_LTB(1.0),OECD Economic Outlook 117 long-term scenarios,I,BGR,Bulgaria,GDPVD_CAP,"Gross domestic product per capita, volume in USD, at constant purchasing power parities",BAU1,"Business-as-usual energy transition, median climate climate damage curve, no carbon mitigation costs",A,Annual,2020,,28534.68198,,,,USD_PPP_PS,"US dollars per person, PPP converted",0,Units,2,Two
DATAFLOW,OECD.ECO.MAD:DSD_EO_LTB@DF_EO_LTB(1.0),OECD Economic Outlook 117 long-term scenarios,I,BGR,Bulgaria,GDPVD_CAP,"Gross domestic product per capita, volume in USD, at constant purchasing power parities",BAU1,"Business-as-usual energy transition, median climate climate damage curve, no carbon mitigation costs",A,Annual,2021,,30959.9497,,,,USD_PPP_PS,"US dollars per person, PPP converted",0,Units,2,Two
DATAFLOW,OECD.ECO.MAD:DSD_EO_LTB@DF_EO_LTB(1.0),OECD Economic Outlook 117 long-term scenarios,I,BGR,Bulgaria,GDPVD_CAP,"Gross domestic product per capita, volume in USD, at constant purchasing power parities",BAU1,"Business-as-usual energy transition, median climate climate damage curve, no carbon mitigation costs",A,Annual,2022,,32420.62163,,,,USD_PPP_PS,"US dollars per person, PPP converted",0,Units,2,Two
DATAFLOW,OECD.ECO.MAD:DSD_EO_LTB@DF_EO_LTB(1.0),OECD Economic Outlook 117 long-term scenarios,I,BGR,Bulgaria,GDPVD_CAP,"Gross domestic product per capita, volume in USD, at constant purchasing power parities",BAU1,"Business-as-usual energy transition, median climate climate damage curve, no carbon mitigation costs",A,Annual,2023,,33127.13756,,,,USD_PPP_PS,"US dollars per person, PPP converted",0,Units,2,Two
DATAFLOW,OECD.ECO.MAD:DSD_EO_LTB@DF_EO_LTB(1.0),OECD Economic Outlook 117 long-term scenarios,I,BGR,Bulgaria,GDPVD_CAP,"Gross domestic product per capita, volume in USD, at constant purchasing power parities",BAU1,"Business-as-usual energy transition, median climate climate damage curve, no carbon mitigation costs",A,Annual,2024,,34110.79533,,,,USD_PPP_PS,"US dollars per person, PPP converted",0,Units,2,Two
DATAFLOW,OECD.ECO.MAD:DSD_EO_LTB@DF_EO_LTB(1.0),OECD Economic Outlook 117 long-term scenarios,I,BGR,Bulgaria,GDPVD_CAP,"Gross domestic product per capita, volume in USD, at constant purchasing power parities",BAU1,"Business-as-usual energy transition, median climate climate damage curve, no carbon mitigation costs",A,Annual,2025,,35153.67259,,,,USD_PPP_PS,"US dollars per person, PPP converted",0,Units,2,Two
DATAFLOW,OECD.ECO.MAD:DSD_EO_LTB@DF_EO_LTB(1.0),OECD Economic Outlook 117 long-term scenarios,I,BGR,Bulgaria,GDPVD_CAP,"Gross domestic product per capita, volume in USD, at constant purchasing power parities",BAU1,"Business-as-usual energy transition, median climate climate damage curve, no carbon mitigation costs",A,Annual,2026,,36201.30633,,,,USD_PPP_PS,"US dollars per person, PPP converted",0,Units,2,Two
DATAFLOW,OECD.ECO.MAD:DSD_EO_LTB@DF_EO_LTB(1.0),OECD Economic Outlook 117 long-term scenarios,I,BGR,Bulgaria,GDPVD_CAP,"Gross domestic product per capita, volume in USD, at constant purchasing power parities",BAU1,"Business-as-usual energy transition, median climate climate damage curve, no carbon mitigation costs",A,Annual,2027,,37657.48,,,,USD_PPP_PS,"US dollars per person, PPP converted",0,Units,2,Two
DATAFLOW,OECD.ECO.MAD:DSD_EO_LTB@DF_EO_LTB(1.0),OECD Economic Outlook 117 long-term scenarios,I,BGR,Bulgaria,GDPVD_CAP,"Gross domestic product per capita, volume in USD, at constant purchasing power parities",BAU1,"Business-as-usual energy transition, median climate climate damage curve, no carbon mitigation costs",A,Annual,2028,,38968.6,,,,USD_PPP_PS,"US dollars per person, PPP converted",0,Units,2,Two
DATAFLOW,OECD.ECO.MAD:DSD_EO_LTB@DF_EO_LTB(1.0),OECD Economic Outlook 117 long-term scenarios,I,BGR,Bulgaria,GDPVD_CAP,"Gross domestic product per capita, volume in USD, at constant purchasing power parities",BAU1,"Business-as-usual energy transition, median climate climate damage curve, no carbon mitigation costs",A,Annual,2029,,40189.81,,,,USD_PPP_PS,"US dollars per person, PPP converted",0,Units,2,Two
DATAFLOW,OECD.ECO.MAD:DSD_EO_LTB@DF_EO_LTB(1.0),OECD Economic Outlook 117 long-term scenarios,I,BGR,Bulgaria,GDPVD_CAP,"Gross domestic product per capita, volume in USD, at constant purchasing power parities",BAU1,"Business-as-usual energy transition, median climate climate damage curve, no carbon mitigation costs",A,Annual,2030,,41354.33,,,,USD_PPP_PS,"US dollars per person, PPP converted",0,Units,2,Two
DATAFLOW,OECD.ECO.MAD:DSD_EO_LTB@DF_EO_LTB(1.0),OECD Economic Outlook 117 long-term scenarios,I,BGR,Bulgaria,GDPVD_CAP,"Gross domestic product per capita, volume in USD, at constant purchasing power parities",BAU1,"Business-as-usual energy transition, median climate climate damage curve, no carbon mitigation costs",A,Annual,2031,,42477.14,,,,USD_PPP_PS,"US dollars per person, PPP converted",0,Units,2,Two
DATAFLOW,OECD.ECO.MAD:DSD_EO_LTB@DF_EO_LTB(1.0),OECD Economic Outlook 117 long-term scenarios,I,BGR,Bulgaria,GDPVD_CAP,"Gross domestic product per capita, volume in USD, at constant purchasing power parities",BAU1,"Business-as-usual energy transition, median climate climate damage curve, no carbon mitigation costs",A,Annual,2032,,43564.46,,,,USD_PPP_PS,"US dollars per person, PPP converted",0,Units,2,Two
DATAFLOW,OECD.ECO.MAD:DSD_EO_LTB@DF_EO_LTB(1.0),OECD Economic Outlook 117 long-term scenarios,I,BGR,Bulgaria,GDPVD_CAP,"Gross domestic product per capita, volume in USD, at constant purchasing power parities",BAU1,"Business-as-usual energy transition, median climate climate damage curve, no carbon mitigation costs",A,Annual,2033,,44623.36,,,,USD_PPP_PS,"US dollars per person, PPP converted",0,Units,2,Two
DATAFLOW,OECD.ECO.MAD:DSD_EO_LTB@DF_EO_LTB(1.0),OECD Economic Outlook 117 long-term scenarios,I,BGR,Bulgaria,GDPVD_CAP,"Gross domestic product per capita, volume in USD, at constant purchasing power parities",BAU1,"Business-as-usual energy transition, median climate climate damage curve, no carbon mitigation costs",A,Annual,2034,,45659.72,,,,USD_PPP_PS,"US dollars per person, PPP converted",0,Units,2,Two
DATAFLOW,OECD.ECO.MAD:DSD_EO_LTB@DF_EO_LTB(1.0),OECD Economic Outlook 117 long-term scenarios,I,BGR,Bulgaria,GDPVD_CAP,"Gross domestic product per capita, volume in USD, at constant purchasing power parities",BAU1,"Business-as-usual energy transition, median climate climate damage curve, no carbon mitigation costs",A,Annual,2035,,46663.96,,,,USD_PPP_PS,"US dollars per person, PPP converted",0,Units,2,Two
DATAFLOW,OECD.ECO.MAD:DSD_EO_LTB@DF_EO_LTB(1.0),OECD Economic Outlook 117 long-term scenarios,I,BGR,Bulgaria,GDPVD_CAP,"Gross domestic product per capita, volume in USD, at constant purchasing power parities",BAU1,"Business-as-usual energy transition, median climate climate damage curve, no carbon mitigation costs",A,Annual,2036,,47633.82,,,,USD_PPP_PS,"US dollars per person, PPP converted",0,Units,2,Two
DATAFLOW,OECD.ECO.MAD:DSD_EO_LTB@DF_EO_LTB(1.0),OECD Economic Outlook 117 long-term scenarios,I,BGR,Bulgaria,GDPVD_CAP,"Gross domestic product per capita, volume in USD, at constant purchasing power parities",BAU1,"Business-as-usual energy transition, median climate climate damage curve, no carbon mitigation costs",A,Annual,2037,,48588.39,,,,USD_PPP_PS,"US dollars per person, PPP converted",0,Units,2,Two
DATAFLOW,OECD.ECO.MAD:DSD_EO_LTB@DF_EO_LTB(1.0),OECD Economic Outlook 117 long-term scenarios,I,BGR,Bulgaria,GDPVD_CAP,"Gross domestic product per capita, volume in USD, at constant purchasing power parities",BAU1,"Business-as-usual energy transition, median climate climate damage curve, no carbon mitigation costs",A,Annual,2038,,49539.24,,,,USD_PPP_PS,"US dollars per person, PPP converted",0,Units,2,Two
DATAFLOW,OECD.ECO.MAD:DSD_EO_LTB@DF_EO_LTB(1.0),OECD Economic Outlook 117 long-term scenarios,I,BGR,Bulgaria,GDPVD_CAP,"Gross domestic product per capita, volume in USD, at constant purchasing power parities",BAU1,"Business-as-usual energy transition, median climate climate damage curve, no carbon mitigation costs",A,Annual,2039,,50471.6,,,,USD_PPP_PS,"US dollars per person, PPP converted",0,Units,2,Two
DATAFLOW,OECD.ECO.MAD:DSD_EO_LTB@DF_EO_LTB(1.0),OECD Economic Outlook 117 long-term scenarios,I,BGR,Bulgaria,GDPVD_CAP,"Gross domestic product per capita, volume in USD, at constant purchasing power parities",BAU1,"Business-as-usual energy transition, median climate climate damage curve, no carbon mitigation costs",A,Annual,2040,,51399.78,,,,USD_PPP_PS,"US dollars per person, PPP converted",0,Units,2,Two
DATAFLOW,OECD.ECO.MAD:DSD_EO_LTB@DF_EO_LTB(1.0),OECD Economic Outlook 117 long-term scenarios,I,BGR,Bulgaria,GDPVD_CAP,"Gross domestic product per capita, volume in USD, at constant purchasing power parities",BAU1,"Business-as-usual energy transition, median climate climate damage curve, no carbon mitigation costs",A,Annual,2041,,52322.88,,,,USD_PPP_PS,"US dollars per person, PPP converted",0,Units,2,Two
DATAFLOW,OECD.ECO.MAD:DSD_EO_LTB@DF_EO_LTB(1.0),OECD Economic Outlook 117 long-term scenarios,I,BGR,Bulgaria,GDPVD_CAP,"Gross domestic product per capita, volume in USD, at constant purchasing power parities",BAU1,"Business-as-usual energy transition, median climate climate damage curve, no carbon mitigation costs",A,Annual,2042,,53245.22,,,,USD_PPP_PS,"US dollars per person, PPP converted",0,Units,2,Two
DATAFLOW,OECD.ECO.MAD:DSD_EO_LTB@DF_EO_LTB(1.0),OECD Economic Outlook 117 long-term scenarios,I,BGR,Bulgaria,GDPVD_CAP,"Gross domestic product per capita, volume in USD, at constant purchasing power parities",BAU1,"Business-as-usual energy transition, median climate climate damage curve, no carbon mitigation costs",A,Annual,2043,,54150.59,,,,USD_PPP_PS,"US dollars per person, PPP converted",0,Units,2,Two
DATAFLOW,OECD.ECO.MAD:DSD_EO_LTB@DF_EO_LTB(1.0),OECD Economic Outlook 117 long-term scenarios,I,BGR,Bulgaria,GDPVD_CAP,"Gross domestic product per capita, volume in USD, at constant purchasing power parities",BAU1,"Business-as-usual energy transition, median climate climate damage curve, no carbon mitigation costs",A,Annual,2044,,55032.29,,,,USD_PPP_PS,"US dollars per person, PPP converted",0,Units,2,Two
DATAFLOW,OECD.ECO.MAD:DSD_EO_LTB@DF_EO_LTB(1.0),OECD Economic Outlook 117 long-term scenarios,I,BGR,Bulgaria,GDPVD_CAP,"Gross domestic product per capita, volume in USD, at constant purchasing power parities",BAU1,"Business-as-usual energy transition, median climate climate damage curve, no carbon mitigation costs",A,Annual,2045,,55909.55,,,,USD_PPP_PS,"US dollars per person, PPP converted",0,Units,2,Two
DATAFLOW,OECD.ECO.MAD:DSD_EO_LTB@DF_EO_LTB(1.0),OECD Economic Outlook 117 long-term scenarios,I,BGR,Bulgaria,GDPVD_CAP,"Gross domestic product per capita, volume in USD, at constant purchasing power parities",BAU1,"Business-as-usual energy transition, median climate climate damage curve, no carbon mitigation costs",A,Annual,2046,,56807.97,,,,USD_PPP_PS,"US dollars per person, PPP converted",0,Units,2,Two
DATAFLOW,OECD.ECO.MAD:DSD_EO_LTB@DF_EO_LTB(1.0),OECD Economic Outlook 117 long-term scenarios,I,BGR,Bulgaria,GDPVD_CAP,"Gross domestic product per capita, volume in USD, at constant purchasing power parities",BAU1,"Business-as-usual energy transition, median climate climate damage curve, no carbon mitigation costs",A,Annual,2047,,57737.48,,,,USD_PPP_PS,"US dollars per person, PPP converted",0,Units,2,Two
DATAFLOW,OECD.ECO.MAD:DSD_EO_LTB@DF_EO_LTB(1.0),OECD Economic Outlook 117 long-term scenarios,I,BGR,Bulgaria,GDPVD_CAP,"Gross domestic product per capita, volume in USD, at constant purchasing power parities",BAU1,"Business-as-usual energy transition, median climate climate damage curve, no carbon mitigation costs",A,Annual,2048,,58684.64,,,,USD_PPP_PS,"US dollars per person, PPP converted",0,Units,2,Two
DATAFLOW,OECD.ECO.MAD:DSD_EO_LTB@DF_EO_LTB(1.0),OECD Economic Outlook 117 long-term scenarios,I,BGR,Bulgaria,GDPVD_CAP,"Gross domestic product per capita, volume in USD, at constant purchasing power parities",BAU1,"Business-as-usual energy transition, median climate climate damage curve, no carbon mitigation costs",A,Annual,2049,,59604.89,,,,USD_PPP_PS,"US dollars per person, PPP converted",0,Units,2,Two
DATAFLOW,OECD.ECO.MAD:DSD_EO_LTB@DF_EO_LTB(1.0),OECD Economic Outlook 117 long-term scenarios,I,BGR,Bulgaria,GDPVD_CAP,"Gross domestic product per capita, volume in USD, at constant purchasing power parities",BAU1,"Business-as-usual energy transition, median climate climate damage curve, no carbon mitigation costs",A,Annual,2050,,60496.15,,,,USD_PPP_PS,"US dollars per person, PPP converted",0,Units,2,Two
DATAFLOW,OECD.ECO.MAD:DSD_EO_LTB@DF_EO_LTB(1.0),OECD Economic Outlook 117 long-term scenarios,I,BGR,Bulgaria,GDPVD_CAP,"Gross domestic product per capita, volume in USD, at constant purchasing power parities",BAU1,"Business-as-usual energy transition, median climate climate damage curve, no carbon mitigation costs",A,Annual,2051,,61377.12,,,,USD_PPP_PS,"US dollars per person, PPP converted",0,Units,2,Two
DATAFLOW,OECD.ECO.MAD:DSD_EO_LTB@DF_EO_LTB(1.0),OECD Economic Outlook 117 long-term scenarios,I,BGR,Bulgaria,GDPVD_CAP,"Gross domestic product per capita, volume in USD, at constant purchasing power parities",BAU1,"Business-as-usual energy transition, median climate climate damage curve, no carbon mitigation costs",A,Annual,2052,,62259.09,,,,USD_PPP_PS,"US dollars per person, PPP converted",0,Units,2,Two
DATAFLOW,OECD.ECO.MAD:DSD_EO_LTB@DF_EO_LTB(1.0),OECD Economic Outlook 117 long-term scenarios,I,BGR,Bulgaria,GDPVD_CAP,"Gross domestic product per capita, volume in USD, at constant purchasing power parities",BAU1,"Business-as-usual energy transition, median climate climate damage curve, no carbon mitigation costs",A,Annual,2053,,63157.95,,,,USD_PPP_PS,"US dollars per person, PPP converted",0,Units,2,Two
DATAFLOW,OECD.ECO.MAD:DSD_EO_LTB@DF_EO_LTB(1.0),OECD Economic Outlook 117 long-term scenarios,I,BGR,Bulgaria,GDPVD_CAP,"Gross domestic product per capita, volume in USD, at constant purchasing power parities",BAU1,"Business-as-usual energy transition, median climate climate damage curve, no carbon mitigation costs",A,Annual,2054,,64094.45,,,,USD_PPP_PS,"US dollars per person, PPP converted",0,Units,2,Two
DATAFLOW,OECD.ECO.MAD:DSD_EO_LTB@DF_EO_LTB(1.0),OECD Economic Outlook 117 long-term scenarios,I,BGR,Bulgaria,GDPVD_CAP,"Gross domestic product per capita, volume in USD, at constant purchasing power parities",BAU1,"Business-as-usual energy transition, median climate climate damage curve, no carbon mitigation costs",A,Annual,2055,,65078.6,,,,USD_PPP_PS,"US dollars per person, PPP converted",0,Units,2,Two
DATAFLOW,OECD.ECO.MAD:DSD_EO_LTB@DF_EO_LTB(1.0),OECD Economic Outlook 117 long-term scenarios,I,BGR,Bulgaria,GDPVD_CAP,"Gross domestic product per capita, volume in USD, at constant purchasing power parities",BAU1,"Business-as-usual energy transition, median climate climate damage curve, no carbon mitigation costs",A,Annual,2056,,66139.1,,,,USD_PPP_PS,"US dollars per person, PPP converted",0,Units,2,Two
DATAFLOW,OECD.ECO.MAD:DSD_EO_LTB@DF_EO_LTB(1.0),OECD Economic Outlook 117 long-term scenarios,I,BGR,Bulgaria,GDPVD_CAP,"Gross domestic product per capita, volume in USD, at constant purchasing power parities",BAU1,"Business-as-usual energy transition, median climate climate damage curve, no carbon mitigation costs",A,Annual,2057,,67282.96,,,,USD_PPP_PS,"US dollars per person, PPP converted",0,Units,2,Two
DATAFLOW,OECD.ECO.MAD:DSD_EO_LTB@DF_EO_LTB(1.0),OECD Economic Outlook 117 long-term scenarios,I,BGR,Bulgaria,GDPVD_CAP,"Gross domestic product per capita, volume in USD, at constant purchasing power parities",BAU1,"Business-as-usual energy transition, median climate climate damage curve, no carbon mitigation costs",A,Annual,2058,,68518.37,,,,USD_PPP_PS,"US dollars per person, PPP converted",0,Units,2,Two
DATAFLOW,OECD.ECO.MAD:DSD_EO_LTB@DF_EO_LTB(1.0),OECD Economic Outlook 117 long-term scenarios,I,BGR,Bulgaria,GDPVD_CAP,"Gross domestic product per capita, volume in USD, at constant purchasing power parities",BAU1,"Business-as-usual energy transition, median climate climate damage curve, no carbon mitigation costs",A,Annual,2059,,69835.34,,,,USD_PPP_PS,"US dollars per person, PPP converted",0,Units,2,Two
DATAFLOW,OECD.ECO.MAD:DSD_EO_LTB@DF_EO_LTB(1.0),OECD Economic Outlook 117 long-term scenarios,I,BGR,Bulgaria,GDPVD_CAP,"Gross domestic product per capita, volume in USD, at constant purchasing power parities",BAU1,"Business-as-usual energy transition, median climate climate damage curve, no carbon mitigation costs",A,Annual,2060,,71240.9,,,,USD_PPP_PS,"US dollars per person, PPP converted",0,Units,2,Two
DATAFLOW,OECD.ECO.MAD:DSD_EO_LTB@DF_EO_LTB(1.0),OECD Economic Outlook 117 long-term scenarios,I,LTU,Lithuania,GDPVD_CAP,"Gross domestic product per capita, volume in USD, at constant purchasing power parities",BAU1,"Business-as-usual energy transition, median climate climate damage curve, no carbon mitigation costs",A,Annual,1995,,12158.20805,,,,USD_PPP_PS,"US dollars per person, PPP converted",0,Units,2,Two
DATAFLOW,OECD.ECO.MAD:DSD_EO_LTB@DF_EO_LTB(1.0),OECD Economic Outlook 117 long-term scenarios,I,LTU,Lithuania,GDPVD_CAP,"Gross domestic product per capita, volume in USD, at constant purchasing power parities",BAU1,"Business-as-usual energy transition, median climate climate damage curve, no carbon mitigation costs",A,Annual,1996,,12866.84837,,,,USD_PPP_PS,"US dollars per person, PPP converted",0,Units,2,Two
DATAFLOW,OECD.ECO.MAD:DSD_EO_LTB@DF_EO_LTB(1.0),OECD Economic Outlook 117 long-term scenarios,I,LTU,Lithuania,GDPVD_CAP,"Gross domestic product per capita, volume in USD, at constant purchasing power parities",BAU1,"Business-as-usual energy transition, median climate climate damage curve, no carbon mitigation costs",A,Annual,1997,,14038.0739,,,,USD_PPP_PS,"US dollars per person, PPP converted",0,Units,2,Two
DATAFLOW,OECD.ECO.MAD:DSD_EO_LTB@DF_EO_LTB(1.0),OECD Economic Outlook 117 long-term scenarios,I,LTU,Lithuania,GDPVD_CAP,"Gross domestic product per capita, volume in USD, at constant purchasing power parities",BAU1,"Business-as-usual energy transition, median climate climate damage curve, no carbon mitigation costs",A,Annual,1998,,15195.40977,,,,USD_PPP_PS,"US dollars per person, PPP converted",0,Units,2,Two
DATAFLOW,OECD.ECO.MAD:DSD_EO_LTB@DF_EO_LTB(1.0),OECD Economic Outlook 117 long-term scenarios,I,LTU,Lithuania,GDPVD_CAP,"Gross domestic product per capita, volume in USD, at constant purchasing power parities",BAU1,"Business-as-usual energy transition, median climate climate damage curve, no carbon mitigation costs",A,Annual,1999,,15135.72168,,,,USD_PPP_PS,"US dollars per person, PPP converted",0,Units,2,Two
DATAFLOW,OECD.ECO.MAD:DSD_EO_LTB@DF_EO_LTB(1.0),OECD Economic Outlook 117 long-term scenarios,I,LTU,Lithuania,GDPVD_CAP,"Gross domestic product per capita, volume in USD, at constant purchasing power parities",BAU1,"Business-as-usual energy transition, median climate climate damage curve, no carbon mitigation costs",A,Annual,2000,,15763.64467,,,,USD_PPP_PS,"US dollars per person, PPP converted",0,Units,2,Two
DATAFLOW,OECD.ECO.MAD:DSD_EO_LTB@DF_EO_LTB(1.0),OECD Economic Outlook 117 long-term scenarios,I,LTU,Lithuania,GDPVD_CAP,"Gross domestic product per capita, volume in USD, at constant purchasing power parities",BAU1,"Business-as-usual energy transition, median climate climate damage curve, no carbon mitigation costs",A,Annual,2001,,16924.66674,,,,USD_PPP_PS,"US dollars per person, PPP converted",0,Units,2,Two
DATAFLOW,OECD.ECO.MAD:DSD_EO_LTB@DF_EO_LTB(1.0),OECD Economic Outlook 117 long-term scenarios,I,LTU,Lithuania,GDPVD_CAP,"Gross domestic product per capita, volume in USD, at constant purchasing power parities",BAU1,"Business-as-usual energy transition, median climate climate damage curve, no carbon mitigation costs",A,Annual,2002,,18207.55623,,,,USD_PPP_PS,"US dollars per person, PPP converted",0,Units,2,Two
DATAFLOW,OECD.ECO.MAD:DSD_EO_LTB@DF_EO_LTB(1.0),OECD Economic Outlook 117 long-term scenarios,I,LTU,Lithuania,GDPVD_CAP,"Gross domestic product per capita, volume in USD, at constant purchasing power parities",BAU1,"Business-as-usual energy transition, median climate climate damage curve, no carbon mitigation costs",A,Annual,2003,,20292.96657,,,,USD_PPP_PS,"US dollars per person, PPP converted",0,Units,2,Two
DATAFLOW,OECD.ECO.MAD:DSD_EO_LTB@DF_EO_LTB(1.0),OECD Economic Outlook 117 long-term scenarios,I,LTU,Lithuania,GDPVD_CAP,"Gross domestic product per capita, volume in USD, at constant purchasing power parities",BAU1,"Business-as-usual energy transition, median climate climate damage curve, no carbon mitigation costs",A,Annual,2004,,21856.49587,,,,USD_PPP_PS,"US dollars per person, PPP converted",0,Units,2,Two
DATAFLOW,OECD.ECO.MAD:DSD_EO_LTB@DF_EO_LTB(1.0),OECD Economic Outlook 117 long-term scenarios,I,LTU,Lithuania,GDPVD_CAP,"Gross domestic product per capita, volume in USD, at constant purchasing power parities",BAU1,"Business-as-usual energy transition, median climate climate damage curve, no carbon mitigation costs",A,Annual,2005,,23932.88649,,,,USD_PPP_PS,"US dollars per person, PPP converted",0,Units,2,Two
DATAFLOW,OECD.ECO.MAD:DSD_EO_LTB@DF_EO_LTB(1.0),OECD Economic Outlook 117 long-term scenarios,I,LTU,Lithuania,GDPVD_CAP,"Gross domestic product per capita, volume in USD, at constant purchasing power parities",BAU1,"Business-as-usual energy transition, median climate climate damage curve, no carbon mitigation costs",A,Annual,2006,,26116.44568,,,,USD_PPP_PS,"US dollars per person, PPP converted",0,Units,2,Two
DATAFLOW,OECD.ECO.MAD:DSD_EO_LTB@DF_EO_LTB(1.0),OECD Economic Outlook 117 long-term scenarios,I,LTU,Lithuania,GDPVD_CAP,"Gross domestic product per capita, volume in USD, at constant purchasing power parities",BAU1,"Business-as-usual energy transition, median climate climate damage curve, no carbon mitigation costs",A,Annual,2007,,29356.28109,,,,USD_PPP_PS,"US dollars per person, PPP converted",0,Units,2,Two
DATAFLOW,OECD.ECO.MAD:DSD_EO_LTB@DF_EO_LTB(1.0),OECD Economic Outlook 117 long-term scenarios,I,LTU,Lithuania,GDPVD_CAP,"Gross domestic product per capita, volume in USD, at constant purchasing power parities",BAU1,"Business-as-usual energy transition, median climate climate damage curve, no carbon mitigation costs",A,Annual,2008,,30430.75731,,,,USD_PPP_PS,"US dollars per person, PPP converted",0,Units,2,Two
DATAFLOW,OECD.ECO.MAD:DSD_EO_LTB@DF_EO_LTB(1.0),OECD Economic Outlook 117 long-term scenarios,I,LTU,Lithuania,GDPVD_CAP,"Gross domestic product per capita, volume in USD, at constant purchasing power parities",BAU1,"Business-as-usual energy transition, median climate climate damage curve, no carbon mitigation costs",A,Annual,2009,,26204.60807,,,,USD_PPP_PS,"US dollars per person, PPP converted",0,Units,2,Two
DATAFLOW,OECD.ECO.MAD:DSD_EO_LTB@DF_EO_LTB(1.0),OECD Economic Outlook 117 long-term scenarios,I,LTU,Lithuania,GDPVD_CAP,"Gross domestic product per capita, volume in USD, at constant purchasing power parities",BAU1,"Business-as-usual energy transition, median climate climate damage curve, no carbon mitigation costs",A,Annual,2010,,26874.22379,,,,USD_PPP_PS,"US dollars per person, PPP converted",0,Units,2,Two
DATAFLOW,OECD.ECO.MAD:DSD_EO_LTB@DF_EO_LTB(1.0),OECD Economic Outlook 117 long-term scenarios,I,LTU,Lithuania,GDPVD_CAP,"Gross domestic product per capita, volume in USD, at constant purchasing power parities",BAU1,"Business-as-usual energy transition, median climate climate damage curve, no carbon mitigation costs",A,Annual,2011,,29226.32005,,,,USD_PPP_PS,"US dollars per person, PPP converted",0,Units,2,Two
DATAFLOW,OECD.ECO.MAD:DSD_EO_LTB@DF_EO_LTB(1.0),OECD Economic Outlook 117 long-term scenarios,I,LTU,Lithuania,GDPVD_CAP,"Gross domestic product per capita, volume in USD, at constant purchasing power parities",BAU1,"Business-as-usual energy transition, median climate climate damage curve, no carbon mitigation costs",A,Annual,2012,,30905.07258,,,,USD_PPP_PS,"US dollars per person, PPP converted",0,Units,2,Two
DATAFLOW,OECD.ECO.MAD:DSD_EO_LTB@DF_EO_LTB(1.0),OECD Economic Outlook 117 long-term scenarios,I,LTU,Lithuania,GDPVD_CAP,"Gross domestic product per capita, volume in USD, at constant purchasing power parities",BAU1,"Business-as-usual energy transition, median climate climate damage curve, no carbon mitigation costs",A,Annual,2013,,32458.61724,,,,USD_PPP_PS,"US dollars per person, PPP converted",0,Units,2,Two
DATAFLOW,OECD.ECO.MAD:DSD_EO_LTB@DF_EO_LTB(1.0),OECD Economic Outlook 117 long-term scenarios,I,LTU,Lithuania,GDPVD_CAP,"Gross domestic product per capita, volume in USD, at constant purchasing power parities",BAU1,"Business-as-usual energy transition, median climate climate damage curve, no carbon mitigation costs",A,Annual,2014,,33958.31951,,,,USD_PPP_PS,"US dollars per person, PPP converted",0,Units,2,Two
DATAFLOW,OECD.ECO.MAD:DSD_EO_LTB@DF_EO_LTB(1.0),OECD Economic Outlook 117 long-term scenarios,I,LTU,Lithuania,GDPVD_CAP,"Gross domestic product per capita, volume in USD, at constant purchasing power parities",BAU1,"Business-as-usual energy transition, median climate climate damage curve, no carbon mitigation costs",A,Annual,2015,,35233.90404,,,,USD_PPP_PS,"US dollars per person, PPP converted",0,Units,2,Two
DATAFLOW,OECD.ECO.MAD:DSD_EO_LTB@DF_EO_LTB(1.0),OECD Economic Outlook 117 long-term scenarios,I,LTU,Lithuania,GDPVD_CAP,"Gross domestic product per capita, volume in USD, at constant purchasing power parities",BAU1,"Business-as-usual energy transition, median climate climate damage curve, no carbon mitigation costs",A,Annual,2016,,36600.0777,,,,USD_PPP_PS,"US dollars per person, PPP converted",0,Units,2,Two
DATAFLOW,OECD.ECO.MAD:DSD_EO_LTB@DF_EO_LTB(1.0),OECD Economic Outlook 117 long-term scenarios,I,LTU,Lithuania,GDPVD_CAP,"Gross domestic product per capita, volume in USD, at constant purchasing power parities",BAU1,"Business-as-usual energy transition, median climate climate damage curve, no carbon mitigation costs",A,Annual,2017,,38755.35617,,,,USD_PPP_PS,"US dollars per person, PPP converted",0,Units,2,Two
DATAFLOW,OECD.ECO.MAD:DSD_EO_LTB@DF_EO_LTB(1.0),OECD Economic Outlook 117 long-term scenarios,I,LTU,Lithuania,GDPVD_CAP,"Gross domestic product per capita, volume in USD, at constant purchasing power parities",BAU1,"Business-as-usual energy transition, median climate climate damage curve, no carbon mitigation costs",A,Annual,2018,,40999.54951,,,,USD_PPP_PS,"US dollars per person, PPP converted",0,Units,2,Two
DATAFLOW,OECD.ECO.MAD:DSD_EO_LTB@DF_EO_LTB(1.0),OECD Economic Outlook 117 long-term scenarios,I,LTU,Lithuania,GDPVD_CAP,"Gross domestic product per capita, volume in USD, at constant purchasing power parities",BAU1,"Business-as-usual energy transition, median climate climate damage curve, no carbon mitigation costs",A,Annual,2019,,43041.07436,,,,USD_PPP_PS,"US dollars per person, PPP converted",0,Units,2,Two
DATAFLOW,OECD.ECO.MAD:DSD_EO_LTB@DF_EO_LTB(1.0),OECD Economic Outlook 117 long-term scenarios,I,LTU,Lithuania,GDPVD_CAP,"Gross domestic product per capita, volume in USD, at constant purchasing power parities",BAU1,"Business-as-usual energy transition, median climate climate damage curve, no carbon mitigation costs",A,Annual,2020,,43070.53398,,,,USD_PPP_PS,"US dollars per person, PPP converted",0,Units,2,Two
DATAFLOW,OECD.ECO.MAD:DSD_EO_LTB@DF_EO_LTB(1.0),OECD Economic Outlook 117 long-term scenarios,I,LTU,Lithuania,GDPVD_CAP,"Gross domestic product per capita, volume in USD, at constant purchasing power parities",BAU1,"Business-as-usual energy transition, median climate climate damage curve, no carbon mitigation costs",A,Annual,2021,,45850.89118,,,,USD_PPP_PS,"US dollars per person, PPP converted",0,Units,2,Two
DATAFLOW,OECD.ECO.MAD:DSD_EO_LTB@DF_EO_LTB(1.0),OECD Economic Outlook 117 long-term scenarios,I,LTU,Lithuania,GDPVD_CAP,"Gross domestic product per capita, volume in USD, at constant purchasing power parities",BAU1,"Business-as-usual energy transition, median climate climate damage curve, no carbon mitigation costs",A,Annual,2022,,46628.21114,,,,USD_PPP_PS,"US dollars per person, PPP converted",0,Units,2,Two
DATAFLOW,OECD.ECO.MAD:DSD_EO_LTB@DF_EO_LTB(1.0),OECD Economic Outlook 117 long-term scenarios,I,LTU,Lithuania,GDPVD_CAP,"Gross domestic product per capita, volume in USD, at constant purchasing power parities",BAU1,"Business-as-usual energy transition, median climate climate damage curve, no carbon mitigation costs",A,Annual,2023,,46136.93062,,,,USD_PPP_PS,"US dollars per person, PPP converted",0,Units,2,Two
DATAFLOW,OECD.ECO.MAD:DSD_EO_LTB@DF_EO_LTB(1.0),OECD Economic Outlook 117 long-term scenarios,I,LTU,Lithuania,GDPVD_CAP,"Gross domestic product per capita, volume in USD, at constant purchasing power parities",BAU1,"Business-as-usual energy transition, median climate climate damage curve, no carbon mitigation costs",A,Annual,2024,,47145.73278,,,,USD_PPP_PS,"US dollars per person, PPP converted",0,Units,2,Two
DATAFLOW,OECD.ECO.MAD:DSD_EO_LTB@DF_EO_LTB(1.0),OECD Economic Outlook 117 long-term scenarios,I,LTU,Lithuania,GDPVD_CAP,"Gross domestic product per capita, volume in USD, at constant purchasing power parities",BAU1,"Business-as-usual energy transition, median climate climate damage curve, no carbon mitigation costs",A,Annual,2025,,48663.11751,,,,USD_PPP_PS,"US dollars per person, PPP converted",0,Units,2,Two
DATAFLOW,OECD.ECO.MAD:DSD_EO_LTB@DF_EO_LTB(1.0),OECD Economic Outlook 117 long-term scenarios,I,LTU,Lithuania,GDPVD_CAP,"Gross domestic product per capita, volume in USD, at constant purchasing power parities",BAU1,"Business-as-usual energy transition, median climate climate damage curve, no carbon mitigation costs",A,Annual,2026,,50217.23153,,,,USD_PPP_PS,"US dollars per person, PPP converted",0,Units,2,Two
DATAFLOW,OECD.ECO.MAD:DSD_EO_LTB@DF_EO_LTB(1.0),OECD Economic Outlook 117 long-term scenarios,I,LTU,Lithuania,GDPVD_CAP,"Gross domestic product per capita, volume in USD, at constant purchasing power parities",BAU1,"Business-as-usual energy transition, median climate climate damage curve, no carbon mitigation costs",A,Annual,2027,,52262.46,,,,USD_PPP_PS,"US dollars per person, PPP converted",0,Units,2,Two
DATAFLOW,OECD.ECO.MAD:DSD_EO_LTB@DF_EO_LTB(1.0),OECD Economic Outlook 117 long-term scenarios,I,LTU,Lithuania,GDPVD_CAP,"Gross domestic product per capita, volume in USD, at constant purchasing power parities",BAU1,"Business-as-usual energy transition, median climate climate damage curve, no carbon mitigation costs",A,Annual,2028,,53968.35,,,,USD_PPP_PS,"US dollars per person, PPP converted",0,Units,2,Two
DATAFLOW,OECD.ECO.MAD:DSD_EO_LTB@DF_EO_LTB(1.0),OECD Economic Outlook 117 long-term scenarios,I,LTU,Lithuania,GDPVD_CAP,"Gross domestic product per capita, volume in USD, at constant purchasing power parities",BAU1,"Business-as-usual energy transition, median climate climate damage curve, no carbon mitigation costs",A,Annual,2029,,55489.98,,,,USD_PPP_PS,"US dollars per person, PPP converted",0,Units,2,Two
DATAFLOW,OECD.ECO.MAD:DSD_EO_LTB@DF_EO_LTB(1.0),OECD Economic Outlook 117 long-term scenarios,I,LTU,Lithuania,GDPVD_CAP,"Gross domestic product per capita, volume in USD, at constant purchasing power parities",BAU1,"Business-as-usual energy transition, median climate climate damage curve, no carbon mitigation costs",A,Annual,2030,,56889.93,,,,USD_PPP_PS,"US dollars per person, PPP converted",0,Units,2,Two
DATAFLOW,OECD.ECO.MAD:DSD_EO_LTB@DF_EO_LTB(1.0),OECD Economic Outlook 117 long-term scenarios,I,LTU,Lithuania,GDPVD_CAP,"Gross domestic product per capita, volume in USD, at constant purchasing power parities",BAU1,"Business-as-usual energy transition, median climate climate damage curve, no carbon mitigation costs",A,Annual,2031,,58223.97,,,,USD_PPP_PS,"US dollars per person, PPP converted",0,Units,2,Two
DATAFLOW,OECD.ECO.MAD:DSD_EO_LTB@DF_EO_LTB(1.0),OECD Economic Outlook 117 long-term scenarios,I,LTU,Lithuania,GDPVD_CAP,"Gross domestic product per capita, volume in USD, at constant purchasing power parities",BAU1,"Business-as-usual energy transition, median climate climate damage curve, no carbon mitigation costs",A,Annual,2032,,59511.08,,,,USD_PPP_PS,"US dollars per person, PPP converted",0,Units,2,Two
DATAFLOW,OECD.ECO.MAD:DSD_EO_LTB@DF_EO_LTB(1.0),OECD Economic Outlook 117 long-term scenarios,I,LTU,Lithuania,GDPVD_CAP,"Gross domestic product per capita, volume in USD, at constant purchasing power parities",BAU1,"Business-as-usual energy transition, median climate climate damage curve, no carbon mitigation costs",A,Annual,2033,,60773.59,,,,USD_PPP_PS,"US dollars per person, PPP converted",0,Units,2,Two
DATAFLOW,OECD.ECO.MAD:DSD_EO_LTB@DF_EO_LTB(1.0),OECD Economic Outlook 117 long-term scenarios,I,LTU,Lithuania,GDPVD_CAP,"Gross domestic product per capita, volume in USD, at constant purchasing power parities",BAU1,"Business-as-usual energy transition, median climate climate damage curve, no carbon mitigation costs",A,Annual,2034,,62051.38,,,,USD_PPP_PS,"US dollars per person, PPP converted",0,Units,2,Two
DATAFLOW,OECD.ECO.MAD:DSD_EO_LTB@DF_EO_LTB(1.0),OECD Economic Outlook 117 long-term scenarios,I,LTU,Lithuania,GDPVD_CAP,"Gross domestic product per capita, volume in USD, at constant purchasing power parities",BAU1,"Business-as-usual energy transition, median climate climate damage curve, no carbon mitigation costs",A,Annual,2035,,63409.09,,,,USD_PPP_PS,"US dollars per person, PPP converted",0,Units,2,Two
DATAFLOW,OECD.ECO.MAD:DSD_EO_LTB@DF_EO_LTB(1.0),OECD Economic Outlook 117 long-term scenarios,I,LTU,Lithuania,GDPVD_CAP,"Gross domestic product per capita, volume in USD, at constant purchasing power parities",BAU1,"Business-as-usual energy transition, median climate climate damage curve, no carbon mitigation costs",A,Annual,2036,,64846.75,,,,USD_PPP_PS,"US dollars per person, PPP converted",0,Units,2,Two
DATAFLOW,OECD.ECO.MAD:DSD_EO_LTB@DF_EO_LTB(1.0),OECD Economic Outlook 117 long-term scenarios,I,LTU,Lithuania,GDPVD_CAP,"Gross domestic product per capita, volume in USD, at constant purchasing power parities",BAU1,"Business-as-usual energy transition, median climate climate damage curve, no carbon mitigation costs",A,Annual,2037,,66299.01,,,,USD_PPP_PS,"US dollars per person, PPP converted",0,Units,2,Two
DATAFLOW,OECD.ECO.MAD:DSD_EO_LTB@DF_EO_LTB(1.0),OECD Economic Outlook 117 long-term scenarios,I,LTU,Lithuania,GDPVD_CAP,"Gross domestic product per capita, volume in USD, at constant purchasing power parities",BAU1,"Business-as-usual energy transition, median climate climate damage curve, no carbon mitigation costs",A,Annual,2038,,67780.74,,,,USD_PPP_PS,"US dollars per person, PPP converted",0,Units,2,Two
DATAFLOW,OECD.ECO.MAD:DSD_EO_LTB@DF_EO_LTB(1.0),OECD Economic Outlook 117 long-term scenarios,I,LTU,Lithuania,GDPVD_CAP,"Gross domestic product per capita, volume in USD, at constant purchasing power parities",BAU1,"Business-as-usual energy transition, median climate climate damage curve, no carbon mitigation costs",A,Annual,2039,,69282.21,,,,USD_PPP_PS,"US dollars per person, PPP converted",0,Units,2,Two
DATAFLOW,OECD.ECO.MAD:DSD_EO_LTB@DF_EO_LTB(1.0),OECD Economic Outlook 117 long-term scenarios,I,LTU,Lithuania,GDPVD_CAP,"Gross domestic product per capita, volume in USD, at constant purchasing power parities",BAU1,"Business-as-usual energy transition, median climate climate damage curve, no carbon mitigation costs",A,Annual,2040,,70821.71,,,,USD_PPP_PS,"US dollars per person, PPP converted",0,Units,2,Two
DATAFLOW,OECD.ECO.MAD:DSD_EO_LTB@DF_EO_LTB(1.0),OECD Economic Outlook 117 long-term scenarios,I,LTU,Lithuania,GDPVD_CAP,"Gross domestic product per capita, volume in USD, at constant purchasing power parities",BAU1,"Business-as-usual energy transition, median climate climate damage curve, no carbon mitigation costs",A,Annual,2041,,72347.94,,,,USD_PPP_PS,"US dollars per person, PPP converted",0,Units,2,Two
DATAFLOW,OECD.ECO.MAD:DSD_EO_LTB@DF_EO_LTB(1.0),OECD Economic Outlook 117 long-term scenarios,I,LTU,Lithuania,GDPVD_CAP,"Gross domestic product per capita, volume in USD, at constant purchasing power parities",BAU1,"Business-as-usual energy transition, median climate climate damage curve, no carbon mitigation costs",A,Annual,2042,,73869.76,,,,USD_PPP_PS,"US dollars per person, PPP converted",0,Units,2,Two
DATAFLOW,OECD.ECO.MAD:DSD_EO_LTB@DF_EO_LTB(1.0),OECD Economic Outlook 117 long-term scenarios,I,LTU,Lithuania,GDPVD_CAP,"Gross domestic product per capita, volume in USD, at constant purchasing power parities",BAU1,"Business-as-usual energy transition, median climate climate damage curve, no carbon mitigation costs",A,Annual,2043,,75371.97,,,,USD_PPP_PS,"US dollars per person, PPP converted",0,Units,2,Two
DATAFLOW,OECD.ECO.MAD:DSD_EO_LTB@DF_EO_LTB(1.0),OECD Economic Outlook 117 long-term scenarios,I,LTU,Lithuania,GDPVD_CAP,"Gross domestic product per capita, volume in USD, at constant purchasing power parities",BAU1,"Business-as-usual energy transition, median climate climate damage curve, no carbon mitigation costs",A,Annual,2044,,76846.92,,,,USD_PPP_PS,"US dollars per person, PPP converted",0,Units,2,Two
DATAFLOW,OECD.ECO.MAD:DSD_EO_LTB@DF_EO_LTB(1.0),OECD Economic Outlook 117 long-term scenarios,I,LTU,Lithuania,GDPVD_CAP,"Gross domestic product per capita, volume in USD, at constant purchasing power parities",BAU1,"Business-as-usual energy transition, median climate climate damage curve, no carbon mitigation costs",A,Annual,2045,,78256.61,,,,USD_PPP_PS,"US dollars per person, PPP converted",0,Units,2,Two
DATAFLOW,OECD.ECO.MAD:DSD_EO_LTB@DF_EO_LTB(1.0),OECD Economic Outlook 117 long-term scenarios,I,LTU,Lithuania,GDPVD_CAP,"Gross domestic product per capita, volume in USD, at constant purchasing power parities",BAU1,"Business-as-usual energy transition, median climate climate damage curve, no carbon mitigation costs",A,Annual,2046,,79613.01,,,,USD_PPP_PS,"US dollars per person, PPP converted",0,Units,2,Two
DATAFLOW,OECD.ECO.MAD:DSD_EO_LTB@DF_EO_LTB(1.0),OECD Economic Outlook 117 long-term scenarios,I,LTU,Lithuania,GDPVD_CAP,"Gross domestic product per capita, volume in USD, at constant purchasing power parities",BAU1,"Business-as-usual energy transition, median climate climate damage curve, no carbon mitigation costs",A,Annual,2047,,80909.49,,,,USD_PPP_PS,"US dollars per person, PPP converted",0,Units,2,Two
DATAFLOW,OECD.ECO.MAD:DSD_EO_LTB@DF_EO_LTB(1.0),OECD Economic Outlook 117 long-term scenarios,I,LTU,Lithuania,GDPVD_CAP,"Gross domestic product per capita, volume in USD, at constant purchasing power parities",BAU1,"Business-as-usual energy transition, median climate climate damage curve, no carbon mitigation costs",A,Annual,2048,,82178.03,,,,USD_PPP_PS,"US dollars per person, PPP converted",0,Units,2,Two
DATAFLOW,OECD.ECO.MAD:DSD_EO_LTB@DF_EO_LTB(1.0),OECD Economic Outlook 117 long-term scenarios,I,LTU,Lithuania,GDPVD_CAP,"Gross domestic product per capita, volume in USD, at constant purchasing power parities",BAU1,"Business-as-usual energy transition, median climate climate damage curve, no carbon mitigation costs",A,Annual,2049,,83383.66,,,,USD_PPP_PS,"US dollars per person, PPP converted",0,Units,2,Two
DATAFLOW,OECD.ECO.MAD:DSD_EO_LTB@DF_EO_LTB(1.0),OECD Economic Outlook 117 long-term scenarios,I,LTU,Lithuania,GDPVD_CAP,"Gross domestic product per capita, volume in USD, at constant purchasing power parities",BAU1,"Business-as-usual energy transition, median climate climate damage curve, no carbon mitigation costs",A,Annual,2050,,84523.48,,,,USD_PPP_PS,"US dollars per person, PPP converted",0,Units,2,Two
DATAFLOW,OECD.ECO.MAD:DSD_EO_LTB@DF_EO_LTB(1.0),OECD Economic Outlook 117 long-term scenarios,I,LTU,Lithuania,GDPVD_CAP,"Gross domestic product per capita, volume in USD, at constant purchasing power parities",BAU1,"Business-as-usual energy transition, median climate climate damage curve, no carbon mitigation costs",A,Annual,2051,,85622.54,,,,USD_PPP_PS,"US dollars per person, PPP converted",0,Units,2,Two
DATAFLOW,OECD.ECO.MAD:DSD_EO_LTB@DF_EO_LTB(1.0),OECD Economic Outlook 117 long-term scenarios,I,LTU,Lithuania,GDPVD_CAP,"Gross domestic product per capita, volume in USD, at constant purchasing power parities",BAU1,"Business-as-usual energy transition, median climate climate damage curve, no carbon mitigation costs",A,Annual,2052,,86662.85,,,,USD_PPP_PS,"US dollars per person, PPP converted",0,Units,2,Two
DATAFLOW,OECD.ECO.MAD:DSD_EO_LTB@DF_EO_LTB(1.0),OECD Economic Outlook 117 long-term scenarios,I,LTU,Lithuania,GDPVD_CAP,"Gross domestic product per capita, volume in USD, at constant purchasing power parities",BAU1,"Business-as-usual energy transition, median climate climate damage curve, no carbon mitigation costs",A,Annual,2053,,87668.36,,,,USD_PPP_PS,"US dollars per person, PPP converted",0,Units,2,Two
DATAFLOW,OECD.ECO.MAD:DSD_EO_LTB@DF_EO_LTB(1.0),OECD Economic Outlook 117 long-term scenarios,I,LTU,Lithuania,GDPVD_CAP,"Gross domestic product per capita, volume in USD, at constant purchasing power parities",BAU1,"Business-as-usual energy transition, median climate climate damage curve, no carbon mitigation costs",A,Annual,2054,,88633.89,,,,USD_PPP_PS,"US dollars per person, PPP converted",0,Units,2,Two
DATAFLOW,OECD.ECO.MAD:DSD_EO_LTB@DF_EO_LTB(1.0),OECD Economic Outlook 117 long-term scenarios,I,LTU,Lithuania,GDPVD_CAP,"Gross domestic product per capita, volume in USD, at constant purchasing power parities",BAU1,"Business-as-usual energy transition, median climate climate damage curve, no carbon mitigation costs",A,Annual,2055,,89597.76,,,,USD_PPP_PS,"US dollars per person, PPP converted",0,Units,2,Two
DATAFLOW,OECD.ECO.MAD:DSD_EO_LTB@DF_EO_LTB(1.0),OECD Economic Outlook 117 long-term scenarios,I,LTU,Lithuania,GDPVD_CAP,"Gross domestic product per capita, volume in USD, at constant purchasing power parities",BAU1,"Business-as-usual energy transition, median climate climate damage curve, no carbon mitigation costs",A,Annual,2056,,90560.65,,,,USD_PPP_PS,"US dollars per person, PPP converted",0,Units,2,Two
DATAFLOW,OECD.ECO.MAD:DSD_EO_LTB@DF_EO_LTB(1.0),OECD Economic Outlook 117 long-term scenarios,I,LTU,Lithuania,GDPVD_CAP,"Gross domestic product per capita, volume in USD, at constant purchasing power parities",BAU1,"Business-as-usual energy transition, median climate climate damage curve, no carbon mitigation costs",A,Annual,2057,,91511.65,,,,USD_PPP_PS,"US dollars per person, PPP converted",0,Units,2,Two
DATAFLOW,OECD.ECO.MAD:DSD_EO_LTB@DF_EO_LTB(1.0),OECD Economic Outlook 117 long-term scenarios,I,LTU,Lithuania,GDPVD_CAP,"Gross domestic product per capita, volume in USD, at constant purchasing power parities",BAU1,"Business-as-usual energy transition, median climate climate damage curve, no carbon mitigation costs",A,Annual,2058,,92460.98,,,,USD_PPP_PS,"US dollars per person, PPP converted",0,Units,2,Two
DATAFLOW,OECD.ECO.MAD:DSD_EO_LTB@DF_EO_LTB(1.0),OECD Economic Outlook 117 long-term scenarios,I,LTU,Lithuania,GDPVD_CAP,"Gross domestic product per capita, volume in USD, at constant purchasing power parities",BAU1,"Business-as-usual energy transition, median climate climate damage curve, no carbon mitigation costs",A,Annual,2059,,93414.93,,,,USD_PPP_PS,"US dollars per person, PPP converted",0,Units,2,Two
DATAFLOW,OECD.ECO.MAD:DSD_EO_LTB@DF_EO_LTB(1.0),OECD Economic Outlook 117 long-term scenarios,I,LTU,Lithuania,GDPVD_CAP,"Gross domestic product per capita, volume in USD, at constant purchasing power parities",BAU1,"Business-as-usual energy transition, median climate climate damage curve, no carbon mitigation costs",A,Annual,2060,,94399.67,,,,USD_PPP_PS,"US dollars per person, PPP converted",0,Units,2,Two
DATAFLOW,OECD.ECO.MAD:DSD_EO_LTB@DF_EO_LTB(1.0),OECD Economic Outlook 117 long-term scenarios,I,LVA,Latvia,GDPVD_CAP,"Gross domestic product per capita, volume in USD, at constant purchasing power parities",BAU1,"Business-as-usual energy transition, median climate climate damage curve, no carbon mitigation costs",A,Annual,1995,,10705.53465,,,,USD_PPP_PS,"US dollars per person, PPP converted",0,Units,2,Two
DATAFLOW,OECD.ECO.MAD:DSD_EO_LTB@DF_EO_LTB(1.0),OECD Economic Outlook 117 long-term scenarios,I,LVA,Latvia,GDPVD_CAP,"Gross domestic product per capita, volume in USD, at constant purchasing power parities",BAU1,"Business-as-usual energy transition, median climate climate damage curve, no carbon mitigation costs",A,Annual,1996,,11074.7302,,,,USD_PPP_PS,"US dollars per person, PPP converted",0,Units,2,Two
DATAFLOW,OECD.ECO.MAD:DSD_EO_LTB@DF_EO_LTB(1.0),OECD Economic Outlook 117 long-term scenarios,I,LVA,Latvia,GDPVD_CAP,"Gross domestic product per capita, volume in USD, at constant purchasing power parities",BAU1,"Business-as-usual energy transition, median climate climate damage curve, no carbon mitigation costs",A,Annual,1997,,12208.26834,,,,USD_PPP_PS,"US dollars per person, PPP converted",0,Units,2,Two
DATAFLOW,OECD.ECO.MAD:DSD_EO_LTB@DF_EO_LTB(1.0),OECD Economic Outlook 117 long-term scenarios,I,LVA,Latvia,GDPVD_CAP,"Gross domestic product per capita, volume in USD, at constant purchasing power parities",BAU1,"Business-as-usual energy transition, median climate climate damage curve, no carbon mitigation costs",A,Annual,1998,,13134.01979,,,,USD_PPP_PS,"US dollars per person, PPP converted",0,Units,2,Two
DATAFLOW,OECD.ECO.MAD:DSD_EO_LTB@DF_EO_LTB(1.0),OECD Economic Outlook 117 long-term scenarios,I,LVA,Latvia,GDPVD_CAP,"Gross domestic product per capita, volume in USD, at constant purchasing power parities",BAU1,"Business-as-usual energy transition, median climate climate damage curve, no carbon mitigation costs",A,Annual,1999,,13615.85004,,,,USD_PPP_PS,"US dollars per person, PPP converted",0,Units,2,Two
DATAFLOW,OECD.ECO.MAD:DSD_EO_LTB@DF_EO_LTB(1.0),OECD Economic Outlook 117 long-term scenarios,I,LVA,Latvia,GDPVD_CAP,"Gross domestic product per capita, volume in USD, at constant purchasing power parities",BAU1,"Business-as-usual energy transition, median climate climate damage curve, no carbon mitigation costs",A,Annual,2000,,14548.10626,,,,USD_PPP_PS,"US dollars per person, PPP converted",0,Units,2,Two
DATAFLOW,OECD.ECO.MAD:DSD_EO_LTB@DF_EO_LTB(1.0),OECD Economic Outlook 117 long-term scenarios,I,LVA,Latvia,GDPVD_CAP,"Gross domestic product per capita, volume in USD, at constant purchasing power parities",BAU1,"Business-as-usual energy transition, median climate climate damage curve, no carbon mitigation costs",A,Annual,2001,,15686.17453,,,,USD_PPP_PS,"US dollars per person, PPP converted",0,Units,2,Two
DATAFLOW,OECD.ECO.MAD:DSD_EO_LTB@DF_EO_LTB(1.0),OECD Economic Outlook 117 long-term scenarios,I,LVA,Latvia,GDPVD_CAP,"Gross domestic product per capita, volume in USD, at constant purchasing power parities",BAU1,"Business-as-usual energy transition, median climate climate damage curve, no carbon mitigation costs",A,Annual,2002,,17088.33828,,,,USD_PPP_PS,"US dollars per person, PPP converted",0,Units,2,Two
DATAFLOW,OECD.ECO.MAD:DSD_EO_LTB@DF_EO_LTB(1.0),OECD Economic Outlook 117 long-term scenarios,I,LVA,Latvia,GDPVD_CAP,"Gross domestic product per capita, volume in USD, at constant purchasing power parities",BAU1,"Business-as-usual energy transition, median climate climate damage curve, no carbon mitigation costs",A,Annual,2003,,18709.21629,,,,USD_PPP_PS,"US dollars per person, PPP converted",0,Units,2,Two
DATAFLOW,OECD.ECO.MAD:DSD_EO_LTB@DF_EO_LTB(1.0),OECD Economic Outlook 117 long-term scenarios,I,LVA,Latvia,GDPVD_CAP,"Gross domestic product per capita, volume in USD, at constant purchasing power parities",BAU1,"Business-as-usual energy transition, median climate climate damage curve, no carbon mitigation costs",A,Annual,2004,,20567.132,,,,USD_PPP_PS,"US dollars per person, PPP converted",0,Units,2,Two
DATAFLOW,OECD.ECO.MAD:DSD_EO_LTB@DF_EO_LTB(1.0),OECD Economic Outlook 117 long-term scenarios,I,LVA,Latvia,GDPVD_CAP,"Gross domestic product per capita, volume in USD, at constant purchasing power parities",BAU1,"Business-as-usual energy transition, median climate climate damage curve, no carbon mitigation costs",A,Annual,2005,,23204.7287,,,,USD_PPP_PS,"US dollars per person, PPP converted",0,Units,2,Two
DATAFLOW,OECD.ECO.MAD:DSD_EO_LTB@DF_EO_LTB(1.0),OECD Economic Outlook 117 long-term scenarios,I,LVA,Latvia,GDPVD_CAP,"Gross domestic product per capita, volume in USD, at constant purchasing power parities",BAU1,"Business-as-usual energy transition, median climate climate damage curve, no carbon mitigation costs",A,Annual,2006,,26417.78373,,,,USD_PPP_PS,"US dollars per person, PPP converted",0,Units,2,Two
DATAFLOW,OECD.ECO.MAD:DSD_EO_LTB@DF_EO_LTB(1.0),OECD Economic Outlook 117 long-term scenarios,I,LVA,Latvia,GDPVD_CAP,"Gross domestic product per capita, volume in USD, at constant purchasing power parities",BAU1,"Business-as-usual energy transition, median climate climate damage curve, no carbon mitigation costs",A,Annual,2007,,29402.80702,,,,USD_PPP_PS,"US dollars per person, PPP converted",0,Units,2,Two
DATAFLOW,OECD.ECO.MAD:DSD_EO_LTB@DF_EO_LTB(1.0),OECD Economic Outlook 117 long-term scenarios,I,LVA,Latvia,GDPVD_CAP,"Gross domestic product per capita, volume in USD, at constant purchasing power parities",BAU1,"Business-as-usual energy transition, median climate climate damage curve, no carbon mitigation costs",A,Annual,2008,,28710.35733,,,,USD_PPP_PS,"US dollars per person, PPP converted",0,Units,2,Two
DATAFLOW,OECD.ECO.MAD:DSD_EO_LTB@DF_EO_LTB(1.0),OECD Economic Outlook 117 long-term scenarios,I,LVA,Latvia,GDPVD_CAP,"Gross domestic product per capita, volume in USD, at constant purchasing power parities",BAU1,"Business-as-usual energy transition, median climate climate damage curve, no carbon mitigation costs",A,Annual,2009,,24507.38134,,,,USD_PPP_PS,"US dollars per person, PPP converted",0,Units,2,Two
DATAFLOW,OECD.ECO.MAD:DSD_EO_LTB@DF_EO_LTB(1.0),OECD Economic Outlook 117 long-term scenarios,I,LVA,Latvia,GDPVD_CAP,"Gross domestic product per capita, volume in USD, at constant purchasing power parities",BAU1,"Business-as-usual energy transition, median climate climate damage curve, no carbon mitigation costs",A,Annual,2010,,24113.31148,,,,USD_PPP_PS,"US dollars per person, PPP converted",0,Units,2,Two
DATAFLOW,OECD.ECO.MAD:DSD_EO_LTB@DF_EO_LTB(1.0),OECD Economic Outlook 117 long-term scenarios,I,LVA,Latvia,GDPVD_CAP,"Gross domestic product per capita, volume in USD, at constant purchasing power parities",BAU1,"Business-as-usual energy transition, median climate climate damage curve, no carbon mitigation costs",A,Annual,2011,,25309.63726,,,,USD_PPP_PS,"US dollars per person, PPP converted",0,Units,2,Two
DATAFLOW,OECD.ECO.MAD:DSD_EO_LTB@DF_EO_LTB(1.0),OECD Economic Outlook 117 long-term scenarios,I,LVA,Latvia,GDPVD_CAP,"Gross domestic product per capita, volume in USD, at constant purchasing power parities",BAU1,"Business-as-usual energy transition, median climate climate damage curve, no carbon mitigation costs",A,Annual,2012,,27494.77026,,,,USD_PPP_PS,"US dollars per person, PPP converted",0,Units,2,Two
DATAFLOW,OECD.ECO.MAD:DSD_EO_LTB@DF_EO_LTB(1.0),OECD Economic Outlook 117 long-term scenarios,I,LVA,Latvia,GDPVD_CAP,"Gross domestic product per capita, volume in USD, at constant purchasing power parities",BAU1,"Business-as-usual energy transition, median climate climate damage curve, no carbon mitigation costs",A,Annual,2013,,28361.69759,,,,USD_PPP_PS,"US dollars per person, PPP converted",0,Units,2,Two
DATAFLOW,OECD.ECO.MAD:DSD_EO_LTB@DF_EO_LTB(1.0),OECD Economic Outlook 117 long-term scenarios,I,LVA,Latvia,GDPVD_CAP,"Gross domestic product per capita, volume in USD, at constant purchasing power parities",BAU1,"Business-as-usual energy transition, median climate climate damage curve, no carbon mitigation costs",A,Annual,2014,,29225.37908,,,,USD_PPP_PS,"US dollars per person, PPP converted",0,Units,2,Two
DATAFLOW,OECD.ECO.MAD:DSD_EO_LTB@DF_EO_LTB(1.0),OECD Economic Outlook 117 long-term scenarios,I,LVA,Latvia,GDPVD_CAP,"Gross domestic product per capita, volume in USD, at constant purchasing power parities",BAU1,"Business-as-usual energy transition, median climate climate damage curve, no carbon mitigation costs",A,Annual,2015,,30590.90265,,,,USD_PPP_PS,"US dollars per person, PPP converted",0,Units,2,Two
DATAFLOW,OECD.ECO.MAD:DSD_EO_LTB@DF_EO_LTB(1.0),OECD Economic Outlook 117 long-term scenarios,I,LVA,Latvia,GDPVD_CAP,"Gross domestic product per capita, volume in USD, at constant purchasing power parities",BAU1,"Business-as-usual energy transition, median climate climate damage curve, no carbon mitigation costs",A,Annual,2016,,31659.27411,,,,USD_PPP_PS,"US dollars per person, PPP converted",0,Units,2,Two
DATAFLOW,OECD.ECO.MAD:DSD_EO_LTB@DF_EO_LTB(1.0),OECD Economic Outlook 117 long-term scenarios,I,LVA,Latvia,GDPVD_CAP,"Gross domestic product per capita, volume in USD, at constant purchasing power parities",BAU1,"Business-as-usual energy transition, median climate climate damage curve, no carbon mitigation costs",A,Annual,2017,,33041.87174,,,,USD_PPP_PS,"US dollars per person, PPP converted",0,Units,2,Two
DATAFLOW,OECD.ECO.MAD:DSD_EO_LTB@DF_EO_LTB(1.0),OECD Economic Outlook 117 long-term scenarios,I,LVA,Latvia,GDPVD_CAP,"Gross domestic product per capita, volume in USD, at constant purchasing power parities",BAU1,"Business-as-usual energy transition, median climate climate damage curve, no carbon mitigation costs",A,Annual,2018,,34732.69801,,,,USD_PPP_PS,"US dollars per person, PPP converted",0,Units,2,Two
DATAFLOW,OECD.ECO.MAD:DSD_EO_LTB@DF_EO_LTB(1.0),OECD Economic Outlook 117 long-term scenarios,I,LVA,Latvia,GDPVD_CAP,"Gross domestic product per capita, volume in USD, at constant purchasing power parities",BAU1,"Business-as-usual energy transition, median climate climate damage curve, no carbon mitigation costs",A,Annual,2019,,35206.00809,,,,USD_PPP_PS,"US dollars per person, PPP converted",0,Units,2,Two
DATAFLOW,OECD.ECO.MAD:DSD_EO_LTB@DF_EO_LTB(1.0),OECD Economic Outlook 117 long-term scenarios,I,LVA,Latvia,GDPVD_CAP,"Gross domestic product per capita, volume in USD, at constant purchasing power parities",BAU1,"Business-as-usual energy transition, median climate climate damage curve, no carbon mitigation costs",A,Annual,2020,,34205.00129,,,,USD_PPP_PS,"US dollars per person, PPP converted",0,Units,2,Two
DATAFLOW,OECD.ECO.MAD:DSD_EO_LTB@DF_EO_LTB(1.0),OECD Economic Outlook 117 long-term scenarios,I,LVA,Latvia,GDPVD_CAP,"Gross domestic product per capita, volume in USD, at constant purchasing power parities",BAU1,"Business-as-usual energy transition, median climate climate damage curve, no carbon mitigation costs",A,Annual,2021,,36892.40349,,,,USD_PPP_PS,"US dollars per person, PPP converted",0,Units,2,Two
DATAFLOW,OECD.ECO.MAD:DSD_EO_LTB@DF_EO_LTB(1.0),OECD Economic Outlook 117 long-term scenarios,I,LVA,Latvia,GDPVD_CAP,"Gross domestic product per capita, volume in USD, at constant purchasing power parities",BAU1,"Business-as-usual energy transition, median climate climate damage curve, no carbon mitigation costs",A,Annual,2022,,37529.59573,,,,USD_PPP_PS,"US dollars per person, PPP converted",0,Units,2,Two
DATAFLOW,OECD.ECO.MAD:DSD_EO_LTB@DF_EO_LTB(1.0),OECD Economic Outlook 117 long-term scenarios,I,LVA,Latvia,GDPVD_CAP,"Gross domestic product per capita, volume in USD, at constant purchasing power parities",BAU1,"Business-as-usual energy transition, median climate climate damage curve, no carbon mitigation costs",A,Annual,2023,,38696.92733,,,,USD_PPP_PS,"US dollars per person, PPP converted",0,Units,2,Two
DATAFLOW,OECD.ECO.MAD:DSD_EO_LTB@DF_EO_LTB(1.0),OECD Economic Outlook 117 long-term scenarios,I,LVA,Latvia,GDPVD_CAP,"Gross domestic product per capita, volume in USD, at constant purchasing power parities",BAU1,"Business-as-usual energy transition, median climate climate damage curve, no carbon mitigation costs",A,Annual,2024,,38951.1177,,,,USD_PPP_PS,"US dollars per person, PPP converted",0,Units,2,Two
DATAFLOW,OECD.ECO.MAD:DSD_EO_LTB@DF_EO_LTB(1.0),OECD Economic Outlook 117 long-term scenarios,I,LVA,Latvia,GDPVD_CAP,"Gross domestic product per capita, volume in USD, at constant purchasing power parities",BAU1,"Business-as-usual energy transition, median climate climate damage curve, no carbon mitigation costs",A,Annual,2025,,39737.03186,,,,USD_PPP_PS,"US dollars per person, PPP converted",0,Units,2,Two
DATAFLOW,OECD.ECO.MAD:DSD_EO_LTB@DF_EO_LTB(1.0),OECD Economic Outlook 117 long-term scenarios,I,LVA,Latvia,GDPVD_CAP,"Gross domestic product per capita, volume in USD, at constant purchasing power parities",BAU1,"Business-as-usual energy transition, median climate climate damage curve, no carbon mitigation costs",A,Annual,2026,,40877.6204,,,,USD_PPP_PS,"US dollars per person, PPP converted",0,Units,2,Two
DATAFLOW,OECD.ECO.MAD:DSD_EO_LTB@DF_EO_LTB(1.0),OECD Economic Outlook 117 long-term scenarios,I,LVA,Latvia,GDPVD_CAP,"Gross domestic product per capita, volume in USD, at constant purchasing power parities",BAU1,"Business-as-usual energy transition, median climate climate damage curve, no carbon mitigation costs",A,Annual,2027,,42048.21,,,,USD_PPP_PS,"US dollars per person, PPP converted",0,Units,2,Two
DATAFLOW,OECD.ECO.MAD:DSD_EO_LTB@DF_EO_LTB(1.0),OECD Economic Outlook 117 long-term scenarios,I,LVA,Latvia,GDPVD_CAP,"Gross domestic product per capita, volume in USD, at constant purchasing power parities",BAU1,"Business-as-usual energy transition, median climate climate damage curve, no carbon mitigation costs",A,Annual,2028,,43234.93,,,,USD_PPP_PS,"US dollars per person, PPP converted",0,Units,2,Two
DATAFLOW,OECD.ECO.MAD:DSD_EO_LTB@DF_EO_LTB(1.0),OECD Economic Outlook 117 long-term scenarios,I,LVA,Latvia,GDPVD_CAP,"Gross domestic product per capita, volume in USD, at constant purchasing power parities",BAU1,"Business-as-usual energy transition, median climate climate damage curve, no carbon mitigation costs",A,Annual,2029,,44459.04,,,,USD_PPP_PS,"US dollars per person, PPP converted",0,Units,2,Two
DATAFLOW,OECD.ECO.MAD:DSD_EO_LTB@DF_EO_LTB(1.0),OECD Economic Outlook 117 long-term scenarios,I,LVA,Latvia,GDPVD_CAP,"Gross domestic product per capita, volume in USD, at constant purchasing power parities",BAU1,"Business-as-usual energy transition, median climate climate damage curve, no carbon mitigation costs",A,Annual,2030,,45715.7,,,,USD_PPP_PS,"US dollars per person, PPP converted",0,Units,2,Two
DATAFLOW,OECD.ECO.MAD:DSD_EO_LTB@DF_EO_LTB(1.0),OECD Economic Outlook 117 long-term scenarios,I,LVA,Latvia,GDPVD_CAP,"Gross domestic product per capita, volume in USD, at constant purchasing power parities",BAU1,"Business-as-usual energy transition, median climate climate damage curve, no carbon mitigation costs",A,Annual,2031,,47002.61,,,,USD_PPP_PS,"US dollars per person, PPP converted",0,Units,2,Two
DATAFLOW,OECD.ECO.MAD:DSD_EO_LTB@DF_EO_LTB(1.0),OECD Economic Outlook 117 long-term scenarios,I,LVA,Latvia,GDPVD_CAP,"Gross domestic product per capita, volume in USD, at constant purchasing power parities",BAU1,"Business-as-usual energy transition, median climate climate damage curve, no carbon mitigation costs",A,Annual,2032,,48285.98,,,,USD_PPP_PS,"US dollars per person, PPP converted",0,Units,2,Two
DATAFLOW,OECD.ECO.MAD:DSD_EO_LTB@DF_EO_LTB(1.0),OECD Economic Outlook 117 long-term scenarios,I,LVA,Latvia,GDPVD_CAP,"Gross domestic product per capita, volume in USD, at constant purchasing power parities",BAU1,"Business-as-usual energy transition, median climate climate damage curve, no carbon mitigation costs",A,Annual,2033,,49568.27,,,,USD_PPP_PS,"US dollars per person, PPP converted",0,Units,2,Two
DATAFLOW,OECD.ECO.MAD:DSD_EO_LTB@DF_EO_LTB(1.0),OECD Economic Outlook 117 long-term scenarios,I,LVA,Latvia,GDPVD_CAP,"Gross domestic product per capita, volume in USD, at constant purchasing power parities",BAU1,"Business-as-usual energy transition, median climate climate damage curve, no carbon mitigation costs",A,Annual,2034,,50841.47,,,,USD_PPP_PS,"US dollars per person, PPP converted",0,Units,2,Two
DATAFLOW,OECD.ECO.MAD:DSD_EO_LTB@DF_EO_LTB(1.0),OECD Economic Outlook 117 long-term scenarios,I,LVA,Latvia,GDPVD_CAP,"Gross domestic product per capita, volume in USD, at constant purchasing power parities",BAU1,"Business-as-usual energy transition, median climate climate damage curve, no carbon mitigation costs",A,Annual,2035,,52119.18,,,,USD_PPP_PS,"US dollars per person, PPP converted",0,Units,2,Two
DATAFLOW,OECD.ECO.MAD:DSD_EO_LTB@DF_EO_LTB(1.0),OECD Economic Outlook 117 long-term scenarios,I,LVA,Latvia,GDPVD_CAP,"Gross domestic product per capita, volume in USD, at constant purchasing power parities",BAU1,"Business-as-usual energy transition, median climate climate damage curve, no carbon mitigation costs",A,Annual,2036,,53415.18,,,,USD_PPP_PS,"US dollars per person, PPP converted",0,Units,2,Two
DATAFLOW,OECD.ECO.MAD:DSD_EO_LTB@DF_EO_LTB(1.0),OECD Economic Outlook 117 long-term scenarios,I,LVA,Latvia,GDPVD_CAP,"Gross domestic product per capita, volume in USD, at constant purchasing power parities",BAU1,"Business-as-usual energy transition, median climate climate damage curve, no carbon mitigation costs",A,Annual,2037,,54723.98,,,,USD_PPP_PS,"US dollars per person, PPP converted",0,Units,2,Two
DATAFLOW,OECD.ECO.MAD:DSD_EO_LTB@DF_EO_LTB(1.0),OECD Economic Outlook 117 long-term scenarios,I,LVA,Latvia,GDPVD_CAP,"Gross domestic product per capita, volume in USD, at constant purchasing power parities",BAU1,"Business-as-usual energy transition, median climate climate damage curve, no carbon mitigation costs",A,Annual,2038,,56021.51,,,,USD_PPP_PS,"US dollars per person, PPP converted",0,Units,2,Two
DATAFLOW,OECD.ECO.MAD:DSD_EO_LTB@DF_EO_LTB(1.0),OECD Economic Outlook 117 long-term scenarios,I,LVA,Latvia,GDPVD_CAP,"Gross domestic product per capita, volume in USD, at constant purchasing power parities",BAU1,"Business-as-usual energy transition, median climate climate damage curve, no carbon mitigation costs",A,Annual,2039,,57311.28,,,,USD_PPP_PS,"US dollars per person, PPP converted",0,Units,2,Two
DATAFLOW,OECD.ECO.MAD:DSD_EO_LTB@DF_EO_LTB(1.0),OECD Economic Outlook 117 long-term scenarios,I,LVA,Latvia,GDPVD_CAP,"Gross domestic product per capita, volume in USD, at constant purchasing power parities",BAU1,"Business-as-usual energy transition, median climate climate damage curve, no carbon mitigation costs",A,Annual,2040,,58604.9,,,,USD_PPP_PS,"US dollars per person, PPP converted",0,Units,2,Two
DATAFLOW,OECD.ECO.MAD:DSD_EO_LTB@DF_EO_LTB(1.0),OECD Economic Outlook 117 long-term scenarios,I,LVA,Latvia,GDPVD_CAP,"Gross domestic product per capita, volume in USD, at constant purchasing power parities",BAU1,"Business-as-usual energy transition, median climate climate damage curve, no carbon mitigation costs",A,Annual,2041,,59885.13,,,,USD_PPP_PS,"US dollars per person, PPP converted",0,Units,2,Two
DATAFLOW,OECD.ECO.MAD:DSD_EO_LTB@DF_EO_LTB(1.0),OECD Economic Outlook 117 long-term scenarios,I,LVA,Latvia,GDPVD_CAP,"Gross domestic product per capita, volume in USD, at constant purchasing power parities",BAU1,"Business-as-usual energy transition, median climate climate damage curve, no carbon mitigation costs",A,Annual,2042,,61157.68,,,,USD_PPP_PS,"US dollars per person, PPP converted",0,Units,2,Two
DATAFLOW,OECD.ECO.MAD:DSD_EO_LTB@DF_EO_LTB(1.0),OECD Economic Outlook 117 long-term scenarios,I,LVA,Latvia,GDPVD_CAP,"Gross domestic product per capita, volume in USD, at constant purchasing power parities",BAU1,"Business-as-usual energy transition, median climate climate damage curve, no carbon mitigation costs",A,Annual,2043,,62389.56,,,,USD_PPP_PS,"US dollars per person, PPP converted",0,Units,2,Two
DATAFLOW,OECD.ECO.MAD:DSD_EO_LTB@DF_EO_LTB(1.0),OECD Economic Outlook 117 long-term scenarios,I,LVA,Latvia,GDPVD_CAP,"Gross domestic product per capita, volume in USD, at constant purchasing power parities",BAU1,"Business-as-usual energy transition, median climate climate damage curve, no carbon mitigation costs",A,Annual,2044,,63589.57,,,,USD_PPP_PS,"US dollars per person, PPP converted",0,Units,2,Two
DATAFLOW,OECD.ECO.MAD:DSD_EO_LTB@DF_EO_LTB(1.0),OECD Economic Outlook 117 long-term scenarios,I,LVA,Latvia,GDPVD_CAP,"Gross domestic product per capita, volume in USD, at constant purchasing power parities",BAU1,"Business-as-usual energy transition, median climate climate damage curve, no carbon mitigation costs",A,Annual,2045,,64739.97,,,,USD_PPP_PS,"US dollars per person, PPP converted",0,Units,2,Two
DATAFLOW,OECD.ECO.MAD:DSD_EO_LTB@DF_EO_LTB(1.0),OECD Economic Outlook 117 long-term scenarios,I,LVA,Latvia,GDPVD_CAP,"Gross domestic product per capita, volume in USD, at constant purchasing power parities",BAU1,"Business-as-usual energy transition, median climate climate damage curve, no carbon mitigation costs",A,Annual,2046,,65848.33,,,,USD_PPP_PS,"US dollars per person, PPP converted",0,Units,2,Two
DATAFLOW,OECD.ECO.MAD:DSD_EO_LTB@DF_EO_LTB(1.0),OECD Economic Outlook 117 long-term scenarios,I,LVA,Latvia,GDPVD_CAP,"Gross domestic product per capita, volume in USD, at constant purchasing power parities",BAU1,"Business-as-usual energy transition, median climate climate damage curve, no carbon mitigation costs",A,Annual,2047,,66890.55,,,,USD_PPP_PS,"US dollars per person, PPP converted",0,Units,2,Two
DATAFLOW,OECD.ECO.MAD:DSD_EO_LTB@DF_EO_LTB(1.0),OECD Economic Outlook 117 long-term scenarios,I,LVA,Latvia,GDPVD_CAP,"Gross domestic product per capita, volume in USD, at constant purchasing power parities",BAU1,"Business-as-usual energy transition, median climate climate damage curve, no carbon mitigation costs",A,Annual,2048,,67892.49,,,,USD_PPP_PS,"US dollars per person, PPP converted",0,Units,2,Two
DATAFLOW,OECD.ECO.MAD:DSD_EO_LTB@DF_EO_LTB(1.0),OECD Economic Outlook 117 long-term scenarios,I,LVA,Latvia,GDPVD_CAP,"Gross domestic product per capita, volume in USD, at constant purchasing power parities",BAU1,"Business-as-usual energy transition, median climate climate damage curve, no carbon mitigation costs",A,Annual,2049,,68859.67,,,,USD_PPP_PS,"US dollars per person, PPP converted",0,Units,2,Two
DATAFLOW,OECD.ECO.MAD:DSD_EO_LTB@DF_EO_LTB(1.0),OECD Economic Outlook 117 long-term scenarios,I,LVA,Latvia,GDPVD_CAP,"Gross domestic product per capita, volume in USD, at constant purchasing power parities",BAU1,"Business-as-usual energy transition, median climate climate damage curve, no carbon mitigation costs",A,Annual,2050,,69794.81,,,,USD_PPP_PS,"US dollars per person, PPP converted",0,Units,2,Two
DATAFLOW,OECD.ECO.MAD:DSD_EO_LTB@DF_EO_LTB(1.0),OECD Economic Outlook 117 long-term scenarios,I,LVA,Latvia,GDPVD_CAP,"Gross domestic product per capita, volume in USD, at constant purchasing power parities",BAU1,"Business-as-usual energy transition, median climate climate damage curve, no carbon mitigation costs",A,Annual,2051,,70703.66,,,,USD_PPP_PS,"US dollars per person, PPP converted",0,Units,2,Two
DATAFLOW,OECD.ECO.MAD:DSD_EO_LTB@DF_EO_LTB(1.0),OECD Economic Outlook 117 long-term scenarios,I,LVA,Latvia,GDPVD_CAP,"Gross domestic product per capita, volume in USD, at constant purchasing power parities",BAU1,"Business-as-usual energy transition, median climate climate damage curve, no carbon mitigation costs",A,Annual,2052,,71594.71,,,,USD_PPP_PS,"US dollars per person, PPP converted",0,Units,2,Two
DATAFLOW,OECD.ECO.MAD:DSD_EO_LTB@DF_EO_LTB(1.0),OECD Economic Outlook 117 long-term scenarios,I,LVA,Latvia,GDPVD_CAP,"Gross domestic product per capita, volume in USD, at constant purchasing power parities",BAU1,"Business-as-usual energy transition, median climate climate damage curve, no carbon mitigation costs",A,Annual,2053,,72523.65,,,,USD_PPP_PS,"US dollars per person, PPP converted",0,Units,2,Two
DATAFLOW,OECD.ECO.MAD:DSD_EO_LTB@DF_EO_LTB(1.0),OECD Economic Outlook 117 long-term scenarios,I,LVA,Latvia,GDPVD_CAP,"Gross domestic product per capita, volume in USD, at constant purchasing power parities",BAU1,"Business-as-usual energy transition, median climate climate damage curve, no carbon mitigation costs",A,Annual,2054,,73478.67,,,,USD_PPP_PS,"US dollars per person, PPP converted",0,Units,2,Two
DATAFLOW,OECD.ECO.MAD:DSD_EO_LTB@DF_EO_LTB(1.0),OECD Economic Outlook 117 long-term scenarios,I,LVA,Latvia,GDPVD_CAP,"Gross domestic product per capita, volume in USD, at constant purchasing power parities",BAU1,"Business-as-usual energy transition, median climate climate damage curve, no carbon mitigation costs",A,Annual,2055,,74478.67,,,,USD_PPP_PS,"US dollars per person, PPP converted",0,Units,2,Two
DATAFLOW,OECD.ECO.MAD:DSD_EO_LTB@DF_EO_LTB(1.0),OECD Economic Outlook 117 long-term scenarios,I,LVA,Latvia,GDPVD_CAP,"Gross domestic product per capita, volume in USD, at constant purchasing power parities",BAU1,"Business-as-usual energy transition, median climate climate damage curve, no carbon mitigation costs",A,Annual,2056,,75532.87,,,,USD_PPP_PS,"US dollars per person, PPP converted",0,Units,2,Two
DATAFLOW,OECD.ECO.MAD:DSD_EO_LTB@DF_EO_LTB(1.0),OECD Economic Outlook 117 long-term scenarios,I,LVA,Latvia,GDPVD_CAP,"Gross domestic product per capita, volume in USD, at constant purchasing power parities",BAU1,"Business-as-usual energy transition, median climate climate damage curve, no carbon mitigation costs",A,Annual,2057,,76670.35,,,,USD_PPP_PS,"US dollars per person, PPP converted",0,Units,2,Two
DATAFLOW,OECD.ECO.MAD:DSD_EO_LTB@DF_EO_LTB(1.0),OECD Economic Outlook 117 long-term scenarios,I,LVA,Latvia,GDPVD_CAP,"Gross domestic product per capita, volume in USD, at constant purchasing power parities",BAU1,"Business-as-usual energy transition, median climate climate damage curve, no carbon mitigation costs",A,Annual,2058,,77891.69,,,,USD_PPP_PS,"US dollars per person, PPP converted",0,Units,2,Two
DATAFLOW,OECD.ECO.MAD:DSD_EO_LTB@DF_EO_LTB(1.0),OECD Economic Outlook 117 long-term scenarios,I,LVA,Latvia,GDPVD_CAP,"Gross domestic product per capita, volume in USD, at constant purchasing power parities",BAU1,"Business-as-usual energy transition, median climate climate damage curve, no carbon mitigation costs",A,Annual,2059,,79201.36,,,,USD_PPP_PS,"US dollars per person, PPP converted",0,Units,2,Two
DATAFLOW,OECD.ECO.MAD:DSD_EO_LTB@DF_EO_LTB(1.0),OECD Economic Outlook 117 long-term scenarios,I,LVA,Latvia,GDPVD_CAP,"Gross domestic product per capita, volume in USD, at constant purchasing power parities",BAU1,"Business-as-usual energy transition, median climate climate damage curve, no carbon mitigation costs",A,Annual,2060,,80620.08,,,,USD_PPP_PS,"US dollars per person, PPP converted",0,Units,2,Two
DATAFLOW,OECD.ECO.MAD:DSD_EO_LTB@DF_EO_LTB(1.0),OECD Economic Outlook 117 long-term scenarios,I,EST,Estonia,GDPVD_CAP,"Gross domestic product per capita, volume in USD, at constant purchasing power parities",BAU1,"Business-as-usual energy transition, median climate climate damage curve, no carbon mitigation costs",A,Annual,1995,,14705.16522,,,,USD_PPP_PS,"US dollars per person, PPP converted",0,Units,2,Two
DATAFLOW,OECD.ECO.MAD:DSD_EO_LTB@DF_EO_LTB(1.0),OECD Economic Outlook 117 long-term scenarios,I,EST,Estonia,GDPVD_CAP,"Gross domestic product per capita, volume in USD, at constant purchasing power parities",BAU1,"Business-as-usual energy transition, median climate climate damage curve, no carbon mitigation costs",A,Annual,1996,,15660.64744,,,,USD_PPP_PS,"US dollars per person, PPP converted",0,Units,2,Two
DATAFLOW,OECD.ECO.MAD:DSD_EO_LTB@DF_EO_LTB(1.0),OECD Economic Outlook 117 long-term scenarios,I,EST,Estonia,GDPVD_CAP,"Gross domestic product per capita, volume in USD, at constant purchasing power parities",BAU1,"Business-as-usual energy transition, median climate climate damage curve, no carbon mitigation costs",A,Annual,1997,,17949.95065,,,,USD_PPP_PS,"US dollars per person, PPP converted",0,Units,2,Two
DATAFLOW,OECD.ECO.MAD:DSD_EO_LTB@DF_EO_LTB(1.0),OECD Economic Outlook 117 long-term scenarios,I,EST,Estonia,GDPVD_CAP,"Gross domestic product per capita, volume in USD, at constant purchasing power parities",BAU1,"Business-as-usual energy transition, median climate climate damage curve, no carbon mitigation costs",A,Annual,1998,,18949.72583,,,,USD_PPP_PS,"US dollars per person, PPP converted",0,Units,2,Two
DATAFLOW,OECD.ECO.MAD:DSD_EO_LTB@DF_EO_LTB(1.0),OECD Economic Outlook 117 long-term scenarios,I,EST,Estonia,GDPVD_CAP,"Gross domestic product per capita, volume in USD, at constant purchasing power parities",BAU1,"Business-as-usual energy transition, median climate climate damage curve, no carbon mitigation costs",A,Annual,1999,,19042.11837,,,,USD_PPP_PS,"US dollars per person, PPP converted",0,Units,2,Two
DATAFLOW,OECD.ECO.MAD:DSD_EO_LTB@DF_EO_LTB(1.0),OECD Economic Outlook 117 long-term scenarios,I,EST,Estonia,GDPVD_CAP,"Gross domestic product per capita, volume in USD, at constant purchasing power parities",BAU1,"Business-as-usual energy transition, median climate climate damage curve, no carbon mitigation costs",A,Annual,2000,,20591.6983,,,,USD_PPP_PS,"US dollars per person, PPP converted",0,Units,2,Two
DATAFLOW,OECD.ECO.MAD:DSD_EO_LTB@DF_EO_LTB(1.0),OECD Economic Outlook 117 long-term scenarios,I,EST,Estonia,GDPVD_CAP,"Gross domestic product per capita, volume in USD, at constant purchasing power parities",BAU1,"Business-as-usual energy transition, median climate climate damage curve, no carbon mitigation costs",A,Annual,2001,,21930.26088,,,,USD_PPP_PS,"US dollars per person, PPP converted",0,Units,2,Two
DATAFLOW,OECD.ECO.MAD:DSD_EO_LTB@DF_EO_LTB(1.0),OECD Economic Outlook 117 long-term scenarios,I,EST,Estonia,GDPVD_CAP,"Gross domestic product per capita, volume in USD, at constant purchasing power parities",BAU1,"Business-as-usual energy transition, median climate climate damage curve, no carbon mitigation costs",A,Annual,2002,,23618.72779,,,,USD_PPP_PS,"US dollars per person, PPP converted",0,Units,2,Two
DATAFLOW,OECD.ECO.MAD:DSD_EO_LTB@DF_EO_LTB(1.0),OECD Economic Outlook 117 long-term scenarios,I,EST,Estonia,GDPVD_CAP,"Gross domestic product per capita, volume in USD, at constant purchasing power parities",BAU1,"Business-as-usual energy transition, median climate climate damage curve, no carbon mitigation costs",A,Annual,2003,,25616.43214,,,,USD_PPP_PS,"US dollars per person, PPP converted",0,Units,2,Two
DATAFLOW,OECD.ECO.MAD:DSD_EO_LTB@DF_EO_LTB(1.0),OECD Economic Outlook 117 long-term scenarios,I,EST,Estonia,GDPVD_CAP,"Gross domestic product per capita, volume in USD, at constant purchasing power parities",BAU1,"Business-as-usual energy transition, median climate climate damage curve, no carbon mitigation costs",A,Annual,2004,,27488.61074,,,,USD_PPP_PS,"US dollars per person, PPP converted",0,Units,2,Two
DATAFLOW,OECD.ECO.MAD:DSD_EO_LTB@DF_EO_LTB(1.0),OECD Economic Outlook 117 long-term scenarios,I,EST,Estonia,GDPVD_CAP,"Gross domestic product per capita, volume in USD, at constant purchasing power parities",BAU1,"Business-as-usual energy transition, median climate climate damage curve, no carbon mitigation costs",A,Annual,2005,,30220.37701,,,,USD_PPP_PS,"US dollars per person, PPP converted",0,Units,2,Two
DATAFLOW,OECD.ECO.MAD:DSD_EO_LTB@DF_EO_LTB(1.0),OECD Economic Outlook 117 long-term scenarios,I,EST,Estonia,GDPVD_CAP,"Gross domestic product per capita, volume in USD, at constant purchasing power parities",BAU1,"Business-as-usual energy transition, median climate climate damage curve, no carbon mitigation costs",A,Annual,2006,,33403.52176,,,,USD_PPP_PS,"US dollars per person, PPP converted",0,Units,2,Two
DATAFLOW,OECD.ECO.MAD:DSD_EO_LTB@DF_EO_LTB(1.0),OECD Economic Outlook 117 long-term scenarios,I,EST,Estonia,GDPVD_CAP,"Gross domestic product per capita, volume in USD, at constant purchasing power parities",BAU1,"Business-as-usual energy transition, median climate climate damage curve, no carbon mitigation costs",A,Annual,2007,,36015.645,,,,USD_PPP_PS,"US dollars per person, PPP converted",0,Units,2,Two
DATAFLOW,OECD.ECO.MAD:DSD_EO_LTB@DF_EO_LTB(1.0),OECD Economic Outlook 117 long-term scenarios,I,EST,Estonia,GDPVD_CAP,"Gross domestic product per capita, volume in USD, at constant purchasing power parities",BAU1,"Business-as-usual energy transition, median climate climate damage curve, no carbon mitigation costs",A,Annual,2008,,34468.50433,,,,USD_PPP_PS,"US dollars per person, PPP converted",0,Units,2,Two
DATAFLOW,OECD.ECO.MAD:DSD_EO_LTB@DF_EO_LTB(1.0),OECD Economic Outlook 117 long-term scenarios,I,EST,Estonia,GDPVD_CAP,"Gross domestic product per capita, volume in USD, at constant purchasing power parities",BAU1,"Business-as-usual energy transition, median climate climate damage curve, no carbon mitigation costs",A,Annual,2009,,29619.30378,,,,USD_PPP_PS,"US dollars per person, PPP converted",0,Units,2,Two
DATAFLOW,OECD.ECO.MAD:DSD_EO_LTB@DF_EO_LTB(1.0),OECD Economic Outlook 117 long-term scenarios,I,EST,Estonia,GDPVD_CAP,"Gross domestic product per capita, volume in USD, at constant purchasing power parities",BAU1,"Business-as-usual energy transition, median climate climate damage curve, no carbon mitigation costs",A,Annual,2010,,30320.92583,,,,USD_PPP_PS,"US dollars per person, PPP converted",0,Units,2,Two
DATAFLOW,OECD.ECO.MAD:DSD_EO_LTB@DF_EO_LTB(1.0),OECD Economic Outlook 117 long-term scenarios,I,EST,Estonia,GDPVD_CAP,"Gross domestic product per capita, volume in USD, at constant purchasing power parities",BAU1,"Business-as-usual energy transition, median climate climate damage curve, no carbon mitigation costs",A,Annual,2011,,32632.53113,,,,USD_PPP_PS,"US dollars per person, PPP converted",0,Units,2,Two
DATAFLOW,OECD.ECO.MAD:DSD_EO_LTB@DF_EO_LTB(1.0),OECD Economic Outlook 117 long-term scenarios,I,EST,Estonia,GDPVD_CAP,"Gross domestic product per capita, volume in USD, at constant purchasing power parities",BAU1,"Business-as-usual energy transition, median climate climate damage curve, no carbon mitigation costs",A,Annual,2012,,33939.4764,,,,USD_PPP_PS,"US dollars per person, PPP converted",0,Units,2,Two
DATAFLOW,OECD.ECO.MAD:DSD_EO_LTB@DF_EO_LTB(1.0),OECD Economic Outlook 117 long-term scenarios,I,EST,Estonia,GDPVD_CAP,"Gross domestic product per capita, volume in USD, at constant purchasing power parities",BAU1,"Business-as-usual energy transition, median climate climate damage curve, no carbon mitigation costs",A,Annual,2013,,34657.8022,,,,USD_PPP_PS,"US dollars per person, PPP converted",0,Units,2,Two
DATAFLOW,OECD.ECO.MAD:DSD_EO_LTB@DF_EO_LTB(1.0),OECD Economic Outlook 117 long-term scenarios,I,EST,Estonia,GDPVD_CAP,"Gross domestic product per capita, volume in USD, at constant purchasing power parities",BAU1,"Business-as-usual energy transition, median climate climate damage curve, no carbon mitigation costs",A,Annual,2014,,35844.61975,,,,USD_PPP_PS,"US dollars per person, PPP converted",0,Units,2,Two
DATAFLOW,OECD.ECO.MAD:DSD_EO_LTB@DF_EO_LTB(1.0),OECD Economic Outlook 117 long-term scenarios,I,EST,Estonia,GDPVD_CAP,"Gross domestic product per capita, volume in USD, at constant purchasing power parities",BAU1,"Business-as-usual energy transition, median climate climate damage curve, no carbon mitigation costs",A,Annual,2015,,36734.8645,,,,USD_PPP_PS,"US dollars per person, PPP converted",0,Units,2,Two
DATAFLOW,OECD.ECO.MAD:DSD_EO_LTB@DF_EO_LTB(1.0),OECD Economic Outlook 117 long-term scenarios,I,EST,Estonia,GDPVD_CAP,"Gross domestic product per capita, volume in USD, at constant purchasing power parities",BAU1,"Business-as-usual energy transition, median climate climate damage curve, no carbon mitigation costs",A,Annual,2016,,37771.38174,,,,USD_PPP_PS,"US dollars per person, PPP converted",0,Units,2,Two
DATAFLOW,OECD.ECO.MAD:DSD_EO_LTB@DF_EO_LTB(1.0),OECD Economic Outlook 117 long-term scenarios,I,EST,Estonia,GDPVD_CAP,"Gross domestic product per capita, volume in USD, at constant purchasing power parities",BAU1,"Business-as-usual energy transition, median climate climate damage curve, no carbon mitigation costs",A,Annual,2017,,39787.43172,,,,USD_PPP_PS,"US dollars per person, PPP converted",0,Units,2,Two
DATAFLOW,OECD.ECO.MAD:DSD_EO_LTB@DF_EO_LTB(1.0),OECD Economic Outlook 117 long-term scenarios,I,EST,Estonia,GDPVD_CAP,"Gross domestic product per capita, volume in USD, at constant purchasing power parities",BAU1,"Business-as-usual energy transition, median climate climate damage curve, no carbon mitigation costs",A,Annual,2018,,41167.47645,,,,USD_PPP_PS,"US dollars per person, PPP converted",0,Units,2,Two
DATAFLOW,OECD.ECO.MAD:DSD_EO_LTB@DF_EO_LTB(1.0),OECD Economic Outlook 117 long-term scenarios,I,EST,Estonia,GDPVD_CAP,"Gross domestic product per capita, volume in USD, at constant purchasing power parities",BAU1,"Business-as-usual energy transition, median climate climate damage curve, no carbon mitigation costs",A,Annual,2019,,42475.8788,,,,USD_PPP_PS,"US dollars per person, PPP converted",0,Units,2,Two
DATAFLOW,OECD.ECO.MAD:DSD_EO_LTB@DF_EO_LTB(1.0),OECD Economic Outlook 117 long-term scenarios,I,EST,Estonia,GDPVD_CAP,"Gross domestic product per capita, volume in USD, at constant purchasing power parities",BAU1,"Business-as-usual energy transition, median climate climate damage curve, no carbon mitigation costs",A,Annual,2020,,41270.14246,,,,USD_PPP_PS,"US dollars per person, PPP converted",0,Units,2,Two
DATAFLOW,OECD.ECO.MAD:DSD_EO_LTB@DF_EO_LTB(1.0),OECD Economic Outlook 117 long-term scenarios,I,EST,Estonia,GDPVD_CAP,"Gross domestic product per capita, volume in USD, at constant purchasing power parities",BAU1,"Business-as-usual energy transition, median climate climate damage curve, no carbon mitigation costs",A,Annual,2021,,44187.97041,,,,USD_PPP_PS,"US dollars per person, PPP converted",0,Units,2,Two
DATAFLOW,OECD.ECO.MAD:DSD_EO_LTB@DF_EO_LTB(1.0),OECD Economic Outlook 117 long-term scenarios,I,EST,Estonia,GDPVD_CAP,"Gross domestic product per capita, volume in USD, at constant purchasing power parities",BAU1,"Business-as-usual energy transition, median climate climate damage curve, no carbon mitigation costs",A,Annual,2022,,44113.81345,,,,USD_PPP_PS,"US dollars per person, PPP converted",0,Units,2,Two
DATAFLOW,OECD.ECO.MAD:DSD_EO_LTB@DF_EO_LTB(1.0),OECD Economic Outlook 117 long-term scenarios,I,EST,Estonia,GDPVD_CAP,"Gross domestic product per capita, volume in USD, at constant purchasing power parities",BAU1,"Business-as-usual energy transition, median climate climate damage curve, no carbon mitigation costs",A,Annual,2023,,41677.14071,,,,USD_PPP_PS,"US dollars per person, PPP converted",0,Units,2,Two
DATAFLOW,OECD.ECO.MAD:DSD_EO_LTB@DF_EO_LTB(1.0),OECD Economic Outlook 117 long-term scenarios,I,EST,Estonia,GDPVD_CAP,"Gross domestic product per capita, volume in USD, at constant purchasing power parities",BAU1,"Business-as-usual energy transition, median climate climate damage curve, no carbon mitigation costs",A,Annual,2024,,41567.25073,,,,USD_PPP_PS,"US dollars per person, PPP converted",0,Units,2,Two
DATAFLOW,OECD.ECO.MAD:DSD_EO_LTB@DF_EO_LTB(1.0),OECD Economic Outlook 117 long-term scenarios,I,EST,Estonia,GDPVD_CAP,"Gross domestic product per capita, volume in USD, at constant purchasing power parities",BAU1,"Business-as-usual energy transition, median climate climate damage curve, no carbon mitigation costs",A,Annual,2025,,42598.22788,,,,USD_PPP_PS,"US dollars per person, PPP converted",0,Units,2,Two
DATAFLOW,OECD.ECO.MAD:DSD_EO_LTB@DF_EO_LTB(1.0),OECD Economic Outlook 117 long-term scenarios,I,EST,Estonia,GDPVD_CAP,"Gross domestic product per capita, volume in USD, at constant purchasing power parities",BAU1,"Business-as-usual energy transition, median climate climate damage curve, no carbon mitigation costs",A,Annual,2026,,44074.8942,,,,USD_PPP_PS,"US dollars per person, PPP converted",0,Units,2,Two
DATAFLOW,OECD.ECO.MAD:DSD_EO_LTB@DF_EO_LTB(1.0),OECD Economic Outlook 117 long-term scenarios,I,EST,Estonia,GDPVD_CAP,"Gross domestic product per capita, volume in USD, at constant purchasing power parities",BAU1,"Business-as-usual energy transition, median climate climate damage curve, no carbon mitigation costs",A,Annual,2027,,45783.64,,,,USD_PPP_PS,"US dollars per person, PPP converted",0,Units,2,Two
DATAFLOW,OECD.ECO.MAD:DSD_EO_LTB@DF_EO_LTB(1.0),OECD Economic Outlook 117 long-term scenarios,I,EST,Estonia,GDPVD_CAP,"Gross domestic product per capita, volume in USD, at constant purchasing power parities",BAU1,"Business-as-usual energy transition, median climate climate damage curve, no carbon mitigation costs",A,Annual,2028,,47306.16,,,,USD_PPP_PS,"US dollars per person, PPP converted",0,Units,2,Two
DATAFLOW,OECD.ECO.MAD:DSD_EO_LTB@DF_EO_LTB(1.0),OECD Economic Outlook 117 long-term scenarios,I,EST,Estonia,GDPVD_CAP,"Gross domestic product per capita, volume in USD, at constant purchasing power parities",BAU1,"Business-as-usual energy transition, median climate climate damage curve, no carbon mitigation costs",A,Annual,2029,,48739.33,,,,USD_PPP_PS,"US dollars per person, PPP converted",0,Units,2,Two
DATAFLOW,OECD.ECO.MAD:DSD_EO_LTB@DF_EO_LTB(1.0),OECD Economic Outlook 117 long-term scenarios,I,EST,Estonia,GDPVD_CAP,"Gross domestic product per capita, volume in USD, at constant purchasing power parities",BAU1,"Business-as-usual energy transition, median climate climate damage curve, no carbon mitigation costs",A,Annual,2030,,50120.53,,,,USD_PPP_PS,"US dollars per person, PPP converted",0,Units,2,Two
DATAFLOW,OECD.ECO.MAD:DSD_EO_LTB@DF_EO_LTB(1.0),OECD Economic Outlook 117 long-term scenarios,I,EST,Estonia,GDPVD_CAP,"Gross domestic product per capita, volume in USD, at constant purchasing power parities",BAU1,"Business-as-usual energy transition, median climate climate damage curve, no carbon mitigation costs",A,Annual,2031,,51491.03,,,,USD_PPP_PS,"US dollars per person, PPP converted",0,Units,2,Two
DATAFLOW,OECD.ECO.MAD:DSD_EO_LTB@DF_EO_LTB(1.0),OECD Economic Outlook 117 long-term scenarios,I,EST,Estonia,GDPVD_CAP,"Gross domestic product per capita, volume in USD, at constant purchasing power parities",BAU1,"Business-as-usual energy transition, median climate climate damage curve, no carbon mitigation costs",A,Annual,2032,,52878,,,,USD_PPP_PS,"US dollars per person, PPP converted",0,Units,2,Two
DATAFLOW,OECD.ECO.MAD:DSD_EO_LTB@DF_EO_LTB(1.0),OECD Economic Outlook 117 long-term scenarios,I,EST,Estonia,GDPVD_CAP,"Gross domestic product per capita, volume in USD, at constant purchasing power parities",BAU1,"Business-as-usual energy transition, median climate climate damage curve, no carbon mitigation costs",A,Annual,2033,,54294.56,,,,USD_PPP_PS,"US dollars per person, PPP converted",0,Units,2,Two
DATAFLOW,OECD.ECO.MAD:DSD_EO_LTB@DF_EO_LTB(1.0),OECD Economic Outlook 117 long-term scenarios,I,EST,Estonia,GDPVD_CAP,"Gross domestic product per capita, volume in USD, at constant purchasing power parities",BAU1,"Business-as-usual energy transition, median climate climate damage curve, no carbon mitigation costs",A,Annual,2034,,55749.21,,,,USD_PPP_PS,"US dollars per person, PPP converted",0,Units,2,Two
DATAFLOW,OECD.ECO.MAD:DSD_EO_LTB@DF_EO_LTB(1.0),OECD Economic Outlook 117 long-term scenarios,I,EST,Estonia,GDPVD_CAP,"Gross domestic product per capita, volume in USD, at constant purchasing power parities",BAU1,"Business-as-usual energy transition, median climate climate damage curve, no carbon mitigation costs",A,Annual,2035,,57237.38,,,,USD_PPP_PS,"US dollars per person, PPP converted",0,Units,2,Two
DATAFLOW,OECD.ECO.MAD:DSD_EO_LTB@DF_EO_LTB(1.0),OECD Economic Outlook 117 long-term scenarios,I,EST,Estonia,GDPVD_CAP,"Gross domestic product per capita, volume in USD, at constant purchasing power parities",BAU1,"Business-as-usual energy transition, median climate climate damage curve, no carbon mitigation costs",A,Annual,2036,,58741.38,,,,USD_PPP_PS,"US dollars per person, PPP converted",0,Units,2,Two
DATAFLOW,OECD.ECO.MAD:DSD_EO_LTB@DF_EO_LTB(1.0),OECD Economic Outlook 117 long-term scenarios,I,EST,Estonia,GDPVD_CAP,"Gross domestic product per capita, volume in USD, at constant purchasing power parities",BAU1,"Business-as-usual energy transition, median climate climate damage curve, no carbon mitigation costs",A,Annual,2037,,60246.31,,,,USD_PPP_PS,"US dollars per person, PPP converted",0,Units,2,Two
DATAFLOW,OECD.ECO.MAD:DSD_EO_LTB@DF_EO_LTB(1.0),OECD Economic Outlook 117 long-term scenarios,I,EST,Estonia,GDPVD_CAP,"Gross domestic product per capita, volume in USD, at constant purchasing power parities",BAU1,"Business-as-usual energy transition, median climate climate damage curve, no carbon mitigation costs",A,Annual,2038,,61744.89,,,,USD_PPP_PS,"US dollars per person, PPP converted",0,Units,2,Two
DATAFLOW,OECD.ECO.MAD:DSD_EO_LTB@DF_EO_LTB(1.0),OECD Economic Outlook 117 long-term scenarios,I,EST,Estonia,GDPVD_CAP,"Gross domestic product per capita, volume in USD, at constant purchasing power parities",BAU1,"Business-as-usual energy transition, median climate climate damage curve, no carbon mitigation costs",A,Annual,2039,,63247.62,,,,USD_PPP_PS,"US dollars per person, PPP converted",0,Units,2,Two
DATAFLOW,OECD.ECO.MAD:DSD_EO_LTB@DF_EO_LTB(1.0),OECD Economic Outlook 117 long-term scenarios,I,EST,Estonia,GDPVD_CAP,"Gross domestic product per capita, volume in USD, at constant purchasing power parities",BAU1,"Business-as-usual energy transition, median climate climate damage curve, no carbon mitigation costs",A,Annual,2040,,64766.18,,,,USD_PPP_PS,"US dollars per person, PPP converted",0,Units,2,Two
DATAFLOW,OECD.ECO.MAD:DSD_EO_LTB@DF_EO_LTB(1.0),OECD Economic Outlook 117 long-term scenarios,I,EST,Estonia,GDPVD_CAP,"Gross domestic product per capita, volume in USD, at constant purchasing power parities",BAU1,"Business-as-usual energy transition, median climate climate damage curve, no carbon mitigation costs",A,Annual,2041,,66299.56,,,,USD_PPP_PS,"US dollars per person, PPP converted",0,Units,2,Two
DATAFLOW,OECD.ECO.MAD:DSD_EO_LTB@DF_EO_LTB(1.0),OECD Economic Outlook 117 long-term scenarios,I,EST,Estonia,GDPVD_CAP,"Gross domestic product per capita, volume in USD, at constant purchasing power parities",BAU1,"Business-as-usual energy transition, median climate climate damage curve, no carbon mitigation costs",A,Annual,2042,,67840.94,,,,USD_PPP_PS,"US dollars per person, PPP converted",0,Units,2,Two
DATAFLOW,OECD.ECO.MAD:DSD_EO_LTB@DF_EO_LTB(1.0),OECD Economic Outlook 117 long-term scenarios,I,EST,Estonia,GDPVD_CAP,"Gross domestic product per capita, volume in USD, at constant purchasing power parities",BAU1,"Business-as-usual energy transition, median climate climate damage curve, no carbon mitigation costs",A,Annual,2043,,69366.73,,,,USD_PPP_PS,"US dollars per person, PPP converted",0,Units,2,Two
DATAFLOW,OECD.ECO.MAD:DSD_EO_LTB@DF_EO_LTB(1.0),OECD Economic Outlook 117 long-term scenarios,I,EST,Estonia,GDPVD_CAP,"Gross domestic product per capita, volume in USD, at constant purchasing power parities",BAU1,"Business-as-usual energy transition, median climate climate damage curve, no carbon mitigation costs",A,Annual,2044,,70852.81,,,,USD_PPP_PS,"US dollars per person, PPP converted",0,Units,2,Two
DATAFLOW,OECD.ECO.MAD:DSD_EO_LTB@DF_EO_LTB(1.0),OECD Economic Outlook 117 long-term scenarios,I,EST,Estonia,GDPVD_CAP,"Gross domestic product per capita, volume in USD, at constant purchasing power parities",BAU1,"Business-as-usual energy transition, median climate climate damage curve, no carbon mitigation costs",A,Annual,2045,,72293.62,,,,USD_PPP_PS,"US dollars per person, PPP converted",0,Units,2,Two
DATAFLOW,OECD.ECO.MAD:DSD_EO_LTB@DF_EO_LTB(1.0),OECD Economic Outlook 117 long-term scenarios,I,EST,Estonia,GDPVD_CAP,"Gross domestic product per capita, volume in USD, at constant purchasing power parities",BAU1,"Business-as-usual energy transition, median climate climate damage curve, no carbon mitigation costs",A,Annual,2046,,73683.54,,,,USD_PPP_PS,"US dollars per person, PPP converted",0,Units,2,Two
DATAFLOW,OECD.ECO.MAD:DSD_EO_LTB@DF_EO_LTB(1.0),OECD Economic Outlook 117 long-term scenarios,I,EST,Estonia,GDPVD_CAP,"Gross domestic product per capita, volume in USD, at constant purchasing power parities",BAU1,"Business-as-usual energy transition, median climate climate damage curve, no carbon mitigation costs",A,Annual,2047,,75031.07,,,,USD_PPP_PS,"US dollars per person, PPP converted",0,Units,2,Two
DATAFLOW,OECD.ECO.MAD:DSD_EO_LTB@DF_EO_LTB(1.0),OECD Economic Outlook 117 long-term scenarios,I,EST,Estonia,GDPVD_CAP,"Gross domestic product per capita, volume in USD, at constant purchasing power parities",BAU1,"Business-as-usual energy transition, median climate climate damage curve, no carbon mitigation costs",A,Annual,2048,,76346.7,,,,USD_PPP_PS,"US dollars per person, PPP converted",0,Units,2,Two
DATAFLOW,OECD.ECO.MAD:DSD_EO_LTB@DF_EO_LTB(1.0),OECD Economic Outlook 117 long-term scenarios,I,EST,Estonia,GDPVD_CAP,"Gross domestic product per capita, volume in USD, at constant purchasing power parities",BAU1,"Business-as-usual energy transition, median climate climate damage curve, no carbon mitigation costs",A,Annual,2049,,77631.31,,,,USD_PPP_PS,"US dollars per person, PPP converted",0,Units,2,Two
DATAFLOW,OECD.ECO.MAD:DSD_EO_LTB@DF_EO_LTB(1.0),OECD Economic Outlook 117 long-term scenarios,I,EST,Estonia,GDPVD_CAP,"Gross domestic product per capita, volume in USD, at constant purchasing power parities",BAU1,"Business-as-usual energy transition, median climate climate damage curve, no carbon mitigation costs",A,Annual,2050,,78899.08,,,,USD_PPP_PS,"US dollars per person, PPP converted",0,Units,2,Two
DATAFLOW,OECD.ECO.MAD:DSD_EO_LTB@DF_EO_LTB(1.0),OECD Economic Outlook 117 long-term scenarios,I,EST,Estonia,GDPVD_CAP,"Gross domestic product per capita, volume in USD, at constant purchasing power parities",BAU1,"Business-as-usual energy transition, median climate climate damage curve, no carbon mitigation costs",A,Annual,2051,,80147.4,,,,USD_PPP_PS,"US dollars per person, PPP converted",0,Units,2,Two
DATAFLOW,OECD.ECO.MAD:DSD_EO_LTB@DF_EO_LTB(1.0),OECD Economic Outlook 117 long-term scenarios,I,EST,Estonia,GDPVD_CAP,"Gross domestic product per capita, volume in USD, at constant purchasing power parities",BAU1,"Business-as-usual energy transition, median climate climate damage curve, no carbon mitigation costs",A,Annual,2052,,81390.82,,,,USD_PPP_PS,"US dollars per person, PPP converted",0,Units,2,Two
DATAFLOW,OECD.ECO.MAD:DSD_EO_LTB@DF_EO_LTB(1.0),OECD Economic Outlook 117 long-term scenarios,I,EST,Estonia,GDPVD_CAP,"Gross domestic product per capita, volume in USD, at constant purchasing power parities",BAU1,"Business-as-usual energy transition, median climate climate damage curve, no carbon mitigation costs",A,Annual,2053,,82639.47,,,,USD_PPP_PS,"US dollars per person, PPP converted",0,Units,2,Two
DATAFLOW,OECD.ECO.MAD:DSD_EO_LTB@DF_EO_LTB(1.0),OECD Economic Outlook 117 long-term scenarios,I,EST,Estonia,GDPVD_CAP,"Gross domestic product per capita, volume in USD, at constant purchasing power parities",BAU1,"Business-as-usual energy transition, median climate climate damage curve, no carbon mitigation costs",A,Annual,2054,,83931.09,,,,USD_PPP_PS,"US dollars per person, PPP converted",0,Units,2,Two
DATAFLOW,OECD.ECO.MAD:DSD_EO_LTB@DF_EO_LTB(1.0),OECD Economic Outlook 117 long-term scenarios,I,EST,Estonia,GDPVD_CAP,"Gross domestic product per capita, volume in USD, at constant purchasing power parities",BAU1,"Business-as-usual energy transition, median climate climate damage curve, no carbon mitigation costs",A,Annual,2055,,85275.82,,,,USD_PPP_PS,"US dollars per person, PPP converted",0,Units,2,Two
DATAFLOW,OECD.ECO.MAD:DSD_EO_LTB@DF_EO_LTB(1.0),OECD Economic Outlook 117 long-term scenarios,I,EST,Estonia,GDPVD_CAP,"Gross domestic product per capita, volume in USD, at constant purchasing power parities",BAU1,"Business-as-usual energy transition, median climate climate damage curve, no carbon mitigation costs",A,Annual,2056,,86712.83,,,,USD_PPP_PS,"US dollars per person, PPP converted",0,Units,2,Two
DATAFLOW,OECD.ECO.MAD:DSD_EO_LTB@DF_EO_LTB(1.0),OECD Economic Outlook 117 long-term scenarios,I,EST,Estonia,GDPVD_CAP,"Gross domestic product per capita, volume in USD, at constant purchasing power parities",BAU1,"Business-as-usual energy transition, median climate climate damage curve, no carbon mitigation costs",A,Annual,2057,,88246.75,,,,USD_PPP_PS,"US dollars per person, PPP converted",0,Units,2,Two
DATAFLOW,OECD.ECO.MAD:DSD_EO_LTB@DF_EO_LTB(1.0),OECD Economic Outlook 117 long-term scenarios,I,EST,Estonia,GDPVD_CAP,"Gross domestic product per capita, volume in USD, at constant purchasing power parities",BAU1,"Business-as-usual energy transition, median climate climate damage curve, no carbon mitigation costs",A,Annual,2058,,89889.71,,,,USD_PPP_PS,"US dollars per person, PPP converted",0,Units,2,Two
DATAFLOW,OECD.ECO.MAD:DSD_EO_LTB@DF_EO_LTB(1.0),OECD Economic Outlook 117 long-term scenarios,I,EST,Estonia,GDPVD_CAP,"Gross domestic product per capita, volume in USD, at constant purchasing power parities",BAU1,"Business-as-usual energy transition, median climate climate damage curve, no carbon mitigation costs",A,Annual,2059,,91652.79,,,,USD_PPP_PS,"US dollars per person, PPP converted",0,Units,2,Two
DATAFLOW,OECD.ECO.MAD:DSD_EO_LTB@DF_EO_LTB(1.0),OECD Economic Outlook 117 long-term scenarios,I,EST,Estonia,GDPVD_CAP,"Gross domestic product per capita, volume in USD, at constant purchasing power parities",BAU1,"Business-as-usual energy transition, median climate climate damage curve, no carbon mitigation costs",A,Annual,2060,,93528.42,,,,USD_PPP_PS,"US dollars per person, PPP converted",0,Units,2,Two
DATAFLOW,OECD.ECO.MAD:DSD_EO_LTB@DF_EO_LTB(1.0),OECD Economic Outlook 117 long-term scenarios,I,SVK,Slovakia,GDPVD_CAP,"Gross domestic product per capita, volume in USD, at constant purchasing power parities",BAU1,"Business-as-usual energy transition, median climate climate damage curve, no carbon mitigation costs",A,Annual,1992,,13945.31316,,,,USD_PPP_PS,"US dollars per person, PPP converted",0,Units,2,Two
DATAFLOW,OECD.ECO.MAD:DSD_EO_LTB@DF_EO_LTB(1.0),OECD Economic Outlook 117 long-term scenarios,I,SVK,Slovakia,GDPVD_CAP,"Gross domestic product per capita, volume in USD, at constant purchasing power parities",BAU1,"Business-as-usual energy transition, median climate climate damage curve, no carbon mitigation costs",A,Annual,1993,,14156.38701,,,,USD_PPP_PS,"US dollars per person, PPP converted",0,Units,2,Two
DATAFLOW,OECD.ECO.MAD:DSD_EO_LTB@DF_EO_LTB(1.0),OECD Economic Outlook 117 long-term scenarios,I,SVK,Slovakia,GDPVD_CAP,"Gross domestic product per capita, volume in USD, at constant purchasing power parities",BAU1,"Business-as-usual energy transition, median climate climate damage curve, no carbon mitigation costs",A,Annual,1994,,14975.73691,,,,USD_PPP_PS,"US dollars per person, PPP converted",0,Units,2,Two
DATAFLOW,OECD.ECO.MAD:DSD_EO_LTB@DF_EO_LTB(1.0),OECD Economic Outlook 117 long-term scenarios,I,SVK,Slovakia,GDPVD_CAP,"Gross domestic product per capita, volume in USD, at constant purchasing power parities",BAU1,"Business-as-usual energy transition, median climate climate damage curve, no carbon mitigation costs",A,Annual,1995,,15804.52948,,,,USD_PPP_PS,"US dollars per person, PPP converted",0,Units,2,Two
DATAFLOW,OECD.ECO.MAD:DSD_EO_LTB@DF_EO_LTB(1.0),OECD Economic Outlook 117 long-term scenarios,I,SVK,Slovakia,GDPVD_CAP,"Gross domestic product per capita, volume in USD, at constant purchasing power parities",BAU1,"Business-as-usual energy transition, median climate climate damage curve, no carbon mitigation costs",A,Annual,1996,,16736.23315,,,,USD_PPP_PS,"US dollars per person, PPP converted",0,Units,2,Two
DATAFLOW,OECD.ECO.MAD:DSD_EO_LTB@DF_EO_LTB(1.0),OECD Economic Outlook 117 long-term scenarios,I,SVK,Slovakia,GDPVD_CAP,"Gross domestic product per capita, volume in USD, at constant purchasing power parities",BAU1,"Business-as-usual energy transition, median climate climate damage curve, no carbon mitigation costs",A,Annual,1997,,17621.79099,,,,USD_PPP_PS,"US dollars per person, PPP converted",0,Units,2,Two
DATAFLOW,OECD.ECO.MAD:DSD_EO_LTB@DF_EO_LTB(1.0),OECD Economic Outlook 117 long-term scenarios,I,SVK,Slovakia,GDPVD_CAP,"Gross domestic product per capita, volume in USD, at constant purchasing power parities",BAU1,"Business-as-usual energy transition, median climate climate damage curve, no carbon mitigation costs",A,Annual,1998,,18271.49723,,,,USD_PPP_PS,"US dollars per person, PPP converted",0,Units,2,Two
DATAFLOW,OECD.ECO.MAD:DSD_EO_LTB@DF_EO_LTB(1.0),OECD Economic Outlook 117 long-term scenarios,I,SVK,Slovakia,GDPVD_CAP,"Gross domestic product per capita, volume in USD, at constant purchasing power parities",BAU1,"Business-as-usual energy transition, median climate climate damage curve, no carbon mitigation costs",A,Annual,1999,,18166.47976,,,,USD_PPP_PS,"US dollars per person, PPP converted",0,Units,2,Two
DATAFLOW,OECD.ECO.MAD:DSD_EO_LTB@DF_EO_LTB(1.0),OECD Economic Outlook 117 long-term scenarios,I,SVK,Slovakia,GDPVD_CAP,"Gross domestic product per capita, volume in USD, at constant purchasing power parities",BAU1,"Business-as-usual energy transition, median climate climate damage curve, no carbon mitigation costs",A,Annual,2000,,18334.6543,,,,USD_PPP_PS,"US dollars per person, PPP converted",0,Units,2,Two
DATAFLOW,OECD.ECO.MAD:DSD_EO_LTB@DF_EO_LTB(1.0),OECD Economic Outlook 117 long-term scenarios,I,SVK,Slovakia,GDPVD_CAP,"Gross domestic product per capita, volume in USD, at constant purchasing power parities",BAU1,"Business-as-usual energy transition, median climate climate damage curve, no carbon mitigation costs",A,Annual,2001,,18905.54063,,,,USD_PPP_PS,"US dollars per person, PPP converted",0,Units,2,Two
DATAFLOW,OECD.ECO.MAD:DSD_EO_LTB@DF_EO_LTB(1.0),OECD Economic Outlook 117 long-term scenarios,I,SVK,Slovakia,GDPVD_CAP,"Gross domestic product per capita, volume in USD, at constant purchasing power parities",BAU1,"Business-as-usual energy transition, median climate climate damage curve, no carbon mitigation costs",A,Annual,2002,,19747.82382,,,,USD_PPP_PS,"US dollars per person, PPP converted",0,Units,2,Two
DATAFLOW,OECD.ECO.MAD:DSD_EO_LTB@DF_EO_LTB(1.0),OECD Economic Outlook 117 long-term scenarios,I,SVK,Slovakia,GDPVD_CAP,"Gross domestic product per capita, volume in USD, at constant purchasing power parities",BAU1,"Business-as-usual energy transition, median climate climate damage curve, no carbon mitigation costs",A,Annual,2003,,20720.55018,,,,USD_PPP_PS,"US dollars per person, PPP converted",0,Units,2,Two
DATAFLOW,OECD.ECO.MAD:DSD_EO_LTB@DF_EO_LTB(1.0),OECD Economic Outlook 117 long-term scenarios,I,SVK,Slovakia,GDPVD_CAP,"Gross domestic product per capita, volume in USD, at constant purchasing power parities",BAU1,"Business-as-usual energy transition, median climate climate damage curve, no carbon mitigation costs",A,Annual,2004,,21841.73083,,,,USD_PPP_PS,"US dollars per person, PPP converted",0,Units,2,Two
DATAFLOW,OECD.ECO.MAD:DSD_EO_LTB@DF_EO_LTB(1.0),OECD Economic Outlook 117 long-term scenarios,I,SVK,Slovakia,GDPVD_CAP,"Gross domestic product per capita, volume in USD, at constant purchasing power parities",BAU1,"Business-as-usual energy transition, median climate climate damage curve, no carbon mitigation costs",A,Annual,2005,,23255.87529,,,,USD_PPP_PS,"US dollars per person, PPP converted",0,Units,2,Two
DATAFLOW,OECD.ECO.MAD:DSD_EO_LTB@DF_EO_LTB(1.0),OECD Economic Outlook 117 long-term scenarios,I,SVK,Slovakia,GDPVD_CAP,"Gross domestic product per capita, volume in USD, at constant purchasing power parities",BAU1,"Business-as-usual energy transition, median climate climate damage curve, no carbon mitigation costs",A,Annual,2006,,25330.45273,,,,USD_PPP_PS,"US dollars per person, PPP converted",0,Units,2,Two
DATAFLOW,OECD.ECO.MAD:DSD_EO_LTB@DF_EO_LTB(1.0),OECD Economic Outlook 117 long-term scenarios,I,SVK,Slovakia,GDPVD_CAP,"Gross domestic product per capita, volume in USD, at constant purchasing power parities",BAU1,"Business-as-usual energy transition, median climate climate damage curve, no carbon mitigation costs",A,Annual,2007,,28062.67112,,,,USD_PPP_PS,"US dollars per person, PPP converted",0,Units,2,Two
DATAFLOW,OECD.ECO.MAD:DSD_EO_LTB@DF_EO_LTB(1.0),OECD Economic Outlook 117 long-term scenarios,I,SVK,Slovakia,GDPVD_CAP,"Gross domestic product per capita, volume in USD, at constant purchasing power parities",BAU1,"Business-as-usual energy transition, median climate climate damage curve, no carbon mitigation costs",A,Annual,2008,,29542.43846,,,,USD_PPP_PS,"US dollars per person, PPP converted",0,Units,2,Two
DATAFLOW,OECD.ECO.MAD:DSD_EO_LTB@DF_EO_LTB(1.0),OECD Economic Outlook 117 long-term scenarios,I,SVK,Slovakia,GDPVD_CAP,"Gross domestic product per capita, volume in USD, at constant purchasing power parities",BAU1,"Business-as-usual energy transition, median climate climate damage curve, no carbon mitigation costs",A,Annual,2009,,27878.85201,,,,USD_PPP_PS,"US dollars per person, PPP converted",0,Units,2,Two
DATAFLOW,OECD.ECO.MAD:DSD_EO_LTB@DF_EO_LTB(1.0),OECD Economic Outlook 117 long-term scenarios,I,SVK,Slovakia,GDPVD_CAP,"Gross domestic product per capita, volume in USD, at constant purchasing power parities",BAU1,"Business-as-usual energy transition, median climate climate damage curve, no carbon mitigation costs",A,Annual,2010,,29744.25032,,,,USD_PPP_PS,"US dollars per person, PPP converted",0,Units,2,Two
DATAFLOW,OECD.ECO.MAD:DSD_EO_LTB@DF_EO_LTB(1.0),OECD Economic Outlook 117 long-term scenarios,I,SVK,Slovakia,GDPVD_CAP,"Gross domestic product per capita, volume in USD, at constant purchasing power parities",BAU1,"Business-as-usual energy transition, median climate climate damage curve, no carbon mitigation costs",A,Annual,2011,,30467.1158,,,,USD_PPP_PS,"US dollars per person, PPP converted",0,Units,2,Two
DATAFLOW,OECD.ECO.MAD:DSD_EO_LTB@DF_EO_LTB(1.0),OECD Economic Outlook 117 long-term scenarios,I,SVK,Slovakia,GDPVD_CAP,"Gross domestic product per capita, volume in USD, at constant purchasing power parities",BAU1,"Business-as-usual energy transition, median climate climate damage curve, no carbon mitigation costs",A,Annual,2012,,30898.62711,,,,USD_PPP_PS,"US dollars per person, PPP converted",0,Units,2,Two
DATAFLOW,OECD.ECO.MAD:DSD_EO_LTB@DF_EO_LTB(1.0),OECD Economic Outlook 117 long-term scenarios,I,SVK,Slovakia,GDPVD_CAP,"Gross domestic product per capita, volume in USD, at constant purchasing power parities",BAU1,"Business-as-usual energy transition, median climate climate damage curve, no carbon mitigation costs",A,Annual,2013,,31077.09119,,,,USD_PPP_PS,"US dollars per person, PPP converted",0,Units,2,Two
DATAFLOW,OECD.ECO.MAD:DSD_EO_LTB@DF_EO_LTB(1.0),OECD Economic Outlook 117 long-term scenarios,I,SVK,Slovakia,GDPVD_CAP,"Gross domestic product per capita, volume in USD, at constant purchasing power parities",BAU1,"Business-as-usual energy transition, median climate climate damage curve, no carbon mitigation costs",A,Annual,2014,,31885.91511,,,,USD_PPP_PS,"US dollars per person, PPP converted",0,Units,2,Two
DATAFLOW,OECD.ECO.MAD:DSD_EO_LTB@DF_EO_LTB(1.0),OECD Economic Outlook 117 long-term scenarios,I,SVK,Slovakia,GDPVD_CAP,"Gross domestic product per capita, volume in USD, at constant purchasing power parities",BAU1,"Business-as-usual energy transition, median climate climate damage curve, no carbon mitigation costs",A,Annual,2015,,33513.20716,,,,USD_PPP_PS,"US dollars per person, PPP converted",0,Units,2,Two
DATAFLOW,OECD.ECO.MAD:DSD_EO_LTB@DF_EO_LTB(1.0),OECD Economic Outlook 117 long-term scenarios,I,SVK,Slovakia,GDPVD_CAP,"Gross domestic product per capita, volume in USD, at constant purchasing power parities",BAU1,"Business-as-usual energy transition, median climate climate damage curve, no carbon mitigation costs",A,Annual,2016,,34112.75458,,,,USD_PPP_PS,"US dollars per person, PPP converted",0,Units,2,Two
DATAFLOW,OECD.ECO.MAD:DSD_EO_LTB@DF_EO_LTB(1.0),OECD Economic Outlook 117 long-term scenarios,I,SVK,Slovakia,GDPVD_CAP,"Gross domestic product per capita, volume in USD, at constant purchasing power parities",BAU1,"Business-as-usual energy transition, median climate climate damage curve, no carbon mitigation costs",A,Annual,2017,,35044.45999,,,,USD_PPP_PS,"US dollars per person, PPP converted",0,Units,2,Two
DATAFLOW,OECD.ECO.MAD:DSD_EO_LTB@DF_EO_LTB(1.0),OECD Economic Outlook 117 long-term scenarios,I,SVK,Slovakia,GDPVD_CAP,"Gross domestic product per capita, volume in USD, at constant purchasing power parities",BAU1,"Business-as-usual energy transition, median climate climate damage curve, no carbon mitigation costs",A,Annual,2018,,36416.96812,,,,USD_PPP_PS,"US dollars per person, PPP converted",0,Units,2,Two
DATAFLOW,OECD.ECO.MAD:DSD_EO_LTB@DF_EO_LTB(1.0),OECD Economic Outlook 117 long-term scenarios,I,SVK,Slovakia,GDPVD_CAP,"Gross domestic product per capita, volume in USD, at constant purchasing power parities",BAU1,"Business-as-usual energy transition, median climate climate damage curve, no carbon mitigation costs",A,Annual,2019,,37196.38041,,,,USD_PPP_PS,"US dollars per person, PPP converted",0,Units,2,Two
DATAFLOW,OECD.ECO.MAD:DSD_EO_LTB@DF_EO_LTB(1.0),OECD Economic Outlook 117 long-term scenarios,I,SVK,Slovakia,GDPVD_CAP,"Gross domestic product per capita, volume in USD, at constant purchasing power parities",BAU1,"Business-as-usual energy transition, median climate climate damage curve, no carbon mitigation costs",A,Annual,2020,,36186.4479,,,,USD_PPP_PS,"US dollars per person, PPP converted",0,Units,2,Two
DATAFLOW,OECD.ECO.MAD:DSD_EO_LTB@DF_EO_LTB(1.0),OECD Economic Outlook 117 long-term scenarios,I,SVK,Slovakia,GDPVD_CAP,"Gross domestic product per capita, volume in USD, at constant purchasing power parities",BAU1,"Business-as-usual energy transition, median climate climate damage curve, no carbon mitigation costs",A,Annual,2021,,38388.47044,,,,USD_PPP_PS,"US dollars per person, PPP converted",0,Units,2,Two
DATAFLOW,OECD.ECO.MAD:DSD_EO_LTB@DF_EO_LTB(1.0),OECD Economic Outlook 117 long-term scenarios,I,SVK,Slovakia,GDPVD_CAP,"Gross domestic product per capita, volume in USD, at constant purchasing power parities",BAU1,"Business-as-usual energy transition, median climate climate damage curve, no carbon mitigation costs",A,Annual,2022,,38439.70443,,,,USD_PPP_PS,"US dollars per person, PPP converted",0,Units,2,Two
DATAFLOW,OECD.ECO.MAD:DSD_EO_LTB@DF_EO_LTB(1.0),OECD Economic Outlook 117 long-term scenarios,I,SVK,Slovakia,GDPVD_CAP,"Gross domestic product per capita, volume in USD, at constant purchasing power parities",BAU1,"Business-as-usual energy transition, median climate climate damage curve, no carbon mitigation costs",A,Annual,2023,,39270.85335,,,,USD_PPP_PS,"US dollars per person, PPP converted",0,Units,2,Two
DATAFLOW,OECD.ECO.MAD:DSD_EO_LTB@DF_EO_LTB(1.0),OECD Economic Outlook 117 long-term scenarios,I,SVK,Slovakia,GDPVD_CAP,"Gross domestic product per capita, volume in USD, at constant purchasing power parities",BAU1,"Business-as-usual energy transition, median climate climate damage curve, no carbon mitigation costs",A,Annual,2024,,40058.05158,,,,USD_PPP_PS,"US dollars per person, PPP converted",0,Units,2,Two
DATAFLOW,OECD.ECO.MAD:DSD_EO_LTB@DF_EO_LTB(1.0),OECD Economic Outlook 117 long-term scenarios,I,SVK,Slovakia,GDPVD_CAP,"Gross domestic product per capita, volume in USD, at constant purchasing power parities",BAU1,"Business-as-usual energy transition, median climate climate damage curve, no carbon mitigation costs",A,Annual,2025,,40605.53833,,,,USD_PPP_PS,"US dollars per person, PPP converted",0,Units,2,Two
DATAFLOW,OECD.ECO.MAD:DSD_EO_LTB@DF_EO_LTB(1.0),OECD Economic Outlook 117 long-term scenarios,I,SVK,Slovakia,GDPVD_CAP,"Gross domestic product per capita, volume in USD, at constant purchasing power parities",BAU1,"Business-as-usual energy transition, median climate climate damage curve, no carbon mitigation costs",A,Annual,2026,,41118.8736,,,,USD_PPP_PS,"US dollars per person, PPP converted",0,Units,2,Two
DATAFLOW,OECD.ECO.MAD:DSD_EO_LTB@DF_EO_LTB(1.0),OECD Economic Outlook 117 long-term scenarios,I,SVK,Slovakia,GDPVD_CAP,"Gross domestic product per capita, volume in USD, at constant purchasing power parities",BAU1,"Business-as-usual energy transition, median climate climate damage curve, no carbon mitigation costs",A,Annual,2027,,42181.43,,,,USD_PPP_PS,"US dollars per person, PPP converted",0,Units,2,Two
DATAFLOW,OECD.ECO.MAD:DSD_EO_LTB@DF_EO_LTB(1.0),OECD Economic Outlook 117 long-term scenarios,I,SVK,Slovakia,GDPVD_CAP,"Gross domestic product per capita, volume in USD, at constant purchasing power parities",BAU1,"Business-as-usual energy transition, median climate climate damage curve, no carbon mitigation costs",A,Annual,2028,,43211.46,,,,USD_PPP_PS,"US dollars per person, PPP converted",0,Units,2,Two
DATAFLOW,OECD.ECO.MAD:DSD_EO_LTB@DF_EO_LTB(1.0),OECD Economic Outlook 117 long-term scenarios,I,SVK,Slovakia,GDPVD_CAP,"Gross domestic product per capita, volume in USD, at constant purchasing power parities",BAU1,"Business-as-usual energy transition, median climate climate damage curve, no carbon mitigation costs",A,Annual,2029,,44243.67,,,,USD_PPP_PS,"US dollars per person, PPP converted",0,Units,2,Two
DATAFLOW,OECD.ECO.MAD:DSD_EO_LTB@DF_EO_LTB(1.0),OECD Economic Outlook 117 long-term scenarios,I,SVK,Slovakia,GDPVD_CAP,"Gross domestic product per capita, volume in USD, at constant purchasing power parities",BAU1,"Business-as-usual energy transition, median climate climate damage curve, no carbon mitigation costs",A,Annual,2030,,45295.79,,,,USD_PPP_PS,"US dollars per person, PPP converted",0,Units,2,Two
DATAFLOW,OECD.ECO.MAD:DSD_EO_LTB@DF_EO_LTB(1.0),OECD Economic Outlook 117 long-term scenarios,I,SVK,Slovakia,GDPVD_CAP,"Gross domestic product per capita, volume in USD, at constant purchasing power parities",BAU1,"Business-as-usual energy transition, median climate climate damage curve, no carbon mitigation costs",A,Annual,2031,,46370.7,,,,USD_PPP_PS,"US dollars per person, PPP converted",0,Units,2,Two
DATAFLOW,OECD.ECO.MAD:DSD_EO_LTB@DF_EO_LTB(1.0),OECD Economic Outlook 117 long-term scenarios,I,SVK,Slovakia,GDPVD_CAP,"Gross domestic product per capita, volume in USD, at constant purchasing power parities",BAU1,"Business-as-usual energy transition, median climate climate damage curve, no carbon mitigation costs",A,Annual,2032,,47465.49,,,,USD_PPP_PS,"US dollars per person, PPP converted",0,Units,2,Two
DATAFLOW,OECD.ECO.MAD:DSD_EO_LTB@DF_EO_LTB(1.0),OECD Economic Outlook 117 long-term scenarios,I,SVK,Slovakia,GDPVD_CAP,"Gross domestic product per capita, volume in USD, at constant purchasing power parities",BAU1,"Business-as-usual energy transition, median climate climate damage curve, no carbon mitigation costs",A,Annual,2033,,48565.43,,,,USD_PPP_PS,"US dollars per person, PPP converted",0,Units,2,Two
DATAFLOW,OECD.ECO.MAD:DSD_EO_LTB@DF_EO_LTB(1.0),OECD Economic Outlook 117 long-term scenarios,I,SVK,Slovakia,GDPVD_CAP,"Gross domestic product per capita, volume in USD, at constant purchasing power parities",BAU1,"Business-as-usual energy transition, median climate climate damage curve, no carbon mitigation costs",A,Annual,2034,,49646.31,,,,USD_PPP_PS,"US dollars per person, PPP converted",0,Units,2,Two
DATAFLOW,OECD.ECO.MAD:DSD_EO_LTB@DF_EO_LTB(1.0),OECD Economic Outlook 117 long-term scenarios,I,SVK,Slovakia,GDPVD_CAP,"Gross domestic product per capita, volume in USD, at constant purchasing power parities",BAU1,"Business-as-usual energy transition, median climate climate damage curve, no carbon mitigation costs",A,Annual,2035,,50673.09,,,,USD_PPP_PS,"US dollars per person, PPP converted",0,Units,2,Two
DATAFLOW,OECD.ECO.MAD:DSD_EO_LTB@DF_EO_LTB(1.0),OECD Economic Outlook 117 long-term scenarios,I,SVK,Slovakia,GDPVD_CAP,"Gross domestic product per capita, volume in USD, at constant purchasing power parities",BAU1,"Business-as-usual energy transition, median climate climate damage curve, no carbon mitigation costs",A,Annual,2036,,51626.1,,,,USD_PPP_PS,"US dollars per person, PPP converted",0,Units,2,Two
DATAFLOW,OECD.ECO.MAD:DSD_EO_LTB@DF_EO_LTB(1.0),OECD Economic Outlook 117 long-term scenarios,I,SVK,Slovakia,GDPVD_CAP,"Gross domestic product per capita, volume in USD, at constant purchasing power parities",BAU1,"Business-as-usual energy transition, median climate climate damage curve, no carbon mitigation costs",A,Annual,2037,,52541.79,,,,USD_PPP_PS,"US dollars per person, PPP converted",0,Units,2,Two
DATAFLOW,OECD.ECO.MAD:DSD_EO_LTB@DF_EO_LTB(1.0),OECD Economic Outlook 117 long-term scenarios,I,SVK,Slovakia,GDPVD_CAP,"Gross domestic product per capita, volume in USD, at constant purchasing power parities",BAU1,"Business-as-usual energy transition, median climate climate damage curve, no carbon mitigation costs",A,Annual,2038,,53408.56,,,,USD_PPP_PS,"US dollars per person, PPP converted",0,Units,2,Two
DATAFLOW,OECD.ECO.MAD:DSD_EO_LTB@DF_EO_LTB(1.0),OECD Economic Outlook 117 long-term scenarios,I,SVK,Slovakia,GDPVD_CAP,"Gross domestic product per capita, volume in USD, at constant purchasing power parities",BAU1,"Business-as-usual energy transition, median climate climate damage curve, no carbon mitigation costs",A,Annual,2039,,54221.63,,,,USD_PPP_PS,"US dollars per person, PPP converted",0,Units,2,Two
DATAFLOW,OECD.ECO.MAD:DSD_EO_LTB@DF_EO_LTB(1.0),OECD Economic Outlook 117 long-term scenarios,I,SVK,Slovakia,GDPVD_CAP,"Gross domestic product per capita, volume in USD, at constant purchasing power parities",BAU1,"Business-as-usual energy transition, median climate climate damage curve, no carbon mitigation costs",A,Annual,2040,,54990.18,,,,USD_PPP_PS,"US dollars per person, PPP converted",0,Units,2,Two
DATAFLOW,OECD.ECO.MAD:DSD_EO_LTB@DF_EO_LTB(1.0),OECD Economic Outlook 117 long-term scenarios,I,SVK,Slovakia,GDPVD_CAP,"Gross domestic product per capita, volume in USD, at constant purchasing power parities",BAU1,"Business-as-usual energy transition, median climate climate damage curve, no carbon mitigation costs",A,Annual,2041,,55735.34,,,,USD_PPP_PS,"US dollars per person, PPP converted",0,Units,2,Two
DATAFLOW,OECD.ECO.MAD:DSD_EO_LTB@DF_EO_LTB(1.0),OECD Economic Outlook 117 long-term scenarios,I,SVK,Slovakia,GDPVD_CAP,"Gross domestic product per capita, volume in USD, at constant purchasing power parities",BAU1,"Business-as-usual energy transition, median climate climate damage curve, no carbon mitigation costs",A,Annual,2042,,56467.78,,,,USD_PPP_PS,"US dollars per person, PPP converted",0,Units,2,Two
DATAFLOW,OECD.ECO.MAD:DSD_EO_LTB@DF_EO_LTB(1.0),OECD Economic Outlook 117 long-term scenarios,I,SVK,Slovakia,GDPVD_CAP,"Gross domestic product per capita, volume in USD, at constant purchasing power parities",BAU1,"Business-as-usual energy transition, median climate climate damage curve, no carbon mitigation costs",A,Annual,2043,,57188.21,,,,USD_PPP_PS,"US dollars per person, PPP converted",0,Units,2,Two
DATAFLOW,OECD.ECO.MAD:DSD_EO_LTB@DF_EO_LTB(1.0),OECD Economic Outlook 117 long-term scenarios,I,SVK,Slovakia,GDPVD_CAP,"Gross domestic product per capita, volume in USD, at constant purchasing power parities",BAU1,"Business-as-usual energy transition, median climate climate damage curve, no carbon mitigation costs",A,Annual,2044,,57894.83,,,,USD_PPP_PS,"US dollars per person, PPP converted",0,Units,2,Two
DATAFLOW,OECD.ECO.MAD:DSD_EO_LTB@DF_EO_LTB(1.0),OECD Economic Outlook 117 long-term scenarios,I,SVK,Slovakia,GDPVD_CAP,"Gross domestic product per capita, volume in USD, at constant purchasing power parities",BAU1,"Business-as-usual energy transition, median climate climate damage curve, no carbon mitigation costs",A,Annual,2045,,58582.03,,,,USD_PPP_PS,"US dollars per person, PPP converted",0,Units,2,Two
DATAFLOW,OECD.ECO.MAD:DSD_EO_LTB@DF_EO_LTB(1.0),OECD Economic Outlook 117 long-term scenarios,I,SVK,Slovakia,GDPVD_CAP,"Gross domestic product per capita, volume in USD, at constant purchasing power parities",BAU1,"Business-as-usual energy transition, median climate climate damage curve, no carbon mitigation costs",A,Annual,2046,,59253.77,,,,USD_PPP_PS,"US dollars per person, PPP converted",0,Units,2,Two
DATAFLOW,OECD.ECO.MAD:DSD_EO_LTB@DF_EO_LTB(1.0),OECD Economic Outlook 117 long-term scenarios,I,SVK,Slovakia,GDPVD_CAP,"Gross domestic product per capita, volume in USD, at constant purchasing power parities",BAU1,"Business-as-usual energy transition, median climate climate damage curve, no carbon mitigation costs",A,Annual,2047,,59911.97,,,,USD_PPP_PS,"US dollars per person, PPP converted",0,Units,2,Two
DATAFLOW,OECD.ECO.MAD:DSD_EO_LTB@DF_EO_LTB(1.0),OECD Economic Outlook 117 long-term scenarios,I,SVK,Slovakia,GDPVD_CAP,"Gross domestic product per capita, volume in USD, at constant purchasing power parities",BAU1,"Business-as-usual energy transition, median climate climate damage curve, no carbon mitigation costs",A,Annual,2048,,60550.19,,,,USD_PPP_PS,"US dollars per person, PPP converted",0,Units,2,Two
DATAFLOW,OECD.ECO.MAD:DSD_EO_LTB@DF_EO_LTB(1.0),OECD Economic Outlook 117 long-term scenarios,I,SVK,Slovakia,GDPVD_CAP,"Gross domestic product per capita, volume in USD, at constant purchasing power parities",BAU1,"Business-as-usual energy transition, median climate climate damage curve, no carbon mitigation costs",A,Annual,2049,,61166.45,,,,USD_PPP_PS,"US dollars per person, PPP converted",0,Units,2,Two
DATAFLOW,OECD.ECO.MAD:DSD_EO_LTB@DF_EO_LTB(1.0),OECD Economic Outlook 117 long-term scenarios,I,SVK,Slovakia,GDPVD_CAP,"Gross domestic product per capita, volume in USD, at constant purchasing power parities",BAU1,"Business-as-usual energy transition, median climate climate damage curve, no carbon mitigation costs",A,Annual,2050,,61770.23,,,,USD_PPP_PS,"US dollars per person, PPP converted",0,Units,2,Two
DATAFLOW,OECD.ECO.MAD:DSD_EO_LTB@DF_EO_LTB(1.0),OECD Economic Outlook 117 long-term scenarios,I,SVK,Slovakia,GDPVD_CAP,"Gross domestic product per capita, volume in USD, at constant purchasing power parities",BAU1,"Business-as-usual energy transition, median climate climate damage curve, no carbon mitigation costs",A,Annual,2051,,62374.15,,,,USD_PPP_PS,"US dollars per person, PPP converted",0,Units,2,Two
DATAFLOW,OECD.ECO.MAD:DSD_EO_LTB@DF_EO_LTB(1.0),OECD Economic Outlook 117 long-term scenarios,I,SVK,Slovakia,GDPVD_CAP,"Gross domestic product per capita, volume in USD, at constant purchasing power parities",BAU1,"Business-as-usual energy transition, median climate climate damage curve, no carbon mitigation costs",A,Annual,2052,,62988.36,,,,USD_PPP_PS,"US dollars per person, PPP converted",0,Units,2,Two
DATAFLOW,OECD.ECO.MAD:DSD_EO_LTB@DF_EO_LTB(1.0),OECD Economic Outlook 117 long-term scenarios,I,SVK,Slovakia,GDPVD_CAP,"Gross domestic product per capita, volume in USD, at constant purchasing power parities",BAU1,"Business-as-usual energy transition, median climate climate damage curve, no carbon mitigation costs",A,Annual,2053,,63621.56,,,,USD_PPP_PS,"US dollars per person, PPP converted",0,Units,2,Two
DATAFLOW,OECD.ECO.MAD:DSD_EO_LTB@DF_EO_LTB(1.0),OECD Economic Outlook 117 long-term scenarios,I,SVK,Slovakia,GDPVD_CAP,"Gross domestic product per capita, volume in USD, at constant purchasing power parities",BAU1,"Business-as-usual energy transition, median climate climate damage curve, no carbon mitigation costs",A,Annual,2054,,64280.87,,,,USD_PPP_PS,"US dollars per person, PPP converted",0,Units,2,Two
DATAFLOW,OECD.ECO.MAD:DSD_EO_LTB@DF_EO_LTB(1.0),OECD Economic Outlook 117 long-term scenarios,I,SVK,Slovakia,GDPVD_CAP,"Gross domestic product per capita, volume in USD, at constant purchasing power parities",BAU1,"Business-as-usual energy transition, median climate climate damage curve, no carbon mitigation costs",A,Annual,2055,,64976.34,,,,USD_PPP_PS,"US dollars per person, PPP converted",0,Units,2,Two
DATAFLOW,OECD.ECO.MAD:DSD_EO_LTB@DF_EO_LTB(1.0),OECD Economic Outlook 117 long-term scenarios,I,SVK,Slovakia,GDPVD_CAP,"Gross domestic product per capita, volume in USD, at constant purchasing power parities",BAU1,"Business-as-usual energy transition, median climate climate damage curve, no carbon mitigation costs",A,Annual,2056,,65728.6,,,,USD_PPP_PS,"US dollars per person, PPP converted",0,Units,2,Two
DATAFLOW,OECD.ECO.MAD:DSD_EO_LTB@DF_EO_LTB(1.0),OECD Economic Outlook 117 long-term scenarios,I,SVK,Slovakia,GDPVD_CAP,"Gross domestic product per capita, volume in USD, at constant purchasing power parities",BAU1,"Business-as-usual energy transition, median climate climate damage curve, no carbon mitigation costs",A,Annual,2057,,66537.78,,,,USD_PPP_PS,"US dollars per person, PPP converted",0,Units,2,Two
DATAFLOW,OECD.ECO.MAD:DSD_EO_LTB@DF_EO_LTB(1.0),OECD Economic Outlook 117 long-term scenarios,I,SVK,Slovakia,GDPVD_CAP,"Gross domestic product per capita, volume in USD, at constant purchasing power parities",BAU1,"Business-as-usual energy transition, median climate climate damage curve, no carbon mitigation costs",A,Annual,2058,,67402.89,,,,USD_PPP_PS,"US dollars per person, PPP converted",0,Units,2,Two
DATAFLOW,OECD.ECO.MAD:DSD_EO_LTB@DF_EO_LTB(1.0),OECD Economic Outlook 117 long-term scenarios,I,SVK,Slovakia,GDPVD_CAP,"Gross domestic product per capita, volume in USD, at constant purchasing power parities",BAU1,"Business-as-usual energy transition, median climate climate damage curve, no carbon mitigation costs",A,Annual,2059,,68330.38,,,,USD_PPP_PS,"US dollars per person, PPP converted",0,Units,2,Two
DATAFLOW,OECD.ECO.MAD:DSD_EO_LTB@DF_EO_LTB(1.0),OECD Economic Outlook 117 long-term scenarios,I,SVK,Slovakia,GDPVD_CAP,"Gross domestic product per capita, volume in USD, at constant purchasing power parities",BAU1,"Business-as-usual energy transition, median climate climate damage curve, no carbon mitigation costs",A,Annual,2060,,69326.4,,,,USD_PPP_PS,"US dollars per person, PPP converted",0,Units,2,Two
DATAFLOW,OECD.ECO.MAD:DSD_EO_LTB@DF_EO_LTB(1.0),OECD Economic Outlook 117 long-term scenarios,I,HUN,Hungary,GDPVD_CAP,"Gross domestic product per capita, volume in USD, at constant purchasing power parities",BAU1,"Business-as-usual energy transition, median climate climate damage curve, no carbon mitigation costs",A,Annual,1991,,18754.21025,,,,USD_PPP_PS,"US dollars per person, PPP converted",0,Units,2,Two
DATAFLOW,OECD.ECO.MAD:DSD_EO_LTB@DF_EO_LTB(1.0),OECD Economic Outlook 117 long-term scenarios,I,HUN,Hungary,GDPVD_CAP,"Gross domestic product per capita, volume in USD, at constant purchasing power parities",BAU1,"Business-as-usual energy transition, median climate climate damage curve, no carbon mitigation costs",A,Annual,1992,,18186.56013,,,,USD_PPP_PS,"US dollars per person, PPP converted",0,Units,2,Two
DATAFLOW,OECD.ECO.MAD:DSD_EO_LTB@DF_EO_LTB(1.0),OECD Economic Outlook 117 long-term scenarios,I,HUN,Hungary,GDPVD_CAP,"Gross domestic product per capita, volume in USD, at constant purchasing power parities",BAU1,"Business-as-usual energy transition, median climate climate damage curve, no carbon mitigation costs",A,Annual,1993,,18102.73501,,,,USD_PPP_PS,"US dollars per person, PPP converted",0,Units,2,Two
DATAFLOW,OECD.ECO.MAD:DSD_EO_LTB@DF_EO_LTB(1.0),OECD Economic Outlook 117 long-term scenarios,I,HUN,Hungary,GDPVD_CAP,"Gross domestic product per capita, volume in USD, at constant purchasing power parities",BAU1,"Business-as-usual energy transition, median climate climate damage curve, no carbon mitigation costs",A,Annual,1994,,18661.47489,,,,USD_PPP_PS,"US dollars per person, PPP converted",0,Units,2,Two
DATAFLOW,OECD.ECO.MAD:DSD_EO_LTB@DF_EO_LTB(1.0),OECD Economic Outlook 117 long-term scenarios,I,HUN,Hungary,GDPVD_CAP,"Gross domestic product per capita, volume in USD, at constant purchasing power parities",BAU1,"Business-as-usual energy transition, median climate climate damage curve, no carbon mitigation costs",A,Annual,1995,,18966.02978,,,,USD_PPP_PS,"US dollars per person, PPP converted",0,Units,2,Two
DATAFLOW,OECD.ECO.MAD:DSD_EO_LTB@DF_EO_LTB(1.0),OECD Economic Outlook 117 long-term scenarios,I,HUN,Hungary,GDPVD_CAP,"Gross domestic product per capita, volume in USD, at constant purchasing power parities",BAU1,"Business-as-usual energy transition, median climate climate damage curve, no carbon mitigation costs",A,Annual,1996,,19017.86915,,,,USD_PPP_PS,"US dollars per person, PPP converted",0,Units,2,Two
DATAFLOW,OECD.ECO.MAD:DSD_EO_LTB@DF_EO_LTB(1.0),OECD Economic Outlook 117 long-term scenarios,I,HUN,Hungary,GDPVD_CAP,"Gross domestic product per capita, volume in USD, at constant purchasing power parities",BAU1,"Business-as-usual energy transition, median climate climate damage curve, no carbon mitigation costs",A,Annual,1997,,19623.69218,,,,USD_PPP_PS,"US dollars per person, PPP converted",0,Units,2,Two
DATAFLOW,OECD.ECO.MAD:DSD_EO_LTB@DF_EO_LTB(1.0),OECD Economic Outlook 117 long-term scenarios,I,HUN,Hungary,GDPVD_CAP,"Gross domestic product per capita, volume in USD, at constant purchasing power parities",BAU1,"Business-as-usual energy transition, median climate climate damage curve, no carbon mitigation costs",A,Annual,1998,,20426.30562,,,,USD_PPP_PS,"US dollars per person, PPP converted",0,Units,2,Two
DATAFLOW,OECD.ECO.MAD:DSD_EO_LTB@DF_EO_LTB(1.0),OECD Economic Outlook 117 long-term scenarios,I,HUN,Hungary,GDPVD_CAP,"Gross domestic product per capita, volume in USD, at constant purchasing power parities",BAU1,"Business-as-usual energy transition, median climate climate damage curve, no carbon mitigation costs",A,Annual,1999,,21116.4031,,,,USD_PPP_PS,"US dollars per person, PPP converted",0,Units,2,Two
DATAFLOW,OECD.ECO.MAD:DSD_EO_LTB@DF_EO_LTB(1.0),OECD Economic Outlook 117 long-term scenarios,I,HUN,Hungary,GDPVD_CAP,"Gross domestic product per capita, volume in USD, at constant purchasing power parities",BAU1,"Business-as-usual energy transition, median climate climate damage curve, no carbon mitigation costs",A,Annual,2000,,22104.85063,,,,USD_PPP_PS,"US dollars per person, PPP converted",0,Units,2,Two
DATAFLOW,OECD.ECO.MAD:DSD_EO_LTB@DF_EO_LTB(1.0),OECD Economic Outlook 117 long-term scenarios,I,HUN,Hungary,GDPVD_CAP,"Gross domestic product per capita, volume in USD, at constant purchasing power parities",BAU1,"Business-as-usual energy transition, median climate climate damage curve, no carbon mitigation costs",A,Annual,2001,,23055.57954,,,,USD_PPP_PS,"US dollars per person, PPP converted",0,Units,2,Two
DATAFLOW,OECD.ECO.MAD:DSD_EO_LTB@DF_EO_LTB(1.0),OECD Economic Outlook 117 long-term scenarios,I,HUN,Hungary,GDPVD_CAP,"Gross domestic product per capita, volume in USD, at constant purchasing power parities",BAU1,"Business-as-usual energy transition, median climate climate damage curve, no carbon mitigation costs",A,Annual,2002,,24214.97792,,,,USD_PPP_PS,"US dollars per person, PPP converted",0,Units,2,Two
DATAFLOW,OECD.ECO.MAD:DSD_EO_LTB@DF_EO_LTB(1.0),OECD Economic Outlook 117 long-term scenarios,I,HUN,Hungary,GDPVD_CAP,"Gross domestic product per capita, volume in USD, at constant purchasing power parities",BAU1,"Business-as-usual energy transition, median climate climate damage curve, no carbon mitigation costs",A,Annual,2003,,25240.94707,,,,USD_PPP_PS,"US dollars per person, PPP converted",0,Units,2,Two
DATAFLOW,OECD.ECO.MAD:DSD_EO_LTB@DF_EO_LTB(1.0),OECD Economic Outlook 117 long-term scenarios,I,HUN,Hungary,GDPVD_CAP,"Gross domestic product per capita, volume in USD, at constant purchasing power parities",BAU1,"Business-as-usual energy transition, median climate climate damage curve, no carbon mitigation costs",A,Annual,2004,,26552.41938,,,,USD_PPP_PS,"US dollars per person, PPP converted",0,Units,2,Two
DATAFLOW,OECD.ECO.MAD:DSD_EO_LTB@DF_EO_LTB(1.0),OECD Economic Outlook 117 long-term scenarios,I,HUN,Hungary,GDPVD_CAP,"Gross domestic product per capita, volume in USD, at constant purchasing power parities",BAU1,"Business-as-usual energy transition, median climate climate damage curve, no carbon mitigation costs",A,Annual,2005,,27749.38141,,,,USD_PPP_PS,"US dollars per person, PPP converted",0,Units,2,Two
DATAFLOW,OECD.ECO.MAD:DSD_EO_LTB@DF_EO_LTB(1.0),OECD Economic Outlook 117 long-term scenarios,I,HUN,Hungary,GDPVD_CAP,"Gross domestic product per capita, volume in USD, at constant purchasing power parities",BAU1,"Business-as-usual energy transition, median climate climate damage curve, no carbon mitigation costs",A,Annual,2006,,28885.96831,,,,USD_PPP_PS,"US dollars per person, PPP converted",0,Units,2,Two
DATAFLOW,OECD.ECO.MAD:DSD_EO_LTB@DF_EO_LTB(1.0),OECD Economic Outlook 117 long-term scenarios,I,HUN,Hungary,GDPVD_CAP,"Gross domestic product per capita, volume in USD, at constant purchasing power parities",BAU1,"Business-as-usual energy transition, median climate climate damage curve, no carbon mitigation costs",A,Annual,2007,,29026.90434,,,,USD_PPP_PS,"US dollars per person, PPP converted",0,Units,2,Two
DATAFLOW,OECD.ECO.MAD:DSD_EO_LTB@DF_EO_LTB(1.0),OECD Economic Outlook 117 long-term scenarios,I,HUN,Hungary,GDPVD_CAP,"Gross domestic product per capita, volume in USD, at constant purchasing power parities",BAU1,"Business-as-usual energy transition, median climate climate damage curve, no carbon mitigation costs",A,Annual,2008,,29366.6436,,,,USD_PPP_PS,"US dollars per person, PPP converted",0,Units,2,Two
DATAFLOW,OECD.ECO.MAD:DSD_EO_LTB@DF_EO_LTB(1.0),OECD Economic Outlook 117 long-term scenarios,I,HUN,Hungary,GDPVD_CAP,"Gross domestic product per capita, volume in USD, at constant purchasing power parities",BAU1,"Business-as-usual energy transition, median climate climate damage curve, no carbon mitigation costs",A,Annual,2009,,27429.74124,,,,USD_PPP_PS,"US dollars per person, PPP converted",0,Units,2,Two
DATAFLOW,OECD.ECO.MAD:DSD_EO_LTB@DF_EO_LTB(1.0),OECD Economic Outlook 117 long-term scenarios,I,HUN,Hungary,GDPVD_CAP,"Gross domestic product per capita, volume in USD, at constant purchasing power parities",BAU1,"Business-as-usual energy transition, median climate climate damage curve, no carbon mitigation costs",A,Annual,2010,,27785.40531,,,,USD_PPP_PS,"US dollars per person, PPP converted",0,Units,2,Two
DATAFLOW,OECD.ECO.MAD:DSD_EO_LTB@DF_EO_LTB(1.0),OECD Economic Outlook 117 long-term scenarios,I,HUN,Hungary,GDPVD_CAP,"Gross domestic product per capita, volume in USD, at constant purchasing power parities",BAU1,"Business-as-usual energy transition, median climate climate damage curve, no carbon mitigation costs",A,Annual,2011,,28398.32644,,,,USD_PPP_PS,"US dollars per person, PPP converted",0,Units,2,Two
DATAFLOW,OECD.ECO.MAD:DSD_EO_LTB@DF_EO_LTB(1.0),OECD Economic Outlook 117 long-term scenarios,I,HUN,Hungary,GDPVD_CAP,"Gross domestic product per capita, volume in USD, at constant purchasing power parities",BAU1,"Business-as-usual energy transition, median climate climate damage curve, no carbon mitigation costs",A,Annual,2012,,28182.24861,,,,USD_PPP_PS,"US dollars per person, PPP converted",0,Units,2,Two
DATAFLOW,OECD.ECO.MAD:DSD_EO_LTB@DF_EO_LTB(1.0),OECD Economic Outlook 117 long-term scenarios,I,HUN,Hungary,GDPVD_CAP,"Gross domestic product per capita, volume in USD, at constant purchasing power parities",BAU1,"Business-as-usual energy transition, median climate climate damage curve, no carbon mitigation costs",A,Annual,2013,,28873.94963,,,,USD_PPP_PS,"US dollars per person, PPP converted",0,Units,2,Two
DATAFLOW,OECD.ECO.MAD:DSD_EO_LTB@DF_EO_LTB(1.0),OECD Economic Outlook 117 long-term scenarios,I,HUN,Hungary,GDPVD_CAP,"Gross domestic product per capita, volume in USD, at constant purchasing power parities",BAU1,"Business-as-usual energy transition, median climate climate damage curve, no carbon mitigation costs",A,Annual,2014,,30247.06523,,,,USD_PPP_PS,"US dollars per person, PPP converted",0,Units,2,Two
DATAFLOW,OECD.ECO.MAD:DSD_EO_LTB@DF_EO_LTB(1.0),OECD Economic Outlook 117 long-term scenarios,I,HUN,Hungary,GDPVD_CAP,"Gross domestic product per capita, volume in USD, at constant purchasing power parities",BAU1,"Business-as-usual energy transition, median climate climate damage curve, no carbon mitigation costs",A,Annual,2015,,31466.96227,,,,USD_PPP_PS,"US dollars per person, PPP converted",0,Units,2,Two
DATAFLOW,OECD.ECO.MAD:DSD_EO_LTB@DF_EO_LTB(1.0),OECD Economic Outlook 117 long-term scenarios,I,HUN,Hungary,GDPVD_CAP,"Gross domestic product per capita, volume in USD, at constant purchasing power parities",BAU1,"Business-as-usual energy transition, median climate climate damage curve, no carbon mitigation costs",A,Annual,2016,,32359.8343,,,,USD_PPP_PS,"US dollars per person, PPP converted",0,Units,2,Two
DATAFLOW,OECD.ECO.MAD:DSD_EO_LTB@DF_EO_LTB(1.0),OECD Economic Outlook 117 long-term scenarios,I,HUN,Hungary,GDPVD_CAP,"Gross domestic product per capita, volume in USD, at constant purchasing power parities",BAU1,"Business-as-usual energy transition, median climate climate damage curve, no carbon mitigation costs",A,Annual,2017,,33808.72507,,,,USD_PPP_PS,"US dollars per person, PPP converted",0,Units,2,Two
DATAFLOW,OECD.ECO.MAD:DSD_EO_LTB@DF_EO_LTB(1.0),OECD Economic Outlook 117 long-term scenarios,I,HUN,Hungary,GDPVD_CAP,"Gross domestic product per capita, volume in USD, at constant purchasing power parities",BAU1,"Business-as-usual energy transition, median climate climate damage curve, no carbon mitigation costs",A,Annual,2018,,35776.8877,,,,USD_PPP_PS,"US dollars per person, PPP converted",0,Units,2,Two
DATAFLOW,OECD.ECO.MAD:DSD_EO_LTB@DF_EO_LTB(1.0),OECD Economic Outlook 117 long-term scenarios,I,HUN,Hungary,GDPVD_CAP,"Gross domestic product per capita, volume in USD, at constant purchasing power parities",BAU1,"Business-as-usual energy transition, median climate climate damage curve, no carbon mitigation costs",A,Annual,2019,,37640.42139,,,,USD_PPP_PS,"US dollars per person, PPP converted",0,Units,2,Two
DATAFLOW,OECD.ECO.MAD:DSD_EO_LTB@DF_EO_LTB(1.0),OECD Economic Outlook 117 long-term scenarios,I,HUN,Hungary,GDPVD_CAP,"Gross domestic product per capita, volume in USD, at constant purchasing power parities",BAU1,"Business-as-usual energy transition, median climate climate damage curve, no carbon mitigation costs",A,Annual,2020,,36098.17763,,,,USD_PPP_PS,"US dollars per person, PPP converted",0,Units,2,Two
DATAFLOW,OECD.ECO.MAD:DSD_EO_LTB@DF_EO_LTB(1.0),OECD Economic Outlook 117 long-term scenarios,I,HUN,Hungary,GDPVD_CAP,"Gross domestic product per capita, volume in USD, at constant purchasing power parities",BAU1,"Business-as-usual energy transition, median climate climate damage curve, no carbon mitigation costs",A,Annual,2021,,38864.21195,,,,USD_PPP_PS,"US dollars per person, PPP converted",0,Units,2,Two
DATAFLOW,OECD.ECO.MAD:DSD_EO_LTB@DF_EO_LTB(1.0),OECD Economic Outlook 117 long-term scenarios,I,HUN,Hungary,GDPVD_CAP,"Gross domestic product per capita, volume in USD, at constant purchasing power parities",BAU1,"Business-as-usual energy transition, median climate climate damage curve, no carbon mitigation costs",A,Annual,2022,,40632.94389,,,,USD_PPP_PS,"US dollars per person, PPP converted",0,Units,2,Two
DATAFLOW,OECD.ECO.MAD:DSD_EO_LTB@DF_EO_LTB(1.0),OECD Economic Outlook 117 long-term scenarios,I,HUN,Hungary,GDPVD_CAP,"Gross domestic product per capita, volume in USD, at constant purchasing power parities",BAU1,"Business-as-usual energy transition, median climate climate damage curve, no carbon mitigation costs",A,Annual,2023,,40344.73381,,,,USD_PPP_PS,"US dollars per person, PPP converted",0,Units,2,Two
DATAFLOW,OECD.ECO.MAD:DSD_EO_LTB@DF_EO_LTB(1.0),OECD Economic Outlook 117 long-term scenarios,I,HUN,Hungary,GDPVD_CAP,"Gross domestic product per capita, volume in USD, at constant purchasing power parities",BAU1,"Business-as-usual energy transition, median climate climate damage curve, no carbon mitigation costs",A,Annual,2024,,40678.28495,,,,USD_PPP_PS,"US dollars per person, PPP converted",0,Units,2,Two
DATAFLOW,OECD.ECO.MAD:DSD_EO_LTB@DF_EO_LTB(1.0),OECD Economic Outlook 117 long-term scenarios,I,HUN,Hungary,GDPVD_CAP,"Gross domestic product per capita, volume in USD, at constant purchasing power parities",BAU1,"Business-as-usual energy transition, median climate climate damage curve, no carbon mitigation costs",A,Annual,2025,,41154.00537,,,,USD_PPP_PS,"US dollars per person, PPP converted",0,Units,2,Two
DATAFLOW,OECD.ECO.MAD:DSD_EO_LTB@DF_EO_LTB(1.0),OECD Economic Outlook 117 long-term scenarios,I,HUN,Hungary,GDPVD_CAP,"Gross domestic product per capita, volume in USD, at constant purchasing power parities",BAU1,"Business-as-usual energy transition, median climate climate damage curve, no carbon mitigation costs",A,Annual,2026,,42271.7628,,,,USD_PPP_PS,"US dollars per person, PPP converted",0,Units,2,Two
DATAFLOW,OECD.ECO.MAD:DSD_EO_LTB@DF_EO_LTB(1.0),OECD Economic Outlook 117 long-term scenarios,I,HUN,Hungary,GDPVD_CAP,"Gross domestic product per capita, volume in USD, at constant purchasing power parities",BAU1,"Business-as-usual energy transition, median climate climate damage curve, no carbon mitigation costs",A,Annual,2027,,44163.46,,,,USD_PPP_PS,"US dollars per person, PPP converted",0,Units,2,Two
DATAFLOW,OECD.ECO.MAD:DSD_EO_LTB@DF_EO_LTB(1.0),OECD Economic Outlook 117 long-term scenarios,I,HUN,Hungary,GDPVD_CAP,"Gross domestic product per capita, volume in USD, at constant purchasing power parities",BAU1,"Business-as-usual energy transition, median climate climate damage curve, no carbon mitigation costs",A,Annual,2028,,45774.75,,,,USD_PPP_PS,"US dollars per person, PPP converted",0,Units,2,Two
DATAFLOW,OECD.ECO.MAD:DSD_EO_LTB@DF_EO_LTB(1.0),OECD Economic Outlook 117 long-term scenarios,I,HUN,Hungary,GDPVD_CAP,"Gross domestic product per capita, volume in USD, at constant purchasing power parities",BAU1,"Business-as-usual energy transition, median climate climate damage curve, no carbon mitigation costs",A,Annual,2029,,47216.34,,,,USD_PPP_PS,"US dollars per person, PPP converted",0,Units,2,Two
DATAFLOW,OECD.ECO.MAD:DSD_EO_LTB@DF_EO_LTB(1.0),OECD Economic Outlook 117 long-term scenarios,I,HUN,Hungary,GDPVD_CAP,"Gross domestic product per capita, volume in USD, at constant purchasing power parities",BAU1,"Business-as-usual energy transition, median climate climate damage curve, no carbon mitigation costs",A,Annual,2030,,48549.94,,,,USD_PPP_PS,"US dollars per person, PPP converted",0,Units,2,Two
DATAFLOW,OECD.ECO.MAD:DSD_EO_LTB@DF_EO_LTB(1.0),OECD Economic Outlook 117 long-term scenarios,I,HUN,Hungary,GDPVD_CAP,"Gross domestic product per capita, volume in USD, at constant purchasing power parities",BAU1,"Business-as-usual energy transition, median climate climate damage curve, no carbon mitigation costs",A,Annual,2031,,49828.86,,,,USD_PPP_PS,"US dollars per person, PPP converted",0,Units,2,Two
DATAFLOW,OECD.ECO.MAD:DSD_EO_LTB@DF_EO_LTB(1.0),OECD Economic Outlook 117 long-term scenarios,I,HUN,Hungary,GDPVD_CAP,"Gross domestic product per capita, volume in USD, at constant purchasing power parities",BAU1,"Business-as-usual energy transition, median climate climate damage curve, no carbon mitigation costs",A,Annual,2032,,51090.33,,,,USD_PPP_PS,"US dollars per person, PPP converted",0,Units,2,Two
DATAFLOW,OECD.ECO.MAD:DSD_EO_LTB@DF_EO_LTB(1.0),OECD Economic Outlook 117 long-term scenarios,I,HUN,Hungary,GDPVD_CAP,"Gross domestic product per capita, volume in USD, at constant purchasing power parities",BAU1,"Business-as-usual energy transition, median climate climate damage curve, no carbon mitigation costs",A,Annual,2033,,52333.91,,,,USD_PPP_PS,"US dollars per person, PPP converted",0,Units,2,Two
DATAFLOW,OECD.ECO.MAD:DSD_EO_LTB@DF_EO_LTB(1.0),OECD Economic Outlook 117 long-term scenarios,I,HUN,Hungary,GDPVD_CAP,"Gross domestic product per capita, volume in USD, at constant purchasing power parities",BAU1,"Business-as-usual energy transition, median climate climate damage curve, no carbon mitigation costs",A,Annual,2034,,53523.38,,,,USD_PPP_PS,"US dollars per person, PPP converted",0,Units,2,Two
DATAFLOW,OECD.ECO.MAD:DSD_EO_LTB@DF_EO_LTB(1.0),OECD Economic Outlook 117 long-term scenarios,I,HUN,Hungary,GDPVD_CAP,"Gross domestic product per capita, volume in USD, at constant purchasing power parities",BAU1,"Business-as-usual energy transition, median climate climate damage curve, no carbon mitigation costs",A,Annual,2035,,54621.73,,,,USD_PPP_PS,"US dollars per person, PPP converted",0,Units,2,Two
DATAFLOW,OECD.ECO.MAD:DSD_EO_LTB@DF_EO_LTB(1.0),OECD Economic Outlook 117 long-term scenarios,I,HUN,Hungary,GDPVD_CAP,"Gross domestic product per capita, volume in USD, at constant purchasing power parities",BAU1,"Business-as-usual energy transition, median climate climate damage curve, no carbon mitigation costs",A,Annual,2036,,55616.67,,,,USD_PPP_PS,"US dollars per person, PPP converted",0,Units,2,Two
DATAFLOW,OECD.ECO.MAD:DSD_EO_LTB@DF_EO_LTB(1.0),OECD Economic Outlook 117 long-term scenarios,I,HUN,Hungary,GDPVD_CAP,"Gross domestic product per capita, volume in USD, at constant purchasing power parities",BAU1,"Business-as-usual energy transition, median climate climate damage curve, no carbon mitigation costs",A,Annual,2037,,56580.64,,,,USD_PPP_PS,"US dollars per person, PPP converted",0,Units,2,Two
DATAFLOW,OECD.ECO.MAD:DSD_EO_LTB@DF_EO_LTB(1.0),OECD Economic Outlook 117 long-term scenarios,I,HUN,Hungary,GDPVD_CAP,"Gross domestic product per capita, volume in USD, at constant purchasing power parities",BAU1,"Business-as-usual energy transition, median climate climate damage curve, no carbon mitigation costs",A,Annual,2038,,57520.8,,,,USD_PPP_PS,"US dollars per person, PPP converted",0,Units,2,Two
DATAFLOW,OECD.ECO.MAD:DSD_EO_LTB@DF_EO_LTB(1.0),OECD Economic Outlook 117 long-term scenarios,I,HUN,Hungary,GDPVD_CAP,"Gross domestic product per capita, volume in USD, at constant purchasing power parities",BAU1,"Business-as-usual energy transition, median climate climate damage curve, no carbon mitigation costs",A,Annual,2039,,58423.97,,,,USD_PPP_PS,"US dollars per person, PPP converted",0,Units,2,Two
DATAFLOW,OECD.ECO.MAD:DSD_EO_LTB@DF_EO_LTB(1.0),OECD Economic Outlook 117 long-term scenarios,I,HUN,Hungary,GDPVD_CAP,"Gross domestic product per capita, volume in USD, at constant purchasing power parities",BAU1,"Business-as-usual energy transition, median climate climate damage curve, no carbon mitigation costs",A,Annual,2040,,59307.32,,,,USD_PPP_PS,"US dollars per person, PPP converted",0,Units,2,Two
DATAFLOW,OECD.ECO.MAD:DSD_EO_LTB@DF_EO_LTB(1.0),OECD Economic Outlook 117 long-term scenarios,I,HUN,Hungary,GDPVD_CAP,"Gross domestic product per capita, volume in USD, at constant purchasing power parities",BAU1,"Business-as-usual energy transition, median climate climate damage curve, no carbon mitigation costs",A,Annual,2041,,60179.16,,,,USD_PPP_PS,"US dollars per person, PPP converted",0,Units,2,Two
DATAFLOW,OECD.ECO.MAD:DSD_EO_LTB@DF_EO_LTB(1.0),OECD Economic Outlook 117 long-term scenarios,I,HUN,Hungary,GDPVD_CAP,"Gross domestic product per capita, volume in USD, at constant purchasing power parities",BAU1,"Business-as-usual energy transition, median climate climate damage curve, no carbon mitigation costs",A,Annual,2042,,61051.86,,,,USD_PPP_PS,"US dollars per person, PPP converted",0,Units,2,Two
DATAFLOW,OECD.ECO.MAD:DSD_EO_LTB@DF_EO_LTB(1.0),OECD Economic Outlook 117 long-term scenarios,I,HUN,Hungary,GDPVD_CAP,"Gross domestic product per capita, volume in USD, at constant purchasing power parities",BAU1,"Business-as-usual energy transition, median climate climate damage curve, no carbon mitigation costs",A,Annual,2043,,61933.51,,,,USD_PPP_PS,"US dollars per person, PPP converted",0,Units,2,Two
DATAFLOW,OECD.ECO.MAD:DSD_EO_LTB@DF_EO_LTB(1.0),OECD Economic Outlook 117 long-term scenarios,I,HUN,Hungary,GDPVD_CAP,"Gross domestic product per capita, volume in USD, at constant purchasing power parities",BAU1,"Business-as-usual energy transition, median climate climate damage curve, no carbon mitigation costs",A,Annual,2044,,62838.73,,,,USD_PPP_PS,"US dollars per person, PPP converted",0,Units,2,Two
DATAFLOW,OECD.ECO.MAD:DSD_EO_LTB@DF_EO_LTB(1.0),OECD Economic Outlook 117 long-term scenarios,I,HUN,Hungary,GDPVD_CAP,"Gross domestic product per capita, volume in USD, at constant purchasing power parities",BAU1,"Business-as-usual energy transition, median climate climate damage curve, no carbon mitigation costs",A,Annual,2045,,63795.45,,,,USD_PPP_PS,"US dollars per person, PPP converted",0,Units,2,Two
DATAFLOW,OECD.ECO.MAD:DSD_EO_LTB@DF_EO_LTB(1.0),OECD Economic Outlook 117 long-term scenarios,I,HUN,Hungary,GDPVD_CAP,"Gross domestic product per capita, volume in USD, at constant purchasing power parities",BAU1,"Business-as-usual energy transition, median climate climate damage curve, no carbon mitigation costs",A,Annual,2046,,64819.76,,,,USD_PPP_PS,"US dollars per person, PPP converted",0,Units,2,Two
DATAFLOW,OECD.ECO.MAD:DSD_EO_LTB@DF_EO_LTB(1.0),OECD Economic Outlook 117 long-term scenarios,I,HUN,Hungary,GDPVD_CAP,"Gross domestic product per capita, volume in USD, at constant purchasing power parities",BAU1,"Business-as-usual energy transition, median climate climate damage curve, no carbon mitigation costs",A,Annual,2047,,65906.89,,,,USD_PPP_PS,"US dollars per person, PPP converted",0,Units,2,Two
DATAFLOW,OECD.ECO.MAD:DSD_EO_LTB@DF_EO_LTB(1.0),OECD Economic Outlook 117 long-term scenarios,I,HUN,Hungary,GDPVD_CAP,"Gross domestic product per capita, volume in USD, at constant purchasing power parities",BAU1,"Business-as-usual energy transition, median climate climate damage curve, no carbon mitigation costs",A,Annual,2048,,67036.08,,,,USD_PPP_PS,"US dollars per person, PPP converted",0,Units,2,Two
DATAFLOW,OECD.ECO.MAD:DSD_EO_LTB@DF_EO_LTB(1.0),OECD Economic Outlook 117 long-term scenarios,I,HUN,Hungary,GDPVD_CAP,"Gross domestic product per capita, volume in USD, at constant purchasing power parities",BAU1,"Business-as-usual energy transition, median climate climate damage curve, no carbon mitigation costs",A,Annual,2049,,68165.59,,,,USD_PPP_PS,"US dollars per person, PPP converted",0,Units,2,Two
DATAFLOW,OECD.ECO.MAD:DSD_EO_LTB@DF_EO_LTB(1.0),OECD Economic Outlook 117 long-term scenarios,I,HUN,Hungary,GDPVD_CAP,"Gross domestic product per capita, volume in USD, at constant purchasing power parities",BAU1,"Business-as-usual energy transition, median climate climate damage curve, no carbon mitigation costs",A,Annual,2050,,69255.4,,,,USD_PPP_PS,"US dollars per person, PPP converted",0,Units,2,Two
DATAFLOW,OECD.ECO.MAD:DSD_EO_LTB@DF_EO_LTB(1.0),OECD Economic Outlook 117 long-term scenarios,I,HUN,Hungary,GDPVD_CAP,"Gross domestic product per capita, volume in USD, at constant purchasing power parities",BAU1,"Business-as-usual energy transition, median climate climate damage curve, no carbon mitigation costs",A,Annual,2051,,70309.83,,,,USD_PPP_PS,"US dollars per person, PPP converted",0,Units,2,Two
DATAFLOW,OECD.ECO.MAD:DSD_EO_LTB@DF_EO_LTB(1.0),OECD Economic Outlook 117 long-term scenarios,I,HUN,Hungary,GDPVD_CAP,"Gross domestic product per capita, volume in USD, at constant purchasing power parities",BAU1,"Business-as-usual energy transition, median climate climate damage curve, no carbon mitigation costs",A,Annual,2052,,71367.54,,,,USD_PPP_PS,"US dollars per person, PPP converted",0,Units,2,Two
DATAFLOW,OECD.ECO.MAD:DSD_EO_LTB@DF_EO_LTB(1.0),OECD Economic Outlook 117 long-term scenarios,I,HUN,Hungary,GDPVD_CAP,"Gross domestic product per capita, volume in USD, at constant purchasing power parities",BAU1,"Business-as-usual energy transition, median climate climate damage curve, no carbon mitigation costs",A,Annual,2053,,72443.54,,,,USD_PPP_PS,"US dollars per person, PPP converted",0,Units,2,Two
DATAFLOW,OECD.ECO.MAD:DSD_EO_LTB@DF_EO_LTB(1.0),OECD Economic Outlook 117 long-term scenarios,I,HUN,Hungary,GDPVD_CAP,"Gross domestic product per capita, volume in USD, at constant purchasing power parities",BAU1,"Business-as-usual energy transition, median climate climate damage curve, no carbon mitigation costs",A,Annual,2054,,73539.61,,,,USD_PPP_PS,"US dollars per person, PPP converted",0,Units,2,Two
DATAFLOW,OECD.ECO.MAD:DSD_EO_LTB@DF_EO_LTB(1.0),OECD Economic Outlook 117 long-term scenarios,I,HUN,Hungary,GDPVD_CAP,"Gross domestic product per capita, volume in USD, at constant purchasing power parities",BAU1,"Business-as-usual energy transition, median climate climate damage curve, no carbon mitigation costs",A,Annual,2055,,74657.07,,,,USD_PPP_PS,"US dollars per person, PPP converted",0,Units,2,Two
DATAFLOW,OECD.ECO.MAD:DSD_EO_LTB@DF_EO_LTB(1.0),OECD Economic Outlook 117 long-term scenarios,I,HUN,Hungary,GDPVD_CAP,"Gross domestic product per capita, volume in USD, at constant purchasing power parities",BAU1,"Business-as-usual energy transition, median climate climate damage curve, no carbon mitigation costs",A,Annual,2056,,75796.82,,,,USD_PPP_PS,"US dollars per person, PPP converted",0,Units,2,Two
DATAFLOW,OECD.ECO.MAD:DSD_EO_LTB@DF_EO_LTB(1.0),OECD Economic Outlook 117 long-term scenarios,I,HUN,Hungary,GDPVD_CAP,"Gross domestic product per capita, volume in USD, at constant purchasing power parities",BAU1,"Business-as-usual energy transition, median climate climate damage curve, no carbon mitigation costs",A,Annual,2057,,76973.09,,,,USD_PPP_PS,"US dollars per person, PPP converted",0,Units,2,Two
DATAFLOW,OECD.ECO.MAD:DSD_EO_LTB@DF_EO_LTB(1.0),OECD Economic Outlook 117 long-term scenarios,I,HUN,Hungary,GDPVD_CAP,"Gross domestic product per capita, volume in USD, at constant purchasing power parities",BAU1,"Business-as-usual energy transition, median climate climate damage curve, no carbon mitigation costs",A,Annual,2058,,78189.79,,,,USD_PPP_PS,"US dollars per person, PPP converted",0,Units,2,Two
DATAFLOW,OECD.ECO.MAD:DSD_EO_LTB@DF_EO_LTB(1.0),OECD Economic Outlook 117 long-term scenarios,I,HUN,Hungary,GDPVD_CAP,"Gross domestic product per capita, volume in USD, at constant purchasing power parities",BAU1,"Business-as-usual energy transition, median climate climate damage curve, no carbon mitigation costs",A,Annual,2059,,79451.05,,,,USD_PPP_PS,"US dollars per person, PPP converted",0,Units,2,Two
DATAFLOW,OECD.ECO.MAD:DSD_EO_LTB@DF_EO_LTB(1.0),OECD Economic Outlook 117 long-term scenarios,I,HUN,Hungary,GDPVD_CAP,"Gross domestic product per capita, volume in USD, at constant purchasing power parities",BAU1,"Business-as-usual energy transition, median climate climate damage curve, no carbon mitigation costs",A,Annual,2060,,80759.63,,,,USD_PPP_PS,"US dollars per person, PPP converted",0,Units,2,Two
DATAFLOW,OECD.ECO.MAD:DSD_EO_LTB@DF_EO_LTB(1.0),OECD Economic Outlook 117 long-term scenarios,I,SWE,Sweden,GDPVD_CAP,"Gross domestic product per capita, volume in USD, at constant purchasing power parities",BAU1,"Business-as-usual energy transition, median climate climate damage curve, no carbon mitigation costs",A,Annual,1990,,40149.61196,,,,USD_PPP_PS,"US dollars per person, PPP converted",0,Units,2,Two
DATAFLOW,OECD.ECO.MAD:DSD_EO_LTB@DF_EO_LTB(1.0),OECD Economic Outlook 117 long-term scenarios,I,SWE,Sweden,GDPVD_CAP,"Gross domestic product per capita, volume in USD, at constant purchasing power parities",BAU1,"Business-as-usual energy transition, median climate climate damage curve, no carbon mitigation costs",A,Annual,1991,,39422.36216,,,,USD_PPP_PS,"US dollars per person, PPP converted",0,Units,2,Two
DATAFLOW,OECD.ECO.MAD:DSD_EO_LTB@DF_EO_LTB(1.0),OECD Economic Outlook 117 long-term scenarios,I,SWE,Sweden,GDPVD_CAP,"Gross domestic product per capita, volume in USD, at constant purchasing power parities",BAU1,"Business-as-usual energy transition, median climate climate damage curve, no carbon mitigation costs",A,Annual,1992,,38736.35513,,,,USD_PPP_PS,"US dollars per person, PPP converted",0,Units,2,Two
DATAFLOW,OECD.ECO.MAD:DSD_EO_LTB@DF_EO_LTB(1.0),OECD Economic Outlook 117 long-term scenarios,I,SWE,Sweden,GDPVD_CAP,"Gross domestic product per capita, volume in USD, at constant purchasing power parities",BAU1,"Business-as-usual energy transition, median climate climate damage curve, no carbon mitigation costs",A,Annual,1993,,37745.54124,,,,USD_PPP_PS,"US dollars per person, PPP converted",0,Units,2,Two
DATAFLOW,OECD.ECO.MAD:DSD_EO_LTB@DF_EO_LTB(1.0),OECD Economic Outlook 117 long-term scenarios,I,SWE,Sweden,GDPVD_CAP,"Gross domestic product per capita, volume in USD, at constant purchasing power parities",BAU1,"Business-as-usual energy transition, median climate climate damage curve, no carbon mitigation costs",A,Annual,1994,,38884.26575,,,,USD_PPP_PS,"US dollars per person, PPP converted",0,Units,2,Two
DATAFLOW,OECD.ECO.MAD:DSD_EO_LTB@DF_EO_LTB(1.0),OECD Economic Outlook 117 long-term scenarios,I,SWE,Sweden,GDPVD_CAP,"Gross domestic product per capita, volume in USD, at constant purchasing power parities",BAU1,"Business-as-usual energy transition, median climate climate damage curve, no carbon mitigation costs",A,Annual,1995,,40364.52596,,,,USD_PPP_PS,"US dollars per person, PPP converted",0,Units,2,Two
DATAFLOW,OECD.ECO.MAD:DSD_EO_LTB@DF_EO_LTB(1.0),OECD Economic Outlook 117 long-term scenarios,I,SWE,Sweden,GDPVD_CAP,"Gross domestic product per capita, volume in USD, at constant purchasing power parities",BAU1,"Business-as-usual energy transition, median climate climate damage curve, no carbon mitigation costs",A,Annual,1996,,41000.05024,,,,USD_PPP_PS,"US dollars per person, PPP converted",0,Units,2,Two
DATAFLOW,OECD.ECO.MAD:DSD_EO_LTB@DF_EO_LTB(1.0),OECD Economic Outlook 117 long-term scenarios,I,SWE,Sweden,GDPVD_CAP,"Gross domestic product per capita, volume in USD, at constant purchasing power parities",BAU1,"Business-as-usual energy transition, median climate climate damage curve, no carbon mitigation costs",A,Annual,1997,,42318.48545,,,,USD_PPP_PS,"US dollars per person, PPP converted",0,Units,2,Two
DATAFLOW,OECD.ECO.MAD:DSD_EO_LTB@DF_EO_LTB(1.0),OECD Economic Outlook 117 long-term scenarios,I,SWE,Sweden,GDPVD_CAP,"Gross domestic product per capita, volume in USD, at constant purchasing power parities",BAU1,"Business-as-usual energy transition, median climate climate damage curve, no carbon mitigation costs",A,Annual,1998,,44055.33413,,,,USD_PPP_PS,"US dollars per person, PPP converted",0,Units,2,Two
DATAFLOW,OECD.ECO.MAD:DSD_EO_LTB@DF_EO_LTB(1.0),OECD Economic Outlook 117 long-term scenarios,I,SWE,Sweden,GDPVD_CAP,"Gross domestic product per capita, volume in USD, at constant purchasing power parities",BAU1,"Business-as-usual energy transition, median climate climate damage curve, no carbon mitigation costs",A,Annual,1999,,45770.56537,,,,USD_PPP_PS,"US dollars per person, PPP converted",0,Units,2,Two
DATAFLOW,OECD.ECO.MAD:DSD_EO_LTB@DF_EO_LTB(1.0),OECD Economic Outlook 117 long-term scenarios,I,SWE,Sweden,GDPVD_CAP,"Gross domestic product per capita, volume in USD, at constant purchasing power parities",BAU1,"Business-as-usual energy transition, median climate climate damage curve, no carbon mitigation costs",A,Annual,2000,,47898.33396,,,,USD_PPP_PS,"US dollars per person, PPP converted",0,Units,2,Two
DATAFLOW,OECD.ECO.MAD:DSD_EO_LTB@DF_EO_LTB(1.0),OECD Economic Outlook 117 long-term scenarios,I,SWE,Sweden,GDPVD_CAP,"Gross domestic product per capita, volume in USD, at constant purchasing power parities",BAU1,"Business-as-usual energy transition, median climate climate damage curve, no carbon mitigation costs",A,Annual,2001,,48492.42112,,,,USD_PPP_PS,"US dollars per person, PPP converted",0,Units,2,Two
DATAFLOW,OECD.ECO.MAD:DSD_EO_LTB@DF_EO_LTB(1.0),OECD Economic Outlook 117 long-term scenarios,I,SWE,Sweden,GDPVD_CAP,"Gross domestic product per capita, volume in USD, at constant purchasing power parities",BAU1,"Business-as-usual energy transition, median climate climate damage curve, no carbon mitigation costs",A,Annual,2002,,49418.55813,,,,USD_PPP_PS,"US dollars per person, PPP converted",0,Units,2,Two
DATAFLOW,OECD.ECO.MAD:DSD_EO_LTB@DF_EO_LTB(1.0),OECD Economic Outlook 117 long-term scenarios,I,SWE,Sweden,GDPVD_CAP,"Gross domestic product per capita, volume in USD, at constant purchasing power parities",BAU1,"Business-as-usual energy transition, median climate climate damage curve, no carbon mitigation costs",A,Annual,2003,,50225.33171,,,,USD_PPP_PS,"US dollars per person, PPP converted",0,Units,2,Two
DATAFLOW,OECD.ECO.MAD:DSD_EO_LTB@DF_EO_LTB(1.0),OECD Economic Outlook 117 long-term scenarios,I,SWE,Sweden,GDPVD_CAP,"Gross domestic product per capita, volume in USD, at constant purchasing power parities",BAU1,"Business-as-usual energy transition, median climate climate damage curve, no carbon mitigation costs",A,Annual,2004,,51847.64607,,,,USD_PPP_PS,"US dollars per person, PPP converted",0,Units,2,Two
DATAFLOW,OECD.ECO.MAD:DSD_EO_LTB@DF_EO_LTB(1.0),OECD Economic Outlook 117 long-term scenarios,I,SWE,Sweden,GDPVD_CAP,"Gross domestic product per capita, volume in USD, at constant purchasing power parities",BAU1,"Business-as-usual energy transition, median climate climate damage curve, no carbon mitigation costs",A,Annual,2005,,53097.60362,,,,USD_PPP_PS,"US dollars per person, PPP converted",0,Units,2,Two
DATAFLOW,OECD.ECO.MAD:DSD_EO_LTB@DF_EO_LTB(1.0),OECD Economic Outlook 117 long-term scenarios,I,SWE,Sweden,GDPVD_CAP,"Gross domestic product per capita, volume in USD, at constant purchasing power parities",BAU1,"Business-as-usual energy transition, median climate climate damage curve, no carbon mitigation costs",A,Annual,2006,,55358.53372,,,,USD_PPP_PS,"US dollars per person, PPP converted",0,Units,2,Two
DATAFLOW,OECD.ECO.MAD:DSD_EO_LTB@DF_EO_LTB(1.0),OECD Economic Outlook 117 long-term scenarios,I,SWE,Sweden,GDPVD_CAP,"Gross domestic product per capita, volume in USD, at constant purchasing power parities",BAU1,"Business-as-usual energy transition, median climate climate damage curve, no carbon mitigation costs",A,Annual,2007,,56834.72119,,,,USD_PPP_PS,"US dollars per person, PPP converted",0,Units,2,Two
DATAFLOW,OECD.ECO.MAD:DSD_EO_LTB@DF_EO_LTB(1.0),OECD Economic Outlook 117 long-term scenarios,I,SWE,Sweden,GDPVD_CAP,"Gross domestic product per capita, volume in USD, at constant purchasing power parities",BAU1,"Business-as-usual energy transition, median climate climate damage curve, no carbon mitigation costs",A,Annual,2008,,55787.20167,,,,USD_PPP_PS,"US dollars per person, PPP converted",0,Units,2,Two
DATAFLOW,OECD.ECO.MAD:DSD_EO_LTB@DF_EO_LTB(1.0),OECD Economic Outlook 117 long-term scenarios,I,SWE,Sweden,GDPVD_CAP,"Gross domestic product per capita, volume in USD, at constant purchasing power parities",BAU1,"Business-as-usual energy transition, median climate climate damage curve, no carbon mitigation costs",A,Annual,2009,,53007.45601,,,,USD_PPP_PS,"US dollars per person, PPP converted",0,Units,2,Two
DATAFLOW,OECD.ECO.MAD:DSD_EO_LTB@DF_EO_LTB(1.0),OECD Economic Outlook 117 long-term scenarios,I,SWE,Sweden,GDPVD_CAP,"Gross domestic product per capita, volume in USD, at constant purchasing power parities",BAU1,"Business-as-usual energy transition, median climate climate damage curve, no carbon mitigation costs",A,Annual,2010,,55414.31841,,,,USD_PPP_PS,"US dollars per person, PPP converted",0,Units,2,Two
DATAFLOW,OECD.ECO.MAD:DSD_EO_LTB@DF_EO_LTB(1.0),OECD Economic Outlook 117 long-term scenarios,I,SWE,Sweden,GDPVD_CAP,"Gross domestic product per capita, volume in USD, at constant purchasing power parities",BAU1,"Business-as-usual energy transition, median climate climate damage curve, no carbon mitigation costs",A,Annual,2011,,56763.74668,,,,USD_PPP_PS,"US dollars per person, PPP converted",0,Units,2,Two
DATAFLOW,OECD.ECO.MAD:DSD_EO_LTB@DF_EO_LTB(1.0),OECD Economic Outlook 117 long-term scenarios,I,SWE,Sweden,GDPVD_CAP,"Gross domestic product per capita, volume in USD, at constant purchasing power parities",BAU1,"Business-as-usual energy transition, median climate climate damage curve, no carbon mitigation costs",A,Annual,2012,,56309.9669,,,,USD_PPP_PS,"US dollars per person, PPP converted",0,Units,2,Two
DATAFLOW,OECD.ECO.MAD:DSD_EO_LTB@DF_EO_LTB(1.0),OECD Economic Outlook 117 long-term scenarios,I,SWE,Sweden,GDPVD_CAP,"Gross domestic product per capita, volume in USD, at constant purchasing power parities",BAU1,"Business-as-usual energy transition, median climate climate damage curve, no carbon mitigation costs",A,Annual,2013,,56453.47737,,,,USD_PPP_PS,"US dollars per person, PPP converted",0,Units,2,Two
DATAFLOW,OECD.ECO.MAD:DSD_EO_LTB@DF_EO_LTB(1.0),OECD Economic Outlook 117 long-term scenarios,I,SWE,Sweden,GDPVD_CAP,"Gross domestic product per capita, volume in USD, at constant purchasing power parities",BAU1,"Business-as-usual energy transition, median climate climate damage curve, no carbon mitigation costs",A,Annual,2014,,57239.9882,,,,USD_PPP_PS,"US dollars per person, PPP converted",0,Units,2,Two
DATAFLOW,OECD.ECO.MAD:DSD_EO_LTB@DF_EO_LTB(1.0),OECD Economic Outlook 117 long-term scenarios,I,SWE,Sweden,GDPVD_CAP,"Gross domestic product per capita, volume in USD, at constant purchasing power parities",BAU1,"Business-as-usual energy transition, median climate climate damage curve, no carbon mitigation costs",A,Annual,2015,,58970.26866,,,,USD_PPP_PS,"US dollars per person, PPP converted",0,Units,2,Two
DATAFLOW,OECD.ECO.MAD:DSD_EO_LTB@DF_EO_LTB(1.0),OECD Economic Outlook 117 long-term scenarios,I,SWE,Sweden,GDPVD_CAP,"Gross domestic product per capita, volume in USD, at constant purchasing power parities",BAU1,"Business-as-usual energy transition, median climate climate damage curve, no carbon mitigation costs",A,Annual,2016,,59514.36102,,,,USD_PPP_PS,"US dollars per person, PPP converted",0,Units,2,Two
DATAFLOW,OECD.ECO.MAD:DSD_EO_LTB@DF_EO_LTB(1.0),OECD Economic Outlook 117 long-term scenarios,I,SWE,Sweden,GDPVD_CAP,"Gross domestic product per capita, volume in USD, at constant purchasing power parities",BAU1,"Business-as-usual energy transition, median climate climate damage curve, no carbon mitigation costs",A,Annual,2017,,59889.46337,,,,USD_PPP_PS,"US dollars per person, PPP converted",0,Units,2,Two
DATAFLOW,OECD.ECO.MAD:DSD_EO_LTB@DF_EO_LTB(1.0),OECD Economic Outlook 117 long-term scenarios,I,SWE,Sweden,GDPVD_CAP,"Gross domestic product per capita, volume in USD, at constant purchasing power parities",BAU1,"Business-as-usual energy transition, median climate climate damage curve, no carbon mitigation costs",A,Annual,2018,,60385.47928,,,,USD_PPP_PS,"US dollars per person, PPP converted",0,Units,2,Two
DATAFLOW,OECD.ECO.MAD:DSD_EO_LTB@DF_EO_LTB(1.0),OECD Economic Outlook 117 long-term scenarios,I,SWE,Sweden,GDPVD_CAP,"Gross domestic product per capita, volume in USD, at constant purchasing power parities",BAU1,"Business-as-usual energy transition, median climate climate damage curve, no carbon mitigation costs",A,Annual,2019,,61278.30645,,,,USD_PPP_PS,"US dollars per person, PPP converted",0,Units,2,Two
DATAFLOW,OECD.ECO.MAD:DSD_EO_LTB@DF_EO_LTB(1.0),OECD Economic Outlook 117 long-term scenarios,I,SWE,Sweden,GDPVD_CAP,"Gross domestic product per capita, volume in USD, at constant purchasing power parities",BAU1,"Business-as-usual energy transition, median climate climate damage curve, no carbon mitigation costs",A,Annual,2020,,59531.9921,,,,USD_PPP_PS,"US dollars per person, PPP converted",0,Units,2,Two
DATAFLOW,OECD.ECO.MAD:DSD_EO_LTB@DF_EO_LTB(1.0),OECD Economic Outlook 117 long-term scenarios,I,SWE,Sweden,GDPVD_CAP,"Gross domestic product per capita, volume in USD, at constant purchasing power parities",BAU1,"Business-as-usual energy transition, median climate climate damage curve, no carbon mitigation costs",A,Annual,2021,,62572.14507,,,,USD_PPP_PS,"US dollars per person, PPP converted",0,Units,2,Two
DATAFLOW,OECD.ECO.MAD:DSD_EO_LTB@DF_EO_LTB(1.0),OECD Economic Outlook 117 long-term scenarios,I,SWE,Sweden,GDPVD_CAP,"Gross domestic product per capita, volume in USD, at constant purchasing power parities",BAU1,"Business-as-usual energy transition, median climate climate damage curve, no carbon mitigation costs",A,Annual,2022,,62877.1476,,,,USD_PPP_PS,"US dollars per person, PPP converted",0,Units,2,Two
DATAFLOW,OECD.ECO.MAD:DSD_EO_LTB@DF_EO_LTB(1.0),OECD Economic Outlook 117 long-term scenarios,I,SWE,Sweden,GDPVD_CAP,"Gross domestic product per capita, volume in USD, at constant purchasing power parities",BAU1,"Business-as-usual energy transition, median climate climate damage curve, no carbon mitigation costs",A,Annual,2023,,62521.5236,,,,USD_PPP_PS,"US dollars per person, PPP converted",0,Units,2,Two
DATAFLOW,OECD.ECO.MAD:DSD_EO_LTB@DF_EO_LTB(1.0),OECD Economic Outlook 117 long-term scenarios,I,SWE,Sweden,GDPVD_CAP,"Gross domestic product per capita, volume in USD, at constant purchasing power parities",BAU1,"Business-as-usual energy transition, median climate climate damage curve, no carbon mitigation costs",A,Annual,2024,,62611.68841,,,,USD_PPP_PS,"US dollars per person, PPP converted",0,Units,2,Two
DATAFLOW,OECD.ECO.MAD:DSD_EO_LTB@DF_EO_LTB(1.0),OECD Economic Outlook 117 long-term scenarios,I,SWE,Sweden,GDPVD_CAP,"Gross domestic product per capita, volume in USD, at constant purchasing power parities",BAU1,"Business-as-usual energy transition, median climate climate damage curve, no carbon mitigation costs",A,Annual,2025,,63330.042,,,,USD_PPP_PS,"US dollars per person, PPP converted",0,Units,2,Two
DATAFLOW,OECD.ECO.MAD:DSD_EO_LTB@DF_EO_LTB(1.0),OECD Economic Outlook 117 long-term scenarios,I,SWE,Sweden,GDPVD_CAP,"Gross domestic product per capita, volume in USD, at constant purchasing power parities",BAU1,"Business-as-usual energy transition, median climate climate damage curve, no carbon mitigation costs",A,Annual,2026,,64473.31334,,,,USD_PPP_PS,"US dollars per person, PPP converted",0,Units,2,Two
DATAFLOW,OECD.ECO.MAD:DSD_EO_LTB@DF_EO_LTB(1.0),OECD Economic Outlook 117 long-term scenarios,I,SWE,Sweden,GDPVD_CAP,"Gross domestic product per capita, volume in USD, at constant purchasing power parities",BAU1,"Business-as-usual energy transition, median climate climate damage curve, no carbon mitigation costs",A,Annual,2027,,65837.55,,,,USD_PPP_PS,"US dollars per person, PPP converted",0,Units,2,Two
DATAFLOW,OECD.ECO.MAD:DSD_EO_LTB@DF_EO_LTB(1.0),OECD Economic Outlook 117 long-term scenarios,I,SWE,Sweden,GDPVD_CAP,"Gross domestic product per capita, volume in USD, at constant purchasing power parities",BAU1,"Business-as-usual energy transition, median climate climate damage curve, no carbon mitigation costs",A,Annual,2028,,67021.84,,,,USD_PPP_PS,"US dollars per person, PPP converted",0,Units,2,Two
DATAFLOW,OECD.ECO.MAD:DSD_EO_LTB@DF_EO_LTB(1.0),OECD Economic Outlook 117 long-term scenarios,I,SWE,Sweden,GDPVD_CAP,"Gross domestic product per capita, volume in USD, at constant purchasing power parities",BAU1,"Business-as-usual energy transition, median climate climate damage curve, no carbon mitigation costs",A,Annual,2029,,68128.85,,,,USD_PPP_PS,"US dollars per person, PPP converted",0,Units,2,Two
DATAFLOW,OECD.ECO.MAD:DSD_EO_LTB@DF_EO_LTB(1.0),OECD Economic Outlook 117 long-term scenarios,I,SWE,Sweden,GDPVD_CAP,"Gross domestic product per capita, volume in USD, at constant purchasing power parities",BAU1,"Business-as-usual energy transition, median climate climate damage curve, no carbon mitigation costs",A,Annual,2030,,69209.69,,,,USD_PPP_PS,"US dollars per person, PPP converted",0,Units,2,Two
DATAFLOW,OECD.ECO.MAD:DSD_EO_LTB@DF_EO_LTB(1.0),OECD Economic Outlook 117 long-term scenarios,I,SWE,Sweden,GDPVD_CAP,"Gross domestic product per capita, volume in USD, at constant purchasing power parities",BAU1,"Business-as-usual energy transition, median climate climate damage curve, no carbon mitigation costs",A,Annual,2031,,70290.24,,,,USD_PPP_PS,"US dollars per person, PPP converted",0,Units,2,Two
DATAFLOW,OECD.ECO.MAD:DSD_EO_LTB@DF_EO_LTB(1.0),OECD Economic Outlook 117 long-term scenarios,I,SWE,Sweden,GDPVD_CAP,"Gross domestic product per capita, volume in USD, at constant purchasing power parities",BAU1,"Business-as-usual energy transition, median climate climate damage curve, no carbon mitigation costs",A,Annual,2032,,71396.74,,,,USD_PPP_PS,"US dollars per person, PPP converted",0,Units,2,Two
DATAFLOW,OECD.ECO.MAD:DSD_EO_LTB@DF_EO_LTB(1.0),OECD Economic Outlook 117 long-term scenarios,I,SWE,Sweden,GDPVD_CAP,"Gross domestic product per capita, volume in USD, at constant purchasing power parities",BAU1,"Business-as-usual energy transition, median climate climate damage curve, no carbon mitigation costs",A,Annual,2033,,72529.29,,,,USD_PPP_PS,"US dollars per person, PPP converted",0,Units,2,Two
DATAFLOW,OECD.ECO.MAD:DSD_EO_LTB@DF_EO_LTB(1.0),OECD Economic Outlook 117 long-term scenarios,I,SWE,Sweden,GDPVD_CAP,"Gross domestic product per capita, volume in USD, at constant purchasing power parities",BAU1,"Business-as-usual energy transition, median climate climate damage curve, no carbon mitigation costs",A,Annual,2034,,73714.25,,,,USD_PPP_PS,"US dollars per person, PPP converted",0,Units,2,Two
DATAFLOW,OECD.ECO.MAD:DSD_EO_LTB@DF_EO_LTB(1.0),OECD Economic Outlook 117 long-term scenarios,I,SWE,Sweden,GDPVD_CAP,"Gross domestic product per capita, volume in USD, at constant purchasing power parities",BAU1,"Business-as-usual energy transition, median climate climate damage curve, no carbon mitigation costs",A,Annual,2035,,74965.16,,,,USD_PPP_PS,"US dollars per person, PPP converted",0,Units,2,Two
DATAFLOW,OECD.ECO.MAD:DSD_EO_LTB@DF_EO_LTB(1.0),OECD Economic Outlook 117 long-term scenarios,I,SWE,Sweden,GDPVD_CAP,"Gross domestic product per capita, volume in USD, at constant purchasing power parities",BAU1,"Business-as-usual energy transition, median climate climate damage curve, no carbon mitigation costs",A,Annual,2036,,76272.65,,,,USD_PPP_PS,"US dollars per person, PPP converted",0,Units,2,Two
DATAFLOW,OECD.ECO.MAD:DSD_EO_LTB@DF_EO_LTB(1.0),OECD Economic Outlook 117 long-term scenarios,I,SWE,Sweden,GDPVD_CAP,"Gross domestic product per capita, volume in USD, at constant purchasing power parities",BAU1,"Business-as-usual energy transition, median climate climate damage curve, no carbon mitigation costs",A,Annual,2037,,77599.71,,,,USD_PPP_PS,"US dollars per person, PPP converted",0,Units,2,Two
DATAFLOW,OECD.ECO.MAD:DSD_EO_LTB@DF_EO_LTB(1.0),OECD Economic Outlook 117 long-term scenarios,I,SWE,Sweden,GDPVD_CAP,"Gross domestic product per capita, volume in USD, at constant purchasing power parities",BAU1,"Business-as-usual energy transition, median climate climate damage curve, no carbon mitigation costs",A,Annual,2038,,78922.59,,,,USD_PPP_PS,"US dollars per person, PPP converted",0,Units,2,Two
DATAFLOW,OECD.ECO.MAD:DSD_EO_LTB@DF_EO_LTB(1.0),OECD Economic Outlook 117 long-term scenarios,I,SWE,Sweden,GDPVD_CAP,"Gross domestic product per capita, volume in USD, at constant purchasing power parities",BAU1,"Business-as-usual energy transition, median climate climate damage curve, no carbon mitigation costs",A,Annual,2039,,80217.63,,,,USD_PPP_PS,"US dollars per person, PPP converted",0,Units,2,Two
DATAFLOW,OECD.ECO.MAD:DSD_EO_LTB@DF_EO_LTB(1.0),OECD Economic Outlook 117 long-term scenarios,I,SWE,Sweden,GDPVD_CAP,"Gross domestic product per capita, volume in USD, at constant purchasing power parities",BAU1,"Business-as-usual energy transition, median climate climate damage curve, no carbon mitigation costs",A,Annual,2040,,81496.18,,,,USD_PPP_PS,"US dollars per person, PPP converted",0,Units,2,Two
DATAFLOW,OECD.ECO.MAD:DSD_EO_LTB@DF_EO_LTB(1.0),OECD Economic Outlook 117 long-term scenarios,I,SWE,Sweden,GDPVD_CAP,"Gross domestic product per capita, volume in USD, at constant purchasing power parities",BAU1,"Business-as-usual energy transition, median climate climate damage curve, no carbon mitigation costs",A,Annual,2041,,82773.84,,,,USD_PPP_PS,"US dollars per person, PPP converted",0,Units,2,Two
DATAFLOW,OECD.ECO.MAD:DSD_EO_LTB@DF_EO_LTB(1.0),OECD Economic Outlook 117 long-term scenarios,I,SWE,Sweden,GDPVD_CAP,"Gross domestic product per capita, volume in USD, at constant purchasing power parities",BAU1,"Business-as-usual energy transition, median climate climate damage curve, no carbon mitigation costs",A,Annual,2042,,84072.63,,,,USD_PPP_PS,"US dollars per person, PPP converted",0,Units,2,Two
DATAFLOW,OECD.ECO.MAD:DSD_EO_LTB@DF_EO_LTB(1.0),OECD Economic Outlook 117 long-term scenarios,I,SWE,Sweden,GDPVD_CAP,"Gross domestic product per capita, volume in USD, at constant purchasing power parities",BAU1,"Business-as-usual energy transition, median climate climate damage curve, no carbon mitigation costs",A,Annual,2043,,85370.16,,,,USD_PPP_PS,"US dollars per person, PPP converted",0,Units,2,Two
DATAFLOW,OECD.ECO.MAD:DSD_EO_LTB@DF_EO_LTB(1.0),OECD Economic Outlook 117 long-term scenarios,I,SWE,Sweden,GDPVD_CAP,"Gross domestic product per capita, volume in USD, at constant purchasing power parities",BAU1,"Business-as-usual energy transition, median climate climate damage curve, no carbon mitigation costs",A,Annual,2044,,86681.86,,,,USD_PPP_PS,"US dollars per person, PPP converted",0,Units,2,Two
DATAFLOW,OECD.ECO.MAD:DSD_EO_LTB@DF_EO_LTB(1.0),OECD Economic Outlook 117 long-term scenarios,I,SWE,Sweden,GDPVD_CAP,"Gross domestic product per capita, volume in USD, at constant purchasing power parities",BAU1,"Business-as-usual energy transition, median climate climate damage curve, no carbon mitigation costs",A,Annual,2045,,87990.98,,,,USD_PPP_PS,"US dollars per person, PPP converted",0,Units,2,Two
DATAFLOW,OECD.ECO.MAD:DSD_EO_LTB@DF_EO_LTB(1.0),OECD Economic Outlook 117 long-term scenarios,I,SWE,Sweden,GDPVD_CAP,"Gross domestic product per capita, volume in USD, at constant purchasing power parities",BAU1,"Business-as-usual energy transition, median climate climate damage curve, no carbon mitigation costs",A,Annual,2046,,89279.59,,,,USD_PPP_PS,"US dollars per person, PPP converted",0,Units,2,Two
DATAFLOW,OECD.ECO.MAD:DSD_EO_LTB@DF_EO_LTB(1.0),OECD Economic Outlook 117 long-term scenarios,I,SWE,Sweden,GDPVD_CAP,"Gross domestic product per capita, volume in USD, at constant purchasing power parities",BAU1,"Business-as-usual energy transition, median climate climate damage curve, no carbon mitigation costs",A,Annual,2047,,90534.86,,,,USD_PPP_PS,"US dollars per person, PPP converted",0,Units,2,Two
DATAFLOW,OECD.ECO.MAD:DSD_EO_LTB@DF_EO_LTB(1.0),OECD Economic Outlook 117 long-term scenarios,I,SWE,Sweden,GDPVD_CAP,"Gross domestic product per capita, volume in USD, at constant purchasing power parities",BAU1,"Business-as-usual energy transition, median climate climate damage curve, no carbon mitigation costs",A,Annual,2048,,91759.6,,,,USD_PPP_PS,"US dollars per person, PPP converted",0,Units,2,Two
DATAFLOW,OECD.ECO.MAD:DSD_EO_LTB@DF_EO_LTB(1.0),OECD Economic Outlook 117 long-term scenarios,I,SWE,Sweden,GDPVD_CAP,"Gross domestic product per capita, volume in USD, at constant purchasing power parities",BAU1,"Business-as-usual energy transition, median climate climate damage curve, no carbon mitigation costs",A,Annual,2049,,92962.02,,,,USD_PPP_PS,"US dollars per person, PPP converted",0,Units,2,Two
DATAFLOW,OECD.ECO.MAD:DSD_EO_LTB@DF_EO_LTB(1.0),OECD Economic Outlook 117 long-term scenarios,I,SWE,Sweden,GDPVD_CAP,"Gross domestic product per capita, volume in USD, at constant purchasing power parities",BAU1,"Business-as-usual energy transition, median climate climate damage curve, no carbon mitigation costs",A,Annual,2050,,94148.38,,,,USD_PPP_PS,"US dollars per person, PPP converted",0,Units,2,Two
DATAFLOW,OECD.ECO.MAD:DSD_EO_LTB@DF_EO_LTB(1.0),OECD Economic Outlook 117 long-term scenarios,I,SWE,Sweden,GDPVD_CAP,"Gross domestic product per capita, volume in USD, at constant purchasing power parities",BAU1,"Business-as-usual energy transition, median climate climate damage curve, no carbon mitigation costs",A,Annual,2051,,95325.31,,,,USD_PPP_PS,"US dollars per person, PPP converted",0,Units,2,Two
DATAFLOW,OECD.ECO.MAD:DSD_EO_LTB@DF_EO_LTB(1.0),OECD Economic Outlook 117 long-term scenarios,I,SWE,Sweden,GDPVD_CAP,"Gross domestic product per capita, volume in USD, at constant purchasing power parities",BAU1,"Business-as-usual energy transition, median climate climate damage curve, no carbon mitigation costs",A,Annual,2052,,96515.73,,,,USD_PPP_PS,"US dollars per person, PPP converted",0,Units,2,Two
DATAFLOW,OECD.ECO.MAD:DSD_EO_LTB@DF_EO_LTB(1.0),OECD Economic Outlook 117 long-term scenarios,I,SWE,Sweden,GDPVD_CAP,"Gross domestic product per capita, volume in USD, at constant purchasing power parities",BAU1,"Business-as-usual energy transition, median climate climate damage curve, no carbon mitigation costs",A,Annual,2053,,97704.94,,,,USD_PPP_PS,"US dollars per person, PPP converted",0,Units,2,Two
DATAFLOW,OECD.ECO.MAD:DSD_EO_LTB@DF_EO_LTB(1.0),OECD Economic Outlook 117 long-term scenarios,I,SWE,Sweden,GDPVD_CAP,"Gross domestic product per capita, volume in USD, at constant purchasing power parities",BAU1,"Business-as-usual energy transition, median climate climate damage curve, no carbon mitigation costs",A,Annual,2054,,98897.48,,,,USD_PPP_PS,"US dollars per person, PPP converted",0,Units,2,Two
DATAFLOW,OECD.ECO.MAD:DSD_EO_LTB@DF_EO_LTB(1.0),OECD Economic Outlook 117 long-term scenarios,I,SWE,Sweden,GDPVD_CAP,"Gross domestic product per capita, volume in USD, at constant purchasing power parities",BAU1,"Business-as-usual energy transition, median climate climate damage curve, no carbon mitigation costs",A,Annual,2055,,100097,,,,USD_PPP_PS,"US dollars per person, PPP converted",0,Units,2,Two
DATAFLOW,OECD.ECO.MAD:DSD_EO_LTB@DF_EO_LTB(1.0),OECD Economic Outlook 117 long-term scenarios,I,SWE,Sweden,GDPVD_CAP,"Gross domestic product per capita, volume in USD, at constant purchasing power parities",BAU1,"Business-as-usual energy transition, median climate climate damage curve, no carbon mitigation costs",A,Annual,2056,,101307.8,,,,USD_PPP_PS,"US dollars per person, PPP converted",0,Units,2,Two
DATAFLOW,OECD.ECO.MAD:DSD_EO_LTB@DF_EO_LTB(1.0),OECD Economic Outlook 117 long-term scenarios,I,SWE,Sweden,GDPVD_CAP,"Gross domestic product per capita, volume in USD, at constant purchasing power parities",BAU1,"Business-as-usual energy transition, median climate climate damage curve, no carbon mitigation costs",A,Annual,2057,,102577.6,,,,USD_PPP_PS,"US dollars per person, PPP converted",0,Units,2,Two
DATAFLOW,OECD.ECO.MAD:DSD_EO_LTB@DF_EO_LTB(1.0),OECD Economic Outlook 117 long-term scenarios,I,SWE,Sweden,GDPVD_CAP,"Gross domestic product per capita, volume in USD, at constant purchasing power parities",BAU1,"Business-as-usual energy transition, median climate climate damage curve, no carbon mitigation costs",A,Annual,2058,,103909.2,,,,USD_PPP_PS,"US dollars per person, PPP converted",0,Units,2,Two
DATAFLOW,OECD.ECO.MAD:DSD_EO_LTB@DF_EO_LTB(1.0),OECD Economic Outlook 117 long-term scenarios,I,SWE,Sweden,GDPVD_CAP,"Gross domestic product per capita, volume in USD, at constant purchasing power parities",BAU1,"Business-as-usual energy transition, median climate climate damage curve, no carbon mitigation costs",A,Annual,2059,,105327.1,,,,USD_PPP_PS,"US dollars per person, PPP converted",0,Units,2,Two
DATAFLOW,OECD.ECO.MAD:DSD_EO_LTB@DF_EO_LTB(1.0),OECD Economic Outlook 117 long-term scenarios,I,SWE,Sweden,GDPVD_CAP,"Gross domestic product per capita, volume in USD, at constant purchasing power parities",BAU1,"Business-as-usual energy transition, median climate climate damage curve, no carbon mitigation costs",A,Annual,2060,,106829.7,,,,USD_PPP_PS,"US dollars per person, PPP converted",0,Units,2,Two
DATAFLOW,OECD.ECO.MAD:DSD_EO_LTB@DF_EO_LTB(1.0),OECD Economic Outlook 117 long-term scenarios,I,ESP,Spain,GDPVD_CAP,"Gross domestic product per capita, volume in USD, at constant purchasing power parities",BAU1,"Business-as-usual energy transition, median climate climate damage curve, no carbon mitigation costs",A,Annual,1990,,31382.34495,,,,USD_PPP_PS,"US dollars per person, PPP converted",0,Units,2,Two
DATAFLOW,OECD.ECO.MAD:DSD_EO_LTB@DF_EO_LTB(1.0),OECD Economic Outlook 117 long-term scenarios,I,ESP,Spain,GDPVD_CAP,"Gross domestic product per capita, volume in USD, at constant purchasing power parities",BAU1,"Business-as-usual energy transition, median climate climate damage curve, no carbon mitigation costs",A,Annual,1991,,32123.42984,,,,USD_PPP_PS,"US dollars per person, PPP converted",0,Units,2,Two
DATAFLOW,OECD.ECO.MAD:DSD_EO_LTB@DF_EO_LTB(1.0),OECD Economic Outlook 117 long-term scenarios,I,ESP,Spain,GDPVD_CAP,"Gross domestic product per capita, volume in USD, at constant purchasing power parities",BAU1,"Business-as-usual energy transition, median climate climate damage curve, no carbon mitigation costs",A,Annual,1992,,32346.76085,,,,USD_PPP_PS,"US dollars per person, PPP converted",0,Units,2,Two
DATAFLOW,OECD.ECO.MAD:DSD_EO_LTB@DF_EO_LTB(1.0),OECD Economic Outlook 117 long-term scenarios,I,ESP,Spain,GDPVD_CAP,"Gross domestic product per capita, volume in USD, at constant purchasing power parities",BAU1,"Business-as-usual energy transition, median climate climate damage curve, no carbon mitigation costs",A,Annual,1993,,31943.26134,,,,USD_PPP_PS,"US dollars per person, PPP converted",0,Units,2,Two
DATAFLOW,OECD.ECO.MAD:DSD_EO_LTB@DF_EO_LTB(1.0),OECD Economic Outlook 117 long-term scenarios,I,ESP,Spain,GDPVD_CAP,"Gross domestic product per capita, volume in USD, at constant purchasing power parities",BAU1,"Business-as-usual energy transition, median climate climate damage curve, no carbon mitigation costs",A,Annual,1994,,32645.68861,,,,USD_PPP_PS,"US dollars per person, PPP converted",0,Units,2,Two
DATAFLOW,OECD.ECO.MAD:DSD_EO_LTB@DF_EO_LTB(1.0),OECD Economic Outlook 117 long-term scenarios,I,ESP,Spain,GDPVD_CAP,"Gross domestic product per capita, volume in USD, at constant purchasing power parities",BAU1,"Business-as-usual energy transition, median climate climate damage curve, no carbon mitigation costs",A,Annual,1995,,33497.63412,,,,USD_PPP_PS,"US dollars per person, PPP converted",0,Units,2,Two
DATAFLOW,OECD.ECO.MAD:DSD_EO_LTB@DF_EO_LTB(1.0),OECD Economic Outlook 117 long-term scenarios,I,ESP,Spain,GDPVD_CAP,"Gross domestic product per capita, volume in USD, at constant purchasing power parities",BAU1,"Business-as-usual energy transition, median climate climate damage curve, no carbon mitigation costs",A,Annual,1996,,34228.51692,,,,USD_PPP_PS,"US dollars per person, PPP converted",0,Units,2,Two
DATAFLOW,OECD.ECO.MAD:DSD_EO_LTB@DF_EO_LTB(1.0),OECD Economic Outlook 117 long-term scenarios,I,ESP,Spain,GDPVD_CAP,"Gross domestic product per capita, volume in USD, at constant purchasing power parities",BAU1,"Business-as-usual energy transition, median climate climate damage curve, no carbon mitigation costs",A,Annual,1997,,35309.72184,,,,USD_PPP_PS,"US dollars per person, PPP converted",0,Units,2,Two
DATAFLOW,OECD.ECO.MAD:DSD_EO_LTB@DF_EO_LTB(1.0),OECD Economic Outlook 117 long-term scenarios,I,ESP,Spain,GDPVD_CAP,"Gross domestic product per capita, volume in USD, at constant purchasing power parities",BAU1,"Business-as-usual energy transition, median climate climate damage curve, no carbon mitigation costs",A,Annual,1998,,36678.45982,,,,USD_PPP_PS,"US dollars per person, PPP converted",0,Units,2,Two
DATAFLOW,OECD.ECO.MAD:DSD_EO_LTB@DF_EO_LTB(1.0),OECD Economic Outlook 117 long-term scenarios,I,ESP,Spain,GDPVD_CAP,"Gross domestic product per capita, volume in USD, at constant purchasing power parities",BAU1,"Business-as-usual energy transition, median climate climate damage curve, no carbon mitigation costs",A,Annual,1999,,38147.9572,,,,USD_PPP_PS,"US dollars per person, PPP converted",0,Units,2,Two
DATAFLOW,OECD.ECO.MAD:DSD_EO_LTB@DF_EO_LTB(1.0),OECD Economic Outlook 117 long-term scenarios,I,ESP,Spain,GDPVD_CAP,"Gross domestic product per capita, volume in USD, at constant purchasing power parities",BAU1,"Business-as-usual energy transition, median climate climate damage curve, no carbon mitigation costs",A,Annual,2000,,39949.05703,,,,USD_PPP_PS,"US dollars per person, PPP converted",0,Units,2,Two
DATAFLOW,OECD.ECO.MAD:DSD_EO_LTB@DF_EO_LTB(1.0),OECD Economic Outlook 117 long-term scenarios,I,ESP,Spain,GDPVD_CAP,"Gross domestic product per capita, volume in USD, at constant purchasing power parities",BAU1,"Business-as-usual energy transition, median climate climate damage curve, no carbon mitigation costs",A,Annual,2001,,41299.23414,,,,USD_PPP_PS,"US dollars per person, PPP converted",0,Units,2,Two
DATAFLOW,OECD.ECO.MAD:DSD_EO_LTB@DF_EO_LTB(1.0),OECD Economic Outlook 117 long-term scenarios,I,ESP,Spain,GDPVD_CAP,"Gross domestic product per capita, volume in USD, at constant purchasing power parities",BAU1,"Business-as-usual energy transition, median climate climate damage curve, no carbon mitigation costs",A,Annual,2002,,41763.65494,,,,USD_PPP_PS,"US dollars per person, PPP converted",0,Units,2,Two
DATAFLOW,OECD.ECO.MAD:DSD_EO_LTB@DF_EO_LTB(1.0),OECD Economic Outlook 117 long-term scenarios,I,ESP,Spain,GDPVD_CAP,"Gross domestic product per capita, volume in USD, at constant purchasing power parities",BAU1,"Business-as-usual energy transition, median climate climate damage curve, no carbon mitigation costs",A,Annual,2003,,42203.93959,,,,USD_PPP_PS,"US dollars per person, PPP converted",0,Units,2,Two
DATAFLOW,OECD.ECO.MAD:DSD_EO_LTB@DF_EO_LTB(1.0),OECD Economic Outlook 117 long-term scenarios,I,ESP,Spain,GDPVD_CAP,"Gross domestic product per capita, volume in USD, at constant purchasing power parities",BAU1,"Business-as-usual energy transition, median climate climate damage curve, no carbon mitigation costs",A,Annual,2004,,42845.21487,,,,USD_PPP_PS,"US dollars per person, PPP converted",0,Units,2,Two
DATAFLOW,OECD.ECO.MAD:DSD_EO_LTB@DF_EO_LTB(1.0),OECD Economic Outlook 117 long-term scenarios,I,ESP,Spain,GDPVD_CAP,"Gross domestic product per capita, volume in USD, at constant purchasing power parities",BAU1,"Business-as-usual energy transition, median climate climate damage curve, no carbon mitigation costs",A,Annual,2005,,43550.30738,,,,USD_PPP_PS,"US dollars per person, PPP converted",0,Units,2,Two
DATAFLOW,OECD.ECO.MAD:DSD_EO_LTB@DF_EO_LTB(1.0),OECD Economic Outlook 117 long-term scenarios,I,ESP,Spain,GDPVD_CAP,"Gross domestic product per capita, volume in USD, at constant purchasing power parities",BAU1,"Business-as-usual energy transition, median climate climate damage curve, no carbon mitigation costs",A,Annual,2006,,44598.45071,,,,USD_PPP_PS,"US dollars per person, PPP converted",0,Units,2,Two
DATAFLOW,OECD.ECO.MAD:DSD_EO_LTB@DF_EO_LTB(1.0),OECD Economic Outlook 117 long-term scenarios,I,ESP,Spain,GDPVD_CAP,"Gross domestic product per capita, volume in USD, at constant purchasing power parities",BAU1,"Business-as-usual energy transition, median climate climate damage curve, no carbon mitigation costs",A,Annual,2007,,45280.65395,,,,USD_PPP_PS,"US dollars per person, PPP converted",0,Units,2,Two
DATAFLOW,OECD.ECO.MAD:DSD_EO_LTB@DF_EO_LTB(1.0),OECD Economic Outlook 117 long-term scenarios,I,ESP,Spain,GDPVD_CAP,"Gross domestic product per capita, volume in USD, at constant purchasing power parities",BAU1,"Business-as-usual energy transition, median climate climate damage curve, no carbon mitigation costs",A,Annual,2008,,44886.63713,,,,USD_PPP_PS,"US dollars per person, PPP converted",0,Units,2,Two
DATAFLOW,OECD.ECO.MAD:DSD_EO_LTB@DF_EO_LTB(1.0),OECD Economic Outlook 117 long-term scenarios,I,ESP,Spain,GDPVD_CAP,"Gross domestic product per capita, volume in USD, at constant purchasing power parities",BAU1,"Business-as-usual energy transition, median climate climate damage curve, no carbon mitigation costs",A,Annual,2009,,42837.16588,,,,USD_PPP_PS,"US dollars per person, PPP converted",0,Units,2,Two
DATAFLOW,OECD.ECO.MAD:DSD_EO_LTB@DF_EO_LTB(1.0),OECD Economic Outlook 117 long-term scenarios,I,ESP,Spain,GDPVD_CAP,"Gross domestic product per capita, volume in USD, at constant purchasing power parities",BAU1,"Business-as-usual energy transition, median climate climate damage curve, no carbon mitigation costs",A,Annual,2010,,42697.97938,,,,USD_PPP_PS,"US dollars per person, PPP converted",0,Units,2,Two
DATAFLOW,OECD.ECO.MAD:DSD_EO_LTB@DF_EO_LTB(1.0),OECD Economic Outlook 117 long-term scenarios,I,ESP,Spain,GDPVD_CAP,"Gross domestic product per capita, volume in USD, at constant purchasing power parities",BAU1,"Business-as-usual energy transition, median climate climate damage curve, no carbon mitigation costs",A,Annual,2011,,42267.00319,,,,USD_PPP_PS,"US dollars per person, PPP converted",0,Units,2,Two
DATAFLOW,OECD.ECO.MAD:DSD_EO_LTB@DF_EO_LTB(1.0),OECD Economic Outlook 117 long-term scenarios,I,ESP,Spain,GDPVD_CAP,"Gross domestic product per capita, volume in USD, at constant purchasing power parities",BAU1,"Business-as-usual energy transition, median climate climate damage curve, no carbon mitigation costs",A,Annual,2012,,41044.54829,,,,USD_PPP_PS,"US dollars per person, PPP converted",0,Units,2,Two
DATAFLOW,OECD.ECO.MAD:DSD_EO_LTB@DF_EO_LTB(1.0),OECD Economic Outlook 117 long-term scenarios,I,ESP,Spain,GDPVD_CAP,"Gross domestic product per capita, volume in USD, at constant purchasing power parities",BAU1,"Business-as-usual energy transition, median climate climate damage curve, no carbon mitigation costs",A,Annual,2013,,40604.78463,,,,USD_PPP_PS,"US dollars per person, PPP converted",0,Units,2,Two
DATAFLOW,OECD.ECO.MAD:DSD_EO_LTB@DF_EO_LTB(1.0),OECD Economic Outlook 117 long-term scenarios,I,ESP,Spain,GDPVD_CAP,"Gross domestic product per capita, volume in USD, at constant purchasing power parities",BAU1,"Business-as-usual energy transition, median climate climate damage curve, no carbon mitigation costs",A,Annual,2014,,41353.6313,,,,USD_PPP_PS,"US dollars per person, PPP converted",0,Units,2,Two
DATAFLOW,OECD.ECO.MAD:DSD_EO_LTB@DF_EO_LTB(1.0),OECD Economic Outlook 117 long-term scenarios,I,ESP,Spain,GDPVD_CAP,"Gross domestic product per capita, volume in USD, at constant purchasing power parities",BAU1,"Business-as-usual energy transition, median climate climate damage curve, no carbon mitigation costs",A,Annual,2015,,43078.1015,,,,USD_PPP_PS,"US dollars per person, PPP converted",0,Units,2,Two
DATAFLOW,OECD.ECO.MAD:DSD_EO_LTB@DF_EO_LTB(1.0),OECD Economic Outlook 117 long-term scenarios,I,ESP,Spain,GDPVD_CAP,"Gross domestic product per capita, volume in USD, at constant purchasing power parities",BAU1,"Business-as-usual energy transition, median climate climate damage curve, no carbon mitigation costs",A,Annual,2016,,44293.06294,,,,USD_PPP_PS,"US dollars per person, PPP converted",0,Units,2,Two
DATAFLOW,OECD.ECO.MAD:DSD_EO_LTB@DF_EO_LTB(1.0),OECD Economic Outlook 117 long-term scenarios,I,ESP,Spain,GDPVD_CAP,"Gross domestic product per capita, volume in USD, at constant purchasing power parities",BAU1,"Business-as-usual energy transition, median climate climate damage curve, no carbon mitigation costs",A,Annual,2017,,45494.16141,,,,USD_PPP_PS,"US dollars per person, PPP converted",0,Units,2,Two
DATAFLOW,OECD.ECO.MAD:DSD_EO_LTB@DF_EO_LTB(1.0),OECD Economic Outlook 117 long-term scenarios,I,ESP,Spain,GDPVD_CAP,"Gross domestic product per capita, volume in USD, at constant purchasing power parities",BAU1,"Business-as-usual energy transition, median climate climate damage curve, no carbon mitigation costs",A,Annual,2018,,46379.58828,,,,USD_PPP_PS,"US dollars per person, PPP converted",0,Units,2,Two
DATAFLOW,OECD.ECO.MAD:DSD_EO_LTB@DF_EO_LTB(1.0),OECD Economic Outlook 117 long-term scenarios,I,ESP,Spain,GDPVD_CAP,"Gross domestic product per capita, volume in USD, at constant purchasing power parities",BAU1,"Business-as-usual energy transition, median climate climate damage curve, no carbon mitigation costs",A,Annual,2019,,46915.22405,,,,USD_PPP_PS,"US dollars per person, PPP converted",0,Units,2,Two
DATAFLOW,OECD.ECO.MAD:DSD_EO_LTB@DF_EO_LTB(1.0),OECD Economic Outlook 117 long-term scenarios,I,ESP,Spain,GDPVD_CAP,"Gross domestic product per capita, volume in USD, at constant purchasing power parities",BAU1,"Business-as-usual energy transition, median climate climate damage curve, no carbon mitigation costs",A,Annual,2020,,41555.7603,,,,USD_PPP_PS,"US dollars per person, PPP converted",0,Units,2,Two
DATAFLOW,OECD.ECO.MAD:DSD_EO_LTB@DF_EO_LTB(1.0),OECD Economic Outlook 117 long-term scenarios,I,ESP,Spain,GDPVD_CAP,"Gross domestic product per capita, volume in USD, at constant purchasing power parities",BAU1,"Business-as-usual energy transition, median climate climate damage curve, no carbon mitigation costs",A,Annual,2021,,44331.13397,,,,USD_PPP_PS,"US dollars per person, PPP converted",0,Units,2,Two
DATAFLOW,OECD.ECO.MAD:DSD_EO_LTB@DF_EO_LTB(1.0),OECD Economic Outlook 117 long-term scenarios,I,ESP,Spain,GDPVD_CAP,"Gross domestic product per capita, volume in USD, at constant purchasing power parities",BAU1,"Business-as-usual energy transition, median climate climate damage curve, no carbon mitigation costs",A,Annual,2022,,46642.40316,,,,USD_PPP_PS,"US dollars per person, PPP converted",0,Units,2,Two
DATAFLOW,OECD.ECO.MAD:DSD_EO_LTB@DF_EO_LTB(1.0),OECD Economic Outlook 117 long-term scenarios,I,ESP,Spain,GDPVD_CAP,"Gross domestic product per capita, volume in USD, at constant purchasing power parities",BAU1,"Business-as-usual energy transition, median climate climate damage curve, no carbon mitigation costs",A,Annual,2023,,47295.36032,,,,USD_PPP_PS,"US dollars per person, PPP converted",0,Units,2,Two
DATAFLOW,OECD.ECO.MAD:DSD_EO_LTB@DF_EO_LTB(1.0),OECD Economic Outlook 117 long-term scenarios,I,ESP,Spain,GDPVD_CAP,"Gross domestic product per capita, volume in USD, at constant purchasing power parities",BAU1,"Business-as-usual energy transition, median climate climate damage curve, no carbon mitigation costs",A,Annual,2024,,48336.54351,,,,USD_PPP_PS,"US dollars per person, PPP converted",0,Units,2,Two
DATAFLOW,OECD.ECO.MAD:DSD_EO_LTB@DF_EO_LTB(1.0),OECD Economic Outlook 117 long-term scenarios,I,ESP,Spain,GDPVD_CAP,"Gross domestic product per capita, volume in USD, at constant purchasing power parities",BAU1,"Business-as-usual energy transition, median climate climate damage curve, no carbon mitigation costs",A,Annual,2025,,49206.70747,,,,USD_PPP_PS,"US dollars per person, PPP converted",0,Units,2,Two
DATAFLOW,OECD.ECO.MAD:DSD_EO_LTB@DF_EO_LTB(1.0),OECD Economic Outlook 117 long-term scenarios,I,ESP,Spain,GDPVD_CAP,"Gross domestic product per capita, volume in USD, at constant purchasing power parities",BAU1,"Business-as-usual energy transition, median climate climate damage curve, no carbon mitigation costs",A,Annual,2026,,49988.74246,,,,USD_PPP_PS,"US dollars per person, PPP converted",0,Units,2,Two
DATAFLOW,OECD.ECO.MAD:DSD_EO_LTB@DF_EO_LTB(1.0),OECD Economic Outlook 117 long-term scenarios,I,ESP,Spain,GDPVD_CAP,"Gross domestic product per capita, volume in USD, at constant purchasing power parities",BAU1,"Business-as-usual energy transition, median climate climate damage curve, no carbon mitigation costs",A,Annual,2027,,50664.05,,,,USD_PPP_PS,"US dollars per person, PPP converted",0,Units,2,Two
DATAFLOW,OECD.ECO.MAD:DSD_EO_LTB@DF_EO_LTB(1.0),OECD Economic Outlook 117 long-term scenarios,I,ESP,Spain,GDPVD_CAP,"Gross domestic product per capita, volume in USD, at constant purchasing power parities",BAU1,"Business-as-usual energy transition, median climate climate damage curve, no carbon mitigation costs",A,Annual,2028,,51422.71,,,,USD_PPP_PS,"US dollars per person, PPP converted",0,Units,2,Two
DATAFLOW,OECD.ECO.MAD:DSD_EO_LTB@DF_EO_LTB(1.0),OECD Economic Outlook 117 long-term scenarios,I,ESP,Spain,GDPVD_CAP,"Gross domestic product per capita, volume in USD, at constant purchasing power parities",BAU1,"Business-as-usual energy transition, median climate climate damage curve, no carbon mitigation costs",A,Annual,2029,,52172.77,,,,USD_PPP_PS,"US dollars per person, PPP converted",0,Units,2,Two
DATAFLOW,OECD.ECO.MAD:DSD_EO_LTB@DF_EO_LTB(1.0),OECD Economic Outlook 117 long-term scenarios,I,ESP,Spain,GDPVD_CAP,"Gross domestic product per capita, volume in USD, at constant purchasing power parities",BAU1,"Business-as-usual energy transition, median climate climate damage curve, no carbon mitigation costs",A,Annual,2030,,52941.79,,,,USD_PPP_PS,"US dollars per person, PPP converted",0,Units,2,Two
DATAFLOW,OECD.ECO.MAD:DSD_EO_LTB@DF_EO_LTB(1.0),OECD Economic Outlook 117 long-term scenarios,I,ESP,Spain,GDPVD_CAP,"Gross domestic product per capita, volume in USD, at constant purchasing power parities",BAU1,"Business-as-usual energy transition, median climate climate damage curve, no carbon mitigation costs",A,Annual,2031,,53732.06,,,,USD_PPP_PS,"US dollars per person, PPP converted",0,Units,2,Two
DATAFLOW,OECD.ECO.MAD:DSD_EO_LTB@DF_EO_LTB(1.0),OECD Economic Outlook 117 long-term scenarios,I,ESP,Spain,GDPVD_CAP,"Gross domestic product per capita, volume in USD, at constant purchasing power parities",BAU1,"Business-as-usual energy transition, median climate climate damage curve, no carbon mitigation costs",A,Annual,2032,,54520.25,,,,USD_PPP_PS,"US dollars per person, PPP converted",0,Units,2,Two
DATAFLOW,OECD.ECO.MAD:DSD_EO_LTB@DF_EO_LTB(1.0),OECD Economic Outlook 117 long-term scenarios,I,ESP,Spain,GDPVD_CAP,"Gross domestic product per capita, volume in USD, at constant purchasing power parities",BAU1,"Business-as-usual energy transition, median climate climate damage curve, no carbon mitigation costs",A,Annual,2033,,55276.94,,,,USD_PPP_PS,"US dollars per person, PPP converted",0,Units,2,Two
DATAFLOW,OECD.ECO.MAD:DSD_EO_LTB@DF_EO_LTB(1.0),OECD Economic Outlook 117 long-term scenarios,I,ESP,Spain,GDPVD_CAP,"Gross domestic product per capita, volume in USD, at constant purchasing power parities",BAU1,"Business-as-usual energy transition, median climate climate damage curve, no carbon mitigation costs",A,Annual,2034,,56000.03,,,,USD_PPP_PS,"US dollars per person, PPP converted",0,Units,2,Two
DATAFLOW,OECD.ECO.MAD:DSD_EO_LTB@DF_EO_LTB(1.0),OECD Economic Outlook 117 long-term scenarios,I,ESP,Spain,GDPVD_CAP,"Gross domestic product per capita, volume in USD, at constant purchasing power parities",BAU1,"Business-as-usual energy transition, median climate climate damage curve, no carbon mitigation costs",A,Annual,2035,,56694.29,,,,USD_PPP_PS,"US dollars per person, PPP converted",0,Units,2,Two
DATAFLOW,OECD.ECO.MAD:DSD_EO_LTB@DF_EO_LTB(1.0),OECD Economic Outlook 117 long-term scenarios,I,ESP,Spain,GDPVD_CAP,"Gross domestic product per capita, volume in USD, at constant purchasing power parities",BAU1,"Business-as-usual energy transition, median climate climate damage curve, no carbon mitigation costs",A,Annual,2036,,57364.91,,,,USD_PPP_PS,"US dollars per person, PPP converted",0,Units,2,Two
DATAFLOW,OECD.ECO.MAD:DSD_EO_LTB@DF_EO_LTB(1.0),OECD Economic Outlook 117 long-term scenarios,I,ESP,Spain,GDPVD_CAP,"Gross domestic product per capita, volume in USD, at constant purchasing power parities",BAU1,"Business-as-usual energy transition, median climate climate damage curve, no carbon mitigation costs",A,Annual,2037,,58012.8,,,,USD_PPP_PS,"US dollars per person, PPP converted",0,Units,2,Two
DATAFLOW,OECD.ECO.MAD:DSD_EO_LTB@DF_EO_LTB(1.0),OECD Economic Outlook 117 long-term scenarios,I,ESP,Spain,GDPVD_CAP,"Gross domestic product per capita, volume in USD, at constant purchasing power parities",BAU1,"Business-as-usual energy transition, median climate climate damage curve, no carbon mitigation costs",A,Annual,2038,,58627.97,,,,USD_PPP_PS,"US dollars per person, PPP converted",0,Units,2,Two
DATAFLOW,OECD.ECO.MAD:DSD_EO_LTB@DF_EO_LTB(1.0),OECD Economic Outlook 117 long-term scenarios,I,ESP,Spain,GDPVD_CAP,"Gross domestic product per capita, volume in USD, at constant purchasing power parities",BAU1,"Business-as-usual energy transition, median climate climate damage curve, no carbon mitigation costs",A,Annual,2039,,59199.88,,,,USD_PPP_PS,"US dollars per person, PPP converted",0,Units,2,Two
DATAFLOW,OECD.ECO.MAD:DSD_EO_LTB@DF_EO_LTB(1.0),OECD Economic Outlook 117 long-term scenarios,I,ESP,Spain,GDPVD_CAP,"Gross domestic product per capita, volume in USD, at constant purchasing power parities",BAU1,"Business-as-usual energy transition, median climate climate damage curve, no carbon mitigation costs",A,Annual,2040,,59734.61,,,,USD_PPP_PS,"US dollars per person, PPP converted",0,Units,2,Two
DATAFLOW,OECD.ECO.MAD:DSD_EO_LTB@DF_EO_LTB(1.0),OECD Economic Outlook 117 long-term scenarios,I,ESP,Spain,GDPVD_CAP,"Gross domestic product per capita, volume in USD, at constant purchasing power parities",BAU1,"Business-as-usual energy transition, median climate climate damage curve, no carbon mitigation costs",A,Annual,2041,,60243.56,,,,USD_PPP_PS,"US dollars per person, PPP converted",0,Units,2,Two
DATAFLOW,OECD.ECO.MAD:DSD_EO_LTB@DF_EO_LTB(1.0),OECD Economic Outlook 117 long-term scenarios,I,ESP,Spain,GDPVD_CAP,"Gross domestic product per capita, volume in USD, at constant purchasing power parities",BAU1,"Business-as-usual energy transition, median climate climate damage curve, no carbon mitigation costs",A,Annual,2042,,60736.38,,,,USD_PPP_PS,"US dollars per person, PPP converted",0,Units,2,Two
DATAFLOW,OECD.ECO.MAD:DSD_EO_LTB@DF_EO_LTB(1.0),OECD Economic Outlook 117 long-term scenarios,I,ESP,Spain,GDPVD_CAP,"Gross domestic product per capita, volume in USD, at constant purchasing power parities",BAU1,"Business-as-usual energy transition, median climate climate damage curve, no carbon mitigation costs",A,Annual,2043,,61234.36,,,,USD_PPP_PS,"US dollars per person, PPP converted",0,Units,2,Two
DATAFLOW,OECD.ECO.MAD:DSD_EO_LTB@DF_EO_LTB(1.0),OECD Economic Outlook 117 long-term scenarios,I,ESP,Spain,GDPVD_CAP,"Gross domestic product per capita, volume in USD, at constant purchasing power parities",BAU1,"Business-as-usual energy transition, median climate climate damage curve, no carbon mitigation costs",A,Annual,2044,,61739.21,,,,USD_PPP_PS,"US dollars per person, PPP converted",0,Units,2,Two
DATAFLOW,OECD.ECO.MAD:DSD_EO_LTB@DF_EO_LTB(1.0),OECD Economic Outlook 117 long-term scenarios,I,ESP,Spain,GDPVD_CAP,"Gross domestic product per capita, volume in USD, at constant purchasing power parities",BAU1,"Business-as-usual energy transition, median climate climate damage curve, no carbon mitigation costs",A,Annual,2045,,62277.05,,,,USD_PPP_PS,"US dollars per person, PPP converted",0,Units,2,Two
DATAFLOW,OECD.ECO.MAD:DSD_EO_LTB@DF_EO_LTB(1.0),OECD Economic Outlook 117 long-term scenarios,I,ESP,Spain,GDPVD_CAP,"Gross domestic product per capita, volume in USD, at constant purchasing power parities",BAU1,"Business-as-usual energy transition, median climate climate damage curve, no carbon mitigation costs",A,Annual,2046,,62854.09,,,,USD_PPP_PS,"US dollars per person, PPP converted",0,Units,2,Two
DATAFLOW,OECD.ECO.MAD:DSD_EO_LTB@DF_EO_LTB(1.0),OECD Economic Outlook 117 long-term scenarios,I,ESP,Spain,GDPVD_CAP,"Gross domestic product per capita, volume in USD, at constant purchasing power parities",BAU1,"Business-as-usual energy transition, median climate climate damage curve, no carbon mitigation costs",A,Annual,2047,,63473.69,,,,USD_PPP_PS,"US dollars per person, PPP converted",0,Units,2,Two
DATAFLOW,OECD.ECO.MAD:DSD_EO_LTB@DF_EO_LTB(1.0),OECD Economic Outlook 117 long-term scenarios,I,ESP,Spain,GDPVD_CAP,"Gross domestic product per capita, volume in USD, at constant purchasing power parities",BAU1,"Business-as-usual energy transition, median climate climate damage curve, no carbon mitigation costs",A,Annual,2048,,64145.32,,,,USD_PPP_PS,"US dollars per person, PPP converted",0,Units,2,Two
DATAFLOW,OECD.ECO.MAD:DSD_EO_LTB@DF_EO_LTB(1.0),OECD Economic Outlook 117 long-term scenarios,I,ESP,Spain,GDPVD_CAP,"Gross domestic product per capita, volume in USD, at constant purchasing power parities",BAU1,"Business-as-usual energy transition, median climate climate damage curve, no carbon mitigation costs",A,Annual,2049,,64864.61,,,,USD_PPP_PS,"US dollars per person, PPP converted",0,Units,2,Two
DATAFLOW,OECD.ECO.MAD:DSD_EO_LTB@DF_EO_LTB(1.0),OECD Economic Outlook 117 long-term scenarios,I,ESP,Spain,GDPVD_CAP,"Gross domestic product per capita, volume in USD, at constant purchasing power parities",BAU1,"Business-as-usual energy transition, median climate climate damage curve, no carbon mitigation costs",A,Annual,2050,,65644.06,,,,USD_PPP_PS,"US dollars per person, PPP converted",0,Units,2,Two
DATAFLOW,OECD.ECO.MAD:DSD_EO_LTB@DF_EO_LTB(1.0),OECD Economic Outlook 117 long-term scenarios,I,ESP,Spain,GDPVD_CAP,"Gross domestic product per capita, volume in USD, at constant purchasing power parities",BAU1,"Business-as-usual energy transition, median climate climate damage curve, no carbon mitigation costs",A,Annual,2051,,66454.88,,,,USD_PPP_PS,"US dollars per person, PPP converted",0,Units,2,Two
DATAFLOW,OECD.ECO.MAD:DSD_EO_LTB@DF_EO_LTB(1.0),OECD Economic Outlook 117 long-term scenarios,I,ESP,Spain,GDPVD_CAP,"Gross domestic product per capita, volume in USD, at constant purchasing power parities",BAU1,"Business-as-usual energy transition, median climate climate damage curve, no carbon mitigation costs",A,Annual,2052,,67304.24,,,,USD_PPP_PS,"US dollars per person, PPP converted",0,Units,2,Two
DATAFLOW,OECD.ECO.MAD:DSD_EO_LTB@DF_EO_LTB(1.0),OECD Economic Outlook 117 long-term scenarios,I,ESP,Spain,GDPVD_CAP,"Gross domestic product per capita, volume in USD, at constant purchasing power parities",BAU1,"Business-as-usual energy transition, median climate climate damage curve, no carbon mitigation costs",A,Annual,2053,,68208,,,,USD_PPP_PS,"US dollars per person, PPP converted",0,Units,2,Two
DATAFLOW,OECD.ECO.MAD:DSD_EO_LTB@DF_EO_LTB(1.0),OECD Economic Outlook 117 long-term scenarios,I,ESP,Spain,GDPVD_CAP,"Gross domestic product per capita, volume in USD, at constant purchasing power parities",BAU1,"Business-as-usual energy transition, median climate climate damage curve, no carbon mitigation costs",A,Annual,2054,,69160.68,,,,USD_PPP_PS,"US dollars per person, PPP converted",0,Units,2,Two
DATAFLOW,OECD.ECO.MAD:DSD_EO_LTB@DF_EO_LTB(1.0),OECD Economic Outlook 117 long-term scenarios,I,ESP,Spain,GDPVD_CAP,"Gross domestic product per capita, volume in USD, at constant purchasing power parities",BAU1,"Business-as-usual energy transition, median climate climate damage curve, no carbon mitigation costs",A,Annual,2055,,70148.7,,,,USD_PPP_PS,"US dollars per person, PPP converted",0,Units,2,Two
DATAFLOW,OECD.ECO.MAD:DSD_EO_LTB@DF_EO_LTB(1.0),OECD Economic Outlook 117 long-term scenarios,I,ESP,Spain,GDPVD_CAP,"Gross domestic product per capita, volume in USD, at constant purchasing power parities",BAU1,"Business-as-usual energy transition, median climate climate damage curve, no carbon mitigation costs",A,Annual,2056,,71178.75,,,,USD_PPP_PS,"US dollars per person, PPP converted",0,Units,2,Two
DATAFLOW,OECD.ECO.MAD:DSD_EO_LTB@DF_EO_LTB(1.0),OECD Economic Outlook 117 long-term scenarios,I,ESP,Spain,GDPVD_CAP,"Gross domestic product per capita, volume in USD, at constant purchasing power parities",BAU1,"Business-as-usual energy transition, median climate climate damage curve, no carbon mitigation costs",A,Annual,2057,,72291.58,,,,USD_PPP_PS,"US dollars per person, PPP converted",0,Units,2,Two
DATAFLOW,OECD.ECO.MAD:DSD_EO_LTB@DF_EO_LTB(1.0),OECD Economic Outlook 117 long-term scenarios,I,ESP,Spain,GDPVD_CAP,"Gross domestic product per capita, volume in USD, at constant purchasing power parities",BAU1,"Business-as-usual energy transition, median climate climate damage curve, no carbon mitigation costs",A,Annual,2058,,73449.25,,,,USD_PPP_PS,"US dollars per person, PPP converted",0,Units,2,Two
DATAFLOW,OECD.ECO.MAD:DSD_EO_LTB@DF_EO_LTB(1.0),OECD Economic Outlook 117 long-term scenarios,I,ESP,Spain,GDPVD_CAP,"Gross domestic product per capita, volume in USD, at constant purchasing power parities",BAU1,"Business-as-usual energy transition, median climate climate damage curve, no carbon mitigation costs",A,Annual,2059,,74652.94,,,,USD_PPP_PS,"US dollars per person, PPP converted",0,Units,2,Two
DATAFLOW,OECD.ECO.MAD:DSD_EO_LTB@DF_EO_LTB(1.0),OECD Economic Outlook 117 long-term scenarios,I,ESP,Spain,GDPVD_CAP,"Gross domestic product per capita, volume in USD, at constant purchasing power parities",BAU1,"Business-as-usual energy transition, median climate climate damage curve, no carbon mitigation costs",A,Annual,2060,,75910.47,,,,USD_PPP_PS,"US dollars per person, PPP converted",0,Units,2,Two
DATAFLOW,OECD.ECO.MAD:DSD_EO_LTB@DF_EO_LTB(1.0),OECD Economic Outlook 117 long-term scenarios,I,SVN,Slovenia,GDPVD_CAP,"Gross domestic product per capita, volume in USD, at constant purchasing power parities",BAU1,"Business-as-usual energy transition, median climate climate damage curve, no carbon mitigation costs",A,Annual,1990,,25336.07451,,,,USD_PPP_PS,"US dollars per person, PPP converted",0,Units,2,Two
DATAFLOW,OECD.ECO.MAD:DSD_EO_LTB@DF_EO_LTB(1.0),OECD Economic Outlook 117 long-term scenarios,I,SVN,Slovenia,GDPVD_CAP,"Gross domestic product per capita, volume in USD, at constant purchasing power parities",BAU1,"Business-as-usual energy transition, median climate climate damage curve, no carbon mitigation costs",A,Annual,1991,,23038.728,,,,USD_PPP_PS,"US dollars per person, PPP converted",0,Units,2,Two
DATAFLOW,OECD.ECO.MAD:DSD_EO_LTB@DF_EO_LTB(1.0),OECD Economic Outlook 117 long-term scenarios,I,SVN,Slovenia,GDPVD_CAP,"Gross domestic product per capita, volume in USD, at constant purchasing power parities",BAU1,"Business-as-usual energy transition, median climate climate damage curve, no carbon mitigation costs",A,Annual,1992,,21844.7392,,,,USD_PPP_PS,"US dollars per person, PPP converted",0,Units,2,Two
DATAFLOW,OECD.ECO.MAD:DSD_EO_LTB@DF_EO_LTB(1.0),OECD Economic Outlook 117 long-term scenarios,I,SVN,Slovenia,GDPVD_CAP,"Gross domestic product per capita, volume in USD, at constant purchasing power parities",BAU1,"Business-as-usual energy transition, median climate climate damage curve, no carbon mitigation costs",A,Annual,1993,,22524.66445,,,,USD_PPP_PS,"US dollars per person, PPP converted",0,Units,2,Two
DATAFLOW,OECD.ECO.MAD:DSD_EO_LTB@DF_EO_LTB(1.0),OECD Economic Outlook 117 long-term scenarios,I,SVN,Slovenia,GDPVD_CAP,"Gross domestic product per capita, volume in USD, at constant purchasing power parities",BAU1,"Business-as-usual energy transition, median climate climate damage curve, no carbon mitigation costs",A,Annual,1994,,23745.81297,,,,USD_PPP_PS,"US dollars per person, PPP converted",0,Units,2,Two
DATAFLOW,OECD.ECO.MAD:DSD_EO_LTB@DF_EO_LTB(1.0),OECD Economic Outlook 117 long-term scenarios,I,SVN,Slovenia,GDPVD_CAP,"Gross domestic product per capita, volume in USD, at constant purchasing power parities",BAU1,"Business-as-usual energy transition, median climate climate damage curve, no carbon mitigation costs",A,Annual,1995,,24737.82105,,,,USD_PPP_PS,"US dollars per person, PPP converted",0,Units,2,Two
DATAFLOW,OECD.ECO.MAD:DSD_EO_LTB@DF_EO_LTB(1.0),OECD Economic Outlook 117 long-term scenarios,I,SVN,Slovenia,GDPVD_CAP,"Gross domestic product per capita, volume in USD, at constant purchasing power parities",BAU1,"Business-as-usual energy transition, median climate climate damage curve, no carbon mitigation costs",A,Annual,1996,,25437.53579,,,,USD_PPP_PS,"US dollars per person, PPP converted",0,Units,2,Two
DATAFLOW,OECD.ECO.MAD:DSD_EO_LTB@DF_EO_LTB(1.0),OECD Economic Outlook 117 long-term scenarios,I,SVN,Slovenia,GDPVD_CAP,"Gross domestic product per capita, volume in USD, at constant purchasing power parities",BAU1,"Business-as-usual energy transition, median climate climate damage curve, no carbon mitigation costs",A,Annual,1997,,26800.5281,,,,USD_PPP_PS,"US dollars per person, PPP converted",0,Units,2,Two
DATAFLOW,OECD.ECO.MAD:DSD_EO_LTB@DF_EO_LTB(1.0),OECD Economic Outlook 117 long-term scenarios,I,SVN,Slovenia,GDPVD_CAP,"Gross domestic product per capita, volume in USD, at constant purchasing power parities",BAU1,"Business-as-usual energy transition, median climate climate damage curve, no carbon mitigation costs",A,Annual,1998,,27677.02222,,,,USD_PPP_PS,"US dollars per person, PPP converted",0,Units,2,Two
DATAFLOW,OECD.ECO.MAD:DSD_EO_LTB@DF_EO_LTB(1.0),OECD Economic Outlook 117 long-term scenarios,I,SVN,Slovenia,GDPVD_CAP,"Gross domestic product per capita, volume in USD, at constant purchasing power parities",BAU1,"Business-as-usual energy transition, median climate climate damage curve, no carbon mitigation costs",A,Annual,1999,,29115.06059,,,,USD_PPP_PS,"US dollars per person, PPP converted",0,Units,2,Two
DATAFLOW,OECD.ECO.MAD:DSD_EO_LTB@DF_EO_LTB(1.0),OECD Economic Outlook 117 long-term scenarios,I,SVN,Slovenia,GDPVD_CAP,"Gross domestic product per capita, volume in USD, at constant purchasing power parities",BAU1,"Business-as-usual energy transition, median climate climate damage curve, no carbon mitigation costs",A,Annual,2000,,30047.43072,,,,USD_PPP_PS,"US dollars per person, PPP converted",0,Units,2,Two
DATAFLOW,OECD.ECO.MAD:DSD_EO_LTB@DF_EO_LTB(1.0),OECD Economic Outlook 117 long-term scenarios,I,SVN,Slovenia,GDPVD_CAP,"Gross domestic product per capita, volume in USD, at constant purchasing power parities",BAU1,"Business-as-usual energy transition, median climate climate damage curve, no carbon mitigation costs",A,Annual,2001,,30857.73194,,,,USD_PPP_PS,"US dollars per person, PPP converted",0,Units,2,Two
DATAFLOW,OECD.ECO.MAD:DSD_EO_LTB@DF_EO_LTB(1.0),OECD Economic Outlook 117 long-term scenarios,I,SVN,Slovenia,GDPVD_CAP,"Gross domestic product per capita, volume in USD, at constant purchasing power parities",BAU1,"Business-as-usual energy transition, median climate climate damage curve, no carbon mitigation costs",A,Annual,2002,,31821.44385,,,,USD_PPP_PS,"US dollars per person, PPP converted",0,Units,2,Two
DATAFLOW,OECD.ECO.MAD:DSD_EO_LTB@DF_EO_LTB(1.0),OECD Economic Outlook 117 long-term scenarios,I,SVN,Slovenia,GDPVD_CAP,"Gross domestic product per capita, volume in USD, at constant purchasing power parities",BAU1,"Business-as-usual energy transition, median climate climate damage curve, no carbon mitigation costs",A,Annual,2003,,32817.65256,,,,USD_PPP_PS,"US dollars per person, PPP converted",0,Units,2,Two
DATAFLOW,OECD.ECO.MAD:DSD_EO_LTB@DF_EO_LTB(1.0),OECD Economic Outlook 117 long-term scenarios,I,SVN,Slovenia,GDPVD_CAP,"Gross domestic product per capita, volume in USD, at constant purchasing power parities",BAU1,"Business-as-usual energy transition, median climate climate damage curve, no carbon mitigation costs",A,Annual,2004,,34292.49236,,,,USD_PPP_PS,"US dollars per person, PPP converted",0,Units,2,Two
DATAFLOW,OECD.ECO.MAD:DSD_EO_LTB@DF_EO_LTB(1.0),OECD Economic Outlook 117 long-term scenarios,I,SVN,Slovenia,GDPVD_CAP,"Gross domestic product per capita, volume in USD, at constant purchasing power parities",BAU1,"Business-as-usual energy transition, median climate climate damage curve, no carbon mitigation costs",A,Annual,2005,,35551.12125,,,,USD_PPP_PS,"US dollars per person, PPP converted",0,Units,2,Two
DATAFLOW,OECD.ECO.MAD:DSD_EO_LTB@DF_EO_LTB(1.0),OECD Economic Outlook 117 long-term scenarios,I,SVN,Slovenia,GDPVD_CAP,"Gross domestic product per capita, volume in USD, at constant purchasing power parities",BAU1,"Business-as-usual energy transition, median climate climate damage curve, no carbon mitigation costs",A,Annual,2006,,37519.83707,,,,USD_PPP_PS,"US dollars per person, PPP converted",0,Units,2,Two
DATAFLOW,OECD.ECO.MAD:DSD_EO_LTB@DF_EO_LTB(1.0),OECD Economic Outlook 117 long-term scenarios,I,SVN,Slovenia,GDPVD_CAP,"Gross domestic product per capita, volume in USD, at constant purchasing power parities",BAU1,"Business-as-usual energy transition, median climate climate damage curve, no carbon mitigation costs",A,Annual,2007,,39979.10133,,,,USD_PPP_PS,"US dollars per person, PPP converted",0,Units,2,Two
DATAFLOW,OECD.ECO.MAD:DSD_EO_LTB@DF_EO_LTB(1.0),OECD Economic Outlook 117 long-term scenarios,I,SVN,Slovenia,GDPVD_CAP,"Gross domestic product per capita, volume in USD, at constant purchasing power parities",BAU1,"Business-as-usual energy transition, median climate climate damage curve, no carbon mitigation costs",A,Annual,2008,,41263.78752,,,,USD_PPP_PS,"US dollars per person, PPP converted",0,Units,2,Two
DATAFLOW,OECD.ECO.MAD:DSD_EO_LTB@DF_EO_LTB(1.0),OECD Economic Outlook 117 long-term scenarios,I,SVN,Slovenia,GDPVD_CAP,"Gross domestic product per capita, volume in USD, at constant purchasing power parities",BAU1,"Business-as-usual energy transition, median climate climate damage curve, no carbon mitigation costs",A,Annual,2009,,37763.91568,,,,USD_PPP_PS,"US dollars per person, PPP converted",0,Units,2,Two
DATAFLOW,OECD.ECO.MAD:DSD_EO_LTB@DF_EO_LTB(1.0),OECD Economic Outlook 117 long-term scenarios,I,SVN,Slovenia,GDPVD_CAP,"Gross domestic product per capita, volume in USD, at constant purchasing power parities",BAU1,"Business-as-usual energy transition, median climate climate damage curve, no carbon mitigation costs",A,Annual,2010,,38050.44275,,,,USD_PPP_PS,"US dollars per person, PPP converted",0,Units,2,Two
DATAFLOW,OECD.ECO.MAD:DSD_EO_LTB@DF_EO_LTB(1.0),OECD Economic Outlook 117 long-term scenarios,I,SVN,Slovenia,GDPVD_CAP,"Gross domestic product per capita, volume in USD, at constant purchasing power parities",BAU1,"Business-as-usual energy transition, median climate climate damage curve, no carbon mitigation costs",A,Annual,2011,,38224.8763,,,,USD_PPP_PS,"US dollars per person, PPP converted",0,Units,2,Two
DATAFLOW,OECD.ECO.MAD:DSD_EO_LTB@DF_EO_LTB(1.0),OECD Economic Outlook 117 long-term scenarios,I,SVN,Slovenia,GDPVD_CAP,"Gross domestic product per capita, volume in USD, at constant purchasing power parities",BAU1,"Business-as-usual energy transition, median climate climate damage curve, no carbon mitigation costs",A,Annual,2012,,37039.52405,,,,USD_PPP_PS,"US dollars per person, PPP converted",0,Units,2,Two
DATAFLOW,OECD.ECO.MAD:DSD_EO_LTB@DF_EO_LTB(1.0),OECD Economic Outlook 117 long-term scenarios,I,SVN,Slovenia,GDPVD_CAP,"Gross domestic product per capita, volume in USD, at constant purchasing power parities",BAU1,"Business-as-usual energy transition, median climate climate damage curve, no carbon mitigation costs",A,Annual,2013,,36684.83416,,,,USD_PPP_PS,"US dollars per person, PPP converted",0,Units,2,Two
DATAFLOW,OECD.ECO.MAD:DSD_EO_LTB@DF_EO_LTB(1.0),OECD Economic Outlook 117 long-term scenarios,I,SVN,Slovenia,GDPVD_CAP,"Gross domestic product per capita, volume in USD, at constant purchasing power parities",BAU1,"Business-as-usual energy transition, median climate climate damage curve, no carbon mitigation costs",A,Annual,2014,,37657.18062,,,,USD_PPP_PS,"US dollars per person, PPP converted",0,Units,2,Two
DATAFLOW,OECD.ECO.MAD:DSD_EO_LTB@DF_EO_LTB(1.0),OECD Economic Outlook 117 long-term scenarios,I,SVN,Slovenia,GDPVD_CAP,"Gross domestic product per capita, volume in USD, at constant purchasing power parities",BAU1,"Business-as-usual energy transition, median climate climate damage curve, no carbon mitigation costs",A,Annual,2015,,38530.43815,,,,USD_PPP_PS,"US dollars per person, PPP converted",0,Units,2,Two
DATAFLOW,OECD.ECO.MAD:DSD_EO_LTB@DF_EO_LTB(1.0),OECD Economic Outlook 117 long-term scenarios,I,SVN,Slovenia,GDPVD_CAP,"Gross domestic product per capita, volume in USD, at constant purchasing power parities",BAU1,"Business-as-usual energy transition, median climate climate damage curve, no carbon mitigation costs",A,Annual,2016,,39673.94196,,,,USD_PPP_PS,"US dollars per person, PPP converted",0,Units,2,Two
DATAFLOW,OECD.ECO.MAD:DSD_EO_LTB@DF_EO_LTB(1.0),OECD Economic Outlook 117 long-term scenarios,I,SVN,Slovenia,GDPVD_CAP,"Gross domestic product per capita, volume in USD, at constant purchasing power parities",BAU1,"Business-as-usual energy transition, median climate climate damage curve, no carbon mitigation costs",A,Annual,2017,,41702.87586,,,,USD_PPP_PS,"US dollars per person, PPP converted",0,Units,2,Two
DATAFLOW,OECD.ECO.MAD:DSD_EO_LTB@DF_EO_LTB(1.0),OECD Economic Outlook 117 long-term scenarios,I,SVN,Slovenia,GDPVD_CAP,"Gross domestic product per capita, volume in USD, at constant purchasing power parities",BAU1,"Business-as-usual energy transition, median climate climate damage curve, no carbon mitigation costs",A,Annual,2018,,43400.14917,,,,USD_PPP_PS,"US dollars per person, PPP converted",0,Units,2,Two
DATAFLOW,OECD.ECO.MAD:DSD_EO_LTB@DF_EO_LTB(1.0),OECD Economic Outlook 117 long-term scenarios,I,SVN,Slovenia,GDPVD_CAP,"Gross domestic product per capita, volume in USD, at constant purchasing power parities",BAU1,"Business-as-usual energy transition, median climate climate damage curve, no carbon mitigation costs",A,Annual,2019,,44554.62447,,,,USD_PPP_PS,"US dollars per person, PPP converted",0,Units,2,Two
DATAFLOW,OECD.ECO.MAD:DSD_EO_LTB@DF_EO_LTB(1.0),OECD Economic Outlook 117 long-term scenarios,I,SVN,Slovenia,GDPVD_CAP,"Gross domestic product per capita, volume in USD, at constant purchasing power parities",BAU1,"Business-as-usual energy transition, median climate climate damage curve, no carbon mitigation costs",A,Annual,2020,,42454.39944,,,,USD_PPP_PS,"US dollars per person, PPP converted",0,Units,2,Two
DATAFLOW,OECD.ECO.MAD:DSD_EO_LTB@DF_EO_LTB(1.0),OECD Economic Outlook 117 long-term scenarios,I,SVN,Slovenia,GDPVD_CAP,"Gross domestic product per capita, volume in USD, at constant purchasing power parities",BAU1,"Business-as-usual energy transition, median climate climate damage curve, no carbon mitigation costs",A,Annual,2021,,45908.54281,,,,USD_PPP_PS,"US dollars per person, PPP converted",0,Units,2,Two
DATAFLOW,OECD.ECO.MAD:DSD_EO_LTB@DF_EO_LTB(1.0),OECD Economic Outlook 117 long-term scenarios,I,SVN,Slovenia,GDPVD_CAP,"Gross domestic product per capita, volume in USD, at constant purchasing power parities",BAU1,"Business-as-usual energy transition, median climate climate damage curve, no carbon mitigation costs",A,Annual,2022,,47110.55401,,,,USD_PPP_PS,"US dollars per person, PPP converted",0,Units,2,Two
DATAFLOW,OECD.ECO.MAD:DSD_EO_LTB@DF_EO_LTB(1.0),OECD Economic Outlook 117 long-term scenarios,I,SVN,Slovenia,GDPVD_CAP,"Gross domestic product per capita, volume in USD, at constant purchasing power parities",BAU1,"Business-as-usual energy transition, median climate climate damage curve, no carbon mitigation costs",A,Annual,2023,,47852.83985,,,,USD_PPP_PS,"US dollars per person, PPP converted",0,Units,2,Two
DATAFLOW,OECD.ECO.MAD:DSD_EO_LTB@DF_EO_LTB(1.0),OECD Economic Outlook 117 long-term scenarios,I,SVN,Slovenia,GDPVD_CAP,"Gross domestic product per capita, volume in USD, at constant purchasing power parities",BAU1,"Business-as-usual energy transition, median climate climate damage curve, no carbon mitigation costs",A,Annual,2024,,48474.697,,,,USD_PPP_PS,"US dollars per person, PPP converted",0,Units,2,Two
DATAFLOW,OECD.ECO.MAD:DSD_EO_LTB@DF_EO_LTB(1.0),OECD Economic Outlook 117 long-term scenarios,I,SVN,Slovenia,GDPVD_CAP,"Gross domestic product per capita, volume in USD, at constant purchasing power parities",BAU1,"Business-as-usual energy transition, median climate climate damage curve, no carbon mitigation costs",A,Annual,2025,,49197.0243,,,,USD_PPP_PS,"US dollars per person, PPP converted",0,Units,2,Two
DATAFLOW,OECD.ECO.MAD:DSD_EO_LTB@DF_EO_LTB(1.0),OECD Economic Outlook 117 long-term scenarios,I,SVN,Slovenia,GDPVD_CAP,"Gross domestic product per capita, volume in USD, at constant purchasing power parities",BAU1,"Business-as-usual energy transition, median climate climate damage curve, no carbon mitigation costs",A,Annual,2026,,50314.68899,,,,USD_PPP_PS,"US dollars per person, PPP converted",0,Units,2,Two
DATAFLOW,OECD.ECO.MAD:DSD_EO_LTB@DF_EO_LTB(1.0),OECD Economic Outlook 117 long-term scenarios,I,SVN,Slovenia,GDPVD_CAP,"Gross domestic product per capita, volume in USD, at constant purchasing power parities",BAU1,"Business-as-usual energy transition, median climate climate damage curve, no carbon mitigation costs",A,Annual,2027,,51343.12,,,,USD_PPP_PS,"US dollars per person, PPP converted",0,Units,2,Two
DATAFLOW,OECD.ECO.MAD:DSD_EO_LTB@DF_EO_LTB(1.0),OECD Economic Outlook 117 long-term scenarios,I,SVN,Slovenia,GDPVD_CAP,"Gross domestic product per capita, volume in USD, at constant purchasing power parities",BAU1,"Business-as-usual energy transition, median climate climate damage curve, no carbon mitigation costs",A,Annual,2028,,52290.74,,,,USD_PPP_PS,"US dollars per person, PPP converted",0,Units,2,Two
DATAFLOW,OECD.ECO.MAD:DSD_EO_LTB@DF_EO_LTB(1.0),OECD Economic Outlook 117 long-term scenarios,I,SVN,Slovenia,GDPVD_CAP,"Gross domestic product per capita, volume in USD, at constant purchasing power parities",BAU1,"Business-as-usual energy transition, median climate climate damage curve, no carbon mitigation costs",A,Annual,2029,,53167.98,,,,USD_PPP_PS,"US dollars per person, PPP converted",0,Units,2,Two
DATAFLOW,OECD.ECO.MAD:DSD_EO_LTB@DF_EO_LTB(1.0),OECD Economic Outlook 117 long-term scenarios,I,SVN,Slovenia,GDPVD_CAP,"Gross domestic product per capita, volume in USD, at constant purchasing power parities",BAU1,"Business-as-usual energy transition, median climate climate damage curve, no carbon mitigation costs",A,Annual,2030,,53996.68,,,,USD_PPP_PS,"US dollars per person, PPP converted",0,Units,2,Two
DATAFLOW,OECD.ECO.MAD:DSD_EO_LTB@DF_EO_LTB(1.0),OECD Economic Outlook 117 long-term scenarios,I,SVN,Slovenia,GDPVD_CAP,"Gross domestic product per capita, volume in USD, at constant purchasing power parities",BAU1,"Business-as-usual energy transition, median climate climate damage curve, no carbon mitigation costs",A,Annual,2031,,54799.64,,,,USD_PPP_PS,"US dollars per person, PPP converted",0,Units,2,Two
DATAFLOW,OECD.ECO.MAD:DSD_EO_LTB@DF_EO_LTB(1.0),OECD Economic Outlook 117 long-term scenarios,I,SVN,Slovenia,GDPVD_CAP,"Gross domestic product per capita, volume in USD, at constant purchasing power parities",BAU1,"Business-as-usual energy transition, median climate climate damage curve, no carbon mitigation costs",A,Annual,2032,,55602.81,,,,USD_PPP_PS,"US dollars per person, PPP converted",0,Units,2,Two
DATAFLOW,OECD.ECO.MAD:DSD_EO_LTB@DF_EO_LTB(1.0),OECD Economic Outlook 117 long-term scenarios,I,SVN,Slovenia,GDPVD_CAP,"Gross domestic product per capita, volume in USD, at constant purchasing power parities",BAU1,"Business-as-usual energy transition, median climate climate damage curve, no carbon mitigation costs",A,Annual,2033,,56416.56,,,,USD_PPP_PS,"US dollars per person, PPP converted",0,Units,2,Two
DATAFLOW,OECD.ECO.MAD:DSD_EO_LTB@DF_EO_LTB(1.0),OECD Economic Outlook 117 long-term scenarios,I,SVN,Slovenia,GDPVD_CAP,"Gross domestic product per capita, volume in USD, at constant purchasing power parities",BAU1,"Business-as-usual energy transition, median climate climate damage curve, no carbon mitigation costs",A,Annual,2034,,57248.76,,,,USD_PPP_PS,"US dollars per person, PPP converted",0,Units,2,Two
DATAFLOW,OECD.ECO.MAD:DSD_EO_LTB@DF_EO_LTB(1.0),OECD Economic Outlook 117 long-term scenarios,I,SVN,Slovenia,GDPVD_CAP,"Gross domestic product per capita, volume in USD, at constant purchasing power parities",BAU1,"Business-as-usual energy transition, median climate climate damage curve, no carbon mitigation costs",A,Annual,2035,,58086.02,,,,USD_PPP_PS,"US dollars per person, PPP converted",0,Units,2,Two
DATAFLOW,OECD.ECO.MAD:DSD_EO_LTB@DF_EO_LTB(1.0),OECD Economic Outlook 117 long-term scenarios,I,SVN,Slovenia,GDPVD_CAP,"Gross domestic product per capita, volume in USD, at constant purchasing power parities",BAU1,"Business-as-usual energy transition, median climate climate damage curve, no carbon mitigation costs",A,Annual,2036,,58930.94,,,,USD_PPP_PS,"US dollars per person, PPP converted",0,Units,2,Two
DATAFLOW,OECD.ECO.MAD:DSD_EO_LTB@DF_EO_LTB(1.0),OECD Economic Outlook 117 long-term scenarios,I,SVN,Slovenia,GDPVD_CAP,"Gross domestic product per capita, volume in USD, at constant purchasing power parities",BAU1,"Business-as-usual energy transition, median climate climate damage curve, no carbon mitigation costs",A,Annual,2037,,59755.25,,,,USD_PPP_PS,"US dollars per person, PPP converted",0,Units,2,Two
DATAFLOW,OECD.ECO.MAD:DSD_EO_LTB@DF_EO_LTB(1.0),OECD Economic Outlook 117 long-term scenarios,I,SVN,Slovenia,GDPVD_CAP,"Gross domestic product per capita, volume in USD, at constant purchasing power parities",BAU1,"Business-as-usual energy transition, median climate climate damage curve, no carbon mitigation costs",A,Annual,2038,,60559.09,,,,USD_PPP_PS,"US dollars per person, PPP converted",0,Units,2,Two
DATAFLOW,OECD.ECO.MAD:DSD_EO_LTB@DF_EO_LTB(1.0),OECD Economic Outlook 117 long-term scenarios,I,SVN,Slovenia,GDPVD_CAP,"Gross domestic product per capita, volume in USD, at constant purchasing power parities",BAU1,"Business-as-usual energy transition, median climate climate damage curve, no carbon mitigation costs",A,Annual,2039,,61322.9,,,,USD_PPP_PS,"US dollars per person, PPP converted",0,Units,2,Two
DATAFLOW,OECD.ECO.MAD:DSD_EO_LTB@DF_EO_LTB(1.0),OECD Economic Outlook 117 long-term scenarios,I,SVN,Slovenia,GDPVD_CAP,"Gross domestic product per capita, volume in USD, at constant purchasing power parities",BAU1,"Business-as-usual energy transition, median climate climate damage curve, no carbon mitigation costs",A,Annual,2040,,62066.6,,,,USD_PPP_PS,"US dollars per person, PPP converted",0,Units,2,Two
DATAFLOW,OECD.ECO.MAD:DSD_EO_LTB@DF_EO_LTB(1.0),OECD Economic Outlook 117 long-term scenarios,I,SVN,Slovenia,GDPVD_CAP,"Gross domestic product per capita, volume in USD, at constant purchasing power parities",BAU1,"Business-as-usual energy transition, median climate climate damage curve, no carbon mitigation costs",A,Annual,2041,,62774.55,,,,USD_PPP_PS,"US dollars per person, PPP converted",0,Units,2,Two
DATAFLOW,OECD.ECO.MAD:DSD_EO_LTB@DF_EO_LTB(1.0),OECD Economic Outlook 117 long-term scenarios,I,SVN,Slovenia,GDPVD_CAP,"Gross domestic product per capita, volume in USD, at constant purchasing power parities",BAU1,"Business-as-usual energy transition, median climate climate damage curve, no carbon mitigation costs",A,Annual,2042,,63476.24,,,,USD_PPP_PS,"US dollars per person, PPP converted",0,Units,2,Two
DATAFLOW,OECD.ECO.MAD:DSD_EO_LTB@DF_EO_LTB(1.0),OECD Economic Outlook 117 long-term scenarios,I,SVN,Slovenia,GDPVD_CAP,"Gross domestic product per capita, volume in USD, at constant purchasing power parities",BAU1,"Business-as-usual energy transition, median climate climate damage curve, no carbon mitigation costs",A,Annual,2043,,64190.19,,,,USD_PPP_PS,"US dollars per person, PPP converted",0,Units,2,Two
DATAFLOW,OECD.ECO.MAD:DSD_EO_LTB@DF_EO_LTB(1.0),OECD Economic Outlook 117 long-term scenarios,I,SVN,Slovenia,GDPVD_CAP,"Gross domestic product per capita, volume in USD, at constant purchasing power parities",BAU1,"Business-as-usual energy transition, median climate climate damage curve, no carbon mitigation costs",A,Annual,2044,,64921.26,,,,USD_PPP_PS,"US dollars per person, PPP converted",0,Units,2,Two
DATAFLOW,OECD.ECO.MAD:DSD_EO_LTB@DF_EO_LTB(1.0),OECD Economic Outlook 117 long-term scenarios,I,SVN,Slovenia,GDPVD_CAP,"Gross domestic product per capita, volume in USD, at constant purchasing power parities",BAU1,"Business-as-usual energy transition, median climate climate damage curve, no carbon mitigation costs",A,Annual,2045,,65677.18,,,,USD_PPP_PS,"US dollars per person, PPP converted",0,Units,2,Two
DATAFLOW,OECD.ECO.MAD:DSD_EO_LTB@DF_EO_LTB(1.0),OECD Economic Outlook 117 long-term scenarios,I,SVN,Slovenia,GDPVD_CAP,"Gross domestic product per capita, volume in USD, at constant purchasing power parities",BAU1,"Business-as-usual energy transition, median climate climate damage curve, no carbon mitigation costs",A,Annual,2046,,66454.7,,,,USD_PPP_PS,"US dollars per person, PPP converted",0,Units,2,Two
DATAFLOW,OECD.ECO.MAD:DSD_EO_LTB@DF_EO_LTB(1.0),OECD Economic Outlook 117 long-term scenarios,I,SVN,Slovenia,GDPVD_CAP,"Gross domestic product per capita, volume in USD, at constant purchasing power parities",BAU1,"Business-as-usual energy transition, median climate climate damage curve, no carbon mitigation costs",A,Annual,2047,,67243.35,,,,USD_PPP_PS,"US dollars per person, PPP converted",0,Units,2,Two
DATAFLOW,OECD.ECO.MAD:DSD_EO_LTB@DF_EO_LTB(1.0),OECD Economic Outlook 117 long-term scenarios,I,SVN,Slovenia,GDPVD_CAP,"Gross domestic product per capita, volume in USD, at constant purchasing power parities",BAU1,"Business-as-usual energy transition, median climate climate damage curve, no carbon mitigation costs",A,Annual,2048,,68055.11,,,,USD_PPP_PS,"US dollars per person, PPP converted",0,Units,2,Two
DATAFLOW,OECD.ECO.MAD:DSD_EO_LTB@DF_EO_LTB(1.0),OECD Economic Outlook 117 long-term scenarios,I,SVN,Slovenia,GDPVD_CAP,"Gross domestic product per capita, volume in USD, at constant purchasing power parities",BAU1,"Business-as-usual energy transition, median climate climate damage curve, no carbon mitigation costs",A,Annual,2049,,68892.78,,,,USD_PPP_PS,"US dollars per person, PPP converted",0,Units,2,Two
DATAFLOW,OECD.ECO.MAD:DSD_EO_LTB@DF_EO_LTB(1.0),OECD Economic Outlook 117 long-term scenarios,I,SVN,Slovenia,GDPVD_CAP,"Gross domestic product per capita, volume in USD, at constant purchasing power parities",BAU1,"Business-as-usual energy transition, median climate climate damage curve, no carbon mitigation costs",A,Annual,2050,,69782.43,,,,USD_PPP_PS,"US dollars per person, PPP converted",0,Units,2,Two
DATAFLOW,OECD.ECO.MAD:DSD_EO_LTB@DF_EO_LTB(1.0),OECD Economic Outlook 117 long-term scenarios,I,SVN,Slovenia,GDPVD_CAP,"Gross domestic product per capita, volume in USD, at constant purchasing power parities",BAU1,"Business-as-usual energy transition, median climate climate damage curve, no carbon mitigation costs",A,Annual,2051,,70718.66,,,,USD_PPP_PS,"US dollars per person, PPP converted",0,Units,2,Two
DATAFLOW,OECD.ECO.MAD:DSD_EO_LTB@DF_EO_LTB(1.0),OECD Economic Outlook 117 long-term scenarios,I,SVN,Slovenia,GDPVD_CAP,"Gross domestic product per capita, volume in USD, at constant purchasing power parities",BAU1,"Business-as-usual energy transition, median climate climate damage curve, no carbon mitigation costs",A,Annual,2052,,71695.96,,,,USD_PPP_PS,"US dollars per person, PPP converted",0,Units,2,Two
DATAFLOW,OECD.ECO.MAD:DSD_EO_LTB@DF_EO_LTB(1.0),OECD Economic Outlook 117 long-term scenarios,I,SVN,Slovenia,GDPVD_CAP,"Gross domestic product per capita, volume in USD, at constant purchasing power parities",BAU1,"Business-as-usual energy transition, median climate climate damage curve, no carbon mitigation costs",A,Annual,2053,,72736.06,,,,USD_PPP_PS,"US dollars per person, PPP converted",0,Units,2,Two
DATAFLOW,OECD.ECO.MAD:DSD_EO_LTB@DF_EO_LTB(1.0),OECD Economic Outlook 117 long-term scenarios,I,SVN,Slovenia,GDPVD_CAP,"Gross domestic product per capita, volume in USD, at constant purchasing power parities",BAU1,"Business-as-usual energy transition, median climate climate damage curve, no carbon mitigation costs",A,Annual,2054,,73824.6,,,,USD_PPP_PS,"US dollars per person, PPP converted",0,Units,2,Two
DATAFLOW,OECD.ECO.MAD:DSD_EO_LTB@DF_EO_LTB(1.0),OECD Economic Outlook 117 long-term scenarios,I,SVN,Slovenia,GDPVD_CAP,"Gross domestic product per capita, volume in USD, at constant purchasing power parities",BAU1,"Business-as-usual energy transition, median climate climate damage curve, no carbon mitigation costs",A,Annual,2055,,74974.53,,,,USD_PPP_PS,"US dollars per person, PPP converted",0,Units,2,Two
DATAFLOW,OECD.ECO.MAD:DSD_EO_LTB@DF_EO_LTB(1.0),OECD Economic Outlook 117 long-term scenarios,I,SVN,Slovenia,GDPVD_CAP,"Gross domestic product per capita, volume in USD, at constant purchasing power parities",BAU1,"Business-as-usual energy transition, median climate climate damage curve, no carbon mitigation costs",A,Annual,2056,,76193.14,,,,USD_PPP_PS,"US dollars per person, PPP converted",0,Units,2,Two
DATAFLOW,OECD.ECO.MAD:DSD_EO_LTB@DF_EO_LTB(1.0),OECD Economic Outlook 117 long-term scenarios,I,SVN,Slovenia,GDPVD_CAP,"Gross domestic product per capita, volume in USD, at constant purchasing power parities",BAU1,"Business-as-usual energy transition, median climate climate damage curve, no carbon mitigation costs",A,Annual,2057,,77482.06,,,,USD_PPP_PS,"US dollars per person, PPP converted",0,Units,2,Two
DATAFLOW,OECD.ECO.MAD:DSD_EO_LTB@DF_EO_LTB(1.0),OECD Economic Outlook 117 long-term scenarios,I,SVN,Slovenia,GDPVD_CAP,"Gross domestic product per capita, volume in USD, at constant purchasing power parities",BAU1,"Business-as-usual energy transition, median climate climate damage curve, no carbon mitigation costs",A,Annual,2058,,78873.48,,,,USD_PPP_PS,"US dollars per person, PPP converted",0,Units,2,Two
DATAFLOW,OECD.ECO.MAD:DSD_EO_LTB@DF_EO_LTB(1.0),OECD Economic Outlook 117 long-term scenarios,I,SVN,Slovenia,GDPVD_CAP,"Gross domestic product per capita, volume in USD, at constant purchasing power parities",BAU1,"Business-as-usual energy transition, median climate climate damage curve, no carbon mitigation costs",A,Annual,2059,,80318.41,,,,USD_PPP_PS,"US dollars per person, PPP converted",0,Units,2,Two
DATAFLOW,OECD.ECO.MAD:DSD_EO_LTB@DF_EO_LTB(1.0),OECD Economic Outlook 117 long-term scenarios,I,SVN,Slovenia,GDPVD_CAP,"Gross domestic product per capita, volume in USD, at constant purchasing power parities",BAU1,"Business-as-usual energy transition, median climate climate damage curve, no carbon mitigation costs",A,Annual,2060,,81846.32,,,,USD_PPP_PS,"US dollars per person, PPP converted",0,Units,2,Two
DATAFLOW,OECD.ECO.MAD:DSD_EO_LTB@DF_EO_LTB(1.0),OECD Economic Outlook 117 long-term scenarios,I,PRT,Portugal,GDPVD_CAP,"Gross domestic product per capita, volume in USD, at constant purchasing power parities",BAU1,"Business-as-usual energy transition, median climate climate damage curve, no carbon mitigation costs",A,Annual,1990,,27190.11916,,,,USD_PPP_PS,"US dollars per person, PPP converted",0,Units,2,Two
DATAFLOW,OECD.ECO.MAD:DSD_EO_LTB@DF_EO_LTB(1.0),OECD Economic Outlook 117 long-term scenarios,I,PRT,Portugal,GDPVD_CAP,"Gross domestic product per capita, volume in USD, at constant purchasing power parities",BAU1,"Business-as-usual energy transition, median climate climate damage curve, no carbon mitigation costs",A,Annual,1991,,28443.32088,,,,USD_PPP_PS,"US dollars per person, PPP converted",0,Units,2,Two
DATAFLOW,OECD.ECO.MAD:DSD_EO_LTB@DF_EO_LTB(1.0),OECD Economic Outlook 117 long-term scenarios,I,PRT,Portugal,GDPVD_CAP,"Gross domestic product per capita, volume in USD, at constant purchasing power parities",BAU1,"Business-as-usual energy transition, median climate climate damage curve, no carbon mitigation costs",A,Annual,1992,,28775.57116,,,,USD_PPP_PS,"US dollars per person, PPP converted",0,Units,2,Two
DATAFLOW,OECD.ECO.MAD:DSD_EO_LTB@DF_EO_LTB(1.0),OECD Economic Outlook 117 long-term scenarios,I,PRT,Portugal,GDPVD_CAP,"Gross domestic product per capita, volume in USD, at constant purchasing power parities",BAU1,"Business-as-usual energy transition, median climate climate damage curve, no carbon mitigation costs",A,Annual,1993,,28153.14947,,,,USD_PPP_PS,"US dollars per person, PPP converted",0,Units,2,Two
DATAFLOW,OECD.ECO.MAD:DSD_EO_LTB@DF_EO_LTB(1.0),OECD Economic Outlook 117 long-term scenarios,I,PRT,Portugal,GDPVD_CAP,"Gross domestic product per capita, volume in USD, at constant purchasing power parities",BAU1,"Business-as-usual energy transition, median climate climate damage curve, no carbon mitigation costs",A,Annual,1994,,28348.3937,,,,USD_PPP_PS,"US dollars per person, PPP converted",0,Units,2,Two
DATAFLOW,OECD.ECO.MAD:DSD_EO_LTB@DF_EO_LTB(1.0),OECD Economic Outlook 117 long-term scenarios,I,PRT,Portugal,GDPVD_CAP,"Gross domestic product per capita, volume in USD, at constant purchasing power parities",BAU1,"Business-as-usual energy transition, median climate climate damage curve, no carbon mitigation costs",A,Annual,1995,,29460.3236,,,,USD_PPP_PS,"US dollars per person, PPP converted",0,Units,2,Two
DATAFLOW,OECD.ECO.MAD:DSD_EO_LTB@DF_EO_LTB(1.0),OECD Economic Outlook 117 long-term scenarios,I,PRT,Portugal,GDPVD_CAP,"Gross domestic product per capita, volume in USD, at constant purchasing power parities",BAU1,"Business-as-usual energy transition, median climate climate damage curve, no carbon mitigation costs",A,Annual,1996,,30378.24991,,,,USD_PPP_PS,"US dollars per person, PPP converted",0,Units,2,Two
DATAFLOW,OECD.ECO.MAD:DSD_EO_LTB@DF_EO_LTB(1.0),OECD Economic Outlook 117 long-term scenarios,I,PRT,Portugal,GDPVD_CAP,"Gross domestic product per capita, volume in USD, at constant purchasing power parities",BAU1,"Business-as-usual energy transition, median climate climate damage curve, no carbon mitigation costs",A,Annual,1997,,31573.87643,,,,USD_PPP_PS,"US dollars per person, PPP converted",0,Units,2,Two
DATAFLOW,OECD.ECO.MAD:DSD_EO_LTB@DF_EO_LTB(1.0),OECD Economic Outlook 117 long-term scenarios,I,PRT,Portugal,GDPVD_CAP,"Gross domestic product per capita, volume in USD, at constant purchasing power parities",BAU1,"Business-as-usual energy transition, median climate climate damage curve, no carbon mitigation costs",A,Annual,1998,,32925.1155,,,,USD_PPP_PS,"US dollars per person, PPP converted",0,Units,2,Two
DATAFLOW,OECD.ECO.MAD:DSD_EO_LTB@DF_EO_LTB(1.0),OECD Economic Outlook 117 long-term scenarios,I,PRT,Portugal,GDPVD_CAP,"Gross domestic product per capita, volume in USD, at constant purchasing power parities",BAU1,"Business-as-usual energy transition, median climate climate damage curve, no carbon mitigation costs",A,Annual,1999,,34018.39711,,,,USD_PPP_PS,"US dollars per person, PPP converted",0,Units,2,Two
DATAFLOW,OECD.ECO.MAD:DSD_EO_LTB@DF_EO_LTB(1.0),OECD Economic Outlook 117 long-term scenarios,I,PRT,Portugal,GDPVD_CAP,"Gross domestic product per capita, volume in USD, at constant purchasing power parities",BAU1,"Business-as-usual energy transition, median climate climate damage curve, no carbon mitigation costs",A,Annual,2000,,35069.24355,,,,USD_PPP_PS,"US dollars per person, PPP converted",0,Units,2,Two
DATAFLOW,OECD.ECO.MAD:DSD_EO_LTB@DF_EO_LTB(1.0),OECD Economic Outlook 117 long-term scenarios,I,PRT,Portugal,GDPVD_CAP,"Gross domestic product per capita, volume in USD, at constant purchasing power parities",BAU1,"Business-as-usual energy transition, median climate climate damage curve, no carbon mitigation costs",A,Annual,2001,,35499.63556,,,,USD_PPP_PS,"US dollars per person, PPP converted",0,Units,2,Two
DATAFLOW,OECD.ECO.MAD:DSD_EO_LTB@DF_EO_LTB(1.0),OECD Economic Outlook 117 long-term scenarios,I,PRT,Portugal,GDPVD_CAP,"Gross domestic product per capita, volume in USD, at constant purchasing power parities",BAU1,"Business-as-usual energy transition, median climate climate damage curve, no carbon mitigation costs",A,Annual,2002,,35577.92751,,,,USD_PPP_PS,"US dollars per person, PPP converted",0,Units,2,Two
DATAFLOW,OECD.ECO.MAD:DSD_EO_LTB@DF_EO_LTB(1.0),OECD Economic Outlook 117 long-term scenarios,I,PRT,Portugal,GDPVD_CAP,"Gross domestic product per capita, volume in USD, at constant purchasing power parities",BAU1,"Business-as-usual energy transition, median climate climate damage curve, no carbon mitigation costs",A,Annual,2003,,35114.79475,,,,USD_PPP_PS,"US dollars per person, PPP converted",0,Units,2,Two
DATAFLOW,OECD.ECO.MAD:DSD_EO_LTB@DF_EO_LTB(1.0),OECD Economic Outlook 117 long-term scenarios,I,PRT,Portugal,GDPVD_CAP,"Gross domestic product per capita, volume in USD, at constant purchasing power parities",BAU1,"Business-as-usual energy transition, median climate climate damage curve, no carbon mitigation costs",A,Annual,2004,,35657.53601,,,,USD_PPP_PS,"US dollars per person, PPP converted",0,Units,2,Two
DATAFLOW,OECD.ECO.MAD:DSD_EO_LTB@DF_EO_LTB(1.0),OECD Economic Outlook 117 long-term scenarios,I,PRT,Portugal,GDPVD_CAP,"Gross domestic product per capita, volume in USD, at constant purchasing power parities",BAU1,"Business-as-usual energy transition, median climate climate damage curve, no carbon mitigation costs",A,Annual,2005,,35869.71196,,,,USD_PPP_PS,"US dollars per person, PPP converted",0,Units,2,Two
DATAFLOW,OECD.ECO.MAD:DSD_EO_LTB@DF_EO_LTB(1.0),OECD Economic Outlook 117 long-term scenarios,I,PRT,Portugal,GDPVD_CAP,"Gross domestic product per capita, volume in USD, at constant purchasing power parities",BAU1,"Business-as-usual energy transition, median climate climate damage curve, no carbon mitigation costs",A,Annual,2006,,36386.93073,,,,USD_PPP_PS,"US dollars per person, PPP converted",0,Units,2,Two
DATAFLOW,OECD.ECO.MAD:DSD_EO_LTB@DF_EO_LTB(1.0),OECD Economic Outlook 117 long-term scenarios,I,PRT,Portugal,GDPVD_CAP,"Gross domestic product per capita, volume in USD, at constant purchasing power parities",BAU1,"Business-as-usual energy transition, median climate climate damage curve, no carbon mitigation costs",A,Annual,2007,,37225.85029,,,,USD_PPP_PS,"US dollars per person, PPP converted",0,Units,2,Two
DATAFLOW,OECD.ECO.MAD:DSD_EO_LTB@DF_EO_LTB(1.0),OECD Economic Outlook 117 long-term scenarios,I,PRT,Portugal,GDPVD_CAP,"Gross domestic product per capita, volume in USD, at constant purchasing power parities",BAU1,"Business-as-usual energy transition, median climate climate damage curve, no carbon mitigation costs",A,Annual,2008,,37290.88382,,,,USD_PPP_PS,"US dollars per person, PPP converted",0,Units,2,Two
DATAFLOW,OECD.ECO.MAD:DSD_EO_LTB@DF_EO_LTB(1.0),OECD Economic Outlook 117 long-term scenarios,I,PRT,Portugal,GDPVD_CAP,"Gross domestic product per capita, volume in USD, at constant purchasing power parities",BAU1,"Business-as-usual energy transition, median climate climate damage curve, no carbon mitigation costs",A,Annual,2009,,36092.20983,,,,USD_PPP_PS,"US dollars per person, PPP converted",0,Units,2,Two
DATAFLOW,OECD.ECO.MAD:DSD_EO_LTB@DF_EO_LTB(1.0),OECD Economic Outlook 117 long-term scenarios,I,PRT,Portugal,GDPVD_CAP,"Gross domestic product per capita, volume in USD, at constant purchasing power parities",BAU1,"Business-as-usual energy transition, median climate climate damage curve, no carbon mitigation costs",A,Annual,2010,,36702.50301,,,,USD_PPP_PS,"US dollars per person, PPP converted",0,Units,2,Two
DATAFLOW,OECD.ECO.MAD:DSD_EO_LTB@DF_EO_LTB(1.0),OECD Economic Outlook 117 long-term scenarios,I,PRT,Portugal,GDPVD_CAP,"Gross domestic product per capita, volume in USD, at constant purchasing power parities",BAU1,"Business-as-usual energy transition, median climate climate damage curve, no carbon mitigation costs",A,Annual,2011,,36068.69669,,,,USD_PPP_PS,"US dollars per person, PPP converted",0,Units,2,Two
DATAFLOW,OECD.ECO.MAD:DSD_EO_LTB@DF_EO_LTB(1.0),OECD Economic Outlook 117 long-term scenarios,I,PRT,Portugal,GDPVD_CAP,"Gross domestic product per capita, volume in USD, at constant purchasing power parities",BAU1,"Business-as-usual energy transition, median climate climate damage curve, no carbon mitigation costs",A,Annual,2012,,34749.2737,,,,USD_PPP_PS,"US dollars per person, PPP converted",0,Units,2,Two
DATAFLOW,OECD.ECO.MAD:DSD_EO_LTB@DF_EO_LTB(1.0),OECD Economic Outlook 117 long-term scenarios,I,PRT,Portugal,GDPVD_CAP,"Gross domestic product per capita, volume in USD, at constant purchasing power parities",BAU1,"Business-as-usual energy transition, median climate climate damage curve, no carbon mitigation costs",A,Annual,2013,,34595.95935,,,,USD_PPP_PS,"US dollars per person, PPP converted",0,Units,2,Two
DATAFLOW,OECD.ECO.MAD:DSD_EO_LTB@DF_EO_LTB(1.0),OECD Economic Outlook 117 long-term scenarios,I,PRT,Portugal,GDPVD_CAP,"Gross domestic product per capita, volume in USD, at constant purchasing power parities",BAU1,"Business-as-usual energy transition, median climate climate damage curve, no carbon mitigation costs",A,Annual,2014,,35034.3593,,,,USD_PPP_PS,"US dollars per person, PPP converted",0,Units,2,Two
DATAFLOW,OECD.ECO.MAD:DSD_EO_LTB@DF_EO_LTB(1.0),OECD Economic Outlook 117 long-term scenarios,I,PRT,Portugal,GDPVD_CAP,"Gross domestic product per capita, volume in USD, at constant purchasing power parities",BAU1,"Business-as-usual energy transition, median climate climate damage curve, no carbon mitigation costs",A,Annual,2015,,35720.81582,,,,USD_PPP_PS,"US dollars per person, PPP converted",0,Units,2,Two
DATAFLOW,OECD.ECO.MAD:DSD_EO_LTB@DF_EO_LTB(1.0),OECD Economic Outlook 117 long-term scenarios,I,PRT,Portugal,GDPVD_CAP,"Gross domestic product per capita, volume in USD, at constant purchasing power parities",BAU1,"Business-as-usual energy transition, median climate climate damage curve, no carbon mitigation costs",A,Annual,2016,,36525.8002,,,,USD_PPP_PS,"US dollars per person, PPP converted",0,Units,2,Two
DATAFLOW,OECD.ECO.MAD:DSD_EO_LTB@DF_EO_LTB(1.0),OECD Economic Outlook 117 long-term scenarios,I,PRT,Portugal,GDPVD_CAP,"Gross domestic product per capita, volume in USD, at constant purchasing power parities",BAU1,"Business-as-usual energy transition, median climate climate damage curve, no carbon mitigation costs",A,Annual,2017,,37796.35153,,,,USD_PPP_PS,"US dollars per person, PPP converted",0,Units,2,Two
DATAFLOW,OECD.ECO.MAD:DSD_EO_LTB@DF_EO_LTB(1.0),OECD Economic Outlook 117 long-term scenarios,I,PRT,Portugal,GDPVD_CAP,"Gross domestic product per capita, volume in USD, at constant purchasing power parities",BAU1,"Business-as-usual energy transition, median climate climate damage curve, no carbon mitigation costs",A,Annual,2018,,38930.61244,,,,USD_PPP_PS,"US dollars per person, PPP converted",0,Units,2,Two
DATAFLOW,OECD.ECO.MAD:DSD_EO_LTB@DF_EO_LTB(1.0),OECD Economic Outlook 117 long-term scenarios,I,PRT,Portugal,GDPVD_CAP,"Gross domestic product per capita, volume in USD, at constant purchasing power parities",BAU1,"Business-as-usual energy transition, median climate climate damage curve, no carbon mitigation costs",A,Annual,2019,,39922.98612,,,,USD_PPP_PS,"US dollars per person, PPP converted",0,Units,2,Two
DATAFLOW,OECD.ECO.MAD:DSD_EO_LTB@DF_EO_LTB(1.0),OECD Economic Outlook 117 long-term scenarios,I,PRT,Portugal,GDPVD_CAP,"Gross domestic product per capita, volume in USD, at constant purchasing power parities",BAU1,"Business-as-usual energy transition, median climate climate damage curve, no carbon mitigation costs",A,Annual,2020,,36540.17237,,,,USD_PPP_PS,"US dollars per person, PPP converted",0,Units,2,Two
DATAFLOW,OECD.ECO.MAD:DSD_EO_LTB@DF_EO_LTB(1.0),OECD Economic Outlook 117 long-term scenarios,I,PRT,Portugal,GDPVD_CAP,"Gross domestic product per capita, volume in USD, at constant purchasing power parities",BAU1,"Business-as-usual energy transition, median climate climate damage curve, no carbon mitigation costs",A,Annual,2021,,38486.62822,,,,USD_PPP_PS,"US dollars per person, PPP converted",0,Units,2,Two
DATAFLOW,OECD.ECO.MAD:DSD_EO_LTB@DF_EO_LTB(1.0),OECD Economic Outlook 117 long-term scenarios,I,PRT,Portugal,GDPVD_CAP,"Gross domestic product per capita, volume in USD, at constant purchasing power parities",BAU1,"Business-as-usual energy transition, median climate climate damage curve, no carbon mitigation costs",A,Annual,2022,,40934.6862,,,,USD_PPP_PS,"US dollars per person, PPP converted",0,Units,2,Two
DATAFLOW,OECD.ECO.MAD:DSD_EO_LTB@DF_EO_LTB(1.0),OECD Economic Outlook 117 long-term scenarios,I,PRT,Portugal,GDPVD_CAP,"Gross domestic product per capita, volume in USD, at constant purchasing power parities",BAU1,"Business-as-usual energy transition, median climate climate damage curve, no carbon mitigation costs",A,Annual,2023,,41570.32819,,,,USD_PPP_PS,"US dollars per person, PPP converted",0,Units,2,Two
DATAFLOW,OECD.ECO.MAD:DSD_EO_LTB@DF_EO_LTB(1.0),OECD Economic Outlook 117 long-term scenarios,I,PRT,Portugal,GDPVD_CAP,"Gross domestic product per capita, volume in USD, at constant purchasing power parities",BAU1,"Business-as-usual energy transition, median climate climate damage curve, no carbon mitigation costs",A,Annual,2024,,41833.45013,,,,USD_PPP_PS,"US dollars per person, PPP converted",0,Units,2,Two
DATAFLOW,OECD.ECO.MAD:DSD_EO_LTB@DF_EO_LTB(1.0),OECD Economic Outlook 117 long-term scenarios,I,PRT,Portugal,GDPVD_CAP,"Gross domestic product per capita, volume in USD, at constant purchasing power parities",BAU1,"Business-as-usual energy transition, median climate climate damage curve, no carbon mitigation costs",A,Annual,2025,,42248.92627,,,,USD_PPP_PS,"US dollars per person, PPP converted",0,Units,2,Two
DATAFLOW,OECD.ECO.MAD:DSD_EO_LTB@DF_EO_LTB(1.0),OECD Economic Outlook 117 long-term scenarios,I,PRT,Portugal,GDPVD_CAP,"Gross domestic product per capita, volume in USD, at constant purchasing power parities",BAU1,"Business-as-usual energy transition, median climate climate damage curve, no carbon mitigation costs",A,Annual,2026,,42822.23451,,,,USD_PPP_PS,"US dollars per person, PPP converted",0,Units,2,Two
DATAFLOW,OECD.ECO.MAD:DSD_EO_LTB@DF_EO_LTB(1.0),OECD Economic Outlook 117 long-term scenarios,I,PRT,Portugal,GDPVD_CAP,"Gross domestic product per capita, volume in USD, at constant purchasing power parities",BAU1,"Business-as-usual energy transition, median climate climate damage curve, no carbon mitigation costs",A,Annual,2027,,43410.79,,,,USD_PPP_PS,"US dollars per person, PPP converted",0,Units,2,Two
DATAFLOW,OECD.ECO.MAD:DSD_EO_LTB@DF_EO_LTB(1.0),OECD Economic Outlook 117 long-term scenarios,I,PRT,Portugal,GDPVD_CAP,"Gross domestic product per capita, volume in USD, at constant purchasing power parities",BAU1,"Business-as-usual energy transition, median climate climate damage curve, no carbon mitigation costs",A,Annual,2028,,44075.22,,,,USD_PPP_PS,"US dollars per person, PPP converted",0,Units,2,Two
DATAFLOW,OECD.ECO.MAD:DSD_EO_LTB@DF_EO_LTB(1.0),OECD Economic Outlook 117 long-term scenarios,I,PRT,Portugal,GDPVD_CAP,"Gross domestic product per capita, volume in USD, at constant purchasing power parities",BAU1,"Business-as-usual energy transition, median climate climate damage curve, no carbon mitigation costs",A,Annual,2029,,44835.25,,,,USD_PPP_PS,"US dollars per person, PPP converted",0,Units,2,Two
DATAFLOW,OECD.ECO.MAD:DSD_EO_LTB@DF_EO_LTB(1.0),OECD Economic Outlook 117 long-term scenarios,I,PRT,Portugal,GDPVD_CAP,"Gross domestic product per capita, volume in USD, at constant purchasing power parities",BAU1,"Business-as-usual energy transition, median climate climate damage curve, no carbon mitigation costs",A,Annual,2030,,45608.84,,,,USD_PPP_PS,"US dollars per person, PPP converted",0,Units,2,Two
DATAFLOW,OECD.ECO.MAD:DSD_EO_LTB@DF_EO_LTB(1.0),OECD Economic Outlook 117 long-term scenarios,I,PRT,Portugal,GDPVD_CAP,"Gross domestic product per capita, volume in USD, at constant purchasing power parities",BAU1,"Business-as-usual energy transition, median climate climate damage curve, no carbon mitigation costs",A,Annual,2031,,46413.1,,,,USD_PPP_PS,"US dollars per person, PPP converted",0,Units,2,Two
DATAFLOW,OECD.ECO.MAD:DSD_EO_LTB@DF_EO_LTB(1.0),OECD Economic Outlook 117 long-term scenarios,I,PRT,Portugal,GDPVD_CAP,"Gross domestic product per capita, volume in USD, at constant purchasing power parities",BAU1,"Business-as-usual energy transition, median climate climate damage curve, no carbon mitigation costs",A,Annual,2032,,47257.73,,,,USD_PPP_PS,"US dollars per person, PPP converted",0,Units,2,Two
DATAFLOW,OECD.ECO.MAD:DSD_EO_LTB@DF_EO_LTB(1.0),OECD Economic Outlook 117 long-term scenarios,I,PRT,Portugal,GDPVD_CAP,"Gross domestic product per capita, volume in USD, at constant purchasing power parities",BAU1,"Business-as-usual energy transition, median climate climate damage curve, no carbon mitigation costs",A,Annual,2033,,48126.78,,,,USD_PPP_PS,"US dollars per person, PPP converted",0,Units,2,Two
DATAFLOW,OECD.ECO.MAD:DSD_EO_LTB@DF_EO_LTB(1.0),OECD Economic Outlook 117 long-term scenarios,I,PRT,Portugal,GDPVD_CAP,"Gross domestic product per capita, volume in USD, at constant purchasing power parities",BAU1,"Business-as-usual energy transition, median climate climate damage curve, no carbon mitigation costs",A,Annual,2034,,48993.96,,,,USD_PPP_PS,"US dollars per person, PPP converted",0,Units,2,Two
DATAFLOW,OECD.ECO.MAD:DSD_EO_LTB@DF_EO_LTB(1.0),OECD Economic Outlook 117 long-term scenarios,I,PRT,Portugal,GDPVD_CAP,"Gross domestic product per capita, volume in USD, at constant purchasing power parities",BAU1,"Business-as-usual energy transition, median climate climate damage curve, no carbon mitigation costs",A,Annual,2035,,49848.16,,,,USD_PPP_PS,"US dollars per person, PPP converted",0,Units,2,Two
DATAFLOW,OECD.ECO.MAD:DSD_EO_LTB@DF_EO_LTB(1.0),OECD Economic Outlook 117 long-term scenarios,I,PRT,Portugal,GDPVD_CAP,"Gross domestic product per capita, volume in USD, at constant purchasing power parities",BAU1,"Business-as-usual energy transition, median climate climate damage curve, no carbon mitigation costs",A,Annual,2036,,50665.58,,,,USD_PPP_PS,"US dollars per person, PPP converted",0,Units,2,Two
DATAFLOW,OECD.ECO.MAD:DSD_EO_LTB@DF_EO_LTB(1.0),OECD Economic Outlook 117 long-term scenarios,I,PRT,Portugal,GDPVD_CAP,"Gross domestic product per capita, volume in USD, at constant purchasing power parities",BAU1,"Business-as-usual energy transition, median climate climate damage curve, no carbon mitigation costs",A,Annual,2037,,51473.7,,,,USD_PPP_PS,"US dollars per person, PPP converted",0,Units,2,Two
DATAFLOW,OECD.ECO.MAD:DSD_EO_LTB@DF_EO_LTB(1.0),OECD Economic Outlook 117 long-term scenarios,I,PRT,Portugal,GDPVD_CAP,"Gross domestic product per capita, volume in USD, at constant purchasing power parities",BAU1,"Business-as-usual energy transition, median climate climate damage curve, no carbon mitigation costs",A,Annual,2038,,52277.84,,,,USD_PPP_PS,"US dollars per person, PPP converted",0,Units,2,Two
DATAFLOW,OECD.ECO.MAD:DSD_EO_LTB@DF_EO_LTB(1.0),OECD Economic Outlook 117 long-term scenarios,I,PRT,Portugal,GDPVD_CAP,"Gross domestic product per capita, volume in USD, at constant purchasing power parities",BAU1,"Business-as-usual energy transition, median climate climate damage curve, no carbon mitigation costs",A,Annual,2039,,53085.15,,,,USD_PPP_PS,"US dollars per person, PPP converted",0,Units,2,Two
DATAFLOW,OECD.ECO.MAD:DSD_EO_LTB@DF_EO_LTB(1.0),OECD Economic Outlook 117 long-term scenarios,I,PRT,Portugal,GDPVD_CAP,"Gross domestic product per capita, volume in USD, at constant purchasing power parities",BAU1,"Business-as-usual energy transition, median climate climate damage curve, no carbon mitigation costs",A,Annual,2040,,53893.04,,,,USD_PPP_PS,"US dollars per person, PPP converted",0,Units,2,Two
DATAFLOW,OECD.ECO.MAD:DSD_EO_LTB@DF_EO_LTB(1.0),OECD Economic Outlook 117 long-term scenarios,I,PRT,Portugal,GDPVD_CAP,"Gross domestic product per capita, volume in USD, at constant purchasing power parities",BAU1,"Business-as-usual energy transition, median climate climate damage curve, no carbon mitigation costs",A,Annual,2041,,54710.16,,,,USD_PPP_PS,"US dollars per person, PPP converted",0,Units,2,Two
DATAFLOW,OECD.ECO.MAD:DSD_EO_LTB@DF_EO_LTB(1.0),OECD Economic Outlook 117 long-term scenarios,I,PRT,Portugal,GDPVD_CAP,"Gross domestic product per capita, volume in USD, at constant purchasing power parities",BAU1,"Business-as-usual energy transition, median climate climate damage curve, no carbon mitigation costs",A,Annual,2042,,55536.76,,,,USD_PPP_PS,"US dollars per person, PPP converted",0,Units,2,Two
DATAFLOW,OECD.ECO.MAD:DSD_EO_LTB@DF_EO_LTB(1.0),OECD Economic Outlook 117 long-term scenarios,I,PRT,Portugal,GDPVD_CAP,"Gross domestic product per capita, volume in USD, at constant purchasing power parities",BAU1,"Business-as-usual energy transition, median climate climate damage curve, no carbon mitigation costs",A,Annual,2043,,56401.89,,,,USD_PPP_PS,"US dollars per person, PPP converted",0,Units,2,Two
DATAFLOW,OECD.ECO.MAD:DSD_EO_LTB@DF_EO_LTB(1.0),OECD Economic Outlook 117 long-term scenarios,I,PRT,Portugal,GDPVD_CAP,"Gross domestic product per capita, volume in USD, at constant purchasing power parities",BAU1,"Business-as-usual energy transition, median climate climate damage curve, no carbon mitigation costs",A,Annual,2044,,57318.66,,,,USD_PPP_PS,"US dollars per person, PPP converted",0,Units,2,Two
DATAFLOW,OECD.ECO.MAD:DSD_EO_LTB@DF_EO_LTB(1.0),OECD Economic Outlook 117 long-term scenarios,I,PRT,Portugal,GDPVD_CAP,"Gross domestic product per capita, volume in USD, at constant purchasing power parities",BAU1,"Business-as-usual energy transition, median climate climate damage curve, no carbon mitigation costs",A,Annual,2045,,58275.83,,,,USD_PPP_PS,"US dollars per person, PPP converted",0,Units,2,Two
DATAFLOW,OECD.ECO.MAD:DSD_EO_LTB@DF_EO_LTB(1.0),OECD Economic Outlook 117 long-term scenarios,I,PRT,Portugal,GDPVD_CAP,"Gross domestic product per capita, volume in USD, at constant purchasing power parities",BAU1,"Business-as-usual energy transition, median climate climate damage curve, no carbon mitigation costs",A,Annual,2046,,59274.44,,,,USD_PPP_PS,"US dollars per person, PPP converted",0,Units,2,Two
DATAFLOW,OECD.ECO.MAD:DSD_EO_LTB@DF_EO_LTB(1.0),OECD Economic Outlook 117 long-term scenarios,I,PRT,Portugal,GDPVD_CAP,"Gross domestic product per capita, volume in USD, at constant purchasing power parities",BAU1,"Business-as-usual energy transition, median climate climate damage curve, no carbon mitigation costs",A,Annual,2047,,60317.87,,,,USD_PPP_PS,"US dollars per person, PPP converted",0,Units,2,Two
DATAFLOW,OECD.ECO.MAD:DSD_EO_LTB@DF_EO_LTB(1.0),OECD Economic Outlook 117 long-term scenarios,I,PRT,Portugal,GDPVD_CAP,"Gross domestic product per capita, volume in USD, at constant purchasing power parities",BAU1,"Business-as-usual energy transition, median climate climate damage curve, no carbon mitigation costs",A,Annual,2048,,61407.57,,,,USD_PPP_PS,"US dollars per person, PPP converted",0,Units,2,Two
DATAFLOW,OECD.ECO.MAD:DSD_EO_LTB@DF_EO_LTB(1.0),OECD Economic Outlook 117 long-term scenarios,I,PRT,Portugal,GDPVD_CAP,"Gross domestic product per capita, volume in USD, at constant purchasing power parities",BAU1,"Business-as-usual energy transition, median climate climate damage curve, no carbon mitigation costs",A,Annual,2049,,62538.19,,,,USD_PPP_PS,"US dollars per person, PPP converted",0,Units,2,Two
DATAFLOW,OECD.ECO.MAD:DSD_EO_LTB@DF_EO_LTB(1.0),OECD Economic Outlook 117 long-term scenarios,I,PRT,Portugal,GDPVD_CAP,"Gross domestic product per capita, volume in USD, at constant purchasing power parities",BAU1,"Business-as-usual energy transition, median climate climate damage curve, no carbon mitigation costs",A,Annual,2050,,63721.3,,,,USD_PPP_PS,"US dollars per person, PPP converted",0,Units,2,Two
DATAFLOW,OECD.ECO.MAD:DSD_EO_LTB@DF_EO_LTB(1.0),OECD Economic Outlook 117 long-term scenarios,I,PRT,Portugal,GDPVD_CAP,"Gross domestic product per capita, volume in USD, at constant purchasing power parities",BAU1,"Business-as-usual energy transition, median climate climate damage curve, no carbon mitigation costs",A,Annual,2051,,64930.75,,,,USD_PPP_PS,"US dollars per person, PPP converted",0,Units,2,Two
DATAFLOW,OECD.ECO.MAD:DSD_EO_LTB@DF_EO_LTB(1.0),OECD Economic Outlook 117 long-term scenarios,I,PRT,Portugal,GDPVD_CAP,"Gross domestic product per capita, volume in USD, at constant purchasing power parities",BAU1,"Business-as-usual energy transition, median climate climate damage curve, no carbon mitigation costs",A,Annual,2052,,66173.7,,,,USD_PPP_PS,"US dollars per person, PPP converted",0,Units,2,Two
DATAFLOW,OECD.ECO.MAD:DSD_EO_LTB@DF_EO_LTB(1.0),OECD Economic Outlook 117 long-term scenarios,I,PRT,Portugal,GDPVD_CAP,"Gross domestic product per capita, volume in USD, at constant purchasing power parities",BAU1,"Business-as-usual energy transition, median climate climate damage curve, no carbon mitigation costs",A,Annual,2053,,67471.58,,,,USD_PPP_PS,"US dollars per person, PPP converted",0,Units,2,Two
DATAFLOW,OECD.ECO.MAD:DSD_EO_LTB@DF_EO_LTB(1.0),OECD Economic Outlook 117 long-term scenarios,I,PRT,Portugal,GDPVD_CAP,"Gross domestic product per capita, volume in USD, at constant purchasing power parities",BAU1,"Business-as-usual energy transition, median climate climate damage curve, no carbon mitigation costs",A,Annual,2054,,68826.92,,,,USD_PPP_PS,"US dollars per person, PPP converted",0,Units,2,Two
DATAFLOW,OECD.ECO.MAD:DSD_EO_LTB@DF_EO_LTB(1.0),OECD Economic Outlook 117 long-term scenarios,I,PRT,Portugal,GDPVD_CAP,"Gross domestic product per capita, volume in USD, at constant purchasing power parities",BAU1,"Business-as-usual energy transition, median climate climate damage curve, no carbon mitigation costs",A,Annual,2055,,70211.43,,,,USD_PPP_PS,"US dollars per person, PPP converted",0,Units,2,Two
DATAFLOW,OECD.ECO.MAD:DSD_EO_LTB@DF_EO_LTB(1.0),OECD Economic Outlook 117 long-term scenarios,I,PRT,Portugal,GDPVD_CAP,"Gross domestic product per capita, volume in USD, at constant purchasing power parities",BAU1,"Business-as-usual energy transition, median climate climate damage curve, no carbon mitigation costs",A,Annual,2056,,71626,,,,USD_PPP_PS,"US dollars per person, PPP converted",0,Units,2,Two
DATAFLOW,OECD.ECO.MAD:DSD_EO_LTB@DF_EO_LTB(1.0),OECD Economic Outlook 117 long-term scenarios,I,PRT,Portugal,GDPVD_CAP,"Gross domestic product per capita, volume in USD, at constant purchasing power parities",BAU1,"Business-as-usual energy transition, median climate climate damage curve, no carbon mitigation costs",A,Annual,2057,,73046.67,,,,USD_PPP_PS,"US dollars per person, PPP converted",0,Units,2,Two
DATAFLOW,OECD.ECO.MAD:DSD_EO_LTB@DF_EO_LTB(1.0),OECD Economic Outlook 117 long-term scenarios,I,PRT,Portugal,GDPVD_CAP,"Gross domestic product per capita, volume in USD, at constant purchasing power parities",BAU1,"Business-as-usual energy transition, median climate climate damage curve, no carbon mitigation costs",A,Annual,2058,,74477.54,,,,USD_PPP_PS,"US dollars per person, PPP converted",0,Units,2,Two
DATAFLOW,OECD.ECO.MAD:DSD_EO_LTB@DF_EO_LTB(1.0),OECD Economic Outlook 117 long-term scenarios,I,PRT,Portugal,GDPVD_CAP,"Gross domestic product per capita, volume in USD, at constant purchasing power parities",BAU1,"Business-as-usual energy transition, median climate climate damage curve, no carbon mitigation costs",A,Annual,2059,,75943.3,,,,USD_PPP_PS,"US dollars per person, PPP converted",0,Units,2,Two
DATAFLOW,OECD.ECO.MAD:DSD_EO_LTB@DF_EO_LTB(1.0),OECD Economic Outlook 117 long-term scenarios,I,PRT,Portugal,GDPVD_CAP,"Gross domestic product per capita, volume in USD, at constant purchasing power parities",BAU1,"Business-as-usual energy transition, median climate climate damage curve, no carbon mitigation costs",A,Annual,2060,,77416.83,,,,USD_PPP_PS,"US dollars per person, PPP converted",0,Units,2,Two
DATAFLOW,OECD.ECO.MAD:DSD_EO_LTB@DF_EO_LTB(1.0),OECD Economic Outlook 117 long-term scenarios,I,POL,Poland,GDPVD_CAP,"Gross domestic product per capita, volume in USD, at constant purchasing power parities",BAU1,"Business-as-usual energy transition, median climate climate damage curve, no carbon mitigation costs",A,Annual,1990,,12956.48788,,,,USD_PPP_PS,"US dollars per person, PPP converted",0,Units,2,Two
DATAFLOW,OECD.ECO.MAD:DSD_EO_LTB@DF_EO_LTB(1.0),OECD Economic Outlook 117 long-term scenarios,I,POL,Poland,GDPVD_CAP,"Gross domestic product per capita, volume in USD, at constant purchasing power parities",BAU1,"Business-as-usual energy transition, median climate climate damage curve, no carbon mitigation costs",A,Annual,1991,,12022.85688,,,,USD_PPP_PS,"US dollars per person, PPP converted",0,Units,2,Two
DATAFLOW,OECD.ECO.MAD:DSD_EO_LTB@DF_EO_LTB(1.0),OECD Economic Outlook 117 long-term scenarios,I,POL,Poland,GDPVD_CAP,"Gross domestic product per capita, volume in USD, at constant purchasing power parities",BAU1,"Business-as-usual energy transition, median climate climate damage curve, no carbon mitigation costs",A,Annual,1992,,12304.56496,,,,USD_PPP_PS,"US dollars per person, PPP converted",0,Units,2,Two
DATAFLOW,OECD.ECO.MAD:DSD_EO_LTB@DF_EO_LTB(1.0),OECD Economic Outlook 117 long-term scenarios,I,POL,Poland,GDPVD_CAP,"Gross domestic product per capita, volume in USD, at constant purchasing power parities",BAU1,"Business-as-usual energy transition, median climate climate damage curve, no carbon mitigation costs",A,Annual,1993,,12748.51737,,,,USD_PPP_PS,"US dollars per person, PPP converted",0,Units,2,Two
DATAFLOW,OECD.ECO.MAD:DSD_EO_LTB@DF_EO_LTB(1.0),OECD Economic Outlook 117 long-term scenarios,I,POL,Poland,GDPVD_CAP,"Gross domestic product per capita, volume in USD, at constant purchasing power parities",BAU1,"Business-as-usual energy transition, median climate climate damage curve, no carbon mitigation costs",A,Annual,1994,,13412.39274,,,,USD_PPP_PS,"US dollars per person, PPP converted",0,Units,2,Two
DATAFLOW,OECD.ECO.MAD:DSD_EO_LTB@DF_EO_LTB(1.0),OECD Economic Outlook 117 long-term scenarios,I,POL,Poland,GDPVD_CAP,"Gross domestic product per capita, volume in USD, at constant purchasing power parities",BAU1,"Business-as-usual energy transition, median climate climate damage curve, no carbon mitigation costs",A,Annual,1995,,14336.37033,,,,USD_PPP_PS,"US dollars per person, PPP converted",0,Units,2,Two
DATAFLOW,OECD.ECO.MAD:DSD_EO_LTB@DF_EO_LTB(1.0),OECD Economic Outlook 117 long-term scenarios,I,POL,Poland,GDPVD_CAP,"Gross domestic product per capita, volume in USD, at constant purchasing power parities",BAU1,"Business-as-usual energy transition, median climate climate damage curve, no carbon mitigation costs",A,Annual,1996,,15235.5146,,,,USD_PPP_PS,"US dollars per person, PPP converted",0,Units,2,Two
DATAFLOW,OECD.ECO.MAD:DSD_EO_LTB@DF_EO_LTB(1.0),OECD Economic Outlook 117 long-term scenarios,I,POL,Poland,GDPVD_CAP,"Gross domestic product per capita, volume in USD, at constant purchasing power parities",BAU1,"Business-as-usual energy transition, median climate climate damage curve, no carbon mitigation costs",A,Annual,1997,,16298.68346,,,,USD_PPP_PS,"US dollars per person, PPP converted",0,Units,2,Two
DATAFLOW,OECD.ECO.MAD:DSD_EO_LTB@DF_EO_LTB(1.0),OECD Economic Outlook 117 long-term scenarios,I,POL,Poland,GDPVD_CAP,"Gross domestic product per capita, volume in USD, at constant purchasing power parities",BAU1,"Business-as-usual energy transition, median climate climate damage curve, no carbon mitigation costs",A,Annual,1998,,17103.68619,,,,USD_PPP_PS,"US dollars per person, PPP converted",0,Units,2,Two
DATAFLOW,OECD.ECO.MAD:DSD_EO_LTB@DF_EO_LTB(1.0),OECD Economic Outlook 117 long-term scenarios,I,POL,Poland,GDPVD_CAP,"Gross domestic product per capita, volume in USD, at constant purchasing power parities",BAU1,"Business-as-usual energy transition, median climate climate damage curve, no carbon mitigation costs",A,Annual,1999,,17871.08059,,,,USD_PPP_PS,"US dollars per person, PPP converted",0,Units,2,Two
DATAFLOW,OECD.ECO.MAD:DSD_EO_LTB@DF_EO_LTB(1.0),OECD Economic Outlook 117 long-term scenarios,I,POL,Poland,GDPVD_CAP,"Gross domestic product per capita, volume in USD, at constant purchasing power parities",BAU1,"Business-as-usual energy transition, median climate climate damage curve, no carbon mitigation costs",A,Annual,2000,,18677.42952,,,,USD_PPP_PS,"US dollars per person, PPP converted",0,Units,2,Two
DATAFLOW,OECD.ECO.MAD:DSD_EO_LTB@DF_EO_LTB(1.0),OECD Economic Outlook 117 long-term scenarios,I,POL,Poland,GDPVD_CAP,"Gross domestic product per capita, volume in USD, at constant purchasing power parities",BAU1,"Business-as-usual energy transition, median climate climate damage curve, no carbon mitigation costs",A,Annual,2001,,18918.65585,,,,USD_PPP_PS,"US dollars per person, PPP converted",0,Units,2,Two
DATAFLOW,OECD.ECO.MAD:DSD_EO_LTB@DF_EO_LTB(1.0),OECD Economic Outlook 117 long-term scenarios,I,POL,Poland,GDPVD_CAP,"Gross domestic product per capita, volume in USD, at constant purchasing power parities",BAU1,"Business-as-usual energy transition, median climate climate damage curve, no carbon mitigation costs",A,Annual,2002,,19201.24004,,,,USD_PPP_PS,"US dollars per person, PPP converted",0,Units,2,Two
DATAFLOW,OECD.ECO.MAD:DSD_EO_LTB@DF_EO_LTB(1.0),OECD Economic Outlook 117 long-term scenarios,I,POL,Poland,GDPVD_CAP,"Gross domestic product per capita, volume in USD, at constant purchasing power parities",BAU1,"Business-as-usual energy transition, median climate climate damage curve, no carbon mitigation costs",A,Annual,2003,,19908.84117,,,,USD_PPP_PS,"US dollars per person, PPP converted",0,Units,2,Two
DATAFLOW,OECD.ECO.MAD:DSD_EO_LTB@DF_EO_LTB(1.0),OECD Economic Outlook 117 long-term scenarios,I,POL,Poland,GDPVD_CAP,"Gross domestic product per capita, volume in USD, at constant purchasing power parities",BAU1,"Business-as-usual energy transition, median climate climate damage curve, no carbon mitigation costs",A,Annual,2004,,20897.44631,,,,USD_PPP_PS,"US dollars per person, PPP converted",0,Units,2,Two
DATAFLOW,OECD.ECO.MAD:DSD_EO_LTB@DF_EO_LTB(1.0),OECD Economic Outlook 117 long-term scenarios,I,POL,Poland,GDPVD_CAP,"Gross domestic product per capita, volume in USD, at constant purchasing power parities",BAU1,"Business-as-usual energy transition, median climate climate damage curve, no carbon mitigation costs",A,Annual,2005,,21578.82009,,,,USD_PPP_PS,"US dollars per person, PPP converted",0,Units,2,Two
DATAFLOW,OECD.ECO.MAD:DSD_EO_LTB@DF_EO_LTB(1.0),OECD Economic Outlook 117 long-term scenarios,I,POL,Poland,GDPVD_CAP,"Gross domestic product per capita, volume in USD, at constant purchasing power parities",BAU1,"Business-as-usual energy transition, median climate climate damage curve, no carbon mitigation costs",A,Annual,2006,,22948.27871,,,,USD_PPP_PS,"US dollars per person, PPP converted",0,Units,2,Two
DATAFLOW,OECD.ECO.MAD:DSD_EO_LTB@DF_EO_LTB(1.0),OECD Economic Outlook 117 long-term scenarios,I,POL,Poland,GDPVD_CAP,"Gross domestic product per capita, volume in USD, at constant purchasing power parities",BAU1,"Business-as-usual energy transition, median climate climate damage curve, no carbon mitigation costs",A,Annual,2007,,24516.06112,,,,USD_PPP_PS,"US dollars per person, PPP converted",0,Units,2,Two
DATAFLOW,OECD.ECO.MAD:DSD_EO_LTB@DF_EO_LTB(1.0),OECD Economic Outlook 117 long-term scenarios,I,POL,Poland,GDPVD_CAP,"Gross domestic product per capita, volume in USD, at constant purchasing power parities",BAU1,"Business-as-usual energy transition, median climate climate damage curve, no carbon mitigation costs",A,Annual,2008,,25570.49023,,,,USD_PPP_PS,"US dollars per person, PPP converted",0,Units,2,Two
DATAFLOW,OECD.ECO.MAD:DSD_EO_LTB@DF_EO_LTB(1.0),OECD Economic Outlook 117 long-term scenarios,I,POL,Poland,GDPVD_CAP,"Gross domestic product per capita, volume in USD, at constant purchasing power parities",BAU1,"Business-as-usual energy transition, median climate climate damage curve, no carbon mitigation costs",A,Annual,2009,,26167.76734,,,,USD_PPP_PS,"US dollars per person, PPP converted",0,Units,2,Two
DATAFLOW,OECD.ECO.MAD:DSD_EO_LTB@DF_EO_LTB(1.0),OECD Economic Outlook 117 long-term scenarios,I,POL,Poland,GDPVD_CAP,"Gross domestic product per capita, volume in USD, at constant purchasing power parities",BAU1,"Business-as-usual energy transition, median climate climate damage curve, no carbon mitigation costs",A,Annual,2010,,27111.66908,,,,USD_PPP_PS,"US dollars per person, PPP converted",0,Units,2,Two
DATAFLOW,OECD.ECO.MAD:DSD_EO_LTB@DF_EO_LTB(1.0),OECD Economic Outlook 117 long-term scenarios,I,POL,Poland,GDPVD_CAP,"Gross domestic product per capita, volume in USD, at constant purchasing power parities",BAU1,"Business-as-usual energy transition, median climate climate damage curve, no carbon mitigation costs",A,Annual,2011,,28526.23945,,,,USD_PPP_PS,"US dollars per person, PPP converted",0,Units,2,Two
DATAFLOW,OECD.ECO.MAD:DSD_EO_LTB@DF_EO_LTB(1.0),OECD Economic Outlook 117 long-term scenarios,I,POL,Poland,GDPVD_CAP,"Gross domestic product per capita, volume in USD, at constant purchasing power parities",BAU1,"Business-as-usual energy transition, median climate climate damage curve, no carbon mitigation costs",A,Annual,2012,,28987.22967,,,,USD_PPP_PS,"US dollars per person, PPP converted",0,Units,2,Two
DATAFLOW,OECD.ECO.MAD:DSD_EO_LTB@DF_EO_LTB(1.0),OECD Economic Outlook 117 long-term scenarios,I,POL,Poland,GDPVD_CAP,"Gross domestic product per capita, volume in USD, at constant purchasing power parities",BAU1,"Business-as-usual energy transition, median climate climate damage curve, no carbon mitigation costs",A,Annual,2013,,29208.32623,,,,USD_PPP_PS,"US dollars per person, PPP converted",0,Units,2,Two
DATAFLOW,OECD.ECO.MAD:DSD_EO_LTB@DF_EO_LTB(1.0),OECD Economic Outlook 117 long-term scenarios,I,POL,Poland,GDPVD_CAP,"Gross domestic product per capita, volume in USD, at constant purchasing power parities",BAU1,"Business-as-usual energy transition, median climate climate damage curve, no carbon mitigation costs",A,Annual,2014,,30349.16301,,,,USD_PPP_PS,"US dollars per person, PPP converted",0,Units,2,Two
DATAFLOW,OECD.ECO.MAD:DSD_EO_LTB@DF_EO_LTB(1.0),OECD Economic Outlook 117 long-term scenarios,I,POL,Poland,GDPVD_CAP,"Gross domestic product per capita, volume in USD, at constant purchasing power parities",BAU1,"Business-as-usual energy transition, median climate climate damage curve, no carbon mitigation costs",A,Annual,2015,,31686.49982,,,,USD_PPP_PS,"US dollars per person, PPP converted",0,Units,2,Two
DATAFLOW,OECD.ECO.MAD:DSD_EO_LTB@DF_EO_LTB(1.0),OECD Economic Outlook 117 long-term scenarios,I,POL,Poland,GDPVD_CAP,"Gross domestic product per capita, volume in USD, at constant purchasing power parities",BAU1,"Business-as-usual energy transition, median climate climate damage curve, no carbon mitigation costs",A,Annual,2016,,32716.49981,,,,USD_PPP_PS,"US dollars per person, PPP converted",0,Units,2,Two
DATAFLOW,OECD.ECO.MAD:DSD_EO_LTB@DF_EO_LTB(1.0),OECD Economic Outlook 117 long-term scenarios,I,POL,Poland,GDPVD_CAP,"Gross domestic product per capita, volume in USD, at constant purchasing power parities",BAU1,"Business-as-usual energy transition, median climate climate damage curve, no carbon mitigation costs",A,Annual,2017,,34419.84582,,,,USD_PPP_PS,"US dollars per person, PPP converted",0,Units,2,Two
DATAFLOW,OECD.ECO.MAD:DSD_EO_LTB@DF_EO_LTB(1.0),OECD Economic Outlook 117 long-term scenarios,I,POL,Poland,GDPVD_CAP,"Gross domestic product per capita, volume in USD, at constant purchasing power parities",BAU1,"Business-as-usual energy transition, median climate climate damage curve, no carbon mitigation costs",A,Annual,2018,,36542.60152,,,,USD_PPP_PS,"US dollars per person, PPP converted",0,Units,2,Two
DATAFLOW,OECD.ECO.MAD:DSD_EO_LTB@DF_EO_LTB(1.0),OECD Economic Outlook 117 long-term scenarios,I,POL,Poland,GDPVD_CAP,"Gross domestic product per capita, volume in USD, at constant purchasing power parities",BAU1,"Business-as-usual energy transition, median climate climate damage curve, no carbon mitigation costs",A,Annual,2019,,38201.70896,,,,USD_PPP_PS,"US dollars per person, PPP converted",0,Units,2,Two
DATAFLOW,OECD.ECO.MAD:DSD_EO_LTB@DF_EO_LTB(1.0),OECD Economic Outlook 117 long-term scenarios,I,POL,Poland,GDPVD_CAP,"Gross domestic product per capita, volume in USD, at constant purchasing power parities",BAU1,"Business-as-usual energy transition, median climate climate damage curve, no carbon mitigation costs",A,Annual,2020,,38216.7415,,,,USD_PPP_PS,"US dollars per person, PPP converted",0,Units,2,Two
DATAFLOW,OECD.ECO.MAD:DSD_EO_LTB@DF_EO_LTB(1.0),OECD Economic Outlook 117 long-term scenarios,I,POL,Poland,GDPVD_CAP,"Gross domestic product per capita, volume in USD, at constant purchasing power parities",BAU1,"Business-as-usual energy transition, median climate climate damage curve, no carbon mitigation costs",A,Annual,2021,,41043.82536,,,,USD_PPP_PS,"US dollars per person, PPP converted",0,Units,2,Two
DATAFLOW,OECD.ECO.MAD:DSD_EO_LTB@DF_EO_LTB(1.0),OECD Economic Outlook 117 long-term scenarios,I,POL,Poland,GDPVD_CAP,"Gross domestic product per capita, volume in USD, at constant purchasing power parities",BAU1,"Business-as-usual energy transition, median climate climate damage curve, no carbon mitigation costs",A,Annual,2022,,42386.26647,,,,USD_PPP_PS,"US dollars per person, PPP converted",0,Units,2,Two
DATAFLOW,OECD.ECO.MAD:DSD_EO_LTB@DF_EO_LTB(1.0),OECD Economic Outlook 117 long-term scenarios,I,POL,Poland,GDPVD_CAP,"Gross domestic product per capita, volume in USD, at constant purchasing power parities",BAU1,"Business-as-usual energy transition, median climate climate damage curve, no carbon mitigation costs",A,Annual,2023,,42613.42684,,,,USD_PPP_PS,"US dollars per person, PPP converted",0,Units,2,Two
DATAFLOW,OECD.ECO.MAD:DSD_EO_LTB@DF_EO_LTB(1.0),OECD Economic Outlook 117 long-term scenarios,I,POL,Poland,GDPVD_CAP,"Gross domestic product per capita, volume in USD, at constant purchasing power parities",BAU1,"Business-as-usual energy transition, median climate climate damage curve, no carbon mitigation costs",A,Annual,2024,,43999.3827,,,,USD_PPP_PS,"US dollars per person, PPP converted",0,Units,2,Two
DATAFLOW,OECD.ECO.MAD:DSD_EO_LTB@DF_EO_LTB(1.0),OECD Economic Outlook 117 long-term scenarios,I,POL,Poland,GDPVD_CAP,"Gross domestic product per capita, volume in USD, at constant purchasing power parities",BAU1,"Business-as-usual energy transition, median climate climate damage curve, no carbon mitigation costs",A,Annual,2025,,45532.2777,,,,USD_PPP_PS,"US dollars per person, PPP converted",0,Units,2,Two
DATAFLOW,OECD.ECO.MAD:DSD_EO_LTB@DF_EO_LTB(1.0),OECD Economic Outlook 117 long-term scenarios,I,POL,Poland,GDPVD_CAP,"Gross domestic product per capita, volume in USD, at constant purchasing power parities",BAU1,"Business-as-usual energy transition, median climate climate damage curve, no carbon mitigation costs",A,Annual,2026,,46914.8989,,,,USD_PPP_PS,"US dollars per person, PPP converted",0,Units,2,Two
DATAFLOW,OECD.ECO.MAD:DSD_EO_LTB@DF_EO_LTB(1.0),OECD Economic Outlook 117 long-term scenarios,I,POL,Poland,GDPVD_CAP,"Gross domestic product per capita, volume in USD, at constant purchasing power parities",BAU1,"Business-as-usual energy transition, median climate climate damage curve, no carbon mitigation costs",A,Annual,2027,,48090.51,,,,USD_PPP_PS,"US dollars per person, PPP converted",0,Units,2,Two
DATAFLOW,OECD.ECO.MAD:DSD_EO_LTB@DF_EO_LTB(1.0),OECD Economic Outlook 117 long-term scenarios,I,POL,Poland,GDPVD_CAP,"Gross domestic product per capita, volume in USD, at constant purchasing power parities",BAU1,"Business-as-usual energy transition, median climate climate damage curve, no carbon mitigation costs",A,Annual,2028,,49358.39,,,,USD_PPP_PS,"US dollars per person, PPP converted",0,Units,2,Two
DATAFLOW,OECD.ECO.MAD:DSD_EO_LTB@DF_EO_LTB(1.0),OECD Economic Outlook 117 long-term scenarios,I,POL,Poland,GDPVD_CAP,"Gross domestic product per capita, volume in USD, at constant purchasing power parities",BAU1,"Business-as-usual energy transition, median climate climate damage curve, no carbon mitigation costs",A,Annual,2029,,50699.22,,,,USD_PPP_PS,"US dollars per person, PPP converted",0,Units,2,Two
DATAFLOW,OECD.ECO.MAD:DSD_EO_LTB@DF_EO_LTB(1.0),OECD Economic Outlook 117 long-term scenarios,I,POL,Poland,GDPVD_CAP,"Gross domestic product per capita, volume in USD, at constant purchasing power parities",BAU1,"Business-as-usual energy transition, median climate climate damage curve, no carbon mitigation costs",A,Annual,2030,,52089.29,,,,USD_PPP_PS,"US dollars per person, PPP converted",0,Units,2,Two
DATAFLOW,OECD.ECO.MAD:DSD_EO_LTB@DF_EO_LTB(1.0),OECD Economic Outlook 117 long-term scenarios,I,POL,Poland,GDPVD_CAP,"Gross domestic product per capita, volume in USD, at constant purchasing power parities",BAU1,"Business-as-usual energy transition, median climate climate damage curve, no carbon mitigation costs",A,Annual,2031,,53503.67,,,,USD_PPP_PS,"US dollars per person, PPP converted",0,Units,2,Two
DATAFLOW,OECD.ECO.MAD:DSD_EO_LTB@DF_EO_LTB(1.0),OECD Economic Outlook 117 long-term scenarios,I,POL,Poland,GDPVD_CAP,"Gross domestic product per capita, volume in USD, at constant purchasing power parities",BAU1,"Business-as-usual energy transition, median climate climate damage curve, no carbon mitigation costs",A,Annual,2032,,54928.52,,,,USD_PPP_PS,"US dollars per person, PPP converted",0,Units,2,Two
DATAFLOW,OECD.ECO.MAD:DSD_EO_LTB@DF_EO_LTB(1.0),OECD Economic Outlook 117 long-term scenarios,I,POL,Poland,GDPVD_CAP,"Gross domestic product per capita, volume in USD, at constant purchasing power parities",BAU1,"Business-as-usual energy transition, median climate climate damage curve, no carbon mitigation costs",A,Annual,2033,,56343.31,,,,USD_PPP_PS,"US dollars per person, PPP converted",0,Units,2,Two
DATAFLOW,OECD.ECO.MAD:DSD_EO_LTB@DF_EO_LTB(1.0),OECD Economic Outlook 117 long-term scenarios,I,POL,Poland,GDPVD_CAP,"Gross domestic product per capita, volume in USD, at constant purchasing power parities",BAU1,"Business-as-usual energy transition, median climate climate damage curve, no carbon mitigation costs",A,Annual,2034,,57727.89,,,,USD_PPP_PS,"US dollars per person, PPP converted",0,Units,2,Two
DATAFLOW,OECD.ECO.MAD:DSD_EO_LTB@DF_EO_LTB(1.0),OECD Economic Outlook 117 long-term scenarios,I,POL,Poland,GDPVD_CAP,"Gross domestic product per capita, volume in USD, at constant purchasing power parities",BAU1,"Business-as-usual energy transition, median climate climate damage curve, no carbon mitigation costs",A,Annual,2035,,59054.77,,,,USD_PPP_PS,"US dollars per person, PPP converted",0,Units,2,Two
DATAFLOW,OECD.ECO.MAD:DSD_EO_LTB@DF_EO_LTB(1.0),OECD Economic Outlook 117 long-term scenarios,I,POL,Poland,GDPVD_CAP,"Gross domestic product per capita, volume in USD, at constant purchasing power parities",BAU1,"Business-as-usual energy transition, median climate climate damage curve, no carbon mitigation costs",A,Annual,2036,,60293.71,,,,USD_PPP_PS,"US dollars per person, PPP converted",0,Units,2,Two
DATAFLOW,OECD.ECO.MAD:DSD_EO_LTB@DF_EO_LTB(1.0),OECD Economic Outlook 117 long-term scenarios,I,POL,Poland,GDPVD_CAP,"Gross domestic product per capita, volume in USD, at constant purchasing power parities",BAU1,"Business-as-usual energy transition, median climate climate damage curve, no carbon mitigation costs",A,Annual,2037,,61464.86,,,,USD_PPP_PS,"US dollars per person, PPP converted",0,Units,2,Two
DATAFLOW,OECD.ECO.MAD:DSD_EO_LTB@DF_EO_LTB(1.0),OECD Economic Outlook 117 long-term scenarios,I,POL,Poland,GDPVD_CAP,"Gross domestic product per capita, volume in USD, at constant purchasing power parities",BAU1,"Business-as-usual energy transition, median climate climate damage curve, no carbon mitigation costs",A,Annual,2038,,62561.36,,,,USD_PPP_PS,"US dollars per person, PPP converted",0,Units,2,Two
DATAFLOW,OECD.ECO.MAD:DSD_EO_LTB@DF_EO_LTB(1.0),OECD Economic Outlook 117 long-term scenarios,I,POL,Poland,GDPVD_CAP,"Gross domestic product per capita, volume in USD, at constant purchasing power parities",BAU1,"Business-as-usual energy transition, median climate climate damage curve, no carbon mitigation costs",A,Annual,2039,,63591.54,,,,USD_PPP_PS,"US dollars per person, PPP converted",0,Units,2,Two
DATAFLOW,OECD.ECO.MAD:DSD_EO_LTB@DF_EO_LTB(1.0),OECD Economic Outlook 117 long-term scenarios,I,POL,Poland,GDPVD_CAP,"Gross domestic product per capita, volume in USD, at constant purchasing power parities",BAU1,"Business-as-usual energy transition, median climate climate damage curve, no carbon mitigation costs",A,Annual,2040,,64551.23,,,,USD_PPP_PS,"US dollars per person, PPP converted",0,Units,2,Two
DATAFLOW,OECD.ECO.MAD:DSD_EO_LTB@DF_EO_LTB(1.0),OECD Economic Outlook 117 long-term scenarios,I,POL,Poland,GDPVD_CAP,"Gross domestic product per capita, volume in USD, at constant purchasing power parities",BAU1,"Business-as-usual energy transition, median climate climate damage curve, no carbon mitigation costs",A,Annual,2041,,65436.01,,,,USD_PPP_PS,"US dollars per person, PPP converted",0,Units,2,Two
DATAFLOW,OECD.ECO.MAD:DSD_EO_LTB@DF_EO_LTB(1.0),OECD Economic Outlook 117 long-term scenarios,I,POL,Poland,GDPVD_CAP,"Gross domestic product per capita, volume in USD, at constant purchasing power parities",BAU1,"Business-as-usual energy transition, median climate climate damage curve, no carbon mitigation costs",A,Annual,2042,,66242.84,,,,USD_PPP_PS,"US dollars per person, PPP converted",0,Units,2,Two
DATAFLOW,OECD.ECO.MAD:DSD_EO_LTB@DF_EO_LTB(1.0),OECD Economic Outlook 117 long-term scenarios,I,POL,Poland,GDPVD_CAP,"Gross domestic product per capita, volume in USD, at constant purchasing power parities",BAU1,"Business-as-usual energy transition, median climate climate damage curve, no carbon mitigation costs",A,Annual,2043,,66978.6,,,,USD_PPP_PS,"US dollars per person, PPP converted",0,Units,2,Two
DATAFLOW,OECD.ECO.MAD:DSD_EO_LTB@DF_EO_LTB(1.0),OECD Economic Outlook 117 long-term scenarios,I,POL,Poland,GDPVD_CAP,"Gross domestic product per capita, volume in USD, at constant purchasing power parities",BAU1,"Business-as-usual energy transition, median climate climate damage curve, no carbon mitigation costs",A,Annual,2044,,67643.72,,,,USD_PPP_PS,"US dollars per person, PPP converted",0,Units,2,Two
DATAFLOW,OECD.ECO.MAD:DSD_EO_LTB@DF_EO_LTB(1.0),OECD Economic Outlook 117 long-term scenarios,I,POL,Poland,GDPVD_CAP,"Gross domestic product per capita, volume in USD, at constant purchasing power parities",BAU1,"Business-as-usual energy transition, median climate climate damage curve, no carbon mitigation costs",A,Annual,2045,,68242.52,,,,USD_PPP_PS,"US dollars per person, PPP converted",0,Units,2,Two
DATAFLOW,OECD.ECO.MAD:DSD_EO_LTB@DF_EO_LTB(1.0),OECD Economic Outlook 117 long-term scenarios,I,POL,Poland,GDPVD_CAP,"Gross domestic product per capita, volume in USD, at constant purchasing power parities",BAU1,"Business-as-usual energy transition, median climate climate damage curve, no carbon mitigation costs",A,Annual,2046,,68783.55,,,,USD_PPP_PS,"US dollars per person, PPP converted",0,Units,2,Two
DATAFLOW,OECD.ECO.MAD:DSD_EO_LTB@DF_EO_LTB(1.0),OECD Economic Outlook 117 long-term scenarios,I,POL,Poland,GDPVD_CAP,"Gross domestic product per capita, volume in USD, at constant purchasing power parities",BAU1,"Business-as-usual energy transition, median climate climate damage curve, no carbon mitigation costs",A,Annual,2047,,69273.58,,,,USD_PPP_PS,"US dollars per person, PPP converted",0,Units,2,Two
DATAFLOW,OECD.ECO.MAD:DSD_EO_LTB@DF_EO_LTB(1.0),OECD Economic Outlook 117 long-term scenarios,I,POL,Poland,GDPVD_CAP,"Gross domestic product per capita, volume in USD, at constant purchasing power parities",BAU1,"Business-as-usual energy transition, median climate climate damage curve, no carbon mitigation costs",A,Annual,2048,,69726.63,,,,USD_PPP_PS,"US dollars per person, PPP converted",0,Units,2,Two
DATAFLOW,OECD.ECO.MAD:DSD_EO_LTB@DF_EO_LTB(1.0),OECD Economic Outlook 117 long-term scenarios,I,POL,Poland,GDPVD_CAP,"Gross domestic product per capita, volume in USD, at constant purchasing power parities",BAU1,"Business-as-usual energy transition, median climate climate damage curve, no carbon mitigation costs",A,Annual,2049,,70157.44,,,,USD_PPP_PS,"US dollars per person, PPP converted",0,Units,2,Two
DATAFLOW,OECD.ECO.MAD:DSD_EO_LTB@DF_EO_LTB(1.0),OECD Economic Outlook 117 long-term scenarios,I,POL,Poland,GDPVD_CAP,"Gross domestic product per capita, volume in USD, at constant purchasing power parities",BAU1,"Business-as-usual energy transition, median climate climate damage curve, no carbon mitigation costs",A,Annual,2050,,70585.09,,,,USD_PPP_PS,"US dollars per person, PPP converted",0,Units,2,Two
DATAFLOW,OECD.ECO.MAD:DSD_EO_LTB@DF_EO_LTB(1.0),OECD Economic Outlook 117 long-term scenarios,I,POL,Poland,GDPVD_CAP,"Gross domestic product per capita, volume in USD, at constant purchasing power parities",BAU1,"Business-as-usual energy transition, median climate climate damage curve, no carbon mitigation costs",A,Annual,2051,,71024.85,,,,USD_PPP_PS,"US dollars per person, PPP converted",0,Units,2,Two
DATAFLOW,OECD.ECO.MAD:DSD_EO_LTB@DF_EO_LTB(1.0),OECD Economic Outlook 117 long-term scenarios,I,POL,Poland,GDPVD_CAP,"Gross domestic product per capita, volume in USD, at constant purchasing power parities",BAU1,"Business-as-usual energy transition, median climate climate damage curve, no carbon mitigation costs",A,Annual,2052,,71493.38,,,,USD_PPP_PS,"US dollars per person, PPP converted",0,Units,2,Two
DATAFLOW,OECD.ECO.MAD:DSD_EO_LTB@DF_EO_LTB(1.0),OECD Economic Outlook 117 long-term scenarios,I,POL,Poland,GDPVD_CAP,"Gross domestic product per capita, volume in USD, at constant purchasing power parities",BAU1,"Business-as-usual energy transition, median climate climate damage curve, no carbon mitigation costs",A,Annual,2053,,71997.03,,,,USD_PPP_PS,"US dollars per person, PPP converted",0,Units,2,Two
DATAFLOW,OECD.ECO.MAD:DSD_EO_LTB@DF_EO_LTB(1.0),OECD Economic Outlook 117 long-term scenarios,I,POL,Poland,GDPVD_CAP,"Gross domestic product per capita, volume in USD, at constant purchasing power parities",BAU1,"Business-as-usual energy transition, median climate climate damage curve, no carbon mitigation costs",A,Annual,2054,,72551.08,,,,USD_PPP_PS,"US dollars per person, PPP converted",0,Units,2,Two
DATAFLOW,OECD.ECO.MAD:DSD_EO_LTB@DF_EO_LTB(1.0),OECD Economic Outlook 117 long-term scenarios,I,POL,Poland,GDPVD_CAP,"Gross domestic product per capita, volume in USD, at constant purchasing power parities",BAU1,"Business-as-usual energy transition, median climate climate damage curve, no carbon mitigation costs",A,Annual,2055,,73155.17,,,,USD_PPP_PS,"US dollars per person, PPP converted",0,Units,2,Two
DATAFLOW,OECD.ECO.MAD:DSD_EO_LTB@DF_EO_LTB(1.0),OECD Economic Outlook 117 long-term scenarios,I,POL,Poland,GDPVD_CAP,"Gross domestic product per capita, volume in USD, at constant purchasing power parities",BAU1,"Business-as-usual energy transition, median climate climate damage curve, no carbon mitigation costs",A,Annual,2056,,73813.44,,,,USD_PPP_PS,"US dollars per person, PPP converted",0,Units,2,Two
DATAFLOW,OECD.ECO.MAD:DSD_EO_LTB@DF_EO_LTB(1.0),OECD Economic Outlook 117 long-term scenarios,I,POL,Poland,GDPVD_CAP,"Gross domestic product per capita, volume in USD, at constant purchasing power parities",BAU1,"Business-as-usual energy transition, median climate climate damage curve, no carbon mitigation costs",A,Annual,2057,,74527.85,,,,USD_PPP_PS,"US dollars per person, PPP converted",0,Units,2,Two
DATAFLOW,OECD.ECO.MAD:DSD_EO_LTB@DF_EO_LTB(1.0),OECD Economic Outlook 117 long-term scenarios,I,POL,Poland,GDPVD_CAP,"Gross domestic product per capita, volume in USD, at constant purchasing power parities",BAU1,"Business-as-usual energy transition, median climate climate damage curve, no carbon mitigation costs",A,Annual,2058,,75299.32,,,,USD_PPP_PS,"US dollars per person, PPP converted",0,Units,2,Two
DATAFLOW,OECD.ECO.MAD:DSD_EO_LTB@DF_EO_LTB(1.0),OECD Economic Outlook 117 long-term scenarios,I,POL,Poland,GDPVD_CAP,"Gross domestic product per capita, volume in USD, at constant purchasing power parities",BAU1,"Business-as-usual energy transition, median climate climate damage curve, no carbon mitigation costs",A,Annual,2059,,76134.99,,,,USD_PPP_PS,"US dollars per person, PPP converted",0,Units,2,Two
DATAFLOW,OECD.ECO.MAD:DSD_EO_LTB@DF_EO_LTB(1.0),OECD Economic Outlook 117 long-term scenarios,I,POL,Poland,GDPVD_CAP,"Gross domestic product per capita, volume in USD, at constant purchasing power parities",BAU1,"Business-as-usual energy transition, median climate climate damage curve, no carbon mitigation costs",A,Annual,2060,,77049.31,,,,USD_PPP_PS,"US dollars per person, PPP converted",0,Units,2,Two
DATAFLOW,OECD.ECO.MAD:DSD_EO_LTB@DF_EO_LTB(1.0),OECD Economic Outlook 117 long-term scenarios,I,NOR,Norway,GDPVD_CAP,"Gross domestic product per capita, volume in USD, at constant purchasing power parities",BAU1,"Business-as-usual energy transition, median climate climate damage curve, no carbon mitigation costs",A,Annual,1990,,57044.26115,,,,USD_PPP_PS,"US dollars per person, PPP converted",0,Units,2,Two
DATAFLOW,OECD.ECO.MAD:DSD_EO_LTB@DF_EO_LTB(1.0),OECD Economic Outlook 117 long-term scenarios,I,NOR,Norway,GDPVD_CAP,"Gross domestic product per capita, volume in USD, at constant purchasing power parities",BAU1,"Business-as-usual energy transition, median climate climate damage curve, no carbon mitigation costs",A,Annual,1991,,58514.03683,,,,USD_PPP_PS,"US dollars per person, PPP converted",0,Units,2,Two
DATAFLOW,OECD.ECO.MAD:DSD_EO_LTB@DF_EO_LTB(1.0),OECD Economic Outlook 117 long-term scenarios,I,NOR,Norway,GDPVD_CAP,"Gross domestic product per capita, volume in USD, at constant purchasing power parities",BAU1,"Business-as-usual energy transition, median climate climate damage curve, no carbon mitigation costs",A,Annual,1992,,60266.19628,,,,USD_PPP_PS,"US dollars per person, PPP converted",0,Units,2,Two
DATAFLOW,OECD.ECO.MAD:DSD_EO_LTB@DF_EO_LTB(1.0),OECD Economic Outlook 117 long-term scenarios,I,NOR,Norway,GDPVD_CAP,"Gross domestic product per capita, volume in USD, at constant purchasing power parities",BAU1,"Business-as-usual energy transition, median climate climate damage curve, no carbon mitigation costs",A,Annual,1993,,61607.15712,,,,USD_PPP_PS,"US dollars per person, PPP converted",0,Units,2,Two
DATAFLOW,OECD.ECO.MAD:DSD_EO_LTB@DF_EO_LTB(1.0),OECD Economic Outlook 117 long-term scenarios,I,NOR,Norway,GDPVD_CAP,"Gross domestic product per capita, volume in USD, at constant purchasing power parities",BAU1,"Business-as-usual energy transition, median climate climate damage curve, no carbon mitigation costs",A,Annual,1994,,64348.52334,,,,USD_PPP_PS,"US dollars per person, PPP converted",0,Units,2,Two
DATAFLOW,OECD.ECO.MAD:DSD_EO_LTB@DF_EO_LTB(1.0),OECD Economic Outlook 117 long-term scenarios,I,NOR,Norway,GDPVD_CAP,"Gross domestic product per capita, volume in USD, at constant purchasing power parities",BAU1,"Business-as-usual energy transition, median climate climate damage curve, no carbon mitigation costs",A,Annual,1995,,66684.33688,,,,USD_PPP_PS,"US dollars per person, PPP converted",0,Units,2,Two
DATAFLOW,OECD.ECO.MAD:DSD_EO_LTB@DF_EO_LTB(1.0),OECD Economic Outlook 117 long-term scenarios,I,NOR,Norway,GDPVD_CAP,"Gross domestic product per capita, volume in USD, at constant purchasing power parities",BAU1,"Business-as-usual energy transition, median climate climate damage curve, no carbon mitigation costs",A,Annual,1996,,69685.44841,,,,USD_PPP_PS,"US dollars per person, PPP converted",0,Units,2,Two
DATAFLOW,OECD.ECO.MAD:DSD_EO_LTB@DF_EO_LTB(1.0),OECD Economic Outlook 117 long-term scenarios,I,NOR,Norway,GDPVD_CAP,"Gross domestic product per capita, volume in USD, at constant purchasing power parities",BAU1,"Business-as-usual energy transition, median climate climate damage curve, no carbon mitigation costs",A,Annual,1997,,72968.2943,,,,USD_PPP_PS,"US dollars per person, PPP converted",0,Units,2,Two
DATAFLOW,OECD.ECO.MAD:DSD_EO_LTB@DF_EO_LTB(1.0),OECD Economic Outlook 117 long-term scenarios,I,NOR,Norway,GDPVD_CAP,"Gross domestic product per capita, volume in USD, at constant purchasing power parities",BAU1,"Business-as-usual energy transition, median climate climate damage curve, no carbon mitigation costs",A,Annual,1998,,74476.05005,,,,USD_PPP_PS,"US dollars per person, PPP converted",0,Units,2,Two
DATAFLOW,OECD.ECO.MAD:DSD_EO_LTB@DF_EO_LTB(1.0),OECD Economic Outlook 117 long-term scenarios,I,NOR,Norway,GDPVD_CAP,"Gross domestic product per capita, volume in USD, at constant purchasing power parities",BAU1,"Business-as-usual energy transition, median climate climate damage curve, no carbon mitigation costs",A,Annual,1999,,75491.07442,,,,USD_PPP_PS,"US dollars per person, PPP converted",0,Units,2,Two
DATAFLOW,OECD.ECO.MAD:DSD_EO_LTB@DF_EO_LTB(1.0),OECD Economic Outlook 117 long-term scenarios,I,NOR,Norway,GDPVD_CAP,"Gross domestic product per capita, volume in USD, at constant purchasing power parities",BAU1,"Business-as-usual energy transition, median climate climate damage curve, no carbon mitigation costs",A,Annual,2000,,77492.92141,,,,USD_PPP_PS,"US dollars per person, PPP converted",0,Units,2,Two
DATAFLOW,OECD.ECO.MAD:DSD_EO_LTB@DF_EO_LTB(1.0),OECD Economic Outlook 117 long-term scenarios,I,NOR,Norway,GDPVD_CAP,"Gross domestic product per capita, volume in USD, at constant purchasing power parities",BAU1,"Business-as-usual energy transition, median climate climate damage curve, no carbon mitigation costs",A,Annual,2001,,78691.78716,,,,USD_PPP_PS,"US dollars per person, PPP converted",0,Units,2,Two
DATAFLOW,OECD.ECO.MAD:DSD_EO_LTB@DF_EO_LTB(1.0),OECD Economic Outlook 117 long-term scenarios,I,NOR,Norway,GDPVD_CAP,"Gross domestic product per capita, volume in USD, at constant purchasing power parities",BAU1,"Business-as-usual energy transition, median climate climate damage curve, no carbon mitigation costs",A,Annual,2002,,79353.89636,,,,USD_PPP_PS,"US dollars per person, PPP converted",0,Units,2,Two
DATAFLOW,OECD.ECO.MAD:DSD_EO_LTB@DF_EO_LTB(1.0),OECD Economic Outlook 117 long-term scenarios,I,NOR,Norway,GDPVD_CAP,"Gross domestic product per capita, volume in USD, at constant purchasing power parities",BAU1,"Business-as-usual energy transition, median climate climate damage curve, no carbon mitigation costs",A,Annual,2003,,79629.95294,,,,USD_PPP_PS,"US dollars per person, PPP converted",0,Units,2,Two
DATAFLOW,OECD.ECO.MAD:DSD_EO_LTB@DF_EO_LTB(1.0),OECD Economic Outlook 117 long-term scenarios,I,NOR,Norway,GDPVD_CAP,"Gross domestic product per capita, volume in USD, at constant purchasing power parities",BAU1,"Business-as-usual energy transition, median climate climate damage curve, no carbon mitigation costs",A,Annual,2004,,82339.78186,,,,USD_PPP_PS,"US dollars per person, PPP converted",0,Units,2,Two
DATAFLOW,OECD.ECO.MAD:DSD_EO_LTB@DF_EO_LTB(1.0),OECD Economic Outlook 117 long-term scenarios,I,NOR,Norway,GDPVD_CAP,"Gross domestic product per capita, volume in USD, at constant purchasing power parities",BAU1,"Business-as-usual energy transition, median climate climate damage curve, no carbon mitigation costs",A,Annual,2005,,83983.73135,,,,USD_PPP_PS,"US dollars per person, PPP converted",0,Units,2,Two
DATAFLOW,OECD.ECO.MAD:DSD_EO_LTB@DF_EO_LTB(1.0),OECD Economic Outlook 117 long-term scenarios,I,NOR,Norway,GDPVD_CAP,"Gross domestic product per capita, volume in USD, at constant purchasing power parities",BAU1,"Business-as-usual energy transition, median climate climate damage curve, no carbon mitigation costs",A,Annual,2006,,85349.41818,,,,USD_PPP_PS,"US dollars per person, PPP converted",0,Units,2,Two
DATAFLOW,OECD.ECO.MAD:DSD_EO_LTB@DF_EO_LTB(1.0),OECD Economic Outlook 117 long-term scenarios,I,NOR,Norway,GDPVD_CAP,"Gross domestic product per capita, volume in USD, at constant purchasing power parities",BAU1,"Business-as-usual energy transition, median climate climate damage curve, no carbon mitigation costs",A,Annual,2007,,86941.19686,,,,USD_PPP_PS,"US dollars per person, PPP converted",0,Units,2,Two
DATAFLOW,OECD.ECO.MAD:DSD_EO_LTB@DF_EO_LTB(1.0),OECD Economic Outlook 117 long-term scenarios,I,NOR,Norway,GDPVD_CAP,"Gross domestic product per capita, volume in USD, at constant purchasing power parities",BAU1,"Business-as-usual energy transition, median climate climate damage curve, no carbon mitigation costs",A,Annual,2008,,86279.15933,,,,USD_PPP_PS,"US dollars per person, PPP converted",0,Units,2,Two
DATAFLOW,OECD.ECO.MAD:DSD_EO_LTB@DF_EO_LTB(1.0),OECD Economic Outlook 117 long-term scenarios,I,NOR,Norway,GDPVD_CAP,"Gross domestic product per capita, volume in USD, at constant purchasing power parities",BAU1,"Business-as-usual energy transition, median climate climate damage curve, no carbon mitigation costs",A,Annual,2009,,83536.28919,,,,USD_PPP_PS,"US dollars per person, PPP converted",0,Units,2,Two
DATAFLOW,OECD.ECO.MAD:DSD_EO_LTB@DF_EO_LTB(1.0),OECD Economic Outlook 117 long-term scenarios,I,NOR,Norway,GDPVD_CAP,"Gross domestic product per capita, volume in USD, at constant purchasing power parities",BAU1,"Business-as-usual energy transition, median climate climate damage curve, no carbon mitigation costs",A,Annual,2010,,83160.52859,,,,USD_PPP_PS,"US dollars per person, PPP converted",0,Units,2,Two
DATAFLOW,OECD.ECO.MAD:DSD_EO_LTB@DF_EO_LTB(1.0),OECD Economic Outlook 117 long-term scenarios,I,NOR,Norway,GDPVD_CAP,"Gross domestic product per capita, volume in USD, at constant purchasing power parities",BAU1,"Business-as-usual energy transition, median climate climate damage curve, no carbon mitigation costs",A,Annual,2011,,82993.53112,,,,USD_PPP_PS,"US dollars per person, PPP converted",0,Units,2,Two
DATAFLOW,OECD.ECO.MAD:DSD_EO_LTB@DF_EO_LTB(1.0),OECD Economic Outlook 117 long-term scenarios,I,NOR,Norway,GDPVD_CAP,"Gross domestic product per capita, volume in USD, at constant purchasing power parities",BAU1,"Business-as-usual energy transition, median climate climate damage curve, no carbon mitigation costs",A,Annual,2012,,84128.24405,,,,USD_PPP_PS,"US dollars per person, PPP converted",0,Units,2,Two
DATAFLOW,OECD.ECO.MAD:DSD_EO_LTB@DF_EO_LTB(1.0),OECD Economic Outlook 117 long-term scenarios,I,NOR,Norway,GDPVD_CAP,"Gross domestic product per capita, volume in USD, at constant purchasing power parities",BAU1,"Business-as-usual energy transition, median climate climate damage curve, no carbon mitigation costs",A,Annual,2013,,83962.67892,,,,USD_PPP_PS,"US dollars per person, PPP converted",0,Units,2,Two
DATAFLOW,OECD.ECO.MAD:DSD_EO_LTB@DF_EO_LTB(1.0),OECD Economic Outlook 117 long-term scenarios,I,NOR,Norway,GDPVD_CAP,"Gross domestic product per capita, volume in USD, at constant purchasing power parities",BAU1,"Business-as-usual energy transition, median climate climate damage curve, no carbon mitigation costs",A,Annual,2014,,84731.60617,,,,USD_PPP_PS,"US dollars per person, PPP converted",0,Units,2,Two
DATAFLOW,OECD.ECO.MAD:DSD_EO_LTB@DF_EO_LTB(1.0),OECD Economic Outlook 117 long-term scenarios,I,NOR,Norway,GDPVD_CAP,"Gross domestic product per capita, volume in USD, at constant purchasing power parities",BAU1,"Business-as-usual energy transition, median climate climate damage curve, no carbon mitigation costs",A,Annual,2015,,85424.02707,,,,USD_PPP_PS,"US dollars per person, PPP converted",0,Units,2,Two
DATAFLOW,OECD.ECO.MAD:DSD_EO_LTB@DF_EO_LTB(1.0),OECD Economic Outlook 117 long-term scenarios,I,NOR,Norway,GDPVD_CAP,"Gross domestic product per capita, volume in USD, at constant purchasing power parities",BAU1,"Business-as-usual energy transition, median climate climate damage curve, no carbon mitigation costs",A,Annual,2016,,85659.75459,,,,USD_PPP_PS,"US dollars per person, PPP converted",0,Units,2,Two
DATAFLOW,OECD.ECO.MAD:DSD_EO_LTB@DF_EO_LTB(1.0),OECD Economic Outlook 117 long-term scenarios,I,NOR,Norway,GDPVD_CAP,"Gross domestic product per capita, volume in USD, at constant purchasing power parities",BAU1,"Business-as-usual energy transition, median climate climate damage curve, no carbon mitigation costs",A,Annual,2017,,87088.26365,,,,USD_PPP_PS,"US dollars per person, PPP converted",0,Units,2,Two
DATAFLOW,OECD.ECO.MAD:DSD_EO_LTB@DF_EO_LTB(1.0),OECD Economic Outlook 117 long-term scenarios,I,NOR,Norway,GDPVD_CAP,"Gross domestic product per capita, volume in USD, at constant purchasing power parities",BAU1,"Business-as-usual energy transition, median climate climate damage curve, no carbon mitigation costs",A,Annual,2018,,87231.59072,,,,USD_PPP_PS,"US dollars per person, PPP converted",0,Units,2,Two
DATAFLOW,OECD.ECO.MAD:DSD_EO_LTB@DF_EO_LTB(1.0),OECD Economic Outlook 117 long-term scenarios,I,NOR,Norway,GDPVD_CAP,"Gross domestic product per capita, volume in USD, at constant purchasing power parities",BAU1,"Business-as-usual energy transition, median climate climate damage curve, no carbon mitigation costs",A,Annual,2019,,87618.05427,,,,USD_PPP_PS,"US dollars per person, PPP converted",0,Units,2,Two
DATAFLOW,OECD.ECO.MAD:DSD_EO_LTB@DF_EO_LTB(1.0),OECD Economic Outlook 117 long-term scenarios,I,NOR,Norway,GDPVD_CAP,"Gross domestic product per capita, volume in USD, at constant purchasing power parities",BAU1,"Business-as-usual energy transition, median climate climate damage curve, no carbon mitigation costs",A,Annual,2020,,85999.64346,,,,USD_PPP_PS,"US dollars per person, PPP converted",0,Units,2,Two
DATAFLOW,OECD.ECO.MAD:DSD_EO_LTB@DF_EO_LTB(1.0),OECD Economic Outlook 117 long-term scenarios,I,NOR,Norway,GDPVD_CAP,"Gross domestic product per capita, volume in USD, at constant purchasing power parities",BAU1,"Business-as-usual energy transition, median climate climate damage curve, no carbon mitigation costs",A,Annual,2021,,88881.91328,,,,USD_PPP_PS,"US dollars per person, PPP converted",0,Units,2,Two
DATAFLOW,OECD.ECO.MAD:DSD_EO_LTB@DF_EO_LTB(1.0),OECD Economic Outlook 117 long-term scenarios,I,NOR,Norway,GDPVD_CAP,"Gross domestic product per capita, volume in USD, at constant purchasing power parities",BAU1,"Business-as-usual energy transition, median climate climate damage curve, no carbon mitigation costs",A,Annual,2022,,90943.2375,,,,USD_PPP_PS,"US dollars per person, PPP converted",0,Units,2,Two
DATAFLOW,OECD.ECO.MAD:DSD_EO_LTB@DF_EO_LTB(1.0),OECD Economic Outlook 117 long-term scenarios,I,NOR,Norway,GDPVD_CAP,"Gross domestic product per capita, volume in USD, at constant purchasing power parities",BAU1,"Business-as-usual energy transition, median climate climate damage curve, no carbon mitigation costs",A,Annual,2023,,89612.99156,,,,USD_PPP_PS,"US dollars per person, PPP converted",0,Units,2,Two
DATAFLOW,OECD.ECO.MAD:DSD_EO_LTB@DF_EO_LTB(1.0),OECD Economic Outlook 117 long-term scenarios,I,NOR,Norway,GDPVD_CAP,"Gross domestic product per capita, volume in USD, at constant purchasing power parities",BAU1,"Business-as-usual energy transition, median climate climate damage curve, no carbon mitigation costs",A,Annual,2024,,90494.35913,,,,USD_PPP_PS,"US dollars per person, PPP converted",0,Units,2,Two
DATAFLOW,OECD.ECO.MAD:DSD_EO_LTB@DF_EO_LTB(1.0),OECD Economic Outlook 117 long-term scenarios,I,NOR,Norway,GDPVD_CAP,"Gross domestic product per capita, volume in USD, at constant purchasing power parities",BAU1,"Business-as-usual energy transition, median climate climate damage curve, no carbon mitigation costs",A,Annual,2025,,89931.79009,,,,USD_PPP_PS,"US dollars per person, PPP converted",0,Units,2,Two
DATAFLOW,OECD.ECO.MAD:DSD_EO_LTB@DF_EO_LTB(1.0),OECD Economic Outlook 117 long-term scenarios,I,NOR,Norway,GDPVD_CAP,"Gross domestic product per capita, volume in USD, at constant purchasing power parities",BAU1,"Business-as-usual energy transition, median climate climate damage curve, no carbon mitigation costs",A,Annual,2026,,90731.7914,,,,USD_PPP_PS,"US dollars per person, PPP converted",0,Units,2,Two
DATAFLOW,OECD.ECO.MAD:DSD_EO_LTB@DF_EO_LTB(1.0),OECD Economic Outlook 117 long-term scenarios,I,NOR,Norway,GDPVD_CAP,"Gross domestic product per capita, volume in USD, at constant purchasing power parities",BAU1,"Business-as-usual energy transition, median climate climate damage curve, no carbon mitigation costs",A,Annual,2027,,91023.81,,,,USD_PPP_PS,"US dollars per person, PPP converted",0,Units,2,Two
DATAFLOW,OECD.ECO.MAD:DSD_EO_LTB@DF_EO_LTB(1.0),OECD Economic Outlook 117 long-term scenarios,I,NOR,Norway,GDPVD_CAP,"Gross domestic product per capita, volume in USD, at constant purchasing power parities",BAU1,"Business-as-usual energy transition, median climate climate damage curve, no carbon mitigation costs",A,Annual,2028,,91193.69,,,,USD_PPP_PS,"US dollars per person, PPP converted",0,Units,2,Two
DATAFLOW,OECD.ECO.MAD:DSD_EO_LTB@DF_EO_LTB(1.0),OECD Economic Outlook 117 long-term scenarios,I,NOR,Norway,GDPVD_CAP,"Gross domestic product per capita, volume in USD, at constant purchasing power parities",BAU1,"Business-as-usual energy transition, median climate climate damage curve, no carbon mitigation costs",A,Annual,2029,,91415.45,,,,USD_PPP_PS,"US dollars per person, PPP converted",0,Units,2,Two
DATAFLOW,OECD.ECO.MAD:DSD_EO_LTB@DF_EO_LTB(1.0),OECD Economic Outlook 117 long-term scenarios,I,NOR,Norway,GDPVD_CAP,"Gross domestic product per capita, volume in USD, at constant purchasing power parities",BAU1,"Business-as-usual energy transition, median climate climate damage curve, no carbon mitigation costs",A,Annual,2030,,91705.01,,,,USD_PPP_PS,"US dollars per person, PPP converted",0,Units,2,Two
DATAFLOW,OECD.ECO.MAD:DSD_EO_LTB@DF_EO_LTB(1.0),OECD Economic Outlook 117 long-term scenarios,I,NOR,Norway,GDPVD_CAP,"Gross domestic product per capita, volume in USD, at constant purchasing power parities",BAU1,"Business-as-usual energy transition, median climate climate damage curve, no carbon mitigation costs",A,Annual,2031,,92053.05,,,,USD_PPP_PS,"US dollars per person, PPP converted",0,Units,2,Two
DATAFLOW,OECD.ECO.MAD:DSD_EO_LTB@DF_EO_LTB(1.0),OECD Economic Outlook 117 long-term scenarios,I,NOR,Norway,GDPVD_CAP,"Gross domestic product per capita, volume in USD, at constant purchasing power parities",BAU1,"Business-as-usual energy transition, median climate climate damage curve, no carbon mitigation costs",A,Annual,2032,,92453.82,,,,USD_PPP_PS,"US dollars per person, PPP converted",0,Units,2,Two
DATAFLOW,OECD.ECO.MAD:DSD_EO_LTB@DF_EO_LTB(1.0),OECD Economic Outlook 117 long-term scenarios,I,NOR,Norway,GDPVD_CAP,"Gross domestic product per capita, volume in USD, at constant purchasing power parities",BAU1,"Business-as-usual energy transition, median climate climate damage curve, no carbon mitigation costs",A,Annual,2033,,92904.92,,,,USD_PPP_PS,"US dollars per person, PPP converted",0,Units,2,Two
DATAFLOW,OECD.ECO.MAD:DSD_EO_LTB@DF_EO_LTB(1.0),OECD Economic Outlook 117 long-term scenarios,I,NOR,Norway,GDPVD_CAP,"Gross domestic product per capita, volume in USD, at constant purchasing power parities",BAU1,"Business-as-usual energy transition, median climate climate damage curve, no carbon mitigation costs",A,Annual,2034,,93393.16,,,,USD_PPP_PS,"US dollars per person, PPP converted",0,Units,2,Two
DATAFLOW,OECD.ECO.MAD:DSD_EO_LTB@DF_EO_LTB(1.0),OECD Economic Outlook 117 long-term scenarios,I,NOR,Norway,GDPVD_CAP,"Gross domestic product per capita, volume in USD, at constant purchasing power parities",BAU1,"Business-as-usual energy transition, median climate climate damage curve, no carbon mitigation costs",A,Annual,2035,,93914.37,,,,USD_PPP_PS,"US dollars per person, PPP converted",0,Units,2,Two
DATAFLOW,OECD.ECO.MAD:DSD_EO_LTB@DF_EO_LTB(1.0),OECD Economic Outlook 117 long-term scenarios,I,NOR,Norway,GDPVD_CAP,"Gross domestic product per capita, volume in USD, at constant purchasing power parities",BAU1,"Business-as-usual energy transition, median climate climate damage curve, no carbon mitigation costs",A,Annual,2036,,94465.66,,,,USD_PPP_PS,"US dollars per person, PPP converted",0,Units,2,Two
DATAFLOW,OECD.ECO.MAD:DSD_EO_LTB@DF_EO_LTB(1.0),OECD Economic Outlook 117 long-term scenarios,I,NOR,Norway,GDPVD_CAP,"Gross domestic product per capita, volume in USD, at constant purchasing power parities",BAU1,"Business-as-usual energy transition, median climate climate damage curve, no carbon mitigation costs",A,Annual,2037,,95065.61,,,,USD_PPP_PS,"US dollars per person, PPP converted",0,Units,2,Two
DATAFLOW,OECD.ECO.MAD:DSD_EO_LTB@DF_EO_LTB(1.0),OECD Economic Outlook 117 long-term scenarios,I,NOR,Norway,GDPVD_CAP,"Gross domestic product per capita, volume in USD, at constant purchasing power parities",BAU1,"Business-as-usual energy transition, median climate climate damage curve, no carbon mitigation costs",A,Annual,2038,,95690.37,,,,USD_PPP_PS,"US dollars per person, PPP converted",0,Units,2,Two
DATAFLOW,OECD.ECO.MAD:DSD_EO_LTB@DF_EO_LTB(1.0),OECD Economic Outlook 117 long-term scenarios,I,NOR,Norway,GDPVD_CAP,"Gross domestic product per capita, volume in USD, at constant purchasing power parities",BAU1,"Business-as-usual energy transition, median climate climate damage curve, no carbon mitigation costs",A,Annual,2039,,96334.57,,,,USD_PPP_PS,"US dollars per person, PPP converted",0,Units,2,Two
DATAFLOW,OECD.ECO.MAD:DSD_EO_LTB@DF_EO_LTB(1.0),OECD Economic Outlook 117 long-term scenarios,I,NOR,Norway,GDPVD_CAP,"Gross domestic product per capita, volume in USD, at constant purchasing power parities",BAU1,"Business-as-usual energy transition, median climate climate damage curve, no carbon mitigation costs",A,Annual,2040,,97008.05,,,,USD_PPP_PS,"US dollars per person, PPP converted",0,Units,2,Two
DATAFLOW,OECD.ECO.MAD:DSD_EO_LTB@DF_EO_LTB(1.0),OECD Economic Outlook 117 long-term scenarios,I,NOR,Norway,GDPVD_CAP,"Gross domestic product per capita, volume in USD, at constant purchasing power parities",BAU1,"Business-as-usual energy transition, median climate climate damage curve, no carbon mitigation costs",A,Annual,2041,,97721.82,,,,USD_PPP_PS,"US dollars per person, PPP converted",0,Units,2,Two
DATAFLOW,OECD.ECO.MAD:DSD_EO_LTB@DF_EO_LTB(1.0),OECD Economic Outlook 117 long-term scenarios,I,NOR,Norway,GDPVD_CAP,"Gross domestic product per capita, volume in USD, at constant purchasing power parities",BAU1,"Business-as-usual energy transition, median climate climate damage curve, no carbon mitigation costs",A,Annual,2042,,98457.35,,,,USD_PPP_PS,"US dollars per person, PPP converted",0,Units,2,Two
DATAFLOW,OECD.ECO.MAD:DSD_EO_LTB@DF_EO_LTB(1.0),OECD Economic Outlook 117 long-term scenarios,I,NOR,Norway,GDPVD_CAP,"Gross domestic product per capita, volume in USD, at constant purchasing power parities",BAU1,"Business-as-usual energy transition, median climate climate damage curve, no carbon mitigation costs",A,Annual,2043,,99220.03,,,,USD_PPP_PS,"US dollars per person, PPP converted",0,Units,2,Two
DATAFLOW,OECD.ECO.MAD:DSD_EO_LTB@DF_EO_LTB(1.0),OECD Economic Outlook 117 long-term scenarios,I,NOR,Norway,GDPVD_CAP,"Gross domestic product per capita, volume in USD, at constant purchasing power parities",BAU1,"Business-as-usual energy transition, median climate climate damage curve, no carbon mitigation costs",A,Annual,2044,,100003,,,,USD_PPP_PS,"US dollars per person, PPP converted",0,Units,2,Two
DATAFLOW,OECD.ECO.MAD:DSD_EO_LTB@DF_EO_LTB(1.0),OECD Economic Outlook 117 long-term scenarios,I,NOR,Norway,GDPVD_CAP,"Gross domestic product per capita, volume in USD, at constant purchasing power parities",BAU1,"Business-as-usual energy transition, median climate climate damage curve, no carbon mitigation costs",A,Annual,2045,,100797.1,,,,USD_PPP_PS,"US dollars per person, PPP converted",0,Units,2,Two
DATAFLOW,OECD.ECO.MAD:DSD_EO_LTB@DF_EO_LTB(1.0),OECD Economic Outlook 117 long-term scenarios,I,NOR,Norway,GDPVD_CAP,"Gross domestic product per capita, volume in USD, at constant purchasing power parities",BAU1,"Business-as-usual energy transition, median climate climate damage curve, no carbon mitigation costs",A,Annual,2046,,101592.9,,,,USD_PPP_PS,"US dollars per person, PPP converted",0,Units,2,Two
DATAFLOW,OECD.ECO.MAD:DSD_EO_LTB@DF_EO_LTB(1.0),OECD Economic Outlook 117 long-term scenarios,I,NOR,Norway,GDPVD_CAP,"Gross domestic product per capita, volume in USD, at constant purchasing power parities",BAU1,"Business-as-usual energy transition, median climate climate damage curve, no carbon mitigation costs",A,Annual,2047,,102405.6,,,,USD_PPP_PS,"US dollars per person, PPP converted",0,Units,2,Two
DATAFLOW,OECD.ECO.MAD:DSD_EO_LTB@DF_EO_LTB(1.0),OECD Economic Outlook 117 long-term scenarios,I,NOR,Norway,GDPVD_CAP,"Gross domestic product per capita, volume in USD, at constant purchasing power parities",BAU1,"Business-as-usual energy transition, median climate climate damage curve, no carbon mitigation costs",A,Annual,2048,,103225.6,,,,USD_PPP_PS,"US dollars per person, PPP converted",0,Units,2,Two
DATAFLOW,OECD.ECO.MAD:DSD_EO_LTB@DF_EO_LTB(1.0),OECD Economic Outlook 117 long-term scenarios,I,NOR,Norway,GDPVD_CAP,"Gross domestic product per capita, volume in USD, at constant purchasing power parities",BAU1,"Business-as-usual energy transition, median climate climate damage curve, no carbon mitigation costs",A,Annual,2049,,104044.8,,,,USD_PPP_PS,"US dollars per person, PPP converted",0,Units,2,Two
DATAFLOW,OECD.ECO.MAD:DSD_EO_LTB@DF_EO_LTB(1.0),OECD Economic Outlook 117 long-term scenarios,I,NOR,Norway,GDPVD_CAP,"Gross domestic product per capita, volume in USD, at constant purchasing power parities",BAU1,"Business-as-usual energy transition, median climate climate damage curve, no carbon mitigation costs",A,Annual,2050,,104882.5,,,,USD_PPP_PS,"US dollars per person, PPP converted",0,Units,2,Two
DATAFLOW,OECD.ECO.MAD:DSD_EO_LTB@DF_EO_LTB(1.0),OECD Economic Outlook 117 long-term scenarios,I,NOR,Norway,GDPVD_CAP,"Gross domestic product per capita, volume in USD, at constant purchasing power parities",BAU1,"Business-as-usual energy transition, median climate climate damage curve, no carbon mitigation costs",A,Annual,2051,,105739.2,,,,USD_PPP_PS,"US dollars per person, PPP converted",0,Units,2,Two
DATAFLOW,OECD.ECO.MAD:DSD_EO_LTB@DF_EO_LTB(1.0),OECD Economic Outlook 117 long-term scenarios,I,NOR,Norway,GDPVD_CAP,"Gross domestic product per capita, volume in USD, at constant purchasing power parities",BAU1,"Business-as-usual energy transition, median climate climate damage curve, no carbon mitigation costs",A,Annual,2052,,106610.1,,,,USD_PPP_PS,"US dollars per person, PPP converted",0,Units,2,Two
DATAFLOW,OECD.ECO.MAD:DSD_EO_LTB@DF_EO_LTB(1.0),OECD Economic Outlook 117 long-term scenarios,I,NOR,Norway,GDPVD_CAP,"Gross domestic product per capita, volume in USD, at constant purchasing power parities",BAU1,"Business-as-usual energy transition, median climate climate damage curve, no carbon mitigation costs",A,Annual,2053,,107484,,,,USD_PPP_PS,"US dollars per person, PPP converted",0,Units,2,Two
DATAFLOW,OECD.ECO.MAD:DSD_EO_LTB@DF_EO_LTB(1.0),OECD Economic Outlook 117 long-term scenarios,I,NOR,Norway,GDPVD_CAP,"Gross domestic product per capita, volume in USD, at constant purchasing power parities",BAU1,"Business-as-usual energy transition, median climate climate damage curve, no carbon mitigation costs",A,Annual,2054,,108365.4,,,,USD_PPP_PS,"US dollars per person, PPP converted",0,Units,2,Two
DATAFLOW,OECD.ECO.MAD:DSD_EO_LTB@DF_EO_LTB(1.0),OECD Economic Outlook 117 long-term scenarios,I,NOR,Norway,GDPVD_CAP,"Gross domestic product per capita, volume in USD, at constant purchasing power parities",BAU1,"Business-as-usual energy transition, median climate climate damage curve, no carbon mitigation costs",A,Annual,2055,,109246.7,,,,USD_PPP_PS,"US dollars per person, PPP converted",0,Units,2,Two
DATAFLOW,OECD.ECO.MAD:DSD_EO_LTB@DF_EO_LTB(1.0),OECD Economic Outlook 117 long-term scenarios,I,NOR,Norway,GDPVD_CAP,"Gross domestic product per capita, volume in USD, at constant purchasing power parities",BAU1,"Business-as-usual energy transition, median climate climate damage curve, no carbon mitigation costs",A,Annual,2056,,110140,,,,USD_PPP_PS,"US dollars per person, PPP converted",0,Units,2,Two
DATAFLOW,OECD.ECO.MAD:DSD_EO_LTB@DF_EO_LTB(1.0),OECD Economic Outlook 117 long-term scenarios,I,NOR,Norway,GDPVD_CAP,"Gross domestic product per capita, volume in USD, at constant purchasing power parities",BAU1,"Business-as-usual energy transition, median climate climate damage curve, no carbon mitigation costs",A,Annual,2057,,111066.7,,,,USD_PPP_PS,"US dollars per person, PPP converted",0,Units,2,Two
DATAFLOW,OECD.ECO.MAD:DSD_EO_LTB@DF_EO_LTB(1.0),OECD Economic Outlook 117 long-term scenarios,I,NOR,Norway,GDPVD_CAP,"Gross domestic product per capita, volume in USD, at constant purchasing power parities",BAU1,"Business-as-usual energy transition, median climate climate damage curve, no carbon mitigation costs",A,Annual,2058,,112034.6,,,,USD_PPP_PS,"US dollars per person, PPP converted",0,Units,2,Two
DATAFLOW,OECD.ECO.MAD:DSD_EO_LTB@DF_EO_LTB(1.0),OECD Economic Outlook 117 long-term scenarios,I,NOR,Norway,GDPVD_CAP,"Gross domestic product per capita, volume in USD, at constant purchasing power parities",BAU1,"Business-as-usual energy transition, median climate climate damage curve, no carbon mitigation costs",A,Annual,2059,,113032.2,,,,USD_PPP_PS,"US dollars per person, PPP converted",0,Units,2,Two
DATAFLOW,OECD.ECO.MAD:DSD_EO_LTB@DF_EO_LTB(1.0),OECD Economic Outlook 117 long-term scenarios,I,NOR,Norway,GDPVD_CAP,"Gross domestic product per capita, volume in USD, at constant purchasing power parities",BAU1,"Business-as-usual energy transition, median climate climate damage curve, no carbon mitigation costs",A,Annual,2060,,114082.6,,,,USD_PPP_PS,"US dollars per person, PPP converted",0,Units,2,Two
DATAFLOW,OECD.ECO.MAD:DSD_EO_LTB@DF_EO_LTB(1.0),OECD Economic Outlook 117 long-term scenarios,I,NLD,Netherlands,GDPVD_CAP,"Gross domestic product per capita, volume in USD, at constant purchasing power parities",BAU1,"Business-as-usual energy transition, median climate climate damage curve, no carbon mitigation costs",A,Annual,1990,,43126.41654,,,,USD_PPP_PS,"US dollars per person, PPP converted",0,Units,2,Two
DATAFLOW,OECD.ECO.MAD:DSD_EO_LTB@DF_EO_LTB(1.0),OECD Economic Outlook 117 long-term scenarios,I,NLD,Netherlands,GDPVD_CAP,"Gross domestic product per capita, volume in USD, at constant purchasing power parities",BAU1,"Business-as-usual energy transition, median climate climate damage curve, no carbon mitigation costs",A,Annual,1991,,43828.70958,,,,USD_PPP_PS,"US dollars per person, PPP converted",0,Units,2,Two
DATAFLOW,OECD.ECO.MAD:DSD_EO_LTB@DF_EO_LTB(1.0),OECD Economic Outlook 117 long-term scenarios,I,NLD,Netherlands,GDPVD_CAP,"Gross domestic product per capita, volume in USD, at constant purchasing power parities",BAU1,"Business-as-usual energy transition, median climate climate damage curve, no carbon mitigation costs",A,Annual,1992,,44191.22786,,,,USD_PPP_PS,"US dollars per person, PPP converted",0,Units,2,Two
DATAFLOW,OECD.ECO.MAD:DSD_EO_LTB@DF_EO_LTB(1.0),OECD Economic Outlook 117 long-term scenarios,I,NLD,Netherlands,GDPVD_CAP,"Gross domestic product per capita, volume in USD, at constant purchasing power parities",BAU1,"Business-as-usual energy transition, median climate climate damage curve, no carbon mitigation costs",A,Annual,1993,,44433.60286,,,,USD_PPP_PS,"US dollars per person, PPP converted",0,Units,2,Two
DATAFLOW,OECD.ECO.MAD:DSD_EO_LTB@DF_EO_LTB(1.0),OECD Economic Outlook 117 long-term scenarios,I,NLD,Netherlands,GDPVD_CAP,"Gross domestic product per capita, volume in USD, at constant purchasing power parities",BAU1,"Business-as-usual energy transition, median climate climate damage curve, no carbon mitigation costs",A,Annual,1994,,45499.45781,,,,USD_PPP_PS,"US dollars per person, PPP converted",0,Units,2,Two
DATAFLOW,OECD.ECO.MAD:DSD_EO_LTB@DF_EO_LTB(1.0),OECD Economic Outlook 117 long-term scenarios,I,NLD,Netherlands,GDPVD_CAP,"Gross domestic product per capita, volume in USD, at constant purchasing power parities",BAU1,"Business-as-usual energy transition, median climate climate damage curve, no carbon mitigation costs",A,Annual,1995,,46740.64101,,,,USD_PPP_PS,"US dollars per person, PPP converted",0,Units,2,Two
DATAFLOW,OECD.ECO.MAD:DSD_EO_LTB@DF_EO_LTB(1.0),OECD Economic Outlook 117 long-term scenarios,I,NLD,Netherlands,GDPVD_CAP,"Gross domestic product per capita, volume in USD, at constant purchasing power parities",BAU1,"Business-as-usual energy transition, median climate climate damage curve, no carbon mitigation costs",A,Annual,1996,,48057.67679,,,,USD_PPP_PS,"US dollars per person, PPP converted",0,Units,2,Two
DATAFLOW,OECD.ECO.MAD:DSD_EO_LTB@DF_EO_LTB(1.0),OECD Economic Outlook 117 long-term scenarios,I,NLD,Netherlands,GDPVD_CAP,"Gross domestic product per capita, volume in USD, at constant purchasing power parities",BAU1,"Business-as-usual energy transition, median climate climate damage curve, no carbon mitigation costs",A,Annual,1997,,49916.46273,,,,USD_PPP_PS,"US dollars per person, PPP converted",0,Units,2,Two
DATAFLOW,OECD.ECO.MAD:DSD_EO_LTB@DF_EO_LTB(1.0),OECD Economic Outlook 117 long-term scenarios,I,NLD,Netherlands,GDPVD_CAP,"Gross domestic product per capita, volume in USD, at constant purchasing power parities",BAU1,"Business-as-usual energy transition, median climate climate damage curve, no carbon mitigation costs",A,Annual,1998,,51872.89687,,,,USD_PPP_PS,"US dollars per person, PPP converted",0,Units,2,Two
DATAFLOW,OECD.ECO.MAD:DSD_EO_LTB@DF_EO_LTB(1.0),OECD Economic Outlook 117 long-term scenarios,I,NLD,Netherlands,GDPVD_CAP,"Gross domestic product per capita, volume in USD, at constant purchasing power parities",BAU1,"Business-as-usual energy transition, median climate climate damage curve, no carbon mitigation costs",A,Annual,1999,,54072.51384,,,,USD_PPP_PS,"US dollars per person, PPP converted",0,Units,2,Two
DATAFLOW,OECD.ECO.MAD:DSD_EO_LTB@DF_EO_LTB(1.0),OECD Economic Outlook 117 long-term scenarios,I,NLD,Netherlands,GDPVD_CAP,"Gross domestic product per capita, volume in USD, at constant purchasing power parities",BAU1,"Business-as-usual energy transition, median climate climate damage curve, no carbon mitigation costs",A,Annual,2000,,56003.92029,,,,USD_PPP_PS,"US dollars per person, PPP converted",0,Units,2,Two
DATAFLOW,OECD.ECO.MAD:DSD_EO_LTB@DF_EO_LTB(1.0),OECD Economic Outlook 117 long-term scenarios,I,NLD,Netherlands,GDPVD_CAP,"Gross domestic product per capita, volume in USD, at constant purchasing power parities",BAU1,"Business-as-usual energy transition, median climate climate damage curve, no carbon mitigation costs",A,Annual,2001,,56884.8393,,,,USD_PPP_PS,"US dollars per person, PPP converted",0,Units,2,Two
DATAFLOW,OECD.ECO.MAD:DSD_EO_LTB@DF_EO_LTB(1.0),OECD Economic Outlook 117 long-term scenarios,I,NLD,Netherlands,GDPVD_CAP,"Gross domestic product per capita, volume in USD, at constant purchasing power parities",BAU1,"Business-as-usual energy transition, median climate climate damage curve, no carbon mitigation costs",A,Annual,2002,,56665.61886,,,,USD_PPP_PS,"US dollars per person, PPP converted",0,Units,2,Two
DATAFLOW,OECD.ECO.MAD:DSD_EO_LTB@DF_EO_LTB(1.0),OECD Economic Outlook 117 long-term scenarios,I,NLD,Netherlands,GDPVD_CAP,"Gross domestic product per capita, volume in USD, at constant purchasing power parities",BAU1,"Business-as-usual energy transition, median climate climate damage curve, no carbon mitigation costs",A,Annual,2003,,56500.07061,,,,USD_PPP_PS,"US dollars per person, PPP converted",0,Units,2,Two
DATAFLOW,OECD.ECO.MAD:DSD_EO_LTB@DF_EO_LTB(1.0),OECD Economic Outlook 117 long-term scenarios,I,NLD,Netherlands,GDPVD_CAP,"Gross domestic product per capita, volume in USD, at constant purchasing power parities",BAU1,"Business-as-usual energy transition, median climate climate damage curve, no carbon mitigation costs",A,Annual,2004,,57291.7908,,,,USD_PPP_PS,"US dollars per person, PPP converted",0,Units,2,Two
DATAFLOW,OECD.ECO.MAD:DSD_EO_LTB@DF_EO_LTB(1.0),OECD Economic Outlook 117 long-term scenarios,I,NLD,Netherlands,GDPVD_CAP,"Gross domestic product per capita, volume in USD, at constant purchasing power parities",BAU1,"Business-as-usual energy transition, median climate climate damage curve, no carbon mitigation costs",A,Annual,2005,,58353.70156,,,,USD_PPP_PS,"US dollars per person, PPP converted",0,Units,2,Two
DATAFLOW,OECD.ECO.MAD:DSD_EO_LTB@DF_EO_LTB(1.0),OECD Economic Outlook 117 long-term scenarios,I,NLD,Netherlands,GDPVD_CAP,"Gross domestic product per capita, volume in USD, at constant purchasing power parities",BAU1,"Business-as-usual energy transition, median climate climate damage curve, no carbon mitigation costs",A,Annual,2006,,60392.8384,,,,USD_PPP_PS,"US dollars per person, PPP converted",0,Units,2,Two
DATAFLOW,OECD.ECO.MAD:DSD_EO_LTB@DF_EO_LTB(1.0),OECD Economic Outlook 117 long-term scenarios,I,NLD,Netherlands,GDPVD_CAP,"Gross domestic product per capita, volume in USD, at constant purchasing power parities",BAU1,"Business-as-usual energy transition, median climate climate damage curve, no carbon mitigation costs",A,Annual,2007,,62594.12803,,,,USD_PPP_PS,"US dollars per person, PPP converted",0,Units,2,Two
DATAFLOW,OECD.ECO.MAD:DSD_EO_LTB@DF_EO_LTB(1.0),OECD Economic Outlook 117 long-term scenarios,I,NLD,Netherlands,GDPVD_CAP,"Gross domestic product per capita, volume in USD, at constant purchasing power parities",BAU1,"Business-as-usual energy transition, median climate climate damage curve, no carbon mitigation costs",A,Annual,2008,,63686.14202,,,,USD_PPP_PS,"US dollars per person, PPP converted",0,Units,2,Two
DATAFLOW,OECD.ECO.MAD:DSD_EO_LTB@DF_EO_LTB(1.0),OECD Economic Outlook 117 long-term scenarios,I,NLD,Netherlands,GDPVD_CAP,"Gross domestic product per capita, volume in USD, at constant purchasing power parities",BAU1,"Business-as-usual energy transition, median climate climate damage curve, no carbon mitigation costs",A,Annual,2009,,61035.78156,,,,USD_PPP_PS,"US dollars per person, PPP converted",0,Units,2,Two
DATAFLOW,OECD.ECO.MAD:DSD_EO_LTB@DF_EO_LTB(1.0),OECD Economic Outlook 117 long-term scenarios,I,NLD,Netherlands,GDPVD_CAP,"Gross domestic product per capita, volume in USD, at constant purchasing power parities",BAU1,"Business-as-usual energy transition, median climate climate damage curve, no carbon mitigation costs",A,Annual,2010,,61493.02976,,,,USD_PPP_PS,"US dollars per person, PPP converted",0,Units,2,Two
DATAFLOW,OECD.ECO.MAD:DSD_EO_LTB@DF_EO_LTB(1.0),OECD Economic Outlook 117 long-term scenarios,I,NLD,Netherlands,GDPVD_CAP,"Gross domestic product per capita, volume in USD, at constant purchasing power parities",BAU1,"Business-as-usual energy transition, median climate climate damage curve, no carbon mitigation costs",A,Annual,2011,,62294.50156,,,,USD_PPP_PS,"US dollars per person, PPP converted",0,Units,2,Two
DATAFLOW,OECD.ECO.MAD:DSD_EO_LTB@DF_EO_LTB(1.0),OECD Economic Outlook 117 long-term scenarios,I,NLD,Netherlands,GDPVD_CAP,"Gross domestic product per capita, volume in USD, at constant purchasing power parities",BAU1,"Business-as-usual energy transition, median climate climate damage curve, no carbon mitigation costs",A,Annual,2012,,61454.04756,,,,USD_PPP_PS,"US dollars per person, PPP converted",0,Units,2,Two
DATAFLOW,OECD.ECO.MAD:DSD_EO_LTB@DF_EO_LTB(1.0),OECD Economic Outlook 117 long-term scenarios,I,NLD,Netherlands,GDPVD_CAP,"Gross domestic product per capita, volume in USD, at constant purchasing power parities",BAU1,"Business-as-usual energy transition, median climate climate damage curve, no carbon mitigation costs",A,Annual,2013,,61282.6318,,,,USD_PPP_PS,"US dollars per person, PPP converted",0,Units,2,Two
DATAFLOW,OECD.ECO.MAD:DSD_EO_LTB@DF_EO_LTB(1.0),OECD Economic Outlook 117 long-term scenarios,I,NLD,Netherlands,GDPVD_CAP,"Gross domestic product per capita, volume in USD, at constant purchasing power parities",BAU1,"Business-as-usual energy transition, median climate climate damage curve, no carbon mitigation costs",A,Annual,2014,,62046.66246,,,,USD_PPP_PS,"US dollars per person, PPP converted",0,Units,2,Two
DATAFLOW,OECD.ECO.MAD:DSD_EO_LTB@DF_EO_LTB(1.0),OECD Economic Outlook 117 long-term scenarios,I,NLD,Netherlands,GDPVD_CAP,"Gross domestic product per capita, volume in USD, at constant purchasing power parities",BAU1,"Business-as-usual energy transition, median climate climate damage curve, no carbon mitigation costs",A,Annual,2015,,63067.73425,,,,USD_PPP_PS,"US dollars per person, PPP converted",0,Units,2,Two
DATAFLOW,OECD.ECO.MAD:DSD_EO_LTB@DF_EO_LTB(1.0),OECD Economic Outlook 117 long-term scenarios,I,NLD,Netherlands,GDPVD_CAP,"Gross domestic product per capita, volume in USD, at constant purchasing power parities",BAU1,"Business-as-usual energy transition, median climate climate damage curve, no carbon mitigation costs",A,Annual,2016,,64252.71184,,,,USD_PPP_PS,"US dollars per person, PPP converted",0,Units,2,Two
DATAFLOW,OECD.ECO.MAD:DSD_EO_LTB@DF_EO_LTB(1.0),OECD Economic Outlook 117 long-term scenarios,I,NLD,Netherlands,GDPVD_CAP,"Gross domestic product per capita, volume in USD, at constant purchasing power parities",BAU1,"Business-as-usual energy transition, median climate climate damage curve, no carbon mitigation costs",A,Annual,2017,,65650.8034,,,,USD_PPP_PS,"US dollars per person, PPP converted",0,Units,2,Two
DATAFLOW,OECD.ECO.MAD:DSD_EO_LTB@DF_EO_LTB(1.0),OECD Economic Outlook 117 long-term scenarios,I,NLD,Netherlands,GDPVD_CAP,"Gross domestic product per capita, volume in USD, at constant purchasing power parities",BAU1,"Business-as-usual energy transition, median climate climate damage curve, no carbon mitigation costs",A,Annual,2018,,66737.38612,,,,USD_PPP_PS,"US dollars per person, PPP converted",0,Units,2,Two
DATAFLOW,OECD.ECO.MAD:DSD_EO_LTB@DF_EO_LTB(1.0),OECD Economic Outlook 117 long-term scenarios,I,NLD,Netherlands,GDPVD_CAP,"Gross domestic product per capita, volume in USD, at constant purchasing power parities",BAU1,"Business-as-usual energy transition, median climate climate damage curve, no carbon mitigation costs",A,Annual,2019,,67825.56446,,,,USD_PPP_PS,"US dollars per person, PPP converted",0,Units,2,Two
DATAFLOW,OECD.ECO.MAD:DSD_EO_LTB@DF_EO_LTB(1.0),OECD Economic Outlook 117 long-term scenarios,I,NLD,Netherlands,GDPVD_CAP,"Gross domestic product per capita, volume in USD, at constant purchasing power parities",BAU1,"Business-as-usual energy transition, median climate climate damage curve, no carbon mitigation costs",A,Annual,2020,,64868.48117,,,,USD_PPP_PS,"US dollars per person, PPP converted",0,Units,2,Two
DATAFLOW,OECD.ECO.MAD:DSD_EO_LTB@DF_EO_LTB(1.0),OECD Economic Outlook 117 long-term scenarios,I,NLD,Netherlands,GDPVD_CAP,"Gross domestic product per capita, volume in USD, at constant purchasing power parities",BAU1,"Business-as-usual energy transition, median climate climate damage curve, no carbon mitigation costs",A,Annual,2021,,68537.02792,,,,USD_PPP_PS,"US dollars per person, PPP converted",0,Units,2,Two
DATAFLOW,OECD.ECO.MAD:DSD_EO_LTB@DF_EO_LTB(1.0),OECD Economic Outlook 117 long-term scenarios,I,NLD,Netherlands,GDPVD_CAP,"Gross domestic product per capita, volume in USD, at constant purchasing power parities",BAU1,"Business-as-usual energy transition, median climate climate damage curve, no carbon mitigation costs",A,Annual,2022,,71284.565,,,,USD_PPP_PS,"US dollars per person, PPP converted",0,Units,2,Two
DATAFLOW,OECD.ECO.MAD:DSD_EO_LTB@DF_EO_LTB(1.0),OECD Economic Outlook 117 long-term scenarios,I,NLD,Netherlands,GDPVD_CAP,"Gross domestic product per capita, volume in USD, at constant purchasing power parities",BAU1,"Business-as-usual energy transition, median climate climate damage curve, no carbon mitigation costs",A,Annual,2023,,70642.72105,,,,USD_PPP_PS,"US dollars per person, PPP converted",0,Units,2,Two
DATAFLOW,OECD.ECO.MAD:DSD_EO_LTB@DF_EO_LTB(1.0),OECD Economic Outlook 117 long-term scenarios,I,NLD,Netherlands,GDPVD_CAP,"Gross domestic product per capita, volume in USD, at constant purchasing power parities",BAU1,"Business-as-usual energy transition, median climate climate damage curve, no carbon mitigation costs",A,Annual,2024,,70867.61795,,,,USD_PPP_PS,"US dollars per person, PPP converted",0,Units,2,Two
DATAFLOW,OECD.ECO.MAD:DSD_EO_LTB@DF_EO_LTB(1.0),OECD Economic Outlook 117 long-term scenarios,I,NLD,Netherlands,GDPVD_CAP,"Gross domestic product per capita, volume in USD, at constant purchasing power parities",BAU1,"Business-as-usual energy transition, median climate climate damage curve, no carbon mitigation costs",A,Annual,2025,,71334.06052,,,,USD_PPP_PS,"US dollars per person, PPP converted",0,Units,2,Two
DATAFLOW,OECD.ECO.MAD:DSD_EO_LTB@DF_EO_LTB(1.0),OECD Economic Outlook 117 long-term scenarios,I,NLD,Netherlands,GDPVD_CAP,"Gross domestic product per capita, volume in USD, at constant purchasing power parities",BAU1,"Business-as-usual energy transition, median climate climate damage curve, no carbon mitigation costs",A,Annual,2026,,71698.37136,,,,USD_PPP_PS,"US dollars per person, PPP converted",0,Units,2,Two
DATAFLOW,OECD.ECO.MAD:DSD_EO_LTB@DF_EO_LTB(1.0),OECD Economic Outlook 117 long-term scenarios,I,NLD,Netherlands,GDPVD_CAP,"Gross domestic product per capita, volume in USD, at constant purchasing power parities",BAU1,"Business-as-usual energy transition, median climate climate damage curve, no carbon mitigation costs",A,Annual,2027,,72813.27,,,,USD_PPP_PS,"US dollars per person, PPP converted",0,Units,2,Two
DATAFLOW,OECD.ECO.MAD:DSD_EO_LTB@DF_EO_LTB(1.0),OECD Economic Outlook 117 long-term scenarios,I,NLD,Netherlands,GDPVD_CAP,"Gross domestic product per capita, volume in USD, at constant purchasing power parities",BAU1,"Business-as-usual energy transition, median climate climate damage curve, no carbon mitigation costs",A,Annual,2028,,73787.13,,,,USD_PPP_PS,"US dollars per person, PPP converted",0,Units,2,Two
DATAFLOW,OECD.ECO.MAD:DSD_EO_LTB@DF_EO_LTB(1.0),OECD Economic Outlook 117 long-term scenarios,I,NLD,Netherlands,GDPVD_CAP,"Gross domestic product per capita, volume in USD, at constant purchasing power parities",BAU1,"Business-as-usual energy transition, median climate climate damage curve, no carbon mitigation costs",A,Annual,2029,,74693.64,,,,USD_PPP_PS,"US dollars per person, PPP converted",0,Units,2,Two
DATAFLOW,OECD.ECO.MAD:DSD_EO_LTB@DF_EO_LTB(1.0),OECD Economic Outlook 117 long-term scenarios,I,NLD,Netherlands,GDPVD_CAP,"Gross domestic product per capita, volume in USD, at constant purchasing power parities",BAU1,"Business-as-usual energy transition, median climate climate damage curve, no carbon mitigation costs",A,Annual,2030,,75585.49,,,,USD_PPP_PS,"US dollars per person, PPP converted",0,Units,2,Two
DATAFLOW,OECD.ECO.MAD:DSD_EO_LTB@DF_EO_LTB(1.0),OECD Economic Outlook 117 long-term scenarios,I,NLD,Netherlands,GDPVD_CAP,"Gross domestic product per capita, volume in USD, at constant purchasing power parities",BAU1,"Business-as-usual energy transition, median climate climate damage curve, no carbon mitigation costs",A,Annual,2031,,76482.29,,,,USD_PPP_PS,"US dollars per person, PPP converted",0,Units,2,Two
DATAFLOW,OECD.ECO.MAD:DSD_EO_LTB@DF_EO_LTB(1.0),OECD Economic Outlook 117 long-term scenarios,I,NLD,Netherlands,GDPVD_CAP,"Gross domestic product per capita, volume in USD, at constant purchasing power parities",BAU1,"Business-as-usual energy transition, median climate climate damage curve, no carbon mitigation costs",A,Annual,2032,,77394.77,,,,USD_PPP_PS,"US dollars per person, PPP converted",0,Units,2,Two
DATAFLOW,OECD.ECO.MAD:DSD_EO_LTB@DF_EO_LTB(1.0),OECD Economic Outlook 117 long-term scenarios,I,NLD,Netherlands,GDPVD_CAP,"Gross domestic product per capita, volume in USD, at constant purchasing power parities",BAU1,"Business-as-usual energy transition, median climate climate damage curve, no carbon mitigation costs",A,Annual,2033,,78334.15,,,,USD_PPP_PS,"US dollars per person, PPP converted",0,Units,2,Two
DATAFLOW,OECD.ECO.MAD:DSD_EO_LTB@DF_EO_LTB(1.0),OECD Economic Outlook 117 long-term scenarios,I,NLD,Netherlands,GDPVD_CAP,"Gross domestic product per capita, volume in USD, at constant purchasing power parities",BAU1,"Business-as-usual energy transition, median climate climate damage curve, no carbon mitigation costs",A,Annual,2034,,79303.97,,,,USD_PPP_PS,"US dollars per person, PPP converted",0,Units,2,Two
DATAFLOW,OECD.ECO.MAD:DSD_EO_LTB@DF_EO_LTB(1.0),OECD Economic Outlook 117 long-term scenarios,I,NLD,Netherlands,GDPVD_CAP,"Gross domestic product per capita, volume in USD, at constant purchasing power parities",BAU1,"Business-as-usual energy transition, median climate climate damage curve, no carbon mitigation costs",A,Annual,2035,,80341.16,,,,USD_PPP_PS,"US dollars per person, PPP converted",0,Units,2,Two
DATAFLOW,OECD.ECO.MAD:DSD_EO_LTB@DF_EO_LTB(1.0),OECD Economic Outlook 117 long-term scenarios,I,NLD,Netherlands,GDPVD_CAP,"Gross domestic product per capita, volume in USD, at constant purchasing power parities",BAU1,"Business-as-usual energy transition, median climate climate damage curve, no carbon mitigation costs",A,Annual,2036,,81448.16,,,,USD_PPP_PS,"US dollars per person, PPP converted",0,Units,2,Two
DATAFLOW,OECD.ECO.MAD:DSD_EO_LTB@DF_EO_LTB(1.0),OECD Economic Outlook 117 long-term scenarios,I,NLD,Netherlands,GDPVD_CAP,"Gross domestic product per capita, volume in USD, at constant purchasing power parities",BAU1,"Business-as-usual energy transition, median climate climate damage curve, no carbon mitigation costs",A,Annual,2037,,82627.04,,,,USD_PPP_PS,"US dollars per person, PPP converted",0,Units,2,Two
DATAFLOW,OECD.ECO.MAD:DSD_EO_LTB@DF_EO_LTB(1.0),OECD Economic Outlook 117 long-term scenarios,I,NLD,Netherlands,GDPVD_CAP,"Gross domestic product per capita, volume in USD, at constant purchasing power parities",BAU1,"Business-as-usual energy transition, median climate climate damage curve, no carbon mitigation costs",A,Annual,2038,,83876.39,,,,USD_PPP_PS,"US dollars per person, PPP converted",0,Units,2,Two
DATAFLOW,OECD.ECO.MAD:DSD_EO_LTB@DF_EO_LTB(1.0),OECD Economic Outlook 117 long-term scenarios,I,NLD,Netherlands,GDPVD_CAP,"Gross domestic product per capita, volume in USD, at constant purchasing power parities",BAU1,"Business-as-usual energy transition, median climate climate damage curve, no carbon mitigation costs",A,Annual,2039,,85178.62,,,,USD_PPP_PS,"US dollars per person, PPP converted",0,Units,2,Two
DATAFLOW,OECD.ECO.MAD:DSD_EO_LTB@DF_EO_LTB(1.0),OECD Economic Outlook 117 long-term scenarios,I,NLD,Netherlands,GDPVD_CAP,"Gross domestic product per capita, volume in USD, at constant purchasing power parities",BAU1,"Business-as-usual energy transition, median climate climate damage curve, no carbon mitigation costs",A,Annual,2040,,86554.55,,,,USD_PPP_PS,"US dollars per person, PPP converted",0,Units,2,Two
DATAFLOW,OECD.ECO.MAD:DSD_EO_LTB@DF_EO_LTB(1.0),OECD Economic Outlook 117 long-term scenarios,I,NLD,Netherlands,GDPVD_CAP,"Gross domestic product per capita, volume in USD, at constant purchasing power parities",BAU1,"Business-as-usual energy transition, median climate climate damage curve, no carbon mitigation costs",A,Annual,2041,,88006.34,,,,USD_PPP_PS,"US dollars per person, PPP converted",0,Units,2,Two
DATAFLOW,OECD.ECO.MAD:DSD_EO_LTB@DF_EO_LTB(1.0),OECD Economic Outlook 117 long-term scenarios,I,NLD,Netherlands,GDPVD_CAP,"Gross domestic product per capita, volume in USD, at constant purchasing power parities",BAU1,"Business-as-usual energy transition, median climate climate damage curve, no carbon mitigation costs",A,Annual,2042,,89532.53,,,,USD_PPP_PS,"US dollars per person, PPP converted",0,Units,2,Two
DATAFLOW,OECD.ECO.MAD:DSD_EO_LTB@DF_EO_LTB(1.0),OECD Economic Outlook 117 long-term scenarios,I,NLD,Netherlands,GDPVD_CAP,"Gross domestic product per capita, volume in USD, at constant purchasing power parities",BAU1,"Business-as-usual energy transition, median climate climate damage curve, no carbon mitigation costs",A,Annual,2043,,91104.14,,,,USD_PPP_PS,"US dollars per person, PPP converted",0,Units,2,Two
DATAFLOW,OECD.ECO.MAD:DSD_EO_LTB@DF_EO_LTB(1.0),OECD Economic Outlook 117 long-term scenarios,I,NLD,Netherlands,GDPVD_CAP,"Gross domestic product per capita, volume in USD, at constant purchasing power parities",BAU1,"Business-as-usual energy transition, median climate climate damage curve, no carbon mitigation costs",A,Annual,2044,,92687.1,,,,USD_PPP_PS,"US dollars per person, PPP converted",0,Units,2,Two
DATAFLOW,OECD.ECO.MAD:DSD_EO_LTB@DF_EO_LTB(1.0),OECD Economic Outlook 117 long-term scenarios,I,NLD,Netherlands,GDPVD_CAP,"Gross domestic product per capita, volume in USD, at constant purchasing power parities",BAU1,"Business-as-usual energy transition, median climate climate damage curve, no carbon mitigation costs",A,Annual,2045,,94272.17,,,,USD_PPP_PS,"US dollars per person, PPP converted",0,Units,2,Two
DATAFLOW,OECD.ECO.MAD:DSD_EO_LTB@DF_EO_LTB(1.0),OECD Economic Outlook 117 long-term scenarios,I,NLD,Netherlands,GDPVD_CAP,"Gross domestic product per capita, volume in USD, at constant purchasing power parities",BAU1,"Business-as-usual energy transition, median climate climate damage curve, no carbon mitigation costs",A,Annual,2046,,95860.18,,,,USD_PPP_PS,"US dollars per person, PPP converted",0,Units,2,Two
DATAFLOW,OECD.ECO.MAD:DSD_EO_LTB@DF_EO_LTB(1.0),OECD Economic Outlook 117 long-term scenarios,I,NLD,Netherlands,GDPVD_CAP,"Gross domestic product per capita, volume in USD, at constant purchasing power parities",BAU1,"Business-as-usual energy transition, median climate climate damage curve, no carbon mitigation costs",A,Annual,2047,,97458.11,,,,USD_PPP_PS,"US dollars per person, PPP converted",0,Units,2,Two
DATAFLOW,OECD.ECO.MAD:DSD_EO_LTB@DF_EO_LTB(1.0),OECD Economic Outlook 117 long-term scenarios,I,NLD,Netherlands,GDPVD_CAP,"Gross domestic product per capita, volume in USD, at constant purchasing power parities",BAU1,"Business-as-usual energy transition, median climate climate damage curve, no carbon mitigation costs",A,Annual,2048,,99100.44,,,,USD_PPP_PS,"US dollars per person, PPP converted",0,Units,2,Two
DATAFLOW,OECD.ECO.MAD:DSD_EO_LTB@DF_EO_LTB(1.0),OECD Economic Outlook 117 long-term scenarios,I,NLD,Netherlands,GDPVD_CAP,"Gross domestic product per capita, volume in USD, at constant purchasing power parities",BAU1,"Business-as-usual energy transition, median climate climate damage curve, no carbon mitigation costs",A,Annual,2049,,100761.1,,,,USD_PPP_PS,"US dollars per person, PPP converted",0,Units,2,Two
DATAFLOW,OECD.ECO.MAD:DSD_EO_LTB@DF_EO_LTB(1.0),OECD Economic Outlook 117 long-term scenarios,I,NLD,Netherlands,GDPVD_CAP,"Gross domestic product per capita, volume in USD, at constant purchasing power parities",BAU1,"Business-as-usual energy transition, median climate climate damage curve, no carbon mitigation costs",A,Annual,2050,,102433,,,,USD_PPP_PS,"US dollars per person, PPP converted",0,Units,2,Two
DATAFLOW,OECD.ECO.MAD:DSD_EO_LTB@DF_EO_LTB(1.0),OECD Economic Outlook 117 long-term scenarios,I,NLD,Netherlands,GDPVD_CAP,"Gross domestic product per capita, volume in USD, at constant purchasing power parities",BAU1,"Business-as-usual energy transition, median climate climate damage curve, no carbon mitigation costs",A,Annual,2051,,104091.1,,,,USD_PPP_PS,"US dollars per person, PPP converted",0,Units,2,Two
DATAFLOW,OECD.ECO.MAD:DSD_EO_LTB@DF_EO_LTB(1.0),OECD Economic Outlook 117 long-term scenarios,I,NLD,Netherlands,GDPVD_CAP,"Gross domestic product per capita, volume in USD, at constant purchasing power parities",BAU1,"Business-as-usual energy transition, median climate climate damage curve, no carbon mitigation costs",A,Annual,2052,,105746.4,,,,USD_PPP_PS,"US dollars per person, PPP converted",0,Units,2,Two
DATAFLOW,OECD.ECO.MAD:DSD_EO_LTB@DF_EO_LTB(1.0),OECD Economic Outlook 117 long-term scenarios,I,NLD,Netherlands,GDPVD_CAP,"Gross domestic product per capita, volume in USD, at constant purchasing power parities",BAU1,"Business-as-usual energy transition, median climate climate damage curve, no carbon mitigation costs",A,Annual,2053,,107350.6,,,,USD_PPP_PS,"US dollars per person, PPP converted",0,Units,2,Two
DATAFLOW,OECD.ECO.MAD:DSD_EO_LTB@DF_EO_LTB(1.0),OECD Economic Outlook 117 long-term scenarios,I,NLD,Netherlands,GDPVD_CAP,"Gross domestic product per capita, volume in USD, at constant purchasing power parities",BAU1,"Business-as-usual energy transition, median climate climate damage curve, no carbon mitigation costs",A,Annual,2054,,108928.3,,,,USD_PPP_PS,"US dollars per person, PPP converted",0,Units,2,Two
DATAFLOW,OECD.ECO.MAD:DSD_EO_LTB@DF_EO_LTB(1.0),OECD Economic Outlook 117 long-term scenarios,I,NLD,Netherlands,GDPVD_CAP,"Gross domestic product per capita, volume in USD, at constant purchasing power parities",BAU1,"Business-as-usual energy transition, median climate climate damage curve, no carbon mitigation costs",A,Annual,2055,,110468.5,,,,USD_PPP_PS,"US dollars per person, PPP converted",0,Units,2,Two
DATAFLOW,OECD.ECO.MAD:DSD_EO_LTB@DF_EO_LTB(1.0),OECD Economic Outlook 117 long-term scenarios,I,NLD,Netherlands,GDPVD_CAP,"Gross domestic product per capita, volume in USD, at constant purchasing power parities",BAU1,"Business-as-usual energy transition, median climate climate damage curve, no carbon mitigation costs",A,Annual,2056,,111979,,,,USD_PPP_PS,"US dollars per person, PPP converted",0,Units,2,Two
DATAFLOW,OECD.ECO.MAD:DSD_EO_LTB@DF_EO_LTB(1.0),OECD Economic Outlook 117 long-term scenarios,I,NLD,Netherlands,GDPVD_CAP,"Gross domestic product per capita, volume in USD, at constant purchasing power parities",BAU1,"Business-as-usual energy transition, median climate climate damage curve, no carbon mitigation costs",A,Annual,2057,,113486.5,,,,USD_PPP_PS,"US dollars per person, PPP converted",0,Units,2,Two
DATAFLOW,OECD.ECO.MAD:DSD_EO_LTB@DF_EO_LTB(1.0),OECD Economic Outlook 117 long-term scenarios,I,NLD,Netherlands,GDPVD_CAP,"Gross domestic product per capita, volume in USD, at constant purchasing power parities",BAU1,"Business-as-usual energy transition, median climate climate damage curve, no carbon mitigation costs",A,Annual,2058,,114991.2,,,,USD_PPP_PS,"US dollars per person, PPP converted",0,Units,2,Two
DATAFLOW,OECD.ECO.MAD:DSD_EO_LTB@DF_EO_LTB(1.0),OECD Economic Outlook 117 long-term scenarios,I,NLD,Netherlands,GDPVD_CAP,"Gross domestic product per capita, volume in USD, at constant purchasing power parities",BAU1,"Business-as-usual energy transition, median climate climate damage curve, no carbon mitigation costs",A,Annual,2059,,116484.1,,,,USD_PPP_PS,"US dollars per person, PPP converted",0,Units,2,Two
DATAFLOW,OECD.ECO.MAD:DSD_EO_LTB@DF_EO_LTB(1.0),OECD Economic Outlook 117 long-term scenarios,I,NLD,Netherlands,GDPVD_CAP,"Gross domestic product per capita, volume in USD, at constant purchasing power parities",BAU1,"Business-as-usual energy transition, median climate climate damage curve, no carbon mitigation costs",A,Annual,2060,,117965.3,,,,USD_PPP_PS,"US dollars per person, PPP converted",0,Units,2,Two
DATAFLOW,OECD.ECO.MAD:DSD_EO_LTB@DF_EO_LTB(1.0),OECD Economic Outlook 117 long-term scenarios,I,LUX,Luxembourg,GDPVD_CAP,"Gross domestic product per capita, volume in USD, at constant purchasing power parities",BAU1,"Business-as-usual energy transition, median climate climate damage curve, no carbon mitigation costs",A,Annual,1990,,81250.08532,,,,USD_PPP_PS,"US dollars per person, PPP converted",0,Units,2,Two
DATAFLOW,OECD.ECO.MAD:DSD_EO_LTB@DF_EO_LTB(1.0),OECD Economic Outlook 117 long-term scenarios,I,LUX,Luxembourg,GDPVD_CAP,"Gross domestic product per capita, volume in USD, at constant purchasing power parities",BAU1,"Business-as-usual energy transition, median climate climate damage curve, no carbon mitigation costs",A,Annual,1991,,87087.70006,,,,USD_PPP_PS,"US dollars per person, PPP converted",0,Units,2,Two
DATAFLOW,OECD.ECO.MAD:DSD_EO_LTB@DF_EO_LTB(1.0),OECD Economic Outlook 117 long-term scenarios,I,LUX,Luxembourg,GDPVD_CAP,"Gross domestic product per capita, volume in USD, at constant purchasing power parities",BAU1,"Business-as-usual energy transition, median climate climate damage curve, no carbon mitigation costs",A,Annual,1992,,87474.72894,,,,USD_PPP_PS,"US dollars per person, PPP converted",0,Units,2,Two
DATAFLOW,OECD.ECO.MAD:DSD_EO_LTB@DF_EO_LTB(1.0),OECD Economic Outlook 117 long-term scenarios,I,LUX,Luxembourg,GDPVD_CAP,"Gross domestic product per capita, volume in USD, at constant purchasing power parities",BAU1,"Business-as-usual energy transition, median climate climate damage curve, no carbon mitigation costs",A,Annual,1993,,89866.7326,,,,USD_PPP_PS,"US dollars per person, PPP converted",0,Units,2,Two
DATAFLOW,OECD.ECO.MAD:DSD_EO_LTB@DF_EO_LTB(1.0),OECD Economic Outlook 117 long-term scenarios,I,LUX,Luxembourg,GDPVD_CAP,"Gross domestic product per capita, volume in USD, at constant purchasing power parities",BAU1,"Business-as-usual energy transition, median climate climate damage curve, no carbon mitigation costs",A,Annual,1994,,91960.34405,,,,USD_PPP_PS,"US dollars per person, PPP converted",0,Units,2,Two
DATAFLOW,OECD.ECO.MAD:DSD_EO_LTB@DF_EO_LTB(1.0),OECD Economic Outlook 117 long-term scenarios,I,LUX,Luxembourg,GDPVD_CAP,"Gross domestic product per capita, volume in USD, at constant purchasing power parities",BAU1,"Business-as-usual energy transition, median climate climate damage curve, no carbon mitigation costs",A,Annual,1995,,91979.03357,,,,USD_PPP_PS,"US dollars per person, PPP converted",0,Units,2,Two
DATAFLOW,OECD.ECO.MAD:DSD_EO_LTB@DF_EO_LTB(1.0),OECD Economic Outlook 117 long-term scenarios,I,LUX,Luxembourg,GDPVD_CAP,"Gross domestic product per capita, volume in USD, at constant purchasing power parities",BAU1,"Business-as-usual energy transition, median climate climate damage curve, no carbon mitigation costs",A,Annual,1996,,92136.57899,,,,USD_PPP_PS,"US dollars per person, PPP converted",0,Units,2,Two
DATAFLOW,OECD.ECO.MAD:DSD_EO_LTB@DF_EO_LTB(1.0),OECD Economic Outlook 117 long-term scenarios,I,LUX,Luxembourg,GDPVD_CAP,"Gross domestic product per capita, volume in USD, at constant purchasing power parities",BAU1,"Business-as-usual energy transition, median climate climate damage curve, no carbon mitigation costs",A,Annual,1997,,95876.53092,,,,USD_PPP_PS,"US dollars per person, PPP converted",0,Units,2,Two
DATAFLOW,OECD.ECO.MAD:DSD_EO_LTB@DF_EO_LTB(1.0),OECD Economic Outlook 117 long-term scenarios,I,LUX,Luxembourg,GDPVD_CAP,"Gross domestic product per capita, volume in USD, at constant purchasing power parities",BAU1,"Business-as-usual energy transition, median climate climate damage curve, no carbon mitigation costs",A,Annual,1998,,100989.116,,,,USD_PPP_PS,"US dollars per person, PPP converted",0,Units,2,Two
DATAFLOW,OECD.ECO.MAD:DSD_EO_LTB@DF_EO_LTB(1.0),OECD Economic Outlook 117 long-term scenarios,I,LUX,Luxembourg,GDPVD_CAP,"Gross domestic product per capita, volume in USD, at constant purchasing power parities",BAU1,"Business-as-usual energy transition, median climate climate damage curve, no carbon mitigation costs",A,Annual,1999,,107688.6132,,,,USD_PPP_PS,"US dollars per person, PPP converted",0,Units,2,Two
DATAFLOW,OECD.ECO.MAD:DSD_EO_LTB@DF_EO_LTB(1.0),OECD Economic Outlook 117 long-term scenarios,I,LUX,Luxembourg,GDPVD_CAP,"Gross domestic product per capita, volume in USD, at constant purchasing power parities",BAU1,"Business-as-usual energy transition, median climate climate damage curve, no carbon mitigation costs",A,Annual,2000,,113661.9531,,,,USD_PPP_PS,"US dollars per person, PPP converted",0,Units,2,Two
DATAFLOW,OECD.ECO.MAD:DSD_EO_LTB@DF_EO_LTB(1.0),OECD Economic Outlook 117 long-term scenarios,I,LUX,Luxembourg,GDPVD_CAP,"Gross domestic product per capita, volume in USD, at constant purchasing power parities",BAU1,"Business-as-usual energy transition, median climate climate damage curve, no carbon mitigation costs",A,Annual,2001,,115858.7349,,,,USD_PPP_PS,"US dollars per person, PPP converted",0,Units,2,Two
DATAFLOW,OECD.ECO.MAD:DSD_EO_LTB@DF_EO_LTB(1.0),OECD Economic Outlook 117 long-term scenarios,I,LUX,Luxembourg,GDPVD_CAP,"Gross domestic product per capita, volume in USD, at constant purchasing power parities",BAU1,"Business-as-usual energy transition, median climate climate damage curve, no carbon mitigation costs",A,Annual,2002,,118317.8828,,,,USD_PPP_PS,"US dollars per person, PPP converted",0,Units,2,Two
DATAFLOW,OECD.ECO.MAD:DSD_EO_LTB@DF_EO_LTB(1.0),OECD Economic Outlook 117 long-term scenarios,I,LUX,Luxembourg,GDPVD_CAP,"Gross domestic product per capita, volume in USD, at constant purchasing power parities",BAU1,"Business-as-usual energy transition, median climate climate damage curve, no carbon mitigation costs",A,Annual,2003,,119940.9519,,,,USD_PPP_PS,"US dollars per person, PPP converted",0,Units,2,Two
DATAFLOW,OECD.ECO.MAD:DSD_EO_LTB@DF_EO_LTB(1.0),OECD Economic Outlook 117 long-term scenarios,I,LUX,Luxembourg,GDPVD_CAP,"Gross domestic product per capita, volume in USD, at constant purchasing power parities",BAU1,"Business-as-usual energy transition, median climate climate damage curve, no carbon mitigation costs",A,Annual,2004,,123355.0023,,,,USD_PPP_PS,"US dollars per person, PPP converted",0,Units,2,Two
DATAFLOW,OECD.ECO.MAD:DSD_EO_LTB@DF_EO_LTB(1.0),OECD Economic Outlook 117 long-term scenarios,I,LUX,Luxembourg,GDPVD_CAP,"Gross domestic product per capita, volume in USD, at constant purchasing power parities",BAU1,"Business-as-usual energy transition, median climate climate damage curve, no carbon mitigation costs",A,Annual,2005,,124451.152,,,,USD_PPP_PS,"US dollars per person, PPP converted",0,Units,2,Two
DATAFLOW,OECD.ECO.MAD:DSD_EO_LTB@DF_EO_LTB(1.0),OECD Economic Outlook 117 long-term scenarios,I,LUX,Luxembourg,GDPVD_CAP,"Gross domestic product per capita, volume in USD, at constant purchasing power parities",BAU1,"Business-as-usual energy transition, median climate climate damage curve, no carbon mitigation costs",A,Annual,2006,,129927.0742,,,,USD_PPP_PS,"US dollars per person, PPP converted",0,Units,2,Two
DATAFLOW,OECD.ECO.MAD:DSD_EO_LTB@DF_EO_LTB(1.0),OECD Economic Outlook 117 long-term scenarios,I,LUX,Luxembourg,GDPVD_CAP,"Gross domestic product per capita, volume in USD, at constant purchasing power parities",BAU1,"Business-as-usual energy transition, median climate climate damage curve, no carbon mitigation costs",A,Annual,2007,,138154.2591,,,,USD_PPP_PS,"US dollars per person, PPP converted",0,Units,2,Two
DATAFLOW,OECD.ECO.MAD:DSD_EO_LTB@DF_EO_LTB(1.0),OECD Economic Outlook 117 long-term scenarios,I,LUX,Luxembourg,GDPVD_CAP,"Gross domestic product per capita, volume in USD, at constant purchasing power parities",BAU1,"Business-as-usual energy transition, median climate climate damage curve, no carbon mitigation costs",A,Annual,2008,,135336.6658,,,,USD_PPP_PS,"US dollars per person, PPP converted",0,Units,2,Two
DATAFLOW,OECD.ECO.MAD:DSD_EO_LTB@DF_EO_LTB(1.0),OECD Economic Outlook 117 long-term scenarios,I,LUX,Luxembourg,GDPVD_CAP,"Gross domestic product per capita, volume in USD, at constant purchasing power parities",BAU1,"Business-as-usual energy transition, median climate climate damage curve, no carbon mitigation costs",A,Annual,2009,,128565.1301,,,,USD_PPP_PS,"US dollars per person, PPP converted",0,Units,2,Two
DATAFLOW,OECD.ECO.MAD:DSD_EO_LTB@DF_EO_LTB(1.0),OECD Economic Outlook 117 long-term scenarios,I,LUX,Luxembourg,GDPVD_CAP,"Gross domestic product per capita, volume in USD, at constant purchasing power parities",BAU1,"Business-as-usual energy transition, median climate climate damage curve, no carbon mitigation costs",A,Annual,2010,,130947.375,,,,USD_PPP_PS,"US dollars per person, PPP converted",0,Units,2,Two
DATAFLOW,OECD.ECO.MAD:DSD_EO_LTB@DF_EO_LTB(1.0),OECD Economic Outlook 117 long-term scenarios,I,LUX,Luxembourg,GDPVD_CAP,"Gross domestic product per capita, volume in USD, at constant purchasing power parities",BAU1,"Business-as-usual energy transition, median climate climate damage curve, no carbon mitigation costs",A,Annual,2011,,129271.1057,,,,USD_PPP_PS,"US dollars per person, PPP converted",0,Units,2,Two
DATAFLOW,OECD.ECO.MAD:DSD_EO_LTB@DF_EO_LTB(1.0),OECD Economic Outlook 117 long-term scenarios,I,LUX,Luxembourg,GDPVD_CAP,"Gross domestic product per capita, volume in USD, at constant purchasing power parities",BAU1,"Business-as-usual energy transition, median climate climate damage curve, no carbon mitigation costs",A,Annual,2012,,128391.2694,,,,USD_PPP_PS,"US dollars per person, PPP converted",0,Units,2,Two
DATAFLOW,OECD.ECO.MAD:DSD_EO_LTB@DF_EO_LTB(1.0),OECD Economic Outlook 117 long-term scenarios,I,LUX,Luxembourg,GDPVD_CAP,"Gross domestic product per capita, volume in USD, at constant purchasing power parities",BAU1,"Business-as-usual energy transition, median climate climate damage curve, no carbon mitigation costs",A,Annual,2013,,129073.9093,,,,USD_PPP_PS,"US dollars per person, PPP converted",0,Units,2,Two
DATAFLOW,OECD.ECO.MAD:DSD_EO_LTB@DF_EO_LTB(1.0),OECD Economic Outlook 117 long-term scenarios,I,LUX,Luxembourg,GDPVD_CAP,"Gross domestic product per capita, volume in USD, at constant purchasing power parities",BAU1,"Business-as-usual energy transition, median climate climate damage curve, no carbon mitigation costs",A,Annual,2014,,129365.1314,,,,USD_PPP_PS,"US dollars per person, PPP converted",0,Units,2,Two
DATAFLOW,OECD.ECO.MAD:DSD_EO_LTB@DF_EO_LTB(1.0),OECD Economic Outlook 117 long-term scenarios,I,LUX,Luxembourg,GDPVD_CAP,"Gross domestic product per capita, volume in USD, at constant purchasing power parities",BAU1,"Business-as-usual energy transition, median climate climate damage curve, no carbon mitigation costs",A,Annual,2015,,129742.2102,,,,USD_PPP_PS,"US dollars per person, PPP converted",0,Units,2,Two
DATAFLOW,OECD.ECO.MAD:DSD_EO_LTB@DF_EO_LTB(1.0),OECD Economic Outlook 117 long-term scenarios,I,LUX,Luxembourg,GDPVD_CAP,"Gross domestic product per capita, volume in USD, at constant purchasing power parities",BAU1,"Business-as-usual energy transition, median climate climate damage curve, no carbon mitigation costs",A,Annual,2016,,132783.762,,,,USD_PPP_PS,"US dollars per person, PPP converted",0,Units,2,Two
DATAFLOW,OECD.ECO.MAD:DSD_EO_LTB@DF_EO_LTB(1.0),OECD Economic Outlook 117 long-term scenarios,I,LUX,Luxembourg,GDPVD_CAP,"Gross domestic product per capita, volume in USD, at constant purchasing power parities",BAU1,"Business-as-usual energy transition, median climate climate damage curve, no carbon mitigation costs",A,Annual,2017,,131646.4539,,,,USD_PPP_PS,"US dollars per person, PPP converted",0,Units,2,Two
DATAFLOW,OECD.ECO.MAD:DSD_EO_LTB@DF_EO_LTB(1.0),OECD Economic Outlook 117 long-term scenarios,I,LUX,Luxembourg,GDPVD_CAP,"Gross domestic product per capita, volume in USD, at constant purchasing power parities",BAU1,"Business-as-usual energy transition, median climate climate damage curve, no carbon mitigation costs",A,Annual,2018,,131214.619,,,,USD_PPP_PS,"US dollars per person, PPP converted",0,Units,2,Two
DATAFLOW,OECD.ECO.MAD:DSD_EO_LTB@DF_EO_LTB(1.0),OECD Economic Outlook 117 long-term scenarios,I,LUX,Luxembourg,GDPVD_CAP,"Gross domestic product per capita, volume in USD, at constant purchasing power parities",BAU1,"Business-as-usual energy transition, median climate climate damage curve, no carbon mitigation costs",A,Annual,2019,,132072.676,,,,USD_PPP_PS,"US dollars per person, PPP converted",0,Units,2,Two
DATAFLOW,OECD.ECO.MAD:DSD_EO_LTB@DF_EO_LTB(1.0),OECD Economic Outlook 117 long-term scenarios,I,LUX,Luxembourg,GDPVD_CAP,"Gross domestic product per capita, volume in USD, at constant purchasing power parities",BAU1,"Business-as-usual energy transition, median climate climate damage curve, no carbon mitigation costs",A,Annual,2020,,129431.7082,,,,USD_PPP_PS,"US dollars per person, PPP converted",0,Units,2,Two
DATAFLOW,OECD.ECO.MAD:DSD_EO_LTB@DF_EO_LTB(1.0),OECD Economic Outlook 117 long-term scenarios,I,LUX,Luxembourg,GDPVD_CAP,"Gross domestic product per capita, volume in USD, at constant purchasing power parities",BAU1,"Business-as-usual energy transition, median climate climate damage curve, no carbon mitigation costs",A,Annual,2021,,136241.5987,,,,USD_PPP_PS,"US dollars per person, PPP converted",0,Units,2,Two
DATAFLOW,OECD.ECO.MAD:DSD_EO_LTB@DF_EO_LTB(1.0),OECD Economic Outlook 117 long-term scenarios,I,LUX,Luxembourg,GDPVD_CAP,"Gross domestic product per capita, volume in USD, at constant purchasing power parities",BAU1,"Business-as-usual energy transition, median climate climate damage curve, no carbon mitigation costs",A,Annual,2022,,131859.801,,,,USD_PPP_PS,"US dollars per person, PPP converted",0,Units,2,Two
DATAFLOW,OECD.ECO.MAD:DSD_EO_LTB@DF_EO_LTB(1.0),OECD Economic Outlook 117 long-term scenarios,I,LUX,Luxembourg,GDPVD_CAP,"Gross domestic product per capita, volume in USD, at constant purchasing power parities",BAU1,"Business-as-usual energy transition, median climate climate damage curve, no carbon mitigation costs",A,Annual,2023,,128478.7423,,,,USD_PPP_PS,"US dollars per person, PPP converted",0,Units,2,Two
DATAFLOW,OECD.ECO.MAD:DSD_EO_LTB@DF_EO_LTB(1.0),OECD Economic Outlook 117 long-term scenarios,I,LUX,Luxembourg,GDPVD_CAP,"Gross domestic product per capita, volume in USD, at constant purchasing power parities",BAU1,"Business-as-usual energy transition, median climate climate damage curve, no carbon mitigation costs",A,Annual,2024,,127630.4265,,,,USD_PPP_PS,"US dollars per person, PPP converted",0,Units,2,Two
DATAFLOW,OECD.ECO.MAD:DSD_EO_LTB@DF_EO_LTB(1.0),OECD Economic Outlook 117 long-term scenarios,I,LUX,Luxembourg,GDPVD_CAP,"Gross domestic product per capita, volume in USD, at constant purchasing power parities",BAU1,"Business-as-usual energy transition, median climate climate damage curve, no carbon mitigation costs",A,Annual,2025,,128279.3783,,,,USD_PPP_PS,"US dollars per person, PPP converted",0,Units,2,Two
DATAFLOW,OECD.ECO.MAD:DSD_EO_LTB@DF_EO_LTB(1.0),OECD Economic Outlook 117 long-term scenarios,I,LUX,Luxembourg,GDPVD_CAP,"Gross domestic product per capita, volume in USD, at constant purchasing power parities",BAU1,"Business-as-usual energy transition, median climate climate damage curve, no carbon mitigation costs",A,Annual,2026,,129542.2558,,,,USD_PPP_PS,"US dollars per person, PPP converted",0,Units,2,Two
DATAFLOW,OECD.ECO.MAD:DSD_EO_LTB@DF_EO_LTB(1.0),OECD Economic Outlook 117 long-term scenarios,I,LUX,Luxembourg,GDPVD_CAP,"Gross domestic product per capita, volume in USD, at constant purchasing power parities",BAU1,"Business-as-usual energy transition, median climate climate damage curve, no carbon mitigation costs",A,Annual,2027,,131262.4,,,,USD_PPP_PS,"US dollars per person, PPP converted",0,Units,2,Two
DATAFLOW,OECD.ECO.MAD:DSD_EO_LTB@DF_EO_LTB(1.0),OECD Economic Outlook 117 long-term scenarios,I,LUX,Luxembourg,GDPVD_CAP,"Gross domestic product per capita, volume in USD, at constant purchasing power parities",BAU1,"Business-as-usual energy transition, median climate climate damage curve, no carbon mitigation costs",A,Annual,2028,,132501.8,,,,USD_PPP_PS,"US dollars per person, PPP converted",0,Units,2,Two
DATAFLOW,OECD.ECO.MAD:DSD_EO_LTB@DF_EO_LTB(1.0),OECD Economic Outlook 117 long-term scenarios,I,LUX,Luxembourg,GDPVD_CAP,"Gross domestic product per capita, volume in USD, at constant purchasing power parities",BAU1,"Business-as-usual energy transition, median climate climate damage curve, no carbon mitigation costs",A,Annual,2029,,133338.9,,,,USD_PPP_PS,"US dollars per person, PPP converted",0,Units,2,Two
DATAFLOW,OECD.ECO.MAD:DSD_EO_LTB@DF_EO_LTB(1.0),OECD Economic Outlook 117 long-term scenarios,I,LUX,Luxembourg,GDPVD_CAP,"Gross domestic product per capita, volume in USD, at constant purchasing power parities",BAU1,"Business-as-usual energy transition, median climate climate damage curve, no carbon mitigation costs",A,Annual,2030,,134143.5,,,,USD_PPP_PS,"US dollars per person, PPP converted",0,Units,2,Two
DATAFLOW,OECD.ECO.MAD:DSD_EO_LTB@DF_EO_LTB(1.0),OECD Economic Outlook 117 long-term scenarios,I,LUX,Luxembourg,GDPVD_CAP,"Gross domestic product per capita, volume in USD, at constant purchasing power parities",BAU1,"Business-as-usual energy transition, median climate climate damage curve, no carbon mitigation costs",A,Annual,2031,,134836.6,,,,USD_PPP_PS,"US dollars per person, PPP converted",0,Units,2,Two
DATAFLOW,OECD.ECO.MAD:DSD_EO_LTB@DF_EO_LTB(1.0),OECD Economic Outlook 117 long-term scenarios,I,LUX,Luxembourg,GDPVD_CAP,"Gross domestic product per capita, volume in USD, at constant purchasing power parities",BAU1,"Business-as-usual energy transition, median climate climate damage curve, no carbon mitigation costs",A,Annual,2032,,135495.3,,,,USD_PPP_PS,"US dollars per person, PPP converted",0,Units,2,Two
DATAFLOW,OECD.ECO.MAD:DSD_EO_LTB@DF_EO_LTB(1.0),OECD Economic Outlook 117 long-term scenarios,I,LUX,Luxembourg,GDPVD_CAP,"Gross domestic product per capita, volume in USD, at constant purchasing power parities",BAU1,"Business-as-usual energy transition, median climate climate damage curve, no carbon mitigation costs",A,Annual,2033,,136156.9,,,,USD_PPP_PS,"US dollars per person, PPP converted",0,Units,2,Two
DATAFLOW,OECD.ECO.MAD:DSD_EO_LTB@DF_EO_LTB(1.0),OECD Economic Outlook 117 long-term scenarios,I,LUX,Luxembourg,GDPVD_CAP,"Gross domestic product per capita, volume in USD, at constant purchasing power parities",BAU1,"Business-as-usual energy transition, median climate climate damage curve, no carbon mitigation costs",A,Annual,2034,,136926.4,,,,USD_PPP_PS,"US dollars per person, PPP converted",0,Units,2,Two
DATAFLOW,OECD.ECO.MAD:DSD_EO_LTB@DF_EO_LTB(1.0),OECD Economic Outlook 117 long-term scenarios,I,LUX,Luxembourg,GDPVD_CAP,"Gross domestic product per capita, volume in USD, at constant purchasing power parities",BAU1,"Business-as-usual energy transition, median climate climate damage curve, no carbon mitigation costs",A,Annual,2035,,137816,,,,USD_PPP_PS,"US dollars per person, PPP converted",0,Units,2,Two
DATAFLOW,OECD.ECO.MAD:DSD_EO_LTB@DF_EO_LTB(1.0),OECD Economic Outlook 117 long-term scenarios,I,LUX,Luxembourg,GDPVD_CAP,"Gross domestic product per capita, volume in USD, at constant purchasing power parities",BAU1,"Business-as-usual energy transition, median climate climate damage curve, no carbon mitigation costs",A,Annual,2036,,138811.3,,,,USD_PPP_PS,"US dollars per person, PPP converted",0,Units,2,Two
DATAFLOW,OECD.ECO.MAD:DSD_EO_LTB@DF_EO_LTB(1.0),OECD Economic Outlook 117 long-term scenarios,I,LUX,Luxembourg,GDPVD_CAP,"Gross domestic product per capita, volume in USD, at constant purchasing power parities",BAU1,"Business-as-usual energy transition, median climate climate damage curve, no carbon mitigation costs",A,Annual,2037,,139866.8,,,,USD_PPP_PS,"US dollars per person, PPP converted",0,Units,2,Two
DATAFLOW,OECD.ECO.MAD:DSD_EO_LTB@DF_EO_LTB(1.0),OECD Economic Outlook 117 long-term scenarios,I,LUX,Luxembourg,GDPVD_CAP,"Gross domestic product per capita, volume in USD, at constant purchasing power parities",BAU1,"Business-as-usual energy transition, median climate climate damage curve, no carbon mitigation costs",A,Annual,2038,,140970.2,,,,USD_PPP_PS,"US dollars per person, PPP converted",0,Units,2,Two
DATAFLOW,OECD.ECO.MAD:DSD_EO_LTB@DF_EO_LTB(1.0),OECD Economic Outlook 117 long-term scenarios,I,LUX,Luxembourg,GDPVD_CAP,"Gross domestic product per capita, volume in USD, at constant purchasing power parities",BAU1,"Business-as-usual energy transition, median climate climate damage curve, no carbon mitigation costs",A,Annual,2039,,142081.4,,,,USD_PPP_PS,"US dollars per person, PPP converted",0,Units,2,Two
DATAFLOW,OECD.ECO.MAD:DSD_EO_LTB@DF_EO_LTB(1.0),OECD Economic Outlook 117 long-term scenarios,I,LUX,Luxembourg,GDPVD_CAP,"Gross domestic product per capita, volume in USD, at constant purchasing power parities",BAU1,"Business-as-usual energy transition, median climate climate damage curve, no carbon mitigation costs",A,Annual,2040,,143232.6,,,,USD_PPP_PS,"US dollars per person, PPP converted",0,Units,2,Two
DATAFLOW,OECD.ECO.MAD:DSD_EO_LTB@DF_EO_LTB(1.0),OECD Economic Outlook 117 long-term scenarios,I,LUX,Luxembourg,GDPVD_CAP,"Gross domestic product per capita, volume in USD, at constant purchasing power parities",BAU1,"Business-as-usual energy transition, median climate climate damage curve, no carbon mitigation costs",A,Annual,2041,,144440.8,,,,USD_PPP_PS,"US dollars per person, PPP converted",0,Units,2,Two
DATAFLOW,OECD.ECO.MAD:DSD_EO_LTB@DF_EO_LTB(1.0),OECD Economic Outlook 117 long-term scenarios,I,LUX,Luxembourg,GDPVD_CAP,"Gross domestic product per capita, volume in USD, at constant purchasing power parities",BAU1,"Business-as-usual energy transition, median climate climate damage curve, no carbon mitigation costs",A,Annual,2042,,145647,,,,USD_PPP_PS,"US dollars per person, PPP converted",0,Units,2,Two
DATAFLOW,OECD.ECO.MAD:DSD_EO_LTB@DF_EO_LTB(1.0),OECD Economic Outlook 117 long-term scenarios,I,LUX,Luxembourg,GDPVD_CAP,"Gross domestic product per capita, volume in USD, at constant purchasing power parities",BAU1,"Business-as-usual energy transition, median climate climate damage curve, no carbon mitigation costs",A,Annual,2043,,146845.4,,,,USD_PPP_PS,"US dollars per person, PPP converted",0,Units,2,Two
DATAFLOW,OECD.ECO.MAD:DSD_EO_LTB@DF_EO_LTB(1.0),OECD Economic Outlook 117 long-term scenarios,I,LUX,Luxembourg,GDPVD_CAP,"Gross domestic product per capita, volume in USD, at constant purchasing power parities",BAU1,"Business-as-usual energy transition, median climate climate damage curve, no carbon mitigation costs",A,Annual,2044,,148086.4,,,,USD_PPP_PS,"US dollars per person, PPP converted",0,Units,2,Two
DATAFLOW,OECD.ECO.MAD:DSD_EO_LTB@DF_EO_LTB(1.0),OECD Economic Outlook 117 long-term scenarios,I,LUX,Luxembourg,GDPVD_CAP,"Gross domestic product per capita, volume in USD, at constant purchasing power parities",BAU1,"Business-as-usual energy transition, median climate climate damage curve, no carbon mitigation costs",A,Annual,2045,,149328.6,,,,USD_PPP_PS,"US dollars per person, PPP converted",0,Units,2,Two
DATAFLOW,OECD.ECO.MAD:DSD_EO_LTB@DF_EO_LTB(1.0),OECD Economic Outlook 117 long-term scenarios,I,LUX,Luxembourg,GDPVD_CAP,"Gross domestic product per capita, volume in USD, at constant purchasing power parities",BAU1,"Business-as-usual energy transition, median climate climate damage curve, no carbon mitigation costs",A,Annual,2046,,150565.4,,,,USD_PPP_PS,"US dollars per person, PPP converted",0,Units,2,Two
DATAFLOW,OECD.ECO.MAD:DSD_EO_LTB@DF_EO_LTB(1.0),OECD Economic Outlook 117 long-term scenarios,I,LUX,Luxembourg,GDPVD_CAP,"Gross domestic product per capita, volume in USD, at constant purchasing power parities",BAU1,"Business-as-usual energy transition, median climate climate damage curve, no carbon mitigation costs",A,Annual,2047,,151831.3,,,,USD_PPP_PS,"US dollars per person, PPP converted",0,Units,2,Two
DATAFLOW,OECD.ECO.MAD:DSD_EO_LTB@DF_EO_LTB(1.0),OECD Economic Outlook 117 long-term scenarios,I,LUX,Luxembourg,GDPVD_CAP,"Gross domestic product per capita, volume in USD, at constant purchasing power parities",BAU1,"Business-as-usual energy transition, median climate climate damage curve, no carbon mitigation costs",A,Annual,2048,,153117.8,,,,USD_PPP_PS,"US dollars per person, PPP converted",0,Units,2,Two
DATAFLOW,OECD.ECO.MAD:DSD_EO_LTB@DF_EO_LTB(1.0),OECD Economic Outlook 117 long-term scenarios,I,LUX,Luxembourg,GDPVD_CAP,"Gross domestic product per capita, volume in USD, at constant purchasing power parities",BAU1,"Business-as-usual energy transition, median climate climate damage curve, no carbon mitigation costs",A,Annual,2049,,154399.5,,,,USD_PPP_PS,"US dollars per person, PPP converted",0,Units,2,Two
DATAFLOW,OECD.ECO.MAD:DSD_EO_LTB@DF_EO_LTB(1.0),OECD Economic Outlook 117 long-term scenarios,I,LUX,Luxembourg,GDPVD_CAP,"Gross domestic product per capita, volume in USD, at constant purchasing power parities",BAU1,"Business-as-usual energy transition, median climate climate damage curve, no carbon mitigation costs",A,Annual,2050,,155717.5,,,,USD_PPP_PS,"US dollars per person, PPP converted",0,Units,2,Two
DATAFLOW,OECD.ECO.MAD:DSD_EO_LTB@DF_EO_LTB(1.0),OECD Economic Outlook 117 long-term scenarios,I,LUX,Luxembourg,GDPVD_CAP,"Gross domestic product per capita, volume in USD, at constant purchasing power parities",BAU1,"Business-as-usual energy transition, median climate climate damage curve, no carbon mitigation costs",A,Annual,2051,,157043.5,,,,USD_PPP_PS,"US dollars per person, PPP converted",0,Units,2,Two
DATAFLOW,OECD.ECO.MAD:DSD_EO_LTB@DF_EO_LTB(1.0),OECD Economic Outlook 117 long-term scenarios,I,LUX,Luxembourg,GDPVD_CAP,"Gross domestic product per capita, volume in USD, at constant purchasing power parities",BAU1,"Business-as-usual energy transition, median climate climate damage curve, no carbon mitigation costs",A,Annual,2052,,158324.6,,,,USD_PPP_PS,"US dollars per person, PPP converted",0,Units,2,Two
DATAFLOW,OECD.ECO.MAD:DSD_EO_LTB@DF_EO_LTB(1.0),OECD Economic Outlook 117 long-term scenarios,I,LUX,Luxembourg,GDPVD_CAP,"Gross domestic product per capita, volume in USD, at constant purchasing power parities",BAU1,"Business-as-usual energy transition, median climate climate damage curve, no carbon mitigation costs",A,Annual,2053,,159661.8,,,,USD_PPP_PS,"US dollars per person, PPP converted",0,Units,2,Two
DATAFLOW,OECD.ECO.MAD:DSD_EO_LTB@DF_EO_LTB(1.0),OECD Economic Outlook 117 long-term scenarios,I,LUX,Luxembourg,GDPVD_CAP,"Gross domestic product per capita, volume in USD, at constant purchasing power parities",BAU1,"Business-as-usual energy transition, median climate climate damage curve, no carbon mitigation costs",A,Annual,2054,,161000.9,,,,USD_PPP_PS,"US dollars per person, PPP converted",0,Units,2,Two
DATAFLOW,OECD.ECO.MAD:DSD_EO_LTB@DF_EO_LTB(1.0),OECD Economic Outlook 117 long-term scenarios,I,LUX,Luxembourg,GDPVD_CAP,"Gross domestic product per capita, volume in USD, at constant purchasing power parities",BAU1,"Business-as-usual energy transition, median climate climate damage curve, no carbon mitigation costs",A,Annual,2055,,162338.1,,,,USD_PPP_PS,"US dollars per person, PPP converted",0,Units,2,Two
DATAFLOW,OECD.ECO.MAD:DSD_EO_LTB@DF_EO_LTB(1.0),OECD Economic Outlook 117 long-term scenarios,I,LUX,Luxembourg,GDPVD_CAP,"Gross domestic product per capita, volume in USD, at constant purchasing power parities",BAU1,"Business-as-usual energy transition, median climate climate damage curve, no carbon mitigation costs",A,Annual,2056,,163669.9,,,,USD_PPP_PS,"US dollars per person, PPP converted",0,Units,2,Two
DATAFLOW,OECD.ECO.MAD:DSD_EO_LTB@DF_EO_LTB(1.0),OECD Economic Outlook 117 long-term scenarios,I,LUX,Luxembourg,GDPVD_CAP,"Gross domestic product per capita, volume in USD, at constant purchasing power parities",BAU1,"Business-as-usual energy transition, median climate climate damage curve, no carbon mitigation costs",A,Annual,2057,,165114.7,,,,USD_PPP_PS,"US dollars per person, PPP converted",0,Units,2,Two
DATAFLOW,OECD.ECO.MAD:DSD_EO_LTB@DF_EO_LTB(1.0),OECD Economic Outlook 117 long-term scenarios,I,LUX,Luxembourg,GDPVD_CAP,"Gross domestic product per capita, volume in USD, at constant purchasing power parities",BAU1,"Business-as-usual energy transition, median climate climate damage curve, no carbon mitigation costs",A,Annual,2058,,166588.4,,,,USD_PPP_PS,"US dollars per person, PPP converted",0,Units,2,Two
DATAFLOW,OECD.ECO.MAD:DSD_EO_LTB@DF_EO_LTB(1.0),OECD Economic Outlook 117 long-term scenarios,I,LUX,Luxembourg,GDPVD_CAP,"Gross domestic product per capita, volume in USD, at constant purchasing power parities",BAU1,"Business-as-usual energy transition, median climate climate damage curve, no carbon mitigation costs",A,Annual,2059,,168129.2,,,,USD_PPP_PS,"US dollars per person, PPP converted",0,Units,2,Two
DATAFLOW,OECD.ECO.MAD:DSD_EO_LTB@DF_EO_LTB(1.0),OECD Economic Outlook 117 long-term scenarios,I,LUX,Luxembourg,GDPVD_CAP,"Gross domestic product per capita, volume in USD, at constant purchasing power parities",BAU1,"Business-as-usual energy transition, median climate climate damage curve, no carbon mitigation costs",A,Annual,2060,,169767.2,,,,USD_PPP_PS,"US dollars per person, PPP converted",0,Units,2,Two
DATAFLOW,OECD.ECO.MAD:DSD_EO_LTB@DF_EO_LTB(1.0),OECD Economic Outlook 117 long-term scenarios,I,ITA,Italy,GDPVD_CAP,"Gross domestic product per capita, volume in USD, at constant purchasing power parities",BAU1,"Business-as-usual energy transition, median climate climate damage curve, no carbon mitigation costs",A,Annual,1990,,42772.65308,,,,USD_PPP_PS,"US dollars per person, PPP converted",0,Units,2,Two
DATAFLOW,OECD.ECO.MAD:DSD_EO_LTB@DF_EO_LTB(1.0),OECD Economic Outlook 117 long-term scenarios,I,ITA,Italy,GDPVD_CAP,"Gross domestic product per capita, volume in USD, at constant purchasing power parities",BAU1,"Business-as-usual energy transition, median climate climate damage curve, no carbon mitigation costs",A,Annual,1991,,43384.98662,,,,USD_PPP_PS,"US dollars per person, PPP converted",0,Units,2,Two
DATAFLOW,OECD.ECO.MAD:DSD_EO_LTB@DF_EO_LTB(1.0),OECD Economic Outlook 117 long-term scenarios,I,ITA,Italy,GDPVD_CAP,"Gross domestic product per capita, volume in USD, at constant purchasing power parities",BAU1,"Business-as-usual energy transition, median climate climate damage curve, no carbon mitigation costs",A,Annual,1992,,43671.79992,,,,USD_PPP_PS,"US dollars per person, PPP converted",0,Units,2,Two
DATAFLOW,OECD.ECO.MAD:DSD_EO_LTB@DF_EO_LTB(1.0),OECD Economic Outlook 117 long-term scenarios,I,ITA,Italy,GDPVD_CAP,"Gross domestic product per capita, volume in USD, at constant purchasing power parities",BAU1,"Business-as-usual energy transition, median climate climate damage curve, no carbon mitigation costs",A,Annual,1993,,43270.69205,,,,USD_PPP_PS,"US dollars per person, PPP converted",0,Units,2,Two
DATAFLOW,OECD.ECO.MAD:DSD_EO_LTB@DF_EO_LTB(1.0),OECD Economic Outlook 117 long-term scenarios,I,ITA,Italy,GDPVD_CAP,"Gross domestic product per capita, volume in USD, at constant purchasing power parities",BAU1,"Business-as-usual energy transition, median climate climate damage curve, no carbon mitigation costs",A,Annual,1994,,44248.77541,,,,USD_PPP_PS,"US dollars per person, PPP converted",0,Units,2,Two
DATAFLOW,OECD.ECO.MAD:DSD_EO_LTB@DF_EO_LTB(1.0),OECD Economic Outlook 117 long-term scenarios,I,ITA,Italy,GDPVD_CAP,"Gross domestic product per capita, volume in USD, at constant purchasing power parities",BAU1,"Business-as-usual energy transition, median climate climate damage curve, no carbon mitigation costs",A,Annual,1995,,45558.40367,,,,USD_PPP_PS,"US dollars per person, PPP converted",0,Units,2,Two
DATAFLOW,OECD.ECO.MAD:DSD_EO_LTB@DF_EO_LTB(1.0),OECD Economic Outlook 117 long-term scenarios,I,ITA,Italy,GDPVD_CAP,"Gross domestic product per capita, volume in USD, at constant purchasing power parities",BAU1,"Business-as-usual energy transition, median climate climate damage curve, no carbon mitigation costs",A,Annual,1996,,46001.09574,,,,USD_PPP_PS,"US dollars per person, PPP converted",0,Units,2,Two
DATAFLOW,OECD.ECO.MAD:DSD_EO_LTB@DF_EO_LTB(1.0),OECD Economic Outlook 117 long-term scenarios,I,ITA,Italy,GDPVD_CAP,"Gross domestic product per capita, volume in USD, at constant purchasing power parities",BAU1,"Business-as-usual energy transition, median climate climate damage curve, no carbon mitigation costs",A,Annual,1997,,46862.14148,,,,USD_PPP_PS,"US dollars per person, PPP converted",0,Units,2,Two
DATAFLOW,OECD.ECO.MAD:DSD_EO_LTB@DF_EO_LTB(1.0),OECD Economic Outlook 117 long-term scenarios,I,ITA,Italy,GDPVD_CAP,"Gross domestic product per capita, volume in USD, at constant purchasing power parities",BAU1,"Business-as-usual energy transition, median climate climate damage curve, no carbon mitigation costs",A,Annual,1998,,47694.04449,,,,USD_PPP_PS,"US dollars per person, PPP converted",0,Units,2,Two
DATAFLOW,OECD.ECO.MAD:DSD_EO_LTB@DF_EO_LTB(1.0),OECD Economic Outlook 117 long-term scenarios,I,ITA,Italy,GDPVD_CAP,"Gross domestic product per capita, volume in USD, at constant purchasing power parities",BAU1,"Business-as-usual energy transition, median climate climate damage curve, no carbon mitigation costs",A,Annual,1999,,48486.1672,,,,USD_PPP_PS,"US dollars per person, PPP converted",0,Units,2,Two
DATAFLOW,OECD.ECO.MAD:DSD_EO_LTB@DF_EO_LTB(1.0),OECD Economic Outlook 117 long-term scenarios,I,ITA,Italy,GDPVD_CAP,"Gross domestic product per capita, volume in USD, at constant purchasing power parities",BAU1,"Business-as-usual energy transition, median climate climate damage curve, no carbon mitigation costs",A,Annual,2000,,50345.62694,,,,USD_PPP_PS,"US dollars per person, PPP converted",0,Units,2,Two
DATAFLOW,OECD.ECO.MAD:DSD_EO_LTB@DF_EO_LTB(1.0),OECD Economic Outlook 117 long-term scenarios,I,ITA,Italy,GDPVD_CAP,"Gross domestic product per capita, volume in USD, at constant purchasing power parities",BAU1,"Business-as-usual energy transition, median climate climate damage curve, no carbon mitigation costs",A,Annual,2001,,51321.7996,,,,USD_PPP_PS,"US dollars per person, PPP converted",0,Units,2,Two
DATAFLOW,OECD.ECO.MAD:DSD_EO_LTB@DF_EO_LTB(1.0),OECD Economic Outlook 117 long-term scenarios,I,ITA,Italy,GDPVD_CAP,"Gross domestic product per capita, volume in USD, at constant purchasing power parities",BAU1,"Business-as-usual energy transition, median climate climate damage curve, no carbon mitigation costs",A,Annual,2002,,51361.17918,,,,USD_PPP_PS,"US dollars per person, PPP converted",0,Units,2,Two
DATAFLOW,OECD.ECO.MAD:DSD_EO_LTB@DF_EO_LTB(1.0),OECD Economic Outlook 117 long-term scenarios,I,ITA,Italy,GDPVD_CAP,"Gross domestic product per capita, volume in USD, at constant purchasing power parities",BAU1,"Business-as-usual energy transition, median climate climate damage curve, no carbon mitigation costs",A,Annual,2003,,51118.32461,,,,USD_PPP_PS,"US dollars per person, PPP converted",0,Units,2,Two
DATAFLOW,OECD.ECO.MAD:DSD_EO_LTB@DF_EO_LTB(1.0),OECD Economic Outlook 117 long-term scenarios,I,ITA,Italy,GDPVD_CAP,"Gross domestic product per capita, volume in USD, at constant purchasing power parities",BAU1,"Business-as-usual energy transition, median climate climate damage curve, no carbon mitigation costs",A,Annual,2004,,51487.0103,,,,USD_PPP_PS,"US dollars per person, PPP converted",0,Units,2,Two
DATAFLOW,OECD.ECO.MAD:DSD_EO_LTB@DF_EO_LTB(1.0),OECD Economic Outlook 117 long-term scenarios,I,ITA,Italy,GDPVD_CAP,"Gross domestic product per capita, volume in USD, at constant purchasing power parities",BAU1,"Business-as-usual energy transition, median climate climate damage curve, no carbon mitigation costs",A,Annual,2005,,51577.64909,,,,USD_PPP_PS,"US dollars per person, PPP converted",0,Units,2,Two
DATAFLOW,OECD.ECO.MAD:DSD_EO_LTB@DF_EO_LTB(1.0),OECD Economic Outlook 117 long-term scenarios,I,ITA,Italy,GDPVD_CAP,"Gross domestic product per capita, volume in USD, at constant purchasing power parities",BAU1,"Business-as-usual energy transition, median climate climate damage curve, no carbon mitigation costs",A,Annual,2006,,52296.11741,,,,USD_PPP_PS,"US dollars per person, PPP converted",0,Units,2,Two
DATAFLOW,OECD.ECO.MAD:DSD_EO_LTB@DF_EO_LTB(1.0),OECD Economic Outlook 117 long-term scenarios,I,ITA,Italy,GDPVD_CAP,"Gross domestic product per capita, volume in USD, at constant purchasing power parities",BAU1,"Business-as-usual energy transition, median climate climate damage curve, no carbon mitigation costs",A,Annual,2007,,52739.08447,,,,USD_PPP_PS,"US dollars per person, PPP converted",0,Units,2,Two
DATAFLOW,OECD.ECO.MAD:DSD_EO_LTB@DF_EO_LTB(1.0),OECD Economic Outlook 117 long-term scenarios,I,ITA,Italy,GDPVD_CAP,"Gross domestic product per capita, volume in USD, at constant purchasing power parities",BAU1,"Business-as-usual energy transition, median climate climate damage curve, no carbon mitigation costs",A,Annual,2008,,51798.36846,,,,USD_PPP_PS,"US dollars per person, PPP converted",0,Units,2,Two
DATAFLOW,OECD.ECO.MAD:DSD_EO_LTB@DF_EO_LTB(1.0),OECD Economic Outlook 117 long-term scenarios,I,ITA,Italy,GDPVD_CAP,"Gross domestic product per capita, volume in USD, at constant purchasing power parities",BAU1,"Business-as-usual energy transition, median climate climate damage curve, no carbon mitigation costs",A,Annual,2009,,48766.80671,,,,USD_PPP_PS,"US dollars per person, PPP converted",0,Units,2,Two
DATAFLOW,OECD.ECO.MAD:DSD_EO_LTB@DF_EO_LTB(1.0),OECD Economic Outlook 117 long-term scenarios,I,ITA,Italy,GDPVD_CAP,"Gross domestic product per capita, volume in USD, at constant purchasing power parities",BAU1,"Business-as-usual energy transition, median climate climate damage curve, no carbon mitigation costs",A,Annual,2010,,49294.08361,,,,USD_PPP_PS,"US dollars per person, PPP converted",0,Units,2,Two
DATAFLOW,OECD.ECO.MAD:DSD_EO_LTB@DF_EO_LTB(1.0),OECD Economic Outlook 117 long-term scenarios,I,ITA,Italy,GDPVD_CAP,"Gross domestic product per capita, volume in USD, at constant purchasing power parities",BAU1,"Business-as-usual energy transition, median climate climate damage curve, no carbon mitigation costs",A,Annual,2011,,49465.40679,,,,USD_PPP_PS,"US dollars per person, PPP converted",0,Units,2,Two
DATAFLOW,OECD.ECO.MAD:DSD_EO_LTB@DF_EO_LTB(1.0),OECD Economic Outlook 117 long-term scenarios,I,ITA,Italy,GDPVD_CAP,"Gross domestic product per capita, volume in USD, at constant purchasing power parities",BAU1,"Business-as-usual energy transition, median climate climate damage curve, no carbon mitigation costs",A,Annual,2012,,47788.59935,,,,USD_PPP_PS,"US dollars per person, PPP converted",0,Units,2,Two
DATAFLOW,OECD.ECO.MAD:DSD_EO_LTB@DF_EO_LTB(1.0),OECD Economic Outlook 117 long-term scenarios,I,ITA,Italy,GDPVD_CAP,"Gross domestic product per capita, volume in USD, at constant purchasing power parities",BAU1,"Business-as-usual energy transition, median climate climate damage curve, no carbon mitigation costs",A,Annual,2013,,46826.11662,,,,USD_PPP_PS,"US dollars per person, PPP converted",0,Units,2,Two
DATAFLOW,OECD.ECO.MAD:DSD_EO_LTB@DF_EO_LTB(1.0),OECD Economic Outlook 117 long-term scenarios,I,ITA,Italy,GDPVD_CAP,"Gross domestic product per capita, volume in USD, at constant purchasing power parities",BAU1,"Business-as-usual energy transition, median climate climate damage curve, no carbon mitigation costs",A,Annual,2014,,46818.40812,,,,USD_PPP_PS,"US dollars per person, PPP converted",0,Units,2,Two
DATAFLOW,OECD.ECO.MAD:DSD_EO_LTB@DF_EO_LTB(1.0),OECD Economic Outlook 117 long-term scenarios,I,ITA,Italy,GDPVD_CAP,"Gross domestic product per capita, volume in USD, at constant purchasing power parities",BAU1,"Business-as-usual energy transition, median climate climate damage curve, no carbon mitigation costs",A,Annual,2015,,47304.51116,,,,USD_PPP_PS,"US dollars per person, PPP converted",0,Units,2,Two
DATAFLOW,OECD.ECO.MAD:DSD_EO_LTB@DF_EO_LTB(1.0),OECD Economic Outlook 117 long-term scenarios,I,ITA,Italy,GDPVD_CAP,"Gross domestic product per capita, volume in USD, at constant purchasing power parities",BAU1,"Business-as-usual energy transition, median climate climate damage curve, no carbon mitigation costs",A,Annual,2016,,47980.43611,,,,USD_PPP_PS,"US dollars per person, PPP converted",0,Units,2,Two
DATAFLOW,OECD.ECO.MAD:DSD_EO_LTB@DF_EO_LTB(1.0),OECD Economic Outlook 117 long-term scenarios,I,ITA,Italy,GDPVD_CAP,"Gross domestic product per capita, volume in USD, at constant purchasing power parities",BAU1,"Business-as-usual energy transition, median climate climate damage curve, no carbon mitigation costs",A,Annual,2017,,48841.6204,,,,USD_PPP_PS,"US dollars per person, PPP converted",0,Units,2,Two
DATAFLOW,OECD.ECO.MAD:DSD_EO_LTB@DF_EO_LTB(1.0),OECD Economic Outlook 117 long-term scenarios,I,ITA,Italy,GDPVD_CAP,"Gross domestic product per capita, volume in USD, at constant purchasing power parities",BAU1,"Business-as-usual energy transition, median climate climate damage curve, no carbon mitigation costs",A,Annual,2018,,49348.25792,,,,USD_PPP_PS,"US dollars per person, PPP converted",0,Units,2,Two
DATAFLOW,OECD.ECO.MAD:DSD_EO_LTB@DF_EO_LTB(1.0),OECD Economic Outlook 117 long-term scenarios,I,ITA,Italy,GDPVD_CAP,"Gross domestic product per capita, volume in USD, at constant purchasing power parities",BAU1,"Business-as-usual energy transition, median climate climate damage curve, no carbon mitigation costs",A,Annual,2019,,49682.93581,,,,USD_PPP_PS,"US dollars per person, PPP converted",0,Units,2,Two
DATAFLOW,OECD.ECO.MAD:DSD_EO_LTB@DF_EO_LTB(1.0),OECD Economic Outlook 117 long-term scenarios,I,ITA,Italy,GDPVD_CAP,"Gross domestic product per capita, volume in USD, at constant purchasing power parities",BAU1,"Business-as-usual energy transition, median climate climate damage curve, no carbon mitigation costs",A,Annual,2020,,45498.00085,,,,USD_PPP_PS,"US dollars per person, PPP converted",0,Units,2,Two
DATAFLOW,OECD.ECO.MAD:DSD_EO_LTB@DF_EO_LTB(1.0),OECD Economic Outlook 117 long-term scenarios,I,ITA,Italy,GDPVD_CAP,"Gross domestic product per capita, volume in USD, at constant purchasing power parities",BAU1,"Business-as-usual energy transition, median climate climate damage curve, no carbon mitigation costs",A,Annual,2021,,49817.66073,,,,USD_PPP_PS,"US dollars per person, PPP converted",0,Units,2,Two
DATAFLOW,OECD.ECO.MAD:DSD_EO_LTB@DF_EO_LTB(1.0),OECD Economic Outlook 117 long-term scenarios,I,ITA,Italy,GDPVD_CAP,"Gross domestic product per capita, volume in USD, at constant purchasing power parities",BAU1,"Business-as-usual energy transition, median climate climate damage curve, no carbon mitigation costs",A,Annual,2022,,52325.16723,,,,USD_PPP_PS,"US dollars per person, PPP converted",0,Units,2,Two
DATAFLOW,OECD.ECO.MAD:DSD_EO_LTB@DF_EO_LTB(1.0),OECD Economic Outlook 117 long-term scenarios,I,ITA,Italy,GDPVD_CAP,"Gross domestic product per capita, volume in USD, at constant purchasing power parities",BAU1,"Business-as-usual energy transition, median climate climate damage curve, no carbon mitigation costs",A,Annual,2023,,52717.53219,,,,USD_PPP_PS,"US dollars per person, PPP converted",0,Units,2,Two
DATAFLOW,OECD.ECO.MAD:DSD_EO_LTB@DF_EO_LTB(1.0),OECD Economic Outlook 117 long-term scenarios,I,ITA,Italy,GDPVD_CAP,"Gross domestic product per capita, volume in USD, at constant purchasing power parities",BAU1,"Business-as-usual energy transition, median climate climate damage curve, no carbon mitigation costs",A,Annual,2024,,53150.56798,,,,USD_PPP_PS,"US dollars per person, PPP converted",0,Units,2,Two
DATAFLOW,OECD.ECO.MAD:DSD_EO_LTB@DF_EO_LTB(1.0),OECD Economic Outlook 117 long-term scenarios,I,ITA,Italy,GDPVD_CAP,"Gross domestic product per capita, volume in USD, at constant purchasing power parities",BAU1,"Business-as-usual energy transition, median climate climate damage curve, no carbon mitigation costs",A,Annual,2025,,53591.80314,,,,USD_PPP_PS,"US dollars per person, PPP converted",0,Units,2,Two
DATAFLOW,OECD.ECO.MAD:DSD_EO_LTB@DF_EO_LTB(1.0),OECD Economic Outlook 117 long-term scenarios,I,ITA,Italy,GDPVD_CAP,"Gross domestic product per capita, volume in USD, at constant purchasing power parities",BAU1,"Business-as-usual energy transition, median climate climate damage curve, no carbon mitigation costs",A,Annual,2026,,54080.34429,,,,USD_PPP_PS,"US dollars per person, PPP converted",0,Units,2,Two
DATAFLOW,OECD.ECO.MAD:DSD_EO_LTB@DF_EO_LTB(1.0),OECD Economic Outlook 117 long-term scenarios,I,ITA,Italy,GDPVD_CAP,"Gross domestic product per capita, volume in USD, at constant purchasing power parities",BAU1,"Business-as-usual energy transition, median climate climate damage curve, no carbon mitigation costs",A,Annual,2027,,54799.76,,,,USD_PPP_PS,"US dollars per person, PPP converted",0,Units,2,Two
DATAFLOW,OECD.ECO.MAD:DSD_EO_LTB@DF_EO_LTB(1.0),OECD Economic Outlook 117 long-term scenarios,I,ITA,Italy,GDPVD_CAP,"Gross domestic product per capita, volume in USD, at constant purchasing power parities",BAU1,"Business-as-usual energy transition, median climate climate damage curve, no carbon mitigation costs",A,Annual,2028,,55518.25,,,,USD_PPP_PS,"US dollars per person, PPP converted",0,Units,2,Two
DATAFLOW,OECD.ECO.MAD:DSD_EO_LTB@DF_EO_LTB(1.0),OECD Economic Outlook 117 long-term scenarios,I,ITA,Italy,GDPVD_CAP,"Gross domestic product per capita, volume in USD, at constant purchasing power parities",BAU1,"Business-as-usual energy transition, median climate climate damage curve, no carbon mitigation costs",A,Annual,2029,,56225.75,,,,USD_PPP_PS,"US dollars per person, PPP converted",0,Units,2,Two
DATAFLOW,OECD.ECO.MAD:DSD_EO_LTB@DF_EO_LTB(1.0),OECD Economic Outlook 117 long-term scenarios,I,ITA,Italy,GDPVD_CAP,"Gross domestic product per capita, volume in USD, at constant purchasing power parities",BAU1,"Business-as-usual energy transition, median climate climate damage curve, no carbon mitigation costs",A,Annual,2030,,56940.87,,,,USD_PPP_PS,"US dollars per person, PPP converted",0,Units,2,Two
DATAFLOW,OECD.ECO.MAD:DSD_EO_LTB@DF_EO_LTB(1.0),OECD Economic Outlook 117 long-term scenarios,I,ITA,Italy,GDPVD_CAP,"Gross domestic product per capita, volume in USD, at constant purchasing power parities",BAU1,"Business-as-usual energy transition, median climate climate damage curve, no carbon mitigation costs",A,Annual,2031,,57648.38,,,,USD_PPP_PS,"US dollars per person, PPP converted",0,Units,2,Two
DATAFLOW,OECD.ECO.MAD:DSD_EO_LTB@DF_EO_LTB(1.0),OECD Economic Outlook 117 long-term scenarios,I,ITA,Italy,GDPVD_CAP,"Gross domestic product per capita, volume in USD, at constant purchasing power parities",BAU1,"Business-as-usual energy transition, median climate climate damage curve, no carbon mitigation costs",A,Annual,2032,,58357.97,,,,USD_PPP_PS,"US dollars per person, PPP converted",0,Units,2,Two
DATAFLOW,OECD.ECO.MAD:DSD_EO_LTB@DF_EO_LTB(1.0),OECD Economic Outlook 117 long-term scenarios,I,ITA,Italy,GDPVD_CAP,"Gross domestic product per capita, volume in USD, at constant purchasing power parities",BAU1,"Business-as-usual energy transition, median climate climate damage curve, no carbon mitigation costs",A,Annual,2033,,59063.77,,,,USD_PPP_PS,"US dollars per person, PPP converted",0,Units,2,Two
DATAFLOW,OECD.ECO.MAD:DSD_EO_LTB@DF_EO_LTB(1.0),OECD Economic Outlook 117 long-term scenarios,I,ITA,Italy,GDPVD_CAP,"Gross domestic product per capita, volume in USD, at constant purchasing power parities",BAU1,"Business-as-usual energy transition, median climate climate damage curve, no carbon mitigation costs",A,Annual,2034,,59772.26,,,,USD_PPP_PS,"US dollars per person, PPP converted",0,Units,2,Two
DATAFLOW,OECD.ECO.MAD:DSD_EO_LTB@DF_EO_LTB(1.0),OECD Economic Outlook 117 long-term scenarios,I,ITA,Italy,GDPVD_CAP,"Gross domestic product per capita, volume in USD, at constant purchasing power parities",BAU1,"Business-as-usual energy transition, median climate climate damage curve, no carbon mitigation costs",A,Annual,2035,,60487.69,,,,USD_PPP_PS,"US dollars per person, PPP converted",0,Units,2,Two
DATAFLOW,OECD.ECO.MAD:DSD_EO_LTB@DF_EO_LTB(1.0),OECD Economic Outlook 117 long-term scenarios,I,ITA,Italy,GDPVD_CAP,"Gross domestic product per capita, volume in USD, at constant purchasing power parities",BAU1,"Business-as-usual energy transition, median climate climate damage curve, no carbon mitigation costs",A,Annual,2036,,61216.42,,,,USD_PPP_PS,"US dollars per person, PPP converted",0,Units,2,Two
DATAFLOW,OECD.ECO.MAD:DSD_EO_LTB@DF_EO_LTB(1.0),OECD Economic Outlook 117 long-term scenarios,I,ITA,Italy,GDPVD_CAP,"Gross domestic product per capita, volume in USD, at constant purchasing power parities",BAU1,"Business-as-usual energy transition, median climate climate damage curve, no carbon mitigation costs",A,Annual,2037,,61952.38,,,,USD_PPP_PS,"US dollars per person, PPP converted",0,Units,2,Two
DATAFLOW,OECD.ECO.MAD:DSD_EO_LTB@DF_EO_LTB(1.0),OECD Economic Outlook 117 long-term scenarios,I,ITA,Italy,GDPVD_CAP,"Gross domestic product per capita, volume in USD, at constant purchasing power parities",BAU1,"Business-as-usual energy transition, median climate climate damage curve, no carbon mitigation costs",A,Annual,2038,,62696.06,,,,USD_PPP_PS,"US dollars per person, PPP converted",0,Units,2,Two
DATAFLOW,OECD.ECO.MAD:DSD_EO_LTB@DF_EO_LTB(1.0),OECD Economic Outlook 117 long-term scenarios,I,ITA,Italy,GDPVD_CAP,"Gross domestic product per capita, volume in USD, at constant purchasing power parities",BAU1,"Business-as-usual energy transition, median climate climate damage curve, no carbon mitigation costs",A,Annual,2039,,63435.13,,,,USD_PPP_PS,"US dollars per person, PPP converted",0,Units,2,Two
DATAFLOW,OECD.ECO.MAD:DSD_EO_LTB@DF_EO_LTB(1.0),OECD Economic Outlook 117 long-term scenarios,I,ITA,Italy,GDPVD_CAP,"Gross domestic product per capita, volume in USD, at constant purchasing power parities",BAU1,"Business-as-usual energy transition, median climate climate damage curve, no carbon mitigation costs",A,Annual,2040,,64189.31,,,,USD_PPP_PS,"US dollars per person, PPP converted",0,Units,2,Two
DATAFLOW,OECD.ECO.MAD:DSD_EO_LTB@DF_EO_LTB(1.0),OECD Economic Outlook 117 long-term scenarios,I,ITA,Italy,GDPVD_CAP,"Gross domestic product per capita, volume in USD, at constant purchasing power parities",BAU1,"Business-as-usual energy transition, median climate climate damage curve, no carbon mitigation costs",A,Annual,2041,,64957.24,,,,USD_PPP_PS,"US dollars per person, PPP converted",0,Units,2,Two
DATAFLOW,OECD.ECO.MAD:DSD_EO_LTB@DF_EO_LTB(1.0),OECD Economic Outlook 117 long-term scenarios,I,ITA,Italy,GDPVD_CAP,"Gross domestic product per capita, volume in USD, at constant purchasing power parities",BAU1,"Business-as-usual energy transition, median climate climate damage curve, no carbon mitigation costs",A,Annual,2042,,65753.17,,,,USD_PPP_PS,"US dollars per person, PPP converted",0,Units,2,Two
DATAFLOW,OECD.ECO.MAD:DSD_EO_LTB@DF_EO_LTB(1.0),OECD Economic Outlook 117 long-term scenarios,I,ITA,Italy,GDPVD_CAP,"Gross domestic product per capita, volume in USD, at constant purchasing power parities",BAU1,"Business-as-usual energy transition, median climate climate damage curve, no carbon mitigation costs",A,Annual,2043,,66591.04,,,,USD_PPP_PS,"US dollars per person, PPP converted",0,Units,2,Two
DATAFLOW,OECD.ECO.MAD:DSD_EO_LTB@DF_EO_LTB(1.0),OECD Economic Outlook 117 long-term scenarios,I,ITA,Italy,GDPVD_CAP,"Gross domestic product per capita, volume in USD, at constant purchasing power parities",BAU1,"Business-as-usual energy transition, median climate climate damage curve, no carbon mitigation costs",A,Annual,2044,,67475.63,,,,USD_PPP_PS,"US dollars per person, PPP converted",0,Units,2,Two
DATAFLOW,OECD.ECO.MAD:DSD_EO_LTB@DF_EO_LTB(1.0),OECD Economic Outlook 117 long-term scenarios,I,ITA,Italy,GDPVD_CAP,"Gross domestic product per capita, volume in USD, at constant purchasing power parities",BAU1,"Business-as-usual energy transition, median climate climate damage curve, no carbon mitigation costs",A,Annual,2045,,68384.8,,,,USD_PPP_PS,"US dollars per person, PPP converted",0,Units,2,Two
DATAFLOW,OECD.ECO.MAD:DSD_EO_LTB@DF_EO_LTB(1.0),OECD Economic Outlook 117 long-term scenarios,I,ITA,Italy,GDPVD_CAP,"Gross domestic product per capita, volume in USD, at constant purchasing power parities",BAU1,"Business-as-usual energy transition, median climate climate damage curve, no carbon mitigation costs",A,Annual,2046,,69331.39,,,,USD_PPP_PS,"US dollars per person, PPP converted",0,Units,2,Two
DATAFLOW,OECD.ECO.MAD:DSD_EO_LTB@DF_EO_LTB(1.0),OECD Economic Outlook 117 long-term scenarios,I,ITA,Italy,GDPVD_CAP,"Gross domestic product per capita, volume in USD, at constant purchasing power parities",BAU1,"Business-as-usual energy transition, median climate climate damage curve, no carbon mitigation costs",A,Annual,2047,,70300.14,,,,USD_PPP_PS,"US dollars per person, PPP converted",0,Units,2,Two
DATAFLOW,OECD.ECO.MAD:DSD_EO_LTB@DF_EO_LTB(1.0),OECD Economic Outlook 117 long-term scenarios,I,ITA,Italy,GDPVD_CAP,"Gross domestic product per capita, volume in USD, at constant purchasing power parities",BAU1,"Business-as-usual energy transition, median climate climate damage curve, no carbon mitigation costs",A,Annual,2048,,71300.73,,,,USD_PPP_PS,"US dollars per person, PPP converted",0,Units,2,Two
DATAFLOW,OECD.ECO.MAD:DSD_EO_LTB@DF_EO_LTB(1.0),OECD Economic Outlook 117 long-term scenarios,I,ITA,Italy,GDPVD_CAP,"Gross domestic product per capita, volume in USD, at constant purchasing power parities",BAU1,"Business-as-usual energy transition, median climate climate damage curve, no carbon mitigation costs",A,Annual,2049,,72312.53,,,,USD_PPP_PS,"US dollars per person, PPP converted",0,Units,2,Two
DATAFLOW,OECD.ECO.MAD:DSD_EO_LTB@DF_EO_LTB(1.0),OECD Economic Outlook 117 long-term scenarios,I,ITA,Italy,GDPVD_CAP,"Gross domestic product per capita, volume in USD, at constant purchasing power parities",BAU1,"Business-as-usual energy transition, median climate climate damage curve, no carbon mitigation costs",A,Annual,2050,,73350.95,,,,USD_PPP_PS,"US dollars per person, PPP converted",0,Units,2,Two
DATAFLOW,OECD.ECO.MAD:DSD_EO_LTB@DF_EO_LTB(1.0),OECD Economic Outlook 117 long-term scenarios,I,ITA,Italy,GDPVD_CAP,"Gross domestic product per capita, volume in USD, at constant purchasing power parities",BAU1,"Business-as-usual energy transition, median climate climate damage curve, no carbon mitigation costs",A,Annual,2051,,74427.09,,,,USD_PPP_PS,"US dollars per person, PPP converted",0,Units,2,Two
DATAFLOW,OECD.ECO.MAD:DSD_EO_LTB@DF_EO_LTB(1.0),OECD Economic Outlook 117 long-term scenarios,I,ITA,Italy,GDPVD_CAP,"Gross domestic product per capita, volume in USD, at constant purchasing power parities",BAU1,"Business-as-usual energy transition, median climate climate damage curve, no carbon mitigation costs",A,Annual,2052,,75537.27,,,,USD_PPP_PS,"US dollars per person, PPP converted",0,Units,2,Two
DATAFLOW,OECD.ECO.MAD:DSD_EO_LTB@DF_EO_LTB(1.0),OECD Economic Outlook 117 long-term scenarios,I,ITA,Italy,GDPVD_CAP,"Gross domestic product per capita, volume in USD, at constant purchasing power parities",BAU1,"Business-as-usual energy transition, median climate climate damage curve, no carbon mitigation costs",A,Annual,2053,,76688.19,,,,USD_PPP_PS,"US dollars per person, PPP converted",0,Units,2,Two
DATAFLOW,OECD.ECO.MAD:DSD_EO_LTB@DF_EO_LTB(1.0),OECD Economic Outlook 117 long-term scenarios,I,ITA,Italy,GDPVD_CAP,"Gross domestic product per capita, volume in USD, at constant purchasing power parities",BAU1,"Business-as-usual energy transition, median climate climate damage curve, no carbon mitigation costs",A,Annual,2054,,77887.07,,,,USD_PPP_PS,"US dollars per person, PPP converted",0,Units,2,Two
DATAFLOW,OECD.ECO.MAD:DSD_EO_LTB@DF_EO_LTB(1.0),OECD Economic Outlook 117 long-term scenarios,I,ITA,Italy,GDPVD_CAP,"Gross domestic product per capita, volume in USD, at constant purchasing power parities",BAU1,"Business-as-usual energy transition, median climate climate damage curve, no carbon mitigation costs",A,Annual,2055,,79113.11,,,,USD_PPP_PS,"US dollars per person, PPP converted",0,Units,2,Two
DATAFLOW,OECD.ECO.MAD:DSD_EO_LTB@DF_EO_LTB(1.0),OECD Economic Outlook 117 long-term scenarios,I,ITA,Italy,GDPVD_CAP,"Gross domestic product per capita, volume in USD, at constant purchasing power parities",BAU1,"Business-as-usual energy transition, median climate climate damage curve, no carbon mitigation costs",A,Annual,2056,,80365.9,,,,USD_PPP_PS,"US dollars per person, PPP converted",0,Units,2,Two
DATAFLOW,OECD.ECO.MAD:DSD_EO_LTB@DF_EO_LTB(1.0),OECD Economic Outlook 117 long-term scenarios,I,ITA,Italy,GDPVD_CAP,"Gross domestic product per capita, volume in USD, at constant purchasing power parities",BAU1,"Business-as-usual energy transition, median climate climate damage curve, no carbon mitigation costs",A,Annual,2057,,81649.41,,,,USD_PPP_PS,"US dollars per person, PPP converted",0,Units,2,Two
DATAFLOW,OECD.ECO.MAD:DSD_EO_LTB@DF_EO_LTB(1.0),OECD Economic Outlook 117 long-term scenarios,I,ITA,Italy,GDPVD_CAP,"Gross domestic product per capita, volume in USD, at constant purchasing power parities",BAU1,"Business-as-usual energy transition, median climate climate damage curve, no carbon mitigation costs",A,Annual,2058,,82957.02,,,,USD_PPP_PS,"US dollars per person, PPP converted",0,Units,2,Two
DATAFLOW,OECD.ECO.MAD:DSD_EO_LTB@DF_EO_LTB(1.0),OECD Economic Outlook 117 long-term scenarios,I,ITA,Italy,GDPVD_CAP,"Gross domestic product per capita, volume in USD, at constant purchasing power parities",BAU1,"Business-as-usual energy transition, median climate climate damage curve, no carbon mitigation costs",A,Annual,2059,,84311.93,,,,USD_PPP_PS,"US dollars per person, PPP converted",0,Units,2,Two
DATAFLOW,OECD.ECO.MAD:DSD_EO_LTB@DF_EO_LTB(1.0),OECD Economic Outlook 117 long-term scenarios,I,ITA,Italy,GDPVD_CAP,"Gross domestic product per capita, volume in USD, at constant purchasing power parities",BAU1,"Business-as-usual energy transition, median climate climate damage curve, no carbon mitigation costs",A,Annual,2060,,85707.31,,,,USD_PPP_PS,"US dollars per person, PPP converted",0,Units,2,Two
DATAFLOW,OECD.ECO.MAD:DSD_EO_LTB@DF_EO_LTB(1.0),OECD Economic Outlook 117 long-term scenarios,I,IRL,Ireland,GDPVD_CAP,"Gross domestic product per capita, volume in USD, at constant purchasing power parities",BAU1,"Business-as-usual energy transition, median climate climate damage curve, no carbon mitigation costs",A,Annual,1990,,30571.04033,,,,USD_PPP_PS,"US dollars per person, PPP converted",0,Units,2,Two
DATAFLOW,OECD.ECO.MAD:DSD_EO_LTB@DF_EO_LTB(1.0),OECD Economic Outlook 117 long-term scenarios,I,IRL,Ireland,GDPVD_CAP,"Gross domestic product per capita, volume in USD, at constant purchasing power parities",BAU1,"Business-as-usual energy transition, median climate climate damage curve, no carbon mitigation costs",A,Annual,1991,,30984.20163,,,,USD_PPP_PS,"US dollars per person, PPP converted",0,Units,2,Two
DATAFLOW,OECD.ECO.MAD:DSD_EO_LTB@DF_EO_LTB(1.0),OECD Economic Outlook 117 long-term scenarios,I,IRL,Ireland,GDPVD_CAP,"Gross domestic product per capita, volume in USD, at constant purchasing power parities",BAU1,"Business-as-usual energy transition, median climate climate damage curve, no carbon mitigation costs",A,Annual,1992,,31758.88381,,,,USD_PPP_PS,"US dollars per person, PPP converted",0,Units,2,Two
DATAFLOW,OECD.ECO.MAD:DSD_EO_LTB@DF_EO_LTB(1.0),OECD Economic Outlook 117 long-term scenarios,I,IRL,Ireland,GDPVD_CAP,"Gross domestic product per capita, volume in USD, at constant purchasing power parities",BAU1,"Business-as-usual energy transition, median climate climate damage curve, no carbon mitigation costs",A,Annual,1993,,32440.64464,,,,USD_PPP_PS,"US dollars per person, PPP converted",0,Units,2,Two
DATAFLOW,OECD.ECO.MAD:DSD_EO_LTB@DF_EO_LTB(1.0),OECD Economic Outlook 117 long-term scenarios,I,IRL,Ireland,GDPVD_CAP,"Gross domestic product per capita, volume in USD, at constant purchasing power parities",BAU1,"Business-as-usual energy transition, median climate climate damage curve, no carbon mitigation costs",A,Annual,1994,,34193.06598,,,,USD_PPP_PS,"US dollars per person, PPP converted",0,Units,2,Two
DATAFLOW,OECD.ECO.MAD:DSD_EO_LTB@DF_EO_LTB(1.0),OECD Economic Outlook 117 long-term scenarios,I,IRL,Ireland,GDPVD_CAP,"Gross domestic product per capita, volume in USD, at constant purchasing power parities",BAU1,"Business-as-usual energy transition, median climate climate damage curve, no carbon mitigation costs",A,Annual,1995,,37328.10655,,,,USD_PPP_PS,"US dollars per person, PPP converted",0,Units,2,Two
DATAFLOW,OECD.ECO.MAD:DSD_EO_LTB@DF_EO_LTB(1.0),OECD Economic Outlook 117 long-term scenarios,I,IRL,Ireland,GDPVD_CAP,"Gross domestic product per capita, volume in USD, at constant purchasing power parities",BAU1,"Business-as-usual energy transition, median climate climate damage curve, no carbon mitigation costs",A,Annual,1996,,39737.81306,,,,USD_PPP_PS,"US dollars per person, PPP converted",0,Units,2,Two
DATAFLOW,OECD.ECO.MAD:DSD_EO_LTB@DF_EO_LTB(1.0),OECD Economic Outlook 117 long-term scenarios,I,IRL,Ireland,GDPVD_CAP,"Gross domestic product per capita, volume in USD, at constant purchasing power parities",BAU1,"Business-as-usual energy transition, median climate climate damage curve, no carbon mitigation costs",A,Annual,1997,,43457.79245,,,,USD_PPP_PS,"US dollars per person, PPP converted",0,Units,2,Two
DATAFLOW,OECD.ECO.MAD:DSD_EO_LTB@DF_EO_LTB(1.0),OECD Economic Outlook 117 long-term scenarios,I,IRL,Ireland,GDPVD_CAP,"Gross domestic product per capita, volume in USD, at constant purchasing power parities",BAU1,"Business-as-usual energy transition, median climate climate damage curve, no carbon mitigation costs",A,Annual,1998,,46726.19674,,,,USD_PPP_PS,"US dollars per person, PPP converted",0,Units,2,Two
DATAFLOW,OECD.ECO.MAD:DSD_EO_LTB@DF_EO_LTB(1.0),OECD Economic Outlook 117 long-term scenarios,I,IRL,Ireland,GDPVD_CAP,"Gross domestic product per capita, volume in USD, at constant purchasing power parities",BAU1,"Business-as-usual energy transition, median climate climate damage curve, no carbon mitigation costs",A,Annual,1999,,50889.43966,,,,USD_PPP_PS,"US dollars per person, PPP converted",0,Units,2,Two
DATAFLOW,OECD.ECO.MAD:DSD_EO_LTB@DF_EO_LTB(1.0),OECD Economic Outlook 117 long-term scenarios,I,IRL,Ireland,GDPVD_CAP,"Gross domestic product per capita, volume in USD, at constant purchasing power parities",BAU1,"Business-as-usual energy transition, median climate climate damage curve, no carbon mitigation costs",A,Annual,2000,,54470.22471,,,,USD_PPP_PS,"US dollars per person, PPP converted",0,Units,2,Two
DATAFLOW,OECD.ECO.MAD:DSD_EO_LTB@DF_EO_LTB(1.0),OECD Economic Outlook 117 long-term scenarios,I,IRL,Ireland,GDPVD_CAP,"Gross domestic product per capita, volume in USD, at constant purchasing power parities",BAU1,"Business-as-usual energy transition, median climate climate damage curve, no carbon mitigation costs",A,Annual,2001,,56617.43365,,,,USD_PPP_PS,"US dollars per person, PPP converted",0,Units,2,Two
DATAFLOW,OECD.ECO.MAD:DSD_EO_LTB@DF_EO_LTB(1.0),OECD Economic Outlook 117 long-term scenarios,I,IRL,Ireland,GDPVD_CAP,"Gross domestic product per capita, volume in USD, at constant purchasing power parities",BAU1,"Business-as-usual energy transition, median climate climate damage curve, no carbon mitigation costs",A,Annual,2002,,58739.71094,,,,USD_PPP_PS,"US dollars per person, PPP converted",0,Units,2,Two
DATAFLOW,OECD.ECO.MAD:DSD_EO_LTB@DF_EO_LTB(1.0),OECD Economic Outlook 117 long-term scenarios,I,IRL,Ireland,GDPVD_CAP,"Gross domestic product per capita, volume in USD, at constant purchasing power parities",BAU1,"Business-as-usual energy transition, median climate climate damage curve, no carbon mitigation costs",A,Annual,2003,,60279.84536,,,,USD_PPP_PS,"US dollars per person, PPP converted",0,Units,2,Two
DATAFLOW,OECD.ECO.MAD:DSD_EO_LTB@DF_EO_LTB(1.0),OECD Economic Outlook 117 long-term scenarios,I,IRL,Ireland,GDPVD_CAP,"Gross domestic product per capita, volume in USD, at constant purchasing power parities",BAU1,"Business-as-usual energy transition, median climate climate damage curve, no carbon mitigation costs",A,Annual,2004,,63057.30255,,,,USD_PPP_PS,"US dollars per person, PPP converted",0,Units,2,Two
DATAFLOW,OECD.ECO.MAD:DSD_EO_LTB@DF_EO_LTB(1.0),OECD Economic Outlook 117 long-term scenarios,I,IRL,Ireland,GDPVD_CAP,"Gross domestic product per capita, volume in USD, at constant purchasing power parities",BAU1,"Business-as-usual energy transition, median climate climate damage curve, no carbon mitigation costs",A,Annual,2005,,65436.54836,,,,USD_PPP_PS,"US dollars per person, PPP converted",0,Units,2,Two
DATAFLOW,OECD.ECO.MAD:DSD_EO_LTB@DF_EO_LTB(1.0),OECD Economic Outlook 117 long-term scenarios,I,IRL,Ireland,GDPVD_CAP,"Gross domestic product per capita, volume in USD, at constant purchasing power parities",BAU1,"Business-as-usual energy transition, median climate climate damage curve, no carbon mitigation costs",A,Annual,2006,,67013.95589,,,,USD_PPP_PS,"US dollars per person, PPP converted",0,Units,2,Two
DATAFLOW,OECD.ECO.MAD:DSD_EO_LTB@DF_EO_LTB(1.0),OECD Economic Outlook 117 long-term scenarios,I,IRL,Ireland,GDPVD_CAP,"Gross domestic product per capita, volume in USD, at constant purchasing power parities",BAU1,"Business-as-usual energy transition, median climate climate damage curve, no carbon mitigation costs",A,Annual,2007,,68409.71487,,,,USD_PPP_PS,"US dollars per person, PPP converted",0,Units,2,Two
DATAFLOW,OECD.ECO.MAD:DSD_EO_LTB@DF_EO_LTB(1.0),OECD Economic Outlook 117 long-term scenarios,I,IRL,Ireland,GDPVD_CAP,"Gross domestic product per capita, volume in USD, at constant purchasing power parities",BAU1,"Business-as-usual energy transition, median climate climate damage curve, no carbon mitigation costs",A,Annual,2008,,64052.24487,,,,USD_PPP_PS,"US dollars per person, PPP converted",0,Units,2,Two
DATAFLOW,OECD.ECO.MAD:DSD_EO_LTB@DF_EO_LTB(1.0),OECD Economic Outlook 117 long-term scenarios,I,IRL,Ireland,GDPVD_CAP,"Gross domestic product per capita, volume in USD, at constant purchasing power parities",BAU1,"Business-as-usual energy transition, median climate climate damage curve, no carbon mitigation costs",A,Annual,2009,,59674.89986,,,,USD_PPP_PS,"US dollars per person, PPP converted",0,Units,2,Two
DATAFLOW,OECD.ECO.MAD:DSD_EO_LTB@DF_EO_LTB(1.0),OECD Economic Outlook 117 long-term scenarios,I,IRL,Ireland,GDPVD_CAP,"Gross domestic product per capita, volume in USD, at constant purchasing power parities",BAU1,"Business-as-usual energy transition, median climate climate damage curve, no carbon mitigation costs",A,Annual,2010,,59856.34894,,,,USD_PPP_PS,"US dollars per person, PPP converted",0,Units,2,Two
DATAFLOW,OECD.ECO.MAD:DSD_EO_LTB@DF_EO_LTB(1.0),OECD Economic Outlook 117 long-term scenarios,I,IRL,Ireland,GDPVD_CAP,"Gross domestic product per capita, volume in USD, at constant purchasing power parities",BAU1,"Business-as-usual energy transition, median climate climate damage curve, no carbon mitigation costs",A,Annual,2011,,60647.81936,,,,USD_PPP_PS,"US dollars per person, PPP converted",0,Units,2,Two
DATAFLOW,OECD.ECO.MAD:DSD_EO_LTB@DF_EO_LTB(1.0),OECD Economic Outlook 117 long-term scenarios,I,IRL,Ireland,GDPVD_CAP,"Gross domestic product per capita, volume in USD, at constant purchasing power parities",BAU1,"Business-as-usual energy transition, median climate climate damage curve, no carbon mitigation costs",A,Annual,2012,,59948.98711,,,,USD_PPP_PS,"US dollars per person, PPP converted",0,Units,2,Two
DATAFLOW,OECD.ECO.MAD:DSD_EO_LTB@DF_EO_LTB(1.0),OECD Economic Outlook 117 long-term scenarios,I,IRL,Ireland,GDPVD_CAP,"Gross domestic product per capita, volume in USD, at constant purchasing power parities",BAU1,"Business-as-usual energy transition, median climate climate damage curve, no carbon mitigation costs",A,Annual,2013,,61528.68137,,,,USD_PPP_PS,"US dollars per person, PPP converted",0,Units,2,Two
DATAFLOW,OECD.ECO.MAD:DSD_EO_LTB@DF_EO_LTB(1.0),OECD Economic Outlook 117 long-term scenarios,I,IRL,Ireland,GDPVD_CAP,"Gross domestic product per capita, volume in USD, at constant purchasing power parities",BAU1,"Business-as-usual energy transition, median climate climate damage curve, no carbon mitigation costs",A,Annual,2014,,66566.19007,,,,USD_PPP_PS,"US dollars per person, PPP converted",0,Units,2,Two
DATAFLOW,OECD.ECO.MAD:DSD_EO_LTB@DF_EO_LTB(1.0),OECD Economic Outlook 117 long-term scenarios,I,IRL,Ireland,GDPVD_CAP,"Gross domestic product per capita, volume in USD, at constant purchasing power parities",BAU1,"Business-as-usual energy transition, median climate climate damage curve, no carbon mitigation costs",A,Annual,2015,,80686.67286,,,,USD_PPP_PS,"US dollars per person, PPP converted",0,Units,2,Two
DATAFLOW,OECD.ECO.MAD:DSD_EO_LTB@DF_EO_LTB(1.0),OECD Economic Outlook 117 long-term scenarios,I,IRL,Ireland,GDPVD_CAP,"Gross domestic product per capita, volume in USD, at constant purchasing power parities",BAU1,"Business-as-usual energy transition, median climate climate damage curve, no carbon mitigation costs",A,Annual,2016,,81197.9328,,,,USD_PPP_PS,"US dollars per person, PPP converted",0,Units,2,Two
DATAFLOW,OECD.ECO.MAD:DSD_EO_LTB@DF_EO_LTB(1.0),OECD Economic Outlook 117 long-term scenarios,I,IRL,Ireland,GDPVD_CAP,"Gross domestic product per capita, volume in USD, at constant purchasing power parities",BAU1,"Business-as-usual energy transition, median climate climate damage curve, no carbon mitigation costs",A,Annual,2017,,88921.39248,,,,USD_PPP_PS,"US dollars per person, PPP converted",0,Units,2,Two
DATAFLOW,OECD.ECO.MAD:DSD_EO_LTB@DF_EO_LTB(1.0),OECD Economic Outlook 117 long-term scenarios,I,IRL,Ireland,GDPVD_CAP,"Gross domestic product per capita, volume in USD, at constant purchasing power parities",BAU1,"Business-as-usual energy transition, median climate climate damage curve, no carbon mitigation costs",A,Annual,2018,,94138.32315,,,,USD_PPP_PS,"US dollars per person, PPP converted",0,Units,2,Two
DATAFLOW,OECD.ECO.MAD:DSD_EO_LTB@DF_EO_LTB(1.0),OECD Economic Outlook 117 long-term scenarios,I,IRL,Ireland,GDPVD_CAP,"Gross domestic product per capita, volume in USD, at constant purchasing power parities",BAU1,"Business-as-usual energy transition, median climate climate damage curve, no carbon mitigation costs",A,Annual,2019,,97617.64494,,,,USD_PPP_PS,"US dollars per person, PPP converted",0,Units,2,Two
DATAFLOW,OECD.ECO.MAD:DSD_EO_LTB@DF_EO_LTB(1.0),OECD Economic Outlook 117 long-term scenarios,I,IRL,Ireland,GDPVD_CAP,"Gross domestic product per capita, volume in USD, at constant purchasing power parities",BAU1,"Business-as-usual energy transition, median climate climate damage curve, no carbon mitigation costs",A,Annual,2020,,102284.9281,,,,USD_PPP_PS,"US dollars per person, PPP converted",0,Units,2,Two
DATAFLOW,OECD.ECO.MAD:DSD_EO_LTB@DF_EO_LTB(1.0),OECD Economic Outlook 117 long-term scenarios,I,IRL,Ireland,GDPVD_CAP,"Gross domestic product per capita, volume in USD, at constant purchasing power parities",BAU1,"Business-as-usual energy transition, median climate climate damage curve, no carbon mitigation costs",A,Annual,2021,,117022.4061,,,,USD_PPP_PS,"US dollars per person, PPP converted",0,Units,2,Two
DATAFLOW,OECD.ECO.MAD:DSD_EO_LTB@DF_EO_LTB(1.0),OECD Economic Outlook 117 long-term scenarios,I,IRL,Ireland,GDPVD_CAP,"Gross domestic product per capita, volume in USD, at constant purchasing power parities",BAU1,"Business-as-usual energy transition, median climate climate damage curve, no carbon mitigation costs",A,Annual,2022,,124525.9985,,,,USD_PPP_PS,"US dollars per person, PPP converted",0,Units,2,Two
DATAFLOW,OECD.ECO.MAD:DSD_EO_LTB@DF_EO_LTB(1.0),OECD Economic Outlook 117 long-term scenarios,I,IRL,Ireland,GDPVD_CAP,"Gross domestic product per capita, volume in USD, at constant purchasing power parities",BAU1,"Business-as-usual energy transition, median climate climate damage curve, no carbon mitigation costs",A,Annual,2023,,115358.9252,,,,USD_PPP_PS,"US dollars per person, PPP converted",0,Units,2,Two
DATAFLOW,OECD.ECO.MAD:DSD_EO_LTB@DF_EO_LTB(1.0),OECD Economic Outlook 117 long-term scenarios,I,IRL,Ireland,GDPVD_CAP,"Gross domestic product per capita, volume in USD, at constant purchasing power parities",BAU1,"Business-as-usual energy transition, median climate climate damage curve, no carbon mitigation costs",A,Annual,2024,,114832.3342,,,,USD_PPP_PS,"US dollars per person, PPP converted",0,Units,2,Two
DATAFLOW,OECD.ECO.MAD:DSD_EO_LTB@DF_EO_LTB(1.0),OECD Economic Outlook 117 long-term scenarios,I,IRL,Ireland,GDPVD_CAP,"Gross domestic product per capita, volume in USD, at constant purchasing power parities",BAU1,"Business-as-usual energy transition, median climate climate damage curve, no carbon mitigation costs",A,Annual,2025,,117578.7317,,,,USD_PPP_PS,"US dollars per person, PPP converted",0,Units,2,Two
DATAFLOW,OECD.ECO.MAD:DSD_EO_LTB@DF_EO_LTB(1.0),OECD Economic Outlook 117 long-term scenarios,I,IRL,Ireland,GDPVD_CAP,"Gross domestic product per capita, volume in USD, at constant purchasing power parities",BAU1,"Business-as-usual energy transition, median climate climate damage curve, no carbon mitigation costs",A,Annual,2026,,119148.1033,,,,USD_PPP_PS,"US dollars per person, PPP converted",0,Units,2,Two
DATAFLOW,OECD.ECO.MAD:DSD_EO_LTB@DF_EO_LTB(1.0),OECD Economic Outlook 117 long-term scenarios,I,IRL,Ireland,GDPVD_CAP,"Gross domestic product per capita, volume in USD, at constant purchasing power parities",BAU1,"Business-as-usual energy transition, median climate climate damage curve, no carbon mitigation costs",A,Annual,2027,,121288.6,,,,USD_PPP_PS,"US dollars per person, PPP converted",0,Units,2,Two
DATAFLOW,OECD.ECO.MAD:DSD_EO_LTB@DF_EO_LTB(1.0),OECD Economic Outlook 117 long-term scenarios,I,IRL,Ireland,GDPVD_CAP,"Gross domestic product per capita, volume in USD, at constant purchasing power parities",BAU1,"Business-as-usual energy transition, median climate climate damage curve, no carbon mitigation costs",A,Annual,2028,,123383,,,,USD_PPP_PS,"US dollars per person, PPP converted",0,Units,2,Two
DATAFLOW,OECD.ECO.MAD:DSD_EO_LTB@DF_EO_LTB(1.0),OECD Economic Outlook 117 long-term scenarios,I,IRL,Ireland,GDPVD_CAP,"Gross domestic product per capita, volume in USD, at constant purchasing power parities",BAU1,"Business-as-usual energy transition, median climate climate damage curve, no carbon mitigation costs",A,Annual,2029,,125466.4,,,,USD_PPP_PS,"US dollars per person, PPP converted",0,Units,2,Two
DATAFLOW,OECD.ECO.MAD:DSD_EO_LTB@DF_EO_LTB(1.0),OECD Economic Outlook 117 long-term scenarios,I,IRL,Ireland,GDPVD_CAP,"Gross domestic product per capita, volume in USD, at constant purchasing power parities",BAU1,"Business-as-usual energy transition, median climate climate damage curve, no carbon mitigation costs",A,Annual,2030,,127546.2,,,,USD_PPP_PS,"US dollars per person, PPP converted",0,Units,2,Two
DATAFLOW,OECD.ECO.MAD:DSD_EO_LTB@DF_EO_LTB(1.0),OECD Economic Outlook 117 long-term scenarios,I,IRL,Ireland,GDPVD_CAP,"Gross domestic product per capita, volume in USD, at constant purchasing power parities",BAU1,"Business-as-usual energy transition, median climate climate damage curve, no carbon mitigation costs",A,Annual,2031,,129616.4,,,,USD_PPP_PS,"US dollars per person, PPP converted",0,Units,2,Two
DATAFLOW,OECD.ECO.MAD:DSD_EO_LTB@DF_EO_LTB(1.0),OECD Economic Outlook 117 long-term scenarios,I,IRL,Ireland,GDPVD_CAP,"Gross domestic product per capita, volume in USD, at constant purchasing power parities",BAU1,"Business-as-usual energy transition, median climate climate damage curve, no carbon mitigation costs",A,Annual,2032,,131639.3,,,,USD_PPP_PS,"US dollars per person, PPP converted",0,Units,2,Two
DATAFLOW,OECD.ECO.MAD:DSD_EO_LTB@DF_EO_LTB(1.0),OECD Economic Outlook 117 long-term scenarios,I,IRL,Ireland,GDPVD_CAP,"Gross domestic product per capita, volume in USD, at constant purchasing power parities",BAU1,"Business-as-usual energy transition, median climate climate damage curve, no carbon mitigation costs",A,Annual,2033,,133588.8,,,,USD_PPP_PS,"US dollars per person, PPP converted",0,Units,2,Two
DATAFLOW,OECD.ECO.MAD:DSD_EO_LTB@DF_EO_LTB(1.0),OECD Economic Outlook 117 long-term scenarios,I,IRL,Ireland,GDPVD_CAP,"Gross domestic product per capita, volume in USD, at constant purchasing power parities",BAU1,"Business-as-usual energy transition, median climate climate damage curve, no carbon mitigation costs",A,Annual,2034,,135449.1,,,,USD_PPP_PS,"US dollars per person, PPP converted",0,Units,2,Two
DATAFLOW,OECD.ECO.MAD:DSD_EO_LTB@DF_EO_LTB(1.0),OECD Economic Outlook 117 long-term scenarios,I,IRL,Ireland,GDPVD_CAP,"Gross domestic product per capita, volume in USD, at constant purchasing power parities",BAU1,"Business-as-usual energy transition, median climate climate damage curve, no carbon mitigation costs",A,Annual,2035,,137171.7,,,,USD_PPP_PS,"US dollars per person, PPP converted",0,Units,2,Two
DATAFLOW,OECD.ECO.MAD:DSD_EO_LTB@DF_EO_LTB(1.0),OECD Economic Outlook 117 long-term scenarios,I,IRL,Ireland,GDPVD_CAP,"Gross domestic product per capita, volume in USD, at constant purchasing power parities",BAU1,"Business-as-usual energy transition, median climate climate damage curve, no carbon mitigation costs",A,Annual,2036,,138777.6,,,,USD_PPP_PS,"US dollars per person, PPP converted",0,Units,2,Two
DATAFLOW,OECD.ECO.MAD:DSD_EO_LTB@DF_EO_LTB(1.0),OECD Economic Outlook 117 long-term scenarios,I,IRL,Ireland,GDPVD_CAP,"Gross domestic product per capita, volume in USD, at constant purchasing power parities",BAU1,"Business-as-usual energy transition, median climate climate damage curve, no carbon mitigation costs",A,Annual,2037,,140282.1,,,,USD_PPP_PS,"US dollars per person, PPP converted",0,Units,2,Two
DATAFLOW,OECD.ECO.MAD:DSD_EO_LTB@DF_EO_LTB(1.0),OECD Economic Outlook 117 long-term scenarios,I,IRL,Ireland,GDPVD_CAP,"Gross domestic product per capita, volume in USD, at constant purchasing power parities",BAU1,"Business-as-usual energy transition, median climate climate damage curve, no carbon mitigation costs",A,Annual,2038,,141647.6,,,,USD_PPP_PS,"US dollars per person, PPP converted",0,Units,2,Two
DATAFLOW,OECD.ECO.MAD:DSD_EO_LTB@DF_EO_LTB(1.0),OECD Economic Outlook 117 long-term scenarios,I,IRL,Ireland,GDPVD_CAP,"Gross domestic product per capita, volume in USD, at constant purchasing power parities",BAU1,"Business-as-usual energy transition, median climate climate damage curve, no carbon mitigation costs",A,Annual,2039,,142898.2,,,,USD_PPP_PS,"US dollars per person, PPP converted",0,Units,2,Two
DATAFLOW,OECD.ECO.MAD:DSD_EO_LTB@DF_EO_LTB(1.0),OECD Economic Outlook 117 long-term scenarios,I,IRL,Ireland,GDPVD_CAP,"Gross domestic product per capita, volume in USD, at constant purchasing power parities",BAU1,"Business-as-usual energy transition, median climate climate damage curve, no carbon mitigation costs",A,Annual,2040,,144081.5,,,,USD_PPP_PS,"US dollars per person, PPP converted",0,Units,2,Two
DATAFLOW,OECD.ECO.MAD:DSD_EO_LTB@DF_EO_LTB(1.0),OECD Economic Outlook 117 long-term scenarios,I,IRL,Ireland,GDPVD_CAP,"Gross domestic product per capita, volume in USD, at constant purchasing power parities",BAU1,"Business-as-usual energy transition, median climate climate damage curve, no carbon mitigation costs",A,Annual,2041,,145156.8,,,,USD_PPP_PS,"US dollars per person, PPP converted",0,Units,2,Two
DATAFLOW,OECD.ECO.MAD:DSD_EO_LTB@DF_EO_LTB(1.0),OECD Economic Outlook 117 long-term scenarios,I,IRL,Ireland,GDPVD_CAP,"Gross domestic product per capita, volume in USD, at constant purchasing power parities",BAU1,"Business-as-usual energy transition, median climate climate damage curve, no carbon mitigation costs",A,Annual,2042,,146171.2,,,,USD_PPP_PS,"US dollars per person, PPP converted",0,Units,2,Two
DATAFLOW,OECD.ECO.MAD:DSD_EO_LTB@DF_EO_LTB(1.0),OECD Economic Outlook 117 long-term scenarios,I,IRL,Ireland,GDPVD_CAP,"Gross domestic product per capita, volume in USD, at constant purchasing power parities",BAU1,"Business-as-usual energy transition, median climate climate damage curve, no carbon mitigation costs",A,Annual,2043,,147163.3,,,,USD_PPP_PS,"US dollars per person, PPP converted",0,Units,2,Two
DATAFLOW,OECD.ECO.MAD:DSD_EO_LTB@DF_EO_LTB(1.0),OECD Economic Outlook 117 long-term scenarios,I,IRL,Ireland,GDPVD_CAP,"Gross domestic product per capita, volume in USD, at constant purchasing power parities",BAU1,"Business-as-usual energy transition, median climate climate damage curve, no carbon mitigation costs",A,Annual,2044,,148103.9,,,,USD_PPP_PS,"US dollars per person, PPP converted",0,Units,2,Two
DATAFLOW,OECD.ECO.MAD:DSD_EO_LTB@DF_EO_LTB(1.0),OECD Economic Outlook 117 long-term scenarios,I,IRL,Ireland,GDPVD_CAP,"Gross domestic product per capita, volume in USD, at constant purchasing power parities",BAU1,"Business-as-usual energy transition, median climate climate damage curve, no carbon mitigation costs",A,Annual,2045,,148977.5,,,,USD_PPP_PS,"US dollars per person, PPP converted",0,Units,2,Two
DATAFLOW,OECD.ECO.MAD:DSD_EO_LTB@DF_EO_LTB(1.0),OECD Economic Outlook 117 long-term scenarios,I,IRL,Ireland,GDPVD_CAP,"Gross domestic product per capita, volume in USD, at constant purchasing power parities",BAU1,"Business-as-usual energy transition, median climate climate damage curve, no carbon mitigation costs",A,Annual,2046,,149848.2,,,,USD_PPP_PS,"US dollars per person, PPP converted",0,Units,2,Two
DATAFLOW,OECD.ECO.MAD:DSD_EO_LTB@DF_EO_LTB(1.0),OECD Economic Outlook 117 long-term scenarios,I,IRL,Ireland,GDPVD_CAP,"Gross domestic product per capita, volume in USD, at constant purchasing power parities",BAU1,"Business-as-usual energy transition, median climate climate damage curve, no carbon mitigation costs",A,Annual,2047,,150788.1,,,,USD_PPP_PS,"US dollars per person, PPP converted",0,Units,2,Two
DATAFLOW,OECD.ECO.MAD:DSD_EO_LTB@DF_EO_LTB(1.0),OECD Economic Outlook 117 long-term scenarios,I,IRL,Ireland,GDPVD_CAP,"Gross domestic product per capita, volume in USD, at constant purchasing power parities",BAU1,"Business-as-usual energy transition, median climate climate damage curve, no carbon mitigation costs",A,Annual,2048,,151790.8,,,,USD_PPP_PS,"US dollars per person, PPP converted",0,Units,2,Two
DATAFLOW,OECD.ECO.MAD:DSD_EO_LTB@DF_EO_LTB(1.0),OECD Economic Outlook 117 long-term scenarios,I,IRL,Ireland,GDPVD_CAP,"Gross domestic product per capita, volume in USD, at constant purchasing power parities",BAU1,"Business-as-usual energy transition, median climate climate damage curve, no carbon mitigation costs",A,Annual,2049,,152878.1,,,,USD_PPP_PS,"US dollars per person, PPP converted",0,Units,2,Two
DATAFLOW,OECD.ECO.MAD:DSD_EO_LTB@DF_EO_LTB(1.0),OECD Economic Outlook 117 long-term scenarios,I,IRL,Ireland,GDPVD_CAP,"Gross domestic product per capita, volume in USD, at constant purchasing power parities",BAU1,"Business-as-usual energy transition, median climate climate damage curve, no carbon mitigation costs",A,Annual,2050,,154111,,,,USD_PPP_PS,"US dollars per person, PPP converted",0,Units,2,Two
DATAFLOW,OECD.ECO.MAD:DSD_EO_LTB@DF_EO_LTB(1.0),OECD Economic Outlook 117 long-term scenarios,I,IRL,Ireland,GDPVD_CAP,"Gross domestic product per capita, volume in USD, at constant purchasing power parities",BAU1,"Business-as-usual energy transition, median climate climate damage curve, no carbon mitigation costs",A,Annual,2051,,155490.4,,,,USD_PPP_PS,"US dollars per person, PPP converted",0,Units,2,Two
DATAFLOW,OECD.ECO.MAD:DSD_EO_LTB@DF_EO_LTB(1.0),OECD Economic Outlook 117 long-term scenarios,I,IRL,Ireland,GDPVD_CAP,"Gross domestic product per capita, volume in USD, at constant purchasing power parities",BAU1,"Business-as-usual energy transition, median climate climate damage curve, no carbon mitigation costs",A,Annual,2052,,157023.6,,,,USD_PPP_PS,"US dollars per person, PPP converted",0,Units,2,Two
DATAFLOW,OECD.ECO.MAD:DSD_EO_LTB@DF_EO_LTB(1.0),OECD Economic Outlook 117 long-term scenarios,I,IRL,Ireland,GDPVD_CAP,"Gross domestic product per capita, volume in USD, at constant purchasing power parities",BAU1,"Business-as-usual energy transition, median climate climate damage curve, no carbon mitigation costs",A,Annual,2053,,158667.7,,,,USD_PPP_PS,"US dollars per person, PPP converted",0,Units,2,Two
DATAFLOW,OECD.ECO.MAD:DSD_EO_LTB@DF_EO_LTB(1.0),OECD Economic Outlook 117 long-term scenarios,I,IRL,Ireland,GDPVD_CAP,"Gross domestic product per capita, volume in USD, at constant purchasing power parities",BAU1,"Business-as-usual energy transition, median climate climate damage curve, no carbon mitigation costs",A,Annual,2054,,160433.5,,,,USD_PPP_PS,"US dollars per person, PPP converted",0,Units,2,Two
DATAFLOW,OECD.ECO.MAD:DSD_EO_LTB@DF_EO_LTB(1.0),OECD Economic Outlook 117 long-term scenarios,I,IRL,Ireland,GDPVD_CAP,"Gross domestic product per capita, volume in USD, at constant purchasing power parities",BAU1,"Business-as-usual energy transition, median climate climate damage curve, no carbon mitigation costs",A,Annual,2055,,162254.4,,,,USD_PPP_PS,"US dollars per person, PPP converted",0,Units,2,Two
DATAFLOW,OECD.ECO.MAD:DSD_EO_LTB@DF_EO_LTB(1.0),OECD Economic Outlook 117 long-term scenarios,I,IRL,Ireland,GDPVD_CAP,"Gross domestic product per capita, volume in USD, at constant purchasing power parities",BAU1,"Business-as-usual energy transition, median climate climate damage curve, no carbon mitigation costs",A,Annual,2056,,164215.7,,,,USD_PPP_PS,"US dollars per person, PPP converted",0,Units,2,Two
DATAFLOW,OECD.ECO.MAD:DSD_EO_LTB@DF_EO_LTB(1.0),OECD Economic Outlook 117 long-term scenarios,I,IRL,Ireland,GDPVD_CAP,"Gross domestic product per capita, volume in USD, at constant purchasing power parities",BAU1,"Business-as-usual energy transition, median climate climate damage curve, no carbon mitigation costs",A,Annual,2057,,166207.1,,,,USD_PPP_PS,"US dollars per person, PPP converted",0,Units,2,Two
DATAFLOW,OECD.ECO.MAD:DSD_EO_LTB@DF_EO_LTB(1.0),OECD Economic Outlook 117 long-term scenarios,I,IRL,Ireland,GDPVD_CAP,"Gross domestic product per capita, volume in USD, at constant purchasing power parities",BAU1,"Business-as-usual energy transition, median climate climate damage curve, no carbon mitigation costs",A,Annual,2058,,168359.6,,,,USD_PPP_PS,"US dollars per person, PPP converted",0,Units,2,Two
DATAFLOW,OECD.ECO.MAD:DSD_EO_LTB@DF_EO_LTB(1.0),OECD Economic Outlook 117 long-term scenarios,I,IRL,Ireland,GDPVD_CAP,"Gross domestic product per capita, volume in USD, at constant purchasing power parities",BAU1,"Business-as-usual energy transition, median climate climate damage curve, no carbon mitigation costs",A,Annual,2059,,170580.6,,,,USD_PPP_PS,"US dollars per person, PPP converted",0,Units,2,Two
DATAFLOW,OECD.ECO.MAD:DSD_EO_LTB@DF_EO_LTB(1.0),OECD Economic Outlook 117 long-term scenarios,I,IRL,Ireland,GDPVD_CAP,"Gross domestic product per capita, volume in USD, at constant purchasing power parities",BAU1,"Business-as-usual energy transition, median climate climate damage curve, no carbon mitigation costs",A,Annual,2060,,172883.7,,,,USD_PPP_PS,"US dollars per person, PPP converted",0,Units,2,Two
DATAFLOW,OECD.ECO.MAD:DSD_EO_LTB@DF_EO_LTB(1.0),OECD Economic Outlook 117 long-term scenarios,I,ISL,Iceland,GDPVD_CAP,"Gross domestic product per capita, volume in USD, at constant purchasing power parities",BAU1,"Business-as-usual energy transition, median climate climate damage curve, no carbon mitigation costs",A,Annual,1990,,40089.43334,,,,USD_PPP_PS,"US dollars per person, PPP converted",0,Units,2,Two
DATAFLOW,OECD.ECO.MAD:DSD_EO_LTB@DF_EO_LTB(1.0),OECD Economic Outlook 117 long-term scenarios,I,ISL,Iceland,GDPVD_CAP,"Gross domestic product per capita, volume in USD, at constant purchasing power parities",BAU1,"Business-as-usual energy transition, median climate climate damage curve, no carbon mitigation costs",A,Annual,1991,,39501.84093,,,,USD_PPP_PS,"US dollars per person, PPP converted",0,Units,2,Two
DATAFLOW,OECD.ECO.MAD:DSD_EO_LTB@DF_EO_LTB(1.0),OECD Economic Outlook 117 long-term scenarios,I,ISL,Iceland,GDPVD_CAP,"Gross domestic product per capita, volume in USD, at constant purchasing power parities",BAU1,"Business-as-usual energy transition, median climate climate damage curve, no carbon mitigation costs",A,Annual,1992,,37715.91491,,,,USD_PPP_PS,"US dollars per person, PPP converted",0,Units,2,Two
DATAFLOW,OECD.ECO.MAD:DSD_EO_LTB@DF_EO_LTB(1.0),OECD Economic Outlook 117 long-term scenarios,I,ISL,Iceland,GDPVD_CAP,"Gross domestic product per capita, volume in USD, at constant purchasing power parities",BAU1,"Business-as-usual energy transition, median climate climate damage curve, no carbon mitigation costs",A,Annual,1993,,37820.20078,,,,USD_PPP_PS,"US dollars per person, PPP converted",0,Units,2,Two
DATAFLOW,OECD.ECO.MAD:DSD_EO_LTB@DF_EO_LTB(1.0),OECD Economic Outlook 117 long-term scenarios,I,ISL,Iceland,GDPVD_CAP,"Gross domestic product per capita, volume in USD, at constant purchasing power parities",BAU1,"Business-as-usual energy transition, median climate climate damage curve, no carbon mitigation costs",A,Annual,1994,,38860.99099,,,,USD_PPP_PS,"US dollars per person, PPP converted",0,Units,2,Two
DATAFLOW,OECD.ECO.MAD:DSD_EO_LTB@DF_EO_LTB(1.0),OECD Economic Outlook 117 long-term scenarios,I,ISL,Iceland,GDPVD_CAP,"Gross domestic product per capita, volume in USD, at constant purchasing power parities",BAU1,"Business-as-usual energy transition, median climate climate damage curve, no carbon mitigation costs",A,Annual,1995,,38702.59868,,,,USD_PPP_PS,"US dollars per person, PPP converted",0,Units,2,Two
DATAFLOW,OECD.ECO.MAD:DSD_EO_LTB@DF_EO_LTB(1.0),OECD Economic Outlook 117 long-term scenarios,I,ISL,Iceland,GDPVD_CAP,"Gross domestic product per capita, volume in USD, at constant purchasing power parities",BAU1,"Business-as-usual energy transition, median climate climate damage curve, no carbon mitigation costs",A,Annual,1996,,40244.46228,,,,USD_PPP_PS,"US dollars per person, PPP converted",0,Units,2,Two
DATAFLOW,OECD.ECO.MAD:DSD_EO_LTB@DF_EO_LTB(1.0),OECD Economic Outlook 117 long-term scenarios,I,ISL,Iceland,GDPVD_CAP,"Gross domestic product per capita, volume in USD, at constant purchasing power parities",BAU1,"Business-as-usual energy transition, median climate climate damage curve, no carbon mitigation costs",A,Annual,1997,,42252.98671,,,,USD_PPP_PS,"US dollars per person, PPP converted",0,Units,2,Two
DATAFLOW,OECD.ECO.MAD:DSD_EO_LTB@DF_EO_LTB(1.0),OECD Economic Outlook 117 long-term scenarios,I,ISL,Iceland,GDPVD_CAP,"Gross domestic product per capita, volume in USD, at constant purchasing power parities",BAU1,"Business-as-usual energy transition, median climate climate damage curve, no carbon mitigation costs",A,Annual,1998,,44850.73244,,,,USD_PPP_PS,"US dollars per person, PPP converted",0,Units,2,Two
DATAFLOW,OECD.ECO.MAD:DSD_EO_LTB@DF_EO_LTB(1.0),OECD Economic Outlook 117 long-term scenarios,I,ISL,Iceland,GDPVD_CAP,"Gross domestic product per capita, volume in USD, at constant purchasing power parities",BAU1,"Business-as-usual energy transition, median climate climate damage curve, no carbon mitigation costs",A,Annual,1999,,46088.50474,,,,USD_PPP_PS,"US dollars per person, PPP converted",0,Units,2,Two
DATAFLOW,OECD.ECO.MAD:DSD_EO_LTB@DF_EO_LTB(1.0),OECD Economic Outlook 117 long-term scenarios,I,ISL,Iceland,GDPVD_CAP,"Gross domestic product per capita, volume in USD, at constant purchasing power parities",BAU1,"Business-as-usual energy transition, median climate climate damage curve, no carbon mitigation costs",A,Annual,2000,,47732.21216,,,,USD_PPP_PS,"US dollars per person, PPP converted",0,Units,2,Two
DATAFLOW,OECD.ECO.MAD:DSD_EO_LTB@DF_EO_LTB(1.0),OECD Economic Outlook 117 long-term scenarios,I,ISL,Iceland,GDPVD_CAP,"Gross domestic product per capita, volume in USD, at constant purchasing power parities",BAU1,"Business-as-usual energy transition, median climate climate damage curve, no carbon mitigation costs",A,Annual,2001,,48985.94028,,,,USD_PPP_PS,"US dollars per person, PPP converted",0,Units,2,Two
DATAFLOW,OECD.ECO.MAD:DSD_EO_LTB@DF_EO_LTB(1.0),OECD Economic Outlook 117 long-term scenarios,I,ISL,Iceland,GDPVD_CAP,"Gross domestic product per capita, volume in USD, at constant purchasing power parities",BAU1,"Business-as-usual energy transition, median climate climate damage curve, no carbon mitigation costs",A,Annual,2002,,48831.70414,,,,USD_PPP_PS,"US dollars per person, PPP converted",0,Units,2,Two
DATAFLOW,OECD.ECO.MAD:DSD_EO_LTB@DF_EO_LTB(1.0),OECD Economic Outlook 117 long-term scenarios,I,ISL,Iceland,GDPVD_CAP,"Gross domestic product per capita, volume in USD, at constant purchasing power parities",BAU1,"Business-as-usual energy transition, median climate climate damage curve, no carbon mitigation costs",A,Annual,2003,,49533.42495,,,,USD_PPP_PS,"US dollars per person, PPP converted",0,Units,2,Two
DATAFLOW,OECD.ECO.MAD:DSD_EO_LTB@DF_EO_LTB(1.0),OECD Economic Outlook 117 long-term scenarios,I,ISL,Iceland,GDPVD_CAP,"Gross domestic product per capita, volume in USD, at constant purchasing power parities",BAU1,"Business-as-usual energy transition, median climate climate damage curve, no carbon mitigation costs",A,Annual,2004,,52922.90145,,,,USD_PPP_PS,"US dollars per person, PPP converted",0,Units,2,Two
DATAFLOW,OECD.ECO.MAD:DSD_EO_LTB@DF_EO_LTB(1.0),OECD Economic Outlook 117 long-term scenarios,I,ISL,Iceland,GDPVD_CAP,"Gross domestic product per capita, volume in USD, at constant purchasing power parities",BAU1,"Business-as-usual energy transition, median climate climate damage curve, no carbon mitigation costs",A,Annual,2005,,55293.34099,,,,USD_PPP_PS,"US dollars per person, PPP converted",0,Units,2,Two
DATAFLOW,OECD.ECO.MAD:DSD_EO_LTB@DF_EO_LTB(1.0),OECD Economic Outlook 117 long-term scenarios,I,ISL,Iceland,GDPVD_CAP,"Gross domestic product per capita, volume in USD, at constant purchasing power parities",BAU1,"Business-as-usual energy transition, median climate climate damage curve, no carbon mitigation costs",A,Annual,2006,,57412.35276,,,,USD_PPP_PS,"US dollars per person, PPP converted",0,Units,2,Two
DATAFLOW,OECD.ECO.MAD:DSD_EO_LTB@DF_EO_LTB(1.0),OECD Economic Outlook 117 long-term scenarios,I,ISL,Iceland,GDPVD_CAP,"Gross domestic product per capita, volume in USD, at constant purchasing power parities",BAU1,"Business-as-usual energy transition, median climate climate damage curve, no carbon mitigation costs",A,Annual,2007,,60707.84391,,,,USD_PPP_PS,"US dollars per person, PPP converted",0,Units,2,Two
DATAFLOW,OECD.ECO.MAD:DSD_EO_LTB@DF_EO_LTB(1.0),OECD Economic Outlook 117 long-term scenarios,I,ISL,Iceland,GDPVD_CAP,"Gross domestic product per capita, volume in USD, at constant purchasing power parities",BAU1,"Business-as-usual energy transition, median climate climate damage curve, no carbon mitigation costs",A,Annual,2008,,60915.32567,,,,USD_PPP_PS,"US dollars per person, PPP converted",0,Units,2,Two
DATAFLOW,OECD.ECO.MAD:DSD_EO_LTB@DF_EO_LTB(1.0),OECD Economic Outlook 117 long-term scenarios,I,ISL,Iceland,GDPVD_CAP,"Gross domestic product per capita, volume in USD, at constant purchasing power parities",BAU1,"Business-as-usual energy transition, median climate climate damage curve, no carbon mitigation costs",A,Annual,2009,,56052.63338,,,,USD_PPP_PS,"US dollars per person, PPP converted",0,Units,2,Two
DATAFLOW,OECD.ECO.MAD:DSD_EO_LTB@DF_EO_LTB(1.0),OECD Economic Outlook 117 long-term scenarios,I,ISL,Iceland,GDPVD_CAP,"Gross domestic product per capita, volume in USD, at constant purchasing power parities",BAU1,"Business-as-usual energy transition, median climate climate damage curve, no carbon mitigation costs",A,Annual,2010,,55122.43406,,,,USD_PPP_PS,"US dollars per person, PPP converted",0,Units,2,Two
DATAFLOW,OECD.ECO.MAD:DSD_EO_LTB@DF_EO_LTB(1.0),OECD Economic Outlook 117 long-term scenarios,I,ISL,Iceland,GDPVD_CAP,"Gross domestic product per capita, volume in USD, at constant purchasing power parities",BAU1,"Business-as-usual energy transition, median climate climate damage curve, no carbon mitigation costs",A,Annual,2011,,56535.11019,,,,USD_PPP_PS,"US dollars per person, PPP converted",0,Units,2,Two
DATAFLOW,OECD.ECO.MAD:DSD_EO_LTB@DF_EO_LTB(1.0),OECD Economic Outlook 117 long-term scenarios,I,ISL,Iceland,GDPVD_CAP,"Gross domestic product per capita, volume in USD, at constant purchasing power parities",BAU1,"Business-as-usual energy transition, median climate climate damage curve, no carbon mitigation costs",A,Annual,2012,,56773.10068,,,,USD_PPP_PS,"US dollars per person, PPP converted",0,Units,2,Two
DATAFLOW,OECD.ECO.MAD:DSD_EO_LTB@DF_EO_LTB(1.0),OECD Economic Outlook 117 long-term scenarios,I,ISL,Iceland,GDPVD_CAP,"Gross domestic product per capita, volume in USD, at constant purchasing power parities",BAU1,"Business-as-usual energy transition, median climate climate damage curve, no carbon mitigation costs",A,Annual,2013,,58741.29199,,,,USD_PPP_PS,"US dollars per person, PPP converted",0,Units,2,Two
DATAFLOW,OECD.ECO.MAD:DSD_EO_LTB@DF_EO_LTB(1.0),OECD Economic Outlook 117 long-term scenarios,I,ISL,Iceland,GDPVD_CAP,"Gross domestic product per capita, volume in USD, at constant purchasing power parities",BAU1,"Business-as-usual energy transition, median climate climate damage curve, no carbon mitigation costs",A,Annual,2014,,59063.34285,,,,USD_PPP_PS,"US dollars per person, PPP converted",0,Units,2,Two
DATAFLOW,OECD.ECO.MAD:DSD_EO_LTB@DF_EO_LTB(1.0),OECD Economic Outlook 117 long-term scenarios,I,ISL,Iceland,GDPVD_CAP,"Gross domestic product per capita, volume in USD, at constant purchasing power parities",BAU1,"Business-as-usual energy transition, median climate climate damage curve, no carbon mitigation costs",A,Annual,2015,,61094.47999,,,,USD_PPP_PS,"US dollars per person, PPP converted",0,Units,2,Two
DATAFLOW,OECD.ECO.MAD:DSD_EO_LTB@DF_EO_LTB(1.0),OECD Economic Outlook 117 long-term scenarios,I,ISL,Iceland,GDPVD_CAP,"Gross domestic product per capita, volume in USD, at constant purchasing power parities",BAU1,"Business-as-usual energy transition, median climate climate damage curve, no carbon mitigation costs",A,Annual,2016,,63999.04965,,,,USD_PPP_PS,"US dollars per person, PPP converted",0,Units,2,Two
DATAFLOW,OECD.ECO.MAD:DSD_EO_LTB@DF_EO_LTB(1.0),OECD Economic Outlook 117 long-term scenarios,I,ISL,Iceland,GDPVD_CAP,"Gross domestic product per capita, volume in USD, at constant purchasing power parities",BAU1,"Business-as-usual energy transition, median climate climate damage curve, no carbon mitigation costs",A,Annual,2017,,65102.17125,,,,USD_PPP_PS,"US dollars per person, PPP converted",0,Units,2,Two
DATAFLOW,OECD.ECO.MAD:DSD_EO_LTB@DF_EO_LTB(1.0),OECD Economic Outlook 117 long-term scenarios,I,ISL,Iceland,GDPVD_CAP,"Gross domestic product per capita, volume in USD, at constant purchasing power parities",BAU1,"Business-as-usual energy transition, median climate climate damage curve, no carbon mitigation costs",A,Annual,2018,,66606.64363,,,,USD_PPP_PS,"US dollars per person, PPP converted",0,Units,2,Two
DATAFLOW,OECD.ECO.MAD:DSD_EO_LTB@DF_EO_LTB(1.0),OECD Economic Outlook 117 long-term scenarios,I,ISL,Iceland,GDPVD_CAP,"Gross domestic product per capita, volume in USD, at constant purchasing power parities",BAU1,"Business-as-usual energy transition, median climate climate damage curve, no carbon mitigation costs",A,Annual,2019,,66689.1784,,,,USD_PPP_PS,"US dollars per person, PPP converted",0,Units,2,Two
DATAFLOW,OECD.ECO.MAD:DSD_EO_LTB@DF_EO_LTB(1.0),OECD Economic Outlook 117 long-term scenarios,I,ISL,Iceland,GDPVD_CAP,"Gross domestic product per capita, volume in USD, at constant purchasing power parities",BAU1,"Business-as-usual energy transition, median climate climate damage curve, no carbon mitigation costs",A,Annual,2020,,61294.03227,,,,USD_PPP_PS,"US dollars per person, PPP converted",0,Units,2,Two
DATAFLOW,OECD.ECO.MAD:DSD_EO_LTB@DF_EO_LTB(1.0),OECD Economic Outlook 117 long-term scenarios,I,ISL,Iceland,GDPVD_CAP,"Gross domestic product per capita, volume in USD, at constant purchasing power parities",BAU1,"Business-as-usual energy transition, median climate climate damage curve, no carbon mitigation costs",A,Annual,2021,,63417.79597,,,,USD_PPP_PS,"US dollars per person, PPP converted",0,Units,2,Two
DATAFLOW,OECD.ECO.MAD:DSD_EO_LTB@DF_EO_LTB(1.0),OECD Economic Outlook 117 long-term scenarios,I,ISL,Iceland,GDPVD_CAP,"Gross domestic product per capita, volume in USD, at constant purchasing power parities",BAU1,"Business-as-usual energy transition, median climate climate damage curve, no carbon mitigation costs",A,Annual,2022,,67524.77629,,,,USD_PPP_PS,"US dollars per person, PPP converted",0,Units,2,Two
DATAFLOW,OECD.ECO.MAD:DSD_EO_LTB@DF_EO_LTB(1.0),OECD Economic Outlook 117 long-term scenarios,I,ISL,Iceland,GDPVD_CAP,"Gross domestic product per capita, volume in USD, at constant purchasing power parities",BAU1,"Business-as-usual energy transition, median climate climate damage curve, no carbon mitigation costs",A,Annual,2023,,69570.54615,,,,USD_PPP_PS,"US dollars per person, PPP converted",0,Units,2,Two
DATAFLOW,OECD.ECO.MAD:DSD_EO_LTB@DF_EO_LTB(1.0),OECD Economic Outlook 117 long-term scenarios,I,ISL,Iceland,GDPVD_CAP,"Gross domestic product per capita, volume in USD, at constant purchasing power parities",BAU1,"Business-as-usual energy transition, median climate climate damage curve, no carbon mitigation costs",A,Annual,2024,,68602.75433,,,,USD_PPP_PS,"US dollars per person, PPP converted",0,Units,2,Two
DATAFLOW,OECD.ECO.MAD:DSD_EO_LTB@DF_EO_LTB(1.0),OECD Economic Outlook 117 long-term scenarios,I,ISL,Iceland,GDPVD_CAP,"Gross domestic product per capita, volume in USD, at constant purchasing power parities",BAU1,"Business-as-usual energy transition, median climate climate damage curve, no carbon mitigation costs",A,Annual,2025,,68607.98285,,,,USD_PPP_PS,"US dollars per person, PPP converted",0,Units,2,Two
DATAFLOW,OECD.ECO.MAD:DSD_EO_LTB@DF_EO_LTB(1.0),OECD Economic Outlook 117 long-term scenarios,I,ISL,Iceland,GDPVD_CAP,"Gross domestic product per capita, volume in USD, at constant purchasing power parities",BAU1,"Business-as-usual energy transition, median climate climate damage curve, no carbon mitigation costs",A,Annual,2026,,69769.74693,,,,USD_PPP_PS,"US dollars per person, PPP converted",0,Units,2,Two
DATAFLOW,OECD.ECO.MAD:DSD_EO_LTB@DF_EO_LTB(1.0),OECD Economic Outlook 117 long-term scenarios,I,ISL,Iceland,GDPVD_CAP,"Gross domestic product per capita, volume in USD, at constant purchasing power parities",BAU1,"Business-as-usual energy transition, median climate climate damage curve, no carbon mitigation costs",A,Annual,2027,,71774.03,,,,USD_PPP_PS,"US dollars per person, PPP converted",0,Units,2,Two
DATAFLOW,OECD.ECO.MAD:DSD_EO_LTB@DF_EO_LTB(1.0),OECD Economic Outlook 117 long-term scenarios,I,ISL,Iceland,GDPVD_CAP,"Gross domestic product per capita, volume in USD, at constant purchasing power parities",BAU1,"Business-as-usual energy transition, median climate climate damage curve, no carbon mitigation costs",A,Annual,2028,,73468.77,,,,USD_PPP_PS,"US dollars per person, PPP converted",0,Units,2,Two
DATAFLOW,OECD.ECO.MAD:DSD_EO_LTB@DF_EO_LTB(1.0),OECD Economic Outlook 117 long-term scenarios,I,ISL,Iceland,GDPVD_CAP,"Gross domestic product per capita, volume in USD, at constant purchasing power parities",BAU1,"Business-as-usual energy transition, median climate climate damage curve, no carbon mitigation costs",A,Annual,2029,,75010.3,,,,USD_PPP_PS,"US dollars per person, PPP converted",0,Units,2,Two
DATAFLOW,OECD.ECO.MAD:DSD_EO_LTB@DF_EO_LTB(1.0),OECD Economic Outlook 117 long-term scenarios,I,ISL,Iceland,GDPVD_CAP,"Gross domestic product per capita, volume in USD, at constant purchasing power parities",BAU1,"Business-as-usual energy transition, median climate climate damage curve, no carbon mitigation costs",A,Annual,2030,,76500.28,,,,USD_PPP_PS,"US dollars per person, PPP converted",0,Units,2,Two
DATAFLOW,OECD.ECO.MAD:DSD_EO_LTB@DF_EO_LTB(1.0),OECD Economic Outlook 117 long-term scenarios,I,ISL,Iceland,GDPVD_CAP,"Gross domestic product per capita, volume in USD, at constant purchasing power parities",BAU1,"Business-as-usual energy transition, median climate climate damage curve, no carbon mitigation costs",A,Annual,2031,,77923.26,,,,USD_PPP_PS,"US dollars per person, PPP converted",0,Units,2,Two
DATAFLOW,OECD.ECO.MAD:DSD_EO_LTB@DF_EO_LTB(1.0),OECD Economic Outlook 117 long-term scenarios,I,ISL,Iceland,GDPVD_CAP,"Gross domestic product per capita, volume in USD, at constant purchasing power parities",BAU1,"Business-as-usual energy transition, median climate climate damage curve, no carbon mitigation costs",A,Annual,2032,,79314.98,,,,USD_PPP_PS,"US dollars per person, PPP converted",0,Units,2,Two
DATAFLOW,OECD.ECO.MAD:DSD_EO_LTB@DF_EO_LTB(1.0),OECD Economic Outlook 117 long-term scenarios,I,ISL,Iceland,GDPVD_CAP,"Gross domestic product per capita, volume in USD, at constant purchasing power parities",BAU1,"Business-as-usual energy transition, median climate climate damage curve, no carbon mitigation costs",A,Annual,2033,,80709.91,,,,USD_PPP_PS,"US dollars per person, PPP converted",0,Units,2,Two
DATAFLOW,OECD.ECO.MAD:DSD_EO_LTB@DF_EO_LTB(1.0),OECD Economic Outlook 117 long-term scenarios,I,ISL,Iceland,GDPVD_CAP,"Gross domestic product per capita, volume in USD, at constant purchasing power parities",BAU1,"Business-as-usual energy transition, median climate climate damage curve, no carbon mitigation costs",A,Annual,2034,,82122.27,,,,USD_PPP_PS,"US dollars per person, PPP converted",0,Units,2,Two
DATAFLOW,OECD.ECO.MAD:DSD_EO_LTB@DF_EO_LTB(1.0),OECD Economic Outlook 117 long-term scenarios,I,ISL,Iceland,GDPVD_CAP,"Gross domestic product per capita, volume in USD, at constant purchasing power parities",BAU1,"Business-as-usual energy transition, median climate climate damage curve, no carbon mitigation costs",A,Annual,2035,,83578.66,,,,USD_PPP_PS,"US dollars per person, PPP converted",0,Units,2,Two
DATAFLOW,OECD.ECO.MAD:DSD_EO_LTB@DF_EO_LTB(1.0),OECD Economic Outlook 117 long-term scenarios,I,ISL,Iceland,GDPVD_CAP,"Gross domestic product per capita, volume in USD, at constant purchasing power parities",BAU1,"Business-as-usual energy transition, median climate climate damage curve, no carbon mitigation costs",A,Annual,2036,,85048.25,,,,USD_PPP_PS,"US dollars per person, PPP converted",0,Units,2,Two
DATAFLOW,OECD.ECO.MAD:DSD_EO_LTB@DF_EO_LTB(1.0),OECD Economic Outlook 117 long-term scenarios,I,ISL,Iceland,GDPVD_CAP,"Gross domestic product per capita, volume in USD, at constant purchasing power parities",BAU1,"Business-as-usual energy transition, median climate climate damage curve, no carbon mitigation costs",A,Annual,2037,,86541.56,,,,USD_PPP_PS,"US dollars per person, PPP converted",0,Units,2,Two
DATAFLOW,OECD.ECO.MAD:DSD_EO_LTB@DF_EO_LTB(1.0),OECD Economic Outlook 117 long-term scenarios,I,ISL,Iceland,GDPVD_CAP,"Gross domestic product per capita, volume in USD, at constant purchasing power parities",BAU1,"Business-as-usual energy transition, median climate climate damage curve, no carbon mitigation costs",A,Annual,2038,,87999.86,,,,USD_PPP_PS,"US dollars per person, PPP converted",0,Units,2,Two
DATAFLOW,OECD.ECO.MAD:DSD_EO_LTB@DF_EO_LTB(1.0),OECD Economic Outlook 117 long-term scenarios,I,ISL,Iceland,GDPVD_CAP,"Gross domestic product per capita, volume in USD, at constant purchasing power parities",BAU1,"Business-as-usual energy transition, median climate climate damage curve, no carbon mitigation costs",A,Annual,2039,,89417.28,,,,USD_PPP_PS,"US dollars per person, PPP converted",0,Units,2,Two
DATAFLOW,OECD.ECO.MAD:DSD_EO_LTB@DF_EO_LTB(1.0),OECD Economic Outlook 117 long-term scenarios,I,ISL,Iceland,GDPVD_CAP,"Gross domestic product per capita, volume in USD, at constant purchasing power parities",BAU1,"Business-as-usual energy transition, median climate climate damage curve, no carbon mitigation costs",A,Annual,2040,,90819.59,,,,USD_PPP_PS,"US dollars per person, PPP converted",0,Units,2,Two
DATAFLOW,OECD.ECO.MAD:DSD_EO_LTB@DF_EO_LTB(1.0),OECD Economic Outlook 117 long-term scenarios,I,ISL,Iceland,GDPVD_CAP,"Gross domestic product per capita, volume in USD, at constant purchasing power parities",BAU1,"Business-as-usual energy transition, median climate climate damage curve, no carbon mitigation costs",A,Annual,2041,,92223.98,,,,USD_PPP_PS,"US dollars per person, PPP converted",0,Units,2,Two
DATAFLOW,OECD.ECO.MAD:DSD_EO_LTB@DF_EO_LTB(1.0),OECD Economic Outlook 117 long-term scenarios,I,ISL,Iceland,GDPVD_CAP,"Gross domestic product per capita, volume in USD, at constant purchasing power parities",BAU1,"Business-as-usual energy transition, median climate climate damage curve, no carbon mitigation costs",A,Annual,2042,,93637.61,,,,USD_PPP_PS,"US dollars per person, PPP converted",0,Units,2,Two
DATAFLOW,OECD.ECO.MAD:DSD_EO_LTB@DF_EO_LTB(1.0),OECD Economic Outlook 117 long-term scenarios,I,ISL,Iceland,GDPVD_CAP,"Gross domestic product per capita, volume in USD, at constant purchasing power parities",BAU1,"Business-as-usual energy transition, median climate climate damage curve, no carbon mitigation costs",A,Annual,2043,,95057.89,,,,USD_PPP_PS,"US dollars per person, PPP converted",0,Units,2,Two
DATAFLOW,OECD.ECO.MAD:DSD_EO_LTB@DF_EO_LTB(1.0),OECD Economic Outlook 117 long-term scenarios,I,ISL,Iceland,GDPVD_CAP,"Gross domestic product per capita, volume in USD, at constant purchasing power parities",BAU1,"Business-as-usual energy transition, median climate climate damage curve, no carbon mitigation costs",A,Annual,2044,,96468.66,,,,USD_PPP_PS,"US dollars per person, PPP converted",0,Units,2,Two
DATAFLOW,OECD.ECO.MAD:DSD_EO_LTB@DF_EO_LTB(1.0),OECD Economic Outlook 117 long-term scenarios,I,ISL,Iceland,GDPVD_CAP,"Gross domestic product per capita, volume in USD, at constant purchasing power parities",BAU1,"Business-as-usual energy transition, median climate climate damage curve, no carbon mitigation costs",A,Annual,2045,,97889.74,,,,USD_PPP_PS,"US dollars per person, PPP converted",0,Units,2,Two
DATAFLOW,OECD.ECO.MAD:DSD_EO_LTB@DF_EO_LTB(1.0),OECD Economic Outlook 117 long-term scenarios,I,ISL,Iceland,GDPVD_CAP,"Gross domestic product per capita, volume in USD, at constant purchasing power parities",BAU1,"Business-as-usual energy transition, median climate climate damage curve, no carbon mitigation costs",A,Annual,2046,,99310.99,,,,USD_PPP_PS,"US dollars per person, PPP converted",0,Units,2,Two
DATAFLOW,OECD.ECO.MAD:DSD_EO_LTB@DF_EO_LTB(1.0),OECD Economic Outlook 117 long-term scenarios,I,ISL,Iceland,GDPVD_CAP,"Gross domestic product per capita, volume in USD, at constant purchasing power parities",BAU1,"Business-as-usual energy transition, median climate climate damage curve, no carbon mitigation costs",A,Annual,2047,,100678.7,,,,USD_PPP_PS,"US dollars per person, PPP converted",0,Units,2,Two
DATAFLOW,OECD.ECO.MAD:DSD_EO_LTB@DF_EO_LTB(1.0),OECD Economic Outlook 117 long-term scenarios,I,ISL,Iceland,GDPVD_CAP,"Gross domestic product per capita, volume in USD, at constant purchasing power parities",BAU1,"Business-as-usual energy transition, median climate climate damage curve, no carbon mitigation costs",A,Annual,2048,,102002.4,,,,USD_PPP_PS,"US dollars per person, PPP converted",0,Units,2,Two
DATAFLOW,OECD.ECO.MAD:DSD_EO_LTB@DF_EO_LTB(1.0),OECD Economic Outlook 117 long-term scenarios,I,ISL,Iceland,GDPVD_CAP,"Gross domestic product per capita, volume in USD, at constant purchasing power parities",BAU1,"Business-as-usual energy transition, median climate climate damage curve, no carbon mitigation costs",A,Annual,2049,,103305.1,,,,USD_PPP_PS,"US dollars per person, PPP converted",0,Units,2,Two
DATAFLOW,OECD.ECO.MAD:DSD_EO_LTB@DF_EO_LTB(1.0),OECD Economic Outlook 117 long-term scenarios,I,ISL,Iceland,GDPVD_CAP,"Gross domestic product per capita, volume in USD, at constant purchasing power parities",BAU1,"Business-as-usual energy transition, median climate climate damage curve, no carbon mitigation costs",A,Annual,2050,,104612.1,,,,USD_PPP_PS,"US dollars per person, PPP converted",0,Units,2,Two
DATAFLOW,OECD.ECO.MAD:DSD_EO_LTB@DF_EO_LTB(1.0),OECD Economic Outlook 117 long-term scenarios,I,ISL,Iceland,GDPVD_CAP,"Gross domestic product per capita, volume in USD, at constant purchasing power parities",BAU1,"Business-as-usual energy transition, median climate climate damage curve, no carbon mitigation costs",A,Annual,2051,,105919.8,,,,USD_PPP_PS,"US dollars per person, PPP converted",0,Units,2,Two
DATAFLOW,OECD.ECO.MAD:DSD_EO_LTB@DF_EO_LTB(1.0),OECD Economic Outlook 117 long-term scenarios,I,ISL,Iceland,GDPVD_CAP,"Gross domestic product per capita, volume in USD, at constant purchasing power parities",BAU1,"Business-as-usual energy transition, median climate climate damage curve, no carbon mitigation costs",A,Annual,2052,,107181,,,,USD_PPP_PS,"US dollars per person, PPP converted",0,Units,2,Two
DATAFLOW,OECD.ECO.MAD:DSD_EO_LTB@DF_EO_LTB(1.0),OECD Economic Outlook 117 long-term scenarios,I,ISL,Iceland,GDPVD_CAP,"Gross domestic product per capita, volume in USD, at constant purchasing power parities",BAU1,"Business-as-usual energy transition, median climate climate damage curve, no carbon mitigation costs",A,Annual,2053,,108445.4,,,,USD_PPP_PS,"US dollars per person, PPP converted",0,Units,2,Two
DATAFLOW,OECD.ECO.MAD:DSD_EO_LTB@DF_EO_LTB(1.0),OECD Economic Outlook 117 long-term scenarios,I,ISL,Iceland,GDPVD_CAP,"Gross domestic product per capita, volume in USD, at constant purchasing power parities",BAU1,"Business-as-usual energy transition, median climate climate damage curve, no carbon mitigation costs",A,Annual,2054,,109632,,,,USD_PPP_PS,"US dollars per person, PPP converted",0,Units,2,Two
DATAFLOW,OECD.ECO.MAD:DSD_EO_LTB@DF_EO_LTB(1.0),OECD Economic Outlook 117 long-term scenarios,I,ISL,Iceland,GDPVD_CAP,"Gross domestic product per capita, volume in USD, at constant purchasing power parities",BAU1,"Business-as-usual energy transition, median climate climate damage curve, no carbon mitigation costs",A,Annual,2055,,110729.7,,,,USD_PPP_PS,"US dollars per person, PPP converted",0,Units,2,Two
DATAFLOW,OECD.ECO.MAD:DSD_EO_LTB@DF_EO_LTB(1.0),OECD Economic Outlook 117 long-term scenarios,I,ISL,Iceland,GDPVD_CAP,"Gross domestic product per capita, volume in USD, at constant purchasing power parities",BAU1,"Business-as-usual energy transition, median climate climate damage curve, no carbon mitigation costs",A,Annual,2056,,111794.5,,,,USD_PPP_PS,"US dollars per person, PPP converted",0,Units,2,Two
DATAFLOW,OECD.ECO.MAD:DSD_EO_LTB@DF_EO_LTB(1.0),OECD Economic Outlook 117 long-term scenarios,I,ISL,Iceland,GDPVD_CAP,"Gross domestic product per capita, volume in USD, at constant purchasing power parities",BAU1,"Business-as-usual energy transition, median climate climate damage curve, no carbon mitigation costs",A,Annual,2057,,112835,,,,USD_PPP_PS,"US dollars per person, PPP converted",0,Units,2,Two
DATAFLOW,OECD.ECO.MAD:DSD_EO_LTB@DF_EO_LTB(1.0),OECD Economic Outlook 117 long-term scenarios,I,ISL,Iceland,GDPVD_CAP,"Gross domestic product per capita, volume in USD, at constant purchasing power parities",BAU1,"Business-as-usual energy transition, median climate climate damage curve, no carbon mitigation costs",A,Annual,2058,,113876,,,,USD_PPP_PS,"US dollars per person, PPP converted",0,Units,2,Two
DATAFLOW,OECD.ECO.MAD:DSD_EO_LTB@DF_EO_LTB(1.0),OECD Economic Outlook 117 long-term scenarios,I,ISL,Iceland,GDPVD_CAP,"Gross domestic product per capita, volume in USD, at constant purchasing power parities",BAU1,"Business-as-usual energy transition, median climate climate damage curve, no carbon mitigation costs",A,Annual,2059,,114923.8,,,,USD_PPP_PS,"US dollars per person, PPP converted",0,Units,2,Two
DATAFLOW,OECD.ECO.MAD:DSD_EO_LTB@DF_EO_LTB(1.0),OECD Economic Outlook 117 long-term scenarios,I,ISL,Iceland,GDPVD_CAP,"Gross domestic product per capita, volume in USD, at constant purchasing power parities",BAU1,"Business-as-usual energy transition, median climate climate damage curve, no carbon mitigation costs",A,Annual,2060,,116019.8,,,,USD_PPP_PS,"US dollars per person, PPP converted",0,Units,2,Two
DATAFLOW,OECD.ECO.MAD:DSD_EO_LTB@DF_EO_LTB(1.0),OECD Economic Outlook 117 long-term scenarios,I,GRC,Greece,GDPVD_CAP,"Gross domestic product per capita, volume in USD, at constant purchasing power parities",BAU1,"Business-as-usual energy transition, median climate climate damage curve, no carbon mitigation costs",A,Annual,1990,,26724.27702,,,,USD_PPP_PS,"US dollars per person, PPP converted",0,Units,2,Two
DATAFLOW,OECD.ECO.MAD:DSD_EO_LTB@DF_EO_LTB(1.0),OECD Economic Outlook 117 long-term scenarios,I,GRC,Greece,GDPVD_CAP,"Gross domestic product per capita, volume in USD, at constant purchasing power parities",BAU1,"Business-as-usual energy transition, median climate climate damage curve, no carbon mitigation costs",A,Annual,1991,,27321.4495,,,,USD_PPP_PS,"US dollars per person, PPP converted",0,Units,2,Two
DATAFLOW,OECD.ECO.MAD:DSD_EO_LTB@DF_EO_LTB(1.0),OECD Economic Outlook 117 long-term scenarios,I,GRC,Greece,GDPVD_CAP,"Gross domestic product per capita, volume in USD, at constant purchasing power parities",BAU1,"Business-as-usual energy transition, median climate climate damage curve, no carbon mitigation costs",A,Annual,1992,,27312.77974,,,,USD_PPP_PS,"US dollars per person, PPP converted",0,Units,2,Two
DATAFLOW,OECD.ECO.MAD:DSD_EO_LTB@DF_EO_LTB(1.0),OECD Economic Outlook 117 long-term scenarios,I,GRC,Greece,GDPVD_CAP,"Gross domestic product per capita, volume in USD, at constant purchasing power parities",BAU1,"Business-as-usual energy transition, median climate climate damage curve, no carbon mitigation costs",A,Annual,1993,,26728.39149,,,,USD_PPP_PS,"US dollars per person, PPP converted",0,Units,2,Two
DATAFLOW,OECD.ECO.MAD:DSD_EO_LTB@DF_EO_LTB(1.0),OECD Economic Outlook 117 long-term scenarios,I,GRC,Greece,GDPVD_CAP,"Gross domestic product per capita, volume in USD, at constant purchasing power parities",BAU1,"Business-as-usual energy transition, median climate climate damage curve, no carbon mitigation costs",A,Annual,1994,,27139.83247,,,,USD_PPP_PS,"US dollars per person, PPP converted",0,Units,2,Two
DATAFLOW,OECD.ECO.MAD:DSD_EO_LTB@DF_EO_LTB(1.0),OECD Economic Outlook 117 long-term scenarios,I,GRC,Greece,GDPVD_CAP,"Gross domestic product per capita, volume in USD, at constant purchasing power parities",BAU1,"Business-as-usual energy transition, median climate climate damage curve, no carbon mitigation costs",A,Annual,1995,,27635.97594,,,,USD_PPP_PS,"US dollars per person, PPP converted",0,Units,2,Two
DATAFLOW,OECD.ECO.MAD:DSD_EO_LTB@DF_EO_LTB(1.0),OECD Economic Outlook 117 long-term scenarios,I,GRC,Greece,GDPVD_CAP,"Gross domestic product per capita, volume in USD, at constant purchasing power parities",BAU1,"Business-as-usual energy transition, median climate climate damage curve, no carbon mitigation costs",A,Annual,1996,,27894.82583,,,,USD_PPP_PS,"US dollars per person, PPP converted",0,Units,2,Two
DATAFLOW,OECD.ECO.MAD:DSD_EO_LTB@DF_EO_LTB(1.0),OECD Economic Outlook 117 long-term scenarios,I,GRC,Greece,GDPVD_CAP,"Gross domestic product per capita, volume in USD, at constant purchasing power parities",BAU1,"Business-as-usual energy transition, median climate climate damage curve, no carbon mitigation costs",A,Annual,1997,,28757.55794,,,,USD_PPP_PS,"US dollars per person, PPP converted",0,Units,2,Two
DATAFLOW,OECD.ECO.MAD:DSD_EO_LTB@DF_EO_LTB(1.0),OECD Economic Outlook 117 long-term scenarios,I,GRC,Greece,GDPVD_CAP,"Gross domestic product per capita, volume in USD, at constant purchasing power parities",BAU1,"Business-as-usual energy transition, median climate climate damage curve, no carbon mitigation costs",A,Annual,1998,,29581.52223,,,,USD_PPP_PS,"US dollars per person, PPP converted",0,Units,2,Two
DATAFLOW,OECD.ECO.MAD:DSD_EO_LTB@DF_EO_LTB(1.0),OECD Economic Outlook 117 long-term scenarios,I,GRC,Greece,GDPVD_CAP,"Gross domestic product per capita, volume in USD, at constant purchasing power parities",BAU1,"Business-as-usual energy transition, median climate climate damage curve, no carbon mitigation costs",A,Annual,1999,,30251.94299,,,,USD_PPP_PS,"US dollars per person, PPP converted",0,Units,2,Two
DATAFLOW,OECD.ECO.MAD:DSD_EO_LTB@DF_EO_LTB(1.0),OECD Economic Outlook 117 long-term scenarios,I,GRC,Greece,GDPVD_CAP,"Gross domestic product per capita, volume in USD, at constant purchasing power parities",BAU1,"Business-as-usual energy transition, median climate climate damage curve, no carbon mitigation costs",A,Annual,2000,,31375.1768,,,,USD_PPP_PS,"US dollars per person, PPP converted",0,Units,2,Two
DATAFLOW,OECD.ECO.MAD:DSD_EO_LTB@DF_EO_LTB(1.0),OECD Economic Outlook 117 long-term scenarios,I,GRC,Greece,GDPVD_CAP,"Gross domestic product per capita, volume in USD, at constant purchasing power parities",BAU1,"Business-as-usual energy transition, median climate climate damage curve, no carbon mitigation costs",A,Annual,2001,,32663.90172,,,,USD_PPP_PS,"US dollars per person, PPP converted",0,Units,2,Two
DATAFLOW,OECD.ECO.MAD:DSD_EO_LTB@DF_EO_LTB(1.0),OECD Economic Outlook 117 long-term scenarios,I,GRC,Greece,GDPVD_CAP,"Gross domestic product per capita, volume in USD, at constant purchasing power parities",BAU1,"Business-as-usual energy transition, median climate climate damage curve, no carbon mitigation costs",A,Annual,2002,,34068.59745,,,,USD_PPP_PS,"US dollars per person, PPP converted",0,Units,2,Two
DATAFLOW,OECD.ECO.MAD:DSD_EO_LTB@DF_EO_LTB(1.0),OECD Economic Outlook 117 long-term scenarios,I,GRC,Greece,GDPVD_CAP,"Gross domestic product per capita, volume in USD, at constant purchasing power parities",BAU1,"Business-as-usual energy transition, median climate climate damage curve, no carbon mitigation costs",A,Annual,2003,,35957.45247,,,,USD_PPP_PS,"US dollars per person, PPP converted",0,Units,2,Two
DATAFLOW,OECD.ECO.MAD:DSD_EO_LTB@DF_EO_LTB(1.0),OECD Economic Outlook 117 long-term scenarios,I,GRC,Greece,GDPVD_CAP,"Gross domestic product per capita, volume in USD, at constant purchasing power parities",BAU1,"Business-as-usual energy transition, median climate climate damage curve, no carbon mitigation costs",A,Annual,2004,,37797.54588,,,,USD_PPP_PS,"US dollars per person, PPP converted",0,Units,2,Two
DATAFLOW,OECD.ECO.MAD:DSD_EO_LTB@DF_EO_LTB(1.0),OECD Economic Outlook 117 long-term scenarios,I,GRC,Greece,GDPVD_CAP,"Gross domestic product per capita, volume in USD, at constant purchasing power parities",BAU1,"Business-as-usual energy transition, median climate climate damage curve, no carbon mitigation costs",A,Annual,2005,,38132.85342,,,,USD_PPP_PS,"US dollars per person, PPP converted",0,Units,2,Two
DATAFLOW,OECD.ECO.MAD:DSD_EO_LTB@DF_EO_LTB(1.0),OECD Economic Outlook 117 long-term scenarios,I,GRC,Greece,GDPVD_CAP,"Gross domestic product per capita, volume in USD, at constant purchasing power parities",BAU1,"Business-as-usual energy transition, median climate climate damage curve, no carbon mitigation costs",A,Annual,2006,,40468.2101,,,,USD_PPP_PS,"US dollars per person, PPP converted",0,Units,2,Two
DATAFLOW,OECD.ECO.MAD:DSD_EO_LTB@DF_EO_LTB(1.0),OECD Economic Outlook 117 long-term scenarios,I,GRC,Greece,GDPVD_CAP,"Gross domestic product per capita, volume in USD, at constant purchasing power parities",BAU1,"Business-as-usual energy transition, median climate climate damage curve, no carbon mitigation costs",A,Annual,2007,,41780.80982,,,,USD_PPP_PS,"US dollars per person, PPP converted",0,Units,2,Two
DATAFLOW,OECD.ECO.MAD:DSD_EO_LTB@DF_EO_LTB(1.0),OECD Economic Outlook 117 long-term scenarios,I,GRC,Greece,GDPVD_CAP,"Gross domestic product per capita, volume in USD, at constant purchasing power parities",BAU1,"Business-as-usual energy transition, median climate climate damage curve, no carbon mitigation costs",A,Annual,2008,,41694.01,,,,USD_PPP_PS,"US dollars per person, PPP converted",0,Units,2,Two
DATAFLOW,OECD.ECO.MAD:DSD_EO_LTB@DF_EO_LTB(1.0),OECD Economic Outlook 117 long-term scenarios,I,GRC,Greece,GDPVD_CAP,"Gross domestic product per capita, volume in USD, at constant purchasing power parities",BAU1,"Business-as-usual energy transition, median climate climate damage curve, no carbon mitigation costs",A,Annual,2009,,39871.57074,,,,USD_PPP_PS,"US dollars per person, PPP converted",0,Units,2,Two
DATAFLOW,OECD.ECO.MAD:DSD_EO_LTB@DF_EO_LTB(1.0),OECD Economic Outlook 117 long-term scenarios,I,GRC,Greece,GDPVD_CAP,"Gross domestic product per capita, volume in USD, at constant purchasing power parities",BAU1,"Business-as-usual energy transition, median climate climate damage curve, no carbon mitigation costs",A,Annual,2010,,37552.83478,,,,USD_PPP_PS,"US dollars per person, PPP converted",0,Units,2,Two
DATAFLOW,OECD.ECO.MAD:DSD_EO_LTB@DF_EO_LTB(1.0),OECD Economic Outlook 117 long-term scenarios,I,GRC,Greece,GDPVD_CAP,"Gross domestic product per capita, volume in USD, at constant purchasing power parities",BAU1,"Business-as-usual energy transition, median climate climate damage curve, no carbon mitigation costs",A,Annual,2011,,33893.92254,,,,USD_PPP_PS,"US dollars per person, PPP converted",0,Units,2,Two
DATAFLOW,OECD.ECO.MAD:DSD_EO_LTB@DF_EO_LTB(1.0),OECD Economic Outlook 117 long-term scenarios,I,GRC,Greece,GDPVD_CAP,"Gross domestic product per capita, volume in USD, at constant purchasing power parities",BAU1,"Business-as-usual energy transition, median climate climate damage curve, no carbon mitigation costs",A,Annual,2012,,31238.76638,,,,USD_PPP_PS,"US dollars per person, PPP converted",0,Units,2,Two
DATAFLOW,OECD.ECO.MAD:DSD_EO_LTB@DF_EO_LTB(1.0),OECD Economic Outlook 117 long-term scenarios,I,GRC,Greece,GDPVD_CAP,"Gross domestic product per capita, volume in USD, at constant purchasing power parities",BAU1,"Business-as-usual energy transition, median climate climate damage curve, no carbon mitigation costs",A,Annual,2013,,30751.14958,,,,USD_PPP_PS,"US dollars per person, PPP converted",0,Units,2,Two
DATAFLOW,OECD.ECO.MAD:DSD_EO_LTB@DF_EO_LTB(1.0),OECD Economic Outlook 117 long-term scenarios,I,GRC,Greece,GDPVD_CAP,"Gross domestic product per capita, volume in USD, at constant purchasing power parities",BAU1,"Business-as-usual energy transition, median climate climate damage curve, no carbon mitigation costs",A,Annual,2014,,31202.03481,,,,USD_PPP_PS,"US dollars per person, PPP converted",0,Units,2,Two
DATAFLOW,OECD.ECO.MAD:DSD_EO_LTB@DF_EO_LTB(1.0),OECD Economic Outlook 117 long-term scenarios,I,GRC,Greece,GDPVD_CAP,"Gross domestic product per capita, volume in USD, at constant purchasing power parities",BAU1,"Business-as-usual energy transition, median climate climate damage curve, no carbon mitigation costs",A,Annual,2015,,31336.40509,,,,USD_PPP_PS,"US dollars per person, PPP converted",0,Units,2,Two
DATAFLOW,OECD.ECO.MAD:DSD_EO_LTB@DF_EO_LTB(1.0),OECD Economic Outlook 117 long-term scenarios,I,GRC,Greece,GDPVD_CAP,"Gross domestic product per capita, volume in USD, at constant purchasing power parities",BAU1,"Business-as-usual energy transition, median climate climate damage curve, no carbon mitigation costs",A,Annual,2016,,31457.05693,,,,USD_PPP_PS,"US dollars per person, PPP converted",0,Units,2,Two
DATAFLOW,OECD.ECO.MAD:DSD_EO_LTB@DF_EO_LTB(1.0),OECD Economic Outlook 117 long-term scenarios,I,GRC,Greece,GDPVD_CAP,"Gross domestic product per capita, volume in USD, at constant purchasing power parities",BAU1,"Business-as-usual energy transition, median climate climate damage curve, no carbon mitigation costs",A,Annual,2017,,31983.65277,,,,USD_PPP_PS,"US dollars per person, PPP converted",0,Units,2,Two
DATAFLOW,OECD.ECO.MAD:DSD_EO_LTB@DF_EO_LTB(1.0),OECD Economic Outlook 117 long-term scenarios,I,GRC,Greece,GDPVD_CAP,"Gross domestic product per capita, volume in USD, at constant purchasing power parities",BAU1,"Business-as-usual energy transition, median climate climate damage curve, no carbon mitigation costs",A,Annual,2018,,32710.3293,,,,USD_PPP_PS,"US dollars per person, PPP converted",0,Units,2,Two
DATAFLOW,OECD.ECO.MAD:DSD_EO_LTB@DF_EO_LTB(1.0),OECD Economic Outlook 117 long-term scenarios,I,GRC,Greece,GDPVD_CAP,"Gross domestic product per capita, volume in USD, at constant purchasing power parities",BAU1,"Business-as-usual energy transition, median climate climate damage curve, no carbon mitigation costs",A,Annual,2019,,33490.52714,,,,USD_PPP_PS,"US dollars per person, PPP converted",0,Units,2,Two
DATAFLOW,OECD.ECO.MAD:DSD_EO_LTB@DF_EO_LTB(1.0),OECD Economic Outlook 117 long-term scenarios,I,GRC,Greece,GDPVD_CAP,"Gross domestic product per capita, volume in USD, at constant purchasing power parities",BAU1,"Business-as-usual energy transition, median climate climate damage curve, no carbon mitigation costs",A,Annual,2020,,30475.95647,,,,USD_PPP_PS,"US dollars per person, PPP converted",0,Units,2,Two
DATAFLOW,OECD.ECO.MAD:DSD_EO_LTB@DF_EO_LTB(1.0),OECD Economic Outlook 117 long-term scenarios,I,GRC,Greece,GDPVD_CAP,"Gross domestic product per capita, volume in USD, at constant purchasing power parities",BAU1,"Business-as-usual energy transition, median climate climate damage curve, no carbon mitigation costs",A,Annual,2021,,33294.56026,,,,USD_PPP_PS,"US dollars per person, PPP converted",0,Units,2,Two
DATAFLOW,OECD.ECO.MAD:DSD_EO_LTB@DF_EO_LTB(1.0),OECD Economic Outlook 117 long-term scenarios,I,GRC,Greece,GDPVD_CAP,"Gross domestic product per capita, volume in USD, at constant purchasing power parities",BAU1,"Business-as-usual energy transition, median climate climate damage curve, no carbon mitigation costs",A,Annual,2022,,35410.63725,,,,USD_PPP_PS,"US dollars per person, PPP converted",0,Units,2,Two
DATAFLOW,OECD.ECO.MAD:DSD_EO_LTB@DF_EO_LTB(1.0),OECD Economic Outlook 117 long-term scenarios,I,GRC,Greece,GDPVD_CAP,"Gross domestic product per capita, volume in USD, at constant purchasing power parities",BAU1,"Business-as-usual energy transition, median climate climate damage curve, no carbon mitigation costs",A,Annual,2023,,36343.10672,,,,USD_PPP_PS,"US dollars per person, PPP converted",0,Units,2,Two
DATAFLOW,OECD.ECO.MAD:DSD_EO_LTB@DF_EO_LTB(1.0),OECD Economic Outlook 117 long-term scenarios,I,GRC,Greece,GDPVD_CAP,"Gross domestic product per capita, volume in USD, at constant purchasing power parities",BAU1,"Business-as-usual energy transition, median climate climate damage curve, no carbon mitigation costs",A,Annual,2024,,37228.20388,,,,USD_PPP_PS,"US dollars per person, PPP converted",0,Units,2,Two
DATAFLOW,OECD.ECO.MAD:DSD_EO_LTB@DF_EO_LTB(1.0),OECD Economic Outlook 117 long-term scenarios,I,GRC,Greece,GDPVD_CAP,"Gross domestic product per capita, volume in USD, at constant purchasing power parities",BAU1,"Business-as-usual energy transition, median climate climate damage curve, no carbon mitigation costs",A,Annual,2025,,38121.54839,,,,USD_PPP_PS,"US dollars per person, PPP converted",0,Units,2,Two
DATAFLOW,OECD.ECO.MAD:DSD_EO_LTB@DF_EO_LTB(1.0),OECD Economic Outlook 117 long-term scenarios,I,GRC,Greece,GDPVD_CAP,"Gross domestic product per capita, volume in USD, at constant purchasing power parities",BAU1,"Business-as-usual energy transition, median climate climate damage curve, no carbon mitigation costs",A,Annual,2026,,39068.19492,,,,USD_PPP_PS,"US dollars per person, PPP converted",0,Units,2,Two
DATAFLOW,OECD.ECO.MAD:DSD_EO_LTB@DF_EO_LTB(1.0),OECD Economic Outlook 117 long-term scenarios,I,GRC,Greece,GDPVD_CAP,"Gross domestic product per capita, volume in USD, at constant purchasing power parities",BAU1,"Business-as-usual energy transition, median climate climate damage curve, no carbon mitigation costs",A,Annual,2027,,40319.45,,,,USD_PPP_PS,"US dollars per person, PPP converted",0,Units,2,Two
DATAFLOW,OECD.ECO.MAD:DSD_EO_LTB@DF_EO_LTB(1.0),OECD Economic Outlook 117 long-term scenarios,I,GRC,Greece,GDPVD_CAP,"Gross domestic product per capita, volume in USD, at constant purchasing power parities",BAU1,"Business-as-usual energy transition, median climate climate damage curve, no carbon mitigation costs",A,Annual,2028,,41521.93,,,,USD_PPP_PS,"US dollars per person, PPP converted",0,Units,2,Two
DATAFLOW,OECD.ECO.MAD:DSD_EO_LTB@DF_EO_LTB(1.0),OECD Economic Outlook 117 long-term scenarios,I,GRC,Greece,GDPVD_CAP,"Gross domestic product per capita, volume in USD, at constant purchasing power parities",BAU1,"Business-as-usual energy transition, median climate climate damage curve, no carbon mitigation costs",A,Annual,2029,,42708.69,,,,USD_PPP_PS,"US dollars per person, PPP converted",0,Units,2,Two
DATAFLOW,OECD.ECO.MAD:DSD_EO_LTB@DF_EO_LTB(1.0),OECD Economic Outlook 117 long-term scenarios,I,GRC,Greece,GDPVD_CAP,"Gross domestic product per capita, volume in USD, at constant purchasing power parities",BAU1,"Business-as-usual energy transition, median climate climate damage curve, no carbon mitigation costs",A,Annual,2030,,43885.52,,,,USD_PPP_PS,"US dollars per person, PPP converted",0,Units,2,Two
DATAFLOW,OECD.ECO.MAD:DSD_EO_LTB@DF_EO_LTB(1.0),OECD Economic Outlook 117 long-term scenarios,I,GRC,Greece,GDPVD_CAP,"Gross domestic product per capita, volume in USD, at constant purchasing power parities",BAU1,"Business-as-usual energy transition, median climate climate damage curve, no carbon mitigation costs",A,Annual,2031,,45056.02,,,,USD_PPP_PS,"US dollars per person, PPP converted",0,Units,2,Two
DATAFLOW,OECD.ECO.MAD:DSD_EO_LTB@DF_EO_LTB(1.0),OECD Economic Outlook 117 long-term scenarios,I,GRC,Greece,GDPVD_CAP,"Gross domestic product per capita, volume in USD, at constant purchasing power parities",BAU1,"Business-as-usual energy transition, median climate climate damage curve, no carbon mitigation costs",A,Annual,2032,,46221.16,,,,USD_PPP_PS,"US dollars per person, PPP converted",0,Units,2,Two
DATAFLOW,OECD.ECO.MAD:DSD_EO_LTB@DF_EO_LTB(1.0),OECD Economic Outlook 117 long-term scenarios,I,GRC,Greece,GDPVD_CAP,"Gross domestic product per capita, volume in USD, at constant purchasing power parities",BAU1,"Business-as-usual energy transition, median climate climate damage curve, no carbon mitigation costs",A,Annual,2033,,47375.19,,,,USD_PPP_PS,"US dollars per person, PPP converted",0,Units,2,Two
DATAFLOW,OECD.ECO.MAD:DSD_EO_LTB@DF_EO_LTB(1.0),OECD Economic Outlook 117 long-term scenarios,I,GRC,Greece,GDPVD_CAP,"Gross domestic product per capita, volume in USD, at constant purchasing power parities",BAU1,"Business-as-usual energy transition, median climate climate damage curve, no carbon mitigation costs",A,Annual,2034,,48489.72,,,,USD_PPP_PS,"US dollars per person, PPP converted",0,Units,2,Two
DATAFLOW,OECD.ECO.MAD:DSD_EO_LTB@DF_EO_LTB(1.0),OECD Economic Outlook 117 long-term scenarios,I,GRC,Greece,GDPVD_CAP,"Gross domestic product per capita, volume in USD, at constant purchasing power parities",BAU1,"Business-as-usual energy transition, median climate climate damage curve, no carbon mitigation costs",A,Annual,2035,,49563.42,,,,USD_PPP_PS,"US dollars per person, PPP converted",0,Units,2,Two
DATAFLOW,OECD.ECO.MAD:DSD_EO_LTB@DF_EO_LTB(1.0),OECD Economic Outlook 117 long-term scenarios,I,GRC,Greece,GDPVD_CAP,"Gross domestic product per capita, volume in USD, at constant purchasing power parities",BAU1,"Business-as-usual energy transition, median climate climate damage curve, no carbon mitigation costs",A,Annual,2036,,50609.48,,,,USD_PPP_PS,"US dollars per person, PPP converted",0,Units,2,Two
DATAFLOW,OECD.ECO.MAD:DSD_EO_LTB@DF_EO_LTB(1.0),OECD Economic Outlook 117 long-term scenarios,I,GRC,Greece,GDPVD_CAP,"Gross domestic product per capita, volume in USD, at constant purchasing power parities",BAU1,"Business-as-usual energy transition, median climate climate damage curve, no carbon mitigation costs",A,Annual,2037,,51646.05,,,,USD_PPP_PS,"US dollars per person, PPP converted",0,Units,2,Two
DATAFLOW,OECD.ECO.MAD:DSD_EO_LTB@DF_EO_LTB(1.0),OECD Economic Outlook 117 long-term scenarios,I,GRC,Greece,GDPVD_CAP,"Gross domestic product per capita, volume in USD, at constant purchasing power parities",BAU1,"Business-as-usual energy transition, median climate climate damage curve, no carbon mitigation costs",A,Annual,2038,,52670.04,,,,USD_PPP_PS,"US dollars per person, PPP converted",0,Units,2,Two
DATAFLOW,OECD.ECO.MAD:DSD_EO_LTB@DF_EO_LTB(1.0),OECD Economic Outlook 117 long-term scenarios,I,GRC,Greece,GDPVD_CAP,"Gross domestic product per capita, volume in USD, at constant purchasing power parities",BAU1,"Business-as-usual energy transition, median climate climate damage curve, no carbon mitigation costs",A,Annual,2039,,53681.95,,,,USD_PPP_PS,"US dollars per person, PPP converted",0,Units,2,Two
DATAFLOW,OECD.ECO.MAD:DSD_EO_LTB@DF_EO_LTB(1.0),OECD Economic Outlook 117 long-term scenarios,I,GRC,Greece,GDPVD_CAP,"Gross domestic product per capita, volume in USD, at constant purchasing power parities",BAU1,"Business-as-usual energy transition, median climate climate damage curve, no carbon mitigation costs",A,Annual,2040,,54673.47,,,,USD_PPP_PS,"US dollars per person, PPP converted",0,Units,2,Two
DATAFLOW,OECD.ECO.MAD:DSD_EO_LTB@DF_EO_LTB(1.0),OECD Economic Outlook 117 long-term scenarios,I,GRC,Greece,GDPVD_CAP,"Gross domestic product per capita, volume in USD, at constant purchasing power parities",BAU1,"Business-as-usual energy transition, median climate climate damage curve, no carbon mitigation costs",A,Annual,2041,,55644.69,,,,USD_PPP_PS,"US dollars per person, PPP converted",0,Units,2,Two
DATAFLOW,OECD.ECO.MAD:DSD_EO_LTB@DF_EO_LTB(1.0),OECD Economic Outlook 117 long-term scenarios,I,GRC,Greece,GDPVD_CAP,"Gross domestic product per capita, volume in USD, at constant purchasing power parities",BAU1,"Business-as-usual energy transition, median climate climate damage curve, no carbon mitigation costs",A,Annual,2042,,56588.61,,,,USD_PPP_PS,"US dollars per person, PPP converted",0,Units,2,Two
DATAFLOW,OECD.ECO.MAD:DSD_EO_LTB@DF_EO_LTB(1.0),OECD Economic Outlook 117 long-term scenarios,I,GRC,Greece,GDPVD_CAP,"Gross domestic product per capita, volume in USD, at constant purchasing power parities",BAU1,"Business-as-usual energy transition, median climate climate damage curve, no carbon mitigation costs",A,Annual,2043,,57503.71,,,,USD_PPP_PS,"US dollars per person, PPP converted",0,Units,2,Two
DATAFLOW,OECD.ECO.MAD:DSD_EO_LTB@DF_EO_LTB(1.0),OECD Economic Outlook 117 long-term scenarios,I,GRC,Greece,GDPVD_CAP,"Gross domestic product per capita, volume in USD, at constant purchasing power parities",BAU1,"Business-as-usual energy transition, median climate climate damage curve, no carbon mitigation costs",A,Annual,2044,,58416.33,,,,USD_PPP_PS,"US dollars per person, PPP converted",0,Units,2,Two
DATAFLOW,OECD.ECO.MAD:DSD_EO_LTB@DF_EO_LTB(1.0),OECD Economic Outlook 117 long-term scenarios,I,GRC,Greece,GDPVD_CAP,"Gross domestic product per capita, volume in USD, at constant purchasing power parities",BAU1,"Business-as-usual energy transition, median climate climate damage curve, no carbon mitigation costs",A,Annual,2045,,59342.05,,,,USD_PPP_PS,"US dollars per person, PPP converted",0,Units,2,Two
DATAFLOW,OECD.ECO.MAD:DSD_EO_LTB@DF_EO_LTB(1.0),OECD Economic Outlook 117 long-term scenarios,I,GRC,Greece,GDPVD_CAP,"Gross domestic product per capita, volume in USD, at constant purchasing power parities",BAU1,"Business-as-usual energy transition, median climate climate damage curve, no carbon mitigation costs",A,Annual,2046,,60290.12,,,,USD_PPP_PS,"US dollars per person, PPP converted",0,Units,2,Two
DATAFLOW,OECD.ECO.MAD:DSD_EO_LTB@DF_EO_LTB(1.0),OECD Economic Outlook 117 long-term scenarios,I,GRC,Greece,GDPVD_CAP,"Gross domestic product per capita, volume in USD, at constant purchasing power parities",BAU1,"Business-as-usual energy transition, median climate climate damage curve, no carbon mitigation costs",A,Annual,2047,,61274.51,,,,USD_PPP_PS,"US dollars per person, PPP converted",0,Units,2,Two
DATAFLOW,OECD.ECO.MAD:DSD_EO_LTB@DF_EO_LTB(1.0),OECD Economic Outlook 117 long-term scenarios,I,GRC,Greece,GDPVD_CAP,"Gross domestic product per capita, volume in USD, at constant purchasing power parities",BAU1,"Business-as-usual energy transition, median climate climate damage curve, no carbon mitigation costs",A,Annual,2048,,62319.11,,,,USD_PPP_PS,"US dollars per person, PPP converted",0,Units,2,Two
DATAFLOW,OECD.ECO.MAD:DSD_EO_LTB@DF_EO_LTB(1.0),OECD Economic Outlook 117 long-term scenarios,I,GRC,Greece,GDPVD_CAP,"Gross domestic product per capita, volume in USD, at constant purchasing power parities",BAU1,"Business-as-usual energy transition, median climate climate damage curve, no carbon mitigation costs",A,Annual,2049,,63407.73,,,,USD_PPP_PS,"US dollars per person, PPP converted",0,Units,2,Two
DATAFLOW,OECD.ECO.MAD:DSD_EO_LTB@DF_EO_LTB(1.0),OECD Economic Outlook 117 long-term scenarios,I,GRC,Greece,GDPVD_CAP,"Gross domestic product per capita, volume in USD, at constant purchasing power parities",BAU1,"Business-as-usual energy transition, median climate climate damage curve, no carbon mitigation costs",A,Annual,2050,,64554.1,,,,USD_PPP_PS,"US dollars per person, PPP converted",0,Units,2,Two
DATAFLOW,OECD.ECO.MAD:DSD_EO_LTB@DF_EO_LTB(1.0),OECD Economic Outlook 117 long-term scenarios,I,GRC,Greece,GDPVD_CAP,"Gross domestic product per capita, volume in USD, at constant purchasing power parities",BAU1,"Business-as-usual energy transition, median climate climate damage curve, no carbon mitigation costs",A,Annual,2051,,65745.6,,,,USD_PPP_PS,"US dollars per person, PPP converted",0,Units,2,Two
DATAFLOW,OECD.ECO.MAD:DSD_EO_LTB@DF_EO_LTB(1.0),OECD Economic Outlook 117 long-term scenarios,I,GRC,Greece,GDPVD_CAP,"Gross domestic product per capita, volume in USD, at constant purchasing power parities",BAU1,"Business-as-usual energy transition, median climate climate damage curve, no carbon mitigation costs",A,Annual,2052,,66996.94,,,,USD_PPP_PS,"US dollars per person, PPP converted",0,Units,2,Two
DATAFLOW,OECD.ECO.MAD:DSD_EO_LTB@DF_EO_LTB(1.0),OECD Economic Outlook 117 long-term scenarios,I,GRC,Greece,GDPVD_CAP,"Gross domestic product per capita, volume in USD, at constant purchasing power parities",BAU1,"Business-as-usual energy transition, median climate climate damage curve, no carbon mitigation costs",A,Annual,2053,,68300.18,,,,USD_PPP_PS,"US dollars per person, PPP converted",0,Units,2,Two
DATAFLOW,OECD.ECO.MAD:DSD_EO_LTB@DF_EO_LTB(1.0),OECD Economic Outlook 117 long-term scenarios,I,GRC,Greece,GDPVD_CAP,"Gross domestic product per capita, volume in USD, at constant purchasing power parities",BAU1,"Business-as-usual energy transition, median climate climate damage curve, no carbon mitigation costs",A,Annual,2054,,69637.82,,,,USD_PPP_PS,"US dollars per person, PPP converted",0,Units,2,Two
DATAFLOW,OECD.ECO.MAD:DSD_EO_LTB@DF_EO_LTB(1.0),OECD Economic Outlook 117 long-term scenarios,I,GRC,Greece,GDPVD_CAP,"Gross domestic product per capita, volume in USD, at constant purchasing power parities",BAU1,"Business-as-usual energy transition, median climate climate damage curve, no carbon mitigation costs",A,Annual,2055,,71009.87,,,,USD_PPP_PS,"US dollars per person, PPP converted",0,Units,2,Two
DATAFLOW,OECD.ECO.MAD:DSD_EO_LTB@DF_EO_LTB(1.0),OECD Economic Outlook 117 long-term scenarios,I,GRC,Greece,GDPVD_CAP,"Gross domestic product per capita, volume in USD, at constant purchasing power parities",BAU1,"Business-as-usual energy transition, median climate climate damage curve, no carbon mitigation costs",A,Annual,2056,,72417.1,,,,USD_PPP_PS,"US dollars per person, PPP converted",0,Units,2,Two
DATAFLOW,OECD.ECO.MAD:DSD_EO_LTB@DF_EO_LTB(1.0),OECD Economic Outlook 117 long-term scenarios,I,GRC,Greece,GDPVD_CAP,"Gross domestic product per capita, volume in USD, at constant purchasing power parities",BAU1,"Business-as-usual energy transition, median climate climate damage curve, no carbon mitigation costs",A,Annual,2057,,73864.33,,,,USD_PPP_PS,"US dollars per person, PPP converted",0,Units,2,Two
DATAFLOW,OECD.ECO.MAD:DSD_EO_LTB@DF_EO_LTB(1.0),OECD Economic Outlook 117 long-term scenarios,I,GRC,Greece,GDPVD_CAP,"Gross domestic product per capita, volume in USD, at constant purchasing power parities",BAU1,"Business-as-usual energy transition, median climate climate damage curve, no carbon mitigation costs",A,Annual,2058,,75372.38,,,,USD_PPP_PS,"US dollars per person, PPP converted",0,Units,2,Two
DATAFLOW,OECD.ECO.MAD:DSD_EO_LTB@DF_EO_LTB(1.0),OECD Economic Outlook 117 long-term scenarios,I,GRC,Greece,GDPVD_CAP,"Gross domestic product per capita, volume in USD, at constant purchasing power parities",BAU1,"Business-as-usual energy transition, median climate climate damage curve, no carbon mitigation costs",A,Annual,2059,,76948.91,,,,USD_PPP_PS,"US dollars per person, PPP converted",0,Units,2,Two
DATAFLOW,OECD.ECO.MAD:DSD_EO_LTB@DF_EO_LTB(1.0),OECD Economic Outlook 117 long-term scenarios,I,GRC,Greece,GDPVD_CAP,"Gross domestic product per capita, volume in USD, at constant purchasing power parities",BAU1,"Business-as-usual energy transition, median climate climate damage curve, no carbon mitigation costs",A,Annual,2060,,78604.73,,,,USD_PPP_PS,"US dollars per person, PPP converted",0,Units,2,Two
DATAFLOW,OECD.ECO.MAD:DSD_EO_LTB@DF_EO_LTB(1.0),OECD Economic Outlook 117 long-term scenarios,I,DEU,Germany,GDPVD_CAP,"Gross domestic product per capita, volume in USD, at constant purchasing power parities",BAU1,"Business-as-usual energy transition, median climate climate damage curve, no carbon mitigation costs",A,Annual,1990,,42535.21319,,,,USD_PPP_PS,"US dollars per person, PPP converted",0,Units,2,Two
DATAFLOW,OECD.ECO.MAD:DSD_EO_LTB@DF_EO_LTB(1.0),OECD Economic Outlook 117 long-term scenarios,I,DEU,Germany,GDPVD_CAP,"Gross domestic product per capita, volume in USD, at constant purchasing power parities",BAU1,"Business-as-usual energy transition, median climate climate damage curve, no carbon mitigation costs",A,Annual,1991,,44376.3367,,,,USD_PPP_PS,"US dollars per person, PPP converted",0,Units,2,Two
DATAFLOW,OECD.ECO.MAD:DSD_EO_LTB@DF_EO_LTB(1.0),OECD Economic Outlook 117 long-term scenarios,I,DEU,Germany,GDPVD_CAP,"Gross domestic product per capita, volume in USD, at constant purchasing power parities",BAU1,"Business-as-usual energy transition, median climate climate damage curve, no carbon mitigation costs",A,Annual,1992,,44790.41546,,,,USD_PPP_PS,"US dollars per person, PPP converted",0,Units,2,Two
DATAFLOW,OECD.ECO.MAD:DSD_EO_LTB@DF_EO_LTB(1.0),OECD Economic Outlook 117 long-term scenarios,I,DEU,Germany,GDPVD_CAP,"Gross domestic product per capita, volume in USD, at constant purchasing power parities",BAU1,"Business-as-usual energy transition, median climate climate damage curve, no carbon mitigation costs",A,Annual,1993,,44101.57247,,,,USD_PPP_PS,"US dollars per person, PPP converted",0,Units,2,Two
DATAFLOW,OECD.ECO.MAD:DSD_EO_LTB@DF_EO_LTB(1.0),OECD Economic Outlook 117 long-term scenarios,I,DEU,Germany,GDPVD_CAP,"Gross domestic product per capita, volume in USD, at constant purchasing power parities",BAU1,"Business-as-usual energy transition, median climate climate damage curve, no carbon mitigation costs",A,Annual,1994,,45162.63559,,,,USD_PPP_PS,"US dollars per person, PPP converted",0,Units,2,Two
DATAFLOW,OECD.ECO.MAD:DSD_EO_LTB@DF_EO_LTB(1.0),OECD Economic Outlook 117 long-term scenarios,I,DEU,Germany,GDPVD_CAP,"Gross domestic product per capita, volume in USD, at constant purchasing power parities",BAU1,"Business-as-usual energy transition, median climate climate damage curve, no carbon mitigation costs",A,Annual,1995,,45786.11905,,,,USD_PPP_PS,"US dollars per person, PPP converted",0,Units,2,Two
DATAFLOW,OECD.ECO.MAD:DSD_EO_LTB@DF_EO_LTB(1.0),OECD Economic Outlook 117 long-term scenarios,I,DEU,Germany,GDPVD_CAP,"Gross domestic product per capita, volume in USD, at constant purchasing power parities",BAU1,"Business-as-usual energy transition, median climate climate damage curve, no carbon mitigation costs",A,Annual,1996,,46180.65574,,,,USD_PPP_PS,"US dollars per person, PPP converted",0,Units,2,Two
DATAFLOW,OECD.ECO.MAD:DSD_EO_LTB@DF_EO_LTB(1.0),OECD Economic Outlook 117 long-term scenarios,I,DEU,Germany,GDPVD_CAP,"Gross domestic product per capita, volume in USD, at constant purchasing power parities",BAU1,"Business-as-usual energy transition, median climate climate damage curve, no carbon mitigation costs",A,Annual,1997,,47049.99715,,,,USD_PPP_PS,"US dollars per person, PPP converted",0,Units,2,Two
DATAFLOW,OECD.ECO.MAD:DSD_EO_LTB@DF_EO_LTB(1.0),OECD Economic Outlook 117 long-term scenarios,I,DEU,Germany,GDPVD_CAP,"Gross domestic product per capita, volume in USD, at constant purchasing power parities",BAU1,"Business-as-usual energy transition, median climate climate damage curve, no carbon mitigation costs",A,Annual,1998,,47974.10295,,,,USD_PPP_PS,"US dollars per person, PPP converted",0,Units,2,Two
DATAFLOW,OECD.ECO.MAD:DSD_EO_LTB@DF_EO_LTB(1.0),OECD Economic Outlook 117 long-term scenarios,I,DEU,Germany,GDPVD_CAP,"Gross domestic product per capita, volume in USD, at constant purchasing power parities",BAU1,"Business-as-usual energy transition, median climate climate damage curve, no carbon mitigation costs",A,Annual,1999,,48943.26522,,,,USD_PPP_PS,"US dollars per person, PPP converted",0,Units,2,Two
DATAFLOW,OECD.ECO.MAD:DSD_EO_LTB@DF_EO_LTB(1.0),OECD Economic Outlook 117 long-term scenarios,I,DEU,Germany,GDPVD_CAP,"Gross domestic product per capita, volume in USD, at constant purchasing power parities",BAU1,"Business-as-usual energy transition, median climate climate damage curve, no carbon mitigation costs",A,Annual,2000,,50442.47322,,,,USD_PPP_PS,"US dollars per person, PPP converted",0,Units,2,Two
DATAFLOW,OECD.ECO.MAD:DSD_EO_LTB@DF_EO_LTB(1.0),OECD Economic Outlook 117 long-term scenarios,I,DEU,Germany,GDPVD_CAP,"Gross domestic product per capita, volume in USD, at constant purchasing power parities",BAU1,"Business-as-usual energy transition, median climate climate damage curve, no carbon mitigation costs",A,Annual,2001,,51288.13279,,,,USD_PPP_PS,"US dollars per person, PPP converted",0,Units,2,Two
DATAFLOW,OECD.ECO.MAD:DSD_EO_LTB@DF_EO_LTB(1.0),OECD Economic Outlook 117 long-term scenarios,I,DEU,Germany,GDPVD_CAP,"Gross domestic product per capita, volume in USD, at constant purchasing power parities",BAU1,"Business-as-usual energy transition, median climate climate damage curve, no carbon mitigation costs",A,Annual,2002,,51152.89539,,,,USD_PPP_PS,"US dollars per person, PPP converted",0,Units,2,Two
DATAFLOW,OECD.ECO.MAD:DSD_EO_LTB@DF_EO_LTB(1.0),OECD Economic Outlook 117 long-term scenarios,I,DEU,Germany,GDPVD_CAP,"Gross domestic product per capita, volume in USD, at constant purchasing power parities",BAU1,"Business-as-usual energy transition, median climate climate damage curve, no carbon mitigation costs",A,Annual,2003,,50892.99438,,,,USD_PPP_PS,"US dollars per person, PPP converted",0,Units,2,Two
DATAFLOW,OECD.ECO.MAD:DSD_EO_LTB@DF_EO_LTB(1.0),OECD Economic Outlook 117 long-term scenarios,I,DEU,Germany,GDPVD_CAP,"Gross domestic product per capita, volume in USD, at constant purchasing power parities",BAU1,"Business-as-usual energy transition, median climate climate damage curve, no carbon mitigation costs",A,Annual,2004,,51308.07714,,,,USD_PPP_PS,"US dollars per person, PPP converted",0,Units,2,Two
DATAFLOW,OECD.ECO.MAD:DSD_EO_LTB@DF_EO_LTB(1.0),OECD Economic Outlook 117 long-term scenarios,I,DEU,Germany,GDPVD_CAP,"Gross domestic product per capita, volume in USD, at constant purchasing power parities",BAU1,"Business-as-usual energy transition, median climate climate damage curve, no carbon mitigation costs",A,Annual,2005,,51924.90969,,,,USD_PPP_PS,"US dollars per person, PPP converted",0,Units,2,Two
DATAFLOW,OECD.ECO.MAD:DSD_EO_LTB@DF_EO_LTB(1.0),OECD Economic Outlook 117 long-term scenarios,I,DEU,Germany,GDPVD_CAP,"Gross domestic product per capita, volume in USD, at constant purchasing power parities",BAU1,"Business-as-usual energy transition, median climate climate damage curve, no carbon mitigation costs",A,Annual,2006,,54132.34379,,,,USD_PPP_PS,"US dollars per person, PPP converted",0,Units,2,Two
DATAFLOW,OECD.ECO.MAD:DSD_EO_LTB@DF_EO_LTB(1.0),OECD Economic Outlook 117 long-term scenarios,I,DEU,Germany,GDPVD_CAP,"Gross domestic product per capita, volume in USD, at constant purchasing power parities",BAU1,"Business-as-usual energy transition, median climate climate damage curve, no carbon mitigation costs",A,Annual,2007,,55874.8982,,,,USD_PPP_PS,"US dollars per person, PPP converted",0,Units,2,Two
DATAFLOW,OECD.ECO.MAD:DSD_EO_LTB@DF_EO_LTB(1.0),OECD Economic Outlook 117 long-term scenarios,I,DEU,Germany,GDPVD_CAP,"Gross domestic product per capita, volume in USD, at constant purchasing power parities",BAU1,"Business-as-usual energy transition, median climate climate damage curve, no carbon mitigation costs",A,Annual,2008,,56394.67128,,,,USD_PPP_PS,"US dollars per person, PPP converted",0,Units,2,Two
DATAFLOW,OECD.ECO.MAD:DSD_EO_LTB@DF_EO_LTB(1.0),OECD Economic Outlook 117 long-term scenarios,I,DEU,Germany,GDPVD_CAP,"Gross domestic product per capita, volume in USD, at constant purchasing power parities",BAU1,"Business-as-usual energy transition, median climate climate damage curve, no carbon mitigation costs",A,Annual,2009,,53480.85218,,,,USD_PPP_PS,"US dollars per person, PPP converted",0,Units,2,Two
DATAFLOW,OECD.ECO.MAD:DSD_EO_LTB@DF_EO_LTB(1.0),OECD Economic Outlook 117 long-term scenarios,I,DEU,Germany,GDPVD_CAP,"Gross domestic product per capita, volume in USD, at constant purchasing power parities",BAU1,"Business-as-usual energy transition, median climate climate damage curve, no carbon mitigation costs",A,Annual,2010,,55762.97983,,,,USD_PPP_PS,"US dollars per person, PPP converted",0,Units,2,Two
DATAFLOW,OECD.ECO.MAD:DSD_EO_LTB@DF_EO_LTB(1.0),OECD Economic Outlook 117 long-term scenarios,I,DEU,Germany,GDPVD_CAP,"Gross domestic product per capita, volume in USD, at constant purchasing power parities",BAU1,"Business-as-usual energy transition, median climate climate damage curve, no carbon mitigation costs",A,Annual,2011,,57908.6261,,,,USD_PPP_PS,"US dollars per person, PPP converted",0,Units,2,Two
DATAFLOW,OECD.ECO.MAD:DSD_EO_LTB@DF_EO_LTB(1.0),OECD Economic Outlook 117 long-term scenarios,I,DEU,Germany,GDPVD_CAP,"Gross domestic product per capita, volume in USD, at constant purchasing power parities",BAU1,"Business-as-usual energy transition, median climate climate damage curve, no carbon mitigation costs",A,Annual,2012,,58175.77033,,,,USD_PPP_PS,"US dollars per person, PPP converted",0,Units,2,Two
DATAFLOW,OECD.ECO.MAD:DSD_EO_LTB@DF_EO_LTB(1.0),OECD Economic Outlook 117 long-term scenarios,I,DEU,Germany,GDPVD_CAP,"Gross domestic product per capita, volume in USD, at constant purchasing power parities",BAU1,"Business-as-usual energy transition, median climate climate damage curve, no carbon mitigation costs",A,Annual,2013,,58312.78198,,,,USD_PPP_PS,"US dollars per person, PPP converted",0,Units,2,Two
DATAFLOW,OECD.ECO.MAD:DSD_EO_LTB@DF_EO_LTB(1.0),OECD Economic Outlook 117 long-term scenarios,I,DEU,Germany,GDPVD_CAP,"Gross domestic product per capita, volume in USD, at constant purchasing power parities",BAU1,"Business-as-usual energy transition, median climate climate damage curve, no carbon mitigation costs",A,Annual,2014,,59326.31788,,,,USD_PPP_PS,"US dollars per person, PPP converted",0,Units,2,Two
DATAFLOW,OECD.ECO.MAD:DSD_EO_LTB@DF_EO_LTB(1.0),OECD Economic Outlook 117 long-term scenarios,I,DEU,Germany,GDPVD_CAP,"Gross domestic product per capita, volume in USD, at constant purchasing power parities",BAU1,"Business-as-usual energy transition, median climate climate damage curve, no carbon mitigation costs",A,Annual,2015,,59642.71864,,,,USD_PPP_PS,"US dollars per person, PPP converted",0,Units,2,Two
DATAFLOW,OECD.ECO.MAD:DSD_EO_LTB@DF_EO_LTB(1.0),OECD Economic Outlook 117 long-term scenarios,I,DEU,Germany,GDPVD_CAP,"Gross domestic product per capita, volume in USD, at constant purchasing power parities",BAU1,"Business-as-usual energy transition, median climate climate damage curve, no carbon mitigation costs",A,Annual,2016,,60472.09987,,,,USD_PPP_PS,"US dollars per person, PPP converted",0,Units,2,Two
DATAFLOW,OECD.ECO.MAD:DSD_EO_LTB@DF_EO_LTB(1.0),OECD Economic Outlook 117 long-term scenarios,I,DEU,Germany,GDPVD_CAP,"Gross domestic product per capita, volume in USD, at constant purchasing power parities",BAU1,"Business-as-usual energy transition, median climate climate damage curve, no carbon mitigation costs",A,Annual,2017,,62058.57909,,,,USD_PPP_PS,"US dollars per person, PPP converted",0,Units,2,Two
DATAFLOW,OECD.ECO.MAD:DSD_EO_LTB@DF_EO_LTB(1.0),OECD Economic Outlook 117 long-term scenarios,I,DEU,Germany,GDPVD_CAP,"Gross domestic product per capita, volume in USD, at constant purchasing power parities",BAU1,"Business-as-usual energy transition, median climate climate damage curve, no carbon mitigation costs",A,Annual,2018,,62573.10069,,,,USD_PPP_PS,"US dollars per person, PPP converted",0,Units,2,Two
DATAFLOW,OECD.ECO.MAD:DSD_EO_LTB@DF_EO_LTB(1.0),OECD Economic Outlook 117 long-term scenarios,I,DEU,Germany,GDPVD_CAP,"Gross domestic product per capita, volume in USD, at constant purchasing power parities",BAU1,"Business-as-usual energy transition, median climate climate damage curve, no carbon mitigation costs",A,Annual,2019,,63073.49324,,,,USD_PPP_PS,"US dollars per person, PPP converted",0,Units,2,Two
DATAFLOW,OECD.ECO.MAD:DSD_EO_LTB@DF_EO_LTB(1.0),OECD Economic Outlook 117 long-term scenarios,I,DEU,Germany,GDPVD_CAP,"Gross domestic product per capita, volume in USD, at constant purchasing power parities",BAU1,"Business-as-usual energy transition, median climate climate damage curve, no carbon mitigation costs",A,Annual,2020,,60211.79205,,,,USD_PPP_PS,"US dollars per person, PPP converted",0,Units,2,Two
DATAFLOW,OECD.ECO.MAD:DSD_EO_LTB@DF_EO_LTB(1.0),OECD Economic Outlook 117 long-term scenarios,I,DEU,Germany,GDPVD_CAP,"Gross domestic product per capita, volume in USD, at constant purchasing power parities",BAU1,"Business-as-usual energy transition, median climate climate damage curve, no carbon mitigation costs",A,Annual,2021,,62368.36807,,,,USD_PPP_PS,"US dollars per person, PPP converted",0,Units,2,Two
DATAFLOW,OECD.ECO.MAD:DSD_EO_LTB@DF_EO_LTB(1.0),OECD Economic Outlook 117 long-term scenarios,I,DEU,Germany,GDPVD_CAP,"Gross domestic product per capita, volume in USD, at constant purchasing power parities",BAU1,"Business-as-usual energy transition, median climate climate damage curve, no carbon mitigation costs",A,Annual,2022,,62815.47646,,,,USD_PPP_PS,"US dollars per person, PPP converted",0,Units,2,Two
DATAFLOW,OECD.ECO.MAD:DSD_EO_LTB@DF_EO_LTB(1.0),OECD Economic Outlook 117 long-term scenarios,I,DEU,Germany,GDPVD_CAP,"Gross domestic product per capita, volume in USD, at constant purchasing power parities",BAU1,"Business-as-usual energy transition, median climate climate damage curve, no carbon mitigation costs",A,Annual,2023,,62244.34507,,,,USD_PPP_PS,"US dollars per person, PPP converted",0,Units,2,Two
DATAFLOW,OECD.ECO.MAD:DSD_EO_LTB@DF_EO_LTB(1.0),OECD Economic Outlook 117 long-term scenarios,I,DEU,Germany,GDPVD_CAP,"Gross domestic product per capita, volume in USD, at constant purchasing power parities",BAU1,"Business-as-usual energy transition, median climate climate damage curve, no carbon mitigation costs",A,Annual,2024,,61968.58799,,,,USD_PPP_PS,"US dollars per person, PPP converted",0,Units,2,Two
DATAFLOW,OECD.ECO.MAD:DSD_EO_LTB@DF_EO_LTB(1.0),OECD Economic Outlook 117 long-term scenarios,I,DEU,Germany,GDPVD_CAP,"Gross domestic product per capita, volume in USD, at constant purchasing power parities",BAU1,"Business-as-usual energy transition, median climate climate damage curve, no carbon mitigation costs",A,Annual,2025,,62128.11189,,,,USD_PPP_PS,"US dollars per person, PPP converted",0,Units,2,Two
DATAFLOW,OECD.ECO.MAD:DSD_EO_LTB@DF_EO_LTB(1.0),OECD Economic Outlook 117 long-term scenarios,I,DEU,Germany,GDPVD_CAP,"Gross domestic product per capita, volume in USD, at constant purchasing power parities",BAU1,"Business-as-usual energy transition, median climate climate damage curve, no carbon mitigation costs",A,Annual,2026,,62924.90581,,,,USD_PPP_PS,"US dollars per person, PPP converted",0,Units,2,Two
DATAFLOW,OECD.ECO.MAD:DSD_EO_LTB@DF_EO_LTB(1.0),OECD Economic Outlook 117 long-term scenarios,I,DEU,Germany,GDPVD_CAP,"Gross domestic product per capita, volume in USD, at constant purchasing power parities",BAU1,"Business-as-usual energy transition, median climate climate damage curve, no carbon mitigation costs",A,Annual,2027,,63547.13,,,,USD_PPP_PS,"US dollars per person, PPP converted",0,Units,2,Two
DATAFLOW,OECD.ECO.MAD:DSD_EO_LTB@DF_EO_LTB(1.0),OECD Economic Outlook 117 long-term scenarios,I,DEU,Germany,GDPVD_CAP,"Gross domestic product per capita, volume in USD, at constant purchasing power parities",BAU1,"Business-as-usual energy transition, median climate climate damage curve, no carbon mitigation costs",A,Annual,2028,,64127.54,,,,USD_PPP_PS,"US dollars per person, PPP converted",0,Units,2,Two
DATAFLOW,OECD.ECO.MAD:DSD_EO_LTB@DF_EO_LTB(1.0),OECD Economic Outlook 117 long-term scenarios,I,DEU,Germany,GDPVD_CAP,"Gross domestic product per capita, volume in USD, at constant purchasing power parities",BAU1,"Business-as-usual energy transition, median climate climate damage curve, no carbon mitigation costs",A,Annual,2029,,64683.7,,,,USD_PPP_PS,"US dollars per person, PPP converted",0,Units,2,Two
DATAFLOW,OECD.ECO.MAD:DSD_EO_LTB@DF_EO_LTB(1.0),OECD Economic Outlook 117 long-term scenarios,I,DEU,Germany,GDPVD_CAP,"Gross domestic product per capita, volume in USD, at constant purchasing power parities",BAU1,"Business-as-usual energy transition, median climate climate damage curve, no carbon mitigation costs",A,Annual,2030,,65264.19,,,,USD_PPP_PS,"US dollars per person, PPP converted",0,Units,2,Two
DATAFLOW,OECD.ECO.MAD:DSD_EO_LTB@DF_EO_LTB(1.0),OECD Economic Outlook 117 long-term scenarios,I,DEU,Germany,GDPVD_CAP,"Gross domestic product per capita, volume in USD, at constant purchasing power parities",BAU1,"Business-as-usual energy transition, median climate climate damage curve, no carbon mitigation costs",A,Annual,2031,,65881.66,,,,USD_PPP_PS,"US dollars per person, PPP converted",0,Units,2,Two
DATAFLOW,OECD.ECO.MAD:DSD_EO_LTB@DF_EO_LTB(1.0),OECD Economic Outlook 117 long-term scenarios,I,DEU,Germany,GDPVD_CAP,"Gross domestic product per capita, volume in USD, at constant purchasing power parities",BAU1,"Business-as-usual energy transition, median climate climate damage curve, no carbon mitigation costs",A,Annual,2032,,66572.04,,,,USD_PPP_PS,"US dollars per person, PPP converted",0,Units,2,Two
DATAFLOW,OECD.ECO.MAD:DSD_EO_LTB@DF_EO_LTB(1.0),OECD Economic Outlook 117 long-term scenarios,I,DEU,Germany,GDPVD_CAP,"Gross domestic product per capita, volume in USD, at constant purchasing power parities",BAU1,"Business-as-usual energy transition, median climate climate damage curve, no carbon mitigation costs",A,Annual,2033,,67318.1,,,,USD_PPP_PS,"US dollars per person, PPP converted",0,Units,2,Two
DATAFLOW,OECD.ECO.MAD:DSD_EO_LTB@DF_EO_LTB(1.0),OECD Economic Outlook 117 long-term scenarios,I,DEU,Germany,GDPVD_CAP,"Gross domestic product per capita, volume in USD, at constant purchasing power parities",BAU1,"Business-as-usual energy transition, median climate climate damage curve, no carbon mitigation costs",A,Annual,2034,,68145.61,,,,USD_PPP_PS,"US dollars per person, PPP converted",0,Units,2,Two
DATAFLOW,OECD.ECO.MAD:DSD_EO_LTB@DF_EO_LTB(1.0),OECD Economic Outlook 117 long-term scenarios,I,DEU,Germany,GDPVD_CAP,"Gross domestic product per capita, volume in USD, at constant purchasing power parities",BAU1,"Business-as-usual energy transition, median climate climate damage curve, no carbon mitigation costs",A,Annual,2035,,69040.8,,,,USD_PPP_PS,"US dollars per person, PPP converted",0,Units,2,Two
DATAFLOW,OECD.ECO.MAD:DSD_EO_LTB@DF_EO_LTB(1.0),OECD Economic Outlook 117 long-term scenarios,I,DEU,Germany,GDPVD_CAP,"Gross domestic product per capita, volume in USD, at constant purchasing power parities",BAU1,"Business-as-usual energy transition, median climate climate damage curve, no carbon mitigation costs",A,Annual,2036,,70037.69,,,,USD_PPP_PS,"US dollars per person, PPP converted",0,Units,2,Two
DATAFLOW,OECD.ECO.MAD:DSD_EO_LTB@DF_EO_LTB(1.0),OECD Economic Outlook 117 long-term scenarios,I,DEU,Germany,GDPVD_CAP,"Gross domestic product per capita, volume in USD, at constant purchasing power parities",BAU1,"Business-as-usual energy transition, median climate climate damage curve, no carbon mitigation costs",A,Annual,2037,,71113.2,,,,USD_PPP_PS,"US dollars per person, PPP converted",0,Units,2,Two
DATAFLOW,OECD.ECO.MAD:DSD_EO_LTB@DF_EO_LTB(1.0),OECD Economic Outlook 117 long-term scenarios,I,DEU,Germany,GDPVD_CAP,"Gross domestic product per capita, volume in USD, at constant purchasing power parities",BAU1,"Business-as-usual energy transition, median climate climate damage curve, no carbon mitigation costs",A,Annual,2038,,72225.02,,,,USD_PPP_PS,"US dollars per person, PPP converted",0,Units,2,Two
DATAFLOW,OECD.ECO.MAD:DSD_EO_LTB@DF_EO_LTB(1.0),OECD Economic Outlook 117 long-term scenarios,I,DEU,Germany,GDPVD_CAP,"Gross domestic product per capita, volume in USD, at constant purchasing power parities",BAU1,"Business-as-usual energy transition, median climate climate damage curve, no carbon mitigation costs",A,Annual,2039,,73382.02,,,,USD_PPP_PS,"US dollars per person, PPP converted",0,Units,2,Two
DATAFLOW,OECD.ECO.MAD:DSD_EO_LTB@DF_EO_LTB(1.0),OECD Economic Outlook 117 long-term scenarios,I,DEU,Germany,GDPVD_CAP,"Gross domestic product per capita, volume in USD, at constant purchasing power parities",BAU1,"Business-as-usual energy transition, median climate climate damage curve, no carbon mitigation costs",A,Annual,2040,,74568.03,,,,USD_PPP_PS,"US dollars per person, PPP converted",0,Units,2,Two
DATAFLOW,OECD.ECO.MAD:DSD_EO_LTB@DF_EO_LTB(1.0),OECD Economic Outlook 117 long-term scenarios,I,DEU,Germany,GDPVD_CAP,"Gross domestic product per capita, volume in USD, at constant purchasing power parities",BAU1,"Business-as-usual energy transition, median climate climate damage curve, no carbon mitigation costs",A,Annual,2041,,75777.01,,,,USD_PPP_PS,"US dollars per person, PPP converted",0,Units,2,Two
DATAFLOW,OECD.ECO.MAD:DSD_EO_LTB@DF_EO_LTB(1.0),OECD Economic Outlook 117 long-term scenarios,I,DEU,Germany,GDPVD_CAP,"Gross domestic product per capita, volume in USD, at constant purchasing power parities",BAU1,"Business-as-usual energy transition, median climate climate damage curve, no carbon mitigation costs",A,Annual,2042,,76980.22,,,,USD_PPP_PS,"US dollars per person, PPP converted",0,Units,2,Two
DATAFLOW,OECD.ECO.MAD:DSD_EO_LTB@DF_EO_LTB(1.0),OECD Economic Outlook 117 long-term scenarios,I,DEU,Germany,GDPVD_CAP,"Gross domestic product per capita, volume in USD, at constant purchasing power parities",BAU1,"Business-as-usual energy transition, median climate climate damage curve, no carbon mitigation costs",A,Annual,2043,,78173.98,,,,USD_PPP_PS,"US dollars per person, PPP converted",0,Units,2,Two
DATAFLOW,OECD.ECO.MAD:DSD_EO_LTB@DF_EO_LTB(1.0),OECD Economic Outlook 117 long-term scenarios,I,DEU,Germany,GDPVD_CAP,"Gross domestic product per capita, volume in USD, at constant purchasing power parities",BAU1,"Business-as-usual energy transition, median climate climate damage curve, no carbon mitigation costs",A,Annual,2044,,79363.48,,,,USD_PPP_PS,"US dollars per person, PPP converted",0,Units,2,Two
DATAFLOW,OECD.ECO.MAD:DSD_EO_LTB@DF_EO_LTB(1.0),OECD Economic Outlook 117 long-term scenarios,I,DEU,Germany,GDPVD_CAP,"Gross domestic product per capita, volume in USD, at constant purchasing power parities",BAU1,"Business-as-usual energy transition, median climate climate damage curve, no carbon mitigation costs",A,Annual,2045,,80540.13,,,,USD_PPP_PS,"US dollars per person, PPP converted",0,Units,2,Two
DATAFLOW,OECD.ECO.MAD:DSD_EO_LTB@DF_EO_LTB(1.0),OECD Economic Outlook 117 long-term scenarios,I,DEU,Germany,GDPVD_CAP,"Gross domestic product per capita, volume in USD, at constant purchasing power parities",BAU1,"Business-as-usual energy transition, median climate climate damage curve, no carbon mitigation costs",A,Annual,2046,,81703.81,,,,USD_PPP_PS,"US dollars per person, PPP converted",0,Units,2,Two
DATAFLOW,OECD.ECO.MAD:DSD_EO_LTB@DF_EO_LTB(1.0),OECD Economic Outlook 117 long-term scenarios,I,DEU,Germany,GDPVD_CAP,"Gross domestic product per capita, volume in USD, at constant purchasing power parities",BAU1,"Business-as-usual energy transition, median climate climate damage curve, no carbon mitigation costs",A,Annual,2047,,82860.22,,,,USD_PPP_PS,"US dollars per person, PPP converted",0,Units,2,Two
DATAFLOW,OECD.ECO.MAD:DSD_EO_LTB@DF_EO_LTB(1.0),OECD Economic Outlook 117 long-term scenarios,I,DEU,Germany,GDPVD_CAP,"Gross domestic product per capita, volume in USD, at constant purchasing power parities",BAU1,"Business-as-usual energy transition, median climate climate damage curve, no carbon mitigation costs",A,Annual,2048,,84029.31,,,,USD_PPP_PS,"US dollars per person, PPP converted",0,Units,2,Two
DATAFLOW,OECD.ECO.MAD:DSD_EO_LTB@DF_EO_LTB(1.0),OECD Economic Outlook 117 long-term scenarios,I,DEU,Germany,GDPVD_CAP,"Gross domestic product per capita, volume in USD, at constant purchasing power parities",BAU1,"Business-as-usual energy transition, median climate climate damage curve, no carbon mitigation costs",A,Annual,2049,,85222.45,,,,USD_PPP_PS,"US dollars per person, PPP converted",0,Units,2,Two
DATAFLOW,OECD.ECO.MAD:DSD_EO_LTB@DF_EO_LTB(1.0),OECD Economic Outlook 117 long-term scenarios,I,DEU,Germany,GDPVD_CAP,"Gross domestic product per capita, volume in USD, at constant purchasing power parities",BAU1,"Business-as-usual energy transition, median climate climate damage curve, no carbon mitigation costs",A,Annual,2050,,86404.64,,,,USD_PPP_PS,"US dollars per person, PPP converted",0,Units,2,Two
DATAFLOW,OECD.ECO.MAD:DSD_EO_LTB@DF_EO_LTB(1.0),OECD Economic Outlook 117 long-term scenarios,I,DEU,Germany,GDPVD_CAP,"Gross domestic product per capita, volume in USD, at constant purchasing power parities",BAU1,"Business-as-usual energy transition, median climate climate damage curve, no carbon mitigation costs",A,Annual,2051,,87570.45,,,,USD_PPP_PS,"US dollars per person, PPP converted",0,Units,2,Two
DATAFLOW,OECD.ECO.MAD:DSD_EO_LTB@DF_EO_LTB(1.0),OECD Economic Outlook 117 long-term scenarios,I,DEU,Germany,GDPVD_CAP,"Gross domestic product per capita, volume in USD, at constant purchasing power parities",BAU1,"Business-as-usual energy transition, median climate climate damage curve, no carbon mitigation costs",A,Annual,2052,,88719.5,,,,USD_PPP_PS,"US dollars per person, PPP converted",0,Units,2,Two
DATAFLOW,OECD.ECO.MAD:DSD_EO_LTB@DF_EO_LTB(1.0),OECD Economic Outlook 117 long-term scenarios,I,DEU,Germany,GDPVD_CAP,"Gross domestic product per capita, volume in USD, at constant purchasing power parities",BAU1,"Business-as-usual energy transition, median climate climate damage curve, no carbon mitigation costs",A,Annual,2053,,89851.19,,,,USD_PPP_PS,"US dollars per person, PPP converted",0,Units,2,Two
DATAFLOW,OECD.ECO.MAD:DSD_EO_LTB@DF_EO_LTB(1.0),OECD Economic Outlook 117 long-term scenarios,I,DEU,Germany,GDPVD_CAP,"Gross domestic product per capita, volume in USD, at constant purchasing power parities",BAU1,"Business-as-usual energy transition, median climate climate damage curve, no carbon mitigation costs",A,Annual,2054,,91002.05,,,,USD_PPP_PS,"US dollars per person, PPP converted",0,Units,2,Two
DATAFLOW,OECD.ECO.MAD:DSD_EO_LTB@DF_EO_LTB(1.0),OECD Economic Outlook 117 long-term scenarios,I,DEU,Germany,GDPVD_CAP,"Gross domestic product per capita, volume in USD, at constant purchasing power parities",BAU1,"Business-as-usual energy transition, median climate climate damage curve, no carbon mitigation costs",A,Annual,2055,,92169.8,,,,USD_PPP_PS,"US dollars per person, PPP converted",0,Units,2,Two
DATAFLOW,OECD.ECO.MAD:DSD_EO_LTB@DF_EO_LTB(1.0),OECD Economic Outlook 117 long-term scenarios,I,DEU,Germany,GDPVD_CAP,"Gross domestic product per capita, volume in USD, at constant purchasing power parities",BAU1,"Business-as-usual energy transition, median climate climate damage curve, no carbon mitigation costs",A,Annual,2056,,93357.49,,,,USD_PPP_PS,"US dollars per person, PPP converted",0,Units,2,Two
DATAFLOW,OECD.ECO.MAD:DSD_EO_LTB@DF_EO_LTB(1.0),OECD Economic Outlook 117 long-term scenarios,I,DEU,Germany,GDPVD_CAP,"Gross domestic product per capita, volume in USD, at constant purchasing power parities",BAU1,"Business-as-usual energy transition, median climate climate damage curve, no carbon mitigation costs",A,Annual,2057,,94580.26,,,,USD_PPP_PS,"US dollars per person, PPP converted",0,Units,2,Two
DATAFLOW,OECD.ECO.MAD:DSD_EO_LTB@DF_EO_LTB(1.0),OECD Economic Outlook 117 long-term scenarios,I,DEU,Germany,GDPVD_CAP,"Gross domestic product per capita, volume in USD, at constant purchasing power parities",BAU1,"Business-as-usual energy transition, median climate climate damage curve, no carbon mitigation costs",A,Annual,2058,,95872.88,,,,USD_PPP_PS,"US dollars per person, PPP converted",0,Units,2,Two
DATAFLOW,OECD.ECO.MAD:DSD_EO_LTB@DF_EO_LTB(1.0),OECD Economic Outlook 117 long-term scenarios,I,DEU,Germany,GDPVD_CAP,"Gross domestic product per capita, volume in USD, at constant purchasing power parities",BAU1,"Business-as-usual energy transition, median climate climate damage curve, no carbon mitigation costs",A,Annual,2059,,97239.71,,,,USD_PPP_PS,"US dollars per person, PPP converted",0,Units,2,Two
DATAFLOW,OECD.ECO.MAD:DSD_EO_LTB@DF_EO_LTB(1.0),OECD Economic Outlook 117 long-term scenarios,I,DEU,Germany,GDPVD_CAP,"Gross domestic product per capita, volume in USD, at constant purchasing power parities",BAU1,"Business-as-usual energy transition, median climate climate damage curve, no carbon mitigation costs",A,Annual,2060,,98654.39,,,,USD_PPP_PS,"US dollars per person, PPP converted",0,Units,2,Two
DATAFLOW,OECD.ECO.MAD:DSD_EO_LTB@DF_EO_LTB(1.0),OECD Economic Outlook 117 long-term scenarios,I,FRA,France,GDPVD_CAP,"Gross domestic product per capita, volume in USD, at constant purchasing power parities",BAU1,"Business-as-usual energy transition, median climate climate damage curve, no carbon mitigation costs",A,Annual,1990,,38727.40359,,,,USD_PPP_PS,"US dollars per person, PPP converted",0,Units,2,Two
DATAFLOW,OECD.ECO.MAD:DSD_EO_LTB@DF_EO_LTB(1.0),OECD Economic Outlook 117 long-term scenarios,I,FRA,France,GDPVD_CAP,"Gross domestic product per capita, volume in USD, at constant purchasing power parities",BAU1,"Business-as-usual energy transition, median climate climate damage curve, no carbon mitigation costs",A,Annual,1991,,39037.67936,,,,USD_PPP_PS,"US dollars per person, PPP converted",0,Units,2,Two
DATAFLOW,OECD.ECO.MAD:DSD_EO_LTB@DF_EO_LTB(1.0),OECD Economic Outlook 117 long-term scenarios,I,FRA,France,GDPVD_CAP,"Gross domestic product per capita, volume in USD, at constant purchasing power parities",BAU1,"Business-as-usual energy transition, median climate climate damage curve, no carbon mitigation costs",A,Annual,1992,,39398.45551,,,,USD_PPP_PS,"US dollars per person, PPP converted",0,Units,2,Two
DATAFLOW,OECD.ECO.MAD:DSD_EO_LTB@DF_EO_LTB(1.0),OECD Economic Outlook 117 long-term scenarios,I,FRA,France,GDPVD_CAP,"Gross domestic product per capita, volume in USD, at constant purchasing power parities",BAU1,"Business-as-usual energy transition, median climate climate damage curve, no carbon mitigation costs",A,Annual,1993,,39067.0857,,,,USD_PPP_PS,"US dollars per person, PPP converted",0,Units,2,Two
DATAFLOW,OECD.ECO.MAD:DSD_EO_LTB@DF_EO_LTB(1.0),OECD Economic Outlook 117 long-term scenarios,I,FRA,France,GDPVD_CAP,"Gross domestic product per capita, volume in USD, at constant purchasing power parities",BAU1,"Business-as-usual energy transition, median climate climate damage curve, no carbon mitigation costs",A,Annual,1994,,39861.35069,,,,USD_PPP_PS,"US dollars per person, PPP converted",0,Units,2,Two
DATAFLOW,OECD.ECO.MAD:DSD_EO_LTB@DF_EO_LTB(1.0),OECD Economic Outlook 117 long-term scenarios,I,FRA,France,GDPVD_CAP,"Gross domestic product per capita, volume in USD, at constant purchasing power parities",BAU1,"Business-as-usual energy transition, median climate climate damage curve, no carbon mitigation costs",A,Annual,1995,,40697.93592,,,,USD_PPP_PS,"US dollars per person, PPP converted",0,Units,2,Two
DATAFLOW,OECD.ECO.MAD:DSD_EO_LTB@DF_EO_LTB(1.0),OECD Economic Outlook 117 long-term scenarios,I,FRA,France,GDPVD_CAP,"Gross domestic product per capita, volume in USD, at constant purchasing power parities",BAU1,"Business-as-usual energy transition, median climate climate damage curve, no carbon mitigation costs",A,Annual,1996,,41104.50691,,,,USD_PPP_PS,"US dollars per person, PPP converted",0,Units,2,Two
DATAFLOW,OECD.ECO.MAD:DSD_EO_LTB@DF_EO_LTB(1.0),OECD Economic Outlook 117 long-term scenarios,I,FRA,France,GDPVD_CAP,"Gross domestic product per capita, volume in USD, at constant purchasing power parities",BAU1,"Business-as-usual energy transition, median climate climate damage curve, no carbon mitigation costs",A,Annual,1997,,41993.81014,,,,USD_PPP_PS,"US dollars per person, PPP converted",0,Units,2,Two
DATAFLOW,OECD.ECO.MAD:DSD_EO_LTB@DF_EO_LTB(1.0),OECD Economic Outlook 117 long-term scenarios,I,FRA,France,GDPVD_CAP,"Gross domestic product per capita, volume in USD, at constant purchasing power parities",BAU1,"Business-as-usual energy transition, median climate climate damage curve, no carbon mitigation costs",A,Annual,1998,,43293.63015,,,,USD_PPP_PS,"US dollars per person, PPP converted",0,Units,2,Two
DATAFLOW,OECD.ECO.MAD:DSD_EO_LTB@DF_EO_LTB(1.0),OECD Economic Outlook 117 long-term scenarios,I,FRA,France,GDPVD_CAP,"Gross domestic product per capita, volume in USD, at constant purchasing power parities",BAU1,"Business-as-usual energy transition, median climate climate damage curve, no carbon mitigation costs",A,Annual,1999,,44479.91433,,,,USD_PPP_PS,"US dollars per person, PPP converted",0,Units,2,Two
DATAFLOW,OECD.ECO.MAD:DSD_EO_LTB@DF_EO_LTB(1.0),OECD Economic Outlook 117 long-term scenarios,I,FRA,France,GDPVD_CAP,"Gross domestic product per capita, volume in USD, at constant purchasing power parities",BAU1,"Business-as-usual energy transition, median climate climate damage curve, no carbon mitigation costs",A,Annual,2000,,46108.02277,,,,USD_PPP_PS,"US dollars per person, PPP converted",0,Units,2,Two
DATAFLOW,OECD.ECO.MAD:DSD_EO_LTB@DF_EO_LTB(1.0),OECD Economic Outlook 117 long-term scenarios,I,FRA,France,GDPVD_CAP,"Gross domestic product per capita, volume in USD, at constant purchasing power parities",BAU1,"Business-as-usual energy transition, median climate climate damage curve, no carbon mitigation costs",A,Annual,2001,,46622.83824,,,,USD_PPP_PS,"US dollars per person, PPP converted",0,Units,2,Two
DATAFLOW,OECD.ECO.MAD:DSD_EO_LTB@DF_EO_LTB(1.0),OECD Economic Outlook 117 long-term scenarios,I,FRA,France,GDPVD_CAP,"Gross domestic product per capita, volume in USD, at constant purchasing power parities",BAU1,"Business-as-usual energy transition, median climate climate damage curve, no carbon mitigation costs",A,Annual,2002,,46808.3796,,,,USD_PPP_PS,"US dollars per person, PPP converted",0,Units,2,Two
DATAFLOW,OECD.ECO.MAD:DSD_EO_LTB@DF_EO_LTB(1.0),OECD Economic Outlook 117 long-term scenarios,I,FRA,France,GDPVD_CAP,"Gross domestic product per capita, volume in USD, at constant purchasing power parities",BAU1,"Business-as-usual energy transition, median climate climate damage curve, no carbon mitigation costs",A,Annual,2003,,46947.25687,,,,USD_PPP_PS,"US dollars per person, PPP converted",0,Units,2,Two
DATAFLOW,OECD.ECO.MAD:DSD_EO_LTB@DF_EO_LTB(1.0),OECD Economic Outlook 117 long-term scenarios,I,FRA,France,GDPVD_CAP,"Gross domestic product per capita, volume in USD, at constant purchasing power parities",BAU1,"Business-as-usual energy transition, median climate climate damage curve, no carbon mitigation costs",A,Annual,2004,,47784.20999,,,,USD_PPP_PS,"US dollars per person, PPP converted",0,Units,2,Two
DATAFLOW,OECD.ECO.MAD:DSD_EO_LTB@DF_EO_LTB(1.0),OECD Economic Outlook 117 long-term scenarios,I,FRA,France,GDPVD_CAP,"Gross domestic product per capita, volume in USD, at constant purchasing power parities",BAU1,"Business-as-usual energy transition, median climate climate damage curve, no carbon mitigation costs",A,Annual,2005,,48376.36681,,,,USD_PPP_PS,"US dollars per person, PPP converted",0,Units,2,Two
DATAFLOW,OECD.ECO.MAD:DSD_EO_LTB@DF_EO_LTB(1.0),OECD Economic Outlook 117 long-term scenarios,I,FRA,France,GDPVD_CAP,"Gross domestic product per capita, volume in USD, at constant purchasing power parities",BAU1,"Business-as-usual energy transition, median climate climate damage curve, no carbon mitigation costs",A,Annual,2006,,49455.72618,,,,USD_PPP_PS,"US dollars per person, PPP converted",0,Units,2,Two
DATAFLOW,OECD.ECO.MAD:DSD_EO_LTB@DF_EO_LTB(1.0),OECD Economic Outlook 117 long-term scenarios,I,FRA,France,GDPVD_CAP,"Gross domestic product per capita, volume in USD, at constant purchasing power parities",BAU1,"Business-as-usual energy transition, median climate climate damage curve, no carbon mitigation costs",A,Annual,2007,,50381.83514,,,,USD_PPP_PS,"US dollars per person, PPP converted",0,Units,2,Two
DATAFLOW,OECD.ECO.MAD:DSD_EO_LTB@DF_EO_LTB(1.0),OECD Economic Outlook 117 long-term scenarios,I,FRA,France,GDPVD_CAP,"Gross domestic product per capita, volume in USD, at constant purchasing power parities",BAU1,"Business-as-usual energy transition, median climate climate damage curve, no carbon mitigation costs",A,Annual,2008,,50242.5359,,,,USD_PPP_PS,"US dollars per person, PPP converted",0,Units,2,Two
DATAFLOW,OECD.ECO.MAD:DSD_EO_LTB@DF_EO_LTB(1.0),OECD Economic Outlook 117 long-term scenarios,I,FRA,France,GDPVD_CAP,"Gross domestic product per capita, volume in USD, at constant purchasing power parities",BAU1,"Business-as-usual energy transition, median climate climate damage curve, no carbon mitigation costs",A,Annual,2009,,48627.01948,,,,USD_PPP_PS,"US dollars per person, PPP converted",0,Units,2,Two
DATAFLOW,OECD.ECO.MAD:DSD_EO_LTB@DF_EO_LTB(1.0),OECD Economic Outlook 117 long-term scenarios,I,FRA,France,GDPVD_CAP,"Gross domestic product per capita, volume in USD, at constant purchasing power parities",BAU1,"Business-as-usual energy transition, median climate climate damage curve, no carbon mitigation costs",A,Annual,2010,,49288.26344,,,,USD_PPP_PS,"US dollars per person, PPP converted",0,Units,2,Two
DATAFLOW,OECD.ECO.MAD:DSD_EO_LTB@DF_EO_LTB(1.0),OECD Economic Outlook 117 long-term scenarios,I,FRA,France,GDPVD_CAP,"Gross domestic product per capita, volume in USD, at constant purchasing power parities",BAU1,"Business-as-usual energy transition, median climate climate damage curve, no carbon mitigation costs",A,Annual,2011,,50274.98831,,,,USD_PPP_PS,"US dollars per person, PPP converted",0,Units,2,Two
DATAFLOW,OECD.ECO.MAD:DSD_EO_LTB@DF_EO_LTB(1.0),OECD Economic Outlook 117 long-term scenarios,I,FRA,France,GDPVD_CAP,"Gross domestic product per capita, volume in USD, at constant purchasing power parities",BAU1,"Business-as-usual energy transition, median climate climate damage curve, no carbon mitigation costs",A,Annual,2012,,50149.94238,,,,USD_PPP_PS,"US dollars per person, PPP converted",0,Units,2,Two
DATAFLOW,OECD.ECO.MAD:DSD_EO_LTB@DF_EO_LTB(1.0),OECD Economic Outlook 117 long-term scenarios,I,FRA,France,GDPVD_CAP,"Gross domestic product per capita, volume in USD, at constant purchasing power parities",BAU1,"Business-as-usual energy transition, median climate climate damage curve, no carbon mitigation costs",A,Annual,2013,,50359.63757,,,,USD_PPP_PS,"US dollars per person, PPP converted",0,Units,2,Two
DATAFLOW,OECD.ECO.MAD:DSD_EO_LTB@DF_EO_LTB(1.0),OECD Economic Outlook 117 long-term scenarios,I,FRA,France,GDPVD_CAP,"Gross domestic product per capita, volume in USD, at constant purchasing power parities",BAU1,"Business-as-usual energy transition, median climate climate damage curve, no carbon mitigation costs",A,Annual,2014,,50614.11631,,,,USD_PPP_PS,"US dollars per person, PPP converted",0,Units,2,Two
DATAFLOW,OECD.ECO.MAD:DSD_EO_LTB@DF_EO_LTB(1.0),OECD Economic Outlook 117 long-term scenarios,I,FRA,France,GDPVD_CAP,"Gross domestic product per capita, volume in USD, at constant purchasing power parities",BAU1,"Business-as-usual energy transition, median climate climate damage curve, no carbon mitigation costs",A,Annual,2015,,50886.65922,,,,USD_PPP_PS,"US dollars per person, PPP converted",0,Units,2,Two
DATAFLOW,OECD.ECO.MAD:DSD_EO_LTB@DF_EO_LTB(1.0),OECD Economic Outlook 117 long-term scenarios,I,FRA,France,GDPVD_CAP,"Gross domestic product per capita, volume in USD, at constant purchasing power parities",BAU1,"Business-as-usual energy transition, median climate climate damage curve, no carbon mitigation costs",A,Annual,2016,,51066.73474,,,,USD_PPP_PS,"US dollars per person, PPP converted",0,Units,2,Two
DATAFLOW,OECD.ECO.MAD:DSD_EO_LTB@DF_EO_LTB(1.0),OECD Economic Outlook 117 long-term scenarios,I,FRA,France,GDPVD_CAP,"Gross domestic product per capita, volume in USD, at constant purchasing power parities",BAU1,"Business-as-usual energy transition, median climate climate damage curve, no carbon mitigation costs",A,Annual,2017,,52024.92533,,,,USD_PPP_PS,"US dollars per person, PPP converted",0,Units,2,Two
DATAFLOW,OECD.ECO.MAD:DSD_EO_LTB@DF_EO_LTB(1.0),OECD Economic Outlook 117 long-term scenarios,I,FRA,France,GDPVD_CAP,"Gross domestic product per capita, volume in USD, at constant purchasing power parities",BAU1,"Business-as-usual energy transition, median climate climate damage curve, no carbon mitigation costs",A,Annual,2018,,52610.48516,,,,USD_PPP_PS,"US dollars per person, PPP converted",0,Units,2,Two
DATAFLOW,OECD.ECO.MAD:DSD_EO_LTB@DF_EO_LTB(1.0),OECD Economic Outlook 117 long-term scenarios,I,FRA,France,GDPVD_CAP,"Gross domestic product per capita, volume in USD, at constant purchasing power parities",BAU1,"Business-as-usual energy transition, median climate climate damage curve, no carbon mitigation costs",A,Annual,2019,,53493.44732,,,,USD_PPP_PS,"US dollars per person, PPP converted",0,Units,2,Two
DATAFLOW,OECD.ECO.MAD:DSD_EO_LTB@DF_EO_LTB(1.0),OECD Economic Outlook 117 long-term scenarios,I,FRA,France,GDPVD_CAP,"Gross domestic product per capita, volume in USD, at constant purchasing power parities",BAU1,"Business-as-usual energy transition, median climate climate damage curve, no carbon mitigation costs",A,Annual,2020,,49263.02973,,,,USD_PPP_PS,"US dollars per person, PPP converted",0,Units,2,Two
DATAFLOW,OECD.ECO.MAD:DSD_EO_LTB@DF_EO_LTB(1.0),OECD Economic Outlook 117 long-term scenarios,I,FRA,France,GDPVD_CAP,"Gross domestic product per capita, volume in USD, at constant purchasing power parities",BAU1,"Business-as-usual energy transition, median climate climate damage curve, no carbon mitigation costs",A,Annual,2021,,52437.67035,,,,USD_PPP_PS,"US dollars per person, PPP converted",0,Units,2,Two
DATAFLOW,OECD.ECO.MAD:DSD_EO_LTB@DF_EO_LTB(1.0),OECD Economic Outlook 117 long-term scenarios,I,FRA,France,GDPVD_CAP,"Gross domestic product per capita, volume in USD, at constant purchasing power parities",BAU1,"Business-as-usual energy transition, median climate climate damage curve, no carbon mitigation costs",A,Annual,2022,,53651.3893,,,,USD_PPP_PS,"US dollars per person, PPP converted",0,Units,2,Two
DATAFLOW,OECD.ECO.MAD:DSD_EO_LTB@DF_EO_LTB(1.0),OECD Economic Outlook 117 long-term scenarios,I,FRA,France,GDPVD_CAP,"Gross domestic product per capita, volume in USD, at constant purchasing power parities",BAU1,"Business-as-usual energy transition, median climate climate damage curve, no carbon mitigation costs",A,Annual,2023,,54082.01635,,,,USD_PPP_PS,"US dollars per person, PPP converted",0,Units,2,Two
DATAFLOW,OECD.ECO.MAD:DSD_EO_LTB@DF_EO_LTB(1.0),OECD Economic Outlook 117 long-term scenarios,I,FRA,France,GDPVD_CAP,"Gross domestic product per capita, volume in USD, at constant purchasing power parities",BAU1,"Business-as-usual energy transition, median climate climate damage curve, no carbon mitigation costs",A,Annual,2024,,54507.39696,,,,USD_PPP_PS,"US dollars per person, PPP converted",0,Units,2,Two
DATAFLOW,OECD.ECO.MAD:DSD_EO_LTB@DF_EO_LTB(1.0),OECD Economic Outlook 117 long-term scenarios,I,FRA,France,GDPVD_CAP,"Gross domestic product per capita, volume in USD, at constant purchasing power parities",BAU1,"Business-as-usual energy transition, median climate climate damage curve, no carbon mitigation costs",A,Annual,2025,,54692.6456,,,,USD_PPP_PS,"US dollars per person, PPP converted",0,Units,2,Two
DATAFLOW,OECD.ECO.MAD:DSD_EO_LTB@DF_EO_LTB(1.0),OECD Economic Outlook 117 long-term scenarios,I,FRA,France,GDPVD_CAP,"Gross domestic product per capita, volume in USD, at constant purchasing power parities",BAU1,"Business-as-usual energy transition, median climate climate damage curve, no carbon mitigation costs",A,Annual,2026,,55037.42622,,,,USD_PPP_PS,"US dollars per person, PPP converted",0,Units,2,Two
DATAFLOW,OECD.ECO.MAD:DSD_EO_LTB@DF_EO_LTB(1.0),OECD Economic Outlook 117 long-term scenarios,I,FRA,France,GDPVD_CAP,"Gross domestic product per capita, volume in USD, at constant purchasing power parities",BAU1,"Business-as-usual energy transition, median climate climate damage curve, no carbon mitigation costs",A,Annual,2027,,55804.6,,,,USD_PPP_PS,"US dollars per person, PPP converted",0,Units,2,Two
DATAFLOW,OECD.ECO.MAD:DSD_EO_LTB@DF_EO_LTB(1.0),OECD Economic Outlook 117 long-term scenarios,I,FRA,France,GDPVD_CAP,"Gross domestic product per capita, volume in USD, at constant purchasing power parities",BAU1,"Business-as-usual energy transition, median climate climate damage curve, no carbon mitigation costs",A,Annual,2028,,56588,,,,USD_PPP_PS,"US dollars per person, PPP converted",0,Units,2,Two
DATAFLOW,OECD.ECO.MAD:DSD_EO_LTB@DF_EO_LTB(1.0),OECD Economic Outlook 117 long-term scenarios,I,FRA,France,GDPVD_CAP,"Gross domestic product per capita, volume in USD, at constant purchasing power parities",BAU1,"Business-as-usual energy transition, median climate climate damage curve, no carbon mitigation costs",A,Annual,2029,,57386.45,,,,USD_PPP_PS,"US dollars per person, PPP converted",0,Units,2,Two
DATAFLOW,OECD.ECO.MAD:DSD_EO_LTB@DF_EO_LTB(1.0),OECD Economic Outlook 117 long-term scenarios,I,FRA,France,GDPVD_CAP,"Gross domestic product per capita, volume in USD, at constant purchasing power parities",BAU1,"Business-as-usual energy transition, median climate climate damage curve, no carbon mitigation costs",A,Annual,2030,,58207.46,,,,USD_PPP_PS,"US dollars per person, PPP converted",0,Units,2,Two
DATAFLOW,OECD.ECO.MAD:DSD_EO_LTB@DF_EO_LTB(1.0),OECD Economic Outlook 117 long-term scenarios,I,FRA,France,GDPVD_CAP,"Gross domestic product per capita, volume in USD, at constant purchasing power parities",BAU1,"Business-as-usual energy transition, median climate climate damage curve, no carbon mitigation costs",A,Annual,2031,,59060.28,,,,USD_PPP_PS,"US dollars per person, PPP converted",0,Units,2,Two
DATAFLOW,OECD.ECO.MAD:DSD_EO_LTB@DF_EO_LTB(1.0),OECD Economic Outlook 117 long-term scenarios,I,FRA,France,GDPVD_CAP,"Gross domestic product per capita, volume in USD, at constant purchasing power parities",BAU1,"Business-as-usual energy transition, median climate climate damage curve, no carbon mitigation costs",A,Annual,2032,,59943.98,,,,USD_PPP_PS,"US dollars per person, PPP converted",0,Units,2,Two
DATAFLOW,OECD.ECO.MAD:DSD_EO_LTB@DF_EO_LTB(1.0),OECD Economic Outlook 117 long-term scenarios,I,FRA,France,GDPVD_CAP,"Gross domestic product per capita, volume in USD, at constant purchasing power parities",BAU1,"Business-as-usual energy transition, median climate climate damage curve, no carbon mitigation costs",A,Annual,2033,,60826.9,,,,USD_PPP_PS,"US dollars per person, PPP converted",0,Units,2,Two
DATAFLOW,OECD.ECO.MAD:DSD_EO_LTB@DF_EO_LTB(1.0),OECD Economic Outlook 117 long-term scenarios,I,FRA,France,GDPVD_CAP,"Gross domestic product per capita, volume in USD, at constant purchasing power parities",BAU1,"Business-as-usual energy transition, median climate climate damage curve, no carbon mitigation costs",A,Annual,2034,,61710.54,,,,USD_PPP_PS,"US dollars per person, PPP converted",0,Units,2,Two
DATAFLOW,OECD.ECO.MAD:DSD_EO_LTB@DF_EO_LTB(1.0),OECD Economic Outlook 117 long-term scenarios,I,FRA,France,GDPVD_CAP,"Gross domestic product per capita, volume in USD, at constant purchasing power parities",BAU1,"Business-as-usual energy transition, median climate climate damage curve, no carbon mitigation costs",A,Annual,2035,,62593.78,,,,USD_PPP_PS,"US dollars per person, PPP converted",0,Units,2,Two
DATAFLOW,OECD.ECO.MAD:DSD_EO_LTB@DF_EO_LTB(1.0),OECD Economic Outlook 117 long-term scenarios,I,FRA,France,GDPVD_CAP,"Gross domestic product per capita, volume in USD, at constant purchasing power parities",BAU1,"Business-as-usual energy transition, median climate climate damage curve, no carbon mitigation costs",A,Annual,2036,,63488.68,,,,USD_PPP_PS,"US dollars per person, PPP converted",0,Units,2,Two
DATAFLOW,OECD.ECO.MAD:DSD_EO_LTB@DF_EO_LTB(1.0),OECD Economic Outlook 117 long-term scenarios,I,FRA,France,GDPVD_CAP,"Gross domestic product per capita, volume in USD, at constant purchasing power parities",BAU1,"Business-as-usual energy transition, median climate climate damage curve, no carbon mitigation costs",A,Annual,2037,,64407.77,,,,USD_PPP_PS,"US dollars per person, PPP converted",0,Units,2,Two
DATAFLOW,OECD.ECO.MAD:DSD_EO_LTB@DF_EO_LTB(1.0),OECD Economic Outlook 117 long-term scenarios,I,FRA,France,GDPVD_CAP,"Gross domestic product per capita, volume in USD, at constant purchasing power parities",BAU1,"Business-as-usual energy transition, median climate climate damage curve, no carbon mitigation costs",A,Annual,2038,,65325.63,,,,USD_PPP_PS,"US dollars per person, PPP converted",0,Units,2,Two
DATAFLOW,OECD.ECO.MAD:DSD_EO_LTB@DF_EO_LTB(1.0),OECD Economic Outlook 117 long-term scenarios,I,FRA,France,GDPVD_CAP,"Gross domestic product per capita, volume in USD, at constant purchasing power parities",BAU1,"Business-as-usual energy transition, median climate climate damage curve, no carbon mitigation costs",A,Annual,2039,,66232.03,,,,USD_PPP_PS,"US dollars per person, PPP converted",0,Units,2,Two
DATAFLOW,OECD.ECO.MAD:DSD_EO_LTB@DF_EO_LTB(1.0),OECD Economic Outlook 117 long-term scenarios,I,FRA,France,GDPVD_CAP,"Gross domestic product per capita, volume in USD, at constant purchasing power parities",BAU1,"Business-as-usual energy transition, median climate climate damage curve, no carbon mitigation costs",A,Annual,2040,,67138.55,,,,USD_PPP_PS,"US dollars per person, PPP converted",0,Units,2,Two
DATAFLOW,OECD.ECO.MAD:DSD_EO_LTB@DF_EO_LTB(1.0),OECD Economic Outlook 117 long-term scenarios,I,FRA,France,GDPVD_CAP,"Gross domestic product per capita, volume in USD, at constant purchasing power parities",BAU1,"Business-as-usual energy transition, median climate climate damage curve, no carbon mitigation costs",A,Annual,2041,,68059.48,,,,USD_PPP_PS,"US dollars per person, PPP converted",0,Units,2,Two
DATAFLOW,OECD.ECO.MAD:DSD_EO_LTB@DF_EO_LTB(1.0),OECD Economic Outlook 117 long-term scenarios,I,FRA,France,GDPVD_CAP,"Gross domestic product per capita, volume in USD, at constant purchasing power parities",BAU1,"Business-as-usual energy transition, median climate climate damage curve, no carbon mitigation costs",A,Annual,2042,,69005,,,,USD_PPP_PS,"US dollars per person, PPP converted",0,Units,2,Two
DATAFLOW,OECD.ECO.MAD:DSD_EO_LTB@DF_EO_LTB(1.0),OECD Economic Outlook 117 long-term scenarios,I,FRA,France,GDPVD_CAP,"Gross domestic product per capita, volume in USD, at constant purchasing power parities",BAU1,"Business-as-usual energy transition, median climate climate damage curve, no carbon mitigation costs",A,Annual,2043,,69975.37,,,,USD_PPP_PS,"US dollars per person, PPP converted",0,Units,2,Two
DATAFLOW,OECD.ECO.MAD:DSD_EO_LTB@DF_EO_LTB(1.0),OECD Economic Outlook 117 long-term scenarios,I,FRA,France,GDPVD_CAP,"Gross domestic product per capita, volume in USD, at constant purchasing power parities",BAU1,"Business-as-usual energy transition, median climate climate damage curve, no carbon mitigation costs",A,Annual,2044,,70965.56,,,,USD_PPP_PS,"US dollars per person, PPP converted",0,Units,2,Two
DATAFLOW,OECD.ECO.MAD:DSD_EO_LTB@DF_EO_LTB(1.0),OECD Economic Outlook 117 long-term scenarios,I,FRA,France,GDPVD_CAP,"Gross domestic product per capita, volume in USD, at constant purchasing power parities",BAU1,"Business-as-usual energy transition, median climate climate damage curve, no carbon mitigation costs",A,Annual,2045,,71956.43,,,,USD_PPP_PS,"US dollars per person, PPP converted",0,Units,2,Two
DATAFLOW,OECD.ECO.MAD:DSD_EO_LTB@DF_EO_LTB(1.0),OECD Economic Outlook 117 long-term scenarios,I,FRA,France,GDPVD_CAP,"Gross domestic product per capita, volume in USD, at constant purchasing power parities",BAU1,"Business-as-usual energy transition, median climate climate damage curve, no carbon mitigation costs",A,Annual,2046,,72944.55,,,,USD_PPP_PS,"US dollars per person, PPP converted",0,Units,2,Two
DATAFLOW,OECD.ECO.MAD:DSD_EO_LTB@DF_EO_LTB(1.0),OECD Economic Outlook 117 long-term scenarios,I,FRA,France,GDPVD_CAP,"Gross domestic product per capita, volume in USD, at constant purchasing power parities",BAU1,"Business-as-usual energy transition, median climate climate damage curve, no carbon mitigation costs",A,Annual,2047,,73940.06,,,,USD_PPP_PS,"US dollars per person, PPP converted",0,Units,2,Two
DATAFLOW,OECD.ECO.MAD:DSD_EO_LTB@DF_EO_LTB(1.0),OECD Economic Outlook 117 long-term scenarios,I,FRA,France,GDPVD_CAP,"Gross domestic product per capita, volume in USD, at constant purchasing power parities",BAU1,"Business-as-usual energy transition, median climate climate damage curve, no carbon mitigation costs",A,Annual,2048,,74948.22,,,,USD_PPP_PS,"US dollars per person, PPP converted",0,Units,2,Two
DATAFLOW,OECD.ECO.MAD:DSD_EO_LTB@DF_EO_LTB(1.0),OECD Economic Outlook 117 long-term scenarios,I,FRA,France,GDPVD_CAP,"Gross domestic product per capita, volume in USD, at constant purchasing power parities",BAU1,"Business-as-usual energy transition, median climate climate damage curve, no carbon mitigation costs",A,Annual,2049,,75991.69,,,,USD_PPP_PS,"US dollars per person, PPP converted",0,Units,2,Two
DATAFLOW,OECD.ECO.MAD:DSD_EO_LTB@DF_EO_LTB(1.0),OECD Economic Outlook 117 long-term scenarios,I,FRA,France,GDPVD_CAP,"Gross domestic product per capita, volume in USD, at constant purchasing power parities",BAU1,"Business-as-usual energy transition, median climate climate damage curve, no carbon mitigation costs",A,Annual,2050,,77088.3,,,,USD_PPP_PS,"US dollars per person, PPP converted",0,Units,2,Two
DATAFLOW,OECD.ECO.MAD:DSD_EO_LTB@DF_EO_LTB(1.0),OECD Economic Outlook 117 long-term scenarios,I,FRA,France,GDPVD_CAP,"Gross domestic product per capita, volume in USD, at constant purchasing power parities",BAU1,"Business-as-usual energy transition, median climate climate damage curve, no carbon mitigation costs",A,Annual,2051,,78237.15,,,,USD_PPP_PS,"US dollars per person, PPP converted",0,Units,2,Two
DATAFLOW,OECD.ECO.MAD:DSD_EO_LTB@DF_EO_LTB(1.0),OECD Economic Outlook 117 long-term scenarios,I,FRA,France,GDPVD_CAP,"Gross domestic product per capita, volume in USD, at constant purchasing power parities",BAU1,"Business-as-usual energy transition, median climate climate damage curve, no carbon mitigation costs",A,Annual,2052,,79432.68,,,,USD_PPP_PS,"US dollars per person, PPP converted",0,Units,2,Two
DATAFLOW,OECD.ECO.MAD:DSD_EO_LTB@DF_EO_LTB(1.0),OECD Economic Outlook 117 long-term scenarios,I,FRA,France,GDPVD_CAP,"Gross domestic product per capita, volume in USD, at constant purchasing power parities",BAU1,"Business-as-usual energy transition, median climate climate damage curve, no carbon mitigation costs",A,Annual,2053,,80650.85,,,,USD_PPP_PS,"US dollars per person, PPP converted",0,Units,2,Two
DATAFLOW,OECD.ECO.MAD:DSD_EO_LTB@DF_EO_LTB(1.0),OECD Economic Outlook 117 long-term scenarios,I,FRA,France,GDPVD_CAP,"Gross domestic product per capita, volume in USD, at constant purchasing power parities",BAU1,"Business-as-usual energy transition, median climate climate damage curve, no carbon mitigation costs",A,Annual,2054,,81897.1,,,,USD_PPP_PS,"US dollars per person, PPP converted",0,Units,2,Two
DATAFLOW,OECD.ECO.MAD:DSD_EO_LTB@DF_EO_LTB(1.0),OECD Economic Outlook 117 long-term scenarios,I,FRA,France,GDPVD_CAP,"Gross domestic product per capita, volume in USD, at constant purchasing power parities",BAU1,"Business-as-usual energy transition, median climate climate damage curve, no carbon mitigation costs",A,Annual,2055,,83163.14,,,,USD_PPP_PS,"US dollars per person, PPP converted",0,Units,2,Two
DATAFLOW,OECD.ECO.MAD:DSD_EO_LTB@DF_EO_LTB(1.0),OECD Economic Outlook 117 long-term scenarios,I,FRA,France,GDPVD_CAP,"Gross domestic product per capita, volume in USD, at constant purchasing power parities",BAU1,"Business-as-usual energy transition, median climate climate damage curve, no carbon mitigation costs",A,Annual,2056,,84452.76,,,,USD_PPP_PS,"US dollars per person, PPP converted",0,Units,2,Two
DATAFLOW,OECD.ECO.MAD:DSD_EO_LTB@DF_EO_LTB(1.0),OECD Economic Outlook 117 long-term scenarios,I,FRA,France,GDPVD_CAP,"Gross domestic product per capita, volume in USD, at constant purchasing power parities",BAU1,"Business-as-usual energy transition, median climate climate damage curve, no carbon mitigation costs",A,Annual,2057,,85768.27,,,,USD_PPP_PS,"US dollars per person, PPP converted",0,Units,2,Two
DATAFLOW,OECD.ECO.MAD:DSD_EO_LTB@DF_EO_LTB(1.0),OECD Economic Outlook 117 long-term scenarios,I,FRA,France,GDPVD_CAP,"Gross domestic product per capita, volume in USD, at constant purchasing power parities",BAU1,"Business-as-usual energy transition, median climate climate damage curve, no carbon mitigation costs",A,Annual,2058,,87124.54,,,,USD_PPP_PS,"US dollars per person, PPP converted",0,Units,2,Two
DATAFLOW,OECD.ECO.MAD:DSD_EO_LTB@DF_EO_LTB(1.0),OECD Economic Outlook 117 long-term scenarios,I,FRA,France,GDPVD_CAP,"Gross domestic product per capita, volume in USD, at constant purchasing power parities",BAU1,"Business-as-usual energy transition, median climate climate damage curve, no carbon mitigation costs",A,Annual,2059,,88514.16,,,,USD_PPP_PS,"US dollars per person, PPP converted",0,Units,2,Two
DATAFLOW,OECD.ECO.MAD:DSD_EO_LTB@DF_EO_LTB(1.0),OECD Economic Outlook 117 long-term scenarios,I,FRA,France,GDPVD_CAP,"Gross domestic product per capita, volume in USD, at constant purchasing power parities",BAU1,"Business-as-usual energy transition, median climate climate damage curve, no carbon mitigation costs",A,Annual,2060,,89915.06,,,,USD_PPP_PS,"US dollars per person, PPP converted",0,Units,2,Two
DATAFLOW,OECD.ECO.MAD:DSD_EO_LTB@DF_EO_LTB(1.0),OECD Economic Outlook 117 long-term scenarios,I,FIN,Finland,GDPVD_CAP,"Gross domestic product per capita, volume in USD, at constant purchasing power parities",BAU1,"Business-as-usual energy transition, median climate climate damage curve, no carbon mitigation costs",A,Annual,1990,,38802.53778,,,,USD_PPP_PS,"US dollars per person, PPP converted",0,Units,2,Two
DATAFLOW,OECD.ECO.MAD:DSD_EO_LTB@DF_EO_LTB(1.0),OECD Economic Outlook 117 long-term scenarios,I,FIN,Finland,GDPVD_CAP,"Gross domestic product per capita, volume in USD, at constant purchasing power parities",BAU1,"Business-as-usual energy transition, median climate climate damage curve, no carbon mitigation costs",A,Annual,1991,,36322.00421,,,,USD_PPP_PS,"US dollars per person, PPP converted",0,Units,2,Two
DATAFLOW,OECD.ECO.MAD:DSD_EO_LTB@DF_EO_LTB(1.0),OECD Economic Outlook 117 long-term scenarios,I,FIN,Finland,GDPVD_CAP,"Gross domestic product per capita, volume in USD, at constant purchasing power parities",BAU1,"Business-as-usual energy transition, median climate climate damage curve, no carbon mitigation costs",A,Annual,1992,,34921.66351,,,,USD_PPP_PS,"US dollars per person, PPP converted",0,Units,2,Two
DATAFLOW,OECD.ECO.MAD:DSD_EO_LTB@DF_EO_LTB(1.0),OECD Economic Outlook 117 long-term scenarios,I,FIN,Finland,GDPVD_CAP,"Gross domestic product per capita, volume in USD, at constant purchasing power parities",BAU1,"Business-as-usual energy transition, median climate climate damage curve, no carbon mitigation costs",A,Annual,1993,,34481.66648,,,,USD_PPP_PS,"US dollars per person, PPP converted",0,Units,2,Two
DATAFLOW,OECD.ECO.MAD:DSD_EO_LTB@DF_EO_LTB(1.0),OECD Economic Outlook 117 long-term scenarios,I,FIN,Finland,GDPVD_CAP,"Gross domestic product per capita, volume in USD, at constant purchasing power parities",BAU1,"Business-as-usual energy transition, median climate climate damage curve, no carbon mitigation costs",A,Annual,1994,,35694.85382,,,,USD_PPP_PS,"US dollars per person, PPP converted",0,Units,2,Two
DATAFLOW,OECD.ECO.MAD:DSD_EO_LTB@DF_EO_LTB(1.0),OECD Economic Outlook 117 long-term scenarios,I,FIN,Finland,GDPVD_CAP,"Gross domestic product per capita, volume in USD, at constant purchasing power parities",BAU1,"Business-as-usual energy transition, median climate climate damage curve, no carbon mitigation costs",A,Annual,1995,,37063.65577,,,,USD_PPP_PS,"US dollars per person, PPP converted",0,Units,2,Two
DATAFLOW,OECD.ECO.MAD:DSD_EO_LTB@DF_EO_LTB(1.0),OECD Economic Outlook 117 long-term scenarios,I,FIN,Finland,GDPVD_CAP,"Gross domestic product per capita, volume in USD, at constant purchasing power parities",BAU1,"Business-as-usual energy transition, median climate climate damage curve, no carbon mitigation costs",A,Annual,1996,,38294.10111,,,,USD_PPP_PS,"US dollars per person, PPP converted",0,Units,2,Two
DATAFLOW,OECD.ECO.MAD:DSD_EO_LTB@DF_EO_LTB(1.0),OECD Economic Outlook 117 long-term scenarios,I,FIN,Finland,GDPVD_CAP,"Gross domestic product per capita, volume in USD, at constant purchasing power parities",BAU1,"Business-as-usual energy transition, median climate climate damage curve, no carbon mitigation costs",A,Annual,1997,,40623.28247,,,,USD_PPP_PS,"US dollars per person, PPP converted",0,Units,2,Two
DATAFLOW,OECD.ECO.MAD:DSD_EO_LTB@DF_EO_LTB(1.0),OECD Economic Outlook 117 long-term scenarios,I,FIN,Finland,GDPVD_CAP,"Gross domestic product per capita, volume in USD, at constant purchasing power parities",BAU1,"Business-as-usual energy transition, median climate climate damage curve, no carbon mitigation costs",A,Annual,1998,,42725.11788,,,,USD_PPP_PS,"US dollars per person, PPP converted",0,Units,2,Two
DATAFLOW,OECD.ECO.MAD:DSD_EO_LTB@DF_EO_LTB(1.0),OECD Economic Outlook 117 long-term scenarios,I,FIN,Finland,GDPVD_CAP,"Gross domestic product per capita, volume in USD, at constant purchasing power parities",BAU1,"Business-as-usual energy transition, median climate climate damage curve, no carbon mitigation costs",A,Annual,1999,,44497.10977,,,,USD_PPP_PS,"US dollars per person, PPP converted",0,Units,2,Two
DATAFLOW,OECD.ECO.MAD:DSD_EO_LTB@DF_EO_LTB(1.0),OECD Economic Outlook 117 long-term scenarios,I,FIN,Finland,GDPVD_CAP,"Gross domestic product per capita, volume in USD, at constant purchasing power parities",BAU1,"Business-as-usual energy transition, median climate climate damage curve, no carbon mitigation costs",A,Annual,2000,,46959.55048,,,,USD_PPP_PS,"US dollars per person, PPP converted",0,Units,2,Two
DATAFLOW,OECD.ECO.MAD:DSD_EO_LTB@DF_EO_LTB(1.0),OECD Economic Outlook 117 long-term scenarios,I,FIN,Finland,GDPVD_CAP,"Gross domestic product per capita, volume in USD, at constant purchasing power parities",BAU1,"Business-as-usual energy transition, median climate climate damage curve, no carbon mitigation costs",A,Annual,2001,,48090.32152,,,,USD_PPP_PS,"US dollars per person, PPP converted",0,Units,2,Two
DATAFLOW,OECD.ECO.MAD:DSD_EO_LTB@DF_EO_LTB(1.0),OECD Economic Outlook 117 long-term scenarios,I,FIN,Finland,GDPVD_CAP,"Gross domestic product per capita, volume in USD, at constant purchasing power parities",BAU1,"Business-as-usual energy transition, median climate climate damage curve, no carbon mitigation costs",A,Annual,2002,,48783.2831,,,,USD_PPP_PS,"US dollars per person, PPP converted",0,Units,2,Two
DATAFLOW,OECD.ECO.MAD:DSD_EO_LTB@DF_EO_LTB(1.0),OECD Economic Outlook 117 long-term scenarios,I,FIN,Finland,GDPVD_CAP,"Gross domestic product per capita, volume in USD, at constant purchasing power parities",BAU1,"Business-as-usual energy transition, median climate climate damage curve, no carbon mitigation costs",A,Annual,2003,,49646.06738,,,,USD_PPP_PS,"US dollars per person, PPP converted",0,Units,2,Two
DATAFLOW,OECD.ECO.MAD:DSD_EO_LTB@DF_EO_LTB(1.0),OECD Economic Outlook 117 long-term scenarios,I,FIN,Finland,GDPVD_CAP,"Gross domestic product per capita, volume in USD, at constant purchasing power parities",BAU1,"Business-as-usual energy transition, median climate climate damage curve, no carbon mitigation costs",A,Annual,2004,,51484.7367,,,,USD_PPP_PS,"US dollars per person, PPP converted",0,Units,2,Two
DATAFLOW,OECD.ECO.MAD:DSD_EO_LTB@DF_EO_LTB(1.0),OECD Economic Outlook 117 long-term scenarios,I,FIN,Finland,GDPVD_CAP,"Gross domestic product per capita, volume in USD, at constant purchasing power parities",BAU1,"Business-as-usual energy transition, median climate climate damage curve, no carbon mitigation costs",A,Annual,2005,,52733.81703,,,,USD_PPP_PS,"US dollars per person, PPP converted",0,Units,2,Two
DATAFLOW,OECD.ECO.MAD:DSD_EO_LTB@DF_EO_LTB(1.0),OECD Economic Outlook 117 long-term scenarios,I,FIN,Finland,GDPVD_CAP,"Gross domestic product per capita, volume in USD, at constant purchasing power parities",BAU1,"Business-as-usual energy transition, median climate climate damage curve, no carbon mitigation costs",A,Annual,2006,,54643.36106,,,,USD_PPP_PS,"US dollars per person, PPP converted",0,Units,2,Two
DATAFLOW,OECD.ECO.MAD:DSD_EO_LTB@DF_EO_LTB(1.0),OECD Economic Outlook 117 long-term scenarios,I,FIN,Finland,GDPVD_CAP,"Gross domestic product per capita, volume in USD, at constant purchasing power parities",BAU1,"Business-as-usual energy transition, median climate climate damage curve, no carbon mitigation costs",A,Annual,2007,,57302.1994,,,,USD_PPP_PS,"US dollars per person, PPP converted",0,Units,2,Two
DATAFLOW,OECD.ECO.MAD:DSD_EO_LTB@DF_EO_LTB(1.0),OECD Economic Outlook 117 long-term scenarios,I,FIN,Finland,GDPVD_CAP,"Gross domestic product per capita, volume in USD, at constant purchasing power parities",BAU1,"Business-as-usual energy transition, median climate climate damage curve, no carbon mitigation costs",A,Annual,2008,,57483.75171,,,,USD_PPP_PS,"US dollars per person, PPP converted",0,Units,2,Two
DATAFLOW,OECD.ECO.MAD:DSD_EO_LTB@DF_EO_LTB(1.0),OECD Economic Outlook 117 long-term scenarios,I,FIN,Finland,GDPVD_CAP,"Gross domestic product per capita, volume in USD, at constant purchasing power parities",BAU1,"Business-as-usual energy transition, median climate climate damage curve, no carbon mitigation costs",A,Annual,2009,,52589.21958,,,,USD_PPP_PS,"US dollars per person, PPP converted",0,Units,2,Two
DATAFLOW,OECD.ECO.MAD:DSD_EO_LTB@DF_EO_LTB(1.0),OECD Economic Outlook 117 long-term scenarios,I,FIN,Finland,GDPVD_CAP,"Gross domestic product per capita, volume in USD, at constant purchasing power parities",BAU1,"Business-as-usual energy transition, median climate climate damage curve, no carbon mitigation costs",A,Annual,2010,,54006.78119,,,,USD_PPP_PS,"US dollars per person, PPP converted",0,Units,2,Two
DATAFLOW,OECD.ECO.MAD:DSD_EO_LTB@DF_EO_LTB(1.0),OECD Economic Outlook 117 long-term scenarios,I,FIN,Finland,GDPVD_CAP,"Gross domestic product per capita, volume in USD, at constant purchasing power parities",BAU1,"Business-as-usual energy transition, median climate climate damage curve, no carbon mitigation costs",A,Annual,2011,,55042.4862,,,,USD_PPP_PS,"US dollars per person, PPP converted",0,Units,2,Two
DATAFLOW,OECD.ECO.MAD:DSD_EO_LTB@DF_EO_LTB(1.0),OECD Economic Outlook 117 long-term scenarios,I,FIN,Finland,GDPVD_CAP,"Gross domestic product per capita, volume in USD, at constant purchasing power parities",BAU1,"Business-as-usual energy transition, median climate climate damage curve, no carbon mitigation costs",A,Annual,2012,,53946.71395,,,,USD_PPP_PS,"US dollars per person, PPP converted",0,Units,2,Two
DATAFLOW,OECD.ECO.MAD:DSD_EO_LTB@DF_EO_LTB(1.0),OECD Economic Outlook 117 long-term scenarios,I,FIN,Finland,GDPVD_CAP,"Gross domestic product per capita, volume in USD, at constant purchasing power parities",BAU1,"Business-as-usual energy transition, median climate climate damage curve, no carbon mitigation costs",A,Annual,2013,,53173.39664,,,,USD_PPP_PS,"US dollars per person, PPP converted",0,Units,2,Two
DATAFLOW,OECD.ECO.MAD:DSD_EO_LTB@DF_EO_LTB(1.0),OECD Economic Outlook 117 long-term scenarios,I,FIN,Finland,GDPVD_CAP,"Gross domestic product per capita, volume in USD, at constant purchasing power parities",BAU1,"Business-as-usual energy transition, median climate climate damage curve, no carbon mitigation costs",A,Annual,2014,,52691.27932,,,,USD_PPP_PS,"US dollars per person, PPP converted",0,Units,2,Two
DATAFLOW,OECD.ECO.MAD:DSD_EO_LTB@DF_EO_LTB(1.0),OECD Economic Outlook 117 long-term scenarios,I,FIN,Finland,GDPVD_CAP,"Gross domestic product per capita, volume in USD, at constant purchasing power parities",BAU1,"Business-as-usual energy transition, median climate climate damage curve, no carbon mitigation costs",A,Annual,2015,,52763.22092,,,,USD_PPP_PS,"US dollars per person, PPP converted",0,Units,2,Two
DATAFLOW,OECD.ECO.MAD:DSD_EO_LTB@DF_EO_LTB(1.0),OECD Economic Outlook 117 long-term scenarios,I,FIN,Finland,GDPVD_CAP,"Gross domestic product per capita, volume in USD, at constant purchasing power parities",BAU1,"Business-as-usual energy transition, median climate climate damage curve, no carbon mitigation costs",A,Annual,2016,,53974.49901,,,,USD_PPP_PS,"US dollars per person, PPP converted",0,Units,2,Two
DATAFLOW,OECD.ECO.MAD:DSD_EO_LTB@DF_EO_LTB(1.0),OECD Economic Outlook 117 long-term scenarios,I,FIN,Finland,GDPVD_CAP,"Gross domestic product per capita, volume in USD, at constant purchasing power parities",BAU1,"Business-as-usual energy transition, median climate climate damage curve, no carbon mitigation costs",A,Annual,2017,,55627.39409,,,,USD_PPP_PS,"US dollars per person, PPP converted",0,Units,2,Two
DATAFLOW,OECD.ECO.MAD:DSD_EO_LTB@DF_EO_LTB(1.0),OECD Economic Outlook 117 long-term scenarios,I,FIN,Finland,GDPVD_CAP,"Gross domestic product per capita, volume in USD, at constant purchasing power parities",BAU1,"Business-as-usual energy transition, median climate climate damage curve, no carbon mitigation costs",A,Annual,2018,,56209.37318,,,,USD_PPP_PS,"US dollars per person, PPP converted",0,Units,2,Two
DATAFLOW,OECD.ECO.MAD:DSD_EO_LTB@DF_EO_LTB(1.0),OECD Economic Outlook 117 long-term scenarios,I,FIN,Finland,GDPVD_CAP,"Gross domestic product per capita, volume in USD, at constant purchasing power parities",BAU1,"Business-as-usual energy transition, median climate climate damage curve, no carbon mitigation costs",A,Annual,2019,,56912.3325,,,,USD_PPP_PS,"US dollars per person, PPP converted",0,Units,2,Two
DATAFLOW,OECD.ECO.MAD:DSD_EO_LTB@DF_EO_LTB(1.0),OECD Economic Outlook 117 long-term scenarios,I,FIN,Finland,GDPVD_CAP,"Gross domestic product per capita, volume in USD, at constant purchasing power parities",BAU1,"Business-as-usual energy transition, median climate climate damage curve, no carbon mitigation costs",A,Annual,2020,,55403.82686,,,,USD_PPP_PS,"US dollars per person, PPP converted",0,Units,2,Two
DATAFLOW,OECD.ECO.MAD:DSD_EO_LTB@DF_EO_LTB(1.0),OECD Economic Outlook 117 long-term scenarios,I,FIN,Finland,GDPVD_CAP,"Gross domestic product per capita, volume in USD, at constant purchasing power parities",BAU1,"Business-as-usual energy transition, median climate climate damage curve, no carbon mitigation costs",A,Annual,2021,,56775.97888,,,,USD_PPP_PS,"US dollars per person, PPP converted",0,Units,2,Two
DATAFLOW,OECD.ECO.MAD:DSD_EO_LTB@DF_EO_LTB(1.0),OECD Economic Outlook 117 long-term scenarios,I,FIN,Finland,GDPVD_CAP,"Gross domestic product per capita, volume in USD, at constant purchasing power parities",BAU1,"Business-as-usual energy transition, median climate climate damage curve, no carbon mitigation costs",A,Annual,2022,,57050.64827,,,,USD_PPP_PS,"US dollars per person, PPP converted",0,Units,2,Two
DATAFLOW,OECD.ECO.MAD:DSD_EO_LTB@DF_EO_LTB(1.0),OECD Economic Outlook 117 long-term scenarios,I,FIN,Finland,GDPVD_CAP,"Gross domestic product per capita, volume in USD, at constant purchasing power parities",BAU1,"Business-as-usual energy transition, median climate climate damage curve, no carbon mitigation costs",A,Annual,2023,,56301.99786,,,,USD_PPP_PS,"US dollars per person, PPP converted",0,Units,2,Two
DATAFLOW,OECD.ECO.MAD:DSD_EO_LTB@DF_EO_LTB(1.0),OECD Economic Outlook 117 long-term scenarios,I,FIN,Finland,GDPVD_CAP,"Gross domestic product per capita, volume in USD, at constant purchasing power parities",BAU1,"Business-as-usual energy transition, median climate climate damage curve, no carbon mitigation costs",A,Annual,2024,,55839.0089,,,,USD_PPP_PS,"US dollars per person, PPP converted",0,Units,2,Two
DATAFLOW,OECD.ECO.MAD:DSD_EO_LTB@DF_EO_LTB(1.0),OECD Economic Outlook 117 long-term scenarios,I,FIN,Finland,GDPVD_CAP,"Gross domestic product per capita, volume in USD, at constant purchasing power parities",BAU1,"Business-as-usual energy transition, median climate climate damage curve, no carbon mitigation costs",A,Annual,2025,,56146.12949,,,,USD_PPP_PS,"US dollars per person, PPP converted",0,Units,2,Two
DATAFLOW,OECD.ECO.MAD:DSD_EO_LTB@DF_EO_LTB(1.0),OECD Economic Outlook 117 long-term scenarios,I,FIN,Finland,GDPVD_CAP,"Gross domestic product per capita, volume in USD, at constant purchasing power parities",BAU1,"Business-as-usual energy transition, median climate climate damage curve, no carbon mitigation costs",A,Annual,2026,,56720.47267,,,,USD_PPP_PS,"US dollars per person, PPP converted",0,Units,2,Two
DATAFLOW,OECD.ECO.MAD:DSD_EO_LTB@DF_EO_LTB(1.0),OECD Economic Outlook 117 long-term scenarios,I,FIN,Finland,GDPVD_CAP,"Gross domestic product per capita, volume in USD, at constant purchasing power parities",BAU1,"Business-as-usual energy transition, median climate climate damage curve, no carbon mitigation costs",A,Annual,2027,,57718.63,,,,USD_PPP_PS,"US dollars per person, PPP converted",0,Units,2,Two
DATAFLOW,OECD.ECO.MAD:DSD_EO_LTB@DF_EO_LTB(1.0),OECD Economic Outlook 117 long-term scenarios,I,FIN,Finland,GDPVD_CAP,"Gross domestic product per capita, volume in USD, at constant purchasing power parities",BAU1,"Business-as-usual energy transition, median climate climate damage curve, no carbon mitigation costs",A,Annual,2028,,58608.76,,,,USD_PPP_PS,"US dollars per person, PPP converted",0,Units,2,Two
DATAFLOW,OECD.ECO.MAD:DSD_EO_LTB@DF_EO_LTB(1.0),OECD Economic Outlook 117 long-term scenarios,I,FIN,Finland,GDPVD_CAP,"Gross domestic product per capita, volume in USD, at constant purchasing power parities",BAU1,"Business-as-usual energy transition, median climate climate damage curve, no carbon mitigation costs",A,Annual,2029,,59478.06,,,,USD_PPP_PS,"US dollars per person, PPP converted",0,Units,2,Two
DATAFLOW,OECD.ECO.MAD:DSD_EO_LTB@DF_EO_LTB(1.0),OECD Economic Outlook 117 long-term scenarios,I,FIN,Finland,GDPVD_CAP,"Gross domestic product per capita, volume in USD, at constant purchasing power parities",BAU1,"Business-as-usual energy transition, median climate climate damage curve, no carbon mitigation costs",A,Annual,2030,,60366.33,,,,USD_PPP_PS,"US dollars per person, PPP converted",0,Units,2,Two
DATAFLOW,OECD.ECO.MAD:DSD_EO_LTB@DF_EO_LTB(1.0),OECD Economic Outlook 117 long-term scenarios,I,FIN,Finland,GDPVD_CAP,"Gross domestic product per capita, volume in USD, at constant purchasing power parities",BAU1,"Business-as-usual energy transition, median climate climate damage curve, no carbon mitigation costs",A,Annual,2031,,61283.74,,,,USD_PPP_PS,"US dollars per person, PPP converted",0,Units,2,Two
DATAFLOW,OECD.ECO.MAD:DSD_EO_LTB@DF_EO_LTB(1.0),OECD Economic Outlook 117 long-term scenarios,I,FIN,Finland,GDPVD_CAP,"Gross domestic product per capita, volume in USD, at constant purchasing power parities",BAU1,"Business-as-usual energy transition, median climate climate damage curve, no carbon mitigation costs",A,Annual,2032,,62235.66,,,,USD_PPP_PS,"US dollars per person, PPP converted",0,Units,2,Two
DATAFLOW,OECD.ECO.MAD:DSD_EO_LTB@DF_EO_LTB(1.0),OECD Economic Outlook 117 long-term scenarios,I,FIN,Finland,GDPVD_CAP,"Gross domestic product per capita, volume in USD, at constant purchasing power parities",BAU1,"Business-as-usual energy transition, median climate climate damage curve, no carbon mitigation costs",A,Annual,2033,,63220.83,,,,USD_PPP_PS,"US dollars per person, PPP converted",0,Units,2,Two
DATAFLOW,OECD.ECO.MAD:DSD_EO_LTB@DF_EO_LTB(1.0),OECD Economic Outlook 117 long-term scenarios,I,FIN,Finland,GDPVD_CAP,"Gross domestic product per capita, volume in USD, at constant purchasing power parities",BAU1,"Business-as-usual energy transition, median climate climate damage curve, no carbon mitigation costs",A,Annual,2034,,64237.66,,,,USD_PPP_PS,"US dollars per person, PPP converted",0,Units,2,Two
DATAFLOW,OECD.ECO.MAD:DSD_EO_LTB@DF_EO_LTB(1.0),OECD Economic Outlook 117 long-term scenarios,I,FIN,Finland,GDPVD_CAP,"Gross domestic product per capita, volume in USD, at constant purchasing power parities",BAU1,"Business-as-usual energy transition, median climate climate damage curve, no carbon mitigation costs",A,Annual,2035,,65277.74,,,,USD_PPP_PS,"US dollars per person, PPP converted",0,Units,2,Two
DATAFLOW,OECD.ECO.MAD:DSD_EO_LTB@DF_EO_LTB(1.0),OECD Economic Outlook 117 long-term scenarios,I,FIN,Finland,GDPVD_CAP,"Gross domestic product per capita, volume in USD, at constant purchasing power parities",BAU1,"Business-as-usual energy transition, median climate climate damage curve, no carbon mitigation costs",A,Annual,2036,,66348.1,,,,USD_PPP_PS,"US dollars per person, PPP converted",0,Units,2,Two
DATAFLOW,OECD.ECO.MAD:DSD_EO_LTB@DF_EO_LTB(1.0),OECD Economic Outlook 117 long-term scenarios,I,FIN,Finland,GDPVD_CAP,"Gross domestic product per capita, volume in USD, at constant purchasing power parities",BAU1,"Business-as-usual energy transition, median climate climate damage curve, no carbon mitigation costs",A,Annual,2037,,67456.3,,,,USD_PPP_PS,"US dollars per person, PPP converted",0,Units,2,Two
DATAFLOW,OECD.ECO.MAD:DSD_EO_LTB@DF_EO_LTB(1.0),OECD Economic Outlook 117 long-term scenarios,I,FIN,Finland,GDPVD_CAP,"Gross domestic product per capita, volume in USD, at constant purchasing power parities",BAU1,"Business-as-usual energy transition, median climate climate damage curve, no carbon mitigation costs",A,Annual,2038,,68575.26,,,,USD_PPP_PS,"US dollars per person, PPP converted",0,Units,2,Two
DATAFLOW,OECD.ECO.MAD:DSD_EO_LTB@DF_EO_LTB(1.0),OECD Economic Outlook 117 long-term scenarios,I,FIN,Finland,GDPVD_CAP,"Gross domestic product per capita, volume in USD, at constant purchasing power parities",BAU1,"Business-as-usual energy transition, median climate climate damage curve, no carbon mitigation costs",A,Annual,2039,,69691.73,,,,USD_PPP_PS,"US dollars per person, PPP converted",0,Units,2,Two
DATAFLOW,OECD.ECO.MAD:DSD_EO_LTB@DF_EO_LTB(1.0),OECD Economic Outlook 117 long-term scenarios,I,FIN,Finland,GDPVD_CAP,"Gross domestic product per capita, volume in USD, at constant purchasing power parities",BAU1,"Business-as-usual energy transition, median climate climate damage curve, no carbon mitigation costs",A,Annual,2040,,70810.76,,,,USD_PPP_PS,"US dollars per person, PPP converted",0,Units,2,Two
DATAFLOW,OECD.ECO.MAD:DSD_EO_LTB@DF_EO_LTB(1.0),OECD Economic Outlook 117 long-term scenarios,I,FIN,Finland,GDPVD_CAP,"Gross domestic product per capita, volume in USD, at constant purchasing power parities",BAU1,"Business-as-usual energy transition, median climate climate damage curve, no carbon mitigation costs",A,Annual,2041,,71927.17,,,,USD_PPP_PS,"US dollars per person, PPP converted",0,Units,2,Two
DATAFLOW,OECD.ECO.MAD:DSD_EO_LTB@DF_EO_LTB(1.0),OECD Economic Outlook 117 long-term scenarios,I,FIN,Finland,GDPVD_CAP,"Gross domestic product per capita, volume in USD, at constant purchasing power parities",BAU1,"Business-as-usual energy transition, median climate climate damage curve, no carbon mitigation costs",A,Annual,2042,,73041.15,,,,USD_PPP_PS,"US dollars per person, PPP converted",0,Units,2,Two
DATAFLOW,OECD.ECO.MAD:DSD_EO_LTB@DF_EO_LTB(1.0),OECD Economic Outlook 117 long-term scenarios,I,FIN,Finland,GDPVD_CAP,"Gross domestic product per capita, volume in USD, at constant purchasing power parities",BAU1,"Business-as-usual energy transition, median climate climate damage curve, no carbon mitigation costs",A,Annual,2043,,74148.59,,,,USD_PPP_PS,"US dollars per person, PPP converted",0,Units,2,Two
DATAFLOW,OECD.ECO.MAD:DSD_EO_LTB@DF_EO_LTB(1.0),OECD Economic Outlook 117 long-term scenarios,I,FIN,Finland,GDPVD_CAP,"Gross domestic product per capita, volume in USD, at constant purchasing power parities",BAU1,"Business-as-usual energy transition, median climate climate damage curve, no carbon mitigation costs",A,Annual,2044,,75265.96,,,,USD_PPP_PS,"US dollars per person, PPP converted",0,Units,2,Two
DATAFLOW,OECD.ECO.MAD:DSD_EO_LTB@DF_EO_LTB(1.0),OECD Economic Outlook 117 long-term scenarios,I,FIN,Finland,GDPVD_CAP,"Gross domestic product per capita, volume in USD, at constant purchasing power parities",BAU1,"Business-as-usual energy transition, median climate climate damage curve, no carbon mitigation costs",A,Annual,2045,,76399.65,,,,USD_PPP_PS,"US dollars per person, PPP converted",0,Units,2,Two
DATAFLOW,OECD.ECO.MAD:DSD_EO_LTB@DF_EO_LTB(1.0),OECD Economic Outlook 117 long-term scenarios,I,FIN,Finland,GDPVD_CAP,"Gross domestic product per capita, volume in USD, at constant purchasing power parities",BAU1,"Business-as-usual energy transition, median climate climate damage curve, no carbon mitigation costs",A,Annual,2046,,77555.65,,,,USD_PPP_PS,"US dollars per person, PPP converted",0,Units,2,Two
DATAFLOW,OECD.ECO.MAD:DSD_EO_LTB@DF_EO_LTB(1.0),OECD Economic Outlook 117 long-term scenarios,I,FIN,Finland,GDPVD_CAP,"Gross domestic product per capita, volume in USD, at constant purchasing power parities",BAU1,"Business-as-usual energy transition, median climate climate damage curve, no carbon mitigation costs",A,Annual,2047,,78729.11,,,,USD_PPP_PS,"US dollars per person, PPP converted",0,Units,2,Two
DATAFLOW,OECD.ECO.MAD:DSD_EO_LTB@DF_EO_LTB(1.0),OECD Economic Outlook 117 long-term scenarios,I,FIN,Finland,GDPVD_CAP,"Gross domestic product per capita, volume in USD, at constant purchasing power parities",BAU1,"Business-as-usual energy transition, median climate climate damage curve, no carbon mitigation costs",A,Annual,2048,,79922.13,,,,USD_PPP_PS,"US dollars per person, PPP converted",0,Units,2,Two
DATAFLOW,OECD.ECO.MAD:DSD_EO_LTB@DF_EO_LTB(1.0),OECD Economic Outlook 117 long-term scenarios,I,FIN,Finland,GDPVD_CAP,"Gross domestic product per capita, volume in USD, at constant purchasing power parities",BAU1,"Business-as-usual energy transition, median climate climate damage curve, no carbon mitigation costs",A,Annual,2049,,81121.74,,,,USD_PPP_PS,"US dollars per person, PPP converted",0,Units,2,Two
DATAFLOW,OECD.ECO.MAD:DSD_EO_LTB@DF_EO_LTB(1.0),OECD Economic Outlook 117 long-term scenarios,I,FIN,Finland,GDPVD_CAP,"Gross domestic product per capita, volume in USD, at constant purchasing power parities",BAU1,"Business-as-usual energy transition, median climate climate damage curve, no carbon mitigation costs",A,Annual,2050,,82308.14,,,,USD_PPP_PS,"US dollars per person, PPP converted",0,Units,2,Two
DATAFLOW,OECD.ECO.MAD:DSD_EO_LTB@DF_EO_LTB(1.0),OECD Economic Outlook 117 long-term scenarios,I,FIN,Finland,GDPVD_CAP,"Gross domestic product per capita, volume in USD, at constant purchasing power parities",BAU1,"Business-as-usual energy transition, median climate climate damage curve, no carbon mitigation costs",A,Annual,2051,,83485.1,,,,USD_PPP_PS,"US dollars per person, PPP converted",0,Units,2,Two
DATAFLOW,OECD.ECO.MAD:DSD_EO_LTB@DF_EO_LTB(1.0),OECD Economic Outlook 117 long-term scenarios,I,FIN,Finland,GDPVD_CAP,"Gross domestic product per capita, volume in USD, at constant purchasing power parities",BAU1,"Business-as-usual energy transition, median climate climate damage curve, no carbon mitigation costs",A,Annual,2052,,84674.79,,,,USD_PPP_PS,"US dollars per person, PPP converted",0,Units,2,Two
DATAFLOW,OECD.ECO.MAD:DSD_EO_LTB@DF_EO_LTB(1.0),OECD Economic Outlook 117 long-term scenarios,I,FIN,Finland,GDPVD_CAP,"Gross domestic product per capita, volume in USD, at constant purchasing power parities",BAU1,"Business-as-usual energy transition, median climate climate damage curve, no carbon mitigation costs",A,Annual,2053,,85885.6,,,,USD_PPP_PS,"US dollars per person, PPP converted",0,Units,2,Two
DATAFLOW,OECD.ECO.MAD:DSD_EO_LTB@DF_EO_LTB(1.0),OECD Economic Outlook 117 long-term scenarios,I,FIN,Finland,GDPVD_CAP,"Gross domestic product per capita, volume in USD, at constant purchasing power parities",BAU1,"Business-as-usual energy transition, median climate climate damage curve, no carbon mitigation costs",A,Annual,2054,,87121.72,,,,USD_PPP_PS,"US dollars per person, PPP converted",0,Units,2,Two
DATAFLOW,OECD.ECO.MAD:DSD_EO_LTB@DF_EO_LTB(1.0),OECD Economic Outlook 117 long-term scenarios,I,FIN,Finland,GDPVD_CAP,"Gross domestic product per capita, volume in USD, at constant purchasing power parities",BAU1,"Business-as-usual energy transition, median climate climate damage curve, no carbon mitigation costs",A,Annual,2055,,88385.8,,,,USD_PPP_PS,"US dollars per person, PPP converted",0,Units,2,Two
DATAFLOW,OECD.ECO.MAD:DSD_EO_LTB@DF_EO_LTB(1.0),OECD Economic Outlook 117 long-term scenarios,I,FIN,Finland,GDPVD_CAP,"Gross domestic product per capita, volume in USD, at constant purchasing power parities",BAU1,"Business-as-usual energy transition, median climate climate damage curve, no carbon mitigation costs",A,Annual,2056,,89671.25,,,,USD_PPP_PS,"US dollars per person, PPP converted",0,Units,2,Two
DATAFLOW,OECD.ECO.MAD:DSD_EO_LTB@DF_EO_LTB(1.0),OECD Economic Outlook 117 long-term scenarios,I,FIN,Finland,GDPVD_CAP,"Gross domestic product per capita, volume in USD, at constant purchasing power parities",BAU1,"Business-as-usual energy transition, median climate climate damage curve, no carbon mitigation costs",A,Annual,2057,,90970.26,,,,USD_PPP_PS,"US dollars per person, PPP converted",0,Units,2,Two
DATAFLOW,OECD.ECO.MAD:DSD_EO_LTB@DF_EO_LTB(1.0),OECD Economic Outlook 117 long-term scenarios,I,FIN,Finland,GDPVD_CAP,"Gross domestic product per capita, volume in USD, at constant purchasing power parities",BAU1,"Business-as-usual energy transition, median climate climate damage curve, no carbon mitigation costs",A,Annual,2058,,92279.44,,,,USD_PPP_PS,"US dollars per person, PPP converted",0,Units,2,Two
DATAFLOW,OECD.ECO.MAD:DSD_EO_LTB@DF_EO_LTB(1.0),OECD Economic Outlook 117 long-term scenarios,I,FIN,Finland,GDPVD_CAP,"Gross domestic product per capita, volume in USD, at constant purchasing power parities",BAU1,"Business-as-usual energy transition, median climate climate damage curve, no carbon mitigation costs",A,Annual,2059,,93605.75,,,,USD_PPP_PS,"US dollars per person, PPP converted",0,Units,2,Two
DATAFLOW,OECD.ECO.MAD:DSD_EO_LTB@DF_EO_LTB(1.0),OECD Economic Outlook 117 long-term scenarios,I,FIN,Finland,GDPVD_CAP,"Gross domestic product per capita, volume in USD, at constant purchasing power parities",BAU1,"Business-as-usual energy transition, median climate climate damage curve, no carbon mitigation costs",A,Annual,2060,,94992.24,,,,USD_PPP_PS,"US dollars per person, PPP converted",0,Units,2,Two
DATAFLOW,OECD.ECO.MAD:DSD_EO_LTB@DF_EO_LTB(1.0),OECD Economic Outlook 117 long-term scenarios,I,DNK,Denmark,GDPVD_CAP,"Gross domestic product per capita, volume in USD, at constant purchasing power parities",BAU1,"Business-as-usual energy transition, median climate climate damage curve, no carbon mitigation costs",A,Annual,1990,,45847.80893,,,,USD_PPP_PS,"US dollars per person, PPP converted",0,Units,2,Two
DATAFLOW,OECD.ECO.MAD:DSD_EO_LTB@DF_EO_LTB(1.0),OECD Economic Outlook 117 long-term scenarios,I,DNK,Denmark,GDPVD_CAP,"Gross domestic product per capita, volume in USD, at constant purchasing power parities",BAU1,"Business-as-usual energy transition, median climate climate damage curve, no carbon mitigation costs",A,Annual,1991,,46362.29198,,,,USD_PPP_PS,"US dollars per person, PPP converted",0,Units,2,Two
DATAFLOW,OECD.ECO.MAD:DSD_EO_LTB@DF_EO_LTB(1.0),OECD Economic Outlook 117 long-term scenarios,I,DNK,Denmark,GDPVD_CAP,"Gross domestic product per capita, volume in USD, at constant purchasing power parities",BAU1,"Business-as-usual energy transition, median climate climate damage curve, no carbon mitigation costs",A,Annual,1992,,47145.01516,,,,USD_PPP_PS,"US dollars per person, PPP converted",0,Units,2,Two
DATAFLOW,OECD.ECO.MAD:DSD_EO_LTB@DF_EO_LTB(1.0),OECD Economic Outlook 117 long-term scenarios,I,DNK,Denmark,GDPVD_CAP,"Gross domestic product per capita, volume in USD, at constant purchasing power parities",BAU1,"Business-as-usual energy transition, median climate climate damage curve, no carbon mitigation costs",A,Annual,1993,,46941.87508,,,,USD_PPP_PS,"US dollars per person, PPP converted",0,Units,2,Two
DATAFLOW,OECD.ECO.MAD:DSD_EO_LTB@DF_EO_LTB(1.0),OECD Economic Outlook 117 long-term scenarios,I,DNK,Denmark,GDPVD_CAP,"Gross domestic product per capita, volume in USD, at constant purchasing power parities",BAU1,"Business-as-usual energy transition, median climate climate damage curve, no carbon mitigation costs",A,Annual,1994,,49272.65933,,,,USD_PPP_PS,"US dollars per person, PPP converted",0,Units,2,Two
DATAFLOW,OECD.ECO.MAD:DSD_EO_LTB@DF_EO_LTB(1.0),OECD Economic Outlook 117 long-term scenarios,I,DNK,Denmark,GDPVD_CAP,"Gross domestic product per capita, volume in USD, at constant purchasing power parities",BAU1,"Business-as-usual energy transition, median climate climate damage curve, no carbon mitigation costs",A,Annual,1995,,50529.50612,,,,USD_PPP_PS,"US dollars per person, PPP converted",0,Units,2,Two
DATAFLOW,OECD.ECO.MAD:DSD_EO_LTB@DF_EO_LTB(1.0),OECD Economic Outlook 117 long-term scenarios,I,DNK,Denmark,GDPVD_CAP,"Gross domestic product per capita, volume in USD, at constant purchasing power parities",BAU1,"Business-as-usual energy transition, median climate climate damage curve, no carbon mitigation costs",A,Annual,1996,,51675.45993,,,,USD_PPP_PS,"US dollars per person, PPP converted",0,Units,2,Two
DATAFLOW,OECD.ECO.MAD:DSD_EO_LTB@DF_EO_LTB(1.0),OECD Economic Outlook 117 long-term scenarios,I,DNK,Denmark,GDPVD_CAP,"Gross domestic product per capita, volume in USD, at constant purchasing power parities",BAU1,"Business-as-usual energy transition, median climate climate damage curve, no carbon mitigation costs",A,Annual,1997,,53086.24678,,,,USD_PPP_PS,"US dollars per person, PPP converted",0,Units,2,Two
DATAFLOW,OECD.ECO.MAD:DSD_EO_LTB@DF_EO_LTB(1.0),OECD Economic Outlook 117 long-term scenarios,I,DNK,Denmark,GDPVD_CAP,"Gross domestic product per capita, volume in USD, at constant purchasing power parities",BAU1,"Business-as-usual energy transition, median climate climate damage curve, no carbon mitigation costs",A,Annual,1998,,54133.58193,,,,USD_PPP_PS,"US dollars per person, PPP converted",0,Units,2,Two
DATAFLOW,OECD.ECO.MAD:DSD_EO_LTB@DF_EO_LTB(1.0),OECD Economic Outlook 117 long-term scenarios,I,DNK,Denmark,GDPVD_CAP,"Gross domestic product per capita, volume in USD, at constant purchasing power parities",BAU1,"Business-as-usual energy transition, median climate climate damage curve, no carbon mitigation costs",A,Annual,1999,,55558.78448,,,,USD_PPP_PS,"US dollars per person, PPP converted",0,Units,2,Two
DATAFLOW,OECD.ECO.MAD:DSD_EO_LTB@DF_EO_LTB(1.0),OECD Economic Outlook 117 long-term scenarios,I,DNK,Denmark,GDPVD_CAP,"Gross domestic product per capita, volume in USD, at constant purchasing power parities",BAU1,"Business-as-usual energy transition, median climate climate damage curve, no carbon mitigation costs",A,Annual,2000,,57433.76214,,,,USD_PPP_PS,"US dollars per person, PPP converted",0,Units,2,Two
DATAFLOW,OECD.ECO.MAD:DSD_EO_LTB@DF_EO_LTB(1.0),OECD Economic Outlook 117 long-term scenarios,I,DNK,Denmark,GDPVD_CAP,"Gross domestic product per capita, volume in USD, at constant purchasing power parities",BAU1,"Business-as-usual energy transition, median climate climate damage curve, no carbon mitigation costs",A,Annual,2001,,57776.0029,,,,USD_PPP_PS,"US dollars per person, PPP converted",0,Units,2,Two
DATAFLOW,OECD.ECO.MAD:DSD_EO_LTB@DF_EO_LTB(1.0),OECD Economic Outlook 117 long-term scenarios,I,DNK,Denmark,GDPVD_CAP,"Gross domestic product per capita, volume in USD, at constant purchasing power parities",BAU1,"Business-as-usual energy transition, median climate climate damage curve, no carbon mitigation costs",A,Annual,2002,,57842.29152,,,,USD_PPP_PS,"US dollars per person, PPP converted",0,Units,2,Two
DATAFLOW,OECD.ECO.MAD:DSD_EO_LTB@DF_EO_LTB(1.0),OECD Economic Outlook 117 long-term scenarios,I,DNK,Denmark,GDPVD_CAP,"Gross domestic product per capita, volume in USD, at constant purchasing power parities",BAU1,"Business-as-usual energy transition, median climate climate damage curve, no carbon mitigation costs",A,Annual,2003,,57947.09503,,,,USD_PPP_PS,"US dollars per person, PPP converted",0,Units,2,Two
DATAFLOW,OECD.ECO.MAD:DSD_EO_LTB@DF_EO_LTB(1.0),OECD Economic Outlook 117 long-term scenarios,I,DNK,Denmark,GDPVD_CAP,"Gross domestic product per capita, volume in USD, at constant purchasing power parities",BAU1,"Business-as-usual energy transition, median climate climate damage curve, no carbon mitigation costs",A,Annual,2004,,59406.89426,,,,USD_PPP_PS,"US dollars per person, PPP converted",0,Units,2,Two
DATAFLOW,OECD.ECO.MAD:DSD_EO_LTB@DF_EO_LTB(1.0),OECD Economic Outlook 117 long-term scenarios,I,DNK,Denmark,GDPVD_CAP,"Gross domestic product per capita, volume in USD, at constant purchasing power parities",BAU1,"Business-as-usual energy transition, median climate climate damage curve, no carbon mitigation costs",A,Annual,2005,,60634.50615,,,,USD_PPP_PS,"US dollars per person, PPP converted",0,Units,2,Two
DATAFLOW,OECD.ECO.MAD:DSD_EO_LTB@DF_EO_LTB(1.0),OECD Economic Outlook 117 long-term scenarios,I,DNK,Denmark,GDPVD_CAP,"Gross domestic product per capita, volume in USD, at constant purchasing power parities",BAU1,"Business-as-usual energy transition, median climate climate damage curve, no carbon mitigation costs",A,Annual,2006,,62737.9241,,,,USD_PPP_PS,"US dollars per person, PPP converted",0,Units,2,Two
DATAFLOW,OECD.ECO.MAD:DSD_EO_LTB@DF_EO_LTB(1.0),OECD Economic Outlook 117 long-term scenarios,I,DNK,Denmark,GDPVD_CAP,"Gross domestic product per capita, volume in USD, at constant purchasing power parities",BAU1,"Business-as-usual energy transition, median climate climate damage curve, no carbon mitigation costs",A,Annual,2007,,63082.92616,,,,USD_PPP_PS,"US dollars per person, PPP converted",0,Units,2,Two
DATAFLOW,OECD.ECO.MAD:DSD_EO_LTB@DF_EO_LTB(1.0),OECD Economic Outlook 117 long-term scenarios,I,DNK,Denmark,GDPVD_CAP,"Gross domestic product per capita, volume in USD, at constant purchasing power parities",BAU1,"Business-as-usual energy transition, median climate climate damage curve, no carbon mitigation costs",A,Annual,2008,,62450.03746,,,,USD_PPP_PS,"US dollars per person, PPP converted",0,Units,2,Two
DATAFLOW,OECD.ECO.MAD:DSD_EO_LTB@DF_EO_LTB(1.0),OECD Economic Outlook 117 long-term scenarios,I,DNK,Denmark,GDPVD_CAP,"Gross domestic product per capita, volume in USD, at constant purchasing power parities",BAU1,"Business-as-usual energy transition, median climate climate damage curve, no carbon mitigation costs",A,Annual,2009,,59022.58926,,,,USD_PPP_PS,"US dollars per person, PPP converted",0,Units,2,Two
DATAFLOW,OECD.ECO.MAD:DSD_EO_LTB@DF_EO_LTB(1.0),OECD Economic Outlook 117 long-term scenarios,I,DNK,Denmark,GDPVD_CAP,"Gross domestic product per capita, volume in USD, at constant purchasing power parities",BAU1,"Business-as-usual energy transition, median climate climate damage curve, no carbon mitigation costs",A,Annual,2010,,59689.08318,,,,USD_PPP_PS,"US dollars per person, PPP converted",0,Units,2,Two
DATAFLOW,OECD.ECO.MAD:DSD_EO_LTB@DF_EO_LTB(1.0),OECD Economic Outlook 117 long-term scenarios,I,DNK,Denmark,GDPVD_CAP,"Gross domestic product per capita, volume in USD, at constant purchasing power parities",BAU1,"Business-as-usual energy transition, median climate climate damage curve, no carbon mitigation costs",A,Annual,2011,,60223.42494,,,,USD_PPP_PS,"US dollars per person, PPP converted",0,Units,2,Two
DATAFLOW,OECD.ECO.MAD:DSD_EO_LTB@DF_EO_LTB(1.0),OECD Economic Outlook 117 long-term scenarios,I,DNK,Denmark,GDPVD_CAP,"Gross domestic product per capita, volume in USD, at constant purchasing power parities",BAU1,"Business-as-usual energy transition, median climate climate damage curve, no carbon mitigation costs",A,Annual,2012,,59998.72682,,,,USD_PPP_PS,"US dollars per person, PPP converted",0,Units,2,Two
DATAFLOW,OECD.ECO.MAD:DSD_EO_LTB@DF_EO_LTB(1.0),OECD Economic Outlook 117 long-term scenarios,I,DNK,Denmark,GDPVD_CAP,"Gross domestic product per capita, volume in USD, at constant purchasing power parities",BAU1,"Business-as-usual energy transition, median climate climate damage curve, no carbon mitigation costs",A,Annual,2013,,60590.54339,,,,USD_PPP_PS,"US dollars per person, PPP converted",0,Units,2,Two
DATAFLOW,OECD.ECO.MAD:DSD_EO_LTB@DF_EO_LTB(1.0),OECD Economic Outlook 117 long-term scenarios,I,DNK,Denmark,GDPVD_CAP,"Gross domestic product per capita, volume in USD, at constant purchasing power parities",BAU1,"Business-as-usual energy transition, median climate climate damage curve, no carbon mitigation costs",A,Annual,2014,,61037.77196,,,,USD_PPP_PS,"US dollars per person, PPP converted",0,Units,2,Two
DATAFLOW,OECD.ECO.MAD:DSD_EO_LTB@DF_EO_LTB(1.0),OECD Economic Outlook 117 long-term scenarios,I,DNK,Denmark,GDPVD_CAP,"Gross domestic product per capita, volume in USD, at constant purchasing power parities",BAU1,"Business-as-usual energy transition, median climate climate damage curve, no carbon mitigation costs",A,Annual,2015,,61893.39724,,,,USD_PPP_PS,"US dollars per person, PPP converted",0,Units,2,Two
DATAFLOW,OECD.ECO.MAD:DSD_EO_LTB@DF_EO_LTB(1.0),OECD Economic Outlook 117 long-term scenarios,I,DNK,Denmark,GDPVD_CAP,"Gross domestic product per capita, volume in USD, at constant purchasing power parities",BAU1,"Business-as-usual energy transition, median climate climate damage curve, no carbon mitigation costs",A,Annual,2016,,63279.78315,,,,USD_PPP_PS,"US dollars per person, PPP converted",0,Units,2,Two
DATAFLOW,OECD.ECO.MAD:DSD_EO_LTB@DF_EO_LTB(1.0),OECD Economic Outlook 117 long-term scenarios,I,DNK,Denmark,GDPVD_CAP,"Gross domestic product per capita, volume in USD, at constant purchasing power parities",BAU1,"Business-as-usual energy transition, median climate climate damage curve, no carbon mitigation costs",A,Annual,2017,,64802.72024,,,,USD_PPP_PS,"US dollars per person, PPP converted",0,Units,2,Two
DATAFLOW,OECD.ECO.MAD:DSD_EO_LTB@DF_EO_LTB(1.0),OECD Economic Outlook 117 long-term scenarios,I,DNK,Denmark,GDPVD_CAP,"Gross domestic product per capita, volume in USD, at constant purchasing power parities",BAU1,"Business-as-usual energy transition, median climate climate damage curve, no carbon mitigation costs",A,Annual,2018,,65680.35101,,,,USD_PPP_PS,"US dollars per person, PPP converted",0,Units,2,Two
DATAFLOW,OECD.ECO.MAD:DSD_EO_LTB@DF_EO_LTB(1.0),OECD Economic Outlook 117 long-term scenarios,I,DNK,Denmark,GDPVD_CAP,"Gross domestic product per capita, volume in USD, at constant purchasing power parities",BAU1,"Business-as-usual energy transition, median climate climate damage curve, no carbon mitigation costs",A,Annual,2019,,66539.43346,,,,USD_PPP_PS,"US dollars per person, PPP converted",0,Units,2,Two
DATAFLOW,OECD.ECO.MAD:DSD_EO_LTB@DF_EO_LTB(1.0),OECD Economic Outlook 117 long-term scenarios,I,DNK,Denmark,GDPVD_CAP,"Gross domestic product per capita, volume in USD, at constant purchasing power parities",BAU1,"Business-as-usual energy transition, median climate climate damage curve, no carbon mitigation costs",A,Annual,2020,,65211.87926,,,,USD_PPP_PS,"US dollars per person, PPP converted",0,Units,2,Two
DATAFLOW,OECD.ECO.MAD:DSD_EO_LTB@DF_EO_LTB(1.0),OECD Economic Outlook 117 long-term scenarios,I,DNK,Denmark,GDPVD_CAP,"Gross domestic product per capita, volume in USD, at constant purchasing power parities",BAU1,"Business-as-usual energy transition, median climate climate damage curve, no carbon mitigation costs",A,Annual,2021,,69730.26275,,,,USD_PPP_PS,"US dollars per person, PPP converted",0,Units,2,Two
DATAFLOW,OECD.ECO.MAD:DSD_EO_LTB@DF_EO_LTB(1.0),OECD Economic Outlook 117 long-term scenarios,I,DNK,Denmark,GDPVD_CAP,"Gross domestic product per capita, volume in USD, at constant purchasing power parities",BAU1,"Business-as-usual energy transition, median climate climate damage curve, no carbon mitigation costs",A,Annual,2022,,70181.28646,,,,USD_PPP_PS,"US dollars per person, PPP converted",0,Units,2,Two
DATAFLOW,OECD.ECO.MAD:DSD_EO_LTB@DF_EO_LTB(1.0),OECD Economic Outlook 117 long-term scenarios,I,DNK,Denmark,GDPVD_CAP,"Gross domestic product per capita, volume in USD, at constant purchasing power parities",BAU1,"Business-as-usual energy transition, median climate climate damage curve, no carbon mitigation costs",A,Annual,2023,,71429.32205,,,,USD_PPP_PS,"US dollars per person, PPP converted",0,Units,2,Two
DATAFLOW,OECD.ECO.MAD:DSD_EO_LTB@DF_EO_LTB(1.0),OECD Economic Outlook 117 long-term scenarios,I,DNK,Denmark,GDPVD_CAP,"Gross domestic product per capita, volume in USD, at constant purchasing power parities",BAU1,"Business-as-usual energy transition, median climate climate damage curve, no carbon mitigation costs",A,Annual,2024,,73664.65871,,,,USD_PPP_PS,"US dollars per person, PPP converted",0,Units,2,Two
DATAFLOW,OECD.ECO.MAD:DSD_EO_LTB@DF_EO_LTB(1.0),OECD Economic Outlook 117 long-term scenarios,I,DNK,Denmark,GDPVD_CAP,"Gross domestic product per capita, volume in USD, at constant purchasing power parities",BAU1,"Business-as-usual energy transition, median climate climate damage curve, no carbon mitigation costs",A,Annual,2025,,75514.80721,,,,USD_PPP_PS,"US dollars per person, PPP converted",0,Units,2,Two
DATAFLOW,OECD.ECO.MAD:DSD_EO_LTB@DF_EO_LTB(1.0),OECD Economic Outlook 117 long-term scenarios,I,DNK,Denmark,GDPVD_CAP,"Gross domestic product per capita, volume in USD, at constant purchasing power parities",BAU1,"Business-as-usual energy transition, median climate climate damage curve, no carbon mitigation costs",A,Annual,2026,,76331.68964,,,,USD_PPP_PS,"US dollars per person, PPP converted",0,Units,2,Two
DATAFLOW,OECD.ECO.MAD:DSD_EO_LTB@DF_EO_LTB(1.0),OECD Economic Outlook 117 long-term scenarios,I,DNK,Denmark,GDPVD_CAP,"Gross domestic product per capita, volume in USD, at constant purchasing power parities",BAU1,"Business-as-usual energy transition, median climate climate damage curve, no carbon mitigation costs",A,Annual,2027,,77349.77,,,,USD_PPP_PS,"US dollars per person, PPP converted",0,Units,2,Two
DATAFLOW,OECD.ECO.MAD:DSD_EO_LTB@DF_EO_LTB(1.0),OECD Economic Outlook 117 long-term scenarios,I,DNK,Denmark,GDPVD_CAP,"Gross domestic product per capita, volume in USD, at constant purchasing power parities",BAU1,"Business-as-usual energy transition, median climate climate damage curve, no carbon mitigation costs",A,Annual,2028,,78324.68,,,,USD_PPP_PS,"US dollars per person, PPP converted",0,Units,2,Two
DATAFLOW,OECD.ECO.MAD:DSD_EO_LTB@DF_EO_LTB(1.0),OECD Economic Outlook 117 long-term scenarios,I,DNK,Denmark,GDPVD_CAP,"Gross domestic product per capita, volume in USD, at constant purchasing power parities",BAU1,"Business-as-usual energy transition, median climate climate damage curve, no carbon mitigation costs",A,Annual,2029,,79288.43,,,,USD_PPP_PS,"US dollars per person, PPP converted",0,Units,2,Two
DATAFLOW,OECD.ECO.MAD:DSD_EO_LTB@DF_EO_LTB(1.0),OECD Economic Outlook 117 long-term scenarios,I,DNK,Denmark,GDPVD_CAP,"Gross domestic product per capita, volume in USD, at constant purchasing power parities",BAU1,"Business-as-usual energy transition, median climate climate damage curve, no carbon mitigation costs",A,Annual,2030,,80268.1,,,,USD_PPP_PS,"US dollars per person, PPP converted",0,Units,2,Two
DATAFLOW,OECD.ECO.MAD:DSD_EO_LTB@DF_EO_LTB(1.0),OECD Economic Outlook 117 long-term scenarios,I,DNK,Denmark,GDPVD_CAP,"Gross domestic product per capita, volume in USD, at constant purchasing power parities",BAU1,"Business-as-usual energy transition, median climate climate damage curve, no carbon mitigation costs",A,Annual,2031,,81283.4,,,,USD_PPP_PS,"US dollars per person, PPP converted",0,Units,2,Two
DATAFLOW,OECD.ECO.MAD:DSD_EO_LTB@DF_EO_LTB(1.0),OECD Economic Outlook 117 long-term scenarios,I,DNK,Denmark,GDPVD_CAP,"Gross domestic product per capita, volume in USD, at constant purchasing power parities",BAU1,"Business-as-usual energy transition, median climate climate damage curve, no carbon mitigation costs",A,Annual,2032,,82340.62,,,,USD_PPP_PS,"US dollars per person, PPP converted",0,Units,2,Two
DATAFLOW,OECD.ECO.MAD:DSD_EO_LTB@DF_EO_LTB(1.0),OECD Economic Outlook 117 long-term scenarios,I,DNK,Denmark,GDPVD_CAP,"Gross domestic product per capita, volume in USD, at constant purchasing power parities",BAU1,"Business-as-usual energy transition, median climate climate damage curve, no carbon mitigation costs",A,Annual,2033,,83458.17,,,,USD_PPP_PS,"US dollars per person, PPP converted",0,Units,2,Two
DATAFLOW,OECD.ECO.MAD:DSD_EO_LTB@DF_EO_LTB(1.0),OECD Economic Outlook 117 long-term scenarios,I,DNK,Denmark,GDPVD_CAP,"Gross domestic product per capita, volume in USD, at constant purchasing power parities",BAU1,"Business-as-usual energy transition, median climate climate damage curve, no carbon mitigation costs",A,Annual,2034,,84617.68,,,,USD_PPP_PS,"US dollars per person, PPP converted",0,Units,2,Two
DATAFLOW,OECD.ECO.MAD:DSD_EO_LTB@DF_EO_LTB(1.0),OECD Economic Outlook 117 long-term scenarios,I,DNK,Denmark,GDPVD_CAP,"Gross domestic product per capita, volume in USD, at constant purchasing power parities",BAU1,"Business-as-usual energy transition, median climate climate damage curve, no carbon mitigation costs",A,Annual,2035,,85827.26,,,,USD_PPP_PS,"US dollars per person, PPP converted",0,Units,2,Two
DATAFLOW,OECD.ECO.MAD:DSD_EO_LTB@DF_EO_LTB(1.0),OECD Economic Outlook 117 long-term scenarios,I,DNK,Denmark,GDPVD_CAP,"Gross domestic product per capita, volume in USD, at constant purchasing power parities",BAU1,"Business-as-usual energy transition, median climate climate damage curve, no carbon mitigation costs",A,Annual,2036,,87087.29,,,,USD_PPP_PS,"US dollars per person, PPP converted",0,Units,2,Two
DATAFLOW,OECD.ECO.MAD:DSD_EO_LTB@DF_EO_LTB(1.0),OECD Economic Outlook 117 long-term scenarios,I,DNK,Denmark,GDPVD_CAP,"Gross domestic product per capita, volume in USD, at constant purchasing power parities",BAU1,"Business-as-usual energy transition, median climate climate damage curve, no carbon mitigation costs",A,Annual,2037,,88380.28,,,,USD_PPP_PS,"US dollars per person, PPP converted",0,Units,2,Two
DATAFLOW,OECD.ECO.MAD:DSD_EO_LTB@DF_EO_LTB(1.0),OECD Economic Outlook 117 long-term scenarios,I,DNK,Denmark,GDPVD_CAP,"Gross domestic product per capita, volume in USD, at constant purchasing power parities",BAU1,"Business-as-usual energy transition, median climate climate damage curve, no carbon mitigation costs",A,Annual,2038,,89677.07,,,,USD_PPP_PS,"US dollars per person, PPP converted",0,Units,2,Two
DATAFLOW,OECD.ECO.MAD:DSD_EO_LTB@DF_EO_LTB(1.0),OECD Economic Outlook 117 long-term scenarios,I,DNK,Denmark,GDPVD_CAP,"Gross domestic product per capita, volume in USD, at constant purchasing power parities",BAU1,"Business-as-usual energy transition, median climate climate damage curve, no carbon mitigation costs",A,Annual,2039,,90958.76,,,,USD_PPP_PS,"US dollars per person, PPP converted",0,Units,2,Two
DATAFLOW,OECD.ECO.MAD:DSD_EO_LTB@DF_EO_LTB(1.0),OECD Economic Outlook 117 long-term scenarios,I,DNK,Denmark,GDPVD_CAP,"Gross domestic product per capita, volume in USD, at constant purchasing power parities",BAU1,"Business-as-usual energy transition, median climate climate damage curve, no carbon mitigation costs",A,Annual,2040,,92265.98,,,,USD_PPP_PS,"US dollars per person, PPP converted",0,Units,2,Two
DATAFLOW,OECD.ECO.MAD:DSD_EO_LTB@DF_EO_LTB(1.0),OECD Economic Outlook 117 long-term scenarios,I,DNK,Denmark,GDPVD_CAP,"Gross domestic product per capita, volume in USD, at constant purchasing power parities",BAU1,"Business-as-usual energy transition, median climate climate damage curve, no carbon mitigation costs",A,Annual,2041,,93591.69,,,,USD_PPP_PS,"US dollars per person, PPP converted",0,Units,2,Two
DATAFLOW,OECD.ECO.MAD:DSD_EO_LTB@DF_EO_LTB(1.0),OECD Economic Outlook 117 long-term scenarios,I,DNK,Denmark,GDPVD_CAP,"Gross domestic product per capita, volume in USD, at constant purchasing power parities",BAU1,"Business-as-usual energy transition, median climate climate damage curve, no carbon mitigation costs",A,Annual,2042,,94968.9,,,,USD_PPP_PS,"US dollars per person, PPP converted",0,Units,2,Two
DATAFLOW,OECD.ECO.MAD:DSD_EO_LTB@DF_EO_LTB(1.0),OECD Economic Outlook 117 long-term scenarios,I,DNK,Denmark,GDPVD_CAP,"Gross domestic product per capita, volume in USD, at constant purchasing power parities",BAU1,"Business-as-usual energy transition, median climate climate damage curve, no carbon mitigation costs",A,Annual,2043,,96421.51,,,,USD_PPP_PS,"US dollars per person, PPP converted",0,Units,2,Two
DATAFLOW,OECD.ECO.MAD:DSD_EO_LTB@DF_EO_LTB(1.0),OECD Economic Outlook 117 long-term scenarios,I,DNK,Denmark,GDPVD_CAP,"Gross domestic product per capita, volume in USD, at constant purchasing power parities",BAU1,"Business-as-usual energy transition, median climate climate damage curve, no carbon mitigation costs",A,Annual,2044,,97953.36,,,,USD_PPP_PS,"US dollars per person, PPP converted",0,Units,2,Two
DATAFLOW,OECD.ECO.MAD:DSD_EO_LTB@DF_EO_LTB(1.0),OECD Economic Outlook 117 long-term scenarios,I,DNK,Denmark,GDPVD_CAP,"Gross domestic product per capita, volume in USD, at constant purchasing power parities",BAU1,"Business-as-usual energy transition, median climate climate damage curve, no carbon mitigation costs",A,Annual,2045,,99547.82,,,,USD_PPP_PS,"US dollars per person, PPP converted",0,Units,2,Two
DATAFLOW,OECD.ECO.MAD:DSD_EO_LTB@DF_EO_LTB(1.0),OECD Economic Outlook 117 long-term scenarios,I,DNK,Denmark,GDPVD_CAP,"Gross domestic product per capita, volume in USD, at constant purchasing power parities",BAU1,"Business-as-usual energy transition, median climate climate damage curve, no carbon mitigation costs",A,Annual,2046,,101154.1,,,,USD_PPP_PS,"US dollars per person, PPP converted",0,Units,2,Two
DATAFLOW,OECD.ECO.MAD:DSD_EO_LTB@DF_EO_LTB(1.0),OECD Economic Outlook 117 long-term scenarios,I,DNK,Denmark,GDPVD_CAP,"Gross domestic product per capita, volume in USD, at constant purchasing power parities",BAU1,"Business-as-usual energy transition, median climate climate damage curve, no carbon mitigation costs",A,Annual,2047,,102770.1,,,,USD_PPP_PS,"US dollars per person, PPP converted",0,Units,2,Two
DATAFLOW,OECD.ECO.MAD:DSD_EO_LTB@DF_EO_LTB(1.0),OECD Economic Outlook 117 long-term scenarios,I,DNK,Denmark,GDPVD_CAP,"Gross domestic product per capita, volume in USD, at constant purchasing power parities",BAU1,"Business-as-usual energy transition, median climate climate damage curve, no carbon mitigation costs",A,Annual,2048,,104377.5,,,,USD_PPP_PS,"US dollars per person, PPP converted",0,Units,2,Two
DATAFLOW,OECD.ECO.MAD:DSD_EO_LTB@DF_EO_LTB(1.0),OECD Economic Outlook 117 long-term scenarios,I,DNK,Denmark,GDPVD_CAP,"Gross domestic product per capita, volume in USD, at constant purchasing power parities",BAU1,"Business-as-usual energy transition, median climate climate damage curve, no carbon mitigation costs",A,Annual,2049,,105984.6,,,,USD_PPP_PS,"US dollars per person, PPP converted",0,Units,2,Two
DATAFLOW,OECD.ECO.MAD:DSD_EO_LTB@DF_EO_LTB(1.0),OECD Economic Outlook 117 long-term scenarios,I,DNK,Denmark,GDPVD_CAP,"Gross domestic product per capita, volume in USD, at constant purchasing power parities",BAU1,"Business-as-usual energy transition, median climate climate damage curve, no carbon mitigation costs",A,Annual,2050,,107586.6,,,,USD_PPP_PS,"US dollars per person, PPP converted",0,Units,2,Two
DATAFLOW,OECD.ECO.MAD:DSD_EO_LTB@DF_EO_LTB(1.0),OECD Economic Outlook 117 long-term scenarios,I,DNK,Denmark,GDPVD_CAP,"Gross domestic product per capita, volume in USD, at constant purchasing power parities",BAU1,"Business-as-usual energy transition, median climate climate damage curve, no carbon mitigation costs",A,Annual,2051,,109178.6,,,,USD_PPP_PS,"US dollars per person, PPP converted",0,Units,2,Two
DATAFLOW,OECD.ECO.MAD:DSD_EO_LTB@DF_EO_LTB(1.0),OECD Economic Outlook 117 long-term scenarios,I,DNK,Denmark,GDPVD_CAP,"Gross domestic product per capita, volume in USD, at constant purchasing power parities",BAU1,"Business-as-usual energy transition, median climate climate damage curve, no carbon mitigation costs",A,Annual,2052,,110769.8,,,,USD_PPP_PS,"US dollars per person, PPP converted",0,Units,2,Two
DATAFLOW,OECD.ECO.MAD:DSD_EO_LTB@DF_EO_LTB(1.0),OECD Economic Outlook 117 long-term scenarios,I,DNK,Denmark,GDPVD_CAP,"Gross domestic product per capita, volume in USD, at constant purchasing power parities",BAU1,"Business-as-usual energy transition, median climate climate damage curve, no carbon mitigation costs",A,Annual,2053,,112336.7,,,,USD_PPP_PS,"US dollars per person, PPP converted",0,Units,2,Two
DATAFLOW,OECD.ECO.MAD:DSD_EO_LTB@DF_EO_LTB(1.0),OECD Economic Outlook 117 long-term scenarios,I,DNK,Denmark,GDPVD_CAP,"Gross domestic product per capita, volume in USD, at constant purchasing power parities",BAU1,"Business-as-usual energy transition, median climate climate damage curve, no carbon mitigation costs",A,Annual,2054,,113875.4,,,,USD_PPP_PS,"US dollars per person, PPP converted",0,Units,2,Two
DATAFLOW,OECD.ECO.MAD:DSD_EO_LTB@DF_EO_LTB(1.0),OECD Economic Outlook 117 long-term scenarios,I,DNK,Denmark,GDPVD_CAP,"Gross domestic product per capita, volume in USD, at constant purchasing power parities",BAU1,"Business-as-usual energy transition, median climate climate damage curve, no carbon mitigation costs",A,Annual,2055,,115367.5,,,,USD_PPP_PS,"US dollars per person, PPP converted",0,Units,2,Two
DATAFLOW,OECD.ECO.MAD:DSD_EO_LTB@DF_EO_LTB(1.0),OECD Economic Outlook 117 long-term scenarios,I,DNK,Denmark,GDPVD_CAP,"Gross domestic product per capita, volume in USD, at constant purchasing power parities",BAU1,"Business-as-usual energy transition, median climate climate damage curve, no carbon mitigation costs",A,Annual,2056,,116846.7,,,,USD_PPP_PS,"US dollars per person, PPP converted",0,Units,2,Two
DATAFLOW,OECD.ECO.MAD:DSD_EO_LTB@DF_EO_LTB(1.0),OECD Economic Outlook 117 long-term scenarios,I,DNK,Denmark,GDPVD_CAP,"Gross domestic product per capita, volume in USD, at constant purchasing power parities",BAU1,"Business-as-usual energy transition, median climate climate damage curve, no carbon mitigation costs",A,Annual,2057,,118318.5,,,,USD_PPP_PS,"US dollars per person, PPP converted",0,Units,2,Two
DATAFLOW,OECD.ECO.MAD:DSD_EO_LTB@DF_EO_LTB(1.0),OECD Economic Outlook 117 long-term scenarios,I,DNK,Denmark,GDPVD_CAP,"Gross domestic product per capita, volume in USD, at constant purchasing power parities",BAU1,"Business-as-usual energy transition, median climate climate damage curve, no carbon mitigation costs",A,Annual,2058,,119779.9,,,,USD_PPP_PS,"US dollars per person, PPP converted",0,Units,2,Two
DATAFLOW,OECD.ECO.MAD:DSD_EO_LTB@DF_EO_LTB(1.0),OECD Economic Outlook 117 long-term scenarios,I,DNK,Denmark,GDPVD_CAP,"Gross domestic product per capita, volume in USD, at constant purchasing power parities",BAU1,"Business-as-usual energy transition, median climate climate damage curve, no carbon mitigation costs",A,Annual,2059,,121234.1,,,,USD_PPP_PS,"US dollars per person, PPP converted",0,Units,2,Two
DATAFLOW,OECD.ECO.MAD:DSD_EO_LTB@DF_EO_LTB(1.0),OECD Economic Outlook 117 long-term scenarios,I,DNK,Denmark,GDPVD_CAP,"Gross domestic product per capita, volume in USD, at constant purchasing power parities",BAU1,"Business-as-usual energy transition, median climate climate damage curve, no carbon mitigation costs",A,Annual,2060,,122689.5,,,,USD_PPP_PS,"US dollars per person, PPP converted",0,Units,2,Two
DATAFLOW,OECD.ECO.MAD:DSD_EO_LTB@DF_EO_LTB(1.0),OECD Economic Outlook 117 long-term scenarios,I,CZE,Czechia,GDPVD_CAP,"Gross domestic product per capita, volume in USD, at constant purchasing power parities",BAU1,"Business-as-usual energy transition, median climate climate damage curve, no carbon mitigation costs",A,Annual,1990,,30937.81727,,,,USD_PPP_PS,"US dollars per person, PPP converted",0,Units,2,Two
DATAFLOW,OECD.ECO.MAD:DSD_EO_LTB@DF_EO_LTB(1.0),OECD Economic Outlook 117 long-term scenarios,I,CZE,Czechia,GDPVD_CAP,"Gross domestic product per capita, volume in USD, at constant purchasing power parities",BAU1,"Business-as-usual energy transition, median climate climate damage curve, no carbon mitigation costs",A,Annual,1991,,26679.23942,,,,USD_PPP_PS,"US dollars per person, PPP converted",0,Units,2,Two
DATAFLOW,OECD.ECO.MAD:DSD_EO_LTB@DF_EO_LTB(1.0),OECD Economic Outlook 117 long-term scenarios,I,CZE,Czechia,GDPVD_CAP,"Gross domestic product per capita, volume in USD, at constant purchasing power parities",BAU1,"Business-as-usual energy transition, median climate climate damage curve, no carbon mitigation costs",A,Annual,1992,,24953.03909,,,,USD_PPP_PS,"US dollars per person, PPP converted",0,Units,2,Two
DATAFLOW,OECD.ECO.MAD:DSD_EO_LTB@DF_EO_LTB(1.0),OECD Economic Outlook 117 long-term scenarios,I,CZE,Czechia,GDPVD_CAP,"Gross domestic product per capita, volume in USD, at constant purchasing power parities",BAU1,"Business-as-usual energy transition, median climate climate damage curve, no carbon mitigation costs",A,Annual,1993,,24687.99513,,,,USD_PPP_PS,"US dollars per person, PPP converted",0,Units,2,Two
DATAFLOW,OECD.ECO.MAD:DSD_EO_LTB@DF_EO_LTB(1.0),OECD Economic Outlook 117 long-term scenarios,I,CZE,Czechia,GDPVD_CAP,"Gross domestic product per capita, volume in USD, at constant purchasing power parities",BAU1,"Business-as-usual energy transition, median climate climate damage curve, no carbon mitigation costs",A,Annual,1994,,25321.30704,,,,USD_PPP_PS,"US dollars per person, PPP converted",0,Units,2,Two
DATAFLOW,OECD.ECO.MAD:DSD_EO_LTB@DF_EO_LTB(1.0),OECD Economic Outlook 117 long-term scenarios,I,CZE,Czechia,GDPVD_CAP,"Gross domestic product per capita, volume in USD, at constant purchasing power parities",BAU1,"Business-as-usual energy transition, median climate climate damage curve, no carbon mitigation costs",A,Annual,1995,,26838.81113,,,,USD_PPP_PS,"US dollars per person, PPP converted",0,Units,2,Two
DATAFLOW,OECD.ECO.MAD:DSD_EO_LTB@DF_EO_LTB(1.0),OECD Economic Outlook 117 long-term scenarios,I,CZE,Czechia,GDPVD_CAP,"Gross domestic product per capita, volume in USD, at constant purchasing power parities",BAU1,"Business-as-usual energy transition, median climate climate damage curve, no carbon mitigation costs",A,Annual,1996,,28002.36239,,,,USD_PPP_PS,"US dollars per person, PPP converted",0,Units,2,Two
DATAFLOW,OECD.ECO.MAD:DSD_EO_LTB@DF_EO_LTB(1.0),OECD Economic Outlook 117 long-term scenarios,I,CZE,Czechia,GDPVD_CAP,"Gross domestic product per capita, volume in USD, at constant purchasing power parities",BAU1,"Business-as-usual energy transition, median climate climate damage curve, no carbon mitigation costs",A,Annual,1997,,27860.70565,,,,USD_PPP_PS,"US dollars per person, PPP converted",0,Units,2,Two
DATAFLOW,OECD.ECO.MAD:DSD_EO_LTB@DF_EO_LTB(1.0),OECD Economic Outlook 117 long-term scenarios,I,CZE,Czechia,GDPVD_CAP,"Gross domestic product per capita, volume in USD, at constant purchasing power parities",BAU1,"Business-as-usual energy transition, median climate climate damage curve, no carbon mitigation costs",A,Annual,1998,,27776.43202,,,,USD_PPP_PS,"US dollars per person, PPP converted",0,Units,2,Two
DATAFLOW,OECD.ECO.MAD:DSD_EO_LTB@DF_EO_LTB(1.0),OECD Economic Outlook 117 long-term scenarios,I,CZE,Czechia,GDPVD_CAP,"Gross domestic product per capita, volume in USD, at constant purchasing power parities",BAU1,"Business-as-usual energy transition, median climate climate damage curve, no carbon mitigation costs",A,Annual,1999,,28155.33773,,,,USD_PPP_PS,"US dollars per person, PPP converted",0,Units,2,Two
DATAFLOW,OECD.ECO.MAD:DSD_EO_LTB@DF_EO_LTB(1.0),OECD Economic Outlook 117 long-term scenarios,I,CZE,Czechia,GDPVD_CAP,"Gross domestic product per capita, volume in USD, at constant purchasing power parities",BAU1,"Business-as-usual energy transition, median climate climate damage curve, no carbon mitigation costs",A,Annual,2000,,29391.17879,,,,USD_PPP_PS,"US dollars per person, PPP converted",0,Units,2,Two
DATAFLOW,OECD.ECO.MAD:DSD_EO_LTB@DF_EO_LTB(1.0),OECD Economic Outlook 117 long-term scenarios,I,CZE,Czechia,GDPVD_CAP,"Gross domestic product per capita, volume in USD, at constant purchasing power parities",BAU1,"Business-as-usual energy transition, median climate climate damage curve, no carbon mitigation costs",A,Annual,2001,,30388.0604,,,,USD_PPP_PS,"US dollars per person, PPP converted",0,Units,2,Two
DATAFLOW,OECD.ECO.MAD:DSD_EO_LTB@DF_EO_LTB(1.0),OECD Economic Outlook 117 long-term scenarios,I,CZE,Czechia,GDPVD_CAP,"Gross domestic product per capita, volume in USD, at constant purchasing power parities",BAU1,"Business-as-usual energy transition, median climate climate damage curve, no carbon mitigation costs",A,Annual,2002,,30900.04571,,,,USD_PPP_PS,"US dollars per person, PPP converted",0,Units,2,Two
DATAFLOW,OECD.ECO.MAD:DSD_EO_LTB@DF_EO_LTB(1.0),OECD Economic Outlook 117 long-term scenarios,I,CZE,Czechia,GDPVD_CAP,"Gross domestic product per capita, volume in USD, at constant purchasing power parities",BAU1,"Business-as-usual energy transition, median climate climate damage curve, no carbon mitigation costs",A,Annual,2003,,31916.87456,,,,USD_PPP_PS,"US dollars per person, PPP converted",0,Units,2,Two
DATAFLOW,OECD.ECO.MAD:DSD_EO_LTB@DF_EO_LTB(1.0),OECD Economic Outlook 117 long-term scenarios,I,CZE,Czechia,GDPVD_CAP,"Gross domestic product per capita, volume in USD, at constant purchasing power parities",BAU1,"Business-as-usual energy transition, median climate climate damage curve, no carbon mitigation costs",A,Annual,2004,,33367.41307,,,,USD_PPP_PS,"US dollars per person, PPP converted",0,Units,2,Two
DATAFLOW,OECD.ECO.MAD:DSD_EO_LTB@DF_EO_LTB(1.0),OECD Economic Outlook 117 long-term scenarios,I,CZE,Czechia,GDPVD_CAP,"Gross domestic product per capita, volume in USD, at constant purchasing power parities",BAU1,"Business-as-usual energy transition, median climate climate damage curve, no carbon mitigation costs",A,Annual,2005,,35419.76189,,,,USD_PPP_PS,"US dollars per person, PPP converted",0,Units,2,Two
DATAFLOW,OECD.ECO.MAD:DSD_EO_LTB@DF_EO_LTB(1.0),OECD Economic Outlook 117 long-term scenarios,I,CZE,Czechia,GDPVD_CAP,"Gross domestic product per capita, volume in USD, at constant purchasing power parities",BAU1,"Business-as-usual energy transition, median climate climate damage curve, no carbon mitigation costs",A,Annual,2006,,37699.507,,,,USD_PPP_PS,"US dollars per person, PPP converted",0,Units,2,Two
DATAFLOW,OECD.ECO.MAD:DSD_EO_LTB@DF_EO_LTB(1.0),OECD Economic Outlook 117 long-term scenarios,I,CZE,Czechia,GDPVD_CAP,"Gross domestic product per capita, volume in USD, at constant purchasing power parities",BAU1,"Business-as-usual energy transition, median climate climate damage curve, no carbon mitigation costs",A,Annual,2007,,39548.95862,,,,USD_PPP_PS,"US dollars per person, PPP converted",0,Units,2,Two
DATAFLOW,OECD.ECO.MAD:DSD_EO_LTB@DF_EO_LTB(1.0),OECD Economic Outlook 117 long-term scenarios,I,CZE,Czechia,GDPVD_CAP,"Gross domestic product per capita, volume in USD, at constant purchasing power parities",BAU1,"Business-as-usual energy transition, median climate climate damage curve, no carbon mitigation costs",A,Annual,2008,,40111.17085,,,,USD_PPP_PS,"US dollars per person, PPP converted",0,Units,2,Two
DATAFLOW,OECD.ECO.MAD:DSD_EO_LTB@DF_EO_LTB(1.0),OECD Economic Outlook 117 long-term scenarios,I,CZE,Czechia,GDPVD_CAP,"Gross domestic product per capita, volume in USD, at constant purchasing power parities",BAU1,"Business-as-usual energy transition, median climate climate damage curve, no carbon mitigation costs",A,Annual,2009,,38008.16072,,,,USD_PPP_PS,"US dollars per person, PPP converted",0,Units,2,Two
DATAFLOW,OECD.ECO.MAD:DSD_EO_LTB@DF_EO_LTB(1.0),OECD Economic Outlook 117 long-term scenarios,I,CZE,Czechia,GDPVD_CAP,"Gross domestic product per capita, volume in USD, at constant purchasing power parities",BAU1,"Business-as-usual energy transition, median climate climate damage curve, no carbon mitigation costs",A,Annual,2010,,38893.27089,,,,USD_PPP_PS,"US dollars per person, PPP converted",0,Units,2,Two
DATAFLOW,OECD.ECO.MAD:DSD_EO_LTB@DF_EO_LTB(1.0),OECD Economic Outlook 117 long-term scenarios,I,CZE,Czechia,GDPVD_CAP,"Gross domestic product per capita, volume in USD, at constant purchasing power parities",BAU1,"Business-as-usual energy transition, median climate climate damage curve, no carbon mitigation costs",A,Annual,2011,,39658.45177,,,,USD_PPP_PS,"US dollars per person, PPP converted",0,Units,2,Two
DATAFLOW,OECD.ECO.MAD:DSD_EO_LTB@DF_EO_LTB(1.0),OECD Economic Outlook 117 long-term scenarios,I,CZE,Czechia,GDPVD_CAP,"Gross domestic product per capita, volume in USD, at constant purchasing power parities",BAU1,"Business-as-usual energy transition, median climate climate damage curve, no carbon mitigation costs",A,Annual,2012,,39339.53272,,,,USD_PPP_PS,"US dollars per person, PPP converted",0,Units,2,Two
DATAFLOW,OECD.ECO.MAD:DSD_EO_LTB@DF_EO_LTB(1.0),OECD Economic Outlook 117 long-term scenarios,I,CZE,Czechia,GDPVD_CAP,"Gross domestic product per capita, volume in USD, at constant purchasing power parities",BAU1,"Business-as-usual energy transition, median climate climate damage curve, no carbon mitigation costs",A,Annual,2013,,39343.40976,,,,USD_PPP_PS,"US dollars per person, PPP converted",0,Units,2,Two
DATAFLOW,OECD.ECO.MAD:DSD_EO_LTB@DF_EO_LTB(1.0),OECD Economic Outlook 117 long-term scenarios,I,CZE,Czechia,GDPVD_CAP,"Gross domestic product per capita, volume in USD, at constant purchasing power parities",BAU1,"Business-as-usual energy transition, median climate climate damage curve, no carbon mitigation costs",A,Annual,2014,,40221.27656,,,,USD_PPP_PS,"US dollars per person, PPP converted",0,Units,2,Two
DATAFLOW,OECD.ECO.MAD:DSD_EO_LTB@DF_EO_LTB(1.0),OECD Economic Outlook 117 long-term scenarios,I,CZE,Czechia,GDPVD_CAP,"Gross domestic product per capita, volume in USD, at constant purchasing power parities",BAU1,"Business-as-usual energy transition, median climate climate damage curve, no carbon mitigation costs",A,Annual,2015,,42227.28679,,,,USD_PPP_PS,"US dollars per person, PPP converted",0,Units,2,Two
DATAFLOW,OECD.ECO.MAD:DSD_EO_LTB@DF_EO_LTB(1.0),OECD Economic Outlook 117 long-term scenarios,I,CZE,Czechia,GDPVD_CAP,"Gross domestic product per capita, volume in USD, at constant purchasing power parities",BAU1,"Business-as-usual energy transition, median climate climate damage curve, no carbon mitigation costs",A,Annual,2016,,43256.44512,,,,USD_PPP_PS,"US dollars per person, PPP converted",0,Units,2,Two
DATAFLOW,OECD.ECO.MAD:DSD_EO_LTB@DF_EO_LTB(1.0),OECD Economic Outlook 117 long-term scenarios,I,CZE,Czechia,GDPVD_CAP,"Gross domestic product per capita, volume in USD, at constant purchasing power parities",BAU1,"Business-as-usual energy transition, median climate climate damage curve, no carbon mitigation costs",A,Annual,2017,,45536.43243,,,,USD_PPP_PS,"US dollars per person, PPP converted",0,Units,2,Two
DATAFLOW,OECD.ECO.MAD:DSD_EO_LTB@DF_EO_LTB(1.0),OECD Economic Outlook 117 long-term scenarios,I,CZE,Czechia,GDPVD_CAP,"Gross domestic product per capita, volume in USD, at constant purchasing power parities",BAU1,"Business-as-usual energy transition, median climate climate damage curve, no carbon mitigation costs",A,Annual,2018,,46759.79605,,,,USD_PPP_PS,"US dollars per person, PPP converted",0,Units,2,Two
DATAFLOW,OECD.ECO.MAD:DSD_EO_LTB@DF_EO_LTB(1.0),OECD Economic Outlook 117 long-term scenarios,I,CZE,Czechia,GDPVD_CAP,"Gross domestic product per capita, volume in USD, at constant purchasing power parities",BAU1,"Business-as-usual energy transition, median climate climate damage curve, no carbon mitigation costs",A,Annual,2019,,48326.42466,,,,USD_PPP_PS,"US dollars per person, PPP converted",0,Units,2,Two
DATAFLOW,OECD.ECO.MAD:DSD_EO_LTB@DF_EO_LTB(1.0),OECD Economic Outlook 117 long-term scenarios,I,CZE,Czechia,GDPVD_CAP,"Gross domestic product per capita, volume in USD, at constant purchasing power parities",BAU1,"Business-as-usual energy transition, median climate climate damage curve, no carbon mitigation costs",A,Annual,2020,,45964.8092,,,,USD_PPP_PS,"US dollars per person, PPP converted",0,Units,2,Two
DATAFLOW,OECD.ECO.MAD:DSD_EO_LTB@DF_EO_LTB(1.0),OECD Economic Outlook 117 long-term scenarios,I,CZE,Czechia,GDPVD_CAP,"Gross domestic product per capita, volume in USD, at constant purchasing power parities",BAU1,"Business-as-usual energy transition, median climate climate damage curve, no carbon mitigation costs",A,Annual,2021,,47796.08711,,,,USD_PPP_PS,"US dollars per person, PPP converted",0,Units,2,Two
DATAFLOW,OECD.ECO.MAD:DSD_EO_LTB@DF_EO_LTB(1.0),OECD Economic Outlook 117 long-term scenarios,I,CZE,Czechia,GDPVD_CAP,"Gross domestic product per capita, volume in USD, at constant purchasing power parities",BAU1,"Business-as-usual energy transition, median climate climate damage curve, no carbon mitigation costs",A,Annual,2022,,47976.78062,,,,USD_PPP_PS,"US dollars per person, PPP converted",0,Units,2,Two
DATAFLOW,OECD.ECO.MAD:DSD_EO_LTB@DF_EO_LTB(1.0),OECD Economic Outlook 117 long-term scenarios,I,CZE,Czechia,GDPVD_CAP,"Gross domestic product per capita, volume in USD, at constant purchasing power parities",BAU1,"Business-as-usual energy transition, median climate climate damage curve, no carbon mitigation costs",A,Annual,2023,,47484.75349,,,,USD_PPP_PS,"US dollars per person, PPP converted",0,Units,2,Two
DATAFLOW,OECD.ECO.MAD:DSD_EO_LTB@DF_EO_LTB(1.0),OECD Economic Outlook 117 long-term scenarios,I,CZE,Czechia,GDPVD_CAP,"Gross domestic product per capita, volume in USD, at constant purchasing power parities",BAU1,"Business-as-usual energy transition, median climate climate damage curve, no carbon mitigation costs",A,Annual,2024,,47906.43138,,,,USD_PPP_PS,"US dollars per person, PPP converted",0,Units,2,Two
DATAFLOW,OECD.ECO.MAD:DSD_EO_LTB@DF_EO_LTB(1.0),OECD Economic Outlook 117 long-term scenarios,I,CZE,Czechia,GDPVD_CAP,"Gross domestic product per capita, volume in USD, at constant purchasing power parities",BAU1,"Business-as-usual energy transition, median climate climate damage curve, no carbon mitigation costs",A,Annual,2025,,48882.03249,,,,USD_PPP_PS,"US dollars per person, PPP converted",0,Units,2,Two
DATAFLOW,OECD.ECO.MAD:DSD_EO_LTB@DF_EO_LTB(1.0),OECD Economic Outlook 117 long-term scenarios,I,CZE,Czechia,GDPVD_CAP,"Gross domestic product per capita, volume in USD, at constant purchasing power parities",BAU1,"Business-as-usual energy transition, median climate climate damage curve, no carbon mitigation costs",A,Annual,2026,,50009.43019,,,,USD_PPP_PS,"US dollars per person, PPP converted",0,Units,2,Two
DATAFLOW,OECD.ECO.MAD:DSD_EO_LTB@DF_EO_LTB(1.0),OECD Economic Outlook 117 long-term scenarios,I,CZE,Czechia,GDPVD_CAP,"Gross domestic product per capita, volume in USD, at constant purchasing power parities",BAU1,"Business-as-usual energy transition, median climate climate damage curve, no carbon mitigation costs",A,Annual,2027,,50962.73,,,,USD_PPP_PS,"US dollars per person, PPP converted",0,Units,2,Two
DATAFLOW,OECD.ECO.MAD:DSD_EO_LTB@DF_EO_LTB(1.0),OECD Economic Outlook 117 long-term scenarios,I,CZE,Czechia,GDPVD_CAP,"Gross domestic product per capita, volume in USD, at constant purchasing power parities",BAU1,"Business-as-usual energy transition, median climate climate damage curve, no carbon mitigation costs",A,Annual,2028,,51932.4,,,,USD_PPP_PS,"US dollars per person, PPP converted",0,Units,2,Two
DATAFLOW,OECD.ECO.MAD:DSD_EO_LTB@DF_EO_LTB(1.0),OECD Economic Outlook 117 long-term scenarios,I,CZE,Czechia,GDPVD_CAP,"Gross domestic product per capita, volume in USD, at constant purchasing power parities",BAU1,"Business-as-usual energy transition, median climate climate damage curve, no carbon mitigation costs",A,Annual,2029,,52954.23,,,,USD_PPP_PS,"US dollars per person, PPP converted",0,Units,2,Two
DATAFLOW,OECD.ECO.MAD:DSD_EO_LTB@DF_EO_LTB(1.0),OECD Economic Outlook 117 long-term scenarios,I,CZE,Czechia,GDPVD_CAP,"Gross domestic product per capita, volume in USD, at constant purchasing power parities",BAU1,"Business-as-usual energy transition, median climate climate damage curve, no carbon mitigation costs",A,Annual,2030,,54025.3,,,,USD_PPP_PS,"US dollars per person, PPP converted",0,Units,2,Two
DATAFLOW,OECD.ECO.MAD:DSD_EO_LTB@DF_EO_LTB(1.0),OECD Economic Outlook 117 long-term scenarios,I,CZE,Czechia,GDPVD_CAP,"Gross domestic product per capita, volume in USD, at constant purchasing power parities",BAU1,"Business-as-usual energy transition, median climate climate damage curve, no carbon mitigation costs",A,Annual,2031,,55133.48,,,,USD_PPP_PS,"US dollars per person, PPP converted",0,Units,2,Two
DATAFLOW,OECD.ECO.MAD:DSD_EO_LTB@DF_EO_LTB(1.0),OECD Economic Outlook 117 long-term scenarios,I,CZE,Czechia,GDPVD_CAP,"Gross domestic product per capita, volume in USD, at constant purchasing power parities",BAU1,"Business-as-usual energy transition, median climate climate damage curve, no carbon mitigation costs",A,Annual,2032,,56267.2,,,,USD_PPP_PS,"US dollars per person, PPP converted",0,Units,2,Two
DATAFLOW,OECD.ECO.MAD:DSD_EO_LTB@DF_EO_LTB(1.0),OECD Economic Outlook 117 long-term scenarios,I,CZE,Czechia,GDPVD_CAP,"Gross domestic product per capita, volume in USD, at constant purchasing power parities",BAU1,"Business-as-usual energy transition, median climate climate damage curve, no carbon mitigation costs",A,Annual,2033,,57412.27,,,,USD_PPP_PS,"US dollars per person, PPP converted",0,Units,2,Two
DATAFLOW,OECD.ECO.MAD:DSD_EO_LTB@DF_EO_LTB(1.0),OECD Economic Outlook 117 long-term scenarios,I,CZE,Czechia,GDPVD_CAP,"Gross domestic product per capita, volume in USD, at constant purchasing power parities",BAU1,"Business-as-usual energy transition, median climate climate damage curve, no carbon mitigation costs",A,Annual,2034,,58546.17,,,,USD_PPP_PS,"US dollars per person, PPP converted",0,Units,2,Two
DATAFLOW,OECD.ECO.MAD:DSD_EO_LTB@DF_EO_LTB(1.0),OECD Economic Outlook 117 long-term scenarios,I,CZE,Czechia,GDPVD_CAP,"Gross domestic product per capita, volume in USD, at constant purchasing power parities",BAU1,"Business-as-usual energy transition, median climate climate damage curve, no carbon mitigation costs",A,Annual,2035,,59629.35,,,,USD_PPP_PS,"US dollars per person, PPP converted",0,Units,2,Two
DATAFLOW,OECD.ECO.MAD:DSD_EO_LTB@DF_EO_LTB(1.0),OECD Economic Outlook 117 long-term scenarios,I,CZE,Czechia,GDPVD_CAP,"Gross domestic product per capita, volume in USD, at constant purchasing power parities",BAU1,"Business-as-usual energy transition, median climate climate damage curve, no carbon mitigation costs",A,Annual,2036,,60626.52,,,,USD_PPP_PS,"US dollars per person, PPP converted",0,Units,2,Two
DATAFLOW,OECD.ECO.MAD:DSD_EO_LTB@DF_EO_LTB(1.0),OECD Economic Outlook 117 long-term scenarios,I,CZE,Czechia,GDPVD_CAP,"Gross domestic product per capita, volume in USD, at constant purchasing power parities",BAU1,"Business-as-usual energy transition, median climate climate damage curve, no carbon mitigation costs",A,Annual,2037,,61567.09,,,,USD_PPP_PS,"US dollars per person, PPP converted",0,Units,2,Two
DATAFLOW,OECD.ECO.MAD:DSD_EO_LTB@DF_EO_LTB(1.0),OECD Economic Outlook 117 long-term scenarios,I,CZE,Czechia,GDPVD_CAP,"Gross domestic product per capita, volume in USD, at constant purchasing power parities",BAU1,"Business-as-usual energy transition, median climate climate damage curve, no carbon mitigation costs",A,Annual,2038,,62425.75,,,,USD_PPP_PS,"US dollars per person, PPP converted",0,Units,2,Two
DATAFLOW,OECD.ECO.MAD:DSD_EO_LTB@DF_EO_LTB(1.0),OECD Economic Outlook 117 long-term scenarios,I,CZE,Czechia,GDPVD_CAP,"Gross domestic product per capita, volume in USD, at constant purchasing power parities",BAU1,"Business-as-usual energy transition, median climate climate damage curve, no carbon mitigation costs",A,Annual,2039,,63192,,,,USD_PPP_PS,"US dollars per person, PPP converted",0,Units,2,Two
DATAFLOW,OECD.ECO.MAD:DSD_EO_LTB@DF_EO_LTB(1.0),OECD Economic Outlook 117 long-term scenarios,I,CZE,Czechia,GDPVD_CAP,"Gross domestic product per capita, volume in USD, at constant purchasing power parities",BAU1,"Business-as-usual energy transition, median climate climate damage curve, no carbon mitigation costs",A,Annual,2040,,63914.13,,,,USD_PPP_PS,"US dollars per person, PPP converted",0,Units,2,Two
DATAFLOW,OECD.ECO.MAD:DSD_EO_LTB@DF_EO_LTB(1.0),OECD Economic Outlook 117 long-term scenarios,I,CZE,Czechia,GDPVD_CAP,"Gross domestic product per capita, volume in USD, at constant purchasing power parities",BAU1,"Business-as-usual energy transition, median climate climate damage curve, no carbon mitigation costs",A,Annual,2041,,64636.21,,,,USD_PPP_PS,"US dollars per person, PPP converted",0,Units,2,Two
DATAFLOW,OECD.ECO.MAD:DSD_EO_LTB@DF_EO_LTB(1.0),OECD Economic Outlook 117 long-term scenarios,I,CZE,Czechia,GDPVD_CAP,"Gross domestic product per capita, volume in USD, at constant purchasing power parities",BAU1,"Business-as-usual energy transition, median climate climate damage curve, no carbon mitigation costs",A,Annual,2042,,65389.41,,,,USD_PPP_PS,"US dollars per person, PPP converted",0,Units,2,Two
DATAFLOW,OECD.ECO.MAD:DSD_EO_LTB@DF_EO_LTB(1.0),OECD Economic Outlook 117 long-term scenarios,I,CZE,Czechia,GDPVD_CAP,"Gross domestic product per capita, volume in USD, at constant purchasing power parities",BAU1,"Business-as-usual energy transition, median climate climate damage curve, no carbon mitigation costs",A,Annual,2043,,66168.5,,,,USD_PPP_PS,"US dollars per person, PPP converted",0,Units,2,Two
DATAFLOW,OECD.ECO.MAD:DSD_EO_LTB@DF_EO_LTB(1.0),OECD Economic Outlook 117 long-term scenarios,I,CZE,Czechia,GDPVD_CAP,"Gross domestic product per capita, volume in USD, at constant purchasing power parities",BAU1,"Business-as-usual energy transition, median climate climate damage curve, no carbon mitigation costs",A,Annual,2044,,66968.76,,,,USD_PPP_PS,"US dollars per person, PPP converted",0,Units,2,Two
DATAFLOW,OECD.ECO.MAD:DSD_EO_LTB@DF_EO_LTB(1.0),OECD Economic Outlook 117 long-term scenarios,I,CZE,Czechia,GDPVD_CAP,"Gross domestic product per capita, volume in USD, at constant purchasing power parities",BAU1,"Business-as-usual energy transition, median climate climate damage curve, no carbon mitigation costs",A,Annual,2045,,67785.06,,,,USD_PPP_PS,"US dollars per person, PPP converted",0,Units,2,Two
DATAFLOW,OECD.ECO.MAD:DSD_EO_LTB@DF_EO_LTB(1.0),OECD Economic Outlook 117 long-term scenarios,I,CZE,Czechia,GDPVD_CAP,"Gross domestic product per capita, volume in USD, at constant purchasing power parities",BAU1,"Business-as-usual energy transition, median climate climate damage curve, no carbon mitigation costs",A,Annual,2046,,68620.37,,,,USD_PPP_PS,"US dollars per person, PPP converted",0,Units,2,Two
DATAFLOW,OECD.ECO.MAD:DSD_EO_LTB@DF_EO_LTB(1.0),OECD Economic Outlook 117 long-term scenarios,I,CZE,Czechia,GDPVD_CAP,"Gross domestic product per capita, volume in USD, at constant purchasing power parities",BAU1,"Business-as-usual energy transition, median climate climate damage curve, no carbon mitigation costs",A,Annual,2047,,69470.68,,,,USD_PPP_PS,"US dollars per person, PPP converted",0,Units,2,Two
DATAFLOW,OECD.ECO.MAD:DSD_EO_LTB@DF_EO_LTB(1.0),OECD Economic Outlook 117 long-term scenarios,I,CZE,Czechia,GDPVD_CAP,"Gross domestic product per capita, volume in USD, at constant purchasing power parities",BAU1,"Business-as-usual energy transition, median climate climate damage curve, no carbon mitigation costs",A,Annual,2048,,70312.14,,,,USD_PPP_PS,"US dollars per person, PPP converted",0,Units,2,Two
DATAFLOW,OECD.ECO.MAD:DSD_EO_LTB@DF_EO_LTB(1.0),OECD Economic Outlook 117 long-term scenarios,I,CZE,Czechia,GDPVD_CAP,"Gross domestic product per capita, volume in USD, at constant purchasing power parities",BAU1,"Business-as-usual energy transition, median climate climate damage curve, no carbon mitigation costs",A,Annual,2049,,71128.96,,,,USD_PPP_PS,"US dollars per person, PPP converted",0,Units,2,Two
DATAFLOW,OECD.ECO.MAD:DSD_EO_LTB@DF_EO_LTB(1.0),OECD Economic Outlook 117 long-term scenarios,I,CZE,Czechia,GDPVD_CAP,"Gross domestic product per capita, volume in USD, at constant purchasing power parities",BAU1,"Business-as-usual energy transition, median climate climate damage curve, no carbon mitigation costs",A,Annual,2050,,71924.81,,,,USD_PPP_PS,"US dollars per person, PPP converted",0,Units,2,Two
DATAFLOW,OECD.ECO.MAD:DSD_EO_LTB@DF_EO_LTB(1.0),OECD Economic Outlook 117 long-term scenarios,I,CZE,Czechia,GDPVD_CAP,"Gross domestic product per capita, volume in USD, at constant purchasing power parities",BAU1,"Business-as-usual energy transition, median climate climate damage curve, no carbon mitigation costs",A,Annual,2051,,72733.74,,,,USD_PPP_PS,"US dollars per person, PPP converted",0,Units,2,Two
DATAFLOW,OECD.ECO.MAD:DSD_EO_LTB@DF_EO_LTB(1.0),OECD Economic Outlook 117 long-term scenarios,I,CZE,Czechia,GDPVD_CAP,"Gross domestic product per capita, volume in USD, at constant purchasing power parities",BAU1,"Business-as-usual energy transition, median climate climate damage curve, no carbon mitigation costs",A,Annual,2052,,73568,,,,USD_PPP_PS,"US dollars per person, PPP converted",0,Units,2,Two
DATAFLOW,OECD.ECO.MAD:DSD_EO_LTB@DF_EO_LTB(1.0),OECD Economic Outlook 117 long-term scenarios,I,CZE,Czechia,GDPVD_CAP,"Gross domestic product per capita, volume in USD, at constant purchasing power parities",BAU1,"Business-as-usual energy transition, median climate climate damage curve, no carbon mitigation costs",A,Annual,2053,,74437.43,,,,USD_PPP_PS,"US dollars per person, PPP converted",0,Units,2,Two
DATAFLOW,OECD.ECO.MAD:DSD_EO_LTB@DF_EO_LTB(1.0),OECD Economic Outlook 117 long-term scenarios,I,CZE,Czechia,GDPVD_CAP,"Gross domestic product per capita, volume in USD, at constant purchasing power parities",BAU1,"Business-as-usual energy transition, median climate climate damage curve, no carbon mitigation costs",A,Annual,2054,,75350.6,,,,USD_PPP_PS,"US dollars per person, PPP converted",0,Units,2,Two
DATAFLOW,OECD.ECO.MAD:DSD_EO_LTB@DF_EO_LTB(1.0),OECD Economic Outlook 117 long-term scenarios,I,CZE,Czechia,GDPVD_CAP,"Gross domestic product per capita, volume in USD, at constant purchasing power parities",BAU1,"Business-as-usual energy transition, median climate climate damage curve, no carbon mitigation costs",A,Annual,2055,,76329.34,,,,USD_PPP_PS,"US dollars per person, PPP converted",0,Units,2,Two
DATAFLOW,OECD.ECO.MAD:DSD_EO_LTB@DF_EO_LTB(1.0),OECD Economic Outlook 117 long-term scenarios,I,CZE,Czechia,GDPVD_CAP,"Gross domestic product per capita, volume in USD, at constant purchasing power parities",BAU1,"Business-as-usual energy transition, median climate climate damage curve, no carbon mitigation costs",A,Annual,2056,,77392.15,,,,USD_PPP_PS,"US dollars per person, PPP converted",0,Units,2,Two
DATAFLOW,OECD.ECO.MAD:DSD_EO_LTB@DF_EO_LTB(1.0),OECD Economic Outlook 117 long-term scenarios,I,CZE,Czechia,GDPVD_CAP,"Gross domestic product per capita, volume in USD, at constant purchasing power parities",BAU1,"Business-as-usual energy transition, median climate climate damage curve, no carbon mitigation costs",A,Annual,2057,,78541.6,,,,USD_PPP_PS,"US dollars per person, PPP converted",0,Units,2,Two
DATAFLOW,OECD.ECO.MAD:DSD_EO_LTB@DF_EO_LTB(1.0),OECD Economic Outlook 117 long-term scenarios,I,CZE,Czechia,GDPVD_CAP,"Gross domestic product per capita, volume in USD, at constant purchasing power parities",BAU1,"Business-as-usual energy transition, median climate climate damage curve, no carbon mitigation costs",A,Annual,2058,,79768.38,,,,USD_PPP_PS,"US dollars per person, PPP converted",0,Units,2,Two
DATAFLOW,OECD.ECO.MAD:DSD_EO_LTB@DF_EO_LTB(1.0),OECD Economic Outlook 117 long-term scenarios,I,CZE,Czechia,GDPVD_CAP,"Gross domestic product per capita, volume in USD, at constant purchasing power parities",BAU1,"Business-as-usual energy transition, median climate climate damage curve, no carbon mitigation costs",A,Annual,2059,,81069.34,,,,USD_PPP_PS,"US dollars per person, PPP converted",0,Units,2,Two
DATAFLOW,OECD.ECO.MAD:DSD_EO_LTB@DF_EO_LTB(1.0),OECD Economic Outlook 117 long-term scenarios,I,CZE,Czechia,GDPVD_CAP,"Gross domestic product per capita, volume in USD, at constant purchasing power parities",BAU1,"Business-as-usual energy transition, median climate climate damage curve, no carbon mitigation costs",A,Annual,2060,,82451.06,,,,USD_PPP_PS,"US dollars per person, PPP converted",0,Units,2,Two
DATAFLOW,OECD.ECO.MAD:DSD_EO_LTB@DF_EO_LTB(1.0),OECD Economic Outlook 117 long-term scenarios,I,AUS,Australia,GDPVD_CAP,"Gross domestic product per capita, volume in USD, at constant purchasing power parities",BAU1,"Business-as-usual energy transition, median climate climate damage curve, no carbon mitigation costs",A,Annual,1990,,37418.65513,,,,USD_PPP_PS,"US dollars per person, PPP converted",0,Units,2,Two
DATAFLOW,OECD.ECO.MAD:DSD_EO_LTB@DF_EO_LTB(1.0),OECD Economic Outlook 117 long-term scenarios,I,AUS,Australia,GDPVD_CAP,"Gross domestic product per capita, volume in USD, at constant purchasing power parities",BAU1,"Business-as-usual energy transition, median climate climate damage curve, no carbon mitigation costs",A,Annual,1991,,36452.1597,,,,USD_PPP_PS,"US dollars per person, PPP converted",0,Units,2,Two
DATAFLOW,OECD.ECO.MAD:DSD_EO_LTB@DF_EO_LTB(1.0),OECD Economic Outlook 117 long-term scenarios,I,AUS,Australia,GDPVD_CAP,"Gross domestic product per capita, volume in USD, at constant purchasing power parities",BAU1,"Business-as-usual energy transition, median climate climate damage curve, no carbon mitigation costs",A,Annual,1992,,37134.807,,,,USD_PPP_PS,"US dollars per person, PPP converted",0,Units,2,Two
DATAFLOW,OECD.ECO.MAD:DSD_EO_LTB@DF_EO_LTB(1.0),OECD Economic Outlook 117 long-term scenarios,I,AUS,Australia,GDPVD_CAP,"Gross domestic product per capita, volume in USD, at constant purchasing power parities",BAU1,"Business-as-usual energy transition, median climate climate damage curve, no carbon mitigation costs",A,Annual,1993,,38312.20109,,,,USD_PPP_PS,"US dollars per person, PPP converted",0,Units,2,Two
DATAFLOW,OECD.ECO.MAD:DSD_EO_LTB@DF_EO_LTB(1.0),OECD Economic Outlook 117 long-term scenarios,I,AUS,Australia,GDPVD_CAP,"Gross domestic product per capita, volume in USD, at constant purchasing power parities",BAU1,"Business-as-usual energy transition, median climate climate damage curve, no carbon mitigation costs",A,Annual,1994,,39745.05903,,,,USD_PPP_PS,"US dollars per person, PPP converted",0,Units,2,Two
DATAFLOW,OECD.ECO.MAD:DSD_EO_LTB@DF_EO_LTB(1.0),OECD Economic Outlook 117 long-term scenarios,I,AUS,Australia,GDPVD_CAP,"Gross domestic product per capita, volume in USD, at constant purchasing power parities",BAU1,"Business-as-usual energy transition, median climate climate damage curve, no carbon mitigation costs",A,Annual,1995,,40546.43441,,,,USD_PPP_PS,"US dollars per person, PPP converted",0,Units,2,Two
DATAFLOW,OECD.ECO.MAD:DSD_EO_LTB@DF_EO_LTB(1.0),OECD Economic Outlook 117 long-term scenarios,I,AUS,Australia,GDPVD_CAP,"Gross domestic product per capita, volume in USD, at constant purchasing power parities",BAU1,"Business-as-usual energy transition, median climate climate damage curve, no carbon mitigation costs",A,Annual,1996,,41632.12967,,,,USD_PPP_PS,"US dollars per person, PPP converted",0,Units,2,Two
DATAFLOW,OECD.ECO.MAD:DSD_EO_LTB@DF_EO_LTB(1.0),OECD Economic Outlook 117 long-term scenarios,I,AUS,Australia,GDPVD_CAP,"Gross domestic product per capita, volume in USD, at constant purchasing power parities",BAU1,"Business-as-usual energy transition, median climate climate damage curve, no carbon mitigation costs",A,Annual,1997,,42926.12936,,,,USD_PPP_PS,"US dollars per person, PPP converted",0,Units,2,Two
DATAFLOW,OECD.ECO.MAD:DSD_EO_LTB@DF_EO_LTB(1.0),OECD Economic Outlook 117 long-term scenarios,I,AUS,Australia,GDPVD_CAP,"Gross domestic product per capita, volume in USD, at constant purchasing power parities",BAU1,"Business-as-usual energy transition, median climate climate damage curve, no carbon mitigation costs",A,Annual,1998,,44605.50408,,,,USD_PPP_PS,"US dollars per person, PPP converted",0,Units,2,Two
DATAFLOW,OECD.ECO.MAD:DSD_EO_LTB@DF_EO_LTB(1.0),OECD Economic Outlook 117 long-term scenarios,I,AUS,Australia,GDPVD_CAP,"Gross domestic product per capita, volume in USD, at constant purchasing power parities",BAU1,"Business-as-usual energy transition, median climate climate damage curve, no carbon mitigation costs",A,Annual,1999,,45991.08233,,,,USD_PPP_PS,"US dollars per person, PPP converted",0,Units,2,Two
DATAFLOW,OECD.ECO.MAD:DSD_EO_LTB@DF_EO_LTB(1.0),OECD Economic Outlook 117 long-term scenarios,I,AUS,Australia,GDPVD_CAP,"Gross domestic product per capita, volume in USD, at constant purchasing power parities",BAU1,"Business-as-usual energy transition, median climate climate damage curve, no carbon mitigation costs",A,Annual,2000,,46991.31032,,,,USD_PPP_PS,"US dollars per person, PPP converted",0,Units,2,Two
DATAFLOW,OECD.ECO.MAD:DSD_EO_LTB@DF_EO_LTB(1.0),OECD Economic Outlook 117 long-term scenarios,I,AUS,Australia,GDPVD_CAP,"Gross domestic product per capita, volume in USD, at constant purchasing power parities",BAU1,"Business-as-usual energy transition, median climate climate damage curve, no carbon mitigation costs",A,Annual,2001,,47650.95684,,,,USD_PPP_PS,"US dollars per person, PPP converted",0,Units,2,Two
DATAFLOW,OECD.ECO.MAD:DSD_EO_LTB@DF_EO_LTB(1.0),OECD Economic Outlook 117 long-term scenarios,I,AUS,Australia,GDPVD_CAP,"Gross domestic product per capita, volume in USD, at constant purchasing power parities",BAU1,"Business-as-usual energy transition, median climate climate damage curve, no carbon mitigation costs",A,Annual,2002,,49001.92446,,,,USD_PPP_PS,"US dollars per person, PPP converted",0,Units,2,Two
DATAFLOW,OECD.ECO.MAD:DSD_EO_LTB@DF_EO_LTB(1.0),OECD Economic Outlook 117 long-term scenarios,I,AUS,Australia,GDPVD_CAP,"Gross domestic product per capita, volume in USD, at constant purchasing power parities",BAU1,"Business-as-usual energy transition, median climate climate damage curve, no carbon mitigation costs",A,Annual,2003,,49949.49646,,,,USD_PPP_PS,"US dollars per person, PPP converted",0,Units,2,Two
DATAFLOW,OECD.ECO.MAD:DSD_EO_LTB@DF_EO_LTB(1.0),OECD Economic Outlook 117 long-term scenarios,I,AUS,Australia,GDPVD_CAP,"Gross domestic product per capita, volume in USD, at constant purchasing power parities",BAU1,"Business-as-usual energy transition, median climate climate damage curve, no carbon mitigation costs",A,Annual,2004,,51379.85168,,,,USD_PPP_PS,"US dollars per person, PPP converted",0,Units,2,Two
DATAFLOW,OECD.ECO.MAD:DSD_EO_LTB@DF_EO_LTB(1.0),OECD Economic Outlook 117 long-term scenarios,I,AUS,Australia,GDPVD_CAP,"Gross domestic product per capita, volume in USD, at constant purchasing power parities",BAU1,"Business-as-usual energy transition, median climate climate damage curve, no carbon mitigation costs",A,Annual,2005,,52297.45992,,,,USD_PPP_PS,"US dollars per person, PPP converted",0,Units,2,Two
DATAFLOW,OECD.ECO.MAD:DSD_EO_LTB@DF_EO_LTB(1.0),OECD Economic Outlook 117 long-term scenarios,I,AUS,Australia,GDPVD_CAP,"Gross domestic product per capita, volume in USD, at constant purchasing power parities",BAU1,"Business-as-usual energy transition, median climate climate damage curve, no carbon mitigation costs",A,Annual,2006,,52983.61596,,,,USD_PPP_PS,"US dollars per person, PPP converted",0,Units,2,Two
DATAFLOW,OECD.ECO.MAD:DSD_EO_LTB@DF_EO_LTB(1.0),OECD Economic Outlook 117 long-term scenarios,I,AUS,Australia,GDPVD_CAP,"Gross domestic product per capita, volume in USD, at constant purchasing power parities",BAU1,"Business-as-usual energy transition, median climate climate damage curve, no carbon mitigation costs",A,Annual,2007,,54293.18768,,,,USD_PPP_PS,"US dollars per person, PPP converted",0,Units,2,Two
DATAFLOW,OECD.ECO.MAD:DSD_EO_LTB@DF_EO_LTB(1.0),OECD Economic Outlook 117 long-term scenarios,I,AUS,Australia,GDPVD_CAP,"Gross domestic product per capita, volume in USD, at constant purchasing power parities",BAU1,"Business-as-usual energy transition, median climate climate damage curve, no carbon mitigation costs",A,Annual,2008,,54528.6516,,,,USD_PPP_PS,"US dollars per person, PPP converted",0,Units,2,Two
DATAFLOW,OECD.ECO.MAD:DSD_EO_LTB@DF_EO_LTB(1.0),OECD Economic Outlook 117 long-term scenarios,I,AUS,Australia,GDPVD_CAP,"Gross domestic product per capita, volume in USD, at constant purchasing power parities",BAU1,"Business-as-usual energy transition, median climate climate damage curve, no carbon mitigation costs",A,Annual,2009,,54472.3691,,,,USD_PPP_PS,"US dollars per person, PPP converted",0,Units,2,Two
DATAFLOW,OECD.ECO.MAD:DSD_EO_LTB@DF_EO_LTB(1.0),OECD Economic Outlook 117 long-term scenarios,I,AUS,Australia,GDPVD_CAP,"Gross domestic product per capita, volume in USD, at constant purchasing power parities",BAU1,"Business-as-usual energy transition, median climate climate damage curve, no carbon mitigation costs",A,Annual,2010,,54974.45023,,,,USD_PPP_PS,"US dollars per person, PPP converted",0,Units,2,Two
DATAFLOW,OECD.ECO.MAD:DSD_EO_LTB@DF_EO_LTB(1.0),OECD Economic Outlook 117 long-term scenarios,I,AUS,Australia,GDPVD_CAP,"Gross domestic product per capita, volume in USD, at constant purchasing power parities",BAU1,"Business-as-usual energy transition, median climate climate damage curve, no carbon mitigation costs",A,Annual,2011,,55665.51664,,,,USD_PPP_PS,"US dollars per person, PPP converted",0,Units,2,Two
DATAFLOW,OECD.ECO.MAD:DSD_EO_LTB@DF_EO_LTB(1.0),OECD Economic Outlook 117 long-term scenarios,I,AUS,Australia,GDPVD_CAP,"Gross domestic product per capita, volume in USD, at constant purchasing power parities",BAU1,"Business-as-usual energy transition, median climate climate damage curve, no carbon mitigation costs",A,Annual,2012,,56848.21094,,,,USD_PPP_PS,"US dollars per person, PPP converted",0,Units,2,Two
DATAFLOW,OECD.ECO.MAD:DSD_EO_LTB@DF_EO_LTB(1.0),OECD Economic Outlook 117 long-term scenarios,I,AUS,Australia,GDPVD_CAP,"Gross domestic product per capita, volume in USD, at constant purchasing power parities",BAU1,"Business-as-usual energy transition, median climate climate damage curve, no carbon mitigation costs",A,Annual,2013,,57099.20085,,,,USD_PPP_PS,"US dollars per person, PPP converted",0,Units,2,Two
DATAFLOW,OECD.ECO.MAD:DSD_EO_LTB@DF_EO_LTB(1.0),OECD Economic Outlook 117 long-term scenarios,I,AUS,Australia,GDPVD_CAP,"Gross domestic product per capita, volume in USD, at constant purchasing power parities",BAU1,"Business-as-usual energy transition, median climate climate damage curve, no carbon mitigation costs",A,Annual,2014,,57682.83494,,,,USD_PPP_PS,"US dollars per person, PPP converted",0,Units,2,Two
DATAFLOW,OECD.ECO.MAD:DSD_EO_LTB@DF_EO_LTB(1.0),OECD Economic Outlook 117 long-term scenarios,I,AUS,Australia,GDPVD_CAP,"Gross domestic product per capita, volume in USD, at constant purchasing power parities",BAU1,"Business-as-usual energy transition, median climate climate damage curve, no carbon mitigation costs",A,Annual,2015,,58180.43447,,,,USD_PPP_PS,"US dollars per person, PPP converted",0,Units,2,Two
DATAFLOW,OECD.ECO.MAD:DSD_EO_LTB@DF_EO_LTB(1.0),OECD Economic Outlook 117 long-term scenarios,I,AUS,Australia,GDPVD_CAP,"Gross domestic product per capita, volume in USD, at constant purchasing power parities",BAU1,"Business-as-usual energy transition, median climate climate damage curve, no carbon mitigation costs",A,Annual,2016,,58815.49867,,,,USD_PPP_PS,"US dollars per person, PPP converted",0,Units,2,Two
DATAFLOW,OECD.ECO.MAD:DSD_EO_LTB@DF_EO_LTB(1.0),OECD Economic Outlook 117 long-term scenarios,I,AUS,Australia,GDPVD_CAP,"Gross domestic product per capita, volume in USD, at constant purchasing power parities",BAU1,"Business-as-usual energy transition, median climate climate damage curve, no carbon mitigation costs",A,Annual,2017,,59261.23989,,,,USD_PPP_PS,"US dollars per person, PPP converted",0,Units,2,Two
DATAFLOW,OECD.ECO.MAD:DSD_EO_LTB@DF_EO_LTB(1.0),OECD Economic Outlook 117 long-term scenarios,I,AUS,Australia,GDPVD_CAP,"Gross domestic product per capita, volume in USD, at constant purchasing power parities",BAU1,"Business-as-usual energy transition, median climate climate damage curve, no carbon mitigation costs",A,Annual,2018,,60036.32687,,,,USD_PPP_PS,"US dollars per person, PPP converted",0,Units,2,Two
DATAFLOW,OECD.ECO.MAD:DSD_EO_LTB@DF_EO_LTB(1.0),OECD Economic Outlook 117 long-term scenarios,I,AUS,Australia,GDPVD_CAP,"Gross domestic product per capita, volume in USD, at constant purchasing power parities",BAU1,"Business-as-usual energy transition, median climate climate damage curve, no carbon mitigation costs",A,Annual,2019,,60288.98261,,,,USD_PPP_PS,"US dollars per person, PPP converted",0,Units,2,Two
DATAFLOW,OECD.ECO.MAD:DSD_EO_LTB@DF_EO_LTB(1.0),OECD Economic Outlook 117 long-term scenarios,I,AUS,Australia,GDPVD_CAP,"Gross domestic product per capita, volume in USD, at constant purchasing power parities",BAU1,"Business-as-usual energy transition, median climate climate damage curve, no carbon mitigation costs",A,Annual,2020,,58350.71047,,,,USD_PPP_PS,"US dollars per person, PPP converted",0,Units,2,Two
DATAFLOW,OECD.ECO.MAD:DSD_EO_LTB@DF_EO_LTB(1.0),OECD Economic Outlook 117 long-term scenarios,I,AUS,Australia,GDPVD_CAP,"Gross domestic product per capita, volume in USD, at constant purchasing power parities",BAU1,"Business-as-usual energy transition, median climate climate damage curve, no carbon mitigation costs",A,Annual,2021,,61440.2389,,,,USD_PPP_PS,"US dollars per person, PPP converted",0,Units,2,Two
DATAFLOW,OECD.ECO.MAD:DSD_EO_LTB@DF_EO_LTB(1.0),OECD Economic Outlook 117 long-term scenarios,I,AUS,Australia,GDPVD_CAP,"Gross domestic product per capita, volume in USD, at constant purchasing power parities",BAU1,"Business-as-usual energy transition, median climate climate damage curve, no carbon mitigation costs",A,Annual,2022,,63162.80909,,,,USD_PPP_PS,"US dollars per person, PPP converted",0,Units,2,Two
DATAFLOW,OECD.ECO.MAD:DSD_EO_LTB@DF_EO_LTB(1.0),OECD Economic Outlook 117 long-term scenarios,I,AUS,Australia,GDPVD_CAP,"Gross domestic product per capita, volume in USD, at constant purchasing power parities",BAU1,"Business-as-usual energy transition, median climate climate damage curve, no carbon mitigation costs",A,Annual,2023,,62905.0711,,,,USD_PPP_PS,"US dollars per person, PPP converted",0,Units,2,Two
DATAFLOW,OECD.ECO.MAD:DSD_EO_LTB@DF_EO_LTB(1.0),OECD Economic Outlook 117 long-term scenarios,I,AUS,Australia,GDPVD_CAP,"Gross domestic product per capita, volume in USD, at constant purchasing power parities",BAU1,"Business-as-usual energy transition, median climate climate damage curve, no carbon mitigation costs",A,Annual,2024,,62358.67327,,,,USD_PPP_PS,"US dollars per person, PPP converted",0,Units,2,Two
DATAFLOW,OECD.ECO.MAD:DSD_EO_LTB@DF_EO_LTB(1.0),OECD Economic Outlook 117 long-term scenarios,I,AUS,Australia,GDPVD_CAP,"Gross domestic product per capita, volume in USD, at constant purchasing power parities",BAU1,"Business-as-usual energy transition, median climate climate damage curve, no carbon mitigation costs",A,Annual,2025,,62417.72473,,,,USD_PPP_PS,"US dollars per person, PPP converted",0,Units,2,Two
DATAFLOW,OECD.ECO.MAD:DSD_EO_LTB@DF_EO_LTB(1.0),OECD Economic Outlook 117 long-term scenarios,I,AUS,Australia,GDPVD_CAP,"Gross domestic product per capita, volume in USD, at constant purchasing power parities",BAU1,"Business-as-usual energy transition, median climate climate damage curve, no carbon mitigation costs",A,Annual,2026,,62791.17075,,,,USD_PPP_PS,"US dollars per person, PPP converted",0,Units,2,Two
DATAFLOW,OECD.ECO.MAD:DSD_EO_LTB@DF_EO_LTB(1.0),OECD Economic Outlook 117 long-term scenarios,I,AUS,Australia,GDPVD_CAP,"Gross domestic product per capita, volume in USD, at constant purchasing power parities",BAU1,"Business-as-usual energy transition, median climate climate damage curve, no carbon mitigation costs",A,Annual,2027,,63696.67,,,,USD_PPP_PS,"US dollars per person, PPP converted",0,Units,2,Two
DATAFLOW,OECD.ECO.MAD:DSD_EO_LTB@DF_EO_LTB(1.0),OECD Economic Outlook 117 long-term scenarios,I,AUS,Australia,GDPVD_CAP,"Gross domestic product per capita, volume in USD, at constant purchasing power parities",BAU1,"Business-as-usual energy transition, median climate climate damage curve, no carbon mitigation costs",A,Annual,2028,,64544.44,,,,USD_PPP_PS,"US dollars per person, PPP converted",0,Units,2,Two
DATAFLOW,OECD.ECO.MAD:DSD_EO_LTB@DF_EO_LTB(1.0),OECD Economic Outlook 117 long-term scenarios,I,AUS,Australia,GDPVD_CAP,"Gross domestic product per capita, volume in USD, at constant purchasing power parities",BAU1,"Business-as-usual energy transition, median climate climate damage curve, no carbon mitigation costs",A,Annual,2029,,65421.62,,,,USD_PPP_PS,"US dollars per person, PPP converted",0,Units,2,Two
DATAFLOW,OECD.ECO.MAD:DSD_EO_LTB@DF_EO_LTB(1.0),OECD Economic Outlook 117 long-term scenarios,I,AUS,Australia,GDPVD_CAP,"Gross domestic product per capita, volume in USD, at constant purchasing power parities",BAU1,"Business-as-usual energy transition, median climate climate damage curve, no carbon mitigation costs",A,Annual,2030,,66327.24,,,,USD_PPP_PS,"US dollars per person, PPP converted",0,Units,2,Two
DATAFLOW,OECD.ECO.MAD:DSD_EO_LTB@DF_EO_LTB(1.0),OECD Economic Outlook 117 long-term scenarios,I,AUS,Australia,GDPVD_CAP,"Gross domestic product per capita, volume in USD, at constant purchasing power parities",BAU1,"Business-as-usual energy transition, median climate climate damage curve, no carbon mitigation costs",A,Annual,2031,,67276.83,,,,USD_PPP_PS,"US dollars per person, PPP converted",0,Units,2,Two
DATAFLOW,OECD.ECO.MAD:DSD_EO_LTB@DF_EO_LTB(1.0),OECD Economic Outlook 117 long-term scenarios,I,AUS,Australia,GDPVD_CAP,"Gross domestic product per capita, volume in USD, at constant purchasing power parities",BAU1,"Business-as-usual energy transition, median climate climate damage curve, no carbon mitigation costs",A,Annual,2032,,68241.48,,,,USD_PPP_PS,"US dollars per person, PPP converted",0,Units,2,Two
DATAFLOW,OECD.ECO.MAD:DSD_EO_LTB@DF_EO_LTB(1.0),OECD Economic Outlook 117 long-term scenarios,I,AUS,Australia,GDPVD_CAP,"Gross domestic product per capita, volume in USD, at constant purchasing power parities",BAU1,"Business-as-usual energy transition, median climate climate damage curve, no carbon mitigation costs",A,Annual,2033,,69233.81,,,,USD_PPP_PS,"US dollars per person, PPP converted",0,Units,2,Two
DATAFLOW,OECD.ECO.MAD:DSD_EO_LTB@DF_EO_LTB(1.0),OECD Economic Outlook 117 long-term scenarios,I,AUS,Australia,GDPVD_CAP,"Gross domestic product per capita, volume in USD, at constant purchasing power parities",BAU1,"Business-as-usual energy transition, median climate climate damage curve, no carbon mitigation costs",A,Annual,2034,,70240.74,,,,USD_PPP_PS,"US dollars per person, PPP converted",0,Units,2,Two
DATAFLOW,OECD.ECO.MAD:DSD_EO_LTB@DF_EO_LTB(1.0),OECD Economic Outlook 117 long-term scenarios,I,AUS,Australia,GDPVD_CAP,"Gross domestic product per capita, volume in USD, at constant purchasing power parities",BAU1,"Business-as-usual energy transition, median climate climate damage curve, no carbon mitigation costs",A,Annual,2035,,71261.33,,,,USD_PPP_PS,"US dollars per person, PPP converted",0,Units,2,Two
DATAFLOW,OECD.ECO.MAD:DSD_EO_LTB@DF_EO_LTB(1.0),OECD Economic Outlook 117 long-term scenarios,I,AUS,Australia,GDPVD_CAP,"Gross domestic product per capita, volume in USD, at constant purchasing power parities",BAU1,"Business-as-usual energy transition, median climate climate damage curve, no carbon mitigation costs",A,Annual,2036,,72283.2,,,,USD_PPP_PS,"US dollars per person, PPP converted",0,Units,2,Two
DATAFLOW,OECD.ECO.MAD:DSD_EO_LTB@DF_EO_LTB(1.0),OECD Economic Outlook 117 long-term scenarios,I,AUS,Australia,GDPVD_CAP,"Gross domestic product per capita, volume in USD, at constant purchasing power parities",BAU1,"Business-as-usual energy transition, median climate climate damage curve, no carbon mitigation costs",A,Annual,2037,,73314.97,,,,USD_PPP_PS,"US dollars per person, PPP converted",0,Units,2,Two
DATAFLOW,OECD.ECO.MAD:DSD_EO_LTB@DF_EO_LTB(1.0),OECD Economic Outlook 117 long-term scenarios,I,AUS,Australia,GDPVD_CAP,"Gross domestic product per capita, volume in USD, at constant purchasing power parities",BAU1,"Business-as-usual energy transition, median climate climate damage curve, no carbon mitigation costs",A,Annual,2038,,74390.47,,,,USD_PPP_PS,"US dollars per person, PPP converted",0,Units,2,Two
DATAFLOW,OECD.ECO.MAD:DSD_EO_LTB@DF_EO_LTB(1.0),OECD Economic Outlook 117 long-term scenarios,I,AUS,Australia,GDPVD_CAP,"Gross domestic product per capita, volume in USD, at constant purchasing power parities",BAU1,"Business-as-usual energy transition, median climate climate damage curve, no carbon mitigation costs",A,Annual,2039,,75458.91,,,,USD_PPP_PS,"US dollars per person, PPP converted",0,Units,2,Two
DATAFLOW,OECD.ECO.MAD:DSD_EO_LTB@DF_EO_LTB(1.0),OECD Economic Outlook 117 long-term scenarios,I,AUS,Australia,GDPVD_CAP,"Gross domestic product per capita, volume in USD, at constant purchasing power parities",BAU1,"Business-as-usual energy transition, median climate climate damage curve, no carbon mitigation costs",A,Annual,2040,,76570.36,,,,USD_PPP_PS,"US dollars per person, PPP converted",0,Units,2,Two
DATAFLOW,OECD.ECO.MAD:DSD_EO_LTB@DF_EO_LTB(1.0),OECD Economic Outlook 117 long-term scenarios,I,AUS,Australia,GDPVD_CAP,"Gross domestic product per capita, volume in USD, at constant purchasing power parities",BAU1,"Business-as-usual energy transition, median climate climate damage curve, no carbon mitigation costs",A,Annual,2041,,77681.55,,,,USD_PPP_PS,"US dollars per person, PPP converted",0,Units,2,Two
DATAFLOW,OECD.ECO.MAD:DSD_EO_LTB@DF_EO_LTB(1.0),OECD Economic Outlook 117 long-term scenarios,I,AUS,Australia,GDPVD_CAP,"Gross domestic product per capita, volume in USD, at constant purchasing power parities",BAU1,"Business-as-usual energy transition, median climate climate damage curve, no carbon mitigation costs",A,Annual,2042,,78796.85,,,,USD_PPP_PS,"US dollars per person, PPP converted",0,Units,2,Two
DATAFLOW,OECD.ECO.MAD:DSD_EO_LTB@DF_EO_LTB(1.0),OECD Economic Outlook 117 long-term scenarios,I,AUS,Australia,GDPVD_CAP,"Gross domestic product per capita, volume in USD, at constant purchasing power parities",BAU1,"Business-as-usual energy transition, median climate climate damage curve, no carbon mitigation costs",A,Annual,2043,,79920.15,,,,USD_PPP_PS,"US dollars per person, PPP converted",0,Units,2,Two
DATAFLOW,OECD.ECO.MAD:DSD_EO_LTB@DF_EO_LTB(1.0),OECD Economic Outlook 117 long-term scenarios,I,AUS,Australia,GDPVD_CAP,"Gross domestic product per capita, volume in USD, at constant purchasing power parities",BAU1,"Business-as-usual energy transition, median climate climate damage curve, no carbon mitigation costs",A,Annual,2044,,81077.12,,,,USD_PPP_PS,"US dollars per person, PPP converted",0,Units,2,Two
DATAFLOW,OECD.ECO.MAD:DSD_EO_LTB@DF_EO_LTB(1.0),OECD Economic Outlook 117 long-term scenarios,I,AUS,Australia,GDPVD_CAP,"Gross domestic product per capita, volume in USD, at constant purchasing power parities",BAU1,"Business-as-usual energy transition, median climate climate damage curve, no carbon mitigation costs",A,Annual,2045,,82255.19,,,,USD_PPP_PS,"US dollars per person, PPP converted",0,Units,2,Two
DATAFLOW,OECD.ECO.MAD:DSD_EO_LTB@DF_EO_LTB(1.0),OECD Economic Outlook 117 long-term scenarios,I,AUS,Australia,GDPVD_CAP,"Gross domestic product per capita, volume in USD, at constant purchasing power parities",BAU1,"Business-as-usual energy transition, median climate climate damage curve, no carbon mitigation costs",A,Annual,2046,,83430.09,,,,USD_PPP_PS,"US dollars per person, PPP converted",0,Units,2,Two
DATAFLOW,OECD.ECO.MAD:DSD_EO_LTB@DF_EO_LTB(1.0),OECD Economic Outlook 117 long-term scenarios,I,AUS,Australia,GDPVD_CAP,"Gross domestic product per capita, volume in USD, at constant purchasing power parities",BAU1,"Business-as-usual energy transition, median climate climate damage curve, no carbon mitigation costs",A,Annual,2047,,84582.61,,,,USD_PPP_PS,"US dollars per person, PPP converted",0,Units,2,Two
DATAFLOW,OECD.ECO.MAD:DSD_EO_LTB@DF_EO_LTB(1.0),OECD Economic Outlook 117 long-term scenarios,I,AUS,Australia,GDPVD_CAP,"Gross domestic product per capita, volume in USD, at constant purchasing power parities",BAU1,"Business-as-usual energy transition, median climate climate damage curve, no carbon mitigation costs",A,Annual,2048,,85785.4,,,,USD_PPP_PS,"US dollars per person, PPP converted",0,Units,2,Two
DATAFLOW,OECD.ECO.MAD:DSD_EO_LTB@DF_EO_LTB(1.0),OECD Economic Outlook 117 long-term scenarios,I,AUS,Australia,GDPVD_CAP,"Gross domestic product per capita, volume in USD, at constant purchasing power parities",BAU1,"Business-as-usual energy transition, median climate climate damage curve, no carbon mitigation costs",A,Annual,2049,,86923.36,,,,USD_PPP_PS,"US dollars per person, PPP converted",0,Units,2,Two
DATAFLOW,OECD.ECO.MAD:DSD_EO_LTB@DF_EO_LTB(1.0),OECD Economic Outlook 117 long-term scenarios,I,AUS,Australia,GDPVD_CAP,"Gross domestic product per capita, volume in USD, at constant purchasing power parities",BAU1,"Business-as-usual energy transition, median climate climate damage curve, no carbon mitigation costs",A,Annual,2050,,88101.8,,,,USD_PPP_PS,"US dollars per person, PPP converted",0,Units,2,Two
DATAFLOW,OECD.ECO.MAD:DSD_EO_LTB@DF_EO_LTB(1.0),OECD Economic Outlook 117 long-term scenarios,I,AUS,Australia,GDPVD_CAP,"Gross domestic product per capita, volume in USD, at constant purchasing power parities",BAU1,"Business-as-usual energy transition, median climate climate damage curve, no carbon mitigation costs",A,Annual,2051,,89268.95,,,,USD_PPP_PS,"US dollars per person, PPP converted",0,Units,2,Two
DATAFLOW,OECD.ECO.MAD:DSD_EO_LTB@DF_EO_LTB(1.0),OECD Economic Outlook 117 long-term scenarios,I,AUS,Australia,GDPVD_CAP,"Gross domestic product per capita, volume in USD, at constant purchasing power parities",BAU1,"Business-as-usual energy transition, median climate climate damage curve, no carbon mitigation costs",A,Annual,2052,,90440.34,,,,USD_PPP_PS,"US dollars per person, PPP converted",0,Units,2,Two
DATAFLOW,OECD.ECO.MAD:DSD_EO_LTB@DF_EO_LTB(1.0),OECD Economic Outlook 117 long-term scenarios,I,AUS,Australia,GDPVD_CAP,"Gross domestic product per capita, volume in USD, at constant purchasing power parities",BAU1,"Business-as-usual energy transition, median climate climate damage curve, no carbon mitigation costs",A,Annual,2053,,91636.34,,,,USD_PPP_PS,"US dollars per person, PPP converted",0,Units,2,Two
DATAFLOW,OECD.ECO.MAD:DSD_EO_LTB@DF_EO_LTB(1.0),OECD Economic Outlook 117 long-term scenarios,I,AUS,Australia,GDPVD_CAP,"Gross domestic product per capita, volume in USD, at constant purchasing power parities",BAU1,"Business-as-usual energy transition, median climate climate damage curve, no carbon mitigation costs",A,Annual,2054,,92839.74,,,,USD_PPP_PS,"US dollars per person, PPP converted",0,Units,2,Two
DATAFLOW,OECD.ECO.MAD:DSD_EO_LTB@DF_EO_LTB(1.0),OECD Economic Outlook 117 long-term scenarios,I,AUS,Australia,GDPVD_CAP,"Gross domestic product per capita, volume in USD, at constant purchasing power parities",BAU1,"Business-as-usual energy transition, median climate climate damage curve, no carbon mitigation costs",A,Annual,2055,,94045.49,,,,USD_PPP_PS,"US dollars per person, PPP converted",0,Units,2,Two
DATAFLOW,OECD.ECO.MAD:DSD_EO_LTB@DF_EO_LTB(1.0),OECD Economic Outlook 117 long-term scenarios,I,AUS,Australia,GDPVD_CAP,"Gross domestic product per capita, volume in USD, at constant purchasing power parities",BAU1,"Business-as-usual energy transition, median climate climate damage curve, no carbon mitigation costs",A,Annual,2056,,95270.7,,,,USD_PPP_PS,"US dollars per person, PPP converted",0,Units,2,Two
DATAFLOW,OECD.ECO.MAD:DSD_EO_LTB@DF_EO_LTB(1.0),OECD Economic Outlook 117 long-term scenarios,I,AUS,Australia,GDPVD_CAP,"Gross domestic product per capita, volume in USD, at constant purchasing power parities",BAU1,"Business-as-usual energy transition, median climate climate damage curve, no carbon mitigation costs",A,Annual,2057,,96548.26,,,,USD_PPP_PS,"US dollars per person, PPP converted",0,Units,2,Two
DATAFLOW,OECD.ECO.MAD:DSD_EO_LTB@DF_EO_LTB(1.0),OECD Economic Outlook 117 long-term scenarios,I,AUS,Australia,GDPVD_CAP,"Gross domestic product per capita, volume in USD, at constant purchasing power parities",BAU1,"Business-as-usual energy transition, median climate climate damage curve, no carbon mitigation costs",A,Annual,2058,,97852.54,,,,USD_PPP_PS,"US dollars per person, PPP converted",0,Units,2,Two
DATAFLOW,OECD.ECO.MAD:DSD_EO_LTB@DF_EO_LTB(1.0),OECD Economic Outlook 117 long-term scenarios,I,AUS,Australia,GDPVD_CAP,"Gross domestic product per capita, volume in USD, at constant purchasing power parities",BAU1,"Business-as-usual energy transition, median climate climate damage curve, no carbon mitigation costs",A,Annual,2059,,99150.42,,,,USD_PPP_PS,"US dollars per person, PPP converted",0,Units,2,Two
DATAFLOW,OECD.ECO.MAD:DSD_EO_LTB@DF_EO_LTB(1.0),OECD Economic Outlook 117 long-term scenarios,I,AUS,Australia,GDPVD_CAP,"Gross domestic product per capita, volume in USD, at constant purchasing power parities",BAU1,"Business-as-usual energy transition, median climate climate damage curve, no carbon mitigation costs",A,Annual,2060,,100523,,,,USD_PPP_PS,"US dollars per person, PPP converted",0,Units,2,Two