STRUCTURE,STRUCTURE_ID,STRUCTURE_NAME,freq,Time frequency,sex,Sex,age,Age class,projection,Type of projection,unit,Unit of measure,geo,Geopolitical entity (reporting),TIME_PERIOD,Time,OBS_VALUE,Observation value,OBS_FLAG,Observation status (Flag) V2 structure,CONF_STATUS,Confidentiality status (flag)
dataflow,ESTAT:PROJ_25NP(1.0),"Population on 1st January by age, sex and type of projection",A,Annual,T,Total,TOTAL,Total,BSL,Baseline projections,PER,Person,AT,Austria,2026,,9219116,,,,,
dataflow,ESTAT:PROJ_25NP(1.0),"Population on 1st January by age, sex and type of projection",A,Annual,T,Total,TOTAL,Total,BSL,Baseline projections,PER,Person,AT,Austria,2027,,9234675,,,,,
dataflow,ESTAT:PROJ_25NP(1.0),"Population on 1st January by age, sex and type of projection",A,Annual,T,Total,TOTAL,Total,BSL,Baseline projections,PER,Person,AT,Austria,2028,,9251146,,,,,
dataflow,ESTAT:PROJ_25NP(1.0),"Population on 1st January by age, sex and type of projection",A,Annual,T,Total,TOTAL,Total,BSL,Baseline projections,PER,Person,AT,Austria,2029,,9268632,,,,,
dataflow,ESTAT:PROJ_25NP(1.0),"Population on 1st January by age, sex and type of projection",A,Annual,T,Total,TOTAL,Total,BSL,Baseline projections,PER,Person,AT,Austria,2030,,9286656,,,,,
dataflow,ESTAT:PROJ_25NP(1.0),"Population on 1st January by age, sex and type of projection",A,Annual,T,Total,TOTAL,Total,BSL,Baseline projections,PER,Person,AT,Austria,2031,,9305254,,,,,
dataflow,ESTAT:PROJ_25NP(1.0),"Population on 1st January by age, sex and type of projection",A,Annual,T,Total,TOTAL,Total,BSL,Baseline projections,PER,Person,AT,Austria,2032,,9324326,,,,,
dataflow,ESTAT:PROJ_25NP(1.0),"Population on 1st January by age, sex and type of projection",A,Annual,T,Total,TOTAL,Total,BSL,Baseline projections,PER,Person,AT,Austria,2033,,9342519,,,,,
dataflow,ESTAT:PROJ_25NP(1.0),"Population on 1st January by age, sex and type of projection",A,Annual,T,Total,TOTAL,Total,BSL,Baseline projections,PER,Person,AT,Austria,2034,,9359994,,,,,
dataflow,ESTAT:PROJ_25NP(1.0),"Population on 1st January by age, sex and type of projection",A,Annual,T,Total,TOTAL,Total,BSL,Baseline projections,PER,Person,AT,Austria,2035,,9376463,,,,,
dataflow,ESTAT:PROJ_25NP(1.0),"Population on 1st January by age, sex and type of projection",A,Annual,T,Total,TOTAL,Total,BSL,Baseline projections,PER,Person,AT,Austria,2036,,9390901,,,,,
dataflow,ESTAT:PROJ_25NP(1.0),"Population on 1st January by age, sex and type of projection",A,Annual,T,Total,TOTAL,Total,BSL,Baseline projections,PER,Person,AT,Austria,2037,,9405701,,,,,
dataflow,ESTAT:PROJ_25NP(1.0),"Population on 1st January by age, sex and type of projection",A,Annual,T,Total,TOTAL,Total,BSL,Baseline projections,PER,Person,AT,Austria,2038,,9419336,,,,,
dataflow,ESTAT:PROJ_25NP(1.0),"Population on 1st January by age, sex and type of projection",A,Annual,T,Total,TOTAL,Total,BSL,Baseline projections,PER,Person,AT,Austria,2039,,9431715,,,,,
dataflow,ESTAT:PROJ_25NP(1.0),"Population on 1st January by age, sex and type of projection",A,Annual,T,Total,TOTAL,Total,BSL,Baseline projections,PER,Person,AT,Austria,2040,,9443147,,,,,
dataflow,ESTAT:PROJ_25NP(1.0),"Population on 1st January by age, sex and type of projection",A,Annual,T,Total,TOTAL,Total,BSL,Baseline projections,PER,Person,AT,Austria,2041,,9453202,,,,,
dataflow,ESTAT:PROJ_25NP(1.0),"Population on 1st January by age, sex and type of projection",A,Annual,T,Total,TOTAL,Total,BSL,Baseline projections,PER,Person,AT,Austria,2042,,9461936,,,,,
dataflow,ESTAT:PROJ_25NP(1.0),"Population on 1st January by age, sex and type of projection",A,Annual,T,Total,TOTAL,Total,BSL,Baseline projections,PER,Person,AT,Austria,2043,,9469371,,,,,
dataflow,ESTAT:PROJ_25NP(1.0),"Population on 1st January by age, sex and type of projection",A,Annual,T,Total,TOTAL,Total,BSL,Baseline projections,PER,Person,AT,Austria,2044,,9475563,,,,,
dataflow,ESTAT:PROJ_25NP(1.0),"Population on 1st January by age, sex and type of projection",A,Annual,T,Total,TOTAL,Total,BSL,Baseline projections,PER,Person,AT,Austria,2045,,9480586,,,,,
dataflow,ESTAT:PROJ_25NP(1.0),"Population on 1st January by age, sex and type of projection",A,Annual,T,Total,TOTAL,Total,BSL,Baseline projections,PER,Person,AT,Austria,2046,,9484760,,,,,
dataflow,ESTAT:PROJ_25NP(1.0),"Population on 1st January by age, sex and type of projection",A,Annual,T,Total,TOTAL,Total,BSL,Baseline projections,PER,Person,AT,Austria,2047,,9487712,,,,,
dataflow,ESTAT:PROJ_25NP(1.0),"Population on 1st January by age, sex and type of projection",A,Annual,T,Total,TOTAL,Total,BSL,Baseline projections,PER,Person,AT,Austria,2048,,9489143,,,,,
dataflow,ESTAT:PROJ_25NP(1.0),"Population on 1st January by age, sex and type of projection",A,Annual,T,Total,TOTAL,Total,BSL,Baseline projections,PER,Person,AT,Austria,2049,,9488705,,,,,
dataflow,ESTAT:PROJ_25NP(1.0),"Population on 1st January by age, sex and type of projection",A,Annual,T,Total,TOTAL,Total,BSL,Baseline projections,PER,Person,AT,Austria,2050,,9486695,,,,,
dataflow,ESTAT:PROJ_25NP(1.0),"Population on 1st January by age, sex and type of projection",A,Annual,T,Total,TOTAL,Total,BSL,Baseline projections,PER,Person,AT,Austria,2051,,9483067,,,,,
dataflow,ESTAT:PROJ_25NP(1.0),"Population on 1st January by age, sex and type of projection",A,Annual,T,Total,TOTAL,Total,BSL,Baseline projections,PER,Person,AT,Austria,2052,,9477895,,,,,
dataflow,ESTAT:PROJ_25NP(1.0),"Population on 1st January by age, sex and type of projection",A,Annual,T,Total,TOTAL,Total,BSL,Baseline projections,PER,Person,AT,Austria,2053,,9471184,,,,,
dataflow,ESTAT:PROJ_25NP(1.0),"Population on 1st January by age, sex and type of projection",A,Annual,T,Total,TOTAL,Total,BSL,Baseline projections,PER,Person,AT,Austria,2054,,9463242,,,,,
dataflow,ESTAT:PROJ_25NP(1.0),"Population on 1st January by age, sex and type of projection",A,Annual,T,Total,TOTAL,Total,BSL,Baseline projections,PER,Person,AT,Austria,2055,,9453914,,,,,
dataflow,ESTAT:PROJ_25NP(1.0),"Population on 1st January by age, sex and type of projection",A,Annual,T,Total,TOTAL,Total,BSL,Baseline projections,PER,Person,AT,Austria,2056,,9443459,,,,,
dataflow,ESTAT:PROJ_25NP(1.0),"Population on 1st January by age, sex and type of projection",A,Annual,T,Total,TOTAL,Total,BSL,Baseline projections,PER,Person,AT,Austria,2057,,9432056,,,,,
dataflow,ESTAT:PROJ_25NP(1.0),"Population on 1st January by age, sex and type of projection",A,Annual,T,Total,TOTAL,Total,BSL,Baseline projections,PER,Person,AT,Austria,2058,,9419644,,,,,
dataflow,ESTAT:PROJ_25NP(1.0),"Population on 1st January by age, sex and type of projection",A,Annual,T,Total,TOTAL,Total,BSL,Baseline projections,PER,Person,AT,Austria,2059,,9406512,,,,,
dataflow,ESTAT:PROJ_25NP(1.0),"Population on 1st January by age, sex and type of projection",A,Annual,T,Total,TOTAL,Total,BSL,Baseline projections,PER,Person,AT,Austria,2060,,9392821,,,,,
dataflow,ESTAT:PROJ_25NP(1.0),"Population on 1st January by age, sex and type of projection",A,Annual,T,Total,TOTAL,Total,BSL,Baseline projections,PER,Person,BE,Belgium,2026,,11933176,,,,,
dataflow,ESTAT:PROJ_25NP(1.0),"Population on 1st January by age, sex and type of projection",A,Annual,T,Total,TOTAL,Total,BSL,Baseline projections,PER,Person,BE,Belgium,2027,,11976143,,,,,
dataflow,ESTAT:PROJ_25NP(1.0),"Population on 1st January by age, sex and type of projection",A,Annual,T,Total,TOTAL,Total,BSL,Baseline projections,PER,Person,BE,Belgium,2028,,12017863,,,,,
dataflow,ESTAT:PROJ_25NP(1.0),"Population on 1st January by age, sex and type of projection",A,Annual,T,Total,TOTAL,Total,BSL,Baseline projections,PER,Person,BE,Belgium,2029,,12058341,,,,,
dataflow,ESTAT:PROJ_25NP(1.0),"Population on 1st January by age, sex and type of projection",A,Annual,T,Total,TOTAL,Total,BSL,Baseline projections,PER,Person,BE,Belgium,2030,,12097616,,,,,
dataflow,ESTAT:PROJ_25NP(1.0),"Population on 1st January by age, sex and type of projection",A,Annual,T,Total,TOTAL,Total,BSL,Baseline projections,PER,Person,BE,Belgium,2031,,12135682,,,,,
dataflow,ESTAT:PROJ_25NP(1.0),"Population on 1st January by age, sex and type of projection",A,Annual,T,Total,TOTAL,Total,BSL,Baseline projections,PER,Person,BE,Belgium,2032,,12172591,,,,,
dataflow,ESTAT:PROJ_25NP(1.0),"Population on 1st January by age, sex and type of projection",A,Annual,T,Total,TOTAL,Total,BSL,Baseline projections,PER,Person,BE,Belgium,2033,,12208487,,,,,
dataflow,ESTAT:PROJ_25NP(1.0),"Population on 1st January by age, sex and type of projection",A,Annual,T,Total,TOTAL,Total,BSL,Baseline projections,PER,Person,BE,Belgium,2034,,12243514,,,,,
dataflow,ESTAT:PROJ_25NP(1.0),"Population on 1st January by age, sex and type of projection",A,Annual,T,Total,TOTAL,Total,BSL,Baseline projections,PER,Person,BE,Belgium,2035,,12277743,,,,,
dataflow,ESTAT:PROJ_25NP(1.0),"Population on 1st January by age, sex and type of projection",A,Annual,T,Total,TOTAL,Total,BSL,Baseline projections,PER,Person,BE,Belgium,2036,,12310665,,,,,
dataflow,ESTAT:PROJ_25NP(1.0),"Population on 1st January by age, sex and type of projection",A,Annual,T,Total,TOTAL,Total,BSL,Baseline projections,PER,Person,BE,Belgium,2037,,12343904,,,,,
dataflow,ESTAT:PROJ_25NP(1.0),"Population on 1st January by age, sex and type of projection",A,Annual,T,Total,TOTAL,Total,BSL,Baseline projections,PER,Person,BE,Belgium,2038,,12375619,,,,,
dataflow,ESTAT:PROJ_25NP(1.0),"Population on 1st January by age, sex and type of projection",A,Annual,T,Total,TOTAL,Total,BSL,Baseline projections,PER,Person,BE,Belgium,2039,,12405864,,,,,
dataflow,ESTAT:PROJ_25NP(1.0),"Population on 1st January by age, sex and type of projection",A,Annual,T,Total,TOTAL,Total,BSL,Baseline projections,PER,Person,BE,Belgium,2040,,12434514,,,,,
dataflow,ESTAT:PROJ_25NP(1.0),"Population on 1st January by age, sex and type of projection",A,Annual,T,Total,TOTAL,Total,BSL,Baseline projections,PER,Person,BE,Belgium,2041,,12461420,,,,,
dataflow,ESTAT:PROJ_25NP(1.0),"Population on 1st January by age, sex and type of projection",A,Annual,T,Total,TOTAL,Total,BSL,Baseline projections,PER,Person,BE,Belgium,2042,,12486799,,,,,
dataflow,ESTAT:PROJ_25NP(1.0),"Population on 1st January by age, sex and type of projection",A,Annual,T,Total,TOTAL,Total,BSL,Baseline projections,PER,Person,BE,Belgium,2043,,12510543,,,,,
dataflow,ESTAT:PROJ_25NP(1.0),"Population on 1st January by age, sex and type of projection",A,Annual,T,Total,TOTAL,Total,BSL,Baseline projections,PER,Person,BE,Belgium,2044,,12532563,,,,,
dataflow,ESTAT:PROJ_25NP(1.0),"Population on 1st January by age, sex and type of projection",A,Annual,T,Total,TOTAL,Total,BSL,Baseline projections,PER,Person,BE,Belgium,2045,,12552813,,,,,
dataflow,ESTAT:PROJ_25NP(1.0),"Population on 1st January by age, sex and type of projection",A,Annual,T,Total,TOTAL,Total,BSL,Baseline projections,PER,Person,BE,Belgium,2046,,12571318,,,,,
dataflow,ESTAT:PROJ_25NP(1.0),"Population on 1st January by age, sex and type of projection",A,Annual,T,Total,TOTAL,Total,BSL,Baseline projections,PER,Person,BE,Belgium,2047,,12587583,,,,,
dataflow,ESTAT:PROJ_25NP(1.0),"Population on 1st January by age, sex and type of projection",A,Annual,T,Total,TOTAL,Total,BSL,Baseline projections,PER,Person,BE,Belgium,2048,,12601710,,,,,
dataflow,ESTAT:PROJ_25NP(1.0),"Population on 1st January by age, sex and type of projection",A,Annual,T,Total,TOTAL,Total,BSL,Baseline projections,PER,Person,BE,Belgium,2049,,12613525,,,,,
dataflow,ESTAT:PROJ_25NP(1.0),"Population on 1st January by age, sex and type of projection",A,Annual,T,Total,TOTAL,Total,BSL,Baseline projections,PER,Person,BE,Belgium,2050,,12623315,,,,,
dataflow,ESTAT:PROJ_25NP(1.0),"Population on 1st January by age, sex and type of projection",A,Annual,T,Total,TOTAL,Total,BSL,Baseline projections,PER,Person,BE,Belgium,2051,,12631081,,,,,
dataflow,ESTAT:PROJ_25NP(1.0),"Population on 1st January by age, sex and type of projection",A,Annual,T,Total,TOTAL,Total,BSL,Baseline projections,PER,Person,BE,Belgium,2052,,12637241,,,,,
dataflow,ESTAT:PROJ_25NP(1.0),"Population on 1st January by age, sex and type of projection",A,Annual,T,Total,TOTAL,Total,BSL,Baseline projections,PER,Person,BE,Belgium,2053,,12641603,,,,,
dataflow,ESTAT:PROJ_25NP(1.0),"Population on 1st January by age, sex and type of projection",A,Annual,T,Total,TOTAL,Total,BSL,Baseline projections,PER,Person,BE,Belgium,2054,,12644600,,,,,
dataflow,ESTAT:PROJ_25NP(1.0),"Population on 1st January by age, sex and type of projection",A,Annual,T,Total,TOTAL,Total,BSL,Baseline projections,PER,Person,BE,Belgium,2055,,12646069,,,,,
dataflow,ESTAT:PROJ_25NP(1.0),"Population on 1st January by age, sex and type of projection",A,Annual,T,Total,TOTAL,Total,BSL,Baseline projections,PER,Person,BE,Belgium,2056,,12646471,,,,,
dataflow,ESTAT:PROJ_25NP(1.0),"Population on 1st January by age, sex and type of projection",A,Annual,T,Total,TOTAL,Total,BSL,Baseline projections,PER,Person,BE,Belgium,2057,,12645752,,,,,
dataflow,ESTAT:PROJ_25NP(1.0),"Population on 1st January by age, sex and type of projection",A,Annual,T,Total,TOTAL,Total,BSL,Baseline projections,PER,Person,BE,Belgium,2058,,12644046,,,,,
dataflow,ESTAT:PROJ_25NP(1.0),"Population on 1st January by age, sex and type of projection",A,Annual,T,Total,TOTAL,Total,BSL,Baseline projections,PER,Person,BE,Belgium,2059,,12641344,,,,,
dataflow,ESTAT:PROJ_25NP(1.0),"Population on 1st January by age, sex and type of projection",A,Annual,T,Total,TOTAL,Total,BSL,Baseline projections,PER,Person,BE,Belgium,2060,,12637926,,,,,
dataflow,ESTAT:PROJ_25NP(1.0),"Population on 1st January by age, sex and type of projection",A,Annual,T,Total,TOTAL,Total,BSL,Baseline projections,PER,Person,BG,Bulgaria,2026,,6410522,,,,,
dataflow,ESTAT:PROJ_25NP(1.0),"Population on 1st January by age, sex and type of projection",A,Annual,T,Total,TOTAL,Total,BSL,Baseline projections,PER,Person,BG,Bulgaria,2027,,6377196,,,,,
dataflow,ESTAT:PROJ_25NP(1.0),"Population on 1st January by age, sex and type of projection",A,Annual,T,Total,TOTAL,Total,BSL,Baseline projections,PER,Person,BG,Bulgaria,2028,,6340310,,,,,
dataflow,ESTAT:PROJ_25NP(1.0),"Population on 1st January by age, sex and type of projection",A,Annual,T,Total,TOTAL,Total,BSL,Baseline projections,PER,Person,BG,Bulgaria,2029,,6300267,,,,,
dataflow,ESTAT:PROJ_25NP(1.0),"Population on 1st January by age, sex and type of projection",A,Annual,T,Total,TOTAL,Total,BSL,Baseline projections,PER,Person,BG,Bulgaria,2030,,6256722,,,,,
dataflow,ESTAT:PROJ_25NP(1.0),"Population on 1st January by age, sex and type of projection",A,Annual,T,Total,TOTAL,Total,BSL,Baseline projections,PER,Person,BG,Bulgaria,2031,,6210001,,,,,
dataflow,ESTAT:PROJ_25NP(1.0),"Population on 1st January by age, sex and type of projection",A,Annual,T,Total,TOTAL,Total,BSL,Baseline projections,PER,Person,BG,Bulgaria,2032,,6160005,,,,,
dataflow,ESTAT:PROJ_25NP(1.0),"Population on 1st January by age, sex and type of projection",A,Annual,T,Total,TOTAL,Total,BSL,Baseline projections,PER,Person,BG,Bulgaria,2033,,6111021,,,,,
dataflow,ESTAT:PROJ_25NP(1.0),"Population on 1st January by age, sex and type of projection",A,Annual,T,Total,TOTAL,Total,BSL,Baseline projections,PER,Person,BG,Bulgaria,2034,,6064277,,,,,
dataflow,ESTAT:PROJ_25NP(1.0),"Population on 1st January by age, sex and type of projection",A,Annual,T,Total,TOTAL,Total,BSL,Baseline projections,PER,Person,BG,Bulgaria,2035,,6018874,,,,,
dataflow,ESTAT:PROJ_25NP(1.0),"Population on 1st January by age, sex and type of projection",A,Annual,T,Total,TOTAL,Total,BSL,Baseline projections,PER,Person,BG,Bulgaria,2036,,5973870,,,,,
dataflow,ESTAT:PROJ_25NP(1.0),"Population on 1st January by age, sex and type of projection",A,Annual,T,Total,TOTAL,Total,BSL,Baseline projections,PER,Person,BG,Bulgaria,2037,,5930005,,,,,
dataflow,ESTAT:PROJ_25NP(1.0),"Population on 1st January by age, sex and type of projection",A,Annual,T,Total,TOTAL,Total,BSL,Baseline projections,PER,Person,BG,Bulgaria,2038,,5886533,,,,,
dataflow,ESTAT:PROJ_25NP(1.0),"Population on 1st January by age, sex and type of projection",A,Annual,T,Total,TOTAL,Total,BSL,Baseline projections,PER,Person,BG,Bulgaria,2039,,5844261,,,,,
dataflow,ESTAT:PROJ_25NP(1.0),"Population on 1st January by age, sex and type of projection",A,Annual,T,Total,TOTAL,Total,BSL,Baseline projections,PER,Person,BG,Bulgaria,2040,,5803606,,,,,
dataflow,ESTAT:PROJ_25NP(1.0),"Population on 1st January by age, sex and type of projection",A,Annual,T,Total,TOTAL,Total,BSL,Baseline projections,PER,Person,BG,Bulgaria,2041,,5763719,,,,,
dataflow,ESTAT:PROJ_25NP(1.0),"Population on 1st January by age, sex and type of projection",A,Annual,T,Total,TOTAL,Total,BSL,Baseline projections,PER,Person,BG,Bulgaria,2042,,5724748,,,,,
dataflow,ESTAT:PROJ_25NP(1.0),"Population on 1st January by age, sex and type of projection",A,Annual,T,Total,TOTAL,Total,BSL,Baseline projections,PER,Person,BG,Bulgaria,2043,,5686343,,,,,
dataflow,ESTAT:PROJ_25NP(1.0),"Population on 1st January by age, sex and type of projection",A,Annual,T,Total,TOTAL,Total,BSL,Baseline projections,PER,Person,BG,Bulgaria,2044,,5648381,,,,,
dataflow,ESTAT:PROJ_25NP(1.0),"Population on 1st January by age, sex and type of projection",A,Annual,T,Total,TOTAL,Total,BSL,Baseline projections,PER,Person,BG,Bulgaria,2045,,5611168,,,,,
dataflow,ESTAT:PROJ_25NP(1.0),"Population on 1st January by age, sex and type of projection",A,Annual,T,Total,TOTAL,Total,BSL,Baseline projections,PER,Person,BG,Bulgaria,2046,,5574325,,,,,
dataflow,ESTAT:PROJ_25NP(1.0),"Population on 1st January by age, sex and type of projection",A,Annual,T,Total,TOTAL,Total,BSL,Baseline projections,PER,Person,BG,Bulgaria,2047,,5538119,,,,,
dataflow,ESTAT:PROJ_25NP(1.0),"Population on 1st January by age, sex and type of projection",A,Annual,T,Total,TOTAL,Total,BSL,Baseline projections,PER,Person,BG,Bulgaria,2048,,5502548,,,,,
dataflow,ESTAT:PROJ_25NP(1.0),"Population on 1st January by age, sex and type of projection",A,Annual,T,Total,TOTAL,Total,BSL,Baseline projections,PER,Person,BG,Bulgaria,2049,,5467712,,,,,
dataflow,ESTAT:PROJ_25NP(1.0),"Population on 1st January by age, sex and type of projection",A,Annual,T,Total,TOTAL,Total,BSL,Baseline projections,PER,Person,BG,Bulgaria,2050,,5433547,,,,,
dataflow,ESTAT:PROJ_25NP(1.0),"Population on 1st January by age, sex and type of projection",A,Annual,T,Total,TOTAL,Total,BSL,Baseline projections,PER,Person,BG,Bulgaria,2051,,5399998,,,,,
dataflow,ESTAT:PROJ_25NP(1.0),"Population on 1st January by age, sex and type of projection",A,Annual,T,Total,TOTAL,Total,BSL,Baseline projections,PER,Person,BG,Bulgaria,2052,,5367283,,,,,
dataflow,ESTAT:PROJ_25NP(1.0),"Population on 1st January by age, sex and type of projection",A,Annual,T,Total,TOTAL,Total,BSL,Baseline projections,PER,Person,BG,Bulgaria,2053,,5334983,,,,,
dataflow,ESTAT:PROJ_25NP(1.0),"Population on 1st January by age, sex and type of projection",A,Annual,T,Total,TOTAL,Total,BSL,Baseline projections,PER,Person,BG,Bulgaria,2054,,5303409,,,,,
dataflow,ESTAT:PROJ_25NP(1.0),"Population on 1st January by age, sex and type of projection",A,Annual,T,Total,TOTAL,Total,BSL,Baseline projections,PER,Person,BG,Bulgaria,2055,,5272295,,,,,
dataflow,ESTAT:PROJ_25NP(1.0),"Population on 1st January by age, sex and type of projection",A,Annual,T,Total,TOTAL,Total,BSL,Baseline projections,PER,Person,BG,Bulgaria,2056,,5241525,,,,,
dataflow,ESTAT:PROJ_25NP(1.0),"Population on 1st January by age, sex and type of projection",A,Annual,T,Total,TOTAL,Total,BSL,Baseline projections,PER,Person,BG,Bulgaria,2057,,5210790,,,,,
dataflow,ESTAT:PROJ_25NP(1.0),"Population on 1st January by age, sex and type of projection",A,Annual,T,Total,TOTAL,Total,BSL,Baseline projections,PER,Person,BG,Bulgaria,2058,,5180360,,,,,
dataflow,ESTAT:PROJ_25NP(1.0),"Population on 1st January by age, sex and type of projection",A,Annual,T,Total,TOTAL,Total,BSL,Baseline projections,PER,Person,BG,Bulgaria,2059,,5150372,,,,,
dataflow,ESTAT:PROJ_25NP(1.0),"Population on 1st January by age, sex and type of projection",A,Annual,T,Total,TOTAL,Total,BSL,Baseline projections,PER,Person,BG,Bulgaria,2060,,5120715,,,,,
dataflow,ESTAT:PROJ_25NP(1.0),"Population on 1st January by age, sex and type of projection",A,Annual,T,Total,TOTAL,Total,BSL,Baseline projections,PER,Person,CH,Switzerland,2026,,9124290,,,,,
dataflow,ESTAT:PROJ_25NP(1.0),"Population on 1st January by age, sex and type of projection",A,Annual,T,Total,TOTAL,Total,BSL,Baseline projections,PER,Person,CH,Switzerland,2027,,9187700,,,,,
dataflow,ESTAT:PROJ_25NP(1.0),"Population on 1st January by age, sex and type of projection",A,Annual,T,Total,TOTAL,Total,BSL,Baseline projections,PER,Person,CH,Switzerland,2028,,9249402,,,,,
dataflow,ESTAT:PROJ_25NP(1.0),"Population on 1st January by age, sex and type of projection",A,Annual,T,Total,TOTAL,Total,BSL,Baseline projections,PER,Person,CH,Switzerland,2029,,9309277,,,,,
dataflow,ESTAT:PROJ_25NP(1.0),"Population on 1st January by age, sex and type of projection",A,Annual,T,Total,TOTAL,Total,BSL,Baseline projections,PER,Person,CH,Switzerland,2030,,9367289,,,,,
dataflow,ESTAT:PROJ_25NP(1.0),"Population on 1st January by age, sex and type of projection",A,Annual,T,Total,TOTAL,Total,BSL,Baseline projections,PER,Person,CH,Switzerland,2031,,9423377,,,,,
dataflow,ESTAT:PROJ_25NP(1.0),"Population on 1st January by age, sex and type of projection",A,Annual,T,Total,TOTAL,Total,BSL,Baseline projections,PER,Person,CH,Switzerland,2032,,9477554,,,,,
dataflow,ESTAT:PROJ_25NP(1.0),"Population on 1st January by age, sex and type of projection",A,Annual,T,Total,TOTAL,Total,BSL,Baseline projections,PER,Person,CH,Switzerland,2033,,9530691,,,,,
dataflow,ESTAT:PROJ_25NP(1.0),"Population on 1st January by age, sex and type of projection",A,Annual,T,Total,TOTAL,Total,BSL,Baseline projections,PER,Person,CH,Switzerland,2034,,9582637,,,,,
dataflow,ESTAT:PROJ_25NP(1.0),"Population on 1st January by age, sex and type of projection",A,Annual,T,Total,TOTAL,Total,BSL,Baseline projections,PER,Person,CH,Switzerland,2035,,9633449,,,,,
dataflow,ESTAT:PROJ_25NP(1.0),"Population on 1st January by age, sex and type of projection",A,Annual,T,Total,TOTAL,Total,BSL,Baseline projections,PER,Person,CH,Switzerland,2036,,9682208,,,,,
dataflow,ESTAT:PROJ_25NP(1.0),"Population on 1st January by age, sex and type of projection",A,Annual,T,Total,TOTAL,Total,BSL,Baseline projections,PER,Person,CH,Switzerland,2037,,9730685,,,,,
dataflow,ESTAT:PROJ_25NP(1.0),"Population on 1st January by age, sex and type of projection",A,Annual,T,Total,TOTAL,Total,BSL,Baseline projections,PER,Person,CH,Switzerland,2038,,9777343,,,,,
dataflow,ESTAT:PROJ_25NP(1.0),"Population on 1st January by age, sex and type of projection",A,Annual,T,Total,TOTAL,Total,BSL,Baseline projections,PER,Person,CH,Switzerland,2039,,9822378,,,,,
dataflow,ESTAT:PROJ_25NP(1.0),"Population on 1st January by age, sex and type of projection",A,Annual,T,Total,TOTAL,Total,BSL,Baseline projections,PER,Person,CH,Switzerland,2040,,9865870,,,,,
dataflow,ESTAT:PROJ_25NP(1.0),"Population on 1st January by age, sex and type of projection",A,Annual,T,Total,TOTAL,Total,BSL,Baseline projections,PER,Person,CH,Switzerland,2041,,9908005,,,,,
dataflow,ESTAT:PROJ_25NP(1.0),"Population on 1st January by age, sex and type of projection",A,Annual,T,Total,TOTAL,Total,BSL,Baseline projections,PER,Person,CH,Switzerland,2042,,9948863,,,,,
dataflow,ESTAT:PROJ_25NP(1.0),"Population on 1st January by age, sex and type of projection",A,Annual,T,Total,TOTAL,Total,BSL,Baseline projections,PER,Person,CH,Switzerland,2043,,9988490,,,,,
dataflow,ESTAT:PROJ_25NP(1.0),"Population on 1st January by age, sex and type of projection",A,Annual,T,Total,TOTAL,Total,BSL,Baseline projections,PER,Person,CH,Switzerland,2044,,10026914,,,,,
dataflow,ESTAT:PROJ_25NP(1.0),"Population on 1st January by age, sex and type of projection",A,Annual,T,Total,TOTAL,Total,BSL,Baseline projections,PER,Person,CH,Switzerland,2045,,10064147,,,,,
dataflow,ESTAT:PROJ_25NP(1.0),"Population on 1st January by age, sex and type of projection",A,Annual,T,Total,TOTAL,Total,BSL,Baseline projections,PER,Person,CH,Switzerland,2046,,10100240,,,,,
dataflow,ESTAT:PROJ_25NP(1.0),"Population on 1st January by age, sex and type of projection",A,Annual,T,Total,TOTAL,Total,BSL,Baseline projections,PER,Person,CH,Switzerland,2047,,10135065,,,,,
dataflow,ESTAT:PROJ_25NP(1.0),"Population on 1st January by age, sex and type of projection",A,Annual,T,Total,TOTAL,Total,BSL,Baseline projections,PER,Person,CH,Switzerland,2048,,10168664,,,,,
dataflow,ESTAT:PROJ_25NP(1.0),"Population on 1st January by age, sex and type of projection",A,Annual,T,Total,TOTAL,Total,BSL,Baseline projections,PER,Person,CH,Switzerland,2049,,10200638,,,,,
dataflow,ESTAT:PROJ_25NP(1.0),"Population on 1st January by age, sex and type of projection",A,Annual,T,Total,TOTAL,Total,BSL,Baseline projections,PER,Person,CH,Switzerland,2050,,10231224,,,,,
dataflow,ESTAT:PROJ_25NP(1.0),"Population on 1st January by age, sex and type of projection",A,Annual,T,Total,TOTAL,Total,BSL,Baseline projections,PER,Person,CH,Switzerland,2051,,10260261,,,,,
dataflow,ESTAT:PROJ_25NP(1.0),"Population on 1st January by age, sex and type of projection",A,Annual,T,Total,TOTAL,Total,BSL,Baseline projections,PER,Person,CH,Switzerland,2052,,10287738,,,,,
dataflow,ESTAT:PROJ_25NP(1.0),"Population on 1st January by age, sex and type of projection",A,Annual,T,Total,TOTAL,Total,BSL,Baseline projections,PER,Person,CH,Switzerland,2053,,10313428,,,,,
dataflow,ESTAT:PROJ_25NP(1.0),"Population on 1st January by age, sex and type of projection",A,Annual,T,Total,TOTAL,Total,BSL,Baseline projections,PER,Person,CH,Switzerland,2054,,10337766,,,,,
dataflow,ESTAT:PROJ_25NP(1.0),"Population on 1st January by age, sex and type of projection",A,Annual,T,Total,TOTAL,Total,BSL,Baseline projections,PER,Person,CH,Switzerland,2055,,10360241,,,,,
dataflow,ESTAT:PROJ_25NP(1.0),"Population on 1st January by age, sex and type of projection",A,Annual,T,Total,TOTAL,Total,BSL,Baseline projections,PER,Person,CH,Switzerland,2056,,10381259,,,,,
dataflow,ESTAT:PROJ_25NP(1.0),"Population on 1st January by age, sex and type of projection",A,Annual,T,Total,TOTAL,Total,BSL,Baseline projections,PER,Person,CH,Switzerland,2057,,10400588,,,,,
dataflow,ESTAT:PROJ_25NP(1.0),"Population on 1st January by age, sex and type of projection",A,Annual,T,Total,TOTAL,Total,BSL,Baseline projections,PER,Person,CH,Switzerland,2058,,10418509,,,,,
dataflow,ESTAT:PROJ_25NP(1.0),"Population on 1st January by age, sex and type of projection",A,Annual,T,Total,TOTAL,Total,BSL,Baseline projections,PER,Person,CH,Switzerland,2059,,10434837,,,,,
dataflow,ESTAT:PROJ_25NP(1.0),"Population on 1st January by age, sex and type of projection",A,Annual,T,Total,TOTAL,Total,BSL,Baseline projections,PER,Person,CH,Switzerland,2060,,10450004,,,,,
dataflow,ESTAT:PROJ_25NP(1.0),"Population on 1st January by age, sex and type of projection",A,Annual,T,Total,TOTAL,Total,BSL,Baseline projections,PER,Person,CY,Cyprus,2026,,998775,,,,,
dataflow,ESTAT:PROJ_25NP(1.0),"Population on 1st January by age, sex and type of projection",A,Annual,T,Total,TOTAL,Total,BSL,Baseline projections,PER,Person,CY,Cyprus,2027,,1012334,,,,,
dataflow,ESTAT:PROJ_25NP(1.0),"Population on 1st January by age, sex and type of projection",A,Annual,T,Total,TOTAL,Total,BSL,Baseline projections,PER,Person,CY,Cyprus,2028,,1024576,,,,,
dataflow,ESTAT:PROJ_25NP(1.0),"Population on 1st January by age, sex and type of projection",A,Annual,T,Total,TOTAL,Total,BSL,Baseline projections,PER,Person,CY,Cyprus,2029,,1035454,,,,,
dataflow,ESTAT:PROJ_25NP(1.0),"Population on 1st January by age, sex and type of projection",A,Annual,T,Total,TOTAL,Total,BSL,Baseline projections,PER,Person,CY,Cyprus,2030,,1044946,,,,,
dataflow,ESTAT:PROJ_25NP(1.0),"Population on 1st January by age, sex and type of projection",A,Annual,T,Total,TOTAL,Total,BSL,Baseline projections,PER,Person,CY,Cyprus,2031,,1053039,,,,,
dataflow,ESTAT:PROJ_25NP(1.0),"Population on 1st January by age, sex and type of projection",A,Annual,T,Total,TOTAL,Total,BSL,Baseline projections,PER,Person,CY,Cyprus,2032,,1059688,,,,,
dataflow,ESTAT:PROJ_25NP(1.0),"Population on 1st January by age, sex and type of projection",A,Annual,T,Total,TOTAL,Total,BSL,Baseline projections,PER,Person,CY,Cyprus,2033,,1065965,,,,,
dataflow,ESTAT:PROJ_25NP(1.0),"Population on 1st January by age, sex and type of projection",A,Annual,T,Total,TOTAL,Total,BSL,Baseline projections,PER,Person,CY,Cyprus,2034,,1071839,,,,,
dataflow,ESTAT:PROJ_25NP(1.0),"Population on 1st January by age, sex and type of projection",A,Annual,T,Total,TOTAL,Total,BSL,Baseline projections,PER,Person,CY,Cyprus,2035,,1077349,,,,,
dataflow,ESTAT:PROJ_25NP(1.0),"Population on 1st January by age, sex and type of projection",A,Annual,T,Total,TOTAL,Total,BSL,Baseline projections,PER,Person,CY,Cyprus,2036,,1082449,,,,,
dataflow,ESTAT:PROJ_25NP(1.0),"Population on 1st January by age, sex and type of projection",A,Annual,T,Total,TOTAL,Total,BSL,Baseline projections,PER,Person,CY,Cyprus,2037,,1087761,,,,,
dataflow,ESTAT:PROJ_25NP(1.0),"Population on 1st January by age, sex and type of projection",A,Annual,T,Total,TOTAL,Total,BSL,Baseline projections,PER,Person,CY,Cyprus,2038,,1092691,,,,,
dataflow,ESTAT:PROJ_25NP(1.0),"Population on 1st January by age, sex and type of projection",A,Annual,T,Total,TOTAL,Total,BSL,Baseline projections,PER,Person,CY,Cyprus,2039,,1097283,,,,,
dataflow,ESTAT:PROJ_25NP(1.0),"Population on 1st January by age, sex and type of projection",A,Annual,T,Total,TOTAL,Total,BSL,Baseline projections,PER,Person,CY,Cyprus,2040,,1101576,,,,,
dataflow,ESTAT:PROJ_25NP(1.0),"Population on 1st January by age, sex and type of projection",A,Annual,T,Total,TOTAL,Total,BSL,Baseline projections,PER,Person,CY,Cyprus,2041,,1105608,,,,,
dataflow,ESTAT:PROJ_25NP(1.0),"Population on 1st January by age, sex and type of projection",A,Annual,T,Total,TOTAL,Total,BSL,Baseline projections,PER,Person,CY,Cyprus,2042,,1109394,,,,,
dataflow,ESTAT:PROJ_25NP(1.0),"Population on 1st January by age, sex and type of projection",A,Annual,T,Total,TOTAL,Total,BSL,Baseline projections,PER,Person,CY,Cyprus,2043,,1112923,,,,,
dataflow,ESTAT:PROJ_25NP(1.0),"Population on 1st January by age, sex and type of projection",A,Annual,T,Total,TOTAL,Total,BSL,Baseline projections,PER,Person,CY,Cyprus,2044,,1116265,,,,,
dataflow,ESTAT:PROJ_25NP(1.0),"Population on 1st January by age, sex and type of projection",A,Annual,T,Total,TOTAL,Total,BSL,Baseline projections,PER,Person,CY,Cyprus,2045,,1119385,,,,,
dataflow,ESTAT:PROJ_25NP(1.0),"Population on 1st January by age, sex and type of projection",A,Annual,T,Total,TOTAL,Total,BSL,Baseline projections,PER,Person,CY,Cyprus,2046,,1122403,,,,,
dataflow,ESTAT:PROJ_25NP(1.0),"Population on 1st January by age, sex and type of projection",A,Annual,T,Total,TOTAL,Total,BSL,Baseline projections,PER,Person,CY,Cyprus,2047,,1125245,,,,,
dataflow,ESTAT:PROJ_25NP(1.0),"Population on 1st January by age, sex and type of projection",A,Annual,T,Total,TOTAL,Total,BSL,Baseline projections,PER,Person,CY,Cyprus,2048,,1127882,,,,,
dataflow,ESTAT:PROJ_25NP(1.0),"Population on 1st January by age, sex and type of projection",A,Annual,T,Total,TOTAL,Total,BSL,Baseline projections,PER,Person,CY,Cyprus,2049,,1130359,,,,,
dataflow,ESTAT:PROJ_25NP(1.0),"Population on 1st January by age, sex and type of projection",A,Annual,T,Total,TOTAL,Total,BSL,Baseline projections,PER,Person,CY,Cyprus,2050,,1132637,,,,,
dataflow,ESTAT:PROJ_25NP(1.0),"Population on 1st January by age, sex and type of projection",A,Annual,T,Total,TOTAL,Total,BSL,Baseline projections,PER,Person,CY,Cyprus,2051,,1134756,,,,,
dataflow,ESTAT:PROJ_25NP(1.0),"Population on 1st January by age, sex and type of projection",A,Annual,T,Total,TOTAL,Total,BSL,Baseline projections,PER,Person,CY,Cyprus,2052,,1136746,,,,,
dataflow,ESTAT:PROJ_25NP(1.0),"Population on 1st January by age, sex and type of projection",A,Annual,T,Total,TOTAL,Total,BSL,Baseline projections,PER,Person,CY,Cyprus,2053,,1138498,,,,,
dataflow,ESTAT:PROJ_25NP(1.0),"Population on 1st January by age, sex and type of projection",A,Annual,T,Total,TOTAL,Total,BSL,Baseline projections,PER,Person,CY,Cyprus,2054,,1140104,,,,,
dataflow,ESTAT:PROJ_25NP(1.0),"Population on 1st January by age, sex and type of projection",A,Annual,T,Total,TOTAL,Total,BSL,Baseline projections,PER,Person,CY,Cyprus,2055,,1141498,,,,,
dataflow,ESTAT:PROJ_25NP(1.0),"Population on 1st January by age, sex and type of projection",A,Annual,T,Total,TOTAL,Total,BSL,Baseline projections,PER,Person,CY,Cyprus,2056,,1142694,,,,,
dataflow,ESTAT:PROJ_25NP(1.0),"Population on 1st January by age, sex and type of projection",A,Annual,T,Total,TOTAL,Total,BSL,Baseline projections,PER,Person,CY,Cyprus,2057,,1143726,,,,,
dataflow,ESTAT:PROJ_25NP(1.0),"Population on 1st January by age, sex and type of projection",A,Annual,T,Total,TOTAL,Total,BSL,Baseline projections,PER,Person,CY,Cyprus,2058,,1144573,,,,,
dataflow,ESTAT:PROJ_25NP(1.0),"Population on 1st January by age, sex and type of projection",A,Annual,T,Total,TOTAL,Total,BSL,Baseline projections,PER,Person,CY,Cyprus,2059,,1145173,,,,,
dataflow,ESTAT:PROJ_25NP(1.0),"Population on 1st January by age, sex and type of projection",A,Annual,T,Total,TOTAL,Total,BSL,Baseline projections,PER,Person,CY,Cyprus,2060,,1145542,,,,,
dataflow,ESTAT:PROJ_25NP(1.0),"Population on 1st January by age, sex and type of projection",A,Annual,T,Total,TOTAL,Total,BSL,Baseline projections,PER,Person,CZ,Czechia,2026,,10915838,,,,,
dataflow,ESTAT:PROJ_25NP(1.0),"Population on 1st January by age, sex and type of projection",A,Annual,T,Total,TOTAL,Total,BSL,Baseline projections,PER,Person,CZ,Czechia,2027,,10894076,,,,,
dataflow,ESTAT:PROJ_25NP(1.0),"Population on 1st January by age, sex and type of projection",A,Annual,T,Total,TOTAL,Total,BSL,Baseline projections,PER,Person,CZ,Czechia,2028,,10870364,,,,,
dataflow,ESTAT:PROJ_25NP(1.0),"Population on 1st January by age, sex and type of projection",A,Annual,T,Total,TOTAL,Total,BSL,Baseline projections,PER,Person,CZ,Czechia,2029,,10846174,,,,,
dataflow,ESTAT:PROJ_25NP(1.0),"Population on 1st January by age, sex and type of projection",A,Annual,T,Total,TOTAL,Total,BSL,Baseline projections,PER,Person,CZ,Czechia,2030,,10820300,,,,,
dataflow,ESTAT:PROJ_25NP(1.0),"Population on 1st January by age, sex and type of projection",A,Annual,T,Total,TOTAL,Total,BSL,Baseline projections,PER,Person,CZ,Czechia,2031,,10792165,,,,,
dataflow,ESTAT:PROJ_25NP(1.0),"Population on 1st January by age, sex and type of projection",A,Annual,T,Total,TOTAL,Total,BSL,Baseline projections,PER,Person,CZ,Czechia,2032,,10762085,,,,,
dataflow,ESTAT:PROJ_25NP(1.0),"Population on 1st January by age, sex and type of projection",A,Annual,T,Total,TOTAL,Total,BSL,Baseline projections,PER,Person,CZ,Czechia,2033,,10733515,,,,,
dataflow,ESTAT:PROJ_25NP(1.0),"Population on 1st January by age, sex and type of projection",A,Annual,T,Total,TOTAL,Total,BSL,Baseline projections,PER,Person,CZ,Czechia,2034,,10707080,,,,,
dataflow,ESTAT:PROJ_25NP(1.0),"Population on 1st January by age, sex and type of projection",A,Annual,T,Total,TOTAL,Total,BSL,Baseline projections,PER,Person,CZ,Czechia,2035,,10683962,,,,,
dataflow,ESTAT:PROJ_25NP(1.0),"Population on 1st January by age, sex and type of projection",A,Annual,T,Total,TOTAL,Total,BSL,Baseline projections,PER,Person,CZ,Czechia,2036,,10661354,,,,,
dataflow,ESTAT:PROJ_25NP(1.0),"Population on 1st January by age, sex and type of projection",A,Annual,T,Total,TOTAL,Total,BSL,Baseline projections,PER,Person,CZ,Czechia,2037,,10649272,,,,,
dataflow,ESTAT:PROJ_25NP(1.0),"Population on 1st January by age, sex and type of projection",A,Annual,T,Total,TOTAL,Total,BSL,Baseline projections,PER,Person,CZ,Czechia,2038,,10639147,,,,,
dataflow,ESTAT:PROJ_25NP(1.0),"Population on 1st January by age, sex and type of projection",A,Annual,T,Total,TOTAL,Total,BSL,Baseline projections,PER,Person,CZ,Czechia,2039,,10631665,,,,,
dataflow,ESTAT:PROJ_25NP(1.0),"Population on 1st January by age, sex and type of projection",A,Annual,T,Total,TOTAL,Total,BSL,Baseline projections,PER,Person,CZ,Czechia,2040,,10626197,,,,,
dataflow,ESTAT:PROJ_25NP(1.0),"Population on 1st January by age, sex and type of projection",A,Annual,T,Total,TOTAL,Total,BSL,Baseline projections,PER,Person,CZ,Czechia,2041,,10621441,,,,,
dataflow,ESTAT:PROJ_25NP(1.0),"Population on 1st January by age, sex and type of projection",A,Annual,T,Total,TOTAL,Total,BSL,Baseline projections,PER,Person,CZ,Czechia,2042,,10617433,,,,,
dataflow,ESTAT:PROJ_25NP(1.0),"Population on 1st January by age, sex and type of projection",A,Annual,T,Total,TOTAL,Total,BSL,Baseline projections,PER,Person,CZ,Czechia,2043,,10613154,,,,,
dataflow,ESTAT:PROJ_25NP(1.0),"Population on 1st January by age, sex and type of projection",A,Annual,T,Total,TOTAL,Total,BSL,Baseline projections,PER,Person,CZ,Czechia,2044,,10608745,,,,,
dataflow,ESTAT:PROJ_25NP(1.0),"Population on 1st January by age, sex and type of projection",A,Annual,T,Total,TOTAL,Total,BSL,Baseline projections,PER,Person,CZ,Czechia,2045,,10603857,,,,,
dataflow,ESTAT:PROJ_25NP(1.0),"Population on 1st January by age, sex and type of projection",A,Annual,T,Total,TOTAL,Total,BSL,Baseline projections,PER,Person,CZ,Czechia,2046,,10597388,,,,,
dataflow,ESTAT:PROJ_25NP(1.0),"Population on 1st January by age, sex and type of projection",A,Annual,T,Total,TOTAL,Total,BSL,Baseline projections,PER,Person,CZ,Czechia,2047,,10589823,,,,,
dataflow,ESTAT:PROJ_25NP(1.0),"Population on 1st January by age, sex and type of projection",A,Annual,T,Total,TOTAL,Total,BSL,Baseline projections,PER,Person,CZ,Czechia,2048,,10581602,,,,,
dataflow,ESTAT:PROJ_25NP(1.0),"Population on 1st January by age, sex and type of projection",A,Annual,T,Total,TOTAL,Total,BSL,Baseline projections,PER,Person,CZ,Czechia,2049,,10572235,,,,,
dataflow,ESTAT:PROJ_25NP(1.0),"Population on 1st January by age, sex and type of projection",A,Annual,T,Total,TOTAL,Total,BSL,Baseline projections,PER,Person,CZ,Czechia,2050,,10561597,,,,,
dataflow,ESTAT:PROJ_25NP(1.0),"Population on 1st January by age, sex and type of projection",A,Annual,T,Total,TOTAL,Total,BSL,Baseline projections,PER,Person,CZ,Czechia,2051,,10549666,,,,,
dataflow,ESTAT:PROJ_25NP(1.0),"Population on 1st January by age, sex and type of projection",A,Annual,T,Total,TOTAL,Total,BSL,Baseline projections,PER,Person,CZ,Czechia,2052,,10536003,,,,,
dataflow,ESTAT:PROJ_25NP(1.0),"Population on 1st January by age, sex and type of projection",A,Annual,T,Total,TOTAL,Total,BSL,Baseline projections,PER,Person,CZ,Czechia,2053,,10520431,,,,,
dataflow,ESTAT:PROJ_25NP(1.0),"Population on 1st January by age, sex and type of projection",A,Annual,T,Total,TOTAL,Total,BSL,Baseline projections,PER,Person,CZ,Czechia,2054,,10503164,,,,,
dataflow,ESTAT:PROJ_25NP(1.0),"Population on 1st January by age, sex and type of projection",A,Annual,T,Total,TOTAL,Total,BSL,Baseline projections,PER,Person,CZ,Czechia,2055,,10483569,,,,,
dataflow,ESTAT:PROJ_25NP(1.0),"Population on 1st January by age, sex and type of projection",A,Annual,T,Total,TOTAL,Total,BSL,Baseline projections,PER,Person,CZ,Czechia,2056,,10462311,,,,,
dataflow,ESTAT:PROJ_25NP(1.0),"Population on 1st January by age, sex and type of projection",A,Annual,T,Total,TOTAL,Total,BSL,Baseline projections,PER,Person,CZ,Czechia,2057,,10439209,,,,,
dataflow,ESTAT:PROJ_25NP(1.0),"Population on 1st January by age, sex and type of projection",A,Annual,T,Total,TOTAL,Total,BSL,Baseline projections,PER,Person,CZ,Czechia,2058,,10413827,,,,,
dataflow,ESTAT:PROJ_25NP(1.0),"Population on 1st January by age, sex and type of projection",A,Annual,T,Total,TOTAL,Total,BSL,Baseline projections,PER,Person,CZ,Czechia,2059,,10386993,,,,,
dataflow,ESTAT:PROJ_25NP(1.0),"Population on 1st January by age, sex and type of projection",A,Annual,T,Total,TOTAL,Total,BSL,Baseline projections,PER,Person,CZ,Czechia,2060,,10357747,,,,,
dataflow,ESTAT:PROJ_25NP(1.0),"Population on 1st January by age, sex and type of projection",A,Annual,T,Total,TOTAL,Total,BSL,Baseline projections,PER,Person,DE,Germany,2026,,83499996,,,,,
dataflow,ESTAT:PROJ_25NP(1.0),"Population on 1st January by age, sex and type of projection",A,Annual,T,Total,TOTAL,Total,BSL,Baseline projections,PER,Person,DE,Germany,2027,,83377681,,,,,
dataflow,ESTAT:PROJ_25NP(1.0),"Population on 1st January by age, sex and type of projection",A,Annual,T,Total,TOTAL,Total,BSL,Baseline projections,PER,Person,DE,Germany,2028,,83250170,,,,,
dataflow,ESTAT:PROJ_25NP(1.0),"Population on 1st January by age, sex and type of projection",A,Annual,T,Total,TOTAL,Total,BSL,Baseline projections,PER,Person,DE,Germany,2029,,83122146,,,,,
dataflow,ESTAT:PROJ_25NP(1.0),"Population on 1st January by age, sex and type of projection",A,Annual,T,Total,TOTAL,Total,BSL,Baseline projections,PER,Person,DE,Germany,2030,,82990067,,,,,
dataflow,ESTAT:PROJ_25NP(1.0),"Population on 1st January by age, sex and type of projection",A,Annual,T,Total,TOTAL,Total,BSL,Baseline projections,PER,Person,DE,Germany,2031,,82853932,,,,,
dataflow,ESTAT:PROJ_25NP(1.0),"Population on 1st January by age, sex and type of projection",A,Annual,T,Total,TOTAL,Total,BSL,Baseline projections,PER,Person,DE,Germany,2032,,82715613,,,,,
dataflow,ESTAT:PROJ_25NP(1.0),"Population on 1st January by age, sex and type of projection",A,Annual,T,Total,TOTAL,Total,BSL,Baseline projections,PER,Person,DE,Germany,2033,,82581890,,,,,
dataflow,ESTAT:PROJ_25NP(1.0),"Population on 1st January by age, sex and type of projection",A,Annual,T,Total,TOTAL,Total,BSL,Baseline projections,PER,Person,DE,Germany,2034,,82454590,,,,,
dataflow,ESTAT:PROJ_25NP(1.0),"Population on 1st January by age, sex and type of projection",A,Annual,T,Total,TOTAL,Total,BSL,Baseline projections,PER,Person,DE,Germany,2035,,82331992,,,,,
dataflow,ESTAT:PROJ_25NP(1.0),"Population on 1st January by age, sex and type of projection",A,Annual,T,Total,TOTAL,Total,BSL,Baseline projections,PER,Person,DE,Germany,2036,,82201154,,,,,
dataflow,ESTAT:PROJ_25NP(1.0),"Population on 1st January by age, sex and type of projection",A,Annual,T,Total,TOTAL,Total,BSL,Baseline projections,PER,Person,DE,Germany,2037,,82090823,,,,,
dataflow,ESTAT:PROJ_25NP(1.0),"Population on 1st January by age, sex and type of projection",A,Annual,T,Total,TOTAL,Total,BSL,Baseline projections,PER,Person,DE,Germany,2038,,81972844,,,,,
dataflow,ESTAT:PROJ_25NP(1.0),"Population on 1st January by age, sex and type of projection",A,Annual,T,Total,TOTAL,Total,BSL,Baseline projections,PER,Person,DE,Germany,2039,,81848176,,,,,
dataflow,ESTAT:PROJ_25NP(1.0),"Population on 1st January by age, sex and type of projection",A,Annual,T,Total,TOTAL,Total,BSL,Baseline projections,PER,Person,DE,Germany,2040,,81721963,,,,,
dataflow,ESTAT:PROJ_25NP(1.0),"Population on 1st January by age, sex and type of projection",A,Annual,T,Total,TOTAL,Total,BSL,Baseline projections,PER,Person,DE,Germany,2041,,81592451,,,,,
dataflow,ESTAT:PROJ_25NP(1.0),"Population on 1st January by age, sex and type of projection",A,Annual,T,Total,TOTAL,Total,BSL,Baseline projections,PER,Person,DE,Germany,2042,,81463246,,,,,
dataflow,ESTAT:PROJ_25NP(1.0),"Population on 1st January by age, sex and type of projection",A,Annual,T,Total,TOTAL,Total,BSL,Baseline projections,PER,Person,DE,Germany,2043,,81330264,,,,,
dataflow,ESTAT:PROJ_25NP(1.0),"Population on 1st January by age, sex and type of projection",A,Annual,T,Total,TOTAL,Total,BSL,Baseline projections,PER,Person,DE,Germany,2044,,81192543,,,,,
dataflow,ESTAT:PROJ_25NP(1.0),"Population on 1st January by age, sex and type of projection",A,Annual,T,Total,TOTAL,Total,BSL,Baseline projections,PER,Person,DE,Germany,2045,,81050460,,,,,
dataflow,ESTAT:PROJ_25NP(1.0),"Population on 1st January by age, sex and type of projection",A,Annual,T,Total,TOTAL,Total,BSL,Baseline projections,PER,Person,DE,Germany,2046,,80907467,,,,,
dataflow,ESTAT:PROJ_25NP(1.0),"Population on 1st January by age, sex and type of projection",A,Annual,T,Total,TOTAL,Total,BSL,Baseline projections,PER,Person,DE,Germany,2047,,80758183,,,,,
dataflow,ESTAT:PROJ_25NP(1.0),"Population on 1st January by age, sex and type of projection",A,Annual,T,Total,TOTAL,Total,BSL,Baseline projections,PER,Person,DE,Germany,2048,,80604342,,,,,
dataflow,ESTAT:PROJ_25NP(1.0),"Population on 1st January by age, sex and type of projection",A,Annual,T,Total,TOTAL,Total,BSL,Baseline projections,PER,Person,DE,Germany,2049,,80443537,,,,,
dataflow,ESTAT:PROJ_25NP(1.0),"Population on 1st January by age, sex and type of projection",A,Annual,T,Total,TOTAL,Total,BSL,Baseline projections,PER,Person,DE,Germany,2050,,80277587,,,,,
dataflow,ESTAT:PROJ_25NP(1.0),"Population on 1st January by age, sex and type of projection",A,Annual,T,Total,TOTAL,Total,BSL,Baseline projections,PER,Person,DE,Germany,2051,,80108432,,,,,
dataflow,ESTAT:PROJ_25NP(1.0),"Population on 1st January by age, sex and type of projection",A,Annual,T,Total,TOTAL,Total,BSL,Baseline projections,PER,Person,DE,Germany,2052,,79938400,,,,,
dataflow,ESTAT:PROJ_25NP(1.0),"Population on 1st January by age, sex and type of projection",A,Annual,T,Total,TOTAL,Total,BSL,Baseline projections,PER,Person,DE,Germany,2053,,79766258,,,,,
dataflow,ESTAT:PROJ_25NP(1.0),"Population on 1st January by age, sex and type of projection",A,Annual,T,Total,TOTAL,Total,BSL,Baseline projections,PER,Person,DE,Germany,2054,,79593069,,,,,
dataflow,ESTAT:PROJ_25NP(1.0),"Population on 1st January by age, sex and type of projection",A,Annual,T,Total,TOTAL,Total,BSL,Baseline projections,PER,Person,DE,Germany,2055,,79415128,,,,,
dataflow,ESTAT:PROJ_25NP(1.0),"Population on 1st January by age, sex and type of projection",A,Annual,T,Total,TOTAL,Total,BSL,Baseline projections,PER,Person,DE,Germany,2056,,79237597,,,,,
dataflow,ESTAT:PROJ_25NP(1.0),"Population on 1st January by age, sex and type of projection",A,Annual,T,Total,TOTAL,Total,BSL,Baseline projections,PER,Person,DE,Germany,2057,,79051890,,,,,
dataflow,ESTAT:PROJ_25NP(1.0),"Population on 1st January by age, sex and type of projection",A,Annual,T,Total,TOTAL,Total,BSL,Baseline projections,PER,Person,DE,Germany,2058,,78866852,,,,,
dataflow,ESTAT:PROJ_25NP(1.0),"Population on 1st January by age, sex and type of projection",A,Annual,T,Total,TOTAL,Total,BSL,Baseline projections,PER,Person,DE,Germany,2059,,78684323,,,,,
dataflow,ESTAT:PROJ_25NP(1.0),"Population on 1st January by age, sex and type of projection",A,Annual,T,Total,TOTAL,Total,BSL,Baseline projections,PER,Person,DE,Germany,2060,,78505228,,,,,
dataflow,ESTAT:PROJ_25NP(1.0),"Population on 1st January by age, sex and type of projection",A,Annual,T,Total,TOTAL,Total,BSL,Baseline projections,PER,Person,DK,Denmark,2026,,6025601,,,,,
dataflow,ESTAT:PROJ_25NP(1.0),"Population on 1st January by age, sex and type of projection",A,Annual,T,Total,TOTAL,Total,BSL,Baseline projections,PER,Person,DK,Denmark,2027,,6054421,,,,,
dataflow,ESTAT:PROJ_25NP(1.0),"Population on 1st January by age, sex and type of projection",A,Annual,T,Total,TOTAL,Total,BSL,Baseline projections,PER,Person,DK,Denmark,2028,,6080850,,,,,
dataflow,ESTAT:PROJ_25NP(1.0),"Population on 1st January by age, sex and type of projection",A,Annual,T,Total,TOTAL,Total,BSL,Baseline projections,PER,Person,DK,Denmark,2029,,6105245,,,,,
dataflow,ESTAT:PROJ_25NP(1.0),"Population on 1st January by age, sex and type of projection",A,Annual,T,Total,TOTAL,Total,BSL,Baseline projections,PER,Person,DK,Denmark,2030,,6127181,,,,,
dataflow,ESTAT:PROJ_25NP(1.0),"Population on 1st January by age, sex and type of projection",A,Annual,T,Total,TOTAL,Total,BSL,Baseline projections,PER,Person,DK,Denmark,2031,,6146524,,,,,
dataflow,ESTAT:PROJ_25NP(1.0),"Population on 1st January by age, sex and type of projection",A,Annual,T,Total,TOTAL,Total,BSL,Baseline projections,PER,Person,DK,Denmark,2032,,6163042,,,,,
dataflow,ESTAT:PROJ_25NP(1.0),"Population on 1st January by age, sex and type of projection",A,Annual,T,Total,TOTAL,Total,BSL,Baseline projections,PER,Person,DK,Denmark,2033,,6177745,,,,,
dataflow,ESTAT:PROJ_25NP(1.0),"Population on 1st January by age, sex and type of projection",A,Annual,T,Total,TOTAL,Total,BSL,Baseline projections,PER,Person,DK,Denmark,2034,,6191012,,,,,
dataflow,ESTAT:PROJ_25NP(1.0),"Population on 1st January by age, sex and type of projection",A,Annual,T,Total,TOTAL,Total,BSL,Baseline projections,PER,Person,DK,Denmark,2035,,6203230,,,,,
dataflow,ESTAT:PROJ_25NP(1.0),"Population on 1st January by age, sex and type of projection",A,Annual,T,Total,TOTAL,Total,BSL,Baseline projections,PER,Person,DK,Denmark,2036,,6214264,,,,,
dataflow,ESTAT:PROJ_25NP(1.0),"Population on 1st January by age, sex and type of projection",A,Annual,T,Total,TOTAL,Total,BSL,Baseline projections,PER,Person,DK,Denmark,2037,,6225264,,,,,
dataflow,ESTAT:PROJ_25NP(1.0),"Population on 1st January by age, sex and type of projection",A,Annual,T,Total,TOTAL,Total,BSL,Baseline projections,PER,Person,DK,Denmark,2038,,6235680,,,,,
dataflow,ESTAT:PROJ_25NP(1.0),"Population on 1st January by age, sex and type of projection",A,Annual,T,Total,TOTAL,Total,BSL,Baseline projections,PER,Person,DK,Denmark,2039,,6244814,,,,,
dataflow,ESTAT:PROJ_25NP(1.0),"Population on 1st January by age, sex and type of projection",A,Annual,T,Total,TOTAL,Total,BSL,Baseline projections,PER,Person,DK,Denmark,2040,,6253086,,,,,
dataflow,ESTAT:PROJ_25NP(1.0),"Population on 1st January by age, sex and type of projection",A,Annual,T,Total,TOTAL,Total,BSL,Baseline projections,PER,Person,DK,Denmark,2041,,6260315,,,,,
dataflow,ESTAT:PROJ_25NP(1.0),"Population on 1st January by age, sex and type of projection",A,Annual,T,Total,TOTAL,Total,BSL,Baseline projections,PER,Person,DK,Denmark,2042,,6266172,,,,,
dataflow,ESTAT:PROJ_25NP(1.0),"Population on 1st January by age, sex and type of projection",A,Annual,T,Total,TOTAL,Total,BSL,Baseline projections,PER,Person,DK,Denmark,2043,,6271178,,,,,
dataflow,ESTAT:PROJ_25NP(1.0),"Population on 1st January by age, sex and type of projection",A,Annual,T,Total,TOTAL,Total,BSL,Baseline projections,PER,Person,DK,Denmark,2044,,6275447,,,,,
dataflow,ESTAT:PROJ_25NP(1.0),"Population on 1st January by age, sex and type of projection",A,Annual,T,Total,TOTAL,Total,BSL,Baseline projections,PER,Person,DK,Denmark,2045,,6279032,,,,,
dataflow,ESTAT:PROJ_25NP(1.0),"Population on 1st January by age, sex and type of projection",A,Annual,T,Total,TOTAL,Total,BSL,Baseline projections,PER,Person,DK,Denmark,2046,,6282000,,,,,
dataflow,ESTAT:PROJ_25NP(1.0),"Population on 1st January by age, sex and type of projection",A,Annual,T,Total,TOTAL,Total,BSL,Baseline projections,PER,Person,DK,Denmark,2047,,6284378,,,,,
dataflow,ESTAT:PROJ_25NP(1.0),"Population on 1st January by age, sex and type of projection",A,Annual,T,Total,TOTAL,Total,BSL,Baseline projections,PER,Person,DK,Denmark,2048,,6286138,,,,,
dataflow,ESTAT:PROJ_25NP(1.0),"Population on 1st January by age, sex and type of projection",A,Annual,T,Total,TOTAL,Total,BSL,Baseline projections,PER,Person,DK,Denmark,2049,,6287276,,,,,
dataflow,ESTAT:PROJ_25NP(1.0),"Population on 1st January by age, sex and type of projection",A,Annual,T,Total,TOTAL,Total,BSL,Baseline projections,PER,Person,DK,Denmark,2050,,6287777,,,,,
dataflow,ESTAT:PROJ_25NP(1.0),"Population on 1st January by age, sex and type of projection",A,Annual,T,Total,TOTAL,Total,BSL,Baseline projections,PER,Person,DK,Denmark,2051,,6287627,,,,,
dataflow,ESTAT:PROJ_25NP(1.0),"Population on 1st January by age, sex and type of projection",A,Annual,T,Total,TOTAL,Total,BSL,Baseline projections,PER,Person,DK,Denmark,2052,,6287024,,,,,
dataflow,ESTAT:PROJ_25NP(1.0),"Population on 1st January by age, sex and type of projection",A,Annual,T,Total,TOTAL,Total,BSL,Baseline projections,PER,Person,DK,Denmark,2053,,6285961,,,,,
dataflow,ESTAT:PROJ_25NP(1.0),"Population on 1st January by age, sex and type of projection",A,Annual,T,Total,TOTAL,Total,BSL,Baseline projections,PER,Person,DK,Denmark,2054,,6284698,,,,,
dataflow,ESTAT:PROJ_25NP(1.0),"Population on 1st January by age, sex and type of projection",A,Annual,T,Total,TOTAL,Total,BSL,Baseline projections,PER,Person,DK,Denmark,2055,,6283193,,,,,
dataflow,ESTAT:PROJ_25NP(1.0),"Population on 1st January by age, sex and type of projection",A,Annual,T,Total,TOTAL,Total,BSL,Baseline projections,PER,Person,DK,Denmark,2056,,6281530,,,,,
dataflow,ESTAT:PROJ_25NP(1.0),"Population on 1st January by age, sex and type of projection",A,Annual,T,Total,TOTAL,Total,BSL,Baseline projections,PER,Person,DK,Denmark,2057,,6279578,,,,,
dataflow,ESTAT:PROJ_25NP(1.0),"Population on 1st January by age, sex and type of projection",A,Annual,T,Total,TOTAL,Total,BSL,Baseline projections,PER,Person,DK,Denmark,2058,,6277672,,,,,
dataflow,ESTAT:PROJ_25NP(1.0),"Population on 1st January by age, sex and type of projection",A,Annual,T,Total,TOTAL,Total,BSL,Baseline projections,PER,Person,DK,Denmark,2059,,6275511,,,,,
dataflow,ESTAT:PROJ_25NP(1.0),"Population on 1st January by age, sex and type of projection",A,Annual,T,Total,TOTAL,Total,BSL,Baseline projections,PER,Person,DK,Denmark,2060,,6273573,,,,,
dataflow,ESTAT:PROJ_25NP(1.0),"Population on 1st January by age, sex and type of projection",A,Annual,T,Total,TOTAL,Total,BSL,Baseline projections,PER,Person,EA21,Euro area – 21 countries (from 2026),2026,,359098859,,,,,
dataflow,ESTAT:PROJ_25NP(1.0),"Population on 1st January by age, sex and type of projection",A,Annual,T,Total,TOTAL,Total,BSL,Baseline projections,PER,Person,EA21,Euro area – 21 countries (from 2026),2027,,359742828,,,,,
dataflow,ESTAT:PROJ_25NP(1.0),"Population on 1st January by age, sex and type of projection",A,Annual,T,Total,TOTAL,Total,BSL,Baseline projections,PER,Person,EA21,Euro area – 21 countries (from 2026),2028,,360262200,,,,,
dataflow,ESTAT:PROJ_25NP(1.0),"Population on 1st January by age, sex and type of projection",A,Annual,T,Total,TOTAL,Total,BSL,Baseline projections,PER,Person,EA21,Euro area – 21 countries (from 2026),2029,,360669280,,,,,
dataflow,ESTAT:PROJ_25NP(1.0),"Population on 1st January by age, sex and type of projection",A,Annual,T,Total,TOTAL,Total,BSL,Baseline projections,PER,Person,EA21,Euro area – 21 countries (from 2026),2030,,360961476,,,,,
dataflow,ESTAT:PROJ_25NP(1.0),"Population on 1st January by age, sex and type of projection",A,Annual,T,Total,TOTAL,Total,BSL,Baseline projections,PER,Person,EA21,Euro area – 21 countries (from 2026),2031,,361131293,,,,,
dataflow,ESTAT:PROJ_25NP(1.0),"Population on 1st January by age, sex and type of projection",A,Annual,T,Total,TOTAL,Total,BSL,Baseline projections,PER,Person,EA21,Euro area – 21 countries (from 2026),2032,,361182618,,,,,
dataflow,ESTAT:PROJ_25NP(1.0),"Population on 1st January by age, sex and type of projection",A,Annual,T,Total,TOTAL,Total,BSL,Baseline projections,PER,Person,EA21,Euro area – 21 countries (from 2026),2033,,361232780,,,,,
dataflow,ESTAT:PROJ_25NP(1.0),"Population on 1st January by age, sex and type of projection",A,Annual,T,Total,TOTAL,Total,BSL,Baseline projections,PER,Person,EA21,Euro area – 21 countries (from 2026),2034,,361282516,,,,,
dataflow,ESTAT:PROJ_25NP(1.0),"Population on 1st January by age, sex and type of projection",A,Annual,T,Total,TOTAL,Total,BSL,Baseline projections,PER,Person,EA21,Euro area – 21 countries (from 2026),2035,,361331106,,,,,
dataflow,ESTAT:PROJ_25NP(1.0),"Population on 1st January by age, sex and type of projection",A,Annual,T,Total,TOTAL,Total,BSL,Baseline projections,PER,Person,EA21,Euro area – 21 countries (from 2026),2036,,361344555,,,,,
dataflow,ESTAT:PROJ_25NP(1.0),"Population on 1st January by age, sex and type of projection",A,Annual,T,Total,TOTAL,Total,BSL,Baseline projections,PER,Person,EA21,Euro area – 21 countries (from 2026),2037,,361376088,,,,,
dataflow,ESTAT:PROJ_25NP(1.0),"Population on 1st January by age, sex and type of projection",A,Annual,T,Total,TOTAL,Total,BSL,Baseline projections,PER,Person,EA21,Euro area – 21 countries (from 2026),2038,,361373979,,,,,
dataflow,ESTAT:PROJ_25NP(1.0),"Population on 1st January by age, sex and type of projection",A,Annual,T,Total,TOTAL,Total,BSL,Baseline projections,PER,Person,EA21,Euro area – 21 countries (from 2026),2039,,361338229,,,,,
dataflow,ESTAT:PROJ_25NP(1.0),"Population on 1st January by age, sex and type of projection",A,Annual,T,Total,TOTAL,Total,BSL,Baseline projections,PER,Person,EA21,Euro area – 21 countries (from 2026),2040,,361273931,,,,,
dataflow,ESTAT:PROJ_25NP(1.0),"Population on 1st January by age, sex and type of projection",A,Annual,T,Total,TOTAL,Total,BSL,Baseline projections,PER,Person,EA21,Euro area – 21 countries (from 2026),2041,,361164224,,,,,
dataflow,ESTAT:PROJ_25NP(1.0),"Population on 1st January by age, sex and type of projection",A,Annual,T,Total,TOTAL,Total,BSL,Baseline projections,PER,Person,EA21,Euro area – 21 countries (from 2026),2042,,361017481,,,,,
dataflow,ESTAT:PROJ_25NP(1.0),"Population on 1st January by age, sex and type of projection",A,Annual,T,Total,TOTAL,Total,BSL,Baseline projections,PER,Person,EA21,Euro area – 21 countries (from 2026),2043,,360826179,,,,,
dataflow,ESTAT:PROJ_25NP(1.0),"Population on 1st January by age, sex and type of projection",A,Annual,T,Total,TOTAL,Total,BSL,Baseline projections,PER,Person,EA21,Euro area – 21 countries (from 2026),2044,,360586532,,,,,
dataflow,ESTAT:PROJ_25NP(1.0),"Population on 1st January by age, sex and type of projection",A,Annual,T,Total,TOTAL,Total,BSL,Baseline projections,PER,Person,EA21,Euro area – 21 countries (from 2026),2045,,360297448,,,,,
dataflow,ESTAT:PROJ_25NP(1.0),"Population on 1st January by age, sex and type of projection",A,Annual,T,Total,TOTAL,Total,BSL,Baseline projections,PER,Person,EA21,Euro area – 21 countries (from 2026),2046,,359967245,,,,,
dataflow,ESTAT:PROJ_25NP(1.0),"Population on 1st January by age, sex and type of projection",A,Annual,T,Total,TOTAL,Total,BSL,Baseline projections,PER,Person,EA21,Euro area – 21 countries (from 2026),2047,,359579673,,,,,
dataflow,ESTAT:PROJ_25NP(1.0),"Population on 1st January by age, sex and type of projection",A,Annual,T,Total,TOTAL,Total,BSL,Baseline projections,PER,Person,EA21,Euro area – 21 countries (from 2026),2048,,359140560,,,,,
dataflow,ESTAT:PROJ_25NP(1.0),"Population on 1st January by age, sex and type of projection",A,Annual,T,Total,TOTAL,Total,BSL,Baseline projections,PER,Person,EA21,Euro area – 21 countries (from 2026),2049,,358638761,,,,,
dataflow,ESTAT:PROJ_25NP(1.0),"Population on 1st January by age, sex and type of projection",A,Annual,T,Total,TOTAL,Total,BSL,Baseline projections,PER,Person,EA21,Euro area – 21 countries (from 2026),2050,,358083568,,,,,
dataflow,ESTAT:PROJ_25NP(1.0),"Population on 1st January by age, sex and type of projection",A,Annual,T,Total,TOTAL,Total,BSL,Baseline projections,PER,Person,EA21,Euro area – 21 countries (from 2026),2051,,357477607,,,,,
dataflow,ESTAT:PROJ_25NP(1.0),"Population on 1st January by age, sex and type of projection",A,Annual,T,Total,TOTAL,Total,BSL,Baseline projections,PER,Person,EA21,Euro area – 21 countries (from 2026),2052,,356823834,,,,,
dataflow,ESTAT:PROJ_25NP(1.0),"Population on 1st January by age, sex and type of projection",A,Annual,T,Total,TOTAL,Total,BSL,Baseline projections,PER,Person,EA21,Euro area – 21 countries (from 2026),2053,,356123602,,,,,
dataflow,ESTAT:PROJ_25NP(1.0),"Population on 1st January by age, sex and type of projection",A,Annual,T,Total,TOTAL,Total,BSL,Baseline projections,PER,Person,EA21,Euro area – 21 countries (from 2026),2054,,355385059,,,,,
dataflow,ESTAT:PROJ_25NP(1.0),"Population on 1st January by age, sex and type of projection",A,Annual,T,Total,TOTAL,Total,BSL,Baseline projections,PER,Person,EA21,Euro area – 21 countries (from 2026),2055,,354601526,,,,,
dataflow,ESTAT:PROJ_25NP(1.0),"Population on 1st January by age, sex and type of projection",A,Annual,T,Total,TOTAL,Total,BSL,Baseline projections,PER,Person,EA21,Euro area – 21 countries (from 2026),2056,,353788323,,,,,
dataflow,ESTAT:PROJ_25NP(1.0),"Population on 1st January by age, sex and type of projection",A,Annual,T,Total,TOTAL,Total,BSL,Baseline projections,PER,Person,EA21,Euro area – 21 countries (from 2026),2057,,352934876,,,,,
dataflow,ESTAT:PROJ_25NP(1.0),"Population on 1st January by age, sex and type of projection",A,Annual,T,Total,TOTAL,Total,BSL,Baseline projections,PER,Person,EA21,Euro area – 21 countries (from 2026),2058,,352058803,,,,,
dataflow,ESTAT:PROJ_25NP(1.0),"Population on 1st January by age, sex and type of projection",A,Annual,T,Total,TOTAL,Total,BSL,Baseline projections,PER,Person,EA21,Euro area – 21 countries (from 2026),2059,,351160475,,,,,
dataflow,ESTAT:PROJ_25NP(1.0),"Population on 1st January by age, sex and type of projection",A,Annual,T,Total,TOTAL,Total,BSL,Baseline projections,PER,Person,EA21,Euro area – 21 countries (from 2026),2060,,350251516,,,,,
dataflow,ESTAT:PROJ_25NP(1.0),"Population on 1st January by age, sex and type of projection",A,Annual,T,Total,TOTAL,Total,BSL,Baseline projections,PER,Person,EE,Estonia,2026,,1364632,,,,,
dataflow,ESTAT:PROJ_25NP(1.0),"Population on 1st January by age, sex and type of projection",A,Annual,T,Total,TOTAL,Total,BSL,Baseline projections,PER,Person,EE,Estonia,2027,,1357873,,,,,
dataflow,ESTAT:PROJ_25NP(1.0),"Population on 1st January by age, sex and type of projection",A,Annual,T,Total,TOTAL,Total,BSL,Baseline projections,PER,Person,EE,Estonia,2028,,1351469,,,,,
dataflow,ESTAT:PROJ_25NP(1.0),"Population on 1st January by age, sex and type of projection",A,Annual,T,Total,TOTAL,Total,BSL,Baseline projections,PER,Person,EE,Estonia,2029,,1345409,,,,,
dataflow,ESTAT:PROJ_25NP(1.0),"Population on 1st January by age, sex and type of projection",A,Annual,T,Total,TOTAL,Total,BSL,Baseline projections,PER,Person,EE,Estonia,2030,,1339781,,,,,
dataflow,ESTAT:PROJ_25NP(1.0),"Population on 1st January by age, sex and type of projection",A,Annual,T,Total,TOTAL,Total,BSL,Baseline projections,PER,Person,EE,Estonia,2031,,1334523,,,,,
dataflow,ESTAT:PROJ_25NP(1.0),"Population on 1st January by age, sex and type of projection",A,Annual,T,Total,TOTAL,Total,BSL,Baseline projections,PER,Person,EE,Estonia,2032,,1329724,,,,,
dataflow,ESTAT:PROJ_25NP(1.0),"Population on 1st January by age, sex and type of projection",A,Annual,T,Total,TOTAL,Total,BSL,Baseline projections,PER,Person,EE,Estonia,2033,,1325241,,,,,
dataflow,ESTAT:PROJ_25NP(1.0),"Population on 1st January by age, sex and type of projection",A,Annual,T,Total,TOTAL,Total,BSL,Baseline projections,PER,Person,EE,Estonia,2034,,1321056,,,,,
dataflow,ESTAT:PROJ_25NP(1.0),"Population on 1st January by age, sex and type of projection",A,Annual,T,Total,TOTAL,Total,BSL,Baseline projections,PER,Person,EE,Estonia,2035,,1317244,,,,,
dataflow,ESTAT:PROJ_25NP(1.0),"Population on 1st January by age, sex and type of projection",A,Annual,T,Total,TOTAL,Total,BSL,Baseline projections,PER,Person,EE,Estonia,2036,,1313575,,,,,
dataflow,ESTAT:PROJ_25NP(1.0),"Population on 1st January by age, sex and type of projection",A,Annual,T,Total,TOTAL,Total,BSL,Baseline projections,PER,Person,EE,Estonia,2037,,1310850,,,,,
dataflow,ESTAT:PROJ_25NP(1.0),"Population on 1st January by age, sex and type of projection",A,Annual,T,Total,TOTAL,Total,BSL,Baseline projections,PER,Person,EE,Estonia,2038,,1308273,,,,,
dataflow,ESTAT:PROJ_25NP(1.0),"Population on 1st January by age, sex and type of projection",A,Annual,T,Total,TOTAL,Total,BSL,Baseline projections,PER,Person,EE,Estonia,2039,,1305712,,,,,
dataflow,ESTAT:PROJ_25NP(1.0),"Population on 1st January by age, sex and type of projection",A,Annual,T,Total,TOTAL,Total,BSL,Baseline projections,PER,Person,EE,Estonia,2040,,1303275,,,,,
dataflow,ESTAT:PROJ_25NP(1.0),"Population on 1st January by age, sex and type of projection",A,Annual,T,Total,TOTAL,Total,BSL,Baseline projections,PER,Person,EE,Estonia,2041,,1300867,,,,,
dataflow,ESTAT:PROJ_25NP(1.0),"Population on 1st January by age, sex and type of projection",A,Annual,T,Total,TOTAL,Total,BSL,Baseline projections,PER,Person,EE,Estonia,2042,,1298525,,,,,
dataflow,ESTAT:PROJ_25NP(1.0),"Population on 1st January by age, sex and type of projection",A,Annual,T,Total,TOTAL,Total,BSL,Baseline projections,PER,Person,EE,Estonia,2043,,1296123,,,,,
dataflow,ESTAT:PROJ_25NP(1.0),"Population on 1st January by age, sex and type of projection",A,Annual,T,Total,TOTAL,Total,BSL,Baseline projections,PER,Person,EE,Estonia,2044,,1293629,,,,,
dataflow,ESTAT:PROJ_25NP(1.0),"Population on 1st January by age, sex and type of projection",A,Annual,T,Total,TOTAL,Total,BSL,Baseline projections,PER,Person,EE,Estonia,2045,,1291063,,,,,
dataflow,ESTAT:PROJ_25NP(1.0),"Population on 1st January by age, sex and type of projection",A,Annual,T,Total,TOTAL,Total,BSL,Baseline projections,PER,Person,EE,Estonia,2046,,1288433,,,,,
dataflow,ESTAT:PROJ_25NP(1.0),"Population on 1st January by age, sex and type of projection",A,Annual,T,Total,TOTAL,Total,BSL,Baseline projections,PER,Person,EE,Estonia,2047,,1285706,,,,,
dataflow,ESTAT:PROJ_25NP(1.0),"Population on 1st January by age, sex and type of projection",A,Annual,T,Total,TOTAL,Total,BSL,Baseline projections,PER,Person,EE,Estonia,2048,,1282897,,,,,
dataflow,ESTAT:PROJ_25NP(1.0),"Population on 1st January by age, sex and type of projection",A,Annual,T,Total,TOTAL,Total,BSL,Baseline projections,PER,Person,EE,Estonia,2049,,1280039,,,,,
dataflow,ESTAT:PROJ_25NP(1.0),"Population on 1st January by age, sex and type of projection",A,Annual,T,Total,TOTAL,Total,BSL,Baseline projections,PER,Person,EE,Estonia,2050,,1277067,,,,,
dataflow,ESTAT:PROJ_25NP(1.0),"Population on 1st January by age, sex and type of projection",A,Annual,T,Total,TOTAL,Total,BSL,Baseline projections,PER,Person,EE,Estonia,2051,,1273978,,,,,
dataflow,ESTAT:PROJ_25NP(1.0),"Population on 1st January by age, sex and type of projection",A,Annual,T,Total,TOTAL,Total,BSL,Baseline projections,PER,Person,EE,Estonia,2052,,1270813,,,,,
dataflow,ESTAT:PROJ_25NP(1.0),"Population on 1st January by age, sex and type of projection",A,Annual,T,Total,TOTAL,Total,BSL,Baseline projections,PER,Person,EE,Estonia,2053,,1267601,,,,,
dataflow,ESTAT:PROJ_25NP(1.0),"Population on 1st January by age, sex and type of projection",A,Annual,T,Total,TOTAL,Total,BSL,Baseline projections,PER,Person,EE,Estonia,2054,,1264284,,,,,
dataflow,ESTAT:PROJ_25NP(1.0),"Population on 1st January by age, sex and type of projection",A,Annual,T,Total,TOTAL,Total,BSL,Baseline projections,PER,Person,EE,Estonia,2055,,1260817,,,,,
dataflow,ESTAT:PROJ_25NP(1.0),"Population on 1st January by age, sex and type of projection",A,Annual,T,Total,TOTAL,Total,BSL,Baseline projections,PER,Person,EE,Estonia,2056,,1257161,,,,,
dataflow,ESTAT:PROJ_25NP(1.0),"Population on 1st January by age, sex and type of projection",A,Annual,T,Total,TOTAL,Total,BSL,Baseline projections,PER,Person,EE,Estonia,2057,,1253232,,,,,
dataflow,ESTAT:PROJ_25NP(1.0),"Population on 1st January by age, sex and type of projection",A,Annual,T,Total,TOTAL,Total,BSL,Baseline projections,PER,Person,EE,Estonia,2058,,1249197,,,,,
dataflow,ESTAT:PROJ_25NP(1.0),"Population on 1st January by age, sex and type of projection",A,Annual,T,Total,TOTAL,Total,BSL,Baseline projections,PER,Person,EE,Estonia,2059,,1244904,,,,,
dataflow,ESTAT:PROJ_25NP(1.0),"Population on 1st January by age, sex and type of projection",A,Annual,T,Total,TOTAL,Total,BSL,Baseline projections,PER,Person,EE,Estonia,2060,,1240526,,,,,
dataflow,ESTAT:PROJ_25NP(1.0),"Population on 1st January by age, sex and type of projection",A,Annual,T,Total,TOTAL,Total,BSL,Baseline projections,PER,Person,EL,Greece,2026,,10358710,,,,,
dataflow,ESTAT:PROJ_25NP(1.0),"Population on 1st January by age, sex and type of projection",A,Annual,T,Total,TOTAL,Total,BSL,Baseline projections,PER,Person,EL,Greece,2027,,10326251,,,,,
dataflow,ESTAT:PROJ_25NP(1.0),"Population on 1st January by age, sex and type of projection",A,Annual,T,Total,TOTAL,Total,BSL,Baseline projections,PER,Person,EL,Greece,2028,,10288906,,,,,
dataflow,ESTAT:PROJ_25NP(1.0),"Population on 1st January by age, sex and type of projection",A,Annual,T,Total,TOTAL,Total,BSL,Baseline projections,PER,Person,EL,Greece,2029,,10246897,,,,,
dataflow,ESTAT:PROJ_25NP(1.0),"Population on 1st January by age, sex and type of projection",A,Annual,T,Total,TOTAL,Total,BSL,Baseline projections,PER,Person,EL,Greece,2030,,10200010,,,,,
dataflow,ESTAT:PROJ_25NP(1.0),"Population on 1st January by age, sex and type of projection",A,Annual,T,Total,TOTAL,Total,BSL,Baseline projections,PER,Person,EL,Greece,2031,,10148176,,,,,
dataflow,ESTAT:PROJ_25NP(1.0),"Population on 1st January by age, sex and type of projection",A,Annual,T,Total,TOTAL,Total,BSL,Baseline projections,PER,Person,EL,Greece,2032,,10091571,,,,,
dataflow,ESTAT:PROJ_25NP(1.0),"Population on 1st January by age, sex and type of projection",A,Annual,T,Total,TOTAL,Total,BSL,Baseline projections,PER,Person,EL,Greece,2033,,10037421,,,,,
dataflow,ESTAT:PROJ_25NP(1.0),"Population on 1st January by age, sex and type of projection",A,Annual,T,Total,TOTAL,Total,BSL,Baseline projections,PER,Person,EL,Greece,2034,,9985323,,,,,
dataflow,ESTAT:PROJ_25NP(1.0),"Population on 1st January by age, sex and type of projection",A,Annual,T,Total,TOTAL,Total,BSL,Baseline projections,PER,Person,EL,Greece,2035,,9934432,,,,,
dataflow,ESTAT:PROJ_25NP(1.0),"Population on 1st January by age, sex and type of projection",A,Annual,T,Total,TOTAL,Total,BSL,Baseline projections,PER,Person,EL,Greece,2036,,9883555,,,,,
dataflow,ESTAT:PROJ_25NP(1.0),"Population on 1st January by age, sex and type of projection",A,Annual,T,Total,TOTAL,Total,BSL,Baseline projections,PER,Person,EL,Greece,2037,,9833724,,,,,
dataflow,ESTAT:PROJ_25NP(1.0),"Population on 1st January by age, sex and type of projection",A,Annual,T,Total,TOTAL,Total,BSL,Baseline projections,PER,Person,EL,Greece,2038,,9784366,,,,,
dataflow,ESTAT:PROJ_25NP(1.0),"Population on 1st January by age, sex and type of projection",A,Annual,T,Total,TOTAL,Total,BSL,Baseline projections,PER,Person,EL,Greece,2039,,9735565,,,,,
dataflow,ESTAT:PROJ_25NP(1.0),"Population on 1st January by age, sex and type of projection",A,Annual,T,Total,TOTAL,Total,BSL,Baseline projections,PER,Person,EL,Greece,2040,,9687426,,,,,
dataflow,ESTAT:PROJ_25NP(1.0),"Population on 1st January by age, sex and type of projection",A,Annual,T,Total,TOTAL,Total,BSL,Baseline projections,PER,Person,EL,Greece,2041,,9639404,,,,,
dataflow,ESTAT:PROJ_25NP(1.0),"Population on 1st January by age, sex and type of projection",A,Annual,T,Total,TOTAL,Total,BSL,Baseline projections,PER,Person,EL,Greece,2042,,9591694,,,,,
dataflow,ESTAT:PROJ_25NP(1.0),"Population on 1st January by age, sex and type of projection",A,Annual,T,Total,TOTAL,Total,BSL,Baseline projections,PER,Person,EL,Greece,2043,,9543262,,,,,
dataflow,ESTAT:PROJ_25NP(1.0),"Population on 1st January by age, sex and type of projection",A,Annual,T,Total,TOTAL,Total,BSL,Baseline projections,PER,Person,EL,Greece,2044,,9494359,,,,,
dataflow,ESTAT:PROJ_25NP(1.0),"Population on 1st January by age, sex and type of projection",A,Annual,T,Total,TOTAL,Total,BSL,Baseline projections,PER,Person,EL,Greece,2045,,9444922,,,,,
dataflow,ESTAT:PROJ_25NP(1.0),"Population on 1st January by age, sex and type of projection",A,Annual,T,Total,TOTAL,Total,BSL,Baseline projections,PER,Person,EL,Greece,2046,,9394833,,,,,
dataflow,ESTAT:PROJ_25NP(1.0),"Population on 1st January by age, sex and type of projection",A,Annual,T,Total,TOTAL,Total,BSL,Baseline projections,PER,Person,EL,Greece,2047,,9343392,,,,,
dataflow,ESTAT:PROJ_25NP(1.0),"Population on 1st January by age, sex and type of projection",A,Annual,T,Total,TOTAL,Total,BSL,Baseline projections,PER,Person,EL,Greece,2048,,9291041,,,,,
dataflow,ESTAT:PROJ_25NP(1.0),"Population on 1st January by age, sex and type of projection",A,Annual,T,Total,TOTAL,Total,BSL,Baseline projections,PER,Person,EL,Greece,2049,,9237579,,,,,
dataflow,ESTAT:PROJ_25NP(1.0),"Population on 1st January by age, sex and type of projection",A,Annual,T,Total,TOTAL,Total,BSL,Baseline projections,PER,Person,EL,Greece,2050,,9182676,,,,,
dataflow,ESTAT:PROJ_25NP(1.0),"Population on 1st January by age, sex and type of projection",A,Annual,T,Total,TOTAL,Total,BSL,Baseline projections,PER,Person,EL,Greece,2051,,9126597,,,,,
dataflow,ESTAT:PROJ_25NP(1.0),"Population on 1st January by age, sex and type of projection",A,Annual,T,Total,TOTAL,Total,BSL,Baseline projections,PER,Person,EL,Greece,2052,,9069443,,,,,
dataflow,ESTAT:PROJ_25NP(1.0),"Population on 1st January by age, sex and type of projection",A,Annual,T,Total,TOTAL,Total,BSL,Baseline projections,PER,Person,EL,Greece,2053,,9011289,,,,,
dataflow,ESTAT:PROJ_25NP(1.0),"Population on 1st January by age, sex and type of projection",A,Annual,T,Total,TOTAL,Total,BSL,Baseline projections,PER,Person,EL,Greece,2054,,8952731,,,,,
dataflow,ESTAT:PROJ_25NP(1.0),"Population on 1st January by age, sex and type of projection",A,Annual,T,Total,TOTAL,Total,BSL,Baseline projections,PER,Person,EL,Greece,2055,,8893184,,,,,
dataflow,ESTAT:PROJ_25NP(1.0),"Population on 1st January by age, sex and type of projection",A,Annual,T,Total,TOTAL,Total,BSL,Baseline projections,PER,Person,EL,Greece,2056,,8833329,,,,,
dataflow,ESTAT:PROJ_25NP(1.0),"Population on 1st January by age, sex and type of projection",A,Annual,T,Total,TOTAL,Total,BSL,Baseline projections,PER,Person,EL,Greece,2057,,8772858,,,,,
dataflow,ESTAT:PROJ_25NP(1.0),"Population on 1st January by age, sex and type of projection",A,Annual,T,Total,TOTAL,Total,BSL,Baseline projections,PER,Person,EL,Greece,2058,,8711976,,,,,
dataflow,ESTAT:PROJ_25NP(1.0),"Population on 1st January by age, sex and type of projection",A,Annual,T,Total,TOTAL,Total,BSL,Baseline projections,PER,Person,EL,Greece,2059,,8650732,,,,,
dataflow,ESTAT:PROJ_25NP(1.0),"Population on 1st January by age, sex and type of projection",A,Annual,T,Total,TOTAL,Total,BSL,Baseline projections,PER,Person,EL,Greece,2060,,8589605,,,,,
dataflow,ESTAT:PROJ_25NP(1.0),"Population on 1st January by age, sex and type of projection",A,Annual,T,Total,TOTAL,Total,BSL,Baseline projections,PER,Person,ES,Spain,2026,,49570728,,,,,
dataflow,ESTAT:PROJ_25NP(1.0),"Population on 1st January by age, sex and type of projection",A,Annual,T,Total,TOTAL,Total,BSL,Baseline projections,PER,Person,ES,Spain,2027,,49976787,,,,,
dataflow,ESTAT:PROJ_25NP(1.0),"Population on 1st January by age, sex and type of projection",A,Annual,T,Total,TOTAL,Total,BSL,Baseline projections,PER,Person,ES,Spain,2028,,50341560,,,,,
dataflow,ESTAT:PROJ_25NP(1.0),"Population on 1st January by age, sex and type of projection",A,Annual,T,Total,TOTAL,Total,BSL,Baseline projections,PER,Person,ES,Spain,2029,,50665174,,,,,
dataflow,ESTAT:PROJ_25NP(1.0),"Population on 1st January by age, sex and type of projection",A,Annual,T,Total,TOTAL,Total,BSL,Baseline projections,PER,Person,ES,Spain,2030,,50947559,,,,,
dataflow,ESTAT:PROJ_25NP(1.0),"Population on 1st January by age, sex and type of projection",A,Annual,T,Total,TOTAL,Total,BSL,Baseline projections,PER,Person,ES,Spain,2031,,51188480,,,,,
dataflow,ESTAT:PROJ_25NP(1.0),"Population on 1st January by age, sex and type of projection",A,Annual,T,Total,TOTAL,Total,BSL,Baseline projections,PER,Person,ES,Spain,2032,,51388670,,,,,
dataflow,ESTAT:PROJ_25NP(1.0),"Population on 1st January by age, sex and type of projection",A,Annual,T,Total,TOTAL,Total,BSL,Baseline projections,PER,Person,ES,Spain,2033,,51588777,,,,,
dataflow,ESTAT:PROJ_25NP(1.0),"Population on 1st January by age, sex and type of projection",A,Annual,T,Total,TOTAL,Total,BSL,Baseline projections,PER,Person,ES,Spain,2034,,51784850,,,,,
dataflow,ESTAT:PROJ_25NP(1.0),"Population on 1st January by age, sex and type of projection",A,Annual,T,Total,TOTAL,Total,BSL,Baseline projections,PER,Person,ES,Spain,2035,,51977041,,,,,
dataflow,ESTAT:PROJ_25NP(1.0),"Population on 1st January by age, sex and type of projection",A,Annual,T,Total,TOTAL,Total,BSL,Baseline projections,PER,Person,ES,Spain,2036,,52165359,,,,,
dataflow,ESTAT:PROJ_25NP(1.0),"Population on 1st January by age, sex and type of projection",A,Annual,T,Total,TOTAL,Total,BSL,Baseline projections,PER,Person,ES,Spain,2037,,52350887,,,,,
dataflow,ESTAT:PROJ_25NP(1.0),"Population on 1st January by age, sex and type of projection",A,Annual,T,Total,TOTAL,Total,BSL,Baseline projections,PER,Person,ES,Spain,2038,,52531070,,,,,
dataflow,ESTAT:PROJ_25NP(1.0),"Population on 1st January by age, sex and type of projection",A,Annual,T,Total,TOTAL,Total,BSL,Baseline projections,PER,Person,ES,Spain,2039,,52704554,,,,,
dataflow,ESTAT:PROJ_25NP(1.0),"Population on 1st January by age, sex and type of projection",A,Annual,T,Total,TOTAL,Total,BSL,Baseline projections,PER,Person,ES,Spain,2040,,52872036,,,,,
dataflow,ESTAT:PROJ_25NP(1.0),"Population on 1st January by age, sex and type of projection",A,Annual,T,Total,TOTAL,Total,BSL,Baseline projections,PER,Person,ES,Spain,2041,,53030247,,,,,
dataflow,ESTAT:PROJ_25NP(1.0),"Population on 1st January by age, sex and type of projection",A,Annual,T,Total,TOTAL,Total,BSL,Baseline projections,PER,Person,ES,Spain,2042,,53179376,,,,,
dataflow,ESTAT:PROJ_25NP(1.0),"Population on 1st January by age, sex and type of projection",A,Annual,T,Total,TOTAL,Total,BSL,Baseline projections,PER,Person,ES,Spain,2043,,53316811,,,,,
dataflow,ESTAT:PROJ_25NP(1.0),"Population on 1st January by age, sex and type of projection",A,Annual,T,Total,TOTAL,Total,BSL,Baseline projections,PER,Person,ES,Spain,2044,,53442218,,,,,
dataflow,ESTAT:PROJ_25NP(1.0),"Population on 1st January by age, sex and type of projection",A,Annual,T,Total,TOTAL,Total,BSL,Baseline projections,PER,Person,ES,Spain,2045,,53552939,,,,,
dataflow,ESTAT:PROJ_25NP(1.0),"Population on 1st January by age, sex and type of projection",A,Annual,T,Total,TOTAL,Total,BSL,Baseline projections,PER,Person,ES,Spain,2046,,53649716,,,,,
dataflow,ESTAT:PROJ_25NP(1.0),"Population on 1st January by age, sex and type of projection",A,Annual,T,Total,TOTAL,Total,BSL,Baseline projections,PER,Person,ES,Spain,2047,,53730730,,,,,
dataflow,ESTAT:PROJ_25NP(1.0),"Population on 1st January by age, sex and type of projection",A,Annual,T,Total,TOTAL,Total,BSL,Baseline projections,PER,Person,ES,Spain,2048,,53795991,,,,,
dataflow,ESTAT:PROJ_25NP(1.0),"Population on 1st January by age, sex and type of projection",A,Annual,T,Total,TOTAL,Total,BSL,Baseline projections,PER,Person,ES,Spain,2049,,53844444,,,,,
dataflow,ESTAT:PROJ_25NP(1.0),"Population on 1st January by age, sex and type of projection",A,Annual,T,Total,TOTAL,Total,BSL,Baseline projections,PER,Person,ES,Spain,2050,,53877467,,,,,
dataflow,ESTAT:PROJ_25NP(1.0),"Population on 1st January by age, sex and type of projection",A,Annual,T,Total,TOTAL,Total,BSL,Baseline projections,PER,Person,ES,Spain,2051,,53894687,,,,,
dataflow,ESTAT:PROJ_25NP(1.0),"Population on 1st January by age, sex and type of projection",A,Annual,T,Total,TOTAL,Total,BSL,Baseline projections,PER,Person,ES,Spain,2052,,53896657,,,,,
dataflow,ESTAT:PROJ_25NP(1.0),"Population on 1st January by age, sex and type of projection",A,Annual,T,Total,TOTAL,Total,BSL,Baseline projections,PER,Person,ES,Spain,2053,,53884144,,,,,
dataflow,ESTAT:PROJ_25NP(1.0),"Population on 1st January by age, sex and type of projection",A,Annual,T,Total,TOTAL,Total,BSL,Baseline projections,PER,Person,ES,Spain,2054,,53858298,,,,,
dataflow,ESTAT:PROJ_25NP(1.0),"Population on 1st January by age, sex and type of projection",A,Annual,T,Total,TOTAL,Total,BSL,Baseline projections,PER,Person,ES,Spain,2055,,53819505,,,,,
dataflow,ESTAT:PROJ_25NP(1.0),"Population on 1st January by age, sex and type of projection",A,Annual,T,Total,TOTAL,Total,BSL,Baseline projections,PER,Person,ES,Spain,2056,,53768702,,,,,
dataflow,ESTAT:PROJ_25NP(1.0),"Population on 1st January by age, sex and type of projection",A,Annual,T,Total,TOTAL,Total,BSL,Baseline projections,PER,Person,ES,Spain,2057,,53706991,,,,,
dataflow,ESTAT:PROJ_25NP(1.0),"Population on 1st January by age, sex and type of projection",A,Annual,T,Total,TOTAL,Total,BSL,Baseline projections,PER,Person,ES,Spain,2058,,53636315,,,,,
dataflow,ESTAT:PROJ_25NP(1.0),"Population on 1st January by age, sex and type of projection",A,Annual,T,Total,TOTAL,Total,BSL,Baseline projections,PER,Person,ES,Spain,2059,,53556215,,,,,
dataflow,ESTAT:PROJ_25NP(1.0),"Population on 1st January by age, sex and type of projection",A,Annual,T,Total,TOTAL,Total,BSL,Baseline projections,PER,Person,ES,Spain,2060,,53468132,,,,,
dataflow,ESTAT:PROJ_25NP(1.0),"Population on 1st January by age, sex and type of projection",A,Annual,T,Total,TOTAL,Total,BSL,Baseline projections,PER,Person,EU27_2020,European Union - 27 countries (from 2020),2026,,452549392,,,,,
dataflow,ESTAT:PROJ_25NP(1.0),"Population on 1st January by age, sex and type of projection",A,Annual,T,Total,TOTAL,Total,BSL,Baseline projections,PER,Person,EU27_2020,European Union - 27 countries (from 2020),2027,,452954975,,,,,
dataflow,ESTAT:PROJ_25NP(1.0),"Population on 1st January by age, sex and type of projection",A,Annual,T,Total,TOTAL,Total,BSL,Baseline projections,PER,Person,EU27_2020,European Union - 27 countries (from 2020),2028,,453211858,,,,,
dataflow,ESTAT:PROJ_25NP(1.0),"Population on 1st January by age, sex and type of projection",A,Annual,T,Total,TOTAL,Total,BSL,Baseline projections,PER,Person,EU27_2020,European Union - 27 countries (from 2020),2029,,453339288,,,,,
dataflow,ESTAT:PROJ_25NP(1.0),"Population on 1st January by age, sex and type of projection",A,Annual,T,Total,TOTAL,Total,BSL,Baseline projections,PER,Person,EU27_2020,European Union - 27 countries (from 2020),2030,,453329108,,,,,
dataflow,ESTAT:PROJ_25NP(1.0),"Population on 1st January by age, sex and type of projection",A,Annual,T,Total,TOTAL,Total,BSL,Baseline projections,PER,Person,EU27_2020,European Union - 27 countries (from 2020),2031,,453174769,,,,,
dataflow,ESTAT:PROJ_25NP(1.0),"Population on 1st January by age, sex and type of projection",A,Annual,T,Total,TOTAL,Total,BSL,Baseline projections,PER,Person,EU27_2020,European Union - 27 countries (from 2020),2032,,452880296,,,,,
dataflow,ESTAT:PROJ_25NP(1.0),"Population on 1st January by age, sex and type of projection",A,Annual,T,Total,TOTAL,Total,BSL,Baseline projections,PER,Person,EU27_2020,European Union - 27 countries (from 2020),2033,,452601710,,,,,
dataflow,ESTAT:PROJ_25NP(1.0),"Population on 1st January by age, sex and type of projection",A,Annual,T,Total,TOTAL,Total,BSL,Baseline projections,PER,Person,EU27_2020,European Union - 27 countries (from 2020),2034,,452337504,,,,,
dataflow,ESTAT:PROJ_25NP(1.0),"Population on 1st January by age, sex and type of projection",A,Annual,T,Total,TOTAL,Total,BSL,Baseline projections,PER,Person,EU27_2020,European Union - 27 countries (from 2020),2035,,452083156,,,,,
dataflow,ESTAT:PROJ_25NP(1.0),"Population on 1st January by age, sex and type of projection",A,Annual,T,Total,TOTAL,Total,BSL,Baseline projections,PER,Person,EU27_2020,European Union - 27 countries (from 2020),2036,,451791632,,,,,
dataflow,ESTAT:PROJ_25NP(1.0),"Population on 1st January by age, sex and type of projection",A,Annual,T,Total,TOTAL,Total,BSL,Baseline projections,PER,Person,EU27_2020,European Union - 27 countries (from 2020),2037,,451559782,,,,,
dataflow,ESTAT:PROJ_25NP(1.0),"Population on 1st January by age, sex and type of projection",A,Annual,T,Total,TOTAL,Total,BSL,Baseline projections,PER,Person,EU27_2020,European Union - 27 countries (from 2020),2038,,451297795,,,,,
dataflow,ESTAT:PROJ_25NP(1.0),"Population on 1st January by age, sex and type of projection",A,Annual,T,Total,TOTAL,Total,BSL,Baseline projections,PER,Person,EU27_2020,European Union - 27 countries (from 2020),2039,,451008428,,,,,
dataflow,ESTAT:PROJ_25NP(1.0),"Population on 1st January by age, sex and type of projection",A,Annual,T,Total,TOTAL,Total,BSL,Baseline projections,PER,Person,EU27_2020,European Union - 27 countries (from 2020),2040,,450702349,,,,,
dataflow,ESTAT:PROJ_25NP(1.0),"Population on 1st January by age, sex and type of projection",A,Annual,T,Total,TOTAL,Total,BSL,Baseline projections,PER,Person,EU27_2020,European Union - 27 countries (from 2020),2041,,450354649,,,,,
dataflow,ESTAT:PROJ_25NP(1.0),"Population on 1st January by age, sex and type of projection",A,Annual,T,Total,TOTAL,Total,BSL,Baseline projections,PER,Person,EU27_2020,European Union - 27 countries (from 2020),2042,,449971938,,,,,
dataflow,ESTAT:PROJ_25NP(1.0),"Population on 1st January by age, sex and type of projection",A,Annual,T,Total,TOTAL,Total,BSL,Baseline projections,PER,Person,EU27_2020,European Union - 27 countries (from 2020),2043,,449541943,,,,,
dataflow,ESTAT:PROJ_25NP(1.0),"Population on 1st January by age, sex and type of projection",A,Annual,T,Total,TOTAL,Total,BSL,Baseline projections,PER,Person,EU27_2020,European Union - 27 countries (from 2020),2044,,449060822,,,,,
dataflow,ESTAT:PROJ_25NP(1.0),"Population on 1st January by age, sex and type of projection",A,Annual,T,Total,TOTAL,Total,BSL,Baseline projections,PER,Person,EU27_2020,European Union - 27 countries (from 2020),2045,,448528731,,,,,
dataflow,ESTAT:PROJ_25NP(1.0),"Population on 1st January by age, sex and type of projection",A,Annual,T,Total,TOTAL,Total,BSL,Baseline projections,PER,Person,EU27_2020,European Union - 27 countries (from 2020),2046,,447951310,,,,,
dataflow,ESTAT:PROJ_25NP(1.0),"Population on 1st January by age, sex and type of projection",A,Annual,T,Total,TOTAL,Total,BSL,Baseline projections,PER,Person,EU27_2020,European Union - 27 countries (from 2020),2047,,447311427,,,,,
dataflow,ESTAT:PROJ_25NP(1.0),"Population on 1st January by age, sex and type of projection",A,Annual,T,Total,TOTAL,Total,BSL,Baseline projections,PER,Person,EU27_2020,European Union - 27 countries (from 2020),2048,,446617178,,,,,
dataflow,ESTAT:PROJ_25NP(1.0),"Population on 1st January by age, sex and type of projection",A,Annual,T,Total,TOTAL,Total,BSL,Baseline projections,PER,Person,EU27_2020,European Union - 27 countries (from 2020),2049,,445856501,,,,,
dataflow,ESTAT:PROJ_25NP(1.0),"Population on 1st January by age, sex and type of projection",A,Annual,T,Total,TOTAL,Total,BSL,Baseline projections,PER,Person,EU27_2020,European Union - 27 countries (from 2020),2050,,445038374,,,,,
dataflow,ESTAT:PROJ_25NP(1.0),"Population on 1st January by age, sex and type of projection",A,Annual,T,Total,TOTAL,Total,BSL,Baseline projections,PER,Person,EU27_2020,European Union - 27 countries (from 2020),2051,,444165790,,,,,
dataflow,ESTAT:PROJ_25NP(1.0),"Population on 1st January by age, sex and type of projection",A,Annual,T,Total,TOTAL,Total,BSL,Baseline projections,PER,Person,EU27_2020,European Union - 27 countries (from 2020),2052,,443238904,,,,,
dataflow,ESTAT:PROJ_25NP(1.0),"Population on 1st January by age, sex and type of projection",A,Annual,T,Total,TOTAL,Total,BSL,Baseline projections,PER,Person,EU27_2020,European Union - 27 countries (from 2020),2053,,442259322,,,,,
dataflow,ESTAT:PROJ_25NP(1.0),"Population on 1st January by age, sex and type of projection",A,Annual,T,Total,TOTAL,Total,BSL,Baseline projections,PER,Person,EU27_2020,European Union - 27 countries (from 2020),2054,,441236538,,,,,
dataflow,ESTAT:PROJ_25NP(1.0),"Population on 1st January by age, sex and type of projection",A,Annual,T,Total,TOTAL,Total,BSL,Baseline projections,PER,Person,EU27_2020,European Union - 27 countries (from 2020),2055,,440161438,,,,,
dataflow,ESTAT:PROJ_25NP(1.0),"Population on 1st January by age, sex and type of projection",A,Annual,T,Total,TOTAL,Total,BSL,Baseline projections,PER,Person,EU27_2020,European Union - 27 countries (from 2020),2056,,439051309,,,,,
dataflow,ESTAT:PROJ_25NP(1.0),"Population on 1st January by age, sex and type of projection",A,Annual,T,Total,TOTAL,Total,BSL,Baseline projections,PER,Person,EU27_2020,European Union - 27 countries (from 2020),2057,,437892647,,,,,
dataflow,ESTAT:PROJ_25NP(1.0),"Population on 1st January by age, sex and type of projection",A,Annual,T,Total,TOTAL,Total,BSL,Baseline projections,PER,Person,EU27_2020,European Union - 27 countries (from 2020),2058,,436703977,,,,,
dataflow,ESTAT:PROJ_25NP(1.0),"Population on 1st January by age, sex and type of projection",A,Annual,T,Total,TOTAL,Total,BSL,Baseline projections,PER,Person,EU27_2020,European Union - 27 countries (from 2020),2059,,435487061,,,,,
dataflow,ESTAT:PROJ_25NP(1.0),"Population on 1st January by age, sex and type of projection",A,Annual,T,Total,TOTAL,Total,BSL,Baseline projections,PER,Person,EU27_2020,European Union - 27 countries (from 2020),2060,,434254899,,,,,
dataflow,ESTAT:PROJ_25NP(1.0),"Population on 1st January by age, sex and type of projection",A,Annual,T,Total,TOTAL,Total,BSL,Baseline projections,PER,Person,FI,Finland,2026,,5656904,,,,,
dataflow,ESTAT:PROJ_25NP(1.0),"Population on 1st January by age, sex and type of projection",A,Annual,T,Total,TOTAL,Total,BSL,Baseline projections,PER,Person,FI,Finland,2027,,5672570,,,,,
dataflow,ESTAT:PROJ_25NP(1.0),"Population on 1st January by age, sex and type of projection",A,Annual,T,Total,TOTAL,Total,BSL,Baseline projections,PER,Person,FI,Finland,2028,,5684913,,,,,
dataflow,ESTAT:PROJ_25NP(1.0),"Population on 1st January by age, sex and type of projection",A,Annual,T,Total,TOTAL,Total,BSL,Baseline projections,PER,Person,FI,Finland,2029,,5693880,,,,,
dataflow,ESTAT:PROJ_25NP(1.0),"Population on 1st January by age, sex and type of projection",A,Annual,T,Total,TOTAL,Total,BSL,Baseline projections,PER,Person,FI,Finland,2030,,5699420,,,,,
dataflow,ESTAT:PROJ_25NP(1.0),"Population on 1st January by age, sex and type of projection",A,Annual,T,Total,TOTAL,Total,BSL,Baseline projections,PER,Person,FI,Finland,2031,,5701627,,,,,
dataflow,ESTAT:PROJ_25NP(1.0),"Population on 1st January by age, sex and type of projection",A,Annual,T,Total,TOTAL,Total,BSL,Baseline projections,PER,Person,FI,Finland,2032,,5700558,,,,,
dataflow,ESTAT:PROJ_25NP(1.0),"Population on 1st January by age, sex and type of projection",A,Annual,T,Total,TOTAL,Total,BSL,Baseline projections,PER,Person,FI,Finland,2033,,5698682,,,,,
dataflow,ESTAT:PROJ_25NP(1.0),"Population on 1st January by age, sex and type of projection",A,Annual,T,Total,TOTAL,Total,BSL,Baseline projections,PER,Person,FI,Finland,2034,,5695931,,,,,
dataflow,ESTAT:PROJ_25NP(1.0),"Population on 1st January by age, sex and type of projection",A,Annual,T,Total,TOTAL,Total,BSL,Baseline projections,PER,Person,FI,Finland,2035,,5692044,,,,,
dataflow,ESTAT:PROJ_25NP(1.0),"Population on 1st January by age, sex and type of projection",A,Annual,T,Total,TOTAL,Total,BSL,Baseline projections,PER,Person,FI,Finland,2036,,5687176,,,,,
dataflow,ESTAT:PROJ_25NP(1.0),"Population on 1st January by age, sex and type of projection",A,Annual,T,Total,TOTAL,Total,BSL,Baseline projections,PER,Person,FI,Finland,2037,,5682547,,,,,
dataflow,ESTAT:PROJ_25NP(1.0),"Population on 1st January by age, sex and type of projection",A,Annual,T,Total,TOTAL,Total,BSL,Baseline projections,PER,Person,FI,Finland,2038,,5677324,,,,,
dataflow,ESTAT:PROJ_25NP(1.0),"Population on 1st January by age, sex and type of projection",A,Annual,T,Total,TOTAL,Total,BSL,Baseline projections,PER,Person,FI,Finland,2039,,5671559,,,,,
dataflow,ESTAT:PROJ_25NP(1.0),"Population on 1st January by age, sex and type of projection",A,Annual,T,Total,TOTAL,Total,BSL,Baseline projections,PER,Person,FI,Finland,2040,,5665869,,,,,
dataflow,ESTAT:PROJ_25NP(1.0),"Population on 1st January by age, sex and type of projection",A,Annual,T,Total,TOTAL,Total,BSL,Baseline projections,PER,Person,FI,Finland,2041,,5659911,,,,,
dataflow,ESTAT:PROJ_25NP(1.0),"Population on 1st January by age, sex and type of projection",A,Annual,T,Total,TOTAL,Total,BSL,Baseline projections,PER,Person,FI,Finland,2042,,5653805,,,,,
dataflow,ESTAT:PROJ_25NP(1.0),"Population on 1st January by age, sex and type of projection",A,Annual,T,Total,TOTAL,Total,BSL,Baseline projections,PER,Person,FI,Finland,2043,,5647458,,,,,
dataflow,ESTAT:PROJ_25NP(1.0),"Population on 1st January by age, sex and type of projection",A,Annual,T,Total,TOTAL,Total,BSL,Baseline projections,PER,Person,FI,Finland,2044,,5640840,,,,,
dataflow,ESTAT:PROJ_25NP(1.0),"Population on 1st January by age, sex and type of projection",A,Annual,T,Total,TOTAL,Total,BSL,Baseline projections,PER,Person,FI,Finland,2045,,5634020,,,,,
dataflow,ESTAT:PROJ_25NP(1.0),"Population on 1st January by age, sex and type of projection",A,Annual,T,Total,TOTAL,Total,BSL,Baseline projections,PER,Person,FI,Finland,2046,,5627088,,,,,
dataflow,ESTAT:PROJ_25NP(1.0),"Population on 1st January by age, sex and type of projection",A,Annual,T,Total,TOTAL,Total,BSL,Baseline projections,PER,Person,FI,Finland,2047,,5620032,,,,,
dataflow,ESTAT:PROJ_25NP(1.0),"Population on 1st January by age, sex and type of projection",A,Annual,T,Total,TOTAL,Total,BSL,Baseline projections,PER,Person,FI,Finland,2048,,5613072,,,,,
dataflow,ESTAT:PROJ_25NP(1.0),"Population on 1st January by age, sex and type of projection",A,Annual,T,Total,TOTAL,Total,BSL,Baseline projections,PER,Person,FI,Finland,2049,,5605983,,,,,
dataflow,ESTAT:PROJ_25NP(1.0),"Population on 1st January by age, sex and type of projection",A,Annual,T,Total,TOTAL,Total,BSL,Baseline projections,PER,Person,FI,Finland,2050,,5598580,,,,,
dataflow,ESTAT:PROJ_25NP(1.0),"Population on 1st January by age, sex and type of projection",A,Annual,T,Total,TOTAL,Total,BSL,Baseline projections,PER,Person,FI,Finland,2051,,5590808,,,,,
dataflow,ESTAT:PROJ_25NP(1.0),"Population on 1st January by age, sex and type of projection",A,Annual,T,Total,TOTAL,Total,BSL,Baseline projections,PER,Person,FI,Finland,2052,,5582665,,,,,
dataflow,ESTAT:PROJ_25NP(1.0),"Population on 1st January by age, sex and type of projection",A,Annual,T,Total,TOTAL,Total,BSL,Baseline projections,PER,Person,FI,Finland,2053,,5574307,,,,,
dataflow,ESTAT:PROJ_25NP(1.0),"Population on 1st January by age, sex and type of projection",A,Annual,T,Total,TOTAL,Total,BSL,Baseline projections,PER,Person,FI,Finland,2054,,5566110,,,,,
dataflow,ESTAT:PROJ_25NP(1.0),"Population on 1st January by age, sex and type of projection",A,Annual,T,Total,TOTAL,Total,BSL,Baseline projections,PER,Person,FI,Finland,2055,,5557768,,,,,
dataflow,ESTAT:PROJ_25NP(1.0),"Population on 1st January by age, sex and type of projection",A,Annual,T,Total,TOTAL,Total,BSL,Baseline projections,PER,Person,FI,Finland,2056,,5549521,,,,,
dataflow,ESTAT:PROJ_25NP(1.0),"Population on 1st January by age, sex and type of projection",A,Annual,T,Total,TOTAL,Total,BSL,Baseline projections,PER,Person,FI,Finland,2057,,5541146,,,,,
dataflow,ESTAT:PROJ_25NP(1.0),"Population on 1st January by age, sex and type of projection",A,Annual,T,Total,TOTAL,Total,BSL,Baseline projections,PER,Person,FI,Finland,2058,,5532912,,,,,
dataflow,ESTAT:PROJ_25NP(1.0),"Population on 1st January by age, sex and type of projection",A,Annual,T,Total,TOTAL,Total,BSL,Baseline projections,PER,Person,FI,Finland,2059,,5524462,,,,,
dataflow,ESTAT:PROJ_25NP(1.0),"Population on 1st January by age, sex and type of projection",A,Annual,T,Total,TOTAL,Total,BSL,Baseline projections,PER,Person,FI,Finland,2060,,5516127,,,,,
dataflow,ESTAT:PROJ_25NP(1.0),"Population on 1st January by age, sex and type of projection",A,Annual,T,Total,TOTAL,Total,BSL,Baseline projections,PER,Person,FR,France,2026,,69056830,,,,,
dataflow,ESTAT:PROJ_25NP(1.0),"Population on 1st January by age, sex and type of projection",A,Annual,T,Total,TOTAL,Total,BSL,Baseline projections,PER,Person,FR,France,2027,,69201003,,,,,
dataflow,ESTAT:PROJ_25NP(1.0),"Population on 1st January by age, sex and type of projection",A,Annual,T,Total,TOTAL,Total,BSL,Baseline projections,PER,Person,FR,France,2028,,69337129,,,,,
dataflow,ESTAT:PROJ_25NP(1.0),"Population on 1st January by age, sex and type of projection",A,Annual,T,Total,TOTAL,Total,BSL,Baseline projections,PER,Person,FR,France,2029,,69466605,,,,,
dataflow,ESTAT:PROJ_25NP(1.0),"Population on 1st January by age, sex and type of projection",A,Annual,T,Total,TOTAL,Total,BSL,Baseline projections,PER,Person,FR,France,2030,,69590234,,,,,
dataflow,ESTAT:PROJ_25NP(1.0),"Population on 1st January by age, sex and type of projection",A,Annual,T,Total,TOTAL,Total,BSL,Baseline projections,PER,Person,FR,France,2031,,69707552,,,,,
dataflow,ESTAT:PROJ_25NP(1.0),"Population on 1st January by age, sex and type of projection",A,Annual,T,Total,TOTAL,Total,BSL,Baseline projections,PER,Person,FR,France,2032,,69818922,,,,,
dataflow,ESTAT:PROJ_25NP(1.0),"Population on 1st January by age, sex and type of projection",A,Annual,T,Total,TOTAL,Total,BSL,Baseline projections,PER,Person,FR,France,2033,,69930972,,,,,
dataflow,ESTAT:PROJ_25NP(1.0),"Population on 1st January by age, sex and type of projection",A,Annual,T,Total,TOTAL,Total,BSL,Baseline projections,PER,Person,FR,France,2034,,70044519,,,,,
dataflow,ESTAT:PROJ_25NP(1.0),"Population on 1st January by age, sex and type of projection",A,Annual,T,Total,TOTAL,Total,BSL,Baseline projections,PER,Person,FR,France,2035,,70160114,,,,,
dataflow,ESTAT:PROJ_25NP(1.0),"Population on 1st January by age, sex and type of projection",A,Annual,T,Total,TOTAL,Total,BSL,Baseline projections,PER,Person,FR,France,2036,,70270272,,,,,
dataflow,ESTAT:PROJ_25NP(1.0),"Population on 1st January by age, sex and type of projection",A,Annual,T,Total,TOTAL,Total,BSL,Baseline projections,PER,Person,FR,France,2037,,70374479,,,,,
dataflow,ESTAT:PROJ_25NP(1.0),"Population on 1st January by age, sex and type of projection",A,Annual,T,Total,TOTAL,Total,BSL,Baseline projections,PER,Person,FR,France,2038,,70472722,,,,,
dataflow,ESTAT:PROJ_25NP(1.0),"Population on 1st January by age, sex and type of projection",A,Annual,T,Total,TOTAL,Total,BSL,Baseline projections,PER,Person,FR,France,2039,,70565020,,,,,
dataflow,ESTAT:PROJ_25NP(1.0),"Population on 1st January by age, sex and type of projection",A,Annual,T,Total,TOTAL,Total,BSL,Baseline projections,PER,Person,FR,France,2040,,70646627,,,,,
dataflow,ESTAT:PROJ_25NP(1.0),"Population on 1st January by age, sex and type of projection",A,Annual,T,Total,TOTAL,Total,BSL,Baseline projections,PER,Person,FR,France,2041,,70712879,,,,,
dataflow,ESTAT:PROJ_25NP(1.0),"Population on 1st January by age, sex and type of projection",A,Annual,T,Total,TOTAL,Total,BSL,Baseline projections,PER,Person,FR,France,2042,,70769364,,,,,
dataflow,ESTAT:PROJ_25NP(1.0),"Population on 1st January by age, sex and type of projection",A,Annual,T,Total,TOTAL,Total,BSL,Baseline projections,PER,Person,FR,France,2043,,70818538,,,,,
dataflow,ESTAT:PROJ_25NP(1.0),"Population on 1st January by age, sex and type of projection",A,Annual,T,Total,TOTAL,Total,BSL,Baseline projections,PER,Person,FR,France,2044,,70857720,,,,,
dataflow,ESTAT:PROJ_25NP(1.0),"Population on 1st January by age, sex and type of projection",A,Annual,T,Total,TOTAL,Total,BSL,Baseline projections,PER,Person,FR,France,2045,,70888632,,,,,
dataflow,ESTAT:PROJ_25NP(1.0),"Population on 1st January by age, sex and type of projection",A,Annual,T,Total,TOTAL,Total,BSL,Baseline projections,PER,Person,FR,France,2046,,70914526,,,,,
dataflow,ESTAT:PROJ_25NP(1.0),"Population on 1st January by age, sex and type of projection",A,Annual,T,Total,TOTAL,Total,BSL,Baseline projections,PER,Person,FR,France,2047,,70928450,,,,,
dataflow,ESTAT:PROJ_25NP(1.0),"Population on 1st January by age, sex and type of projection",A,Annual,T,Total,TOTAL,Total,BSL,Baseline projections,PER,Person,FR,France,2048,,70931953,,,,,
dataflow,ESTAT:PROJ_25NP(1.0),"Population on 1st January by age, sex and type of projection",A,Annual,T,Total,TOTAL,Total,BSL,Baseline projections,PER,Person,FR,France,2049,,70920978,,,,,
dataflow,ESTAT:PROJ_25NP(1.0),"Population on 1st January by age, sex and type of projection",A,Annual,T,Total,TOTAL,Total,BSL,Baseline projections,PER,Person,FR,France,2050,,70900505,,,,,
dataflow,ESTAT:PROJ_25NP(1.0),"Population on 1st January by age, sex and type of projection",A,Annual,T,Total,TOTAL,Total,BSL,Baseline projections,PER,Person,FR,France,2051,,70871625,,,,,
dataflow,ESTAT:PROJ_25NP(1.0),"Population on 1st January by age, sex and type of projection",A,Annual,T,Total,TOTAL,Total,BSL,Baseline projections,PER,Person,FR,France,2052,,70833667,,,,,
dataflow,ESTAT:PROJ_25NP(1.0),"Population on 1st January by age, sex and type of projection",A,Annual,T,Total,TOTAL,Total,BSL,Baseline projections,PER,Person,FR,France,2053,,70786147,,,,,
dataflow,ESTAT:PROJ_25NP(1.0),"Population on 1st January by age, sex and type of projection",A,Annual,T,Total,TOTAL,Total,BSL,Baseline projections,PER,Person,FR,France,2054,,70730270,,,,,
dataflow,ESTAT:PROJ_25NP(1.0),"Population on 1st January by age, sex and type of projection",A,Annual,T,Total,TOTAL,Total,BSL,Baseline projections,PER,Person,FR,France,2055,,70666277,,,,,
dataflow,ESTAT:PROJ_25NP(1.0),"Population on 1st January by age, sex and type of projection",A,Annual,T,Total,TOTAL,Total,BSL,Baseline projections,PER,Person,FR,France,2056,,70596122,,,,,
dataflow,ESTAT:PROJ_25NP(1.0),"Population on 1st January by age, sex and type of projection",A,Annual,T,Total,TOTAL,Total,BSL,Baseline projections,PER,Person,FR,France,2057,,70518944,,,,,
dataflow,ESTAT:PROJ_25NP(1.0),"Population on 1st January by age, sex and type of projection",A,Annual,T,Total,TOTAL,Total,BSL,Baseline projections,PER,Person,FR,France,2058,,70437533,,,,,
dataflow,ESTAT:PROJ_25NP(1.0),"Population on 1st January by age, sex and type of projection",A,Annual,T,Total,TOTAL,Total,BSL,Baseline projections,PER,Person,FR,France,2059,,70350679,,,,,
dataflow,ESTAT:PROJ_25NP(1.0),"Population on 1st January by age, sex and type of projection",A,Annual,T,Total,TOTAL,Total,BSL,Baseline projections,PER,Person,FR,France,2060,,70262804,,,,,
dataflow,ESTAT:PROJ_25NP(1.0),"Population on 1st January by age, sex and type of projection",A,Annual,T,Total,TOTAL,Total,BSL,Baseline projections,PER,Person,HR,Croatia,2026,,3876167,,,,,
dataflow,ESTAT:PROJ_25NP(1.0),"Population on 1st January by age, sex and type of projection",A,Annual,T,Total,TOTAL,Total,BSL,Baseline projections,PER,Person,HR,Croatia,2027,,3875123,,,,,
dataflow,ESTAT:PROJ_25NP(1.0),"Population on 1st January by age, sex and type of projection",A,Annual,T,Total,TOTAL,Total,BSL,Baseline projections,PER,Person,HR,Croatia,2028,,3870250,,,,,
dataflow,ESTAT:PROJ_25NP(1.0),"Population on 1st January by age, sex and type of projection",A,Annual,T,Total,TOTAL,Total,BSL,Baseline projections,PER,Person,HR,Croatia,2029,,3861586,,,,,
dataflow,ESTAT:PROJ_25NP(1.0),"Population on 1st January by age, sex and type of projection",A,Annual,T,Total,TOTAL,Total,BSL,Baseline projections,PER,Person,HR,Croatia,2030,,3849276,,,,,
dataflow,ESTAT:PROJ_25NP(1.0),"Population on 1st January by age, sex and type of projection",A,Annual,T,Total,TOTAL,Total,BSL,Baseline projections,PER,Person,HR,Croatia,2031,,3833608,,,,,
dataflow,ESTAT:PROJ_25NP(1.0),"Population on 1st January by age, sex and type of projection",A,Annual,T,Total,TOTAL,Total,BSL,Baseline projections,PER,Person,HR,Croatia,2032,,3814198,,,,,
dataflow,ESTAT:PROJ_25NP(1.0),"Population on 1st January by age, sex and type of projection",A,Annual,T,Total,TOTAL,Total,BSL,Baseline projections,PER,Person,HR,Croatia,2033,,3794271,,,,,
dataflow,ESTAT:PROJ_25NP(1.0),"Population on 1st January by age, sex and type of projection",A,Annual,T,Total,TOTAL,Total,BSL,Baseline projections,PER,Person,HR,Croatia,2034,,3773787,,,,,
dataflow,ESTAT:PROJ_25NP(1.0),"Population on 1st January by age, sex and type of projection",A,Annual,T,Total,TOTAL,Total,BSL,Baseline projections,PER,Person,HR,Croatia,2035,,3752962,,,,,
dataflow,ESTAT:PROJ_25NP(1.0),"Population on 1st January by age, sex and type of projection",A,Annual,T,Total,TOTAL,Total,BSL,Baseline projections,PER,Person,HR,Croatia,2036,,3731670,,,,,
dataflow,ESTAT:PROJ_25NP(1.0),"Population on 1st January by age, sex and type of projection",A,Annual,T,Total,TOTAL,Total,BSL,Baseline projections,PER,Person,HR,Croatia,2037,,3710843,,,,,
dataflow,ESTAT:PROJ_25NP(1.0),"Population on 1st January by age, sex and type of projection",A,Annual,T,Total,TOTAL,Total,BSL,Baseline projections,PER,Person,HR,Croatia,2038,,3689976,,,,,
dataflow,ESTAT:PROJ_25NP(1.0),"Population on 1st January by age, sex and type of projection",A,Annual,T,Total,TOTAL,Total,BSL,Baseline projections,PER,Person,HR,Croatia,2039,,3669083,,,,,
dataflow,ESTAT:PROJ_25NP(1.0),"Population on 1st January by age, sex and type of projection",A,Annual,T,Total,TOTAL,Total,BSL,Baseline projections,PER,Person,HR,Croatia,2040,,3648026,,,,,
dataflow,ESTAT:PROJ_25NP(1.0),"Population on 1st January by age, sex and type of projection",A,Annual,T,Total,TOTAL,Total,BSL,Baseline projections,PER,Person,HR,Croatia,2041,,3626889,,,,,
dataflow,ESTAT:PROJ_25NP(1.0),"Population on 1st January by age, sex and type of projection",A,Annual,T,Total,TOTAL,Total,BSL,Baseline projections,PER,Person,HR,Croatia,2042,,3605647,,,,,
dataflow,ESTAT:PROJ_25NP(1.0),"Population on 1st January by age, sex and type of projection",A,Annual,T,Total,TOTAL,Total,BSL,Baseline projections,PER,Person,HR,Croatia,2043,,3584468,,,,,
dataflow,ESTAT:PROJ_25NP(1.0),"Population on 1st January by age, sex and type of projection",A,Annual,T,Total,TOTAL,Total,BSL,Baseline projections,PER,Person,HR,Croatia,2044,,3563427,,,,,
dataflow,ESTAT:PROJ_25NP(1.0),"Population on 1st January by age, sex and type of projection",A,Annual,T,Total,TOTAL,Total,BSL,Baseline projections,PER,Person,HR,Croatia,2045,,3542619,,,,,
dataflow,ESTAT:PROJ_25NP(1.0),"Population on 1st January by age, sex and type of projection",A,Annual,T,Total,TOTAL,Total,BSL,Baseline projections,PER,Person,HR,Croatia,2046,,3521984,,,,,
dataflow,ESTAT:PROJ_25NP(1.0),"Population on 1st January by age, sex and type of projection",A,Annual,T,Total,TOTAL,Total,BSL,Baseline projections,PER,Person,HR,Croatia,2047,,3501504,,,,,
dataflow,ESTAT:PROJ_25NP(1.0),"Population on 1st January by age, sex and type of projection",A,Annual,T,Total,TOTAL,Total,BSL,Baseline projections,PER,Person,HR,Croatia,2048,,3481333,,,,,
dataflow,ESTAT:PROJ_25NP(1.0),"Population on 1st January by age, sex and type of projection",A,Annual,T,Total,TOTAL,Total,BSL,Baseline projections,PER,Person,HR,Croatia,2049,,3461441,,,,,
dataflow,ESTAT:PROJ_25NP(1.0),"Population on 1st January by age, sex and type of projection",A,Annual,T,Total,TOTAL,Total,BSL,Baseline projections,PER,Person,HR,Croatia,2050,,3441967,,,,,
dataflow,ESTAT:PROJ_25NP(1.0),"Population on 1st January by age, sex and type of projection",A,Annual,T,Total,TOTAL,Total,BSL,Baseline projections,PER,Person,HR,Croatia,2051,,3422710,,,,,
dataflow,ESTAT:PROJ_25NP(1.0),"Population on 1st January by age, sex and type of projection",A,Annual,T,Total,TOTAL,Total,BSL,Baseline projections,PER,Person,HR,Croatia,2052,,3403718,,,,,
dataflow,ESTAT:PROJ_25NP(1.0),"Population on 1st January by age, sex and type of projection",A,Annual,T,Total,TOTAL,Total,BSL,Baseline projections,PER,Person,HR,Croatia,2053,,3385127,,,,,
dataflow,ESTAT:PROJ_25NP(1.0),"Population on 1st January by age, sex and type of projection",A,Annual,T,Total,TOTAL,Total,BSL,Baseline projections,PER,Person,HR,Croatia,2054,,3366950,,,,,
dataflow,ESTAT:PROJ_25NP(1.0),"Population on 1st January by age, sex and type of projection",A,Annual,T,Total,TOTAL,Total,BSL,Baseline projections,PER,Person,HR,Croatia,2055,,3349029,,,,,
dataflow,ESTAT:PROJ_25NP(1.0),"Population on 1st January by age, sex and type of projection",A,Annual,T,Total,TOTAL,Total,BSL,Baseline projections,PER,Person,HR,Croatia,2056,,3331556,,,,,
dataflow,ESTAT:PROJ_25NP(1.0),"Population on 1st January by age, sex and type of projection",A,Annual,T,Total,TOTAL,Total,BSL,Baseline projections,PER,Person,HR,Croatia,2057,,3314530,,,,,
dataflow,ESTAT:PROJ_25NP(1.0),"Population on 1st January by age, sex and type of projection",A,Annual,T,Total,TOTAL,Total,BSL,Baseline projections,PER,Person,HR,Croatia,2058,,3297600,,,,,
dataflow,ESTAT:PROJ_25NP(1.0),"Population on 1st January by age, sex and type of projection",A,Annual,T,Total,TOTAL,Total,BSL,Baseline projections,PER,Person,HR,Croatia,2059,,3281256,,,,,
dataflow,ESTAT:PROJ_25NP(1.0),"Population on 1st January by age, sex and type of projection",A,Annual,T,Total,TOTAL,Total,BSL,Baseline projections,PER,Person,HR,Croatia,2060,,3265212,,,,,
dataflow,ESTAT:PROJ_25NP(1.0),"Population on 1st January by age, sex and type of projection",A,Annual,T,Total,TOTAL,Total,BSL,Baseline projections,PER,Person,HU,Hungary,2026,,9489006,,,,,
dataflow,ESTAT:PROJ_25NP(1.0),"Population on 1st January by age, sex and type of projection",A,Annual,T,Total,TOTAL,Total,BSL,Baseline projections,PER,Person,HU,Hungary,2027,,9432688,,,,,
dataflow,ESTAT:PROJ_25NP(1.0),"Population on 1st January by age, sex and type of projection",A,Annual,T,Total,TOTAL,Total,BSL,Baseline projections,PER,Person,HU,Hungary,2028,,9377987,,,,,
dataflow,ESTAT:PROJ_25NP(1.0),"Population on 1st January by age, sex and type of projection",A,Annual,T,Total,TOTAL,Total,BSL,Baseline projections,PER,Person,HU,Hungary,2029,,9326264,,,,,
dataflow,ESTAT:PROJ_25NP(1.0),"Population on 1st January by age, sex and type of projection",A,Annual,T,Total,TOTAL,Total,BSL,Baseline projections,PER,Person,HU,Hungary,2030,,9276740,,,,,
dataflow,ESTAT:PROJ_25NP(1.0),"Population on 1st January by age, sex and type of projection",A,Annual,T,Total,TOTAL,Total,BSL,Baseline projections,PER,Person,HU,Hungary,2031,,9229884,,,,,
dataflow,ESTAT:PROJ_25NP(1.0),"Population on 1st January by age, sex and type of projection",A,Annual,T,Total,TOTAL,Total,BSL,Baseline projections,PER,Person,HU,Hungary,2032,,9185920,,,,,
dataflow,ESTAT:PROJ_25NP(1.0),"Population on 1st January by age, sex and type of projection",A,Annual,T,Total,TOTAL,Total,BSL,Baseline projections,PER,Person,HU,Hungary,2033,,9144703,,,,,
dataflow,ESTAT:PROJ_25NP(1.0),"Population on 1st January by age, sex and type of projection",A,Annual,T,Total,TOTAL,Total,BSL,Baseline projections,PER,Person,HU,Hungary,2034,,9105791,,,,,
dataflow,ESTAT:PROJ_25NP(1.0),"Population on 1st January by age, sex and type of projection",A,Annual,T,Total,TOTAL,Total,BSL,Baseline projections,PER,Person,HU,Hungary,2035,,9068641,,,,,
dataflow,ESTAT:PROJ_25NP(1.0),"Population on 1st January by age, sex and type of projection",A,Annual,T,Total,TOTAL,Total,BSL,Baseline projections,PER,Person,HU,Hungary,2036,,9030688,,,,,
dataflow,ESTAT:PROJ_25NP(1.0),"Population on 1st January by age, sex and type of projection",A,Annual,T,Total,TOTAL,Total,BSL,Baseline projections,PER,Person,HU,Hungary,2037,,8992512,,,,,
dataflow,ESTAT:PROJ_25NP(1.0),"Population on 1st January by age, sex and type of projection",A,Annual,T,Total,TOTAL,Total,BSL,Baseline projections,PER,Person,HU,Hungary,2038,,8954822,,,,,
dataflow,ESTAT:PROJ_25NP(1.0),"Population on 1st January by age, sex and type of projection",A,Annual,T,Total,TOTAL,Total,BSL,Baseline projections,PER,Person,HU,Hungary,2039,,8917560,,,,,
dataflow,ESTAT:PROJ_25NP(1.0),"Population on 1st January by age, sex and type of projection",A,Annual,T,Total,TOTAL,Total,BSL,Baseline projections,PER,Person,HU,Hungary,2040,,8883635,,,,,
dataflow,ESTAT:PROJ_25NP(1.0),"Population on 1st January by age, sex and type of projection",A,Annual,T,Total,TOTAL,Total,BSL,Baseline projections,PER,Person,HU,Hungary,2041,,8851140,,,,,
dataflow,ESTAT:PROJ_25NP(1.0),"Population on 1st January by age, sex and type of projection",A,Annual,T,Total,TOTAL,Total,BSL,Baseline projections,PER,Person,HU,Hungary,2042,,8818938,,,,,
dataflow,ESTAT:PROJ_25NP(1.0),"Population on 1st January by age, sex and type of projection",A,Annual,T,Total,TOTAL,Total,BSL,Baseline projections,PER,Person,HU,Hungary,2043,,8786445,,,,,
dataflow,ESTAT:PROJ_25NP(1.0),"Population on 1st January by age, sex and type of projection",A,Annual,T,Total,TOTAL,Total,BSL,Baseline projections,PER,Person,HU,Hungary,2044,,8753553,,,,,
dataflow,ESTAT:PROJ_25NP(1.0),"Population on 1st January by age, sex and type of projection",A,Annual,T,Total,TOTAL,Total,BSL,Baseline projections,PER,Person,HU,Hungary,2045,,8720462,,,,,
dataflow,ESTAT:PROJ_25NP(1.0),"Population on 1st January by age, sex and type of projection",A,Annual,T,Total,TOTAL,Total,BSL,Baseline projections,PER,Person,HU,Hungary,2046,,8687001,,,,,
dataflow,ESTAT:PROJ_25NP(1.0),"Population on 1st January by age, sex and type of projection",A,Annual,T,Total,TOTAL,Total,BSL,Baseline projections,PER,Person,HU,Hungary,2047,,8653638,,,,,
dataflow,ESTAT:PROJ_25NP(1.0),"Population on 1st January by age, sex and type of projection",A,Annual,T,Total,TOTAL,Total,BSL,Baseline projections,PER,Person,HU,Hungary,2048,,8620079,,,,,
dataflow,ESTAT:PROJ_25NP(1.0),"Population on 1st January by age, sex and type of projection",A,Annual,T,Total,TOTAL,Total,BSL,Baseline projections,PER,Person,HU,Hungary,2049,,8586512,,,,,
dataflow,ESTAT:PROJ_25NP(1.0),"Population on 1st January by age, sex and type of projection",A,Annual,T,Total,TOTAL,Total,BSL,Baseline projections,PER,Person,HU,Hungary,2050,,8553183,,,,,
dataflow,ESTAT:PROJ_25NP(1.0),"Population on 1st January by age, sex and type of projection",A,Annual,T,Total,TOTAL,Total,BSL,Baseline projections,PER,Person,HU,Hungary,2051,,8520719,,,,,
dataflow,ESTAT:PROJ_25NP(1.0),"Population on 1st January by age, sex and type of projection",A,Annual,T,Total,TOTAL,Total,BSL,Baseline projections,PER,Person,HU,Hungary,2052,,8488430,,,,,
dataflow,ESTAT:PROJ_25NP(1.0),"Population on 1st January by age, sex and type of projection",A,Annual,T,Total,TOTAL,Total,BSL,Baseline projections,PER,Person,HU,Hungary,2053,,8456104,,,,,
dataflow,ESTAT:PROJ_25NP(1.0),"Population on 1st January by age, sex and type of projection",A,Annual,T,Total,TOTAL,Total,BSL,Baseline projections,PER,Person,HU,Hungary,2054,,8423670,,,,,
dataflow,ESTAT:PROJ_25NP(1.0),"Population on 1st January by age, sex and type of projection",A,Annual,T,Total,TOTAL,Total,BSL,Baseline projections,PER,Person,HU,Hungary,2055,,8390984,,,,,
dataflow,ESTAT:PROJ_25NP(1.0),"Population on 1st January by age, sex and type of projection",A,Annual,T,Total,TOTAL,Total,BSL,Baseline projections,PER,Person,HU,Hungary,2056,,8358121,,,,,
dataflow,ESTAT:PROJ_25NP(1.0),"Population on 1st January by age, sex and type of projection",A,Annual,T,Total,TOTAL,Total,BSL,Baseline projections,PER,Person,HU,Hungary,2057,,8324863,,,,,
dataflow,ESTAT:PROJ_25NP(1.0),"Population on 1st January by age, sex and type of projection",A,Annual,T,Total,TOTAL,Total,BSL,Baseline projections,PER,Person,HU,Hungary,2058,,8290711,,,,,
dataflow,ESTAT:PROJ_25NP(1.0),"Population on 1st January by age, sex and type of projection",A,Annual,T,Total,TOTAL,Total,BSL,Baseline projections,PER,Person,HU,Hungary,2059,,8255816,,,,,
dataflow,ESTAT:PROJ_25NP(1.0),"Population on 1st January by age, sex and type of projection",A,Annual,T,Total,TOTAL,Total,BSL,Baseline projections,PER,Person,HU,Hungary,2060,,8220534,,,,,
dataflow,ESTAT:PROJ_25NP(1.0),"Population on 1st January by age, sex and type of projection",A,Annual,T,Total,TOTAL,Total,BSL,Baseline projections,PER,Person,IE,Ireland,2026,,5528338,,,,,
dataflow,ESTAT:PROJ_25NP(1.0),"Population on 1st January by age, sex and type of projection",A,Annual,T,Total,TOTAL,Total,BSL,Baseline projections,PER,Person,IE,Ireland,2027,,5605476,,,,,
dataflow,ESTAT:PROJ_25NP(1.0),"Population on 1st January by age, sex and type of projection",A,Annual,T,Total,TOTAL,Total,BSL,Baseline projections,PER,Person,IE,Ireland,2028,,5675542,,,,,
dataflow,ESTAT:PROJ_25NP(1.0),"Population on 1st January by age, sex and type of projection",A,Annual,T,Total,TOTAL,Total,BSL,Baseline projections,PER,Person,IE,Ireland,2029,,5738411,,,,,
dataflow,ESTAT:PROJ_25NP(1.0),"Population on 1st January by age, sex and type of projection",A,Annual,T,Total,TOTAL,Total,BSL,Baseline projections,PER,Person,IE,Ireland,2030,,5794004,,,,,
dataflow,ESTAT:PROJ_25NP(1.0),"Population on 1st January by age, sex and type of projection",A,Annual,T,Total,TOTAL,Total,BSL,Baseline projections,PER,Person,IE,Ireland,2031,,5842204,,,,,
dataflow,ESTAT:PROJ_25NP(1.0),"Population on 1st January by age, sex and type of projection",A,Annual,T,Total,TOTAL,Total,BSL,Baseline projections,PER,Person,IE,Ireland,2032,,5882925,,,,,
dataflow,ESTAT:PROJ_25NP(1.0),"Population on 1st January by age, sex and type of projection",A,Annual,T,Total,TOTAL,Total,BSL,Baseline projections,PER,Person,IE,Ireland,2033,,5922608,,,,,
dataflow,ESTAT:PROJ_25NP(1.0),"Population on 1st January by age, sex and type of projection",A,Annual,T,Total,TOTAL,Total,BSL,Baseline projections,PER,Person,IE,Ireland,2034,,5960645,,,,,
dataflow,ESTAT:PROJ_25NP(1.0),"Population on 1st January by age, sex and type of projection",A,Annual,T,Total,TOTAL,Total,BSL,Baseline projections,PER,Person,IE,Ireland,2035,,5997143,,,,,
dataflow,ESTAT:PROJ_25NP(1.0),"Population on 1st January by age, sex and type of projection",A,Annual,T,Total,TOTAL,Total,BSL,Baseline projections,PER,Person,IE,Ireland,2036,,6031958,,,,,
dataflow,ESTAT:PROJ_25NP(1.0),"Population on 1st January by age, sex and type of projection",A,Annual,T,Total,TOTAL,Total,BSL,Baseline projections,PER,Person,IE,Ireland,2037,,6067813,,,,,
dataflow,ESTAT:PROJ_25NP(1.0),"Population on 1st January by age, sex and type of projection",A,Annual,T,Total,TOTAL,Total,BSL,Baseline projections,PER,Person,IE,Ireland,2038,,6102254,,,,,
dataflow,ESTAT:PROJ_25NP(1.0),"Population on 1st January by age, sex and type of projection",A,Annual,T,Total,TOTAL,Total,BSL,Baseline projections,PER,Person,IE,Ireland,2039,,6135464,,,,,
dataflow,ESTAT:PROJ_25NP(1.0),"Population on 1st January by age, sex and type of projection",A,Annual,T,Total,TOTAL,Total,BSL,Baseline projections,PER,Person,IE,Ireland,2040,,6167777,,,,,
dataflow,ESTAT:PROJ_25NP(1.0),"Population on 1st January by age, sex and type of projection",A,Annual,T,Total,TOTAL,Total,BSL,Baseline projections,PER,Person,IE,Ireland,2041,,6199337,,,,,
dataflow,ESTAT:PROJ_25NP(1.0),"Population on 1st January by age, sex and type of projection",A,Annual,T,Total,TOTAL,Total,BSL,Baseline projections,PER,Person,IE,Ireland,2042,,6230191,,,,,
dataflow,ESTAT:PROJ_25NP(1.0),"Population on 1st January by age, sex and type of projection",A,Annual,T,Total,TOTAL,Total,BSL,Baseline projections,PER,Person,IE,Ireland,2043,,6260442,,,,,
dataflow,ESTAT:PROJ_25NP(1.0),"Population on 1st January by age, sex and type of projection",A,Annual,T,Total,TOTAL,Total,BSL,Baseline projections,PER,Person,IE,Ireland,2044,,6290144,,,,,
dataflow,ESTAT:PROJ_25NP(1.0),"Population on 1st January by age, sex and type of projection",A,Annual,T,Total,TOTAL,Total,BSL,Baseline projections,PER,Person,IE,Ireland,2045,,6319525,,,,,
dataflow,ESTAT:PROJ_25NP(1.0),"Population on 1st January by age, sex and type of projection",A,Annual,T,Total,TOTAL,Total,BSL,Baseline projections,PER,Person,IE,Ireland,2046,,6348122,,,,,
dataflow,ESTAT:PROJ_25NP(1.0),"Population on 1st January by age, sex and type of projection",A,Annual,T,Total,TOTAL,Total,BSL,Baseline projections,PER,Person,IE,Ireland,2047,,6375477,,,,,
dataflow,ESTAT:PROJ_25NP(1.0),"Population on 1st January by age, sex and type of projection",A,Annual,T,Total,TOTAL,Total,BSL,Baseline projections,PER,Person,IE,Ireland,2048,,6401740,,,,,
dataflow,ESTAT:PROJ_25NP(1.0),"Population on 1st January by age, sex and type of projection",A,Annual,T,Total,TOTAL,Total,BSL,Baseline projections,PER,Person,IE,Ireland,2049,,6426309,,,,,
dataflow,ESTAT:PROJ_25NP(1.0),"Population on 1st January by age, sex and type of projection",A,Annual,T,Total,TOTAL,Total,BSL,Baseline projections,PER,Person,IE,Ireland,2050,,6449180,,,,,
dataflow,ESTAT:PROJ_25NP(1.0),"Population on 1st January by age, sex and type of projection",A,Annual,T,Total,TOTAL,Total,BSL,Baseline projections,PER,Person,IE,Ireland,2051,,6470481,,,,,
dataflow,ESTAT:PROJ_25NP(1.0),"Population on 1st January by age, sex and type of projection",A,Annual,T,Total,TOTAL,Total,BSL,Baseline projections,PER,Person,IE,Ireland,2052,,6489903,,,,,
dataflow,ESTAT:PROJ_25NP(1.0),"Population on 1st January by age, sex and type of projection",A,Annual,T,Total,TOTAL,Total,BSL,Baseline projections,PER,Person,IE,Ireland,2053,,6507663,,,,,
dataflow,ESTAT:PROJ_25NP(1.0),"Population on 1st January by age, sex and type of projection",A,Annual,T,Total,TOTAL,Total,BSL,Baseline projections,PER,Person,IE,Ireland,2054,,6523551,,,,,
dataflow,ESTAT:PROJ_25NP(1.0),"Population on 1st January by age, sex and type of projection",A,Annual,T,Total,TOTAL,Total,BSL,Baseline projections,PER,Person,IE,Ireland,2055,,6537342,,,,,
dataflow,ESTAT:PROJ_25NP(1.0),"Population on 1st January by age, sex and type of projection",A,Annual,T,Total,TOTAL,Total,BSL,Baseline projections,PER,Person,IE,Ireland,2056,,6549752,,,,,
dataflow,ESTAT:PROJ_25NP(1.0),"Population on 1st January by age, sex and type of projection",A,Annual,T,Total,TOTAL,Total,BSL,Baseline projections,PER,Person,IE,Ireland,2057,,6560181,,,,,
dataflow,ESTAT:PROJ_25NP(1.0),"Population on 1st January by age, sex and type of projection",A,Annual,T,Total,TOTAL,Total,BSL,Baseline projections,PER,Person,IE,Ireland,2058,,6568765,,,,,
dataflow,ESTAT:PROJ_25NP(1.0),"Population on 1st January by age, sex and type of projection",A,Annual,T,Total,TOTAL,Total,BSL,Baseline projections,PER,Person,IE,Ireland,2059,,6575601,,,,,
dataflow,ESTAT:PROJ_25NP(1.0),"Population on 1st January by age, sex and type of projection",A,Annual,T,Total,TOTAL,Total,BSL,Baseline projections,PER,Person,IE,Ireland,2060,,6580861,,,,,
dataflow,ESTAT:PROJ_25NP(1.0),"Population on 1st January by age, sex and type of projection",A,Annual,T,Total,TOTAL,Total,BSL,Baseline projections,PER,Person,IS,Iceland,2026,,394325,,,,,
dataflow,ESTAT:PROJ_25NP(1.0),"Population on 1st January by age, sex and type of projection",A,Annual,T,Total,TOTAL,Total,BSL,Baseline projections,PER,Person,IS,Iceland,2027,,398795,,,,,
dataflow,ESTAT:PROJ_25NP(1.0),"Population on 1st January by age, sex and type of projection",A,Annual,T,Total,TOTAL,Total,BSL,Baseline projections,PER,Person,IS,Iceland,2028,,403058,,,,,
dataflow,ESTAT:PROJ_25NP(1.0),"Population on 1st January by age, sex and type of projection",A,Annual,T,Total,TOTAL,Total,BSL,Baseline projections,PER,Person,IS,Iceland,2029,,407128,,,,,
dataflow,ESTAT:PROJ_25NP(1.0),"Population on 1st January by age, sex and type of projection",A,Annual,T,Total,TOTAL,Total,BSL,Baseline projections,PER,Person,IS,Iceland,2030,,410958,,,,,
dataflow,ESTAT:PROJ_25NP(1.0),"Population on 1st January by age, sex and type of projection",A,Annual,T,Total,TOTAL,Total,BSL,Baseline projections,PER,Person,IS,Iceland,2031,,414563,,,,,
dataflow,ESTAT:PROJ_25NP(1.0),"Population on 1st January by age, sex and type of projection",A,Annual,T,Total,TOTAL,Total,BSL,Baseline projections,PER,Person,IS,Iceland,2032,,417934,,,,,
dataflow,ESTAT:PROJ_25NP(1.0),"Population on 1st January by age, sex and type of projection",A,Annual,T,Total,TOTAL,Total,BSL,Baseline projections,PER,Person,IS,Iceland,2033,,421247,,,,,
dataflow,ESTAT:PROJ_25NP(1.0),"Population on 1st January by age, sex and type of projection",A,Annual,T,Total,TOTAL,Total,BSL,Baseline projections,PER,Person,IS,Iceland,2034,,424473,,,,,
dataflow,ESTAT:PROJ_25NP(1.0),"Population on 1st January by age, sex and type of projection",A,Annual,T,Total,TOTAL,Total,BSL,Baseline projections,PER,Person,IS,Iceland,2035,,427622,,,,,
dataflow,ESTAT:PROJ_25NP(1.0),"Population on 1st January by age, sex and type of projection",A,Annual,T,Total,TOTAL,Total,BSL,Baseline projections,PER,Person,IS,Iceland,2036,,430646,,,,,
dataflow,ESTAT:PROJ_25NP(1.0),"Population on 1st January by age, sex and type of projection",A,Annual,T,Total,TOTAL,Total,BSL,Baseline projections,PER,Person,IS,Iceland,2037,,433673,,,,,
dataflow,ESTAT:PROJ_25NP(1.0),"Population on 1st January by age, sex and type of projection",A,Annual,T,Total,TOTAL,Total,BSL,Baseline projections,PER,Person,IS,Iceland,2038,,436591,,,,,
dataflow,ESTAT:PROJ_25NP(1.0),"Population on 1st January by age, sex and type of projection",A,Annual,T,Total,TOTAL,Total,BSL,Baseline projections,PER,Person,IS,Iceland,2039,,439399,,,,,
dataflow,ESTAT:PROJ_25NP(1.0),"Population on 1st January by age, sex and type of projection",A,Annual,T,Total,TOTAL,Total,BSL,Baseline projections,PER,Person,IS,Iceland,2040,,442103,,,,,
dataflow,ESTAT:PROJ_25NP(1.0),"Population on 1st January by age, sex and type of projection",A,Annual,T,Total,TOTAL,Total,BSL,Baseline projections,PER,Person,IS,Iceland,2041,,444710,,,,,
dataflow,ESTAT:PROJ_25NP(1.0),"Population on 1st January by age, sex and type of projection",A,Annual,T,Total,TOTAL,Total,BSL,Baseline projections,PER,Person,IS,Iceland,2042,,447222,,,,,
dataflow,ESTAT:PROJ_25NP(1.0),"Population on 1st January by age, sex and type of projection",A,Annual,T,Total,TOTAL,Total,BSL,Baseline projections,PER,Person,IS,Iceland,2043,,449649,,,,,
dataflow,ESTAT:PROJ_25NP(1.0),"Population on 1st January by age, sex and type of projection",A,Annual,T,Total,TOTAL,Total,BSL,Baseline projections,PER,Person,IS,Iceland,2044,,451976,,,,,
dataflow,ESTAT:PROJ_25NP(1.0),"Population on 1st January by age, sex and type of projection",A,Annual,T,Total,TOTAL,Total,BSL,Baseline projections,PER,Person,IS,Iceland,2045,,454224,,,,,
dataflow,ESTAT:PROJ_25NP(1.0),"Population on 1st January by age, sex and type of projection",A,Annual,T,Total,TOTAL,Total,BSL,Baseline projections,PER,Person,IS,Iceland,2046,,456397,,,,,
dataflow,ESTAT:PROJ_25NP(1.0),"Population on 1st January by age, sex and type of projection",A,Annual,T,Total,TOTAL,Total,BSL,Baseline projections,PER,Person,IS,Iceland,2047,,458484,,,,,
dataflow,ESTAT:PROJ_25NP(1.0),"Population on 1st January by age, sex and type of projection",A,Annual,T,Total,TOTAL,Total,BSL,Baseline projections,PER,Person,IS,Iceland,2048,,460503,,,,,
dataflow,ESTAT:PROJ_25NP(1.0),"Population on 1st January by age, sex and type of projection",A,Annual,T,Total,TOTAL,Total,BSL,Baseline projections,PER,Person,IS,Iceland,2049,,462443,,,,,
dataflow,ESTAT:PROJ_25NP(1.0),"Population on 1st January by age, sex and type of projection",A,Annual,T,Total,TOTAL,Total,BSL,Baseline projections,PER,Person,IS,Iceland,2050,,464318,,,,,
dataflow,ESTAT:PROJ_25NP(1.0),"Population on 1st January by age, sex and type of projection",A,Annual,T,Total,TOTAL,Total,BSL,Baseline projections,PER,Person,IS,Iceland,2051,,466127,,,,,
dataflow,ESTAT:PROJ_25NP(1.0),"Population on 1st January by age, sex and type of projection",A,Annual,T,Total,TOTAL,Total,BSL,Baseline projections,PER,Person,IS,Iceland,2052,,467876,,,,,
dataflow,ESTAT:PROJ_25NP(1.0),"Population on 1st January by age, sex and type of projection",A,Annual,T,Total,TOTAL,Total,BSL,Baseline projections,PER,Person,IS,Iceland,2053,,469573,,,,,
dataflow,ESTAT:PROJ_25NP(1.0),"Population on 1st January by age, sex and type of projection",A,Annual,T,Total,TOTAL,Total,BSL,Baseline projections,PER,Person,IS,Iceland,2054,,471234,,,,,
dataflow,ESTAT:PROJ_25NP(1.0),"Population on 1st January by age, sex and type of projection",A,Annual,T,Total,TOTAL,Total,BSL,Baseline projections,PER,Person,IS,Iceland,2055,,472859,,,,,
dataflow,ESTAT:PROJ_25NP(1.0),"Population on 1st January by age, sex and type of projection",A,Annual,T,Total,TOTAL,Total,BSL,Baseline projections,PER,Person,IS,Iceland,2056,,474469,,,,,
dataflow,ESTAT:PROJ_25NP(1.0),"Population on 1st January by age, sex and type of projection",A,Annual,T,Total,TOTAL,Total,BSL,Baseline projections,PER,Person,IS,Iceland,2057,,476005,,,,,
dataflow,ESTAT:PROJ_25NP(1.0),"Population on 1st January by age, sex and type of projection",A,Annual,T,Total,TOTAL,Total,BSL,Baseline projections,PER,Person,IS,Iceland,2058,,477518,,,,,
dataflow,ESTAT:PROJ_25NP(1.0),"Population on 1st January by age, sex and type of projection",A,Annual,T,Total,TOTAL,Total,BSL,Baseline projections,PER,Person,IS,Iceland,2059,,478996,,,,,
dataflow,ESTAT:PROJ_25NP(1.0),"Population on 1st January by age, sex and type of projection",A,Annual,T,Total,TOTAL,Total,BSL,Baseline projections,PER,Person,IS,Iceland,2060,,480420,,,,,
dataflow,ESTAT:PROJ_25NP(1.0),"Population on 1st January by age, sex and type of projection",A,Annual,T,Total,TOTAL,Total,BSL,Baseline projections,PER,Person,IT,Italy,2026,,58942829,,,,,
dataflow,ESTAT:PROJ_25NP(1.0),"Population on 1st January by age, sex and type of projection",A,Annual,T,Total,TOTAL,Total,BSL,Baseline projections,PER,Person,IT,Italy,2027,,58917036,,,,,
dataflow,ESTAT:PROJ_25NP(1.0),"Population on 1st January by age, sex and type of projection",A,Annual,T,Total,TOTAL,Total,BSL,Baseline projections,PER,Person,IT,Italy,2028,,58873875,,,,,
dataflow,ESTAT:PROJ_25NP(1.0),"Population on 1st January by age, sex and type of projection",A,Annual,T,Total,TOTAL,Total,BSL,Baseline projections,PER,Person,IT,Italy,2029,,58816636,,,,,
dataflow,ESTAT:PROJ_25NP(1.0),"Population on 1st January by age, sex and type of projection",A,Annual,T,Total,TOTAL,Total,BSL,Baseline projections,PER,Person,IT,Italy,2030,,58747265,,,,,
dataflow,ESTAT:PROJ_25NP(1.0),"Population on 1st January by age, sex and type of projection",A,Annual,T,Total,TOTAL,Total,BSL,Baseline projections,PER,Person,IT,Italy,2031,,58659754,,,,,
dataflow,ESTAT:PROJ_25NP(1.0),"Population on 1st January by age, sex and type of projection",A,Annual,T,Total,TOTAL,Total,BSL,Baseline projections,PER,Person,IT,Italy,2032,,58555782,,,,,
dataflow,ESTAT:PROJ_25NP(1.0),"Population on 1st January by age, sex and type of projection",A,Annual,T,Total,TOTAL,Total,BSL,Baseline projections,PER,Person,IT,Italy,2033,,58450062,,,,,
dataflow,ESTAT:PROJ_25NP(1.0),"Population on 1st January by age, sex and type of projection",A,Annual,T,Total,TOTAL,Total,BSL,Baseline projections,PER,Person,IT,Italy,2034,,58343323,,,,,
dataflow,ESTAT:PROJ_25NP(1.0),"Population on 1st January by age, sex and type of projection",A,Annual,T,Total,TOTAL,Total,BSL,Baseline projections,PER,Person,IT,Italy,2035,,58236856,,,,,
dataflow,ESTAT:PROJ_25NP(1.0),"Population on 1st January by age, sex and type of projection",A,Annual,T,Total,TOTAL,Total,BSL,Baseline projections,PER,Person,IT,Italy,2036,,58125056,,,,,
dataflow,ESTAT:PROJ_25NP(1.0),"Population on 1st January by age, sex and type of projection",A,Annual,T,Total,TOTAL,Total,BSL,Baseline projections,PER,Person,IT,Italy,2037,,58010734,,,,,
dataflow,ESTAT:PROJ_25NP(1.0),"Population on 1st January by age, sex and type of projection",A,Annual,T,Total,TOTAL,Total,BSL,Baseline projections,PER,Person,IT,Italy,2038,,57891578,,,,,
dataflow,ESTAT:PROJ_25NP(1.0),"Population on 1st January by age, sex and type of projection",A,Annual,T,Total,TOTAL,Total,BSL,Baseline projections,PER,Person,IT,Italy,2039,,57767900,,,,,
dataflow,ESTAT:PROJ_25NP(1.0),"Population on 1st January by age, sex and type of projection",A,Annual,T,Total,TOTAL,Total,BSL,Baseline projections,PER,Person,IT,Italy,2040,,57640414,,,,,
dataflow,ESTAT:PROJ_25NP(1.0),"Population on 1st January by age, sex and type of projection",A,Annual,T,Total,TOTAL,Total,BSL,Baseline projections,PER,Person,IT,Italy,2041,,57504795,,,,,
dataflow,ESTAT:PROJ_25NP(1.0),"Population on 1st January by age, sex and type of projection",A,Annual,T,Total,TOTAL,Total,BSL,Baseline projections,PER,Person,IT,Italy,2042,,57358978,,,,,
dataflow,ESTAT:PROJ_25NP(1.0),"Population on 1st January by age, sex and type of projection",A,Annual,T,Total,TOTAL,Total,BSL,Baseline projections,PER,Person,IT,Italy,2043,,57202170,,,,,
dataflow,ESTAT:PROJ_25NP(1.0),"Population on 1st January by age, sex and type of projection",A,Annual,T,Total,TOTAL,Total,BSL,Baseline projections,PER,Person,IT,Italy,2044,,57034547,,,,,
dataflow,ESTAT:PROJ_25NP(1.0),"Population on 1st January by age, sex and type of projection",A,Annual,T,Total,TOTAL,Total,BSL,Baseline projections,PER,Person,IT,Italy,2045,,56854019,,,,,
dataflow,ESTAT:PROJ_25NP(1.0),"Population on 1st January by age, sex and type of projection",A,Annual,T,Total,TOTAL,Total,BSL,Baseline projections,PER,Person,IT,Italy,2046,,56661631,,,,,
dataflow,ESTAT:PROJ_25NP(1.0),"Population on 1st January by age, sex and type of projection",A,Annual,T,Total,TOTAL,Total,BSL,Baseline projections,PER,Person,IT,Italy,2047,,56457211,,,,,
dataflow,ESTAT:PROJ_25NP(1.0),"Population on 1st January by age, sex and type of projection",A,Annual,T,Total,TOTAL,Total,BSL,Baseline projections,PER,Person,IT,Italy,2048,,56241778,,,,,
dataflow,ESTAT:PROJ_25NP(1.0),"Population on 1st January by age, sex and type of projection",A,Annual,T,Total,TOTAL,Total,BSL,Baseline projections,PER,Person,IT,Italy,2049,,56013075,,,,,
dataflow,ESTAT:PROJ_25NP(1.0),"Population on 1st January by age, sex and type of projection",A,Annual,T,Total,TOTAL,Total,BSL,Baseline projections,PER,Person,IT,Italy,2050,,55772064,,,,,
dataflow,ESTAT:PROJ_25NP(1.0),"Population on 1st January by age, sex and type of projection",A,Annual,T,Total,TOTAL,Total,BSL,Baseline projections,PER,Person,IT,Italy,2051,,55518871,,,,,
dataflow,ESTAT:PROJ_25NP(1.0),"Population on 1st January by age, sex and type of projection",A,Annual,T,Total,TOTAL,Total,BSL,Baseline projections,PER,Person,IT,Italy,2052,,55252885,,,,,
dataflow,ESTAT:PROJ_25NP(1.0),"Population on 1st January by age, sex and type of projection",A,Annual,T,Total,TOTAL,Total,BSL,Baseline projections,PER,Person,IT,Italy,2053,,54976227,,,,,
dataflow,ESTAT:PROJ_25NP(1.0),"Population on 1st January by age, sex and type of projection",A,Annual,T,Total,TOTAL,Total,BSL,Baseline projections,PER,Person,IT,Italy,2054,,54691062,,,,,
dataflow,ESTAT:PROJ_25NP(1.0),"Population on 1st January by age, sex and type of projection",A,Annual,T,Total,TOTAL,Total,BSL,Baseline projections,PER,Person,IT,Italy,2055,,54395562,,,,,
dataflow,ESTAT:PROJ_25NP(1.0),"Population on 1st January by age, sex and type of projection",A,Annual,T,Total,TOTAL,Total,BSL,Baseline projections,PER,Person,IT,Italy,2056,,54092811,,,,,
dataflow,ESTAT:PROJ_25NP(1.0),"Population on 1st January by age, sex and type of projection",A,Annual,T,Total,TOTAL,Total,BSL,Baseline projections,PER,Person,IT,Italy,2057,,53782822,,,,,
dataflow,ESTAT:PROJ_25NP(1.0),"Population on 1st January by age, sex and type of projection",A,Annual,T,Total,TOTAL,Total,BSL,Baseline projections,PER,Person,IT,Italy,2058,,53468741,,,,,
dataflow,ESTAT:PROJ_25NP(1.0),"Population on 1st January by age, sex and type of projection",A,Annual,T,Total,TOTAL,Total,BSL,Baseline projections,PER,Person,IT,Italy,2059,,53149599,,,,,
dataflow,ESTAT:PROJ_25NP(1.0),"Population on 1st January by age, sex and type of projection",A,Annual,T,Total,TOTAL,Total,BSL,Baseline projections,PER,Person,IT,Italy,2060,,52828840,,,,,
dataflow,ESTAT:PROJ_25NP(1.0),"Population on 1st January by age, sex and type of projection",A,Annual,T,Total,TOTAL,Total,BSL,Baseline projections,PER,Person,LT,Lithuania,2026,,2886877,,,,,
dataflow,ESTAT:PROJ_25NP(1.0),"Population on 1st January by age, sex and type of projection",A,Annual,T,Total,TOTAL,Total,BSL,Baseline projections,PER,Person,LT,Lithuania,2027,,2877618,,,,,
dataflow,ESTAT:PROJ_25NP(1.0),"Population on 1st January by age, sex and type of projection",A,Annual,T,Total,TOTAL,Total,BSL,Baseline projections,PER,Person,LT,Lithuania,2028,,2865918,,,,,
dataflow,ESTAT:PROJ_25NP(1.0),"Population on 1st January by age, sex and type of projection",A,Annual,T,Total,TOTAL,Total,BSL,Baseline projections,PER,Person,LT,Lithuania,2029,,2851866,,,,,
dataflow,ESTAT:PROJ_25NP(1.0),"Population on 1st January by age, sex and type of projection",A,Annual,T,Total,TOTAL,Total,BSL,Baseline projections,PER,Person,LT,Lithuania,2030,,2835357,,,,,
dataflow,ESTAT:PROJ_25NP(1.0),"Population on 1st January by age, sex and type of projection",A,Annual,T,Total,TOTAL,Total,BSL,Baseline projections,PER,Person,LT,Lithuania,2031,,2816372,,,,,
dataflow,ESTAT:PROJ_25NP(1.0),"Population on 1st January by age, sex and type of projection",A,Annual,T,Total,TOTAL,Total,BSL,Baseline projections,PER,Person,LT,Lithuania,2032,,2795108,,,,,
dataflow,ESTAT:PROJ_25NP(1.0),"Population on 1st January by age, sex and type of projection",A,Annual,T,Total,TOTAL,Total,BSL,Baseline projections,PER,Person,LT,Lithuania,2033,,2774179,,,,,
dataflow,ESTAT:PROJ_25NP(1.0),"Population on 1st January by age, sex and type of projection",A,Annual,T,Total,TOTAL,Total,BSL,Baseline projections,PER,Person,LT,Lithuania,2034,,2753990,,,,,
dataflow,ESTAT:PROJ_25NP(1.0),"Population on 1st January by age, sex and type of projection",A,Annual,T,Total,TOTAL,Total,BSL,Baseline projections,PER,Person,LT,Lithuania,2035,,2734513,,,,,
dataflow,ESTAT:PROJ_25NP(1.0),"Population on 1st January by age, sex and type of projection",A,Annual,T,Total,TOTAL,Total,BSL,Baseline projections,PER,Person,LT,Lithuania,2036,,2715368,,,,,
dataflow,ESTAT:PROJ_25NP(1.0),"Population on 1st January by age, sex and type of projection",A,Annual,T,Total,TOTAL,Total,BSL,Baseline projections,PER,Person,LT,Lithuania,2037,,2697688,,,,,
dataflow,ESTAT:PROJ_25NP(1.0),"Population on 1st January by age, sex and type of projection",A,Annual,T,Total,TOTAL,Total,BSL,Baseline projections,PER,Person,LT,Lithuania,2038,,2680101,,,,,
dataflow,ESTAT:PROJ_25NP(1.0),"Population on 1st January by age, sex and type of projection",A,Annual,T,Total,TOTAL,Total,BSL,Baseline projections,PER,Person,LT,Lithuania,2039,,2662645,,,,,
dataflow,ESTAT:PROJ_25NP(1.0),"Population on 1st January by age, sex and type of projection",A,Annual,T,Total,TOTAL,Total,BSL,Baseline projections,PER,Person,LT,Lithuania,2040,,2645463,,,,,
dataflow,ESTAT:PROJ_25NP(1.0),"Population on 1st January by age, sex and type of projection",A,Annual,T,Total,TOTAL,Total,BSL,Baseline projections,PER,Person,LT,Lithuania,2041,,2628540,,,,,
dataflow,ESTAT:PROJ_25NP(1.0),"Population on 1st January by age, sex and type of projection",A,Annual,T,Total,TOTAL,Total,BSL,Baseline projections,PER,Person,LT,Lithuania,2042,,2611981,,,,,
dataflow,ESTAT:PROJ_25NP(1.0),"Population on 1st January by age, sex and type of projection",A,Annual,T,Total,TOTAL,Total,BSL,Baseline projections,PER,Person,LT,Lithuania,2043,,2595530,,,,,
dataflow,ESTAT:PROJ_25NP(1.0),"Population on 1st January by age, sex and type of projection",A,Annual,T,Total,TOTAL,Total,BSL,Baseline projections,PER,Person,LT,Lithuania,2044,,2579254,,,,,
dataflow,ESTAT:PROJ_25NP(1.0),"Population on 1st January by age, sex and type of projection",A,Annual,T,Total,TOTAL,Total,BSL,Baseline projections,PER,Person,LT,Lithuania,2045,,2563140,,,,,
dataflow,ESTAT:PROJ_25NP(1.0),"Population on 1st January by age, sex and type of projection",A,Annual,T,Total,TOTAL,Total,BSL,Baseline projections,PER,Person,LT,Lithuania,2046,,2547210,,,,,
dataflow,ESTAT:PROJ_25NP(1.0),"Population on 1st January by age, sex and type of projection",A,Annual,T,Total,TOTAL,Total,BSL,Baseline projections,PER,Person,LT,Lithuania,2047,,2531490,,,,,
dataflow,ESTAT:PROJ_25NP(1.0),"Population on 1st January by age, sex and type of projection",A,Annual,T,Total,TOTAL,Total,BSL,Baseline projections,PER,Person,LT,Lithuania,2048,,2515960,,,,,
dataflow,ESTAT:PROJ_25NP(1.0),"Population on 1st January by age, sex and type of projection",A,Annual,T,Total,TOTAL,Total,BSL,Baseline projections,PER,Person,LT,Lithuania,2049,,2500841,,,,,
dataflow,ESTAT:PROJ_25NP(1.0),"Population on 1st January by age, sex and type of projection",A,Annual,T,Total,TOTAL,Total,BSL,Baseline projections,PER,Person,LT,Lithuania,2050,,2485856,,,,,
dataflow,ESTAT:PROJ_25NP(1.0),"Population on 1st January by age, sex and type of projection",A,Annual,T,Total,TOTAL,Total,BSL,Baseline projections,PER,Person,LT,Lithuania,2051,,2471056,,,,,
dataflow,ESTAT:PROJ_25NP(1.0),"Population on 1st January by age, sex and type of projection",A,Annual,T,Total,TOTAL,Total,BSL,Baseline projections,PER,Person,LT,Lithuania,2052,,2456486,,,,,
dataflow,ESTAT:PROJ_25NP(1.0),"Population on 1st January by age, sex and type of projection",A,Annual,T,Total,TOTAL,Total,BSL,Baseline projections,PER,Person,LT,Lithuania,2053,,2441947,,,,,
dataflow,ESTAT:PROJ_25NP(1.0),"Population on 1st January by age, sex and type of projection",A,Annual,T,Total,TOTAL,Total,BSL,Baseline projections,PER,Person,LT,Lithuania,2054,,2427330,,,,,
dataflow,ESTAT:PROJ_25NP(1.0),"Population on 1st January by age, sex and type of projection",A,Annual,T,Total,TOTAL,Total,BSL,Baseline projections,PER,Person,LT,Lithuania,2055,,2412771,,,,,
dataflow,ESTAT:PROJ_25NP(1.0),"Population on 1st January by age, sex and type of projection",A,Annual,T,Total,TOTAL,Total,BSL,Baseline projections,PER,Person,LT,Lithuania,2056,,2398434,,,,,
dataflow,ESTAT:PROJ_25NP(1.0),"Population on 1st January by age, sex and type of projection",A,Annual,T,Total,TOTAL,Total,BSL,Baseline projections,PER,Person,LT,Lithuania,2057,,2384087,,,,,
dataflow,ESTAT:PROJ_25NP(1.0),"Population on 1st January by age, sex and type of projection",A,Annual,T,Total,TOTAL,Total,BSL,Baseline projections,PER,Person,LT,Lithuania,2058,,2369817,,,,,
dataflow,ESTAT:PROJ_25NP(1.0),"Population on 1st January by age, sex and type of projection",A,Annual,T,Total,TOTAL,Total,BSL,Baseline projections,PER,Person,LT,Lithuania,2059,,2355368,,,,,
dataflow,ESTAT:PROJ_25NP(1.0),"Population on 1st January by age, sex and type of projection",A,Annual,T,Total,TOTAL,Total,BSL,Baseline projections,PER,Person,LT,Lithuania,2060,,2340899,,,,,
dataflow,ESTAT:PROJ_25NP(1.0),"Population on 1st January by age, sex and type of projection",A,Annual,T,Total,TOTAL,Total,BSL,Baseline projections,PER,Person,LU,Luxembourg,2026,,690899,,,,,
dataflow,ESTAT:PROJ_25NP(1.0),"Population on 1st January by age, sex and type of projection",A,Annual,T,Total,TOTAL,Total,BSL,Baseline projections,PER,Person,LU,Luxembourg,2027,,699848,,,,,
dataflow,ESTAT:PROJ_25NP(1.0),"Population on 1st January by age, sex and type of projection",A,Annual,T,Total,TOTAL,Total,BSL,Baseline projections,PER,Person,LU,Luxembourg,2028,,709419,,,,,
dataflow,ESTAT:PROJ_25NP(1.0),"Population on 1st January by age, sex and type of projection",A,Annual,T,Total,TOTAL,Total,BSL,Baseline projections,PER,Person,LU,Luxembourg,2029,,719584,,,,,
dataflow,ESTAT:PROJ_25NP(1.0),"Population on 1st January by age, sex and type of projection",A,Annual,T,Total,TOTAL,Total,BSL,Baseline projections,PER,Person,LU,Luxembourg,2030,,730362,,,,,
dataflow,ESTAT:PROJ_25NP(1.0),"Population on 1st January by age, sex and type of projection",A,Annual,T,Total,TOTAL,Total,BSL,Baseline projections,PER,Person,LU,Luxembourg,2031,,741738,,,,,
dataflow,ESTAT:PROJ_25NP(1.0),"Population on 1st January by age, sex and type of projection",A,Annual,T,Total,TOTAL,Total,BSL,Baseline projections,PER,Person,LU,Luxembourg,2032,,753705,,,,,
dataflow,ESTAT:PROJ_25NP(1.0),"Population on 1st January by age, sex and type of projection",A,Annual,T,Total,TOTAL,Total,BSL,Baseline projections,PER,Person,LU,Luxembourg,2033,,765451,,,,,
dataflow,ESTAT:PROJ_25NP(1.0),"Population on 1st January by age, sex and type of projection",A,Annual,T,Total,TOTAL,Total,BSL,Baseline projections,PER,Person,LU,Luxembourg,2034,,776823,,,,,
dataflow,ESTAT:PROJ_25NP(1.0),"Population on 1st January by age, sex and type of projection",A,Annual,T,Total,TOTAL,Total,BSL,Baseline projections,PER,Person,LU,Luxembourg,2035,,787827,,,,,
dataflow,ESTAT:PROJ_25NP(1.0),"Population on 1st January by age, sex and type of projection",A,Annual,T,Total,TOTAL,Total,BSL,Baseline projections,PER,Person,LU,Luxembourg,2036,,798423,,,,,
dataflow,ESTAT:PROJ_25NP(1.0),"Population on 1st January by age, sex and type of projection",A,Annual,T,Total,TOTAL,Total,BSL,Baseline projections,PER,Person,LU,Luxembourg,2037,,808757,,,,,
dataflow,ESTAT:PROJ_25NP(1.0),"Population on 1st January by age, sex and type of projection",A,Annual,T,Total,TOTAL,Total,BSL,Baseline projections,PER,Person,LU,Luxembourg,2038,,818698,,,,,
dataflow,ESTAT:PROJ_25NP(1.0),"Population on 1st January by age, sex and type of projection",A,Annual,T,Total,TOTAL,Total,BSL,Baseline projections,PER,Person,LU,Luxembourg,2039,,828272,,,,,
dataflow,ESTAT:PROJ_25NP(1.0),"Population on 1st January by age, sex and type of projection",A,Annual,T,Total,TOTAL,Total,BSL,Baseline projections,PER,Person,LU,Luxembourg,2040,,837509,,,,,
dataflow,ESTAT:PROJ_25NP(1.0),"Population on 1st January by age, sex and type of projection",A,Annual,T,Total,TOTAL,Total,BSL,Baseline projections,PER,Person,LU,Luxembourg,2041,,846383,,,,,
dataflow,ESTAT:PROJ_25NP(1.0),"Population on 1st January by age, sex and type of projection",A,Annual,T,Total,TOTAL,Total,BSL,Baseline projections,PER,Person,LU,Luxembourg,2042,,854908,,,,,
dataflow,ESTAT:PROJ_25NP(1.0),"Population on 1st January by age, sex and type of projection",A,Annual,T,Total,TOTAL,Total,BSL,Baseline projections,PER,Person,LU,Luxembourg,2043,,863089,,,,,
dataflow,ESTAT:PROJ_25NP(1.0),"Population on 1st January by age, sex and type of projection",A,Annual,T,Total,TOTAL,Total,BSL,Baseline projections,PER,Person,LU,Luxembourg,2044,,870930,,,,,
dataflow,ESTAT:PROJ_25NP(1.0),"Population on 1st January by age, sex and type of projection",A,Annual,T,Total,TOTAL,Total,BSL,Baseline projections,PER,Person,LU,Luxembourg,2045,,878414,,,,,
dataflow,ESTAT:PROJ_25NP(1.0),"Population on 1st January by age, sex and type of projection",A,Annual,T,Total,TOTAL,Total,BSL,Baseline projections,PER,Person,LU,Luxembourg,2046,,885534,,,,,
dataflow,ESTAT:PROJ_25NP(1.0),"Population on 1st January by age, sex and type of projection",A,Annual,T,Total,TOTAL,Total,BSL,Baseline projections,PER,Person,LU,Luxembourg,2047,,892291,,,,,
dataflow,ESTAT:PROJ_25NP(1.0),"Population on 1st January by age, sex and type of projection",A,Annual,T,Total,TOTAL,Total,BSL,Baseline projections,PER,Person,LU,Luxembourg,2048,,898675,,,,,
dataflow,ESTAT:PROJ_25NP(1.0),"Population on 1st January by age, sex and type of projection",A,Annual,T,Total,TOTAL,Total,BSL,Baseline projections,PER,Person,LU,Luxembourg,2049,,904684,,,,,
dataflow,ESTAT:PROJ_25NP(1.0),"Population on 1st January by age, sex and type of projection",A,Annual,T,Total,TOTAL,Total,BSL,Baseline projections,PER,Person,LU,Luxembourg,2050,,910321,,,,,
dataflow,ESTAT:PROJ_25NP(1.0),"Population on 1st January by age, sex and type of projection",A,Annual,T,Total,TOTAL,Total,BSL,Baseline projections,PER,Person,LU,Luxembourg,2051,,915580,,,,,
dataflow,ESTAT:PROJ_25NP(1.0),"Population on 1st January by age, sex and type of projection",A,Annual,T,Total,TOTAL,Total,BSL,Baseline projections,PER,Person,LU,Luxembourg,2052,,920480,,,,,
dataflow,ESTAT:PROJ_25NP(1.0),"Population on 1st January by age, sex and type of projection",A,Annual,T,Total,TOTAL,Total,BSL,Baseline projections,PER,Person,LU,Luxembourg,2053,,925011,,,,,
dataflow,ESTAT:PROJ_25NP(1.0),"Population on 1st January by age, sex and type of projection",A,Annual,T,Total,TOTAL,Total,BSL,Baseline projections,PER,Person,LU,Luxembourg,2054,,929170,,,,,
dataflow,ESTAT:PROJ_25NP(1.0),"Population on 1st January by age, sex and type of projection",A,Annual,T,Total,TOTAL,Total,BSL,Baseline projections,PER,Person,LU,Luxembourg,2055,,933017,,,,,
dataflow,ESTAT:PROJ_25NP(1.0),"Population on 1st January by age, sex and type of projection",A,Annual,T,Total,TOTAL,Total,BSL,Baseline projections,PER,Person,LU,Luxembourg,2056,,936547,,,,,
dataflow,ESTAT:PROJ_25NP(1.0),"Population on 1st January by age, sex and type of projection",A,Annual,T,Total,TOTAL,Total,BSL,Baseline projections,PER,Person,LU,Luxembourg,2057,,939745,,,,,
dataflow,ESTAT:PROJ_25NP(1.0),"Population on 1st January by age, sex and type of projection",A,Annual,T,Total,TOTAL,Total,BSL,Baseline projections,PER,Person,LU,Luxembourg,2058,,942689,,,,,
dataflow,ESTAT:PROJ_25NP(1.0),"Population on 1st January by age, sex and type of projection",A,Annual,T,Total,TOTAL,Total,BSL,Baseline projections,PER,Person,LU,Luxembourg,2059,,945342,,,,,
dataflow,ESTAT:PROJ_25NP(1.0),"Population on 1st January by age, sex and type of projection",A,Annual,T,Total,TOTAL,Total,BSL,Baseline projections,PER,Person,LU,Luxembourg,2060,,947757,,,,,
dataflow,ESTAT:PROJ_25NP(1.0),"Population on 1st January by age, sex and type of projection",A,Annual,T,Total,TOTAL,Total,BSL,Baseline projections,PER,Person,LV,Latvia,2026,,1841333,,,,,
dataflow,ESTAT:PROJ_25NP(1.0),"Population on 1st January by age, sex and type of projection",A,Annual,T,Total,TOTAL,Total,BSL,Baseline projections,PER,Person,LV,Latvia,2027,,1822938,,,,,
dataflow,ESTAT:PROJ_25NP(1.0),"Population on 1st January by age, sex and type of projection",A,Annual,T,Total,TOTAL,Total,BSL,Baseline projections,PER,Person,LV,Latvia,2028,,1805120,,,,,
dataflow,ESTAT:PROJ_25NP(1.0),"Population on 1st January by age, sex and type of projection",A,Annual,T,Total,TOTAL,Total,BSL,Baseline projections,PER,Person,LV,Latvia,2029,,1787946,,,,,
dataflow,ESTAT:PROJ_25NP(1.0),"Population on 1st January by age, sex and type of projection",A,Annual,T,Total,TOTAL,Total,BSL,Baseline projections,PER,Person,LV,Latvia,2030,,1771424,,,,,
dataflow,ESTAT:PROJ_25NP(1.0),"Population on 1st January by age, sex and type of projection",A,Annual,T,Total,TOTAL,Total,BSL,Baseline projections,PER,Person,LV,Latvia,2031,,1755626,,,,,
dataflow,ESTAT:PROJ_25NP(1.0),"Population on 1st January by age, sex and type of projection",A,Annual,T,Total,TOTAL,Total,BSL,Baseline projections,PER,Person,LV,Latvia,2032,,1740825,,,,,
dataflow,ESTAT:PROJ_25NP(1.0),"Population on 1st January by age, sex and type of projection",A,Annual,T,Total,TOTAL,Total,BSL,Baseline projections,PER,Person,LV,Latvia,2033,,1726559,,,,,
dataflow,ESTAT:PROJ_25NP(1.0),"Population on 1st January by age, sex and type of projection",A,Annual,T,Total,TOTAL,Total,BSL,Baseline projections,PER,Person,LV,Latvia,2034,,1713012,,,,,
dataflow,ESTAT:PROJ_25NP(1.0),"Population on 1st January by age, sex and type of projection",A,Annual,T,Total,TOTAL,Total,BSL,Baseline projections,PER,Person,LV,Latvia,2035,,1700059,,,,,
dataflow,ESTAT:PROJ_25NP(1.0),"Population on 1st January by age, sex and type of projection",A,Annual,T,Total,TOTAL,Total,BSL,Baseline projections,PER,Person,LV,Latvia,2036,,1687417,,,,,
dataflow,ESTAT:PROJ_25NP(1.0),"Population on 1st January by age, sex and type of projection",A,Annual,T,Total,TOTAL,Total,BSL,Baseline projections,PER,Person,LV,Latvia,2037,,1675226,,,,,
dataflow,ESTAT:PROJ_25NP(1.0),"Population on 1st January by age, sex and type of projection",A,Annual,T,Total,TOTAL,Total,BSL,Baseline projections,PER,Person,LV,Latvia,2038,,1663323,,,,,
dataflow,ESTAT:PROJ_25NP(1.0),"Population on 1st January by age, sex and type of projection",A,Annual,T,Total,TOTAL,Total,BSL,Baseline projections,PER,Person,LV,Latvia,2039,,1651640,,,,,
dataflow,ESTAT:PROJ_25NP(1.0),"Population on 1st January by age, sex and type of projection",A,Annual,T,Total,TOTAL,Total,BSL,Baseline projections,PER,Person,LV,Latvia,2040,,1640306,,,,,
dataflow,ESTAT:PROJ_25NP(1.0),"Population on 1st January by age, sex and type of projection",A,Annual,T,Total,TOTAL,Total,BSL,Baseline projections,PER,Person,LV,Latvia,2041,,1629238,,,,,
dataflow,ESTAT:PROJ_25NP(1.0),"Population on 1st January by age, sex and type of projection",A,Annual,T,Total,TOTAL,Total,BSL,Baseline projections,PER,Person,LV,Latvia,2042,,1618385,,,,,
dataflow,ESTAT:PROJ_25NP(1.0),"Population on 1st January by age, sex and type of projection",A,Annual,T,Total,TOTAL,Total,BSL,Baseline projections,PER,Person,LV,Latvia,2043,,1607581,,,,,
dataflow,ESTAT:PROJ_25NP(1.0),"Population on 1st January by age, sex and type of projection",A,Annual,T,Total,TOTAL,Total,BSL,Baseline projections,PER,Person,LV,Latvia,2044,,1596904,,,,,
dataflow,ESTAT:PROJ_25NP(1.0),"Population on 1st January by age, sex and type of projection",A,Annual,T,Total,TOTAL,Total,BSL,Baseline projections,PER,Person,LV,Latvia,2045,,1586358,,,,,
dataflow,ESTAT:PROJ_25NP(1.0),"Population on 1st January by age, sex and type of projection",A,Annual,T,Total,TOTAL,Total,BSL,Baseline projections,PER,Person,LV,Latvia,2046,,1575937,,,,,
dataflow,ESTAT:PROJ_25NP(1.0),"Population on 1st January by age, sex and type of projection",A,Annual,T,Total,TOTAL,Total,BSL,Baseline projections,PER,Person,LV,Latvia,2047,,1565639,,,,,
dataflow,ESTAT:PROJ_25NP(1.0),"Population on 1st January by age, sex and type of projection",A,Annual,T,Total,TOTAL,Total,BSL,Baseline projections,PER,Person,LV,Latvia,2048,,1555456,,,,,
dataflow,ESTAT:PROJ_25NP(1.0),"Population on 1st January by age, sex and type of projection",A,Annual,T,Total,TOTAL,Total,BSL,Baseline projections,PER,Person,LV,Latvia,2049,,1545493,,,,,
dataflow,ESTAT:PROJ_25NP(1.0),"Population on 1st January by age, sex and type of projection",A,Annual,T,Total,TOTAL,Total,BSL,Baseline projections,PER,Person,LV,Latvia,2050,,1535556,,,,,
dataflow,ESTAT:PROJ_25NP(1.0),"Population on 1st January by age, sex and type of projection",A,Annual,T,Total,TOTAL,Total,BSL,Baseline projections,PER,Person,LV,Latvia,2051,,1525674,,,,,
dataflow,ESTAT:PROJ_25NP(1.0),"Population on 1st January by age, sex and type of projection",A,Annual,T,Total,TOTAL,Total,BSL,Baseline projections,PER,Person,LV,Latvia,2052,,1515970,,,,,
dataflow,ESTAT:PROJ_25NP(1.0),"Population on 1st January by age, sex and type of projection",A,Annual,T,Total,TOTAL,Total,BSL,Baseline projections,PER,Person,LV,Latvia,2053,,1506353,,,,,
dataflow,ESTAT:PROJ_25NP(1.0),"Population on 1st January by age, sex and type of projection",A,Annual,T,Total,TOTAL,Total,BSL,Baseline projections,PER,Person,LV,Latvia,2054,,1496742,,,,,
dataflow,ESTAT:PROJ_25NP(1.0),"Population on 1st January by age, sex and type of projection",A,Annual,T,Total,TOTAL,Total,BSL,Baseline projections,PER,Person,LV,Latvia,2055,,1487144,,,,,
dataflow,ESTAT:PROJ_25NP(1.0),"Population on 1st January by age, sex and type of projection",A,Annual,T,Total,TOTAL,Total,BSL,Baseline projections,PER,Person,LV,Latvia,2056,,1477617,,,,,
dataflow,ESTAT:PROJ_25NP(1.0),"Population on 1st January by age, sex and type of projection",A,Annual,T,Total,TOTAL,Total,BSL,Baseline projections,PER,Person,LV,Latvia,2057,,1468056,,,,,
dataflow,ESTAT:PROJ_25NP(1.0),"Population on 1st January by age, sex and type of projection",A,Annual,T,Total,TOTAL,Total,BSL,Baseline projections,PER,Person,LV,Latvia,2058,,1458539,,,,,
dataflow,ESTAT:PROJ_25NP(1.0),"Population on 1st January by age, sex and type of projection",A,Annual,T,Total,TOTAL,Total,BSL,Baseline projections,PER,Person,LV,Latvia,2059,,1448918,,,,,
dataflow,ESTAT:PROJ_25NP(1.0),"Population on 1st January by age, sex and type of projection",A,Annual,T,Total,TOTAL,Total,BSL,Baseline projections,PER,Person,LV,Latvia,2060,,1439369,,,,,
dataflow,ESTAT:PROJ_25NP(1.0),"Population on 1st January by age, sex and type of projection",A,Annual,T,Total,TOTAL,Total,BSL,Baseline projections,PER,Person,MT,Malta,2026,,585012,,,,,
dataflow,ESTAT:PROJ_25NP(1.0),"Population on 1st January by age, sex and type of projection",A,Annual,T,Total,TOTAL,Total,BSL,Baseline projections,PER,Person,MT,Malta,2027,,595109,,,,,
dataflow,ESTAT:PROJ_25NP(1.0),"Population on 1st January by age, sex and type of projection",A,Annual,T,Total,TOTAL,Total,BSL,Baseline projections,PER,Person,MT,Malta,2028,,604562,,,,,
dataflow,ESTAT:PROJ_25NP(1.0),"Population on 1st January by age, sex and type of projection",A,Annual,T,Total,TOTAL,Total,BSL,Baseline projections,PER,Person,MT,Malta,2029,,613364,,,,,
dataflow,ESTAT:PROJ_25NP(1.0),"Population on 1st January by age, sex and type of projection",A,Annual,T,Total,TOTAL,Total,BSL,Baseline projections,PER,Person,MT,Malta,2030,,621470,,,,,
dataflow,ESTAT:PROJ_25NP(1.0),"Population on 1st January by age, sex and type of projection",A,Annual,T,Total,TOTAL,Total,BSL,Baseline projections,PER,Person,MT,Malta,2031,,628876,,,,,
dataflow,ESTAT:PROJ_25NP(1.0),"Population on 1st January by age, sex and type of projection",A,Annual,T,Total,TOTAL,Total,BSL,Baseline projections,PER,Person,MT,Malta,2032,,635558,,,,,
dataflow,ESTAT:PROJ_25NP(1.0),"Population on 1st January by age, sex and type of projection",A,Annual,T,Total,TOTAL,Total,BSL,Baseline projections,PER,Person,MT,Malta,2033,,642040,,,,,
dataflow,ESTAT:PROJ_25NP(1.0),"Population on 1st January by age, sex and type of projection",A,Annual,T,Total,TOTAL,Total,BSL,Baseline projections,PER,Person,MT,Malta,2034,,648287,,,,,
dataflow,ESTAT:PROJ_25NP(1.0),"Population on 1st January by age, sex and type of projection",A,Annual,T,Total,TOTAL,Total,BSL,Baseline projections,PER,Person,MT,Malta,2035,,654285,,,,,
dataflow,ESTAT:PROJ_25NP(1.0),"Population on 1st January by age, sex and type of projection",A,Annual,T,Total,TOTAL,Total,BSL,Baseline projections,PER,Person,MT,Malta,2036,,660039,,,,,
dataflow,ESTAT:PROJ_25NP(1.0),"Population on 1st January by age, sex and type of projection",A,Annual,T,Total,TOTAL,Total,BSL,Baseline projections,PER,Person,MT,Malta,2037,,665596,,,,,
dataflow,ESTAT:PROJ_25NP(1.0),"Population on 1st January by age, sex and type of projection",A,Annual,T,Total,TOTAL,Total,BSL,Baseline projections,PER,Person,MT,Malta,2038,,670932,,,,,
dataflow,ESTAT:PROJ_25NP(1.0),"Population on 1st January by age, sex and type of projection",A,Annual,T,Total,TOTAL,Total,BSL,Baseline projections,PER,Person,MT,Malta,2039,,676043,,,,,
dataflow,ESTAT:PROJ_25NP(1.0),"Population on 1st January by age, sex and type of projection",A,Annual,T,Total,TOTAL,Total,BSL,Baseline projections,PER,Person,MT,Malta,2040,,680943,,,,,
dataflow,ESTAT:PROJ_25NP(1.0),"Population on 1st January by age, sex and type of projection",A,Annual,T,Total,TOTAL,Total,BSL,Baseline projections,PER,Person,MT,Malta,2041,,685650,,,,,
dataflow,ESTAT:PROJ_25NP(1.0),"Population on 1st January by age, sex and type of projection",A,Annual,T,Total,TOTAL,Total,BSL,Baseline projections,PER,Person,MT,Malta,2042,,690190,,,,,
dataflow,ESTAT:PROJ_25NP(1.0),"Population on 1st January by age, sex and type of projection",A,Annual,T,Total,TOTAL,Total,BSL,Baseline projections,PER,Person,MT,Malta,2043,,694554,,,,,
dataflow,ESTAT:PROJ_25NP(1.0),"Population on 1st January by age, sex and type of projection",A,Annual,T,Total,TOTAL,Total,BSL,Baseline projections,PER,Person,MT,Malta,2044,,698786,,,,,
dataflow,ESTAT:PROJ_25NP(1.0),"Population on 1st January by age, sex and type of projection",A,Annual,T,Total,TOTAL,Total,BSL,Baseline projections,PER,Person,MT,Malta,2045,,702865,,,,,
dataflow,ESTAT:PROJ_25NP(1.0),"Population on 1st January by age, sex and type of projection",A,Annual,T,Total,TOTAL,Total,BSL,Baseline projections,PER,Person,MT,Malta,2046,,706822,,,,,
dataflow,ESTAT:PROJ_25NP(1.0),"Population on 1st January by age, sex and type of projection",A,Annual,T,Total,TOTAL,Total,BSL,Baseline projections,PER,Person,MT,Malta,2047,,710635,,,,,
dataflow,ESTAT:PROJ_25NP(1.0),"Population on 1st January by age, sex and type of projection",A,Annual,T,Total,TOTAL,Total,BSL,Baseline projections,PER,Person,MT,Malta,2048,,714361,,,,,
dataflow,ESTAT:PROJ_25NP(1.0),"Population on 1st January by age, sex and type of projection",A,Annual,T,Total,TOTAL,Total,BSL,Baseline projections,PER,Person,MT,Malta,2049,,717938,,,,,
dataflow,ESTAT:PROJ_25NP(1.0),"Population on 1st January by age, sex and type of projection",A,Annual,T,Total,TOTAL,Total,BSL,Baseline projections,PER,Person,MT,Malta,2050,,721422,,,,,
dataflow,ESTAT:PROJ_25NP(1.0),"Population on 1st January by age, sex and type of projection",A,Annual,T,Total,TOTAL,Total,BSL,Baseline projections,PER,Person,MT,Malta,2051,,724820,,,,,
dataflow,ESTAT:PROJ_25NP(1.0),"Population on 1st January by age, sex and type of projection",A,Annual,T,Total,TOTAL,Total,BSL,Baseline projections,PER,Person,MT,Malta,2052,,728113,,,,,
dataflow,ESTAT:PROJ_25NP(1.0),"Population on 1st January by age, sex and type of projection",A,Annual,T,Total,TOTAL,Total,BSL,Baseline projections,PER,Person,MT,Malta,2053,,731331,,,,,
dataflow,ESTAT:PROJ_25NP(1.0),"Population on 1st January by age, sex and type of projection",A,Annual,T,Total,TOTAL,Total,BSL,Baseline projections,PER,Person,MT,Malta,2054,,734482,,,,,
dataflow,ESTAT:PROJ_25NP(1.0),"Population on 1st January by age, sex and type of projection",A,Annual,T,Total,TOTAL,Total,BSL,Baseline projections,PER,Person,MT,Malta,2055,,737530,,,,,
dataflow,ESTAT:PROJ_25NP(1.0),"Population on 1st January by age, sex and type of projection",A,Annual,T,Total,TOTAL,Total,BSL,Baseline projections,PER,Person,MT,Malta,2056,,740423,,,,,
dataflow,ESTAT:PROJ_25NP(1.0),"Population on 1st January by age, sex and type of projection",A,Annual,T,Total,TOTAL,Total,BSL,Baseline projections,PER,Person,MT,Malta,2057,,743231,,,,,
dataflow,ESTAT:PROJ_25NP(1.0),"Population on 1st January by age, sex and type of projection",A,Annual,T,Total,TOTAL,Total,BSL,Baseline projections,PER,Person,MT,Malta,2058,,745896,,,,,
dataflow,ESTAT:PROJ_25NP(1.0),"Population on 1st January by age, sex and type of projection",A,Annual,T,Total,TOTAL,Total,BSL,Baseline projections,PER,Person,MT,Malta,2059,,748461,,,,,
dataflow,ESTAT:PROJ_25NP(1.0),"Population on 1st January by age, sex and type of projection",A,Annual,T,Total,TOTAL,Total,BSL,Baseline projections,PER,Person,MT,Malta,2060,,750854,,,,,
dataflow,ESTAT:PROJ_25NP(1.0),"Population on 1st January by age, sex and type of projection",A,Annual,T,Total,TOTAL,Total,BSL,Baseline projections,PER,Person,NL,Netherlands,2026,,18131239,,,,,
dataflow,ESTAT:PROJ_25NP(1.0),"Population on 1st January by age, sex and type of projection",A,Annual,T,Total,TOTAL,Total,BSL,Baseline projections,PER,Person,NL,Netherlands,2027,,18205866,,,,,
dataflow,ESTAT:PROJ_25NP(1.0),"Population on 1st January by age, sex and type of projection",A,Annual,T,Total,TOTAL,Total,BSL,Baseline projections,PER,Person,NL,Netherlands,2028,,18277580,,,,,
dataflow,ESTAT:PROJ_25NP(1.0),"Population on 1st January by age, sex and type of projection",A,Annual,T,Total,TOTAL,Total,BSL,Baseline projections,PER,Person,NL,Netherlands,2029,,18346641,,,,,
dataflow,ESTAT:PROJ_25NP(1.0),"Population on 1st January by age, sex and type of projection",A,Annual,T,Total,TOTAL,Total,BSL,Baseline projections,PER,Person,NL,Netherlands,2030,,18412287,,,,,
dataflow,ESTAT:PROJ_25NP(1.0),"Population on 1st January by age, sex and type of projection",A,Annual,T,Total,TOTAL,Total,BSL,Baseline projections,PER,Person,NL,Netherlands,2031,,18474421,,,,,
dataflow,ESTAT:PROJ_25NP(1.0),"Population on 1st January by age, sex and type of projection",A,Annual,T,Total,TOTAL,Total,BSL,Baseline projections,PER,Person,NL,Netherlands,2032,,18532345,,,,,
dataflow,ESTAT:PROJ_25NP(1.0),"Population on 1st January by age, sex and type of projection",A,Annual,T,Total,TOTAL,Total,BSL,Baseline projections,PER,Person,NL,Netherlands,2033,,18588807,,,,,
dataflow,ESTAT:PROJ_25NP(1.0),"Population on 1st January by age, sex and type of projection",A,Annual,T,Total,TOTAL,Total,BSL,Baseline projections,PER,Person,NL,Netherlands,2034,,18644082,,,,,
dataflow,ESTAT:PROJ_25NP(1.0),"Population on 1st January by age, sex and type of projection",A,Annual,T,Total,TOTAL,Total,BSL,Baseline projections,PER,Person,NL,Netherlands,2035,,18698556,,,,,
dataflow,ESTAT:PROJ_25NP(1.0),"Population on 1st January by age, sex and type of projection",A,Annual,T,Total,TOTAL,Total,BSL,Baseline projections,PER,Person,NL,Netherlands,2036,,18749161,,,,,
dataflow,ESTAT:PROJ_25NP(1.0),"Population on 1st January by age, sex and type of projection",A,Annual,T,Total,TOTAL,Total,BSL,Baseline projections,PER,Person,NL,Netherlands,2037,,18797582,,,,,
dataflow,ESTAT:PROJ_25NP(1.0),"Population on 1st January by age, sex and type of projection",A,Annual,T,Total,TOTAL,Total,BSL,Baseline projections,PER,Person,NL,Netherlands,2038,,18842589,,,,,
dataflow,ESTAT:PROJ_25NP(1.0),"Population on 1st January by age, sex and type of projection",A,Annual,T,Total,TOTAL,Total,BSL,Baseline projections,PER,Person,NL,Netherlands,2039,,18883323,,,,,
dataflow,ESTAT:PROJ_25NP(1.0),"Population on 1st January by age, sex and type of projection",A,Annual,T,Total,TOTAL,Total,BSL,Baseline projections,PER,Person,NL,Netherlands,2040,,18920461,,,,,
dataflow,ESTAT:PROJ_25NP(1.0),"Population on 1st January by age, sex and type of projection",A,Annual,T,Total,TOTAL,Total,BSL,Baseline projections,PER,Person,NL,Netherlands,2041,,18954153,,,,,
dataflow,ESTAT:PROJ_25NP(1.0),"Population on 1st January by age, sex and type of projection",A,Annual,T,Total,TOTAL,Total,BSL,Baseline projections,PER,Person,NL,Netherlands,2042,,18984545,,,,,
dataflow,ESTAT:PROJ_25NP(1.0),"Population on 1st January by age, sex and type of projection",A,Annual,T,Total,TOTAL,Total,BSL,Baseline projections,PER,Person,NL,Netherlands,2043,,19011810,,,,,
dataflow,ESTAT:PROJ_25NP(1.0),"Population on 1st January by age, sex and type of projection",A,Annual,T,Total,TOTAL,Total,BSL,Baseline projections,PER,Person,NL,Netherlands,2044,,19036097,,,,,
dataflow,ESTAT:PROJ_25NP(1.0),"Population on 1st January by age, sex and type of projection",A,Annual,T,Total,TOTAL,Total,BSL,Baseline projections,PER,Person,NL,Netherlands,2045,,19057529,,,,,
dataflow,ESTAT:PROJ_25NP(1.0),"Population on 1st January by age, sex and type of projection",A,Annual,T,Total,TOTAL,Total,BSL,Baseline projections,PER,Person,NL,Netherlands,2046,,19076208,,,,,
dataflow,ESTAT:PROJ_25NP(1.0),"Population on 1st January by age, sex and type of projection",A,Annual,T,Total,TOTAL,Total,BSL,Baseline projections,PER,Person,NL,Netherlands,2047,,19092242,,,,,
dataflow,ESTAT:PROJ_25NP(1.0),"Population on 1st January by age, sex and type of projection",A,Annual,T,Total,TOTAL,Total,BSL,Baseline projections,PER,Person,NL,Netherlands,2048,,19105778,,,,,
dataflow,ESTAT:PROJ_25NP(1.0),"Population on 1st January by age, sex and type of projection",A,Annual,T,Total,TOTAL,Total,BSL,Baseline projections,PER,Person,NL,Netherlands,2049,,19116892,,,,,
dataflow,ESTAT:PROJ_25NP(1.0),"Population on 1st January by age, sex and type of projection",A,Annual,T,Total,TOTAL,Total,BSL,Baseline projections,PER,Person,NL,Netherlands,2050,,19125683,,,,,
dataflow,ESTAT:PROJ_25NP(1.0),"Population on 1st January by age, sex and type of projection",A,Annual,T,Total,TOTAL,Total,BSL,Baseline projections,PER,Person,NL,Netherlands,2051,,19132224,,,,,
dataflow,ESTAT:PROJ_25NP(1.0),"Population on 1st January by age, sex and type of projection",A,Annual,T,Total,TOTAL,Total,BSL,Baseline projections,PER,Person,NL,Netherlands,2052,,19136668,,,,,
dataflow,ESTAT:PROJ_25NP(1.0),"Population on 1st January by age, sex and type of projection",A,Annual,T,Total,TOTAL,Total,BSL,Baseline projections,PER,Person,NL,Netherlands,2053,,19139247,,,,,
dataflow,ESTAT:PROJ_25NP(1.0),"Population on 1st January by age, sex and type of projection",A,Annual,T,Total,TOTAL,Total,BSL,Baseline projections,PER,Person,NL,Netherlands,2054,,19140400,,,,,
dataflow,ESTAT:PROJ_25NP(1.0),"Population on 1st January by age, sex and type of projection",A,Annual,T,Total,TOTAL,Total,BSL,Baseline projections,PER,Person,NL,Netherlands,2055,,19140557,,,,,
dataflow,ESTAT:PROJ_25NP(1.0),"Population on 1st January by age, sex and type of projection",A,Annual,T,Total,TOTAL,Total,BSL,Baseline projections,PER,Person,NL,Netherlands,2056,,19140430,,,,,
dataflow,ESTAT:PROJ_25NP(1.0),"Population on 1st January by age, sex and type of projection",A,Annual,T,Total,TOTAL,Total,BSL,Baseline projections,PER,Person,NL,Netherlands,2057,,19139576,,,,,
dataflow,ESTAT:PROJ_25NP(1.0),"Population on 1st January by age, sex and type of projection",A,Annual,T,Total,TOTAL,Total,BSL,Baseline projections,PER,Person,NL,Netherlands,2058,,19138254,,,,,
dataflow,ESTAT:PROJ_25NP(1.0),"Population on 1st January by age, sex and type of projection",A,Annual,T,Total,TOTAL,Total,BSL,Baseline projections,PER,Person,NL,Netherlands,2059,,19136947,,,,,
dataflow,ESTAT:PROJ_25NP(1.0),"Population on 1st January by age, sex and type of projection",A,Annual,T,Total,TOTAL,Total,BSL,Baseline projections,PER,Person,NL,Netherlands,2060,,19136214,,,,,
dataflow,ESTAT:PROJ_25NP(1.0),"Population on 1st January by age, sex and type of projection",A,Annual,T,Total,TOTAL,Total,BSL,Baseline projections,PER,Person,NO,Norway,2026,,5627392,,,,,
dataflow,ESTAT:PROJ_25NP(1.0),"Population on 1st January by age, sex and type of projection",A,Annual,T,Total,TOTAL,Total,BSL,Baseline projections,PER,Person,NO,Norway,2027,,5654871,,,,,
dataflow,ESTAT:PROJ_25NP(1.0),"Population on 1st January by age, sex and type of projection",A,Annual,T,Total,TOTAL,Total,BSL,Baseline projections,PER,Person,NO,Norway,2028,,5682487,,,,,
dataflow,ESTAT:PROJ_25NP(1.0),"Population on 1st January by age, sex and type of projection",A,Annual,T,Total,TOTAL,Total,BSL,Baseline projections,PER,Person,NO,Norway,2029,,5710128,,,,,
dataflow,ESTAT:PROJ_25NP(1.0),"Population on 1st January by age, sex and type of projection",A,Annual,T,Total,TOTAL,Total,BSL,Baseline projections,PER,Person,NO,Norway,2030,,5737759,,,,,
dataflow,ESTAT:PROJ_25NP(1.0),"Population on 1st January by age, sex and type of projection",A,Annual,T,Total,TOTAL,Total,BSL,Baseline projections,PER,Person,NO,Norway,2031,,5765376,,,,,
dataflow,ESTAT:PROJ_25NP(1.0),"Population on 1st January by age, sex and type of projection",A,Annual,T,Total,TOTAL,Total,BSL,Baseline projections,PER,Person,NO,Norway,2032,,5792967,,,,,
dataflow,ESTAT:PROJ_25NP(1.0),"Population on 1st January by age, sex and type of projection",A,Annual,T,Total,TOTAL,Total,BSL,Baseline projections,PER,Person,NO,Norway,2033,,5819591,,,,,
dataflow,ESTAT:PROJ_25NP(1.0),"Population on 1st January by age, sex and type of projection",A,Annual,T,Total,TOTAL,Total,BSL,Baseline projections,PER,Person,NO,Norway,2034,,5845214,,,,,
dataflow,ESTAT:PROJ_25NP(1.0),"Population on 1st January by age, sex and type of projection",A,Annual,T,Total,TOTAL,Total,BSL,Baseline projections,PER,Person,NO,Norway,2035,,5869913,,,,,
dataflow,ESTAT:PROJ_25NP(1.0),"Population on 1st January by age, sex and type of projection",A,Annual,T,Total,TOTAL,Total,BSL,Baseline projections,PER,Person,NO,Norway,2036,,5893640,,,,,
dataflow,ESTAT:PROJ_25NP(1.0),"Population on 1st January by age, sex and type of projection",A,Annual,T,Total,TOTAL,Total,BSL,Baseline projections,PER,Person,NO,Norway,2037,,5918760,,,,,
dataflow,ESTAT:PROJ_25NP(1.0),"Population on 1st January by age, sex and type of projection",A,Annual,T,Total,TOTAL,Total,BSL,Baseline projections,PER,Person,NO,Norway,2038,,5943024,,,,,
dataflow,ESTAT:PROJ_25NP(1.0),"Population on 1st January by age, sex and type of projection",A,Annual,T,Total,TOTAL,Total,BSL,Baseline projections,PER,Person,NO,Norway,2039,,5966301,,,,,
dataflow,ESTAT:PROJ_25NP(1.0),"Population on 1st January by age, sex and type of projection",A,Annual,T,Total,TOTAL,Total,BSL,Baseline projections,PER,Person,NO,Norway,2040,,5988729,,,,,
dataflow,ESTAT:PROJ_25NP(1.0),"Population on 1st January by age, sex and type of projection",A,Annual,T,Total,TOTAL,Total,BSL,Baseline projections,PER,Person,NO,Norway,2041,,6010326,,,,,
dataflow,ESTAT:PROJ_25NP(1.0),"Population on 1st January by age, sex and type of projection",A,Annual,T,Total,TOTAL,Total,BSL,Baseline projections,PER,Person,NO,Norway,2042,,6031107,,,,,
dataflow,ESTAT:PROJ_25NP(1.0),"Population on 1st January by age, sex and type of projection",A,Annual,T,Total,TOTAL,Total,BSL,Baseline projections,PER,Person,NO,Norway,2043,,6051061,,,,,
dataflow,ESTAT:PROJ_25NP(1.0),"Population on 1st January by age, sex and type of projection",A,Annual,T,Total,TOTAL,Total,BSL,Baseline projections,PER,Person,NO,Norway,2044,,6070177,,,,,
dataflow,ESTAT:PROJ_25NP(1.0),"Population on 1st January by age, sex and type of projection",A,Annual,T,Total,TOTAL,Total,BSL,Baseline projections,PER,Person,NO,Norway,2045,,6088442,,,,,
dataflow,ESTAT:PROJ_25NP(1.0),"Population on 1st January by age, sex and type of projection",A,Annual,T,Total,TOTAL,Total,BSL,Baseline projections,PER,Person,NO,Norway,2046,,6105844,,,,,
dataflow,ESTAT:PROJ_25NP(1.0),"Population on 1st January by age, sex and type of projection",A,Annual,T,Total,TOTAL,Total,BSL,Baseline projections,PER,Person,NO,Norway,2047,,6122351,,,,,
dataflow,ESTAT:PROJ_25NP(1.0),"Population on 1st January by age, sex and type of projection",A,Annual,T,Total,TOTAL,Total,BSL,Baseline projections,PER,Person,NO,Norway,2048,,6137960,,,,,
dataflow,ESTAT:PROJ_25NP(1.0),"Population on 1st January by age, sex and type of projection",A,Annual,T,Total,TOTAL,Total,BSL,Baseline projections,PER,Person,NO,Norway,2049,,6152648,,,,,
dataflow,ESTAT:PROJ_25NP(1.0),"Population on 1st January by age, sex and type of projection",A,Annual,T,Total,TOTAL,Total,BSL,Baseline projections,PER,Person,NO,Norway,2050,,6166413,,,,,
dataflow,ESTAT:PROJ_25NP(1.0),"Population on 1st January by age, sex and type of projection",A,Annual,T,Total,TOTAL,Total,BSL,Baseline projections,PER,Person,NO,Norway,2051,,6179298,,,,,
dataflow,ESTAT:PROJ_25NP(1.0),"Population on 1st January by age, sex and type of projection",A,Annual,T,Total,TOTAL,Total,BSL,Baseline projections,PER,Person,NO,Norway,2052,,6191443,,,,,
dataflow,ESTAT:PROJ_25NP(1.0),"Population on 1st January by age, sex and type of projection",A,Annual,T,Total,TOTAL,Total,BSL,Baseline projections,PER,Person,NO,Norway,2053,,6202746,,,,,
dataflow,ESTAT:PROJ_25NP(1.0),"Population on 1st January by age, sex and type of projection",A,Annual,T,Total,TOTAL,Total,BSL,Baseline projections,PER,Person,NO,Norway,2054,,6213522,,,,,
dataflow,ESTAT:PROJ_25NP(1.0),"Population on 1st January by age, sex and type of projection",A,Annual,T,Total,TOTAL,Total,BSL,Baseline projections,PER,Person,NO,Norway,2055,,6223572,,,,,
dataflow,ESTAT:PROJ_25NP(1.0),"Population on 1st January by age, sex and type of projection",A,Annual,T,Total,TOTAL,Total,BSL,Baseline projections,PER,Person,NO,Norway,2056,,6233023,,,,,
dataflow,ESTAT:PROJ_25NP(1.0),"Population on 1st January by age, sex and type of projection",A,Annual,T,Total,TOTAL,Total,BSL,Baseline projections,PER,Person,NO,Norway,2057,,6241711,,,,,
dataflow,ESTAT:PROJ_25NP(1.0),"Population on 1st January by age, sex and type of projection",A,Annual,T,Total,TOTAL,Total,BSL,Baseline projections,PER,Person,NO,Norway,2058,,6249725,,,,,
dataflow,ESTAT:PROJ_25NP(1.0),"Population on 1st January by age, sex and type of projection",A,Annual,T,Total,TOTAL,Total,BSL,Baseline projections,PER,Person,NO,Norway,2059,,6257072,,,,,
dataflow,ESTAT:PROJ_25NP(1.0),"Population on 1st January by age, sex and type of projection",A,Annual,T,Total,TOTAL,Total,BSL,Baseline projections,PER,Person,NO,Norway,2060,,6263911,,,,,
dataflow,ESTAT:PROJ_25NP(1.0),"Population on 1st January by age, sex and type of projection",A,Annual,T,Total,TOTAL,Total,BSL,Baseline projections,PER,Person,PL,Poland,2026,,37414458,,,,,
dataflow,ESTAT:PROJ_25NP(1.0),"Population on 1st January by age, sex and type of projection",A,Annual,T,Total,TOTAL,Total,BSL,Baseline projections,PER,Person,PL,Poland,2027,,37268937,,,,,
dataflow,ESTAT:PROJ_25NP(1.0),"Population on 1st January by age, sex and type of projection",A,Annual,T,Total,TOTAL,Total,BSL,Baseline projections,PER,Person,PL,Poland,2028,,37105502,,,,,
dataflow,ESTAT:PROJ_25NP(1.0),"Population on 1st January by age, sex and type of projection",A,Annual,T,Total,TOTAL,Total,BSL,Baseline projections,PER,Person,PL,Poland,2029,,36927388,,,,,
dataflow,ESTAT:PROJ_25NP(1.0),"Population on 1st January by age, sex and type of projection",A,Annual,T,Total,TOTAL,Total,BSL,Baseline projections,PER,Person,PL,Poland,2030,,36731448,,,,,
dataflow,ESTAT:PROJ_25NP(1.0),"Population on 1st January by age, sex and type of projection",A,Annual,T,Total,TOTAL,Total,BSL,Baseline projections,PER,Person,PL,Poland,2031,,36518700,,,,,
dataflow,ESTAT:PROJ_25NP(1.0),"Population on 1st January by age, sex and type of projection",A,Annual,T,Total,TOTAL,Total,BSL,Baseline projections,PER,Person,PL,Poland,2032,,36288875,,,,,
dataflow,ESTAT:PROJ_25NP(1.0),"Population on 1st January by age, sex and type of projection",A,Annual,T,Total,TOTAL,Total,BSL,Baseline projections,PER,Person,PL,Poland,2033,,36056663,,,,,
dataflow,ESTAT:PROJ_25NP(1.0),"Population on 1st January by age, sex and type of projection",A,Annual,T,Total,TOTAL,Total,BSL,Baseline projections,PER,Person,PL,Poland,2034,,35830575,,,,,
dataflow,ESTAT:PROJ_25NP(1.0),"Population on 1st January by age, sex and type of projection",A,Annual,T,Total,TOTAL,Total,BSL,Baseline projections,PER,Person,PL,Poland,2035,,35610872,,,,,
dataflow,ESTAT:PROJ_25NP(1.0),"Population on 1st January by age, sex and type of projection",A,Annual,T,Total,TOTAL,Total,BSL,Baseline projections,PER,Person,PL,Poland,2036,,35394019,,,,,
dataflow,ESTAT:PROJ_25NP(1.0),"Population on 1st January by age, sex and type of projection",A,Annual,T,Total,TOTAL,Total,BSL,Baseline projections,PER,Person,PL,Poland,2037,,35205337,,,,,
dataflow,ESTAT:PROJ_25NP(1.0),"Population on 1st January by age, sex and type of projection",A,Annual,T,Total,TOTAL,Total,BSL,Baseline projections,PER,Person,PL,Poland,2038,,35020040,,,,,
dataflow,ESTAT:PROJ_25NP(1.0),"Population on 1st January by age, sex and type of projection",A,Annual,T,Total,TOTAL,Total,BSL,Baseline projections,PER,Person,PL,Poland,2039,,34838570,,,,,
dataflow,ESTAT:PROJ_25NP(1.0),"Population on 1st January by age, sex and type of projection",A,Annual,T,Total,TOTAL,Total,BSL,Baseline projections,PER,Person,PL,Poland,2040,,34660633,,,,,
dataflow,ESTAT:PROJ_25NP(1.0),"Population on 1st January by age, sex and type of projection",A,Annual,T,Total,TOTAL,Total,BSL,Baseline projections,PER,Person,PL,Poland,2041,,34485624,,,,,
dataflow,ESTAT:PROJ_25NP(1.0),"Population on 1st January by age, sex and type of projection",A,Annual,T,Total,TOTAL,Total,BSL,Baseline projections,PER,Person,PL,Poland,2042,,34313513,,,,,
dataflow,ESTAT:PROJ_25NP(1.0),"Population on 1st January by age, sex and type of projection",A,Annual,T,Total,TOTAL,Total,BSL,Baseline projections,PER,Person,PL,Poland,2043,,34140803,,,,,
dataflow,ESTAT:PROJ_25NP(1.0),"Population on 1st January by age, sex and type of projection",A,Annual,T,Total,TOTAL,Total,BSL,Baseline projections,PER,Person,PL,Poland,2044,,33968399,,,,,
dataflow,ESTAT:PROJ_25NP(1.0),"Population on 1st January by age, sex and type of projection",A,Annual,T,Total,TOTAL,Total,BSL,Baseline projections,PER,Person,PL,Poland,2045,,33797303,,,,,
dataflow,ESTAT:PROJ_25NP(1.0),"Population on 1st January by age, sex and type of projection",A,Annual,T,Total,TOTAL,Total,BSL,Baseline projections,PER,Person,PL,Poland,2046,,33626396,,,,,
dataflow,ESTAT:PROJ_25NP(1.0),"Population on 1st January by age, sex and type of projection",A,Annual,T,Total,TOTAL,Total,BSL,Baseline projections,PER,Person,PL,Poland,2047,,33454532,,,,,
dataflow,ESTAT:PROJ_25NP(1.0),"Population on 1st January by age, sex and type of projection",A,Annual,T,Total,TOTAL,Total,BSL,Baseline projections,PER,Person,PL,Poland,2048,,33284918,,,,,
dataflow,ESTAT:PROJ_25NP(1.0),"Population on 1st January by age, sex and type of projection",A,Annual,T,Total,TOTAL,Total,BSL,Baseline projections,PER,Person,PL,Poland,2049,,33116705,,,,,
dataflow,ESTAT:PROJ_25NP(1.0),"Population on 1st January by age, sex and type of projection",A,Annual,T,Total,TOTAL,Total,BSL,Baseline projections,PER,Person,PL,Poland,2050,,32946342,,,,,
dataflow,ESTAT:PROJ_25NP(1.0),"Population on 1st January by age, sex and type of projection",A,Annual,T,Total,TOTAL,Total,BSL,Baseline projections,PER,Person,PL,Poland,2051,,32774361,,,,,
dataflow,ESTAT:PROJ_25NP(1.0),"Population on 1st January by age, sex and type of projection",A,Annual,T,Total,TOTAL,Total,BSL,Baseline projections,PER,Person,PL,Poland,2052,,32599315,,,,,
dataflow,ESTAT:PROJ_25NP(1.0),"Population on 1st January by age, sex and type of projection",A,Annual,T,Total,TOTAL,Total,BSL,Baseline projections,PER,Person,PL,Poland,2053,,32421996,,,,,
dataflow,ESTAT:PROJ_25NP(1.0),"Population on 1st January by age, sex and type of projection",A,Annual,T,Total,TOTAL,Total,BSL,Baseline projections,PER,Person,PL,Poland,2054,,32243712,,,,,
dataflow,ESTAT:PROJ_25NP(1.0),"Population on 1st January by age, sex and type of projection",A,Annual,T,Total,TOTAL,Total,BSL,Baseline projections,PER,Person,PL,Poland,2055,,32063901,,,,,
dataflow,ESTAT:PROJ_25NP(1.0),"Population on 1st January by age, sex and type of projection",A,Annual,T,Total,TOTAL,Total,BSL,Baseline projections,PER,Person,PL,Poland,2056,,31884466,,,,,
dataflow,ESTAT:PROJ_25NP(1.0),"Population on 1st January by age, sex and type of projection",A,Annual,T,Total,TOTAL,Total,BSL,Baseline projections,PER,Person,PL,Poland,2057,,31703735,,,,,
dataflow,ESTAT:PROJ_25NP(1.0),"Population on 1st January by age, sex and type of projection",A,Annual,T,Total,TOTAL,Total,BSL,Baseline projections,PER,Person,PL,Poland,2058,,31520513,,,,,
dataflow,ESTAT:PROJ_25NP(1.0),"Population on 1st January by age, sex and type of projection",A,Annual,T,Total,TOTAL,Total,BSL,Baseline projections,PER,Person,PL,Poland,2059,,31336240,,,,,
dataflow,ESTAT:PROJ_25NP(1.0),"Population on 1st January by age, sex and type of projection",A,Annual,T,Total,TOTAL,Total,BSL,Baseline projections,PER,Person,PL,Poland,2060,,31150906,,,,,
dataflow,ESTAT:PROJ_25NP(1.0),"Population on 1st January by age, sex and type of projection",A,Annual,T,Total,TOTAL,Total,BSL,Baseline projections,PER,Person,PT,Portugal,2026,,10871014,,,,,
dataflow,ESTAT:PROJ_25NP(1.0),"Population on 1st January by age, sex and type of projection",A,Annual,T,Total,TOTAL,Total,BSL,Baseline projections,PER,Person,PT,Portugal,2027,,10971534,,,,,
dataflow,ESTAT:PROJ_25NP(1.0),"Population on 1st January by age, sex and type of projection",A,Annual,T,Total,TOTAL,Total,BSL,Baseline projections,PER,Person,PT,Portugal,2028,,11049616,,,,,
dataflow,ESTAT:PROJ_25NP(1.0),"Population on 1st January by age, sex and type of projection",A,Annual,T,Total,TOTAL,Total,BSL,Baseline projections,PER,Person,PT,Portugal,2029,,11106391,,,,,
dataflow,ESTAT:PROJ_25NP(1.0),"Population on 1st January by age, sex and type of projection",A,Annual,T,Total,TOTAL,Total,BSL,Baseline projections,PER,Person,PT,Portugal,2030,,11142299,,,,,
dataflow,ESTAT:PROJ_25NP(1.0),"Population on 1st January by age, sex and type of projection",A,Annual,T,Total,TOTAL,Total,BSL,Baseline projections,PER,Person,PT,Portugal,2031,,11156253,,,,,
dataflow,ESTAT:PROJ_25NP(1.0),"Population on 1st January by age, sex and type of projection",A,Annual,T,Total,TOTAL,Total,BSL,Baseline projections,PER,Person,PT,Portugal,2032,,11148090,,,,,
dataflow,ESTAT:PROJ_25NP(1.0),"Population on 1st January by age, sex and type of projection",A,Annual,T,Total,TOTAL,Total,BSL,Baseline projections,PER,Person,PT,Portugal,2033,,11137734,,,,,
dataflow,ESTAT:PROJ_25NP(1.0),"Population on 1st January by age, sex and type of projection",A,Annual,T,Total,TOTAL,Total,BSL,Baseline projections,PER,Person,PT,Portugal,2034,,11124944,,,,,
dataflow,ESTAT:PROJ_25NP(1.0),"Population on 1st January by age, sex and type of projection",A,Annual,T,Total,TOTAL,Total,BSL,Baseline projections,PER,Person,PT,Portugal,2035,,11109773,,,,,
dataflow,ESTAT:PROJ_25NP(1.0),"Population on 1st January by age, sex and type of projection",A,Annual,T,Total,TOTAL,Total,BSL,Baseline projections,PER,Person,PT,Portugal,2036,,11093145,,,,,
dataflow,ESTAT:PROJ_25NP(1.0),"Population on 1st January by age, sex and type of projection",A,Annual,T,Total,TOTAL,Total,BSL,Baseline projections,PER,Person,PT,Portugal,2037,,11076808,,,,,
dataflow,ESTAT:PROJ_25NP(1.0),"Population on 1st January by age, sex and type of projection",A,Annual,T,Total,TOTAL,Total,BSL,Baseline projections,PER,Person,PT,Portugal,2038,,11058108,,,,,
dataflow,ESTAT:PROJ_25NP(1.0),"Population on 1st January by age, sex and type of projection",A,Annual,T,Total,TOTAL,Total,BSL,Baseline projections,PER,Person,PT,Portugal,2039,,11036968,,,,,
dataflow,ESTAT:PROJ_25NP(1.0),"Population on 1st January by age, sex and type of projection",A,Annual,T,Total,TOTAL,Total,BSL,Baseline projections,PER,Person,PT,Portugal,2040,,11014188,,,,,
dataflow,ESTAT:PROJ_25NP(1.0),"Population on 1st January by age, sex and type of projection",A,Annual,T,Total,TOTAL,Total,BSL,Baseline projections,PER,Person,PT,Portugal,2041,,10989143,,,,,
dataflow,ESTAT:PROJ_25NP(1.0),"Population on 1st January by age, sex and type of projection",A,Annual,T,Total,TOTAL,Total,BSL,Baseline projections,PER,Person,PT,Portugal,2042,,10961708,,,,,
dataflow,ESTAT:PROJ_25NP(1.0),"Population on 1st January by age, sex and type of projection",A,Annual,T,Total,TOTAL,Total,BSL,Baseline projections,PER,Person,PT,Portugal,2043,,10931829,,,,,
dataflow,ESTAT:PROJ_25NP(1.0),"Population on 1st January by age, sex and type of projection",A,Annual,T,Total,TOTAL,Total,BSL,Baseline projections,PER,Person,PT,Portugal,2044,,10898810,,,,,
dataflow,ESTAT:PROJ_25NP(1.0),"Population on 1st January by age, sex and type of projection",A,Annual,T,Total,TOTAL,Total,BSL,Baseline projections,PER,Person,PT,Portugal,2045,,10863536,,,,,
dataflow,ESTAT:PROJ_25NP(1.0),"Population on 1st January by age, sex and type of projection",A,Annual,T,Total,TOTAL,Total,BSL,Baseline projections,PER,Person,PT,Portugal,2046,,10826639,,,,,
dataflow,ESTAT:PROJ_25NP(1.0),"Population on 1st January by age, sex and type of projection",A,Annual,T,Total,TOTAL,Total,BSL,Baseline projections,PER,Person,PT,Portugal,2047,,10787711,,,,,
dataflow,ESTAT:PROJ_25NP(1.0),"Population on 1st January by age, sex and type of projection",A,Annual,T,Total,TOTAL,Total,BSL,Baseline projections,PER,Person,PT,Portugal,2048,,10747309,,,,,
dataflow,ESTAT:PROJ_25NP(1.0),"Population on 1st January by age, sex and type of projection",A,Annual,T,Total,TOTAL,Total,BSL,Baseline projections,PER,Person,PT,Portugal,2049,,10705134,,,,,
dataflow,ESTAT:PROJ_25NP(1.0),"Population on 1st January by age, sex and type of projection",A,Annual,T,Total,TOTAL,Total,BSL,Baseline projections,PER,Person,PT,Portugal,2050,,10661668,,,,,
dataflow,ESTAT:PROJ_25NP(1.0),"Population on 1st January by age, sex and type of projection",A,Annual,T,Total,TOTAL,Total,BSL,Baseline projections,PER,Person,PT,Portugal,2051,,10616453,,,,,
dataflow,ESTAT:PROJ_25NP(1.0),"Population on 1st January by age, sex and type of projection",A,Annual,T,Total,TOTAL,Total,BSL,Baseline projections,PER,Person,PT,Portugal,2052,,10570146,,,,,
dataflow,ESTAT:PROJ_25NP(1.0),"Population on 1st January by age, sex and type of projection",A,Annual,T,Total,TOTAL,Total,BSL,Baseline projections,PER,Person,PT,Portugal,2053,,10523006,,,,,
dataflow,ESTAT:PROJ_25NP(1.0),"Population on 1st January by age, sex and type of projection",A,Annual,T,Total,TOTAL,Total,BSL,Baseline projections,PER,Person,PT,Portugal,2054,,10475384,,,,,
dataflow,ESTAT:PROJ_25NP(1.0),"Population on 1st January by age, sex and type of projection",A,Annual,T,Total,TOTAL,Total,BSL,Baseline projections,PER,Person,PT,Portugal,2055,,10427260,,,,,
dataflow,ESTAT:PROJ_25NP(1.0),"Population on 1st January by age, sex and type of projection",A,Annual,T,Total,TOTAL,Total,BSL,Baseline projections,PER,Person,PT,Portugal,2056,,10378985,,,,,
dataflow,ESTAT:PROJ_25NP(1.0),"Population on 1st January by age, sex and type of projection",A,Annual,T,Total,TOTAL,Total,BSL,Baseline projections,PER,Person,PT,Portugal,2057,,10330549,,,,,
dataflow,ESTAT:PROJ_25NP(1.0),"Population on 1st January by age, sex and type of projection",A,Annual,T,Total,TOTAL,Total,BSL,Baseline projections,PER,Person,PT,Portugal,2058,,10281932,,,,,
dataflow,ESTAT:PROJ_25NP(1.0),"Population on 1st January by age, sex and type of projection",A,Annual,T,Total,TOTAL,Total,BSL,Baseline projections,PER,Person,PT,Portugal,2059,,10233260,,,,,
dataflow,ESTAT:PROJ_25NP(1.0),"Population on 1st January by age, sex and type of projection",A,Annual,T,Total,TOTAL,Total,BSL,Baseline projections,PER,Person,PT,Portugal,2060,,10184206,,,,,
dataflow,ESTAT:PROJ_25NP(1.0),"Population on 1st January by age, sex and type of projection",A,Annual,T,Total,TOTAL,Total,BSL,Baseline projections,PER,Person,RO,Romania,2026,,19000103,,,,,
dataflow,ESTAT:PROJ_25NP(1.0),"Population on 1st January by age, sex and type of projection",A,Annual,T,Total,TOTAL,Total,BSL,Baseline projections,PER,Person,RO,Romania,2027,,18938928,,,,,
dataflow,ESTAT:PROJ_25NP(1.0),"Population on 1st January by age, sex and type of projection",A,Annual,T,Total,TOTAL,Total,BSL,Baseline projections,PER,Person,RO,Romania,2028,,18869465,,,,,
dataflow,ESTAT:PROJ_25NP(1.0),"Population on 1st January by age, sex and type of projection",A,Annual,T,Total,TOTAL,Total,BSL,Baseline projections,PER,Person,RO,Romania,2029,,18792140,,,,,
dataflow,ESTAT:PROJ_25NP(1.0),"Population on 1st January by age, sex and type of projection",A,Annual,T,Total,TOTAL,Total,BSL,Baseline projections,PER,Person,RO,Romania,2030,,18706751,,,,,
dataflow,ESTAT:PROJ_25NP(1.0),"Population on 1st January by age, sex and type of projection",A,Annual,T,Total,TOTAL,Total,BSL,Baseline projections,PER,Person,RO,Romania,2031,,18613163,,,,,
dataflow,ESTAT:PROJ_25NP(1.0),"Population on 1st January by age, sex and type of projection",A,Annual,T,Total,TOTAL,Total,BSL,Baseline projections,PER,Person,RO,Romania,2032,,18511108,,,,,
dataflow,ESTAT:PROJ_25NP(1.0),"Population on 1st January by age, sex and type of projection",A,Annual,T,Total,TOTAL,Total,BSL,Baseline projections,PER,Person,RO,Romania,2033,,18427047,,,,,
dataflow,ESTAT:PROJ_25NP(1.0),"Population on 1st January by age, sex and type of projection",A,Annual,T,Total,TOTAL,Total,BSL,Baseline projections,PER,Person,RO,Romania,2034,,18349425,,,,,
dataflow,ESTAT:PROJ_25NP(1.0),"Population on 1st January by age, sex and type of projection",A,Annual,T,Total,TOTAL,Total,BSL,Baseline projections,PER,Person,RO,Romania,2035,,18272835,,,,,
dataflow,ESTAT:PROJ_25NP(1.0),"Population on 1st January by age, sex and type of projection",A,Annual,T,Total,TOTAL,Total,BSL,Baseline projections,PER,Person,RO,Romania,2036,,18194126,,,,,
dataflow,ESTAT:PROJ_25NP(1.0),"Population on 1st January by age, sex and type of projection",A,Annual,T,Total,TOTAL,Total,BSL,Baseline projections,PER,Person,RO,Romania,2037,,18118719,,,,,
dataflow,ESTAT:PROJ_25NP(1.0),"Population on 1st January by age, sex and type of projection",A,Annual,T,Total,TOTAL,Total,BSL,Baseline projections,PER,Person,RO,Romania,2038,,18042345,,,,,
dataflow,ESTAT:PROJ_25NP(1.0),"Population on 1st January by age, sex and type of projection",A,Annual,T,Total,TOTAL,Total,BSL,Baseline projections,PER,Person,RO,Romania,2039,,17967206,,,,,
dataflow,ESTAT:PROJ_25NP(1.0),"Population on 1st January by age, sex and type of projection",A,Annual,T,Total,TOTAL,Total,BSL,Baseline projections,PER,Person,RO,Romania,2040,,17896346,,,,,
dataflow,ESTAT:PROJ_25NP(1.0),"Population on 1st January by age, sex and type of projection",A,Annual,T,Total,TOTAL,Total,BSL,Baseline projections,PER,Person,RO,Romania,2041,,17825616,,,,,
dataflow,ESTAT:PROJ_25NP(1.0),"Population on 1st January by age, sex and type of projection",A,Annual,T,Total,TOTAL,Total,BSL,Baseline projections,PER,Person,RO,Romania,2042,,17754701,,,,,
dataflow,ESTAT:PROJ_25NP(1.0),"Population on 1st January by age, sex and type of projection",A,Annual,T,Total,TOTAL,Total,BSL,Baseline projections,PER,Person,RO,Romania,2043,,17683486,,,,,
dataflow,ESTAT:PROJ_25NP(1.0),"Population on 1st January by age, sex and type of projection",A,Annual,T,Total,TOTAL,Total,BSL,Baseline projections,PER,Person,RO,Romania,2044,,17610920,,,,,
dataflow,ESTAT:PROJ_25NP(1.0),"Population on 1st January by age, sex and type of projection",A,Annual,T,Total,TOTAL,Total,BSL,Baseline projections,PER,Person,RO,Romania,2045,,17537482,,,,,
dataflow,ESTAT:PROJ_25NP(1.0),"Population on 1st January by age, sex and type of projection",A,Annual,T,Total,TOTAL,Total,BSL,Baseline projections,PER,Person,RO,Romania,2046,,17462964,,,,,
dataflow,ESTAT:PROJ_25NP(1.0),"Population on 1st January by age, sex and type of projection",A,Annual,T,Total,TOTAL,Total,BSL,Baseline projections,PER,Person,RO,Romania,2047,,17386830,,,,,
dataflow,ESTAT:PROJ_25NP(1.0),"Population on 1st January by age, sex and type of projection",A,Annual,T,Total,TOTAL,Total,BSL,Baseline projections,PER,Person,RO,Romania,2048,,17308235,,,,,
dataflow,ESTAT:PROJ_25NP(1.0),"Population on 1st January by age, sex and type of projection",A,Annual,T,Total,TOTAL,Total,BSL,Baseline projections,PER,Person,RO,Romania,2049,,17227639,,,,,
dataflow,ESTAT:PROJ_25NP(1.0),"Population on 1st January by age, sex and type of projection",A,Annual,T,Total,TOTAL,Total,BSL,Baseline projections,PER,Person,RO,Romania,2050,,17148348,,,,,
dataflow,ESTAT:PROJ_25NP(1.0),"Population on 1st January by age, sex and type of projection",A,Annual,T,Total,TOTAL,Total,BSL,Baseline projections,PER,Person,RO,Romania,2051,,17069541,,,,,
dataflow,ESTAT:PROJ_25NP(1.0),"Population on 1st January by age, sex and type of projection",A,Annual,T,Total,TOTAL,Total,BSL,Baseline projections,PER,Person,RO,Romania,2052,,16990988,,,,,
dataflow,ESTAT:PROJ_25NP(1.0),"Population on 1st January by age, sex and type of projection",A,Annual,T,Total,TOTAL,Total,BSL,Baseline projections,PER,Person,RO,Romania,2053,,16912690,,,,,
dataflow,ESTAT:PROJ_25NP(1.0),"Population on 1st January by age, sex and type of projection",A,Annual,T,Total,TOTAL,Total,BSL,Baseline projections,PER,Person,RO,Romania,2054,,16833862,,,,,
dataflow,ESTAT:PROJ_25NP(1.0),"Population on 1st January by age, sex and type of projection",A,Annual,T,Total,TOTAL,Total,BSL,Baseline projections,PER,Person,RO,Romania,2055,,16753913,,,,,
dataflow,ESTAT:PROJ_25NP(1.0),"Population on 1st January by age, sex and type of projection",A,Annual,T,Total,TOTAL,Total,BSL,Baseline projections,PER,Person,RO,Romania,2056,,16671603,,,,,
dataflow,ESTAT:PROJ_25NP(1.0),"Population on 1st January by age, sex and type of projection",A,Annual,T,Total,TOTAL,Total,BSL,Baseline projections,PER,Person,RO,Romania,2057,,16586972,,,,,
dataflow,ESTAT:PROJ_25NP(1.0),"Population on 1st January by age, sex and type of projection",A,Annual,T,Total,TOTAL,Total,BSL,Baseline projections,PER,Person,RO,Romania,2058,,16502542,,,,,
dataflow,ESTAT:PROJ_25NP(1.0),"Population on 1st January by age, sex and type of projection",A,Annual,T,Total,TOTAL,Total,BSL,Baseline projections,PER,Person,RO,Romania,2059,,16417668,,,,,
dataflow,ESTAT:PROJ_25NP(1.0),"Population on 1st January by age, sex and type of projection",A,Annual,T,Total,TOTAL,Total,BSL,Baseline projections,PER,Person,RO,Romania,2060,,16333523,,,,,
dataflow,ESTAT:PROJ_25NP(1.0),"Population on 1st January by age, sex and type of projection",A,Annual,T,Total,TOTAL,Total,BSL,Baseline projections,PER,Person,SE,Sweden,2026,,10605527,,,,,
dataflow,ESTAT:PROJ_25NP(1.0),"Population on 1st January by age, sex and type of projection",A,Annual,T,Total,TOTAL,Total,BSL,Baseline projections,PER,Person,SE,Sweden,2027,,10623097,,,,,
dataflow,ESTAT:PROJ_25NP(1.0),"Population on 1st January by age, sex and type of projection",A,Annual,T,Total,TOTAL,Total,BSL,Baseline projections,PER,Person,SE,Sweden,2028,,10645490,,,,,
dataflow,ESTAT:PROJ_25NP(1.0),"Population on 1st January by age, sex and type of projection",A,Annual,T,Total,TOTAL,Total,BSL,Baseline projections,PER,Person,SE,Sweden,2029,,10672797,,,,,
dataflow,ESTAT:PROJ_25NP(1.0),"Population on 1st January by age, sex and type of projection",A,Annual,T,Total,TOTAL,Total,BSL,Baseline projections,PER,Person,SE,Sweden,2030,,10705212,,,,,
dataflow,ESTAT:PROJ_25NP(1.0),"Population on 1st January by age, sex and type of projection",A,Annual,T,Total,TOTAL,Total,BSL,Baseline projections,PER,Person,SE,Sweden,2031,,10743040,,,,,
dataflow,ESTAT:PROJ_25NP(1.0),"Population on 1st January by age, sex and type of projection",A,Annual,T,Total,TOTAL,Total,BSL,Baseline projections,PER,Person,SE,Sweden,2032,,10786648,,,,,
dataflow,ESTAT:PROJ_25NP(1.0),"Population on 1st January by age, sex and type of projection",A,Annual,T,Total,TOTAL,Total,BSL,Baseline projections,PER,Person,SE,Sweden,2033,,10829257,,,,,
dataflow,ESTAT:PROJ_25NP(1.0),"Population on 1st January by age, sex and type of projection",A,Annual,T,Total,TOTAL,Total,BSL,Baseline projections,PER,Person,SE,Sweden,2034,,10871105,,,,,
dataflow,ESTAT:PROJ_25NP(1.0),"Population on 1st January by age, sex and type of projection",A,Annual,T,Total,TOTAL,Total,BSL,Baseline projections,PER,Person,SE,Sweden,2035,,10912510,,,,,
dataflow,ESTAT:PROJ_25NP(1.0),"Population on 1st January by age, sex and type of projection",A,Annual,T,Total,TOTAL,Total,BSL,Baseline projections,PER,Person,SE,Sweden,2036,,10952626,,,,,
dataflow,ESTAT:PROJ_25NP(1.0),"Population on 1st January by age, sex and type of projection",A,Annual,T,Total,TOTAL,Total,BSL,Baseline projections,PER,Person,SE,Sweden,2037,,10992590,,,,,
dataflow,ESTAT:PROJ_25NP(1.0),"Population on 1st January by age, sex and type of projection",A,Annual,T,Total,TOTAL,Total,BSL,Baseline projections,PER,Person,SE,Sweden,2038,,11031782,,,,,
dataflow,ESTAT:PROJ_25NP(1.0),"Population on 1st January by age, sex and type of projection",A,Annual,T,Total,TOTAL,Total,BSL,Baseline projections,PER,Person,SE,Sweden,2039,,11070384,,,,,
dataflow,ESTAT:PROJ_25NP(1.0),"Population on 1st January by age, sex and type of projection",A,Annual,T,Total,TOTAL,Total,BSL,Baseline projections,PER,Person,SE,Sweden,2040,,11108521,,,,,
dataflow,ESTAT:PROJ_25NP(1.0),"Population on 1st January by age, sex and type of projection",A,Annual,T,Total,TOTAL,Total,BSL,Baseline projections,PER,Person,SE,Sweden,2041,,11146289,,,,,
dataflow,ESTAT:PROJ_25NP(1.0),"Population on 1st January by age, sex and type of projection",A,Annual,T,Total,TOTAL,Total,BSL,Baseline projections,PER,Person,SE,Sweden,2042,,11183700,,,,,
dataflow,ESTAT:PROJ_25NP(1.0),"Population on 1st January by age, sex and type of projection",A,Annual,T,Total,TOTAL,Total,BSL,Baseline projections,PER,Person,SE,Sweden,2043,,11220698,,,,,
dataflow,ESTAT:PROJ_25NP(1.0),"Population on 1st January by age, sex and type of projection",A,Annual,T,Total,TOTAL,Total,BSL,Baseline projections,PER,Person,SE,Sweden,2044,,11257226,,,,,
dataflow,ESTAT:PROJ_25NP(1.0),"Population on 1st January by age, sex and type of projection",A,Annual,T,Total,TOTAL,Total,BSL,Baseline projections,PER,Person,SE,Sweden,2045,,11293147,,,,,
dataflow,ESTAT:PROJ_25NP(1.0),"Population on 1st January by age, sex and type of projection",A,Annual,T,Total,TOTAL,Total,BSL,Baseline projections,PER,Person,SE,Sweden,2046,,11328316,,,,,
dataflow,ESTAT:PROJ_25NP(1.0),"Population on 1st January by age, sex and type of projection",A,Annual,T,Total,TOTAL,Total,BSL,Baseline projections,PER,Person,SE,Sweden,2047,,11362553,,,,,
dataflow,ESTAT:PROJ_25NP(1.0),"Population on 1st January by age, sex and type of projection",A,Annual,T,Total,TOTAL,Total,BSL,Baseline projections,PER,Person,SE,Sweden,2048,,11395646,,,,,
dataflow,ESTAT:PROJ_25NP(1.0),"Population on 1st January by age, sex and type of projection",A,Annual,T,Total,TOTAL,Total,BSL,Baseline projections,PER,Person,SE,Sweden,2049,,11427373,,,,,
dataflow,ESTAT:PROJ_25NP(1.0),"Population on 1st January by age, sex and type of projection",A,Annual,T,Total,TOTAL,Total,BSL,Baseline projections,PER,Person,SE,Sweden,2050,,11457559,,,,,
dataflow,ESTAT:PROJ_25NP(1.0),"Population on 1st January by age, sex and type of projection",A,Annual,T,Total,TOTAL,Total,BSL,Baseline projections,PER,Person,SE,Sweden,2051,,11486269,,,,,
dataflow,ESTAT:PROJ_25NP(1.0),"Population on 1st January by age, sex and type of projection",A,Annual,T,Total,TOTAL,Total,BSL,Baseline projections,PER,Person,SE,Sweden,2052,,11513310,,,,,
dataflow,ESTAT:PROJ_25NP(1.0),"Population on 1st January by age, sex and type of projection",A,Annual,T,Total,TOTAL,Total,BSL,Baseline projections,PER,Person,SE,Sweden,2053,,11538538,,,,,
dataflow,ESTAT:PROJ_25NP(1.0),"Population on 1st January by age, sex and type of projection",A,Annual,T,Total,TOTAL,Total,BSL,Baseline projections,PER,Person,SE,Sweden,2054,,11562373,,,,,
dataflow,ESTAT:PROJ_25NP(1.0),"Population on 1st January by age, sex and type of projection",A,Annual,T,Total,TOTAL,Total,BSL,Baseline projections,PER,Person,SE,Sweden,2055,,11584352,,,,,
dataflow,ESTAT:PROJ_25NP(1.0),"Population on 1st January by age, sex and type of projection",A,Annual,T,Total,TOTAL,Total,BSL,Baseline projections,PER,Person,SE,Sweden,2056,,11604955,,,,,
dataflow,ESTAT:PROJ_25NP(1.0),"Population on 1st January by age, sex and type of projection",A,Annual,T,Total,TOTAL,Total,BSL,Baseline projections,PER,Person,SE,Sweden,2057,,11623414,,,,,
dataflow,ESTAT:PROJ_25NP(1.0),"Population on 1st January by age, sex and type of projection",A,Annual,T,Total,TOTAL,Total,BSL,Baseline projections,PER,Person,SE,Sweden,2058,,11639909,,,,,
dataflow,ESTAT:PROJ_25NP(1.0),"Population on 1st January by age, sex and type of projection",A,Annual,T,Total,TOTAL,Total,BSL,Baseline projections,PER,Person,SE,Sweden,2059,,11654358,,,,,
dataflow,ESTAT:PROJ_25NP(1.0),"Population on 1st January by age, sex and type of projection",A,Annual,T,Total,TOTAL,Total,BSL,Baseline projections,PER,Person,SE,Sweden,2060,,11667100,,,,,
dataflow,ESTAT:PROJ_25NP(1.0),"Population on 1st January by age, sex and type of projection",A,Annual,T,Total,TOTAL,Total,BSL,Baseline projections,PER,Person,SI,Slovenia,2026,,2134802,,,,,
dataflow,ESTAT:PROJ_25NP(1.0),"Population on 1st January by age, sex and type of projection",A,Annual,T,Total,TOTAL,Total,BSL,Baseline projections,PER,Person,SI,Slovenia,2027,,2136627,,,,,
dataflow,ESTAT:PROJ_25NP(1.0),"Population on 1st January by age, sex and type of projection",A,Annual,T,Total,TOTAL,Total,BSL,Baseline projections,PER,Person,SI,Slovenia,2028,,2137713,,,,,
dataflow,ESTAT:PROJ_25NP(1.0),"Population on 1st January by age, sex and type of projection",A,Annual,T,Total,TOTAL,Total,BSL,Baseline projections,PER,Person,SI,Slovenia,2029,,2138205,,,,,
dataflow,ESTAT:PROJ_25NP(1.0),"Population on 1st January by age, sex and type of projection",A,Annual,T,Total,TOTAL,Total,BSL,Baseline projections,PER,Person,SI,Slovenia,2030,,2138066,,,,,
dataflow,ESTAT:PROJ_25NP(1.0),"Population on 1st January by age, sex and type of projection",A,Annual,T,Total,TOTAL,Total,BSL,Baseline projections,PER,Person,SI,Slovenia,2031,,2137474,,,,,
dataflow,ESTAT:PROJ_25NP(1.0),"Population on 1st January by age, sex and type of projection",A,Annual,T,Total,TOTAL,Total,BSL,Baseline projections,PER,Person,SI,Slovenia,2032,,2136344,,,,,
dataflow,ESTAT:PROJ_25NP(1.0),"Population on 1st January by age, sex and type of projection",A,Annual,T,Total,TOTAL,Total,BSL,Baseline projections,PER,Person,SI,Slovenia,2033,,2135124,,,,,
dataflow,ESTAT:PROJ_25NP(1.0),"Population on 1st January by age, sex and type of projection",A,Annual,T,Total,TOTAL,Total,BSL,Baseline projections,PER,Person,SI,Slovenia,2034,,2133815,,,,,
dataflow,ESTAT:PROJ_25NP(1.0),"Population on 1st January by age, sex and type of projection",A,Annual,T,Total,TOTAL,Total,BSL,Baseline projections,PER,Person,SI,Slovenia,2035,,2132390,,,,,
dataflow,ESTAT:PROJ_25NP(1.0),"Population on 1st January by age, sex and type of projection",A,Annual,T,Total,TOTAL,Total,BSL,Baseline projections,PER,Person,SI,Slovenia,2036,,2130829,,,,,
dataflow,ESTAT:PROJ_25NP(1.0),"Population on 1st January by age, sex and type of projection",A,Annual,T,Total,TOTAL,Total,BSL,Baseline projections,PER,Person,SI,Slovenia,2037,,2129443,,,,,
dataflow,ESTAT:PROJ_25NP(1.0),"Population on 1st January by age, sex and type of projection",A,Annual,T,Total,TOTAL,Total,BSL,Baseline projections,PER,Person,SI,Slovenia,2038,,2128116,,,,,
dataflow,ESTAT:PROJ_25NP(1.0),"Population on 1st January by age, sex and type of projection",A,Annual,T,Total,TOTAL,Total,BSL,Baseline projections,PER,Person,SI,Slovenia,2039,,2126710,,,,,
dataflow,ESTAT:PROJ_25NP(1.0),"Population on 1st January by age, sex and type of projection",A,Annual,T,Total,TOTAL,Total,BSL,Baseline projections,PER,Person,SI,Slovenia,2040,,2125158,,,,,
dataflow,ESTAT:PROJ_25NP(1.0),"Population on 1st January by age, sex and type of projection",A,Annual,T,Total,TOTAL,Total,BSL,Baseline projections,PER,Person,SI,Slovenia,2041,,2123481,,,,,
dataflow,ESTAT:PROJ_25NP(1.0),"Population on 1st January by age, sex and type of projection",A,Annual,T,Total,TOTAL,Total,BSL,Baseline projections,PER,Person,SI,Slovenia,2042,,2121773,,,,,
dataflow,ESTAT:PROJ_25NP(1.0),"Population on 1st January by age, sex and type of projection",A,Annual,T,Total,TOTAL,Total,BSL,Baseline projections,PER,Person,SI,Slovenia,2043,,2119785,,,,,
dataflow,ESTAT:PROJ_25NP(1.0),"Population on 1st January by age, sex and type of projection",A,Annual,T,Total,TOTAL,Total,BSL,Baseline projections,PER,Person,SI,Slovenia,2044,,2117610,,,,,
dataflow,ESTAT:PROJ_25NP(1.0),"Population on 1st January by age, sex and type of projection",A,Annual,T,Total,TOTAL,Total,BSL,Baseline projections,PER,Person,SI,Slovenia,2045,,2115219,,,,,
dataflow,ESTAT:PROJ_25NP(1.0),"Population on 1st January by age, sex and type of projection",A,Annual,T,Total,TOTAL,Total,BSL,Baseline projections,PER,Person,SI,Slovenia,2046,,2112569,,,,,
dataflow,ESTAT:PROJ_25NP(1.0),"Population on 1st January by age, sex and type of projection",A,Annual,T,Total,TOTAL,Total,BSL,Baseline projections,PER,Person,SI,Slovenia,2047,,2109601,,,,,
dataflow,ESTAT:PROJ_25NP(1.0),"Population on 1st January by age, sex and type of projection",A,Annual,T,Total,TOTAL,Total,BSL,Baseline projections,PER,Person,SI,Slovenia,2048,,2106301,,,,,
dataflow,ESTAT:PROJ_25NP(1.0),"Population on 1st January by age, sex and type of projection",A,Annual,T,Total,TOTAL,Total,BSL,Baseline projections,PER,Person,SI,Slovenia,2049,,2102670,,,,,
dataflow,ESTAT:PROJ_25NP(1.0),"Population on 1st January by age, sex and type of projection",A,Annual,T,Total,TOTAL,Total,BSL,Baseline projections,PER,Person,SI,Slovenia,2050,,2098768,,,,,
dataflow,ESTAT:PROJ_25NP(1.0),"Population on 1st January by age, sex and type of projection",A,Annual,T,Total,TOTAL,Total,BSL,Baseline projections,PER,Person,SI,Slovenia,2051,,2094590,,,,,
dataflow,ESTAT:PROJ_25NP(1.0),"Population on 1st January by age, sex and type of projection",A,Annual,T,Total,TOTAL,Total,BSL,Baseline projections,PER,Person,SI,Slovenia,2052,,2090134,,,,,
dataflow,ESTAT:PROJ_25NP(1.0),"Population on 1st January by age, sex and type of projection",A,Annual,T,Total,TOTAL,Total,BSL,Baseline projections,PER,Person,SI,Slovenia,2053,,2085533,,,,,
dataflow,ESTAT:PROJ_25NP(1.0),"Population on 1st January by age, sex and type of projection",A,Annual,T,Total,TOTAL,Total,BSL,Baseline projections,PER,Person,SI,Slovenia,2054,,2080732,,,,,
dataflow,ESTAT:PROJ_25NP(1.0),"Population on 1st January by age, sex and type of projection",A,Annual,T,Total,TOTAL,Total,BSL,Baseline projections,PER,Person,SI,Slovenia,2055,,2075585,,,,,
dataflow,ESTAT:PROJ_25NP(1.0),"Population on 1st January by age, sex and type of projection",A,Annual,T,Total,TOTAL,Total,BSL,Baseline projections,PER,Person,SI,Slovenia,2056,,2070243,,,,,
dataflow,ESTAT:PROJ_25NP(1.0),"Population on 1st January by age, sex and type of projection",A,Annual,T,Total,TOTAL,Total,BSL,Baseline projections,PER,Person,SI,Slovenia,2057,,2064778,,,,,
dataflow,ESTAT:PROJ_25NP(1.0),"Population on 1st January by age, sex and type of projection",A,Annual,T,Total,TOTAL,Total,BSL,Baseline projections,PER,Person,SI,Slovenia,2058,,2059084,,,,,
dataflow,ESTAT:PROJ_25NP(1.0),"Population on 1st January by age, sex and type of projection",A,Annual,T,Total,TOTAL,Total,BSL,Baseline projections,PER,Person,SI,Slovenia,2059,,2053357,,,,,
dataflow,ESTAT:PROJ_25NP(1.0),"Population on 1st January by age, sex and type of projection",A,Annual,T,Total,TOTAL,Total,BSL,Baseline projections,PER,Person,SI,Slovenia,2060,,2047613,,,,,
dataflow,ESTAT:PROJ_25NP(1.0),"Population on 1st January by age, sex and type of projection",A,Annual,T,Total,TOTAL,Total,BSL,Baseline projections,PER,Person,SK,Slovakia,2026,,5540960,,,,,
dataflow,ESTAT:PROJ_25NP(1.0),"Population on 1st January by age, sex and type of projection",A,Annual,T,Total,TOTAL,Total,BSL,Baseline projections,PER,Person,SK,Slovakia,2027,,5523140,,,,,
dataflow,ESTAT:PROJ_25NP(1.0),"Population on 1st January by age, sex and type of projection",A,Annual,T,Total,TOTAL,Total,BSL,Baseline projections,PER,Person,SK,Slovakia,2028,,5504563,,,,,
dataflow,ESTAT:PROJ_25NP(1.0),"Population on 1st January by age, sex and type of projection",A,Annual,T,Total,TOTAL,Total,BSL,Baseline projections,PER,Person,SK,Slovakia,2029,,5485845,,,,,
dataflow,ESTAT:PROJ_25NP(1.0),"Population on 1st January by age, sex and type of projection",A,Annual,T,Total,TOTAL,Total,BSL,Baseline projections,PER,Person,SK,Slovakia,2030,,5466655,,,,,
dataflow,ESTAT:PROJ_25NP(1.0),"Population on 1st January by age, sex and type of projection",A,Annual,T,Total,TOTAL,Total,BSL,Baseline projections,PER,Person,SK,Slovakia,2031,,5446701,,,,,
dataflow,ESTAT:PROJ_25NP(1.0),"Population on 1st January by age, sex and type of projection",A,Annual,T,Total,TOTAL,Total,BSL,Baseline projections,PER,Person,SK,Slovakia,2032,,5426070,,,,,
dataflow,ESTAT:PROJ_25NP(1.0),"Population on 1st January by age, sex and type of projection",A,Annual,T,Total,TOTAL,Total,BSL,Baseline projections,PER,Person,SK,Slovakia,2033,,5404970,,,,,
dataflow,ESTAT:PROJ_25NP(1.0),"Population on 1st January by age, sex and type of projection",A,Annual,T,Total,TOTAL,Total,BSL,Baseline projections,PER,Person,SK,Slovakia,2034,,5383915,,,,,
dataflow,ESTAT:PROJ_25NP(1.0),"Population on 1st January by age, sex and type of projection",A,Annual,T,Total,TOTAL,Total,BSL,Baseline projections,PER,Person,SK,Slovakia,2035,,5363446,,,,,
dataflow,ESTAT:PROJ_25NP(1.0),"Population on 1st January by age, sex and type of projection",A,Annual,T,Total,TOTAL,Total,BSL,Baseline projections,PER,Person,SK,Slovakia,2036,,5342513,,,,,
dataflow,ESTAT:PROJ_25NP(1.0),"Population on 1st January by age, sex and type of projection",A,Annual,T,Total,TOTAL,Total,BSL,Baseline projections,PER,Person,SK,Slovakia,2037,,5324917,,,,,
dataflow,ESTAT:PROJ_25NP(1.0),"Population on 1st January by age, sex and type of projection",A,Annual,T,Total,TOTAL,Total,BSL,Baseline projections,PER,Person,SK,Slovakia,2038,,5307526,,,,,
dataflow,ESTAT:PROJ_25NP(1.0),"Population on 1st January by age, sex and type of projection",A,Annual,T,Total,TOTAL,Total,BSL,Baseline projections,PER,Person,SK,Slovakia,2039,,5290472,,,,,
dataflow,ESTAT:PROJ_25NP(1.0),"Population on 1st January by age, sex and type of projection",A,Annual,T,Total,TOTAL,Total,BSL,Baseline projections,PER,Person,SK,Slovakia,2040,,5273647,,,,,
dataflow,ESTAT:PROJ_25NP(1.0),"Population on 1st January by age, sex and type of projection",A,Annual,T,Total,TOTAL,Total,BSL,Baseline projections,PER,Person,SK,Slovakia,2041,,5256907,,,,,
dataflow,ESTAT:PROJ_25NP(1.0),"Population on 1st January by age, sex and type of projection",A,Annual,T,Total,TOTAL,Total,BSL,Baseline projections,PER,Person,SK,Slovakia,2042,,5240288,,,,,
dataflow,ESTAT:PROJ_25NP(1.0),"Population on 1st January by age, sex and type of projection",A,Annual,T,Total,TOTAL,Total,BSL,Baseline projections,PER,Person,SK,Slovakia,2043,,5223285,,,,,
dataflow,ESTAT:PROJ_25NP(1.0),"Population on 1st January by age, sex and type of projection",A,Annual,T,Total,TOTAL,Total,BSL,Baseline projections,PER,Person,SK,Slovakia,2044,,5205942,,,,,
dataflow,ESTAT:PROJ_25NP(1.0),"Population on 1st January by age, sex and type of projection",A,Annual,T,Total,TOTAL,Total,BSL,Baseline projections,PER,Person,SK,Slovakia,2045,,5188236,,,,,
dataflow,ESTAT:PROJ_25NP(1.0),"Population on 1st January by age, sex and type of projection",A,Annual,T,Total,TOTAL,Total,BSL,Baseline projections,PER,Person,SK,Slovakia,2046,,5169720,,,,,
dataflow,ESTAT:PROJ_25NP(1.0),"Population on 1st January by age, sex and type of projection",A,Annual,T,Total,TOTAL,Total,BSL,Baseline projections,PER,Person,SK,Slovakia,2047,,5150720,,,,,
dataflow,ESTAT:PROJ_25NP(1.0),"Population on 1st January by age, sex and type of projection",A,Annual,T,Total,TOTAL,Total,BSL,Baseline projections,PER,Person,SK,Slovakia,2048,,5131290,,,,,
dataflow,ESTAT:PROJ_25NP(1.0),"Population on 1st January by age, sex and type of projection",A,Annual,T,Total,TOTAL,Total,BSL,Baseline projections,PER,Person,SK,Slovakia,2049,,5111423,,,,,
dataflow,ESTAT:PROJ_25NP(1.0),"Population on 1st January by age, sex and type of projection",A,Annual,T,Total,TOTAL,Total,BSL,Baseline projections,PER,Person,SK,Slovakia,2050,,5091007,,,,,
dataflow,ESTAT:PROJ_25NP(1.0),"Population on 1st January by age, sex and type of projection",A,Annual,T,Total,TOTAL,Total,BSL,Baseline projections,PER,Person,SK,Slovakia,2051,,5070119,,,,,
dataflow,ESTAT:PROJ_25NP(1.0),"Population on 1st January by age, sex and type of projection",A,Annual,T,Total,TOTAL,Total,BSL,Baseline projections,PER,Person,SK,Slovakia,2052,,5048521,,,,,
dataflow,ESTAT:PROJ_25NP(1.0),"Population on 1st January by age, sex and type of projection",A,Annual,T,Total,TOTAL,Total,BSL,Baseline projections,PER,Person,SK,Slovakia,2053,,5026143,,,,,
dataflow,ESTAT:PROJ_25NP(1.0),"Population on 1st January by age, sex and type of projection",A,Annual,T,Total,TOTAL,Total,BSL,Baseline projections,PER,Person,SK,Slovakia,2054,,5003139,,,,,
dataflow,ESTAT:PROJ_25NP(1.0),"Population on 1st January by age, sex and type of projection",A,Annual,T,Total,TOTAL,Total,BSL,Baseline projections,PER,Person,SK,Slovakia,2055,,4979274,,,,,
dataflow,ESTAT:PROJ_25NP(1.0),"Population on 1st January by age, sex and type of projection",A,Annual,T,Total,TOTAL,Total,BSL,Baseline projections,PER,Person,SK,Slovakia,2056,,4954944,,,,,
dataflow,ESTAT:PROJ_25NP(1.0),"Population on 1st January by age, sex and type of projection",A,Annual,T,Total,TOTAL,Total,BSL,Baseline projections,PER,Person,SK,Slovakia,2057,,4929936,,,,,
dataflow,ESTAT:PROJ_25NP(1.0),"Population on 1st January by age, sex and type of projection",A,Annual,T,Total,TOTAL,Total,BSL,Baseline projections,PER,Person,SK,Slovakia,2058,,4904078,,,,,
dataflow,ESTAT:PROJ_25NP(1.0),"Population on 1st January by age, sex and type of projection",A,Annual,T,Total,TOTAL,Total,BSL,Baseline projections,PER,Person,SK,Slovakia,2059,,4877650,,,,,
dataflow,ESTAT:PROJ_25NP(1.0),"Population on 1st January by age, sex and type of projection",A,Annual,T,Total,TOTAL,Total,BSL,Baseline projections,PER,Person,SK,Slovakia,2060,,4850265,,,,,
