STRUCTURE,STRUCTURE_ID,STRUCTURE_NAME,freq,Time frequency,unit,Unit of measure,age,Age class,sex,Sex,geo,Geopolitical entity (reporting),TIME_PERIOD,Time,OBS_VALUE,Observation value,OBS_FLAG,Observation status (Flag) V2 structure,CONF_STATUS,Confidentiality status (flag)
dataflow,ESTAT:DEMO_PJAN(1.0),Population on 1 January by age and sex,A,Annual,NR,Number,TOTAL,Total,T,Total,AD,Andorra,1990,,50887,,,,,
dataflow,ESTAT:DEMO_PJAN(1.0),Population on 1 January by age and sex,A,Annual,NR,Number,TOTAL,Total,T,Total,AD,Andorra,1991,,54507,,,,,
dataflow,ESTAT:DEMO_PJAN(1.0),Population on 1 January by age and sex,A,Annual,NR,Number,TOTAL,Total,T,Total,AD,Andorra,1992,,59048,,,,,
dataflow,ESTAT:DEMO_PJAN(1.0),Population on 1 January by age and sex,A,Annual,NR,Number,TOTAL,Total,T,Total,AD,Andorra,1993,,61599,,,,,
dataflow,ESTAT:DEMO_PJAN(1.0),Population on 1 January by age and sex,A,Annual,NR,Number,TOTAL,Total,T,Total,AD,Andorra,1994,,65226,,,,,
dataflow,ESTAT:DEMO_PJAN(1.0),Population on 1 January by age and sex,A,Annual,NR,Number,TOTAL,Total,T,Total,AD,Andorra,1995,,64311,,,,,
dataflow,ESTAT:DEMO_PJAN(1.0),Population on 1 January by age and sex,A,Annual,NR,Number,TOTAL,Total,T,Total,AD,Andorra,1996,,63859,,,,,
dataflow,ESTAT:DEMO_PJAN(1.0),Population on 1 January by age and sex,A,Annual,NR,Number,TOTAL,Total,T,Total,AD,Andorra,1997,,64479,,,,,
dataflow,ESTAT:DEMO_PJAN(1.0),Population on 1 January by age and sex,A,Annual,NR,Number,TOTAL,Total,T,Total,AD,Andorra,1998,,65306,,,,,
dataflow,ESTAT:DEMO_PJAN(1.0),Population on 1 January by age and sex,A,Annual,NR,Number,TOTAL,Total,T,Total,AD,Andorra,1999,,65877,,,,,
dataflow,ESTAT:DEMO_PJAN(1.0),Population on 1 January by age and sex,A,Annual,NR,Number,TOTAL,Total,T,Total,AD,Andorra,2000,,65971,,,,,
dataflow,ESTAT:DEMO_PJAN(1.0),Population on 1 January by age and sex,A,Annual,NR,Number,TOTAL,Total,T,Total,AD,Andorra,2001,,65844,,,,,
dataflow,ESTAT:DEMO_PJAN(1.0),Population on 1 January by age and sex,A,Annual,NR,Number,TOTAL,Total,T,Total,AD,Andorra,2002,,66334,,,,,
dataflow,ESTAT:DEMO_PJAN(1.0),Population on 1 January by age and sex,A,Annual,NR,Number,TOTAL,Total,T,Total,AD,Andorra,2003,,67159,,,,,
dataflow,ESTAT:DEMO_PJAN(1.0),Population on 1 January by age and sex,A,Annual,NR,Number,TOTAL,Total,T,Total,AD,Andorra,2004,,72320,,,,,
dataflow,ESTAT:DEMO_PJAN(1.0),Population on 1 January by age and sex,A,Annual,NR,Number,TOTAL,Total,T,Total,AD,Andorra,2005,,76875,,,,,
dataflow,ESTAT:DEMO_PJAN(1.0),Population on 1 January by age and sex,A,Annual,NR,Number,TOTAL,Total,T,Total,AD,Andorra,2006,,78549,,,,,
dataflow,ESTAT:DEMO_PJAN(1.0),Population on 1 January by age and sex,A,Annual,NR,Number,TOTAL,Total,T,Total,AD,Andorra,2007,,81222,,,,,
dataflow,ESTAT:DEMO_PJAN(1.0),Population on 1 January by age and sex,A,Annual,NR,Number,TOTAL,Total,T,Total,AD,Andorra,2008,,83137,,,,,
dataflow,ESTAT:DEMO_PJAN(1.0),Population on 1 January by age and sex,A,Annual,NR,Number,TOTAL,Total,T,Total,AD,Andorra,2009,,84484,,,,,
dataflow,ESTAT:DEMO_PJAN(1.0),Population on 1 January by age and sex,A,Annual,NR,Number,TOTAL,Total,T,Total,AD,Andorra,2010,,84082,,,,,
dataflow,ESTAT:DEMO_PJAN(1.0),Population on 1 January by age and sex,A,Annual,NR,Number,TOTAL,Total,T,Total,AD,Andorra,2011,,78115,,,,,
dataflow,ESTAT:DEMO_PJAN(1.0),Population on 1 January by age and sex,A,Annual,NR,Number,TOTAL,Total,T,Total,AD,Andorra,2012,,78115,,,,,
dataflow,ESTAT:DEMO_PJAN(1.0),Population on 1 January by age and sex,A,Annual,NR,Number,TOTAL,Total,T,Total,AD,Andorra,2013,,76246,,,,,
dataflow,ESTAT:DEMO_PJAN(1.0),Population on 1 January by age and sex,A,Annual,NR,Number,TOTAL,Total,T,Total,AD,Andorra,2019,,76177,,,,,
dataflow,ESTAT:DEMO_PJAN(1.0),Population on 1 January by age and sex,A,Annual,NR,Number,TOTAL,Total,T,Total,AL,Albania,1990,,3286500,,,,,
dataflow,ESTAT:DEMO_PJAN(1.0),Population on 1 January by age and sex,A,Annual,NR,Number,TOTAL,Total,T,Total,AL,Albania,1991,,3259814,,,,,
dataflow,ESTAT:DEMO_PJAN(1.0),Population on 1 January by age and sex,A,Annual,NR,Number,TOTAL,Total,T,Total,AL,Albania,1992,,3190103,,,,,
dataflow,ESTAT:DEMO_PJAN(1.0),Population on 1 January by age and sex,A,Annual,NR,Number,TOTAL,Total,T,Total,AL,Albania,1993,,3167478,,,,,
dataflow,ESTAT:DEMO_PJAN(1.0),Population on 1 January by age and sex,A,Annual,NR,Number,TOTAL,Total,T,Total,AL,Albania,1994,,3220310,,,,,
dataflow,ESTAT:DEMO_PJAN(1.0),Population on 1 January by age and sex,A,Annual,NR,Number,TOTAL,Total,T,Total,AL,Albania,1995,,3248836,,,,,
dataflow,ESTAT:DEMO_PJAN(1.0),Population on 1 January by age and sex,A,Annual,NR,Number,TOTAL,Total,T,Total,AL,Albania,1996,,3283000,,,,,
dataflow,ESTAT:DEMO_PJAN(1.0),Population on 1 January by age and sex,A,Annual,NR,Number,TOTAL,Total,T,Total,AL,Albania,1997,,3324317,,,,,
dataflow,ESTAT:DEMO_PJAN(1.0),Population on 1 January by age and sex,A,Annual,NR,Number,TOTAL,Total,T,Total,AL,Albania,1998,,3354341,,,,,
dataflow,ESTAT:DEMO_PJAN(1.0),Population on 1 January by age and sex,A,Annual,NR,Number,TOTAL,Total,T,Total,AL,Albania,1999,,3373445,,,,,
dataflow,ESTAT:DEMO_PJAN(1.0),Population on 1 January by age and sex,A,Annual,NR,Number,TOTAL,Total,T,Total,AL,Albania,2000,,3058497,,,,,
dataflow,ESTAT:DEMO_PJAN(1.0),Population on 1 January by age and sex,A,Annual,NR,Number,TOTAL,Total,T,Total,AL,Albania,2001,,3063318,,,,,
dataflow,ESTAT:DEMO_PJAN(1.0),Population on 1 January by age and sex,A,Annual,NR,Number,TOTAL,Total,T,Total,AL,Albania,2002,,3057018,,,,,
dataflow,ESTAT:DEMO_PJAN(1.0),Population on 1 January by age and sex,A,Annual,NR,Number,TOTAL,Total,T,Total,AL,Albania,2003,,3044993,,,,,
dataflow,ESTAT:DEMO_PJAN(1.0),Population on 1 January by age and sex,A,Annual,NR,Number,TOTAL,Total,T,Total,AL,Albania,2004,,3034231,,,,,
dataflow,ESTAT:DEMO_PJAN(1.0),Population on 1 January by age and sex,A,Annual,NR,Number,TOTAL,Total,T,Total,AL,Albania,2005,,3019634,,,,,
dataflow,ESTAT:DEMO_PJAN(1.0),Population on 1 January by age and sex,A,Annual,NR,Number,TOTAL,Total,T,Total,AL,Albania,2006,,3003329,,,,,
dataflow,ESTAT:DEMO_PJAN(1.0),Population on 1 January by age and sex,A,Annual,NR,Number,TOTAL,Total,T,Total,AL,Albania,2007,,2981755,,,,,
dataflow,ESTAT:DEMO_PJAN(1.0),Population on 1 January by age and sex,A,Annual,NR,Number,TOTAL,Total,T,Total,AL,Albania,2008,,2958266,,,,,
dataflow,ESTAT:DEMO_PJAN(1.0),Population on 1 January by age and sex,A,Annual,NR,Number,TOTAL,Total,T,Total,AL,Albania,2009,,2936355,,,,,
dataflow,ESTAT:DEMO_PJAN(1.0),Population on 1 January by age and sex,A,Annual,NR,Number,TOTAL,Total,T,Total,AL,Albania,2010,,2918674,,,,,
dataflow,ESTAT:DEMO_PJAN(1.0),Population on 1 January by age and sex,A,Annual,NR,Number,TOTAL,Total,T,Total,AL,Albania,2011,,2907361,,,,,
dataflow,ESTAT:DEMO_PJAN(1.0),Population on 1 January by age and sex,A,Annual,NR,Number,TOTAL,Total,T,Total,AL,Albania,2012,,2903008,,,,,
dataflow,ESTAT:DEMO_PJAN(1.0),Population on 1 January by age and sex,A,Annual,NR,Number,TOTAL,Total,T,Total,AL,Albania,2013,,2897770,,,,,
dataflow,ESTAT:DEMO_PJAN(1.0),Population on 1 January by age and sex,A,Annual,NR,Number,TOTAL,Total,T,Total,AL,Albania,2014,,2892394,,,,,
dataflow,ESTAT:DEMO_PJAN(1.0),Population on 1 January by age and sex,A,Annual,NR,Number,TOTAL,Total,T,Total,AL,Albania,2015,,2885796,,,,,
dataflow,ESTAT:DEMO_PJAN(1.0),Population on 1 January by age and sex,A,Annual,NR,Number,TOTAL,Total,T,Total,AL,Albania,2016,,2875592,,,,,
dataflow,ESTAT:DEMO_PJAN(1.0),Population on 1 January by age and sex,A,Annual,NR,Number,TOTAL,Total,T,Total,AL,Albania,2017,,2876591,,,,,
dataflow,ESTAT:DEMO_PJAN(1.0),Population on 1 January by age and sex,A,Annual,NR,Number,TOTAL,Total,T,Total,AL,Albania,2018,,2870324,,,,,
dataflow,ESTAT:DEMO_PJAN(1.0),Population on 1 January by age and sex,A,Annual,NR,Number,TOTAL,Total,T,Total,AL,Albania,2019,,2862427,,,,,
dataflow,ESTAT:DEMO_PJAN(1.0),Population on 1 January by age and sex,A,Annual,NR,Number,TOTAL,Total,T,Total,AL,Albania,2020,,2845955,,,,,
dataflow,ESTAT:DEMO_PJAN(1.0),Population on 1 January by age and sex,A,Annual,NR,Number,TOTAL,Total,T,Total,AL,Albania,2021,,2829741,,,,,
dataflow,ESTAT:DEMO_PJAN(1.0),Population on 1 January by age and sex,A,Annual,NR,Number,TOTAL,Total,T,Total,AL,Albania,2022,,2793592,,,,,
dataflow,ESTAT:DEMO_PJAN(1.0),Population on 1 January by age and sex,A,Annual,NR,Number,TOTAL,Total,T,Total,AL,Albania,2023,,2761785,,,,,
dataflow,ESTAT:DEMO_PJAN(1.0),Population on 1 January by age and sex,A,Annual,NR,Number,TOTAL,Total,T,Total,AL,Albania,2025,,2363314,,,,,
dataflow,ESTAT:DEMO_PJAN(1.0),Population on 1 January by age and sex,A,Annual,NR,Number,TOTAL,Total,T,Total,AM,Armenia,2000,,3226900,,,,,
dataflow,ESTAT:DEMO_PJAN(1.0),Population on 1 January by age and sex,A,Annual,NR,Number,TOTAL,Total,T,Total,AM,Armenia,2001,,3215300,,,,,
dataflow,ESTAT:DEMO_PJAN(1.0),Population on 1 January by age and sex,A,Annual,NR,Number,TOTAL,Total,T,Total,AM,Armenia,2002,,3212900,,,,,
dataflow,ESTAT:DEMO_PJAN(1.0),Population on 1 January by age and sex,A,Annual,NR,Number,TOTAL,Total,T,Total,AM,Armenia,2003,,3210300,,,,,
dataflow,ESTAT:DEMO_PJAN(1.0),Population on 1 January by age and sex,A,Annual,NR,Number,TOTAL,Total,T,Total,AM,Armenia,2004,,3212200,,,,,
dataflow,ESTAT:DEMO_PJAN(1.0),Population on 1 January by age and sex,A,Annual,NR,Number,TOTAL,Total,T,Total,AM,Armenia,2005,,3215800,,,,,
dataflow,ESTAT:DEMO_PJAN(1.0),Population on 1 January by age and sex,A,Annual,NR,Number,TOTAL,Total,T,Total,AM,Armenia,2006,,3219234,,,,,
dataflow,ESTAT:DEMO_PJAN(1.0),Population on 1 January by age and sex,A,Annual,NR,Number,TOTAL,Total,T,Total,AM,Armenia,2007,,3222953,,,,,
dataflow,ESTAT:DEMO_PJAN(1.0),Population on 1 January by age and sex,A,Annual,NR,Number,TOTAL,Total,T,Total,AM,Armenia,2008,,3230086,,,,,
dataflow,ESTAT:DEMO_PJAN(1.0),Population on 1 January by age and sex,A,Annual,NR,Number,TOTAL,Total,T,Total,AM,Armenia,2009,,3237976,,,,,
dataflow,ESTAT:DEMO_PJAN(1.0),Population on 1 January by age and sex,A,Annual,NR,Number,TOTAL,Total,T,Total,AM,Armenia,2010,,3249482,,,,,
dataflow,ESTAT:DEMO_PJAN(1.0),Population on 1 January by age and sex,A,Annual,NR,Number,TOTAL,Total,T,Total,AM,Armenia,2011,,3262650,,,,,
dataflow,ESTAT:DEMO_PJAN(1.0),Population on 1 January by age and sex,A,Annual,NR,Number,TOTAL,Total,T,Total,AM,Armenia,2012,,3274285,,,,,
dataflow,ESTAT:DEMO_PJAN(1.0),Population on 1 January by age and sex,A,Annual,NR,Number,TOTAL,Total,T,Total,AM,Armenia,2015,,3010598,,,,,
dataflow,ESTAT:DEMO_PJAN(1.0),Population on 1 January by age and sex,A,Annual,NR,Number,TOTAL,Total,T,Total,AM,Armenia,2016,,2998577,,,,,
dataflow,ESTAT:DEMO_PJAN(1.0),Population on 1 January by age and sex,A,Annual,NR,Number,TOTAL,Total,T,Total,AM,Armenia,2017,,2986151,,,,,
dataflow,ESTAT:DEMO_PJAN(1.0),Population on 1 January by age and sex,A,Annual,NR,Number,TOTAL,Total,T,Total,AM,Armenia,2018,,2972732,,,,,
dataflow,ESTAT:DEMO_PJAN(1.0),Population on 1 January by age and sex,A,Annual,NR,Number,TOTAL,Total,T,Total,AM,Armenia,2019,,2965269,,,,,
dataflow,ESTAT:DEMO_PJAN(1.0),Population on 1 January by age and sex,A,Annual,NR,Number,TOTAL,Total,T,Total,AM,Armenia,2020,,2959694,,,,,
dataflow,ESTAT:DEMO_PJAN(1.0),Population on 1 January by age and sex,A,Annual,NR,Number,TOTAL,Total,T,Total,AM,Armenia,2021,,2963251,,,,,
dataflow,ESTAT:DEMO_PJAN(1.0),Population on 1 January by age and sex,A,Annual,NR,Number,TOTAL,Total,T,Total,AM,Armenia,2023,,2977130,,,,,
dataflow,ESTAT:DEMO_PJAN(1.0),Population on 1 January by age and sex,A,Annual,NR,Number,TOTAL,Total,T,Total,AM,Armenia,2024,,2991201,,,,,
dataflow,ESTAT:DEMO_PJAN(1.0),Population on 1 January by age and sex,A,Annual,NR,Number,TOTAL,Total,T,Total,AT,Austria,1990,,7644818,,,,,
dataflow,ESTAT:DEMO_PJAN(1.0),Population on 1 January by age and sex,A,Annual,NR,Number,TOTAL,Total,T,Total,AT,Austria,1991,,7710882,,,,,
dataflow,ESTAT:DEMO_PJAN(1.0),Population on 1 January by age and sex,A,Annual,NR,Number,TOTAL,Total,T,Total,AT,Austria,1992,,7798899,,,,,
dataflow,ESTAT:DEMO_PJAN(1.0),Population on 1 January by age and sex,A,Annual,NR,Number,TOTAL,Total,T,Total,AT,Austria,1993,,7882519,,,,,
dataflow,ESTAT:DEMO_PJAN(1.0),Population on 1 January by age and sex,A,Annual,NR,Number,TOTAL,Total,T,Total,AT,Austria,1994,,7928746,,,,,
dataflow,ESTAT:DEMO_PJAN(1.0),Population on 1 January by age and sex,A,Annual,NR,Number,TOTAL,Total,T,Total,AT,Austria,1995,,7943489,,,,,
dataflow,ESTAT:DEMO_PJAN(1.0),Population on 1 January by age and sex,A,Annual,NR,Number,TOTAL,Total,T,Total,AT,Austria,1996,,7953067,,,,,
dataflow,ESTAT:DEMO_PJAN(1.0),Population on 1 January by age and sex,A,Annual,NR,Number,TOTAL,Total,T,Total,AT,Austria,1997,,7964966,,,,,
dataflow,ESTAT:DEMO_PJAN(1.0),Population on 1 January by age and sex,A,Annual,NR,Number,TOTAL,Total,T,Total,AT,Austria,1998,,7971116,,,,,
dataflow,ESTAT:DEMO_PJAN(1.0),Population on 1 January by age and sex,A,Annual,NR,Number,TOTAL,Total,T,Total,AT,Austria,1999,,7982461,,,,,
dataflow,ESTAT:DEMO_PJAN(1.0),Population on 1 January by age and sex,A,Annual,NR,Number,TOTAL,Total,T,Total,AT,Austria,2000,,8002186,,,,,
dataflow,ESTAT:DEMO_PJAN(1.0),Population on 1 January by age and sex,A,Annual,NR,Number,TOTAL,Total,T,Total,AT,Austria,2001,,8020946,,,,,
dataflow,ESTAT:DEMO_PJAN(1.0),Population on 1 January by age and sex,A,Annual,NR,Number,TOTAL,Total,T,Total,AT,Austria,2002,,8063640,,,,,
dataflow,ESTAT:DEMO_PJAN(1.0),Population on 1 January by age and sex,A,Annual,NR,Number,TOTAL,Total,T,Total,AT,Austria,2003,,8100273,,,,,
dataflow,ESTAT:DEMO_PJAN(1.0),Population on 1 January by age and sex,A,Annual,NR,Number,TOTAL,Total,T,Total,AT,Austria,2004,,8142573,,,,,
dataflow,ESTAT:DEMO_PJAN(1.0),Population on 1 January by age and sex,A,Annual,NR,Number,TOTAL,Total,T,Total,AT,Austria,2005,,8201359,,,,,
dataflow,ESTAT:DEMO_PJAN(1.0),Population on 1 January by age and sex,A,Annual,NR,Number,TOTAL,Total,T,Total,AT,Austria,2006,,8254298,,,,,
dataflow,ESTAT:DEMO_PJAN(1.0),Population on 1 January by age and sex,A,Annual,NR,Number,TOTAL,Total,T,Total,AT,Austria,2007,,8282984,,,,,
dataflow,ESTAT:DEMO_PJAN(1.0),Population on 1 January by age and sex,A,Annual,NR,Number,TOTAL,Total,T,Total,AT,Austria,2008,,8307989,,,,,
dataflow,ESTAT:DEMO_PJAN(1.0),Population on 1 January by age and sex,A,Annual,NR,Number,TOTAL,Total,T,Total,AT,Austria,2009,,8335003,,,,,
dataflow,ESTAT:DEMO_PJAN(1.0),Population on 1 January by age and sex,A,Annual,NR,Number,TOTAL,Total,T,Total,AT,Austria,2010,,8351643,,,,,
dataflow,ESTAT:DEMO_PJAN(1.0),Population on 1 January by age and sex,A,Annual,NR,Number,TOTAL,Total,T,Total,AT,Austria,2011,,8375164,,,,,
dataflow,ESTAT:DEMO_PJAN(1.0),Population on 1 January by age and sex,A,Annual,NR,Number,TOTAL,Total,T,Total,AT,Austria,2012,,8408121,,,,,
dataflow,ESTAT:DEMO_PJAN(1.0),Population on 1 January by age and sex,A,Annual,NR,Number,TOTAL,Total,T,Total,AT,Austria,2013,,8451860,,,,,
dataflow,ESTAT:DEMO_PJAN(1.0),Population on 1 January by age and sex,A,Annual,NR,Number,TOTAL,Total,T,Total,AT,Austria,2014,,8507786,,,,,
dataflow,ESTAT:DEMO_PJAN(1.0),Population on 1 January by age and sex,A,Annual,NR,Number,TOTAL,Total,T,Total,AT,Austria,2015,,8584926,,,,,
dataflow,ESTAT:DEMO_PJAN(1.0),Population on 1 January by age and sex,A,Annual,NR,Number,TOTAL,Total,T,Total,AT,Austria,2016,,8700471,,,,,
dataflow,ESTAT:DEMO_PJAN(1.0),Population on 1 January by age and sex,A,Annual,NR,Number,TOTAL,Total,T,Total,AT,Austria,2017,,8772865,,,,,
dataflow,ESTAT:DEMO_PJAN(1.0),Population on 1 January by age and sex,A,Annual,NR,Number,TOTAL,Total,T,Total,AT,Austria,2018,,8822267,,,,,
dataflow,ESTAT:DEMO_PJAN(1.0),Population on 1 January by age and sex,A,Annual,NR,Number,TOTAL,Total,T,Total,AT,Austria,2019,,8858775,,,,,
dataflow,ESTAT:DEMO_PJAN(1.0),Population on 1 January by age and sex,A,Annual,NR,Number,TOTAL,Total,T,Total,AT,Austria,2020,,8901064,,,,,
dataflow,ESTAT:DEMO_PJAN(1.0),Population on 1 January by age and sex,A,Annual,NR,Number,TOTAL,Total,T,Total,AT,Austria,2021,,8932664,,,,,
dataflow,ESTAT:DEMO_PJAN(1.0),Population on 1 January by age and sex,A,Annual,NR,Number,TOTAL,Total,T,Total,AT,Austria,2022,,8978929,,,,,
dataflow,ESTAT:DEMO_PJAN(1.0),Population on 1 January by age and sex,A,Annual,NR,Number,TOTAL,Total,T,Total,AT,Austria,2023,,9104772,,,,,
dataflow,ESTAT:DEMO_PJAN(1.0),Population on 1 January by age and sex,A,Annual,NR,Number,TOTAL,Total,T,Total,AT,Austria,2024,,9158750,,,,,
dataflow,ESTAT:DEMO_PJAN(1.0),Population on 1 January by age and sex,A,Annual,NR,Number,TOTAL,Total,T,Total,AT,Austria,2025,,9197213,,,,,
dataflow,ESTAT:DEMO_PJAN(1.0),Population on 1 January by age and sex,A,Annual,NR,Number,TOTAL,Total,T,Total,AZ,Azerbaijan,2000,,8016200,,,,,
dataflow,ESTAT:DEMO_PJAN(1.0),Population on 1 January by age and sex,A,Annual,NR,Number,TOTAL,Total,T,Total,AZ,Azerbaijan,2001,,8081000,,,,,
dataflow,ESTAT:DEMO_PJAN(1.0),Population on 1 January by age and sex,A,Annual,NR,Number,TOTAL,Total,T,Total,AZ,Azerbaijan,2002,,8141400,,,,,
dataflow,ESTAT:DEMO_PJAN(1.0),Population on 1 January by age and sex,A,Annual,NR,Number,TOTAL,Total,T,Total,AZ,Azerbaijan,2003,,8202500,,,,,
dataflow,ESTAT:DEMO_PJAN(1.0),Population on 1 January by age and sex,A,Annual,NR,Number,TOTAL,Total,T,Total,AZ,Azerbaijan,2004,,8265700,,,,,
dataflow,ESTAT:DEMO_PJAN(1.0),Population on 1 January by age and sex,A,Annual,NR,Number,TOTAL,Total,T,Total,AZ,Azerbaijan,2005,,8347300,,,,,
dataflow,ESTAT:DEMO_PJAN(1.0),Population on 1 January by age and sex,A,Annual,NR,Number,TOTAL,Total,T,Total,AZ,Azerbaijan,2006,,8436400,,,,,
dataflow,ESTAT:DEMO_PJAN(1.0),Population on 1 January by age and sex,A,Annual,NR,Number,TOTAL,Total,T,Total,AZ,Azerbaijan,2007,,8532700,,,,,
dataflow,ESTAT:DEMO_PJAN(1.0),Population on 1 January by age and sex,A,Annual,NR,Number,TOTAL,Total,T,Total,AZ,Azerbaijan,2008,,8629900,,,,,
dataflow,ESTAT:DEMO_PJAN(1.0),Population on 1 January by age and sex,A,Annual,NR,Number,TOTAL,Total,T,Total,AZ,Azerbaijan,2009,,8896900,,,,,
dataflow,ESTAT:DEMO_PJAN(1.0),Population on 1 January by age and sex,A,Annual,NR,Number,TOTAL,Total,T,Total,AZ,Azerbaijan,2010,,8997586,,,,,
dataflow,ESTAT:DEMO_PJAN(1.0),Population on 1 January by age and sex,A,Annual,NR,Number,TOTAL,Total,T,Total,AZ,Azerbaijan,2011,,9111078,,,,,
dataflow,ESTAT:DEMO_PJAN(1.0),Population on 1 January by age and sex,A,Annual,NR,Number,TOTAL,Total,T,Total,AZ,Azerbaijan,2012,,9235085,,,,,
dataflow,ESTAT:DEMO_PJAN(1.0),Population on 1 January by age and sex,A,Annual,NR,Number,TOTAL,Total,T,Total,AZ,Azerbaijan,2013,,9356483,,,,,
dataflow,ESTAT:DEMO_PJAN(1.0),Population on 1 January by age and sex,A,Annual,NR,Number,TOTAL,Total,T,Total,AZ,Azerbaijan,2014,,9477119,,,,,
dataflow,ESTAT:DEMO_PJAN(1.0),Population on 1 January by age and sex,A,Annual,NR,Number,TOTAL,Total,T,Total,AZ,Azerbaijan,2015,,9593038,,,,,
dataflow,ESTAT:DEMO_PJAN(1.0),Population on 1 January by age and sex,A,Annual,NR,Number,TOTAL,Total,T,Total,AZ,Azerbaijan,2016,,9705643,,,,,
dataflow,ESTAT:DEMO_PJAN(1.0),Population on 1 January by age and sex,A,Annual,NR,Number,TOTAL,Total,T,Total,AZ,Azerbaijan,2017,,9809981,,,,,
dataflow,ESTAT:DEMO_PJAN(1.0),Population on 1 January by age and sex,A,Annual,NR,Number,TOTAL,Total,T,Total,AZ,Azerbaijan,2018,,9898085,,,,,
dataflow,ESTAT:DEMO_PJAN(1.0),Population on 1 January by age and sex,A,Annual,NR,Number,TOTAL,Total,T,Total,AZ,Azerbaijan,2019,,9981457,,,,,
dataflow,ESTAT:DEMO_PJAN(1.0),Population on 1 January by age and sex,A,Annual,NR,Number,TOTAL,Total,T,Total,AZ,Azerbaijan,2020,,10067108,,,,,
dataflow,ESTAT:DEMO_PJAN(1.0),Population on 1 January by age and sex,A,Annual,NR,Number,TOTAL,Total,T,Total,AZ,Azerbaijan,2021,,10119133,,,,,
dataflow,ESTAT:DEMO_PJAN(1.0),Population on 1 January by age and sex,A,Annual,NR,Number,TOTAL,Total,T,Total,AZ,Azerbaijan,2022,,10156366,,,,,
dataflow,ESTAT:DEMO_PJAN(1.0),Population on 1 January by age and sex,A,Annual,NR,Number,TOTAL,Total,T,Total,AZ,Azerbaijan,2023,,10127145,,,,,
dataflow,ESTAT:DEMO_PJAN(1.0),Population on 1 January by age and sex,A,Annual,NR,Number,TOTAL,Total,T,Total,AZ,Azerbaijan,2024,,10180770,,,,,
dataflow,ESTAT:DEMO_PJAN(1.0),Population on 1 January by age and sex,A,Annual,NR,Number,TOTAL,Total,T,Total,AZ,Azerbaijan,2025,,10224889,,,,,
dataflow,ESTAT:DEMO_PJAN(1.0),Population on 1 January by age and sex,A,Annual,NR,Number,TOTAL,Total,T,Total,BA,Bosnia and Herzegovina,1990,,4499203,,,,,
dataflow,ESTAT:DEMO_PJAN(1.0),Population on 1 January by age and sex,A,Annual,NR,Number,TOTAL,Total,T,Total,BA,Bosnia and Herzegovina,1991,,4517921,,,,,
dataflow,ESTAT:DEMO_PJAN(1.0),Population on 1 January by age and sex,A,Annual,NR,Number,TOTAL,Total,T,Total,BA,Bosnia and Herzegovina,1997,,3727439,,,,,
dataflow,ESTAT:DEMO_PJAN(1.0),Population on 1 January by age and sex,A,Annual,NR,Number,TOTAL,Total,T,Total,BA,Bosnia and Herzegovina,1998,,3549736,,,,,
dataflow,ESTAT:DEMO_PJAN(1.0),Population on 1 January by age and sex,A,Annual,NR,Number,TOTAL,Total,T,Total,BA,Bosnia and Herzegovina,2000,,3753085,,e,estimated,,
dataflow,ESTAT:DEMO_PJAN(1.0),Population on 1 January by age and sex,A,Annual,NR,Number,TOTAL,Total,T,Total,BA,Bosnia and Herzegovina,2001,,3789717,,e,estimated,,
dataflow,ESTAT:DEMO_PJAN(1.0),Population on 1 January by age and sex,A,Annual,NR,Number,TOTAL,Total,T,Total,BA,Bosnia and Herzegovina,2002,,3813167,,e,estimated,,
dataflow,ESTAT:DEMO_PJAN(1.0),Population on 1 January by age and sex,A,Annual,NR,Number,TOTAL,Total,T,Total,BA,Bosnia and Herzegovina,2003,,3830349,,e,estimated,,
dataflow,ESTAT:DEMO_PJAN(1.0),Population on 1 January by age and sex,A,Annual,NR,Number,TOTAL,Total,T,Total,BA,Bosnia and Herzegovina,2004,,3837414,,e,estimated,,
dataflow,ESTAT:DEMO_PJAN(1.0),Population on 1 January by age and sex,A,Annual,NR,Number,TOTAL,Total,T,Total,BA,Bosnia and Herzegovina,2005,,3842532,,e,estimated,,
dataflow,ESTAT:DEMO_PJAN(1.0),Population on 1 January by age and sex,A,Annual,NR,Number,TOTAL,Total,T,Total,BA,Bosnia and Herzegovina,2006,,3842650,,,,,
dataflow,ESTAT:DEMO_PJAN(1.0),Population on 1 January by age and sex,A,Annual,NR,Number,TOTAL,Total,T,Total,BA,Bosnia and Herzegovina,2007,,3844017,,,,,
dataflow,ESTAT:DEMO_PJAN(1.0),Population on 1 January by age and sex,A,Annual,NR,Number,TOTAL,Total,T,Total,BA,Bosnia and Herzegovina,2008,,3843846,,,,,
dataflow,ESTAT:DEMO_PJAN(1.0),Population on 1 January by age and sex,A,Annual,NR,Number,TOTAL,Total,T,Total,BA,Bosnia and Herzegovina,2009,,3843998,,,,,
dataflow,ESTAT:DEMO_PJAN(1.0),Population on 1 January by age and sex,A,Annual,NR,Number,TOTAL,Total,T,Total,BA,Bosnia and Herzegovina,2010,,3844046,,,,,
dataflow,ESTAT:DEMO_PJAN(1.0),Population on 1 January by age and sex,A,Annual,NR,Number,TOTAL,Total,T,Total,BA,Bosnia and Herzegovina,2011,,3843183,,,,,
dataflow,ESTAT:DEMO_PJAN(1.0),Population on 1 January by age and sex,A,Annual,NR,Number,TOTAL,Total,T,Total,BA,Bosnia and Herzegovina,2012,,3839265,,,,,
dataflow,ESTAT:DEMO_PJAN(1.0),Population on 1 January by age and sex,A,Annual,NR,Number,TOTAL,Total,T,Total,BE,Belgium,1990,,9947782,,,,,
dataflow,ESTAT:DEMO_PJAN(1.0),Population on 1 January by age and sex,A,Annual,NR,Number,TOTAL,Total,T,Total,BE,Belgium,1991,,9986975,,,,,
dataflow,ESTAT:DEMO_PJAN(1.0),Population on 1 January by age and sex,A,Annual,NR,Number,TOTAL,Total,T,Total,BE,Belgium,1992,,10021997,,,,,
dataflow,ESTAT:DEMO_PJAN(1.0),Population on 1 January by age and sex,A,Annual,NR,Number,TOTAL,Total,T,Total,BE,Belgium,1993,,10068319,,,,,
dataflow,ESTAT:DEMO_PJAN(1.0),Population on 1 January by age and sex,A,Annual,NR,Number,TOTAL,Total,T,Total,BE,Belgium,1994,,10100631,,,,,
dataflow,ESTAT:DEMO_PJAN(1.0),Population on 1 January by age and sex,A,Annual,NR,Number,TOTAL,Total,T,Total,BE,Belgium,1995,,10130574,,,,,
dataflow,ESTAT:DEMO_PJAN(1.0),Population on 1 January by age and sex,A,Annual,NR,Number,TOTAL,Total,T,Total,BE,Belgium,1996,,10143047,,,,,
dataflow,ESTAT:DEMO_PJAN(1.0),Population on 1 January by age and sex,A,Annual,NR,Number,TOTAL,Total,T,Total,BE,Belgium,1997,,10170226,,,,,
dataflow,ESTAT:DEMO_PJAN(1.0),Population on 1 January by age and sex,A,Annual,NR,Number,TOTAL,Total,T,Total,BE,Belgium,1998,,10192264,,,,,
dataflow,ESTAT:DEMO_PJAN(1.0),Population on 1 January by age and sex,A,Annual,NR,Number,TOTAL,Total,T,Total,BE,Belgium,1999,,10213752,,,,,
dataflow,ESTAT:DEMO_PJAN(1.0),Population on 1 January by age and sex,A,Annual,NR,Number,TOTAL,Total,T,Total,BE,Belgium,2000,,10239085,,,,,
dataflow,ESTAT:DEMO_PJAN(1.0),Population on 1 January by age and sex,A,Annual,NR,Number,TOTAL,Total,T,Total,BE,Belgium,2001,,10263414,,,,,
dataflow,ESTAT:DEMO_PJAN(1.0),Population on 1 January by age and sex,A,Annual,NR,Number,TOTAL,Total,T,Total,BE,Belgium,2002,,10309725,,,,,
dataflow,ESTAT:DEMO_PJAN(1.0),Population on 1 January by age and sex,A,Annual,NR,Number,TOTAL,Total,T,Total,BE,Belgium,2003,,10355844,,,,,
dataflow,ESTAT:DEMO_PJAN(1.0),Population on 1 January by age and sex,A,Annual,NR,Number,TOTAL,Total,T,Total,BE,Belgium,2004,,10396421,,,,,
dataflow,ESTAT:DEMO_PJAN(1.0),Population on 1 January by age and sex,A,Annual,NR,Number,TOTAL,Total,T,Total,BE,Belgium,2005,,10445852,,,,,
dataflow,ESTAT:DEMO_PJAN(1.0),Population on 1 January by age and sex,A,Annual,NR,Number,TOTAL,Total,T,Total,BE,Belgium,2006,,10511382,,,,,
dataflow,ESTAT:DEMO_PJAN(1.0),Population on 1 January by age and sex,A,Annual,NR,Number,TOTAL,Total,T,Total,BE,Belgium,2007,,10584534,,,,,
dataflow,ESTAT:DEMO_PJAN(1.0),Population on 1 January by age and sex,A,Annual,NR,Number,TOTAL,Total,T,Total,BE,Belgium,2008,,10666866,,,,,
dataflow,ESTAT:DEMO_PJAN(1.0),Population on 1 January by age and sex,A,Annual,NR,Number,TOTAL,Total,T,Total,BE,Belgium,2009,,10753080,,,,,
dataflow,ESTAT:DEMO_PJAN(1.0),Population on 1 January by age and sex,A,Annual,NR,Number,TOTAL,Total,T,Total,BE,Belgium,2010,,10839905,,,,,
dataflow,ESTAT:DEMO_PJAN(1.0),Population on 1 January by age and sex,A,Annual,NR,Number,TOTAL,Total,T,Total,BE,Belgium,2011,,11000638,,b,break in time series,,
dataflow,ESTAT:DEMO_PJAN(1.0),Population on 1 January by age and sex,A,Annual,NR,Number,TOTAL,Total,T,Total,BE,Belgium,2012,,11075889,,b,break in time series,,
dataflow,ESTAT:DEMO_PJAN(1.0),Population on 1 January by age and sex,A,Annual,NR,Number,TOTAL,Total,T,Total,BE,Belgium,2013,,11137974,,,,,
dataflow,ESTAT:DEMO_PJAN(1.0),Population on 1 January by age and sex,A,Annual,NR,Number,TOTAL,Total,T,Total,BE,Belgium,2014,,11180840,,,,,
dataflow,ESTAT:DEMO_PJAN(1.0),Population on 1 January by age and sex,A,Annual,NR,Number,TOTAL,Total,T,Total,BE,Belgium,2015,,11237274,,,,,
dataflow,ESTAT:DEMO_PJAN(1.0),Population on 1 January by age and sex,A,Annual,NR,Number,TOTAL,Total,T,Total,BE,Belgium,2016,,11311117,,,,,
dataflow,ESTAT:DEMO_PJAN(1.0),Population on 1 January by age and sex,A,Annual,NR,Number,TOTAL,Total,T,Total,BE,Belgium,2017,,11351727,,,,,
dataflow,ESTAT:DEMO_PJAN(1.0),Population on 1 January by age and sex,A,Annual,NR,Number,TOTAL,Total,T,Total,BE,Belgium,2018,,11398589,,,,,
dataflow,ESTAT:DEMO_PJAN(1.0),Population on 1 January by age and sex,A,Annual,NR,Number,TOTAL,Total,T,Total,BE,Belgium,2019,,11455519,,,,,
dataflow,ESTAT:DEMO_PJAN(1.0),Population on 1 January by age and sex,A,Annual,NR,Number,TOTAL,Total,T,Total,BE,Belgium,2020,,11522440,,,,,
dataflow,ESTAT:DEMO_PJAN(1.0),Population on 1 January by age and sex,A,Annual,NR,Number,TOTAL,Total,T,Total,BE,Belgium,2021,,11554767,,,,,
dataflow,ESTAT:DEMO_PJAN(1.0),Population on 1 January by age and sex,A,Annual,NR,Number,TOTAL,Total,T,Total,BE,Belgium,2022,,11617623,,,,,
dataflow,ESTAT:DEMO_PJAN(1.0),Population on 1 January by age and sex,A,Annual,NR,Number,TOTAL,Total,T,Total,BE,Belgium,2023,,11742796,,,,,
dataflow,ESTAT:DEMO_PJAN(1.0),Population on 1 January by age and sex,A,Annual,NR,Number,TOTAL,Total,T,Total,BE,Belgium,2024,,11817096,,,,,
dataflow,ESTAT:DEMO_PJAN(1.0),Population on 1 January by age and sex,A,Annual,NR,Number,TOTAL,Total,T,Total,BE,Belgium,2025,,11883495,,,,,
dataflow,ESTAT:DEMO_PJAN(1.0),Population on 1 January by age and sex,A,Annual,NR,Number,TOTAL,Total,T,Total,BG,Bulgaria,1990,,8767308,,,,,
dataflow,ESTAT:DEMO_PJAN(1.0),Population on 1 January by age and sex,A,Annual,NR,Number,TOTAL,Total,T,Total,BG,Bulgaria,1991,,8669269,,,,,
dataflow,ESTAT:DEMO_PJAN(1.0),Population on 1 January by age and sex,A,Annual,NR,Number,TOTAL,Total,T,Total,BG,Bulgaria,1992,,8595465,,,,,
dataflow,ESTAT:DEMO_PJAN(1.0),Population on 1 January by age and sex,A,Annual,NR,Number,TOTAL,Total,T,Total,BG,Bulgaria,1993,,8484863,,,,,
dataflow,ESTAT:DEMO_PJAN(1.0),Population on 1 January by age and sex,A,Annual,NR,Number,TOTAL,Total,T,Total,BG,Bulgaria,1994,,8459763,,,,,
dataflow,ESTAT:DEMO_PJAN(1.0),Population on 1 January by age and sex,A,Annual,NR,Number,TOTAL,Total,T,Total,BG,Bulgaria,1995,,8427418,,,,,
dataflow,ESTAT:DEMO_PJAN(1.0),Population on 1 January by age and sex,A,Annual,NR,Number,TOTAL,Total,T,Total,BG,Bulgaria,1996,,8384715,,,,,
dataflow,ESTAT:DEMO_PJAN(1.0),Population on 1 January by age and sex,A,Annual,NR,Number,TOTAL,Total,T,Total,BG,Bulgaria,1997,,8340936,,,,,
dataflow,ESTAT:DEMO_PJAN(1.0),Population on 1 January by age and sex,A,Annual,NR,Number,TOTAL,Total,T,Total,BG,Bulgaria,1998,,8283200,,,,,
dataflow,ESTAT:DEMO_PJAN(1.0),Population on 1 January by age and sex,A,Annual,NR,Number,TOTAL,Total,T,Total,BG,Bulgaria,1999,,8230371,,,,,
dataflow,ESTAT:DEMO_PJAN(1.0),Population on 1 January by age and sex,A,Annual,NR,Number,TOTAL,Total,T,Total,BG,Bulgaria,2000,,8190876,,,,,
dataflow,ESTAT:DEMO_PJAN(1.0),Population on 1 January by age and sex,A,Annual,NR,Number,TOTAL,Total,T,Total,BG,Bulgaria,2001,,8149468,,,,,
dataflow,ESTAT:DEMO_PJAN(1.0),Population on 1 January by age and sex,A,Annual,NR,Number,TOTAL,Total,T,Total,BG,Bulgaria,2002,,7868815,,,,,
dataflow,ESTAT:DEMO_PJAN(1.0),Population on 1 January by age and sex,A,Annual,NR,Number,TOTAL,Total,T,Total,BG,Bulgaria,2003,,7805506,,,,,
dataflow,ESTAT:DEMO_PJAN(1.0),Population on 1 January by age and sex,A,Annual,NR,Number,TOTAL,Total,T,Total,BG,Bulgaria,2004,,7745147,,,,,
dataflow,ESTAT:DEMO_PJAN(1.0),Population on 1 January by age and sex,A,Annual,NR,Number,TOTAL,Total,T,Total,BG,Bulgaria,2005,,7688573,,,,,
dataflow,ESTAT:DEMO_PJAN(1.0),Population on 1 January by age and sex,A,Annual,NR,Number,TOTAL,Total,T,Total,BG,Bulgaria,2006,,7629371,,,,,
dataflow,ESTAT:DEMO_PJAN(1.0),Population on 1 January by age and sex,A,Annual,NR,Number,TOTAL,Total,T,Total,BG,Bulgaria,2007,,7572673,,,,,
dataflow,ESTAT:DEMO_PJAN(1.0),Population on 1 January by age and sex,A,Annual,NR,Number,TOTAL,Total,T,Total,BG,Bulgaria,2008,,7518002,,,,,
dataflow,ESTAT:DEMO_PJAN(1.0),Population on 1 January by age and sex,A,Annual,NR,Number,TOTAL,Total,T,Total,BG,Bulgaria,2009,,7467119,,,,,
dataflow,ESTAT:DEMO_PJAN(1.0),Population on 1 January by age and sex,A,Annual,NR,Number,TOTAL,Total,T,Total,BG,Bulgaria,2010,,7421766,,,,,
dataflow,ESTAT:DEMO_PJAN(1.0),Population on 1 January by age and sex,A,Annual,NR,Number,TOTAL,Total,T,Total,BG,Bulgaria,2011,,7369431,,,,,
dataflow,ESTAT:DEMO_PJAN(1.0),Population on 1 January by age and sex,A,Annual,NR,Number,TOTAL,Total,T,Total,BG,Bulgaria,2012,,7327224,,,,,
dataflow,ESTAT:DEMO_PJAN(1.0),Population on 1 January by age and sex,A,Annual,NR,Number,TOTAL,Total,T,Total,BG,Bulgaria,2013,,7202556,,,,,
dataflow,ESTAT:DEMO_PJAN(1.0),Population on 1 January by age and sex,A,Annual,NR,Number,TOTAL,Total,T,Total,BG,Bulgaria,2014,,7117453,,,,,
dataflow,ESTAT:DEMO_PJAN(1.0),Population on 1 January by age and sex,A,Annual,NR,Number,TOTAL,Total,T,Total,BG,Bulgaria,2015,,7029690,,,,,
dataflow,ESTAT:DEMO_PJAN(1.0),Population on 1 January by age and sex,A,Annual,NR,Number,TOTAL,Total,T,Total,BG,Bulgaria,2016,,6938759,,,,,
dataflow,ESTAT:DEMO_PJAN(1.0),Population on 1 January by age and sex,A,Annual,NR,Number,TOTAL,Total,T,Total,BG,Bulgaria,2017,,6849518,,,,,
dataflow,ESTAT:DEMO_PJAN(1.0),Population on 1 January by age and sex,A,Annual,NR,Number,TOTAL,Total,T,Total,BG,Bulgaria,2018,,6757418,,,,,
dataflow,ESTAT:DEMO_PJAN(1.0),Population on 1 January by age and sex,A,Annual,NR,Number,TOTAL,Total,T,Total,BG,Bulgaria,2019,,6664177,,,,,
dataflow,ESTAT:DEMO_PJAN(1.0),Population on 1 January by age and sex,A,Annual,NR,Number,TOTAL,Total,T,Total,BG,Bulgaria,2020,,6569275,,,,,
dataflow,ESTAT:DEMO_PJAN(1.0),Population on 1 January by age and sex,A,Annual,NR,Number,TOTAL,Total,T,Total,BG,Bulgaria,2021,,6532117,,,,,
dataflow,ESTAT:DEMO_PJAN(1.0),Population on 1 January by age and sex,A,Annual,NR,Number,TOTAL,Total,T,Total,BG,Bulgaria,2022,,6482484,,,,,
dataflow,ESTAT:DEMO_PJAN(1.0),Population on 1 January by age and sex,A,Annual,NR,Number,TOTAL,Total,T,Total,BG,Bulgaria,2023,,6447710,,,,,
dataflow,ESTAT:DEMO_PJAN(1.0),Population on 1 January by age and sex,A,Annual,NR,Number,TOTAL,Total,T,Total,BG,Bulgaria,2024,,6445481,,,,,
dataflow,ESTAT:DEMO_PJAN(1.0),Population on 1 January by age and sex,A,Annual,NR,Number,TOTAL,Total,T,Total,BG,Bulgaria,2025,,6437360,,,,,
dataflow,ESTAT:DEMO_PJAN(1.0),Population on 1 January by age and sex,A,Annual,NR,Number,TOTAL,Total,T,Total,BY,Belarus,2000,,10019480,,,,,
dataflow,ESTAT:DEMO_PJAN(1.0),Population on 1 January by age and sex,A,Annual,NR,Number,TOTAL,Total,T,Total,BY,Belarus,2001,,9990435,,,,,
dataflow,ESTAT:DEMO_PJAN(1.0),Population on 1 January by age and sex,A,Annual,NR,Number,TOTAL,Total,T,Total,BY,Belarus,2002,,9950941,,,,,
dataflow,ESTAT:DEMO_PJAN(1.0),Population on 1 January by age and sex,A,Annual,NR,Number,TOTAL,Total,T,Total,BY,Belarus,2003,,9898590,,,,,
dataflow,ESTAT:DEMO_PJAN(1.0),Population on 1 January by age and sex,A,Annual,NR,Number,TOTAL,Total,T,Total,BY,Belarus,2004,,9849062,,,,,
dataflow,ESTAT:DEMO_PJAN(1.0),Population on 1 January by age and sex,A,Annual,NR,Number,TOTAL,Total,T,Total,BY,Belarus,2005,,9800073,,,,,
dataflow,ESTAT:DEMO_PJAN(1.0),Population on 1 January by age and sex,A,Annual,NR,Number,TOTAL,Total,T,Total,BY,Belarus,2006,,9750540,,,,,
dataflow,ESTAT:DEMO_PJAN(1.0),Population on 1 January by age and sex,A,Annual,NR,Number,TOTAL,Total,T,Total,BY,Belarus,2007,,9714461,,,,,
dataflow,ESTAT:DEMO_PJAN(1.0),Population on 1 January by age and sex,A,Annual,NR,Number,TOTAL,Total,T,Total,BY,Belarus,2008,,9689770,,,,,
dataflow,ESTAT:DEMO_PJAN(1.0),Population on 1 January by age and sex,A,Annual,NR,Number,TOTAL,Total,T,Total,BY,Belarus,2009,,9671912,,,,,
dataflow,ESTAT:DEMO_PJAN(1.0),Population on 1 January by age and sex,A,Annual,NR,Number,TOTAL,Total,T,Total,BY,Belarus,2010,,9480178,,,,,
dataflow,ESTAT:DEMO_PJAN(1.0),Population on 1 January by age and sex,A,Annual,NR,Number,TOTAL,Total,T,Total,BY,Belarus,2011,,9481193,,,,,
dataflow,ESTAT:DEMO_PJAN(1.0),Population on 1 January by age and sex,A,Annual,NR,Number,TOTAL,Total,T,Total,BY,Belarus,2012,,9465150,,,,,
dataflow,ESTAT:DEMO_PJAN(1.0),Population on 1 January by age and sex,A,Annual,NR,Number,TOTAL,Total,T,Total,BY,Belarus,2013,,9463840,,,,,
dataflow,ESTAT:DEMO_PJAN(1.0),Population on 1 January by age and sex,A,Annual,NR,Number,TOTAL,Total,T,Total,BY,Belarus,2014,,9468154,,,,,
dataflow,ESTAT:DEMO_PJAN(1.0),Population on 1 January by age and sex,A,Annual,NR,Number,TOTAL,Total,T,Total,BY,Belarus,2015,,9480868,,,,,
dataflow,ESTAT:DEMO_PJAN(1.0),Population on 1 January by age and sex,A,Annual,NR,Number,TOTAL,Total,T,Total,BY,Belarus,2016,,9498364,,,,,
dataflow,ESTAT:DEMO_PJAN(1.0),Population on 1 January by age and sex,A,Annual,NR,Number,TOTAL,Total,T,Total,BY,Belarus,2017,,9504704,,,,,
dataflow,ESTAT:DEMO_PJAN(1.0),Population on 1 January by age and sex,A,Annual,NR,Number,TOTAL,Total,T,Total,BY,Belarus,2018,,9491823,,,,,
dataflow,ESTAT:DEMO_PJAN(1.0),Population on 1 January by age and sex,A,Annual,NR,Number,TOTAL,Total,T,Total,BY,Belarus,2019,,9475174,,,,,
dataflow,ESTAT:DEMO_PJAN(1.0),Population on 1 January by age and sex,A,Annual,NR,Number,TOTAL,Total,T,Total,CH,Switzerland,1990,,6673850,,,,,
dataflow,ESTAT:DEMO_PJAN(1.0),Population on 1 January by age and sex,A,Annual,NR,Number,TOTAL,Total,T,Total,CH,Switzerland,1991,,6757188,,,,,
dataflow,ESTAT:DEMO_PJAN(1.0),Population on 1 January by age and sex,A,Annual,NR,Number,TOTAL,Total,T,Total,CH,Switzerland,1992,,6842768,,,,,
dataflow,ESTAT:DEMO_PJAN(1.0),Population on 1 January by age and sex,A,Annual,NR,Number,TOTAL,Total,T,Total,CH,Switzerland,1993,,6907959,,,,,
dataflow,ESTAT:DEMO_PJAN(1.0),Population on 1 January by age and sex,A,Annual,NR,Number,TOTAL,Total,T,Total,CH,Switzerland,1994,,6968570,,,,,
dataflow,ESTAT:DEMO_PJAN(1.0),Population on 1 January by age and sex,A,Annual,NR,Number,TOTAL,Total,T,Total,CH,Switzerland,1995,,7019019,,,,,
dataflow,ESTAT:DEMO_PJAN(1.0),Population on 1 January by age and sex,A,Annual,NR,Number,TOTAL,Total,T,Total,CH,Switzerland,1996,,7062354,,,,,
dataflow,ESTAT:DEMO_PJAN(1.0),Population on 1 January by age and sex,A,Annual,NR,Number,TOTAL,Total,T,Total,CH,Switzerland,1997,,7081346,,,,,
dataflow,ESTAT:DEMO_PJAN(1.0),Population on 1 January by age and sex,A,Annual,NR,Number,TOTAL,Total,T,Total,CH,Switzerland,1998,,7096465,,,,,
dataflow,ESTAT:DEMO_PJAN(1.0),Population on 1 January by age and sex,A,Annual,NR,Number,TOTAL,Total,T,Total,CH,Switzerland,1999,,7123537,,,,,
dataflow,ESTAT:DEMO_PJAN(1.0),Population on 1 January by age and sex,A,Annual,NR,Number,TOTAL,Total,T,Total,CH,Switzerland,2000,,7164444,,,,,
dataflow,ESTAT:DEMO_PJAN(1.0),Population on 1 January by age and sex,A,Annual,NR,Number,TOTAL,Total,T,Total,CH,Switzerland,2001,,7204055,,,,,
dataflow,ESTAT:DEMO_PJAN(1.0),Population on 1 January by age and sex,A,Annual,NR,Number,TOTAL,Total,T,Total,CH,Switzerland,2002,,7255653,,,,,
dataflow,ESTAT:DEMO_PJAN(1.0),Population on 1 January by age and sex,A,Annual,NR,Number,TOTAL,Total,T,Total,CH,Switzerland,2003,,7313853,,,,,
dataflow,ESTAT:DEMO_PJAN(1.0),Population on 1 January by age and sex,A,Annual,NR,Number,TOTAL,Total,T,Total,CH,Switzerland,2004,,7364148,,,,,
dataflow,ESTAT:DEMO_PJAN(1.0),Population on 1 January by age and sex,A,Annual,NR,Number,TOTAL,Total,T,Total,CH,Switzerland,2005,,7415102,,,,,
dataflow,ESTAT:DEMO_PJAN(1.0),Population on 1 January by age and sex,A,Annual,NR,Number,TOTAL,Total,T,Total,CH,Switzerland,2006,,7459128,,,,,
dataflow,ESTAT:DEMO_PJAN(1.0),Population on 1 January by age and sex,A,Annual,NR,Number,TOTAL,Total,T,Total,CH,Switzerland,2007,,7508739,,,,,
dataflow,ESTAT:DEMO_PJAN(1.0),Population on 1 January by age and sex,A,Annual,NR,Number,TOTAL,Total,T,Total,CH,Switzerland,2008,,7593494,,,,,
dataflow,ESTAT:DEMO_PJAN(1.0),Population on 1 January by age and sex,A,Annual,NR,Number,TOTAL,Total,T,Total,CH,Switzerland,2009,,7701856,,,,,
dataflow,ESTAT:DEMO_PJAN(1.0),Population on 1 January by age and sex,A,Annual,NR,Number,TOTAL,Total,T,Total,CH,Switzerland,2010,,7785806,,,,,
dataflow,ESTAT:DEMO_PJAN(1.0),Population on 1 January by age and sex,A,Annual,NR,Number,TOTAL,Total,T,Total,CH,Switzerland,2011,,7870134,,b,break in time series,,
dataflow,ESTAT:DEMO_PJAN(1.0),Population on 1 January by age and sex,A,Annual,NR,Number,TOTAL,Total,T,Total,CH,Switzerland,2012,,7954662,,,,,
dataflow,ESTAT:DEMO_PJAN(1.0),Population on 1 January by age and sex,A,Annual,NR,Number,TOTAL,Total,T,Total,CH,Switzerland,2013,,8039060,,,,,
dataflow,ESTAT:DEMO_PJAN(1.0),Population on 1 January by age and sex,A,Annual,NR,Number,TOTAL,Total,T,Total,CH,Switzerland,2014,,8139631,,,,,
dataflow,ESTAT:DEMO_PJAN(1.0),Population on 1 January by age and sex,A,Annual,NR,Number,TOTAL,Total,T,Total,CH,Switzerland,2015,,8237666,,,,,
dataflow,ESTAT:DEMO_PJAN(1.0),Population on 1 January by age and sex,A,Annual,NR,Number,TOTAL,Total,T,Total,CH,Switzerland,2016,,8327126,,,,,
dataflow,ESTAT:DEMO_PJAN(1.0),Population on 1 January by age and sex,A,Annual,NR,Number,TOTAL,Total,T,Total,CH,Switzerland,2017,,8419550,,,,,
dataflow,ESTAT:DEMO_PJAN(1.0),Population on 1 January by age and sex,A,Annual,NR,Number,TOTAL,Total,T,Total,CH,Switzerland,2018,,8484130,,,,,
dataflow,ESTAT:DEMO_PJAN(1.0),Population on 1 January by age and sex,A,Annual,NR,Number,TOTAL,Total,T,Total,CH,Switzerland,2019,,8544527,,,,,
dataflow,ESTAT:DEMO_PJAN(1.0),Population on 1 January by age and sex,A,Annual,NR,Number,TOTAL,Total,T,Total,CH,Switzerland,2020,,8606033,,,,,
dataflow,ESTAT:DEMO_PJAN(1.0),Population on 1 January by age and sex,A,Annual,NR,Number,TOTAL,Total,T,Total,CH,Switzerland,2021,,8670300,,,,,
dataflow,ESTAT:DEMO_PJAN(1.0),Population on 1 January by age and sex,A,Annual,NR,Number,TOTAL,Total,T,Total,CH,Switzerland,2022,,8738791,,,,,
dataflow,ESTAT:DEMO_PJAN(1.0),Population on 1 January by age and sex,A,Annual,NR,Number,TOTAL,Total,T,Total,CH,Switzerland,2023,,8815385,,,,,
dataflow,ESTAT:DEMO_PJAN(1.0),Population on 1 January by age and sex,A,Annual,NR,Number,TOTAL,Total,T,Total,CH,Switzerland,2024,,8962258,,,,,
dataflow,ESTAT:DEMO_PJAN(1.0),Population on 1 January by age and sex,A,Annual,NR,Number,TOTAL,Total,T,Total,CH,Switzerland,2025,,9051029,,,,,
dataflow,ESTAT:DEMO_PJAN(1.0),Population on 1 January by age and sex,A,Annual,NR,Number,TOTAL,Total,T,Total,CY,Cyprus,1990,,572655,,,,,
dataflow,ESTAT:DEMO_PJAN(1.0),Population on 1 January by age and sex,A,Annual,NR,Number,TOTAL,Total,T,Total,CY,Cyprus,1991,,587141,,,,,
dataflow,ESTAT:DEMO_PJAN(1.0),Population on 1 January by age and sex,A,Annual,NR,Number,TOTAL,Total,T,Total,CY,Cyprus,1992,,603069,,,,,
dataflow,ESTAT:DEMO_PJAN(1.0),Population on 1 January by age and sex,A,Annual,NR,Number,TOTAL,Total,T,Total,CY,Cyprus,1993,,619231,,,,,
dataflow,ESTAT:DEMO_PJAN(1.0),Population on 1 January by age and sex,A,Annual,NR,Number,TOTAL,Total,T,Total,CY,Cyprus,1994,,632944,,,,,
dataflow,ESTAT:DEMO_PJAN(1.0),Population on 1 January by age and sex,A,Annual,NR,Number,TOTAL,Total,T,Total,CY,Cyprus,1995,,645399,,,,,
dataflow,ESTAT:DEMO_PJAN(1.0),Population on 1 January by age and sex,A,Annual,NR,Number,TOTAL,Total,T,Total,CY,Cyprus,1996,,656333,,,,,
dataflow,ESTAT:DEMO_PJAN(1.0),Population on 1 January by age and sex,A,Annual,NR,Number,TOTAL,Total,T,Total,CY,Cyprus,1997,,666313,,,,,
dataflow,ESTAT:DEMO_PJAN(1.0),Population on 1 January by age and sex,A,Annual,NR,Number,TOTAL,Total,T,Total,CY,Cyprus,1998,,675215,,,,,
dataflow,ESTAT:DEMO_PJAN(1.0),Population on 1 January by age and sex,A,Annual,NR,Number,TOTAL,Total,T,Total,CY,Cyprus,1999,,682862,,,,,
dataflow,ESTAT:DEMO_PJAN(1.0),Population on 1 January by age and sex,A,Annual,NR,Number,TOTAL,Total,T,Total,CY,Cyprus,2000,,690497,,,,,
dataflow,ESTAT:DEMO_PJAN(1.0),Population on 1 January by age and sex,A,Annual,NR,Number,TOTAL,Total,T,Total,CY,Cyprus,2001,,697549,,,,,
dataflow,ESTAT:DEMO_PJAN(1.0),Population on 1 January by age and sex,A,Annual,NR,Number,TOTAL,Total,T,Total,CY,Cyprus,2002,,705539,,,,,
dataflow,ESTAT:DEMO_PJAN(1.0),Population on 1 January by age and sex,A,Annual,NR,Number,TOTAL,Total,T,Total,CY,Cyprus,2003,,713720,,,,,
dataflow,ESTAT:DEMO_PJAN(1.0),Population on 1 January by age and sex,A,Annual,NR,Number,TOTAL,Total,T,Total,CY,Cyprus,2004,,722893,,,,,
dataflow,ESTAT:DEMO_PJAN(1.0),Population on 1 January by age and sex,A,Annual,NR,Number,TOTAL,Total,T,Total,CY,Cyprus,2005,,733067,,,,,
dataflow,ESTAT:DEMO_PJAN(1.0),Population on 1 January by age and sex,A,Annual,NR,Number,TOTAL,Total,T,Total,CY,Cyprus,2006,,744013,,,,,
dataflow,ESTAT:DEMO_PJAN(1.0),Population on 1 January by age and sex,A,Annual,NR,Number,TOTAL,Total,T,Total,CY,Cyprus,2007,,757916,,,,,
dataflow,ESTAT:DEMO_PJAN(1.0),Population on 1 January by age and sex,A,Annual,NR,Number,TOTAL,Total,T,Total,CY,Cyprus,2008,,776333,,,,,
dataflow,ESTAT:DEMO_PJAN(1.0),Population on 1 January by age and sex,A,Annual,NR,Number,TOTAL,Total,T,Total,CY,Cyprus,2009,,796930,,,,,
dataflow,ESTAT:DEMO_PJAN(1.0),Population on 1 January by age and sex,A,Annual,NR,Number,TOTAL,Total,T,Total,CY,Cyprus,2010,,819140,,,,,
dataflow,ESTAT:DEMO_PJAN(1.0),Population on 1 January by age and sex,A,Annual,NR,Number,TOTAL,Total,T,Total,CY,Cyprus,2011,,839751,,,,,
dataflow,ESTAT:DEMO_PJAN(1.0),Population on 1 January by age and sex,A,Annual,NR,Number,TOTAL,Total,T,Total,CY,Cyprus,2012,,862011,,,,,
dataflow,ESTAT:DEMO_PJAN(1.0),Population on 1 January by age and sex,A,Annual,NR,Number,TOTAL,Total,T,Total,CY,Cyprus,2013,,862854,,,,,
dataflow,ESTAT:DEMO_PJAN(1.0),Population on 1 January by age and sex,A,Annual,NR,Number,TOTAL,Total,T,Total,CY,Cyprus,2014,,860032,,,,,
dataflow,ESTAT:DEMO_PJAN(1.0),Population on 1 January by age and sex,A,Annual,NR,Number,TOTAL,Total,T,Total,CY,Cyprus,2015,,860846,,,,,
dataflow,ESTAT:DEMO_PJAN(1.0),Population on 1 January by age and sex,A,Annual,NR,Number,TOTAL,Total,T,Total,CY,Cyprus,2016,,863764,,,,,
dataflow,ESTAT:DEMO_PJAN(1.0),Population on 1 January by age and sex,A,Annual,NR,Number,TOTAL,Total,T,Total,CY,Cyprus,2017,,869878,,,,,
dataflow,ESTAT:DEMO_PJAN(1.0),Population on 1 January by age and sex,A,Annual,NR,Number,TOTAL,Total,T,Total,CY,Cyprus,2018,,878601,,,,,
dataflow,ESTAT:DEMO_PJAN(1.0),Population on 1 January by age and sex,A,Annual,NR,Number,TOTAL,Total,T,Total,CY,Cyprus,2019,,890194,,,,,
dataflow,ESTAT:DEMO_PJAN(1.0),Population on 1 January by age and sex,A,Annual,NR,Number,TOTAL,Total,T,Total,CY,Cyprus,2020,,902429,,,,,
dataflow,ESTAT:DEMO_PJAN(1.0),Population on 1 January by age and sex,A,Annual,NR,Number,TOTAL,Total,T,Total,CY,Cyprus,2021,,914476,,,,,
dataflow,ESTAT:DEMO_PJAN(1.0),Population on 1 January by age and sex,A,Annual,NR,Number,TOTAL,Total,T,Total,CY,Cyprus,2022,,929764,,,,,
dataflow,ESTAT:DEMO_PJAN(1.0),Population on 1 January by age and sex,A,Annual,NR,Number,TOTAL,Total,T,Total,CY,Cyprus,2023,,949084,,,,,
dataflow,ESTAT:DEMO_PJAN(1.0),Population on 1 January by age and sex,A,Annual,NR,Number,TOTAL,Total,T,Total,CY,Cyprus,2024,,966365,,,,,
dataflow,ESTAT:DEMO_PJAN(1.0),Population on 1 January by age and sex,A,Annual,NR,Number,TOTAL,Total,T,Total,CY,Cyprus,2025,,982966,,,,,
dataflow,ESTAT:DEMO_PJAN(1.0),Population on 1 January by age and sex,A,Annual,NR,Number,TOTAL,Total,T,Total,CZ,Czechia,1990,,10362102,,,,,
dataflow,ESTAT:DEMO_PJAN(1.0),Population on 1 January by age and sex,A,Annual,NR,Number,TOTAL,Total,T,Total,CZ,Czechia,1991,,10304607,,,,,
dataflow,ESTAT:DEMO_PJAN(1.0),Population on 1 January by age and sex,A,Annual,NR,Number,TOTAL,Total,T,Total,CZ,Czechia,1992,,10312548,,,,,
dataflow,ESTAT:DEMO_PJAN(1.0),Population on 1 January by age and sex,A,Annual,NR,Number,TOTAL,Total,T,Total,CZ,Czechia,1993,,10325697,,,,,
dataflow,ESTAT:DEMO_PJAN(1.0),Population on 1 January by age and sex,A,Annual,NR,Number,TOTAL,Total,T,Total,CZ,Czechia,1994,,10334013,,,,,
dataflow,ESTAT:DEMO_PJAN(1.0),Population on 1 January by age and sex,A,Annual,NR,Number,TOTAL,Total,T,Total,CZ,Czechia,1995,,10333161,,,,,
dataflow,ESTAT:DEMO_PJAN(1.0),Population on 1 January by age and sex,A,Annual,NR,Number,TOTAL,Total,T,Total,CZ,Czechia,1996,,10321344,,,,,
dataflow,ESTAT:DEMO_PJAN(1.0),Population on 1 January by age and sex,A,Annual,NR,Number,TOTAL,Total,T,Total,CZ,Czechia,1997,,10309137,,,,,
dataflow,ESTAT:DEMO_PJAN(1.0),Population on 1 January by age and sex,A,Annual,NR,Number,TOTAL,Total,T,Total,CZ,Czechia,1998,,10299125,,,,,
dataflow,ESTAT:DEMO_PJAN(1.0),Population on 1 January by age and sex,A,Annual,NR,Number,TOTAL,Total,T,Total,CZ,Czechia,1999,,10289621,,,,,
dataflow,ESTAT:DEMO_PJAN(1.0),Population on 1 January by age and sex,A,Annual,NR,Number,TOTAL,Total,T,Total,CZ,Czechia,2000,,10278098,,,,,
dataflow,ESTAT:DEMO_PJAN(1.0),Population on 1 January by age and sex,A,Annual,NR,Number,TOTAL,Total,T,Total,CZ,Czechia,2001,,10232027,,,,,
dataflow,ESTAT:DEMO_PJAN(1.0),Population on 1 January by age and sex,A,Annual,NR,Number,TOTAL,Total,T,Total,CZ,Czechia,2002,,10201182,,,,,
dataflow,ESTAT:DEMO_PJAN(1.0),Population on 1 January by age and sex,A,Annual,NR,Number,TOTAL,Total,T,Total,CZ,Czechia,2003,,10192649,,,,,
dataflow,ESTAT:DEMO_PJAN(1.0),Population on 1 January by age and sex,A,Annual,NR,Number,TOTAL,Total,T,Total,CZ,Czechia,2004,,10195347,,,,,
dataflow,ESTAT:DEMO_PJAN(1.0),Population on 1 January by age and sex,A,Annual,NR,Number,TOTAL,Total,T,Total,CZ,Czechia,2005,,10198855,,,,,
dataflow,ESTAT:DEMO_PJAN(1.0),Population on 1 January by age and sex,A,Annual,NR,Number,TOTAL,Total,T,Total,CZ,Czechia,2006,,10223577,,,,,
dataflow,ESTAT:DEMO_PJAN(1.0),Population on 1 January by age and sex,A,Annual,NR,Number,TOTAL,Total,T,Total,CZ,Czechia,2007,,10254233,,,,,
dataflow,ESTAT:DEMO_PJAN(1.0),Population on 1 January by age and sex,A,Annual,NR,Number,TOTAL,Total,T,Total,CZ,Czechia,2008,,10343422,,,,,
dataflow,ESTAT:DEMO_PJAN(1.0),Population on 1 January by age and sex,A,Annual,NR,Number,TOTAL,Total,T,Total,CZ,Czechia,2009,,10425783,,,,,
dataflow,ESTAT:DEMO_PJAN(1.0),Population on 1 January by age and sex,A,Annual,NR,Number,TOTAL,Total,T,Total,CZ,Czechia,2010,,10462088,,,,,
dataflow,ESTAT:DEMO_PJAN(1.0),Population on 1 January by age and sex,A,Annual,NR,Number,TOTAL,Total,T,Total,CZ,Czechia,2011,,10486731,,,,,
dataflow,ESTAT:DEMO_PJAN(1.0),Population on 1 January by age and sex,A,Annual,NR,Number,TOTAL,Total,T,Total,CZ,Czechia,2012,,10505445,,,,,
dataflow,ESTAT:DEMO_PJAN(1.0),Population on 1 January by age and sex,A,Annual,NR,Number,TOTAL,Total,T,Total,CZ,Czechia,2013,,10516125,,,,,
dataflow,ESTAT:DEMO_PJAN(1.0),Population on 1 January by age and sex,A,Annual,NR,Number,TOTAL,Total,T,Total,CZ,Czechia,2014,,10512419,,,,,
dataflow,ESTAT:DEMO_PJAN(1.0),Population on 1 January by age and sex,A,Annual,NR,Number,TOTAL,Total,T,Total,CZ,Czechia,2015,,10538275,,,,,
dataflow,ESTAT:DEMO_PJAN(1.0),Population on 1 January by age and sex,A,Annual,NR,Number,TOTAL,Total,T,Total,CZ,Czechia,2016,,10553843,,,,,
dataflow,ESTAT:DEMO_PJAN(1.0),Population on 1 January by age and sex,A,Annual,NR,Number,TOTAL,Total,T,Total,CZ,Czechia,2017,,10578820,,,,,
dataflow,ESTAT:DEMO_PJAN(1.0),Population on 1 January by age and sex,A,Annual,NR,Number,TOTAL,Total,T,Total,CZ,Czechia,2018,,10610055,,,,,
dataflow,ESTAT:DEMO_PJAN(1.0),Population on 1 January by age and sex,A,Annual,NR,Number,TOTAL,Total,T,Total,CZ,Czechia,2019,,10649800,,,,,
dataflow,ESTAT:DEMO_PJAN(1.0),Population on 1 January by age and sex,A,Annual,NR,Number,TOTAL,Total,T,Total,CZ,Czechia,2020,,10693939,,,,,
dataflow,ESTAT:DEMO_PJAN(1.0),Population on 1 January by age and sex,A,Annual,NR,Number,TOTAL,Total,T,Total,CZ,Czechia,2021,,10494836,,b,break in time series,,
dataflow,ESTAT:DEMO_PJAN(1.0),Population on 1 January by age and sex,A,Annual,NR,Number,TOTAL,Total,T,Total,CZ,Czechia,2022,,10516707,,,,,
dataflow,ESTAT:DEMO_PJAN(1.0),Population on 1 January by age and sex,A,Annual,NR,Number,TOTAL,Total,T,Total,CZ,Czechia,2023,,10827529,,,,,
dataflow,ESTAT:DEMO_PJAN(1.0),Population on 1 January by age and sex,A,Annual,NR,Number,TOTAL,Total,T,Total,CZ,Czechia,2024,,10900555,,,,,
dataflow,ESTAT:DEMO_PJAN(1.0),Population on 1 January by age and sex,A,Annual,NR,Number,TOTAL,Total,T,Total,CZ,Czechia,2025,,10909500,,,,,
dataflow,ESTAT:DEMO_PJAN(1.0),Population on 1 January by age and sex,A,Annual,NR,Number,TOTAL,Total,T,Total,DE,Germany,1990,,62679035,,,,,
dataflow,ESTAT:DEMO_PJAN(1.0),Population on 1 January by age and sex,A,Annual,NR,Number,TOTAL,Total,T,Total,DE,Germany,1991,,79753227,,,,,
dataflow,ESTAT:DEMO_PJAN(1.0),Population on 1 January by age and sex,A,Annual,NR,Number,TOTAL,Total,T,Total,DE,Germany,1992,,80274564,,,,,
dataflow,ESTAT:DEMO_PJAN(1.0),Population on 1 January by age and sex,A,Annual,NR,Number,TOTAL,Total,T,Total,DE,Germany,1993,,80974632,,,,,
dataflow,ESTAT:DEMO_PJAN(1.0),Population on 1 January by age and sex,A,Annual,NR,Number,TOTAL,Total,T,Total,DE,Germany,1994,,81338093,,,,,
dataflow,ESTAT:DEMO_PJAN(1.0),Population on 1 January by age and sex,A,Annual,NR,Number,TOTAL,Total,T,Total,DE,Germany,1995,,81538603,,,,,
dataflow,ESTAT:DEMO_PJAN(1.0),Population on 1 January by age and sex,A,Annual,NR,Number,TOTAL,Total,T,Total,DE,Germany,1996,,81817499,,,,,
dataflow,ESTAT:DEMO_PJAN(1.0),Population on 1 January by age and sex,A,Annual,NR,Number,TOTAL,Total,T,Total,DE,Germany,1997,,82012162,,,,,
dataflow,ESTAT:DEMO_PJAN(1.0),Population on 1 January by age and sex,A,Annual,NR,Number,TOTAL,Total,T,Total,DE,Germany,1998,,82057379,,,,,
dataflow,ESTAT:DEMO_PJAN(1.0),Population on 1 January by age and sex,A,Annual,NR,Number,TOTAL,Total,T,Total,DE,Germany,1999,,82037011,,,,,
dataflow,ESTAT:DEMO_PJAN(1.0),Population on 1 January by age and sex,A,Annual,NR,Number,TOTAL,Total,T,Total,DE,Germany,2000,,82163475,,,,,
dataflow,ESTAT:DEMO_PJAN(1.0),Population on 1 January by age and sex,A,Annual,NR,Number,TOTAL,Total,T,Total,DE,Germany,2001,,82259540,,,,,
dataflow,ESTAT:DEMO_PJAN(1.0),Population on 1 January by age and sex,A,Annual,NR,Number,TOTAL,Total,T,Total,DE,Germany,2002,,82440309,,,,,
dataflow,ESTAT:DEMO_PJAN(1.0),Population on 1 January by age and sex,A,Annual,NR,Number,TOTAL,Total,T,Total,DE,Germany,2003,,82536680,,,,,
dataflow,ESTAT:DEMO_PJAN(1.0),Population on 1 January by age and sex,A,Annual,NR,Number,TOTAL,Total,T,Total,DE,Germany,2004,,82531671,,,,,
dataflow,ESTAT:DEMO_PJAN(1.0),Population on 1 January by age and sex,A,Annual,NR,Number,TOTAL,Total,T,Total,DE,Germany,2005,,82500849,,,,,
dataflow,ESTAT:DEMO_PJAN(1.0),Population on 1 January by age and sex,A,Annual,NR,Number,TOTAL,Total,T,Total,DE,Germany,2006,,82437995,,,,,
dataflow,ESTAT:DEMO_PJAN(1.0),Population on 1 January by age and sex,A,Annual,NR,Number,TOTAL,Total,T,Total,DE,Germany,2007,,82314906,,,,,
dataflow,ESTAT:DEMO_PJAN(1.0),Population on 1 January by age and sex,A,Annual,NR,Number,TOTAL,Total,T,Total,DE,Germany,2008,,82217837,,,,,
dataflow,ESTAT:DEMO_PJAN(1.0),Population on 1 January by age and sex,A,Annual,NR,Number,TOTAL,Total,T,Total,DE,Germany,2009,,82002356,,,,,
dataflow,ESTAT:DEMO_PJAN(1.0),Population on 1 January by age and sex,A,Annual,NR,Number,TOTAL,Total,T,Total,DE,Germany,2010,,81802257,,,,,
dataflow,ESTAT:DEMO_PJAN(1.0),Population on 1 January by age and sex,A,Annual,NR,Number,TOTAL,Total,T,Total,DE,Germany,2011,,80222065,,b,break in time series,,
dataflow,ESTAT:DEMO_PJAN(1.0),Population on 1 January by age and sex,A,Annual,NR,Number,TOTAL,Total,T,Total,DE,Germany,2012,,80327900,,,,,
dataflow,ESTAT:DEMO_PJAN(1.0),Population on 1 January by age and sex,A,Annual,NR,Number,TOTAL,Total,T,Total,DE,Germany,2013,,80523746,,,,,
dataflow,ESTAT:DEMO_PJAN(1.0),Population on 1 January by age and sex,A,Annual,NR,Number,TOTAL,Total,T,Total,DE,Germany,2014,,80767463,,,,,
dataflow,ESTAT:DEMO_PJAN(1.0),Population on 1 January by age and sex,A,Annual,NR,Number,TOTAL,Total,T,Total,DE,Germany,2015,,81197537,,,,,
dataflow,ESTAT:DEMO_PJAN(1.0),Population on 1 January by age and sex,A,Annual,NR,Number,TOTAL,Total,T,Total,DE,Germany,2016,,82175684,,,,,
dataflow,ESTAT:DEMO_PJAN(1.0),Population on 1 January by age and sex,A,Annual,NR,Number,TOTAL,Total,T,Total,DE,Germany,2017,,82521653,,,,,
dataflow,ESTAT:DEMO_PJAN(1.0),Population on 1 January by age and sex,A,Annual,NR,Number,TOTAL,Total,T,Total,DE,Germany,2018,,82792351,,,,,
dataflow,ESTAT:DEMO_PJAN(1.0),Population on 1 January by age and sex,A,Annual,NR,Number,TOTAL,Total,T,Total,DE,Germany,2019,,83019213,,,,,
dataflow,ESTAT:DEMO_PJAN(1.0),Population on 1 January by age and sex,A,Annual,NR,Number,TOTAL,Total,T,Total,DE,Germany,2020,,83166711,,,,,
dataflow,ESTAT:DEMO_PJAN(1.0),Population on 1 January by age and sex,A,Annual,NR,Number,TOTAL,Total,T,Total,DE,Germany,2021,,83155031,,,,,
dataflow,ESTAT:DEMO_PJAN(1.0),Population on 1 January by age and sex,A,Annual,NR,Number,TOTAL,Total,T,Total,DE,Germany,2022,,83237124,,,,,
dataflow,ESTAT:DEMO_PJAN(1.0),Population on 1 January by age and sex,A,Annual,NR,Number,TOTAL,Total,T,Total,DE,Germany,2023,,83118501,,b,break in time series,,
dataflow,ESTAT:DEMO_PJAN(1.0),Population on 1 January by age and sex,A,Annual,NR,Number,TOTAL,Total,T,Total,DE,Germany,2024,,83456045,,,,,
dataflow,ESTAT:DEMO_PJAN(1.0),Population on 1 January by age and sex,A,Annual,NR,Number,TOTAL,Total,T,Total,DE,Germany,2025,,83577140,,,,,
dataflow,ESTAT:DEMO_PJAN(1.0),Population on 1 January by age and sex,A,Annual,NR,Number,TOTAL,Total,T,Total,DE_TOT,Germany including former GDR,1990,,79112831,,,,,
dataflow,ESTAT:DEMO_PJAN(1.0),Population on 1 January by age and sex,A,Annual,NR,Number,TOTAL,Total,T,Total,DE_TOT,Germany including former GDR,1991,,79753227,,,,,
dataflow,ESTAT:DEMO_PJAN(1.0),Population on 1 January by age and sex,A,Annual,NR,Number,TOTAL,Total,T,Total,DE_TOT,Germany including former GDR,1992,,80274564,,,,,
dataflow,ESTAT:DEMO_PJAN(1.0),Population on 1 January by age and sex,A,Annual,NR,Number,TOTAL,Total,T,Total,DE_TOT,Germany including former GDR,1993,,80974632,,,,,
dataflow,ESTAT:DEMO_PJAN(1.0),Population on 1 January by age and sex,A,Annual,NR,Number,TOTAL,Total,T,Total,DE_TOT,Germany including former GDR,1994,,81338093,,,,,
dataflow,ESTAT:DEMO_PJAN(1.0),Population on 1 January by age and sex,A,Annual,NR,Number,TOTAL,Total,T,Total,DE_TOT,Germany including former GDR,1995,,81538603,,,,,
dataflow,ESTAT:DEMO_PJAN(1.0),Population on 1 January by age and sex,A,Annual,NR,Number,TOTAL,Total,T,Total,DE_TOT,Germany including former GDR,1996,,81817499,,,,,
dataflow,ESTAT:DEMO_PJAN(1.0),Population on 1 January by age and sex,A,Annual,NR,Number,TOTAL,Total,T,Total,DE_TOT,Germany including former GDR,1997,,82012162,,,,,
dataflow,ESTAT:DEMO_PJAN(1.0),Population on 1 January by age and sex,A,Annual,NR,Number,TOTAL,Total,T,Total,DE_TOT,Germany including former GDR,1998,,82057379,,,,,
dataflow,ESTAT:DEMO_PJAN(1.0),Population on 1 January by age and sex,A,Annual,NR,Number,TOTAL,Total,T,Total,DE_TOT,Germany including former GDR,1999,,82037011,,,,,
dataflow,ESTAT:DEMO_PJAN(1.0),Population on 1 January by age and sex,A,Annual,NR,Number,TOTAL,Total,T,Total,DE_TOT,Germany including former GDR,2000,,82163475,,,,,
dataflow,ESTAT:DEMO_PJAN(1.0),Population on 1 January by age and sex,A,Annual,NR,Number,TOTAL,Total,T,Total,DE_TOT,Germany including former GDR,2001,,82259540,,,,,
dataflow,ESTAT:DEMO_PJAN(1.0),Population on 1 January by age and sex,A,Annual,NR,Number,TOTAL,Total,T,Total,DE_TOT,Germany including former GDR,2002,,82440309,,,,,
dataflow,ESTAT:DEMO_PJAN(1.0),Population on 1 January by age and sex,A,Annual,NR,Number,TOTAL,Total,T,Total,DE_TOT,Germany including former GDR,2003,,82536680,,,,,
dataflow,ESTAT:DEMO_PJAN(1.0),Population on 1 January by age and sex,A,Annual,NR,Number,TOTAL,Total,T,Total,DE_TOT,Germany including former GDR,2004,,82531671,,,,,
dataflow,ESTAT:DEMO_PJAN(1.0),Population on 1 January by age and sex,A,Annual,NR,Number,TOTAL,Total,T,Total,DE_TOT,Germany including former GDR,2005,,82500849,,,,,
dataflow,ESTAT:DEMO_PJAN(1.0),Population on 1 January by age and sex,A,Annual,NR,Number,TOTAL,Total,T,Total,DE_TOT,Germany including former GDR,2006,,82437995,,,,,
dataflow,ESTAT:DEMO_PJAN(1.0),Population on 1 January by age and sex,A,Annual,NR,Number,TOTAL,Total,T,Total,DE_TOT,Germany including former GDR,2007,,82314906,,,,,
dataflow,ESTAT:DEMO_PJAN(1.0),Population on 1 January by age and sex,A,Annual,NR,Number,TOTAL,Total,T,Total,DE_TOT,Germany including former GDR,2008,,82217837,,,,,
dataflow,ESTAT:DEMO_PJAN(1.0),Population on 1 January by age and sex,A,Annual,NR,Number,TOTAL,Total,T,Total,DE_TOT,Germany including former GDR,2009,,82002356,,,,,
dataflow,ESTAT:DEMO_PJAN(1.0),Population on 1 January by age and sex,A,Annual,NR,Number,TOTAL,Total,T,Total,DE_TOT,Germany including former GDR,2010,,81802257,,,,,
dataflow,ESTAT:DEMO_PJAN(1.0),Population on 1 January by age and sex,A,Annual,NR,Number,TOTAL,Total,T,Total,DE_TOT,Germany including former GDR,2011,,80222065,,b,break in time series,,
dataflow,ESTAT:DEMO_PJAN(1.0),Population on 1 January by age and sex,A,Annual,NR,Number,TOTAL,Total,T,Total,DE_TOT,Germany including former GDR,2012,,80327900,,,,,
dataflow,ESTAT:DEMO_PJAN(1.0),Population on 1 January by age and sex,A,Annual,NR,Number,TOTAL,Total,T,Total,DE_TOT,Germany including former GDR,2013,,80523746,,,,,
dataflow,ESTAT:DEMO_PJAN(1.0),Population on 1 January by age and sex,A,Annual,NR,Number,TOTAL,Total,T,Total,DE_TOT,Germany including former GDR,2014,,80767463,,,,,
dataflow,ESTAT:DEMO_PJAN(1.0),Population on 1 January by age and sex,A,Annual,NR,Number,TOTAL,Total,T,Total,DE_TOT,Germany including former GDR,2015,,81197537,,,,,
dataflow,ESTAT:DEMO_PJAN(1.0),Population on 1 January by age and sex,A,Annual,NR,Number,TOTAL,Total,T,Total,DE_TOT,Germany including former GDR,2016,,82175684,,,,,
dataflow,ESTAT:DEMO_PJAN(1.0),Population on 1 January by age and sex,A,Annual,NR,Number,TOTAL,Total,T,Total,DE_TOT,Germany including former GDR,2017,,82521653,,,,,
dataflow,ESTAT:DEMO_PJAN(1.0),Population on 1 January by age and sex,A,Annual,NR,Number,TOTAL,Total,T,Total,DE_TOT,Germany including former GDR,2018,,82792351,,,,,
dataflow,ESTAT:DEMO_PJAN(1.0),Population on 1 January by age and sex,A,Annual,NR,Number,TOTAL,Total,T,Total,DE_TOT,Germany including former GDR,2019,,83019213,,,,,
dataflow,ESTAT:DEMO_PJAN(1.0),Population on 1 January by age and sex,A,Annual,NR,Number,TOTAL,Total,T,Total,DE_TOT,Germany including former GDR,2020,,83166711,,,,,
dataflow,ESTAT:DEMO_PJAN(1.0),Population on 1 January by age and sex,A,Annual,NR,Number,TOTAL,Total,T,Total,DE_TOT,Germany including former GDR,2021,,83155031,,,,,
dataflow,ESTAT:DEMO_PJAN(1.0),Population on 1 January by age and sex,A,Annual,NR,Number,TOTAL,Total,T,Total,DE_TOT,Germany including former GDR,2022,,83237124,,,,,
dataflow,ESTAT:DEMO_PJAN(1.0),Population on 1 January by age and sex,A,Annual,NR,Number,TOTAL,Total,T,Total,DE_TOT,Germany including former GDR,2023,,83118501,,b,break in time series,,
dataflow,ESTAT:DEMO_PJAN(1.0),Population on 1 January by age and sex,A,Annual,NR,Number,TOTAL,Total,T,Total,DE_TOT,Germany including former GDR,2024,,83456045,,,,,
dataflow,ESTAT:DEMO_PJAN(1.0),Population on 1 January by age and sex,A,Annual,NR,Number,TOTAL,Total,T,Total,DE_TOT,Germany including former GDR,2025,,83577140,,,,,
dataflow,ESTAT:DEMO_PJAN(1.0),Population on 1 January by age and sex,A,Annual,NR,Number,TOTAL,Total,T,Total,DK,Denmark,1990,,5135409,,,,,
dataflow,ESTAT:DEMO_PJAN(1.0),Population on 1 January by age and sex,A,Annual,NR,Number,TOTAL,Total,T,Total,DK,Denmark,1991,,5146469,,,,,
dataflow,ESTAT:DEMO_PJAN(1.0),Population on 1 January by age and sex,A,Annual,NR,Number,TOTAL,Total,T,Total,DK,Denmark,1992,,5162126,,,,,
dataflow,ESTAT:DEMO_PJAN(1.0),Population on 1 January by age and sex,A,Annual,NR,Number,TOTAL,Total,T,Total,DK,Denmark,1993,,5180614,,,,,
dataflow,ESTAT:DEMO_PJAN(1.0),Population on 1 January by age and sex,A,Annual,NR,Number,TOTAL,Total,T,Total,DK,Denmark,1994,,5196642,,,,,
dataflow,ESTAT:DEMO_PJAN(1.0),Population on 1 January by age and sex,A,Annual,NR,Number,TOTAL,Total,T,Total,DK,Denmark,1995,,5215718,,,,,
dataflow,ESTAT:DEMO_PJAN(1.0),Population on 1 January by age and sex,A,Annual,NR,Number,TOTAL,Total,T,Total,DK,Denmark,1996,,5251027,,,,,
dataflow,ESTAT:DEMO_PJAN(1.0),Population on 1 January by age and sex,A,Annual,NR,Number,TOTAL,Total,T,Total,DK,Denmark,1997,,5275121,,,,,
dataflow,ESTAT:DEMO_PJAN(1.0),Population on 1 January by age and sex,A,Annual,NR,Number,TOTAL,Total,T,Total,DK,Denmark,1998,,5294860,,,,,
dataflow,ESTAT:DEMO_PJAN(1.0),Population on 1 January by age and sex,A,Annual,NR,Number,TOTAL,Total,T,Total,DK,Denmark,1999,,5313577,,,,,
dataflow,ESTAT:DEMO_PJAN(1.0),Population on 1 January by age and sex,A,Annual,NR,Number,TOTAL,Total,T,Total,DK,Denmark,2000,,5330020,,,,,
dataflow,ESTAT:DEMO_PJAN(1.0),Population on 1 January by age and sex,A,Annual,NR,Number,TOTAL,Total,T,Total,DK,Denmark,2001,,5349212,,,,,
dataflow,ESTAT:DEMO_PJAN(1.0),Population on 1 January by age and sex,A,Annual,NR,Number,TOTAL,Total,T,Total,DK,Denmark,2002,,5368354,,,,,
dataflow,ESTAT:DEMO_PJAN(1.0),Population on 1 January by age and sex,A,Annual,NR,Number,TOTAL,Total,T,Total,DK,Denmark,2003,,5383507,,,,,
dataflow,ESTAT:DEMO_PJAN(1.0),Population on 1 January by age and sex,A,Annual,NR,Number,TOTAL,Total,T,Total,DK,Denmark,2004,,5397640,,,,,
dataflow,ESTAT:DEMO_PJAN(1.0),Population on 1 January by age and sex,A,Annual,NR,Number,TOTAL,Total,T,Total,DK,Denmark,2005,,5411405,,,,,
dataflow,ESTAT:DEMO_PJAN(1.0),Population on 1 January by age and sex,A,Annual,NR,Number,TOTAL,Total,T,Total,DK,Denmark,2006,,5427459,,,,,
dataflow,ESTAT:DEMO_PJAN(1.0),Population on 1 January by age and sex,A,Annual,NR,Number,TOTAL,Total,T,Total,DK,Denmark,2007,,5447084,,,,,
dataflow,ESTAT:DEMO_PJAN(1.0),Population on 1 January by age and sex,A,Annual,NR,Number,TOTAL,Total,T,Total,DK,Denmark,2008,,5475791,,,,,
dataflow,ESTAT:DEMO_PJAN(1.0),Population on 1 January by age and sex,A,Annual,NR,Number,TOTAL,Total,T,Total,DK,Denmark,2009,,5511451,,,,,
dataflow,ESTAT:DEMO_PJAN(1.0),Population on 1 January by age and sex,A,Annual,NR,Number,TOTAL,Total,T,Total,DK,Denmark,2010,,5534738,,,,,
dataflow,ESTAT:DEMO_PJAN(1.0),Population on 1 January by age and sex,A,Annual,NR,Number,TOTAL,Total,T,Total,DK,Denmark,2011,,5560628,,,,,
dataflow,ESTAT:DEMO_PJAN(1.0),Population on 1 January by age and sex,A,Annual,NR,Number,TOTAL,Total,T,Total,DK,Denmark,2012,,5580516,,,,,
dataflow,ESTAT:DEMO_PJAN(1.0),Population on 1 January by age and sex,A,Annual,NR,Number,TOTAL,Total,T,Total,DK,Denmark,2013,,5602628,,,,,
dataflow,ESTAT:DEMO_PJAN(1.0),Population on 1 January by age and sex,A,Annual,NR,Number,TOTAL,Total,T,Total,DK,Denmark,2014,,5627235,,,,,
dataflow,ESTAT:DEMO_PJAN(1.0),Population on 1 January by age and sex,A,Annual,NR,Number,TOTAL,Total,T,Total,DK,Denmark,2015,,5659715,,,,,
dataflow,ESTAT:DEMO_PJAN(1.0),Population on 1 January by age and sex,A,Annual,NR,Number,TOTAL,Total,T,Total,DK,Denmark,2016,,5707251,,,,,
dataflow,ESTAT:DEMO_PJAN(1.0),Population on 1 January by age and sex,A,Annual,NR,Number,TOTAL,Total,T,Total,DK,Denmark,2017,,5748769,,,,,
dataflow,ESTAT:DEMO_PJAN(1.0),Population on 1 January by age and sex,A,Annual,NR,Number,TOTAL,Total,T,Total,DK,Denmark,2018,,5781190,,,,,
dataflow,ESTAT:DEMO_PJAN(1.0),Population on 1 January by age and sex,A,Annual,NR,Number,TOTAL,Total,T,Total,DK,Denmark,2019,,5806081,,,,,
dataflow,ESTAT:DEMO_PJAN(1.0),Population on 1 January by age and sex,A,Annual,NR,Number,TOTAL,Total,T,Total,DK,Denmark,2020,,5822763,,,,,
dataflow,ESTAT:DEMO_PJAN(1.0),Population on 1 January by age and sex,A,Annual,NR,Number,TOTAL,Total,T,Total,DK,Denmark,2021,,5840045,,,,,
dataflow,ESTAT:DEMO_PJAN(1.0),Population on 1 January by age and sex,A,Annual,NR,Number,TOTAL,Total,T,Total,DK,Denmark,2022,,5873420,,,,,
dataflow,ESTAT:DEMO_PJAN(1.0),Population on 1 January by age and sex,A,Annual,NR,Number,TOTAL,Total,T,Total,DK,Denmark,2023,,5932654,,,,,
dataflow,ESTAT:DEMO_PJAN(1.0),Population on 1 January by age and sex,A,Annual,NR,Number,TOTAL,Total,T,Total,DK,Denmark,2024,,5961249,,,,,
dataflow,ESTAT:DEMO_PJAN(1.0),Population on 1 January by age and sex,A,Annual,NR,Number,TOTAL,Total,T,Total,DK,Denmark,2025,,5992734,,,,,
dataflow,ESTAT:DEMO_PJAN(1.0),Population on 1 January by age and sex,A,Annual,NR,Number,TOTAL,Total,T,Total,EA20,Euro area – 20 countries (2023-2025),2013,,340884869,,,,,
dataflow,ESTAT:DEMO_PJAN(1.0),Population on 1 January by age and sex,A,Annual,NR,Number,TOTAL,Total,T,Total,EA20,Euro area – 20 countries (2023-2025),2014,,341550723,,be,"break in time series, estimated",,
dataflow,ESTAT:DEMO_PJAN(1.0),Population on 1 January by age and sex,A,Annual,NR,Number,TOTAL,Total,T,Total,EA20,Euro area – 20 countries (2023-2025),2015,,342257711,,be,"break in time series, estimated",,
dataflow,ESTAT:DEMO_PJAN(1.0),Population on 1 January by age and sex,A,Annual,NR,Number,TOTAL,Total,T,Total,EA20,Euro area – 20 countries (2023-2025),2016,,343444952,,,,,
dataflow,ESTAT:DEMO_PJAN(1.0),Population on 1 January by age and sex,A,Annual,NR,Number,TOTAL,Total,T,Total,EA20,Euro area – 20 countries (2023-2025),2017,,344141575,,b,break in time series,,
dataflow,ESTAT:DEMO_PJAN(1.0),Population on 1 January by age and sex,A,Annual,NR,Number,TOTAL,Total,T,Total,EA20,Euro area – 20 countries (2023-2025),2018,,344808648,,,,,
dataflow,ESTAT:DEMO_PJAN(1.0),Population on 1 January by age and sex,A,Annual,NR,Number,TOTAL,Total,T,Total,EA20,Euro area – 20 countries (2023-2025),2019,,345712139,,,,,
dataflow,ESTAT:DEMO_PJAN(1.0),Population on 1 January by age and sex,A,Annual,NR,Number,TOTAL,Total,T,Total,EA20,Euro area – 20 countries (2023-2025),2020,,346640106,,,,,
dataflow,ESTAT:DEMO_PJAN(1.0),Population on 1 January by age and sex,A,Annual,NR,Number,TOTAL,Total,T,Total,EA20,Euro area – 20 countries (2023-2025),2021,,346718238,,,,,
dataflow,ESTAT:DEMO_PJAN(1.0),Population on 1 January by age and sex,A,Annual,NR,Number,TOTAL,Total,T,Total,EA20,Euro area – 20 countries (2023-2025),2022,,347104468,,,,,
dataflow,ESTAT:DEMO_PJAN(1.0),Population on 1 January by age and sex,A,Annual,NR,Number,TOTAL,Total,T,Total,EA20,Euro area – 20 countries (2023-2025),2023,,348557873,,bp,"break in time series, provisional",,
dataflow,ESTAT:DEMO_PJAN(1.0),Population on 1 January by age and sex,A,Annual,NR,Number,TOTAL,Total,T,Total,EA20,Euro area – 20 countries (2023-2025),2024,,350174019,,p,provisional,,
dataflow,ESTAT:DEMO_PJAN(1.0),Population on 1 January by age and sex,A,Annual,NR,Number,TOTAL,Total,T,Total,EA20,Euro area – 20 countries (2023-2025),2025,,351639519,,p,provisional,,
dataflow,ESTAT:DEMO_PJAN(1.0),Population on 1 January by age and sex,A,Annual,NR,Number,TOTAL,Total,T,Total,EA21,Euro area – 21 countries (from 2026),2025,,358076879,,p,provisional,,
dataflow,ESTAT:DEMO_PJAN(1.0),Population on 1 January by age and sex,A,Annual,NR,Number,TOTAL,Total,T,Total,EE,Estonia,1990,,1570599,,,,,
dataflow,ESTAT:DEMO_PJAN(1.0),Population on 1 January by age and sex,A,Annual,NR,Number,TOTAL,Total,T,Total,EE,Estonia,1991,,1567749,,,,,
dataflow,ESTAT:DEMO_PJAN(1.0),Population on 1 January by age and sex,A,Annual,NR,Number,TOTAL,Total,T,Total,EE,Estonia,1992,,1554878,,,,,
dataflow,ESTAT:DEMO_PJAN(1.0),Population on 1 January by age and sex,A,Annual,NR,Number,TOTAL,Total,T,Total,EE,Estonia,1993,,1511303,,,,,
dataflow,ESTAT:DEMO_PJAN(1.0),Population on 1 January by age and sex,A,Annual,NR,Number,TOTAL,Total,T,Total,EE,Estonia,1994,,1476952,,,,,
dataflow,ESTAT:DEMO_PJAN(1.0),Population on 1 January by age and sex,A,Annual,NR,Number,TOTAL,Total,T,Total,EE,Estonia,1995,,1448075,,,,,
dataflow,ESTAT:DEMO_PJAN(1.0),Population on 1 January by age and sex,A,Annual,NR,Number,TOTAL,Total,T,Total,EE,Estonia,1996,,1425192,,,,,
dataflow,ESTAT:DEMO_PJAN(1.0),Population on 1 January by age and sex,A,Annual,NR,Number,TOTAL,Total,T,Total,EE,Estonia,1997,,1405996,,,,,
dataflow,ESTAT:DEMO_PJAN(1.0),Population on 1 January by age and sex,A,Annual,NR,Number,TOTAL,Total,T,Total,EE,Estonia,1998,,1393074,,,,,
dataflow,ESTAT:DEMO_PJAN(1.0),Population on 1 January by age and sex,A,Annual,NR,Number,TOTAL,Total,T,Total,EE,Estonia,1999,,1379237,,,,,
dataflow,ESTAT:DEMO_PJAN(1.0),Population on 1 January by age and sex,A,Annual,NR,Number,TOTAL,Total,T,Total,EE,Estonia,2000,,1401250,,,,,
dataflow,ESTAT:DEMO_PJAN(1.0),Population on 1 January by age and sex,A,Annual,NR,Number,TOTAL,Total,T,Total,EE,Estonia,2001,,1392720,,,,,
dataflow,ESTAT:DEMO_PJAN(1.0),Population on 1 January by age and sex,A,Annual,NR,Number,TOTAL,Total,T,Total,EE,Estonia,2002,,1383510,,,,,
dataflow,ESTAT:DEMO_PJAN(1.0),Population on 1 January by age and sex,A,Annual,NR,Number,TOTAL,Total,T,Total,EE,Estonia,2003,,1375190,,,,,
dataflow,ESTAT:DEMO_PJAN(1.0),Population on 1 January by age and sex,A,Annual,NR,Number,TOTAL,Total,T,Total,EE,Estonia,2004,,1366250,,,,,
dataflow,ESTAT:DEMO_PJAN(1.0),Population on 1 January by age and sex,A,Annual,NR,Number,TOTAL,Total,T,Total,EE,Estonia,2005,,1358850,,,,,
dataflow,ESTAT:DEMO_PJAN(1.0),Population on 1 January by age and sex,A,Annual,NR,Number,TOTAL,Total,T,Total,EE,Estonia,2006,,1350700,,,,,
dataflow,ESTAT:DEMO_PJAN(1.0),Population on 1 January by age and sex,A,Annual,NR,Number,TOTAL,Total,T,Total,EE,Estonia,2007,,1342920,,,,,
dataflow,ESTAT:DEMO_PJAN(1.0),Population on 1 January by age and sex,A,Annual,NR,Number,TOTAL,Total,T,Total,EE,Estonia,2008,,1338440,,,,,
dataflow,ESTAT:DEMO_PJAN(1.0),Population on 1 January by age and sex,A,Annual,NR,Number,TOTAL,Total,T,Total,EE,Estonia,2009,,1335740,,,,,
dataflow,ESTAT:DEMO_PJAN(1.0),Population on 1 January by age and sex,A,Annual,NR,Number,TOTAL,Total,T,Total,EE,Estonia,2010,,1333290,,,,,
dataflow,ESTAT:DEMO_PJAN(1.0),Population on 1 January by age and sex,A,Annual,NR,Number,TOTAL,Total,T,Total,EE,Estonia,2011,,1329660,,,,,
dataflow,ESTAT:DEMO_PJAN(1.0),Population on 1 January by age and sex,A,Annual,NR,Number,TOTAL,Total,T,Total,EE,Estonia,2012,,1325217,,,,,
dataflow,ESTAT:DEMO_PJAN(1.0),Population on 1 January by age and sex,A,Annual,NR,Number,TOTAL,Total,T,Total,EE,Estonia,2013,,1320174,,,,,
dataflow,ESTAT:DEMO_PJAN(1.0),Population on 1 January by age and sex,A,Annual,NR,Number,TOTAL,Total,T,Total,EE,Estonia,2014,,1315819,,,,,
dataflow,ESTAT:DEMO_PJAN(1.0),Population on 1 January by age and sex,A,Annual,NR,Number,TOTAL,Total,T,Total,EE,Estonia,2015,,1314870,,b,break in time series,,
dataflow,ESTAT:DEMO_PJAN(1.0),Population on 1 January by age and sex,A,Annual,NR,Number,TOTAL,Total,T,Total,EE,Estonia,2016,,1315944,,,,,
dataflow,ESTAT:DEMO_PJAN(1.0),Population on 1 January by age and sex,A,Annual,NR,Number,TOTAL,Total,T,Total,EE,Estonia,2017,,1315635,,,,,
dataflow,ESTAT:DEMO_PJAN(1.0),Population on 1 January by age and sex,A,Annual,NR,Number,TOTAL,Total,T,Total,EE,Estonia,2018,,1319133,,,,,
dataflow,ESTAT:DEMO_PJAN(1.0),Population on 1 January by age and sex,A,Annual,NR,Number,TOTAL,Total,T,Total,EE,Estonia,2019,,1324820,,,,,
dataflow,ESTAT:DEMO_PJAN(1.0),Population on 1 January by age and sex,A,Annual,NR,Number,TOTAL,Total,T,Total,EE,Estonia,2020,,1328976,,,,,
dataflow,ESTAT:DEMO_PJAN(1.0),Population on 1 January by age and sex,A,Annual,NR,Number,TOTAL,Total,T,Total,EE,Estonia,2021,,1330068,,,,,
dataflow,ESTAT:DEMO_PJAN(1.0),Population on 1 January by age and sex,A,Annual,NR,Number,TOTAL,Total,T,Total,EE,Estonia,2022,,1331796,,,,,
dataflow,ESTAT:DEMO_PJAN(1.0),Population on 1 January by age and sex,A,Annual,NR,Number,TOTAL,Total,T,Total,EE,Estonia,2023,,1365884,,,,,
dataflow,ESTAT:DEMO_PJAN(1.0),Population on 1 January by age and sex,A,Annual,NR,Number,TOTAL,Total,T,Total,EE,Estonia,2024,,1374687,,,,,
dataflow,ESTAT:DEMO_PJAN(1.0),Population on 1 January by age and sex,A,Annual,NR,Number,TOTAL,Total,T,Total,EE,Estonia,2025,,1369995,,,,,
dataflow,ESTAT:DEMO_PJAN(1.0),Population on 1 January by age and sex,A,Annual,NR,Number,TOTAL,Total,T,Total,EEA30_2007,"European Economic Area (EU27 - 2007-2013 and IS, LI, NO)",1990,,474930508,,,,,
dataflow,ESTAT:DEMO_PJAN(1.0),Population on 1 January by age and sex,A,Annual,NR,Number,TOTAL,Total,T,Total,EEA30_2007,"European Economic Area (EU27 - 2007-2013 and IS, LI, NO)",1991,,476594784,,b,break in time series,,
dataflow,ESTAT:DEMO_PJAN(1.0),Population on 1 January by age and sex,A,Annual,NR,Number,TOTAL,Total,T,Total,EEA30_2007,"European Economic Area (EU27 - 2007-2013 and IS, LI, NO)",1992,,477892012,,,,,
dataflow,ESTAT:DEMO_PJAN(1.0),Population on 1 January by age and sex,A,Annual,NR,Number,TOTAL,Total,T,Total,EEA30_2007,"European Economic Area (EU27 - 2007-2013 and IS, LI, NO)",1993,,479597438,,,,,
dataflow,ESTAT:DEMO_PJAN(1.0),Population on 1 January by age and sex,A,Annual,NR,Number,TOTAL,Total,T,Total,EEA30_2007,"European Economic Area (EU27 - 2007-2013 and IS, LI, NO)",1994,,480868037,,,,,
dataflow,ESTAT:DEMO_PJAN(1.0),Population on 1 January by age and sex,A,Annual,NR,Number,TOTAL,Total,T,Total,EEA30_2007,"European Economic Area (EU27 - 2007-2013 and IS, LI, NO)",1995,,481891130,,,,,
dataflow,ESTAT:DEMO_PJAN(1.0),Population on 1 January by age and sex,A,Annual,NR,Number,TOTAL,Total,T,Total,EEA30_2007,"European Economic Area (EU27 - 2007-2013 and IS, LI, NO)",1996,,482824056,,,,,
dataflow,ESTAT:DEMO_PJAN(1.0),Population on 1 January by age and sex,A,Annual,NR,Number,TOTAL,Total,T,Total,EEA30_2007,"European Economic Area (EU27 - 2007-2013 and IS, LI, NO)",1997,,483673506,,,,,
dataflow,ESTAT:DEMO_PJAN(1.0),Population on 1 January by age and sex,A,Annual,NR,Number,TOTAL,Total,T,Total,EEA30_2007,"European Economic Area (EU27 - 2007-2013 and IS, LI, NO)",1998,,486062046,,b,break in time series,,
dataflow,ESTAT:DEMO_PJAN(1.0),Population on 1 January by age and sex,A,Annual,NR,Number,TOTAL,Total,T,Total,EEA30_2007,"European Economic Area (EU27 - 2007-2013 and IS, LI, NO)",1999,,486803550,,,,,
dataflow,ESTAT:DEMO_PJAN(1.0),Population on 1 January by age and sex,A,Annual,NR,Number,TOTAL,Total,T,Total,EEA30_2007,"European Economic Area (EU27 - 2007-2013 and IS, LI, NO)",2000,,487551317,,b,break in time series,,
dataflow,ESTAT:DEMO_PJAN(1.0),Population on 1 January by age and sex,A,Annual,NR,Number,TOTAL,Total,T,Total,EEA30_2007,"European Economic Area (EU27 - 2007-2013 and IS, LI, NO)",2001,,488764781,,,,,
dataflow,ESTAT:DEMO_PJAN(1.0),Population on 1 January by age and sex,A,Annual,NR,Number,TOTAL,Total,T,Total,EEA30_2007,"European Economic Area (EU27 - 2007-2013 and IS, LI, NO)",2002,,489501378,,,,,
dataflow,ESTAT:DEMO_PJAN(1.0),Population on 1 January by age and sex,A,Annual,NR,Number,TOTAL,Total,T,Total,EEA30_2007,"European Economic Area (EU27 - 2007-2013 and IS, LI, NO)",2003,,491260780,,,,,
dataflow,ESTAT:DEMO_PJAN(1.0),Population on 1 January by age and sex,A,Annual,NR,Number,TOTAL,Total,T,Total,EEA30_2007,"European Economic Area (EU27 - 2007-2013 and IS, LI, NO)",2004,,493152394,,,,,
dataflow,ESTAT:DEMO_PJAN(1.0),Population on 1 January by age and sex,A,Annual,NR,Number,TOTAL,Total,T,Total,EEA30_2007,"European Economic Area (EU27 - 2007-2013 and IS, LI, NO)",2005,,495222001,,,,,
dataflow,ESTAT:DEMO_PJAN(1.0),Population on 1 January by age and sex,A,Annual,NR,Number,TOTAL,Total,T,Total,EEA30_2007,"European Economic Area (EU27 - 2007-2013 and IS, LI, NO)",2006,,497099125,,,,,
dataflow,ESTAT:DEMO_PJAN(1.0),Population on 1 January by age and sex,A,Annual,NR,Number,TOTAL,Total,T,Total,EEA30_2007,"European Economic Area (EU27 - 2007-2013 and IS, LI, NO)",2007,,499011219,,,,,
dataflow,ESTAT:DEMO_PJAN(1.0),Population on 1 January by age and sex,A,Annual,NR,Number,TOTAL,Total,T,Total,EEA30_2007,"European Economic Area (EU27 - 2007-2013 and IS, LI, NO)",2008,,501073052,,b,break in time series,,
dataflow,ESTAT:DEMO_PJAN(1.0),Population on 1 January by age and sex,A,Annual,NR,Number,TOTAL,Total,T,Total,EEA30_2007,"European Economic Area (EU27 - 2007-2013 and IS, LI, NO)",2009,,502934648,,,,,
dataflow,ESTAT:DEMO_PJAN(1.0),Population on 1 January by age and sex,A,Annual,NR,Number,TOTAL,Total,T,Total,EEA30_2007,"European Economic Area (EU27 - 2007-2013 and IS, LI, NO)",2010,,504079494,,b,break in time series,,
dataflow,ESTAT:DEMO_PJAN(1.0),Population on 1 January by age and sex,A,Annual,NR,Number,TOTAL,Total,T,Total,EEA30_2007,"European Economic Area (EU27 - 2007-2013 and IS, LI, NO)",2011,,503949886,,b,break in time series,,
dataflow,ESTAT:DEMO_PJAN(1.0),Population on 1 January by age and sex,A,Annual,NR,Number,TOTAL,Total,T,Total,EEA30_2007,"European Economic Area (EU27 - 2007-2013 and IS, LI, NO)",2012,,505113900,,b,break in time series,,
dataflow,ESTAT:DEMO_PJAN(1.0),Population on 1 January by age and sex,A,Annual,NR,Number,TOTAL,Total,T,Total,EEA30_2007,"European Economic Area (EU27 - 2007-2013 and IS, LI, NO)",2013,,506310838,,,,,
dataflow,ESTAT:DEMO_PJAN(1.0),Population on 1 January by age and sex,A,Annual,NR,Number,TOTAL,Total,T,Total,EEA30_2007,"European Economic Area (EU27 - 2007-2013 and IS, LI, NO)",2015,,509115773,,be,"break in time series, estimated",,
dataflow,ESTAT:DEMO_PJAN(1.0),Population on 1 January by age and sex,A,Annual,NR,Number,TOTAL,Total,T,Total,EEA30_2007,"European Economic Area (EU27 - 2007-2013 and IS, LI, NO)",2016,,510819888,,e,estimated,,
dataflow,ESTAT:DEMO_PJAN(1.0),Population on 1 January by age and sex,A,Annual,NR,Number,TOTAL,Total,T,Total,EEA30_2007,"European Economic Area (EU27 - 2007-2013 and IS, LI, NO)",2017,,512055378,,be,"break in time series, estimated",,
dataflow,ESTAT:DEMO_PJAN(1.0),Population on 1 January by age and sex,A,Annual,NR,Number,TOTAL,Total,T,Total,EEA30_2007,"European Economic Area (EU27 - 2007-2013 and IS, LI, NO)",2018,,513228429,,e,estimated,,
dataflow,ESTAT:DEMO_PJAN(1.0),Population on 1 January by age and sex,A,Annual,NR,Number,TOTAL,Total,T,Total,EEA30_2007,"European Economic Area (EU27 - 2007-2013 and IS, LI, NO)",2019,,514537646,,b,break in time series,,
dataflow,ESTAT:DEMO_PJAN(1.0),Population on 1 January by age and sex,A,Annual,NR,Number,TOTAL,Total,T,Total,EEA30_2007,"European Economic Area (EU27 - 2007-2013 and IS, LI, NO)",2020,,515878092,,e,estimated,,
dataflow,ESTAT:DEMO_PJAN(1.0),Population on 1 January by age and sex,A,Annual,NR,Number,TOTAL,Total,T,Total,EEA31,"European Economic Area (EU28 - 2013-2020 and IS, LI, NO)",1990,,479703064,,,,,
dataflow,ESTAT:DEMO_PJAN(1.0),Population on 1 January by age and sex,A,Annual,NR,Number,TOTAL,Total,T,Total,EEA31,"European Economic Area (EU28 - 2013-2020 and IS, LI, NO)",1991,,481376963,,be,"break in time series, estimated",,
dataflow,ESTAT:DEMO_PJAN(1.0),Population on 1 January by age and sex,A,Annual,NR,Number,TOTAL,Total,T,Total,EEA31,"European Economic Area (EU28 - 2013-2020 and IS, LI, NO)",1992,,482487877,,e,estimated,,
dataflow,ESTAT:DEMO_PJAN(1.0),Population on 1 January by age and sex,A,Annual,NR,Number,TOTAL,Total,T,Total,EEA31,"European Economic Area (EU28 - 2013-2020 and IS, LI, NO)",1993,,484153209,,e,estimated,,
dataflow,ESTAT:DEMO_PJAN(1.0),Population on 1 January by age and sex,A,Annual,NR,Number,TOTAL,Total,T,Total,EEA31,"European Economic Area (EU28 - 2013-2020 and IS, LI, NO)",1994,,485513192,,e,estimated,,
dataflow,ESTAT:DEMO_PJAN(1.0),Population on 1 January by age and sex,A,Annual,NR,Number,TOTAL,Total,T,Total,EEA31,"European Economic Area (EU28 - 2013-2020 and IS, LI, NO)",1995,,486550023,,e,estimated,,
dataflow,ESTAT:DEMO_PJAN(1.0),Population on 1 January by age and sex,A,Annual,NR,Number,TOTAL,Total,T,Total,EEA31,"European Economic Area (EU28 - 2013-2020 and IS, LI, NO)",1996,,487405223,,e,estimated,,
dataflow,ESTAT:DEMO_PJAN(1.0),Population on 1 January by age and sex,A,Annual,NR,Number,TOTAL,Total,T,Total,EEA31,"European Economic Area (EU28 - 2013-2020 and IS, LI, NO)",1997,,488206534,,e,estimated,,
dataflow,ESTAT:DEMO_PJAN(1.0),Population on 1 January by age and sex,A,Annual,NR,Number,TOTAL,Total,T,Total,EEA31,"European Economic Area (EU28 - 2013-2020 and IS, LI, NO)",1998,,490598858,,be,"break in time series, estimated",,
dataflow,ESTAT:DEMO_PJAN(1.0),Population on 1 January by age and sex,A,Annual,NR,Number,TOTAL,Total,T,Total,EEA31,"European Economic Area (EU28 - 2013-2020 and IS, LI, NO)",1999,,491331010,,e,estimated,,
dataflow,ESTAT:DEMO_PJAN(1.0),Population on 1 January by age and sex,A,Annual,NR,Number,TOTAL,Total,T,Total,EEA31,"European Economic Area (EU28 - 2013-2020 and IS, LI, NO)",2000,,492049052,,be,"break in time series, estimated",,
dataflow,ESTAT:DEMO_PJAN(1.0),Population on 1 January by age and sex,A,Annual,NR,Number,TOTAL,Total,T,Total,EEA31,"European Economic Area (EU28 - 2013-2020 and IS, LI, NO)",2001,,493060187,,b,break in time series,,
dataflow,ESTAT:DEMO_PJAN(1.0),Population on 1 January by age and sex,A,Annual,NR,Number,TOTAL,Total,T,Total,EEA31,"European Economic Area (EU28 - 2013-2020 and IS, LI, NO)",2002,,493806872,,,,,
dataflow,ESTAT:DEMO_PJAN(1.0),Population on 1 January by age and sex,A,Annual,NR,Number,TOTAL,Total,T,Total,EEA31,"European Economic Area (EU28 - 2013-2020 and IS, LI, NO)",2003,,495566164,,,,,
dataflow,ESTAT:DEMO_PJAN(1.0),Population on 1 January by age and sex,A,Annual,NR,Number,TOTAL,Total,T,Total,EEA31,"European Economic Area (EU28 - 2013-2020 and IS, LI, NO)",2004,,497458119,,,,,
dataflow,ESTAT:DEMO_PJAN(1.0),Population on 1 January by age and sex,A,Annual,NR,Number,TOTAL,Total,T,Total,EEA31,"European Economic Area (EU28 - 2013-2020 and IS, LI, NO)",2005,,499532862,,,,,
dataflow,ESTAT:DEMO_PJAN(1.0),Population on 1 January by age and sex,A,Annual,NR,Number,TOTAL,Total,T,Total,EEA31,"European Economic Area (EU28 - 2013-2020 and IS, LI, NO)",2006,,501411612,,,,,
dataflow,ESTAT:DEMO_PJAN(1.0),Population on 1 January by age and sex,A,Annual,NR,Number,TOTAL,Total,T,Total,EEA31,"European Economic Area (EU28 - 2013-2020 and IS, LI, NO)",2007,,503324749,,,,,
dataflow,ESTAT:DEMO_PJAN(1.0),Population on 1 January by age and sex,A,Annual,NR,Number,TOTAL,Total,T,Total,EEA31,"European Economic Area (EU28 - 2013-2020 and IS, LI, NO)",2008,,505385019,,b,break in time series,,
dataflow,ESTAT:DEMO_PJAN(1.0),Population on 1 January by age and sex,A,Annual,NR,Number,TOTAL,Total,T,Total,EEA31,"European Economic Area (EU28 - 2013-2020 and IS, LI, NO)",2009,,507244444,,,,,
dataflow,ESTAT:DEMO_PJAN(1.0),Population on 1 January by age and sex,A,Annual,NR,Number,TOTAL,Total,T,Total,EEA31,"European Economic Area (EU28 - 2013-2020 and IS, LI, NO)",2010,,508382341,,b,break in time series,,
dataflow,ESTAT:DEMO_PJAN(1.0),Population on 1 January by age and sex,A,Annual,NR,Number,TOTAL,Total,T,Total,EEA31,"European Economic Area (EU28 - 2013-2020 and IS, LI, NO)",2011,,508239743,,b,break in time series,,
dataflow,ESTAT:DEMO_PJAN(1.0),Population on 1 January by age and sex,A,Annual,NR,Number,TOTAL,Total,T,Total,EEA31,"European Economic Area (EU28 - 2013-2020 and IS, LI, NO)",2012,,509389884,,b,break in time series,,
dataflow,ESTAT:DEMO_PJAN(1.0),Population on 1 January by age and sex,A,Annual,NR,Number,TOTAL,Total,T,Total,EEA31,"European Economic Area (EU28 - 2013-2020 and IS, LI, NO)",2013,,511055242,,b,break in time series,,
dataflow,ESTAT:DEMO_PJAN(1.0),Population on 1 January by age and sex,A,Annual,NR,Number,TOTAL,Total,T,Total,EEA31,"European Economic Area (EU28 - 2013-2020 and IS, LI, NO)",2015,,513310526,,be,"break in time series, estimated",,
dataflow,ESTAT:DEMO_PJAN(1.0),Population on 1 January by age and sex,A,Annual,NR,Number,TOTAL,Total,T,Total,EEA31,"European Economic Area (EU28 - 2013-2020 and IS, LI, NO)",2016,,514966448,,e,estimated,,
dataflow,ESTAT:DEMO_PJAN(1.0),Population on 1 January by age and sex,A,Annual,NR,Number,TOTAL,Total,T,Total,EEA31,"European Economic Area (EU28 - 2013-2020 and IS, LI, NO)",2017,,516149223,,be,"break in time series, estimated",,
dataflow,ESTAT:DEMO_PJAN(1.0),Population on 1 January by age and sex,A,Annual,NR,Number,TOTAL,Total,T,Total,EEA31,"European Economic Area (EU28 - 2013-2020 and IS, LI, NO)",2018,,517257135,,e,estimated,,
dataflow,ESTAT:DEMO_PJAN(1.0),Population on 1 January by age and sex,A,Annual,NR,Number,TOTAL,Total,T,Total,EEA31,"European Economic Area (EU28 - 2013-2020 and IS, LI, NO)",2019,,518520617,,,,,
dataflow,ESTAT:DEMO_PJAN(1.0),Population on 1 January by age and sex,A,Annual,NR,Number,TOTAL,Total,T,Total,EEA31,"European Economic Area (EU28 - 2013-2020 and IS, LI, NO)",2020,,519826027,,e,estimated,,
dataflow,ESTAT:DEMO_PJAN(1.0),Population on 1 January by age and sex,A,Annual,NR,Number,TOTAL,Total,T,Total,EFTA,European Free Trade Association,1990,,11189203,,,,,
dataflow,ESTAT:DEMO_PJAN(1.0),Population on 1 January by age and sex,A,Annual,NR,Number,TOTAL,Total,T,Total,EFTA,European Free Trade Association,1991,,11291916,,,,,
dataflow,ESTAT:DEMO_PJAN(1.0),Population on 1 January by age and sex,A,Annual,NR,Number,TOTAL,Total,T,Total,EFTA,European Free Trade Association,1992,,11405515,,,,,
dataflow,ESTAT:DEMO_PJAN(1.0),Population on 1 January by age and sex,A,Annual,NR,Number,TOTAL,Total,T,Total,EFTA,European Free Trade Association,1993,,11499380,,,,,
dataflow,ESTAT:DEMO_PJAN(1.0),Population on 1 January by age and sex,A,Annual,NR,Number,TOTAL,Total,T,Total,EFTA,European Free Trade Association,1994,,11588759,,,,,
dataflow,ESTAT:DEMO_PJAN(1.0),Population on 1 January by age and sex,A,Annual,NR,Number,TOTAL,Total,T,Total,EFTA,European Free Trade Association,1995,,11665036,,,,,
dataflow,ESTAT:DEMO_PJAN(1.0),Population on 1 January by age and sex,A,Annual,NR,Number,TOTAL,Total,T,Total,EFTA,European Free Trade Association,1996,,11731192,,,,,
dataflow,ESTAT:DEMO_PJAN(1.0),Population on 1 January by age and sex,A,Annual,NR,Number,TOTAL,Total,T,Total,EFTA,European Free Trade Association,1997,,11775077,,,,,
dataflow,ESTAT:DEMO_PJAN(1.0),Population on 1 January by age and sex,A,Annual,NR,Number,TOTAL,Total,T,Total,EFTA,European Free Trade Association,1998,,11817765,,,,,
dataflow,ESTAT:DEMO_PJAN(1.0),Population on 1 January by age and sex,A,Annual,NR,Number,TOTAL,Total,T,Total,EFTA,European Free Trade Association,1999,,11876593,,,,,
dataflow,ESTAT:DEMO_PJAN(1.0),Population on 1 January by age and sex,A,Annual,NR,Number,TOTAL,Total,T,Total,EFTA,European Free Trade Association,2000,,11954416,,,,,
dataflow,ESTAT:DEMO_PJAN(1.0),Population on 1 January by age and sex,A,Annual,NR,Number,TOTAL,Total,T,Total,EFTA,European Free Trade Association,2001,,12023715,,,,,
dataflow,ESTAT:DEMO_PJAN(1.0),Population on 1 January by age and sex,A,Annual,NR,Number,TOTAL,Total,T,Total,EFTA,European Free Trade Association,2002,,12099819,,,,,
dataflow,ESTAT:DEMO_PJAN(1.0),Population on 1 January by age and sex,A,Annual,NR,Number,TOTAL,Total,T,Total,EFTA,European Free Trade Association,2003,,12188439,,,,,
dataflow,ESTAT:DEMO_PJAN(1.0),Population on 1 January by age and sex,A,Annual,NR,Number,TOTAL,Total,T,Total,EFTA,European Free Trade Association,2004,,12266469,,,,,
dataflow,ESTAT:DEMO_PJAN(1.0),Population on 1 January by age and sex,A,Annual,NR,Number,TOTAL,Total,T,Total,EFTA,European Free Trade Association,2005,,12349642,,,,,
dataflow,ESTAT:DEMO_PJAN(1.0),Population on 1 January by age and sex,A,Annual,NR,Number,TOTAL,Total,T,Total,EFTA,European Free Trade Association,2006,,12434143,,,,,
dataflow,ESTAT:DEMO_PJAN(1.0),Population on 1 January by age and sex,A,Annual,NR,Number,TOTAL,Total,T,Total,EFTA,European Free Trade Association,2007,,12532713,,,,,
dataflow,ESTAT:DEMO_PJAN(1.0),Population on 1 January by age and sex,A,Annual,NR,Number,TOTAL,Total,T,Total,EFTA,European Free Trade Association,2008,,12681480,,,,,
dataflow,ESTAT:DEMO_PJAN(1.0),Population on 1 January by age and sex,A,Annual,NR,Number,TOTAL,Total,T,Total,EFTA,European Free Trade Association,2009,,12856065,,,,,
dataflow,ESTAT:DEMO_PJAN(1.0),Population on 1 January by age and sex,A,Annual,NR,Number,TOTAL,Total,T,Total,EFTA,European Free Trade Association,2010,,12997529,,,,,
dataflow,ESTAT:DEMO_PJAN(1.0),Population on 1 January by age and sex,A,Annual,NR,Number,TOTAL,Total,T,Total,EFTA,European Free Trade Association,2011,,13145040,,b,break in time series,,
dataflow,ESTAT:DEMO_PJAN(1.0),Population on 1 January by age and sex,A,Annual,NR,Number,TOTAL,Total,T,Total,EFTA,European Free Trade Association,2012,,13296582,,,,,
dataflow,ESTAT:DEMO_PJAN(1.0),Population on 1 January by age and sex,A,Annual,NR,Number,TOTAL,Total,T,Total,EFTA,European Free Trade Association,2013,,13449030,,,,,
dataflow,ESTAT:DEMO_PJAN(1.0),Population on 1 January by age and sex,A,Annual,NR,Number,TOTAL,Total,T,Total,EFTA,European Free Trade Association,2014,,13611487,,,,,
dataflow,ESTAT:DEMO_PJAN(1.0),Population on 1 January by age and sex,A,Annual,NR,Number,TOTAL,Total,T,Total,EFTA,European Free Trade Association,2015,,13769934,,,,,
dataflow,ESTAT:DEMO_PJAN(1.0),Population on 1 January by age and sex,A,Annual,NR,Number,TOTAL,Total,T,Total,EFTA,European Free Trade Association,2016,,13911262,,,,,
dataflow,ESTAT:DEMO_PJAN(1.0),Population on 1 January by age and sex,A,Annual,NR,Number,TOTAL,Total,T,Total,EFTA,European Free Trade Association,2017,,14054026,,,,,
dataflow,ESTAT:DEMO_PJAN(1.0),Population on 1 January by age and sex,A,Annual,NR,Number,TOTAL,Total,T,Total,EFTA,European Free Trade Association,2018,,14166313,,,,,
dataflow,ESTAT:DEMO_PJAN(1.0),Population on 1 January by age and sex,A,Annual,NR,Number,TOTAL,Total,T,Total,EFTA,European Free Trade Association,2019,,14268108,,,,,
dataflow,ESTAT:DEMO_PJAN(1.0),Population on 1 January by age and sex,A,Annual,NR,Number,TOTAL,Total,T,Total,EFTA,European Free Trade Association,2020,,14376494,,,,,
dataflow,ESTAT:DEMO_PJAN(1.0),Population on 1 January by age and sex,A,Annual,NR,Number,TOTAL,Total,T,Total,EFTA,European Free Trade Association,2021,,14469516,,,,,
dataflow,ESTAT:DEMO_PJAN(1.0),Population on 1 January by age and sex,A,Annual,NR,Number,TOTAL,Total,T,Total,EFTA,European Free Trade Association,2022,,14579617,,,,,
dataflow,ESTAT:DEMO_PJAN(1.0),Population on 1 January by age and sex,A,Annual,NR,Number,TOTAL,Total,T,Total,EFTA,European Free Trade Association,2023,,14731804,,,,,
dataflow,ESTAT:DEMO_PJAN(1.0),Population on 1 January by age and sex,A,Annual,NR,Number,TOTAL,Total,T,Total,EFTA,European Free Trade Association,2024,,14936057,,,,,
dataflow,ESTAT:DEMO_PJAN(1.0),Population on 1 January by age and sex,A,Annual,NR,Number,TOTAL,Total,T,Total,EFTA,European Free Trade Association,2025,,15075699,,,,,
dataflow,ESTAT:DEMO_PJAN(1.0),Population on 1 January by age and sex,A,Annual,NR,Number,TOTAL,Total,T,Total,EL,Greece,1990,,10120892,,,,,
dataflow,ESTAT:DEMO_PJAN(1.0),Population on 1 January by age and sex,A,Annual,NR,Number,TOTAL,Total,T,Total,EL,Greece,1991,,10272691,,,,,
dataflow,ESTAT:DEMO_PJAN(1.0),Population on 1 January by age and sex,A,Annual,NR,Number,TOTAL,Total,T,Total,EL,Greece,1992,,10367163,,,,,
dataflow,ESTAT:DEMO_PJAN(1.0),Population on 1 January by age and sex,A,Annual,NR,Number,TOTAL,Total,T,Total,EL,Greece,1993,,10430958,,,,,
dataflow,ESTAT:DEMO_PJAN(1.0),Population on 1 January by age and sex,A,Annual,NR,Number,TOTAL,Total,T,Total,EL,Greece,1994,,10489871,,,,,
dataflow,ESTAT:DEMO_PJAN(1.0),Population on 1 January by age and sex,A,Annual,NR,Number,TOTAL,Total,T,Total,EL,Greece,1995,,10535973,,,,,
dataflow,ESTAT:DEMO_PJAN(1.0),Population on 1 January by age and sex,A,Annual,NR,Number,TOTAL,Total,T,Total,EL,Greece,1996,,10588332,,,,,
dataflow,ESTAT:DEMO_PJAN(1.0),Population on 1 January by age and sex,A,Annual,NR,Number,TOTAL,Total,T,Total,EL,Greece,1997,,10629267,,,,,
dataflow,ESTAT:DEMO_PJAN(1.0),Population on 1 January by age and sex,A,Annual,NR,Number,TOTAL,Total,T,Total,EL,Greece,1998,,10693250,,,,,
dataflow,ESTAT:DEMO_PJAN(1.0),Population on 1 January by age and sex,A,Annual,NR,Number,TOTAL,Total,T,Total,EL,Greece,1999,,10747768,,,,,
dataflow,ESTAT:DEMO_PJAN(1.0),Population on 1 January by age and sex,A,Annual,NR,Number,TOTAL,Total,T,Total,EL,Greece,2000,,10775627,,,,,
dataflow,ESTAT:DEMO_PJAN(1.0),Population on 1 January by age and sex,A,Annual,NR,Number,TOTAL,Total,T,Total,EL,Greece,2001,,10835989,,,,,
dataflow,ESTAT:DEMO_PJAN(1.0),Population on 1 January by age and sex,A,Annual,NR,Number,TOTAL,Total,T,Total,EL,Greece,2002,,10888274,,,,,
dataflow,ESTAT:DEMO_PJAN(1.0),Population on 1 January by age and sex,A,Annual,NR,Number,TOTAL,Total,T,Total,EL,Greece,2003,,10915770,,,,,
dataflow,ESTAT:DEMO_PJAN(1.0),Population on 1 January by age and sex,A,Annual,NR,Number,TOTAL,Total,T,Total,EL,Greece,2004,,10940369,,,,,
dataflow,ESTAT:DEMO_PJAN(1.0),Population on 1 January by age and sex,A,Annual,NR,Number,TOTAL,Total,T,Total,EL,Greece,2005,,10969912,,,,,
dataflow,ESTAT:DEMO_PJAN(1.0),Population on 1 January by age and sex,A,Annual,NR,Number,TOTAL,Total,T,Total,EL,Greece,2006,,11004716,,,,,
dataflow,ESTAT:DEMO_PJAN(1.0),Population on 1 January by age and sex,A,Annual,NR,Number,TOTAL,Total,T,Total,EL,Greece,2007,,11036008,,,,,
dataflow,ESTAT:DEMO_PJAN(1.0),Population on 1 January by age and sex,A,Annual,NR,Number,TOTAL,Total,T,Total,EL,Greece,2008,,11060937,,,,,
dataflow,ESTAT:DEMO_PJAN(1.0),Population on 1 January by age and sex,A,Annual,NR,Number,TOTAL,Total,T,Total,EL,Greece,2009,,11094745,,,,,
dataflow,ESTAT:DEMO_PJAN(1.0),Population on 1 January by age and sex,A,Annual,NR,Number,TOTAL,Total,T,Total,EL,Greece,2010,,11119289,,,,,
dataflow,ESTAT:DEMO_PJAN(1.0),Population on 1 January by age and sex,A,Annual,NR,Number,TOTAL,Total,T,Total,EL,Greece,2011,,11123392,,,,,
dataflow,ESTAT:DEMO_PJAN(1.0),Population on 1 January by age and sex,A,Annual,NR,Number,TOTAL,Total,T,Total,EL,Greece,2012,,11072725,,,,,
dataflow,ESTAT:DEMO_PJAN(1.0),Population on 1 January by age and sex,A,Annual,NR,Number,TOTAL,Total,T,Total,EL,Greece,2013,,10980006,,,,,
dataflow,ESTAT:DEMO_PJAN(1.0),Population on 1 January by age and sex,A,Annual,NR,Number,TOTAL,Total,T,Total,EL,Greece,2014,,10894294,,,,,
dataflow,ESTAT:DEMO_PJAN(1.0),Population on 1 January by age and sex,A,Annual,NR,Number,TOTAL,Total,T,Total,EL,Greece,2015,,10818041,,,,,
dataflow,ESTAT:DEMO_PJAN(1.0),Population on 1 January by age and sex,A,Annual,NR,Number,TOTAL,Total,T,Total,EL,Greece,2016,,10735415,,,,,
dataflow,ESTAT:DEMO_PJAN(1.0),Population on 1 January by age and sex,A,Annual,NR,Number,TOTAL,Total,T,Total,EL,Greece,2017,,10707527,,,,,
dataflow,ESTAT:DEMO_PJAN(1.0),Population on 1 January by age and sex,A,Annual,NR,Number,TOTAL,Total,T,Total,EL,Greece,2018,,10667336,,,,,
dataflow,ESTAT:DEMO_PJAN(1.0),Population on 1 January by age and sex,A,Annual,NR,Number,TOTAL,Total,T,Total,EL,Greece,2019,,10635213,,,,,
dataflow,ESTAT:DEMO_PJAN(1.0),Population on 1 January by age and sex,A,Annual,NR,Number,TOTAL,Total,T,Total,EL,Greece,2020,,10612591,,,,,
dataflow,ESTAT:DEMO_PJAN(1.0),Population on 1 January by age and sex,A,Annual,NR,Number,TOTAL,Total,T,Total,EL,Greece,2021,,10555344,,,,,
dataflow,ESTAT:DEMO_PJAN(1.0),Population on 1 January by age and sex,A,Annual,NR,Number,TOTAL,Total,T,Total,EL,Greece,2022,,10461627,,,,,
dataflow,ESTAT:DEMO_PJAN(1.0),Population on 1 January by age and sex,A,Annual,NR,Number,TOTAL,Total,T,Total,EL,Greece,2023,,10401868,,,,,
dataflow,ESTAT:DEMO_PJAN(1.0),Population on 1 January by age and sex,A,Annual,NR,Number,TOTAL,Total,T,Total,EL,Greece,2024,,10375764,,,,,
dataflow,ESTAT:DEMO_PJAN(1.0),Population on 1 January by age and sex,A,Annual,NR,Number,TOTAL,Total,T,Total,EL,Greece,2025,,10372335,,,,,
dataflow,ESTAT:DEMO_PJAN(1.0),Population on 1 January by age and sex,A,Annual,NR,Number,TOTAL,Total,T,Total,ES,Spain,1990,,38853227,,,,,
dataflow,ESTAT:DEMO_PJAN(1.0),Population on 1 January by age and sex,A,Annual,NR,Number,TOTAL,Total,T,Total,ES,Spain,1991,,38881416,,,,,
dataflow,ESTAT:DEMO_PJAN(1.0),Population on 1 January by age and sex,A,Annual,NR,Number,TOTAL,Total,T,Total,ES,Spain,1992,,39051336,,,,,
dataflow,ESTAT:DEMO_PJAN(1.0),Population on 1 January by age and sex,A,Annual,NR,Number,TOTAL,Total,T,Total,ES,Spain,1993,,39264034,,,,,
dataflow,ESTAT:DEMO_PJAN(1.0),Population on 1 January by age and sex,A,Annual,NR,Number,TOTAL,Total,T,Total,ES,Spain,1994,,39458489,,,,,
dataflow,ESTAT:DEMO_PJAN(1.0),Population on 1 January by age and sex,A,Annual,NR,Number,TOTAL,Total,T,Total,ES,Spain,1995,,39639726,,,,,
dataflow,ESTAT:DEMO_PJAN(1.0),Population on 1 January by age and sex,A,Annual,NR,Number,TOTAL,Total,T,Total,ES,Spain,1996,,39808374,,,,,
dataflow,ESTAT:DEMO_PJAN(1.0),Population on 1 January by age and sex,A,Annual,NR,Number,TOTAL,Total,T,Total,ES,Spain,1997,,39971329,,,,,
dataflow,ESTAT:DEMO_PJAN(1.0),Population on 1 January by age and sex,A,Annual,NR,Number,TOTAL,Total,T,Total,ES,Spain,1998,,40143449,,,,,
dataflow,ESTAT:DEMO_PJAN(1.0),Population on 1 January by age and sex,A,Annual,NR,Number,TOTAL,Total,T,Total,ES,Spain,1999,,40303568,,,,,
dataflow,ESTAT:DEMO_PJAN(1.0),Population on 1 January by age and sex,A,Annual,NR,Number,TOTAL,Total,T,Total,ES,Spain,2000,,40470182,,,,,
dataflow,ESTAT:DEMO_PJAN(1.0),Population on 1 January by age and sex,A,Annual,NR,Number,TOTAL,Total,T,Total,ES,Spain,2001,,40665545,,,,,
dataflow,ESTAT:DEMO_PJAN(1.0),Population on 1 January by age and sex,A,Annual,NR,Number,TOTAL,Total,T,Total,ES,Spain,2002,,41035278,,,,,
dataflow,ESTAT:DEMO_PJAN(1.0),Population on 1 January by age and sex,A,Annual,NR,Number,TOTAL,Total,T,Total,ES,Spain,2003,,41827838,,,,,
dataflow,ESTAT:DEMO_PJAN(1.0),Population on 1 January by age and sex,A,Annual,NR,Number,TOTAL,Total,T,Total,ES,Spain,2004,,42547451,,,,,
dataflow,ESTAT:DEMO_PJAN(1.0),Population on 1 January by age and sex,A,Annual,NR,Number,TOTAL,Total,T,Total,ES,Spain,2005,,43296338,,,,,
dataflow,ESTAT:DEMO_PJAN(1.0),Population on 1 January by age and sex,A,Annual,NR,Number,TOTAL,Total,T,Total,ES,Spain,2006,,44009971,,,,,
dataflow,ESTAT:DEMO_PJAN(1.0),Population on 1 January by age and sex,A,Annual,NR,Number,TOTAL,Total,T,Total,ES,Spain,2007,,44784666,,,,,
dataflow,ESTAT:DEMO_PJAN(1.0),Population on 1 January by age and sex,A,Annual,NR,Number,TOTAL,Total,T,Total,ES,Spain,2008,,45668939,,,,,
dataflow,ESTAT:DEMO_PJAN(1.0),Population on 1 January by age and sex,A,Annual,NR,Number,TOTAL,Total,T,Total,ES,Spain,2009,,46239273,,,,,
dataflow,ESTAT:DEMO_PJAN(1.0),Population on 1 January by age and sex,A,Annual,NR,Number,TOTAL,Total,T,Total,ES,Spain,2010,,46486619,,,,,
dataflow,ESTAT:DEMO_PJAN(1.0),Population on 1 January by age and sex,A,Annual,NR,Number,TOTAL,Total,T,Total,ES,Spain,2011,,46667174,,,,,
dataflow,ESTAT:DEMO_PJAN(1.0),Population on 1 January by age and sex,A,Annual,NR,Number,TOTAL,Total,T,Total,ES,Spain,2012,,46818219,,,,,
dataflow,ESTAT:DEMO_PJAN(1.0),Population on 1 January by age and sex,A,Annual,NR,Number,TOTAL,Total,T,Total,ES,Spain,2013,,46712650,,,,,
dataflow,ESTAT:DEMO_PJAN(1.0),Population on 1 January by age and sex,A,Annual,NR,Number,TOTAL,Total,T,Total,ES,Spain,2014,,46495744,,,,,
dataflow,ESTAT:DEMO_PJAN(1.0),Population on 1 January by age and sex,A,Annual,NR,Number,TOTAL,Total,T,Total,ES,Spain,2015,,46425722,,,,,
dataflow,ESTAT:DEMO_PJAN(1.0),Population on 1 January by age and sex,A,Annual,NR,Number,TOTAL,Total,T,Total,ES,Spain,2016,,46418884,,,,,
dataflow,ESTAT:DEMO_PJAN(1.0),Population on 1 January by age and sex,A,Annual,NR,Number,TOTAL,Total,T,Total,ES,Spain,2017,,46497393,,,,,
dataflow,ESTAT:DEMO_PJAN(1.0),Population on 1 January by age and sex,A,Annual,NR,Number,TOTAL,Total,T,Total,ES,Spain,2018,,46645070,,,,,
dataflow,ESTAT:DEMO_PJAN(1.0),Population on 1 January by age and sex,A,Annual,NR,Number,TOTAL,Total,T,Total,ES,Spain,2019,,46918951,,,,,
dataflow,ESTAT:DEMO_PJAN(1.0),Population on 1 January by age and sex,A,Annual,NR,Number,TOTAL,Total,T,Total,ES,Spain,2020,,47318050,,,,,
dataflow,ESTAT:DEMO_PJAN(1.0),Population on 1 January by age and sex,A,Annual,NR,Number,TOTAL,Total,T,Total,ES,Spain,2021,,47400798,,,,,
dataflow,ESTAT:DEMO_PJAN(1.0),Population on 1 January by age and sex,A,Annual,NR,Number,TOTAL,Total,T,Total,ES,Spain,2022,,47486843,,,,,
dataflow,ESTAT:DEMO_PJAN(1.0),Population on 1 January by age and sex,A,Annual,NR,Number,TOTAL,Total,T,Total,ES,Spain,2023,,48085361,,,,,
dataflow,ESTAT:DEMO_PJAN(1.0),Population on 1 January by age and sex,A,Annual,NR,Number,TOTAL,Total,T,Total,ES,Spain,2024,,48619695,,,,,
dataflow,ESTAT:DEMO_PJAN(1.0),Population on 1 January by age and sex,A,Annual,NR,Number,TOTAL,Total,T,Total,ES,Spain,2025,,49128297,,,,,
dataflow,ESTAT:DEMO_PJAN(1.0),Population on 1 January by age and sex,A,Annual,NR,Number,TOTAL,Total,T,Total,EU27_2007,European Union - 27 countries (2007-2013),1990,,470415155,,,,,
dataflow,ESTAT:DEMO_PJAN(1.0),Population on 1 January by age and sex,A,Annual,NR,Number,TOTAL,Total,T,Total,EU27_2007,European Union - 27 countries (2007-2013),1991,,472060056,,b,break in time series,,
dataflow,ESTAT:DEMO_PJAN(1.0),Population on 1 January by age and sex,A,Annual,NR,Number,TOTAL,Total,T,Total,EU27_2007,European Union - 27 countries (2007-2013),1992,,473329265,,,,,
dataflow,ESTAT:DEMO_PJAN(1.0),Population on 1 January by age and sex,A,Annual,NR,Number,TOTAL,Total,T,Total,EU27_2007,European Union - 27 countries (2007-2013),1993,,475006017,,,,,
dataflow,ESTAT:DEMO_PJAN(1.0),Population on 1 January by age and sex,A,Annual,NR,Number,TOTAL,Total,T,Total,EU27_2007,European Union - 27 countries (2007-2013),1994,,476247848,,,,,
dataflow,ESTAT:DEMO_PJAN(1.0),Population on 1 January by age and sex,A,Annual,NR,Number,TOTAL,Total,T,Total,EU27_2007,European Union - 27 countries (2007-2013),1995,,477245113,,,,,
dataflow,ESTAT:DEMO_PJAN(1.0),Population on 1 January by age and sex,A,Annual,NR,Number,TOTAL,Total,T,Total,EU27_2007,European Union - 27 countries (2007-2013),1996,,478155218,,,,,
dataflow,ESTAT:DEMO_PJAN(1.0),Population on 1 January by age and sex,A,Annual,NR,Number,TOTAL,Total,T,Total,EU27_2007,European Union - 27 countries (2007-2013),1997,,478979775,,,,,
dataflow,ESTAT:DEMO_PJAN(1.0),Population on 1 January by age and sex,A,Annual,NR,Number,TOTAL,Total,T,Total,EU27_2007,European Union - 27 countries (2007-2013),1998,,481340746,,b,break in time series,,
dataflow,ESTAT:DEMO_PJAN(1.0),Population on 1 January by age and sex,A,Annual,NR,Number,TOTAL,Total,T,Total,EU27_2007,European Union - 27 countries (2007-2013),1999,,482050494,,,,,
dataflow,ESTAT:DEMO_PJAN(1.0),Population on 1 January by age and sex,A,Annual,NR,Number,TOTAL,Total,T,Total,EU27_2007,European Union - 27 countries (2007-2013),2000,,482761345,,b,break in time series,,
dataflow,ESTAT:DEMO_PJAN(1.0),Population on 1 January by age and sex,A,Annual,NR,Number,TOTAL,Total,T,Total,EU27_2007,European Union - 27 countries (2007-2013),2001,,483945121,,,,,
dataflow,ESTAT:DEMO_PJAN(1.0),Population on 1 January by age and sex,A,Annual,NR,Number,TOTAL,Total,T,Total,EU27_2007,European Union - 27 countries (2007-2013),2002,,484657212,,,,,
dataflow,ESTAT:DEMO_PJAN(1.0),Population on 1 January by age and sex,A,Annual,NR,Number,TOTAL,Total,T,Total,EU27_2007,European Union - 27 countries (2007-2013),2003,,486386194,,,,,
dataflow,ESTAT:DEMO_PJAN(1.0),Population on 1 January by age and sex,A,Annual,NR,Number,TOTAL,Total,T,Total,EU27_2007,European Union - 27 countries (2007-2013),2004,,488250073,,,,,
dataflow,ESTAT:DEMO_PJAN(1.0),Population on 1 January by age and sex,A,Annual,NR,Number,TOTAL,Total,T,Total,EU27_2007,European Union - 27 countries (2007-2013),2005,,490287461,,,,,
dataflow,ESTAT:DEMO_PJAN(1.0),Population on 1 January by age and sex,A,Annual,NR,Number,TOTAL,Total,T,Total,EU27_2007,European Union - 27 countries (2007-2013),2006,,492124110,,,,,
dataflow,ESTAT:DEMO_PJAN(1.0),Population on 1 January by age and sex,A,Annual,NR,Number,TOTAL,Total,T,Total,EU27_2007,European Union - 27 countries (2007-2013),2007,,493987245,,,,,
dataflow,ESTAT:DEMO_PJAN(1.0),Population on 1 January by age and sex,A,Annual,NR,Number,TOTAL,Total,T,Total,EU27_2007,European Union - 27 countries (2007-2013),2008,,495985066,,b,break in time series,,
dataflow,ESTAT:DEMO_PJAN(1.0),Population on 1 January by age and sex,A,Annual,NR,Number,TOTAL,Total,T,Total,EU27_2007,European Union - 27 countries (2007-2013),2009,,497780439,,,,,
dataflow,ESTAT:DEMO_PJAN(1.0),Population on 1 January by age and sex,A,Annual,NR,Number,TOTAL,Total,T,Total,EU27_2007,European Union - 27 countries (2007-2013),2010,,498867771,,b,break in time series,,
dataflow,ESTAT:DEMO_PJAN(1.0),Population on 1 January by age and sex,A,Annual,NR,Number,TOTAL,Total,T,Total,EU27_2007,European Union - 27 countries (2007-2013),2011,,498674980,,b,break in time series,,
dataflow,ESTAT:DEMO_PJAN(1.0),Population on 1 January by age and sex,A,Annual,NR,Number,TOTAL,Total,T,Total,EU27_2007,European Union - 27 countries (2007-2013),2012,,499771980,,b,break in time series,,
dataflow,ESTAT:DEMO_PJAN(1.0),Population on 1 January by age and sex,A,Annual,NR,Number,TOTAL,Total,T,Total,EU27_2007,European Union - 27 countries (2007-2013),2013,,501397469,,b,break in time series,,
dataflow,ESTAT:DEMO_PJAN(1.0),Population on 1 January by age and sex,A,Annual,NR,Number,TOTAL,Total,T,Total,EU27_2007,European Union - 27 countries (2007-2013),2015,,503597343,,be,"break in time series, estimated",,
dataflow,ESTAT:DEMO_PJAN(1.0),Population on 1 January by age and sex,A,Annual,NR,Number,TOTAL,Total,T,Total,EU27_2007,European Union - 27 countries (2007-2013),2016,,505251197,,e,estimated,,
dataflow,ESTAT:DEMO_PJAN(1.0),Population on 1 January by age and sex,A,Annual,NR,Number,TOTAL,Total,T,Total,EU27_2007,European Union - 27 countries (2007-2013),2017,,506435978,,be,"break in time series, estimated",,
dataflow,ESTAT:DEMO_PJAN(1.0),Population on 1 January by age and sex,A,Annual,NR,Number,TOTAL,Total,T,Total,EU27_2007,European Union - 27 countries (2007-2013),2018,,507560611,,e,estimated,,
dataflow,ESTAT:DEMO_PJAN(1.0),Population on 1 January by age and sex,A,Annual,NR,Number,TOTAL,Total,T,Total,EU27_2007,European Union - 27 countries (2007-2013),2019,,508828360,,,,,
dataflow,ESTAT:DEMO_PJAN(1.0),Population on 1 January by age and sex,A,Annual,NR,Number,TOTAL,Total,T,Total,EU27_2007,European Union - 27 countries (2007-2013),2020,,510122055,,e,estimated,,
dataflow,ESTAT:DEMO_PJAN(1.0),Population on 1 January by age and sex,A,Annual,NR,Number,TOTAL,Total,T,Total,EU27_2020,European Union - 27 countries (from 2020),1990,,418030739,,,,,
dataflow,ESTAT:DEMO_PJAN(1.0),Population on 1 January by age and sex,A,Annual,NR,Number,TOTAL,Total,T,Total,EU27_2020,European Union - 27 countries (from 2020),1991,,419504036,,be,"break in time series, estimated",,
dataflow,ESTAT:DEMO_PJAN(1.0),Population on 1 January by age and sex,A,Annual,NR,Number,TOTAL,Total,T,Total,EU27_2020,European Union - 27 countries (from 2020),1992,,420413536,,e,estimated,,
dataflow,ESTAT:DEMO_PJAN(1.0),Population on 1 January by age and sex,A,Annual,NR,Number,TOTAL,Total,T,Total,EU27_2020,European Union - 27 countries (from 2020),1993,,421912578,,e,estimated,,
dataflow,ESTAT:DEMO_PJAN(1.0),Population on 1 January by age and sex,A,Annual,NR,Number,TOTAL,Total,T,Total,EU27_2020,European Union - 27 countries (from 2020),1994,,423104986,,e,estimated,,
dataflow,ESTAT:DEMO_PJAN(1.0),Population on 1 January by age and sex,A,Annual,NR,Number,TOTAL,Total,T,Total,EU27_2020,European Union - 27 countries (from 2020),1995,,423960534,,e,estimated,,
dataflow,ESTAT:DEMO_PJAN(1.0),Population on 1 January by age and sex,A,Annual,NR,Number,TOTAL,Total,T,Total,EU27_2020,European Union - 27 countries (from 2020),1996,,424641798,,e,estimated,,
dataflow,ESTAT:DEMO_PJAN(1.0),Population on 1 January by age and sex,A,Annual,NR,Number,TOTAL,Total,T,Total,EU27_2020,European Union - 27 countries (from 2020),1997,,425273491,,e,estimated,,
dataflow,ESTAT:DEMO_PJAN(1.0),Population on 1 January by age and sex,A,Annual,NR,Number,TOTAL,Total,T,Total,EU27_2020,European Union - 27 countries (from 2020),1998,,427482962,,be,"break in time series, estimated",,
dataflow,ESTAT:DEMO_PJAN(1.0),Population on 1 January by age and sex,A,Annual,NR,Number,TOTAL,Total,T,Total,EU27_2020,European Union - 27 countries (from 2020),1999,,427998269,,e,estimated,,
dataflow,ESTAT:DEMO_PJAN(1.0),Population on 1 January by age and sex,A,Annual,NR,Number,TOTAL,Total,T,Total,EU27_2020,European Union - 27 countries (from 2020),2000,,428473834,,be,"break in time series, estimated",,
dataflow,ESTAT:DEMO_PJAN(1.0),Population on 1 January by age and sex,A,Annual,NR,Number,TOTAL,Total,T,Total,EU27_2020,European Union - 27 countries (from 2020),2001,,429240746,,b,break in time series,,
dataflow,ESTAT:DEMO_PJAN(1.0),Population on 1 January by age and sex,A,Annual,NR,Number,TOTAL,Total,T,Total,EU27_2020,European Union - 27 countries (from 2020),2002,,429723142,,,,,
dataflow,ESTAT:DEMO_PJAN(1.0),Population on 1 January by age and sex,A,Annual,NR,Number,TOTAL,Total,T,Total,EU27_2020,European Union - 27 countries (from 2020),2003,,431190184,,,,,
dataflow,ESTAT:DEMO_PJAN(1.0),Population on 1 January by age and sex,A,Annual,NR,Number,TOTAL,Total,T,Total,EU27_2020,European Union - 27 countries (from 2020),2004,,432762039,,,,,
dataflow,ESTAT:DEMO_PJAN(1.0),Population on 1 January by age and sex,A,Annual,NR,Number,TOTAL,Total,T,Total,EU27_2020,European Union - 27 countries (from 2020),2005,,434416272,,,,,
dataflow,ESTAT:DEMO_PJAN(1.0),Population on 1 January by age and sex,A,Annual,NR,Number,TOTAL,Total,T,Total,EU27_2020,European Union - 27 countries (from 2020),2006,,435816236,,,,,
dataflow,ESTAT:DEMO_PJAN(1.0),Population on 1 January by age and sex,A,Annual,NR,Number,TOTAL,Total,T,Total,EU27_2020,European Union - 27 countries (from 2020),2007,,437227496,,,,,
dataflow,ESTAT:DEMO_PJAN(1.0),Population on 1 January by age and sex,A,Annual,NR,Number,TOTAL,Total,T,Total,EU27_2020,European Union - 27 countries (from 2020),2008,,438725386,,b,break in time series,,
dataflow,ESTAT:DEMO_PJAN(1.0),Population on 1 January by age and sex,A,Annual,NR,Number,TOTAL,Total,T,Total,EU27_2020,European Union - 27 countries (from 2020),2009,,440047892,,,,,
dataflow,ESTAT:DEMO_PJAN(1.0),Population on 1 January by age and sex,A,Annual,NR,Number,TOTAL,Total,T,Total,EU27_2020,European Union - 27 countries (from 2020),2010,,440660421,,b,break in time series,,
dataflow,ESTAT:DEMO_PJAN(1.0),Population on 1 January by age and sex,A,Annual,NR,Number,TOTAL,Total,T,Total,EU27_2020,European Union - 27 countries (from 2020),2011,,439942305,,b,break in time series,,
dataflow,ESTAT:DEMO_PJAN(1.0),Population on 1 January by age and sex,A,Annual,NR,Number,TOTAL,Total,T,Total,EU27_2020,European Union - 27 countries (from 2020),2012,,440552661,,b,break in time series,,
dataflow,ESTAT:DEMO_PJAN(1.0),Population on 1 January by age and sex,A,Annual,NR,Number,TOTAL,Total,T,Total,EU27_2020,European Union - 27 countries (from 2020),2013,,441739930,,b,break in time series,,
dataflow,ESTAT:DEMO_PJAN(1.0),Population on 1 January by age and sex,A,Annual,NR,Number,TOTAL,Total,T,Total,EU27_2020,European Union - 27 countries (from 2020),2014,,442268078,,be,"break in time series, estimated",,
dataflow,ESTAT:DEMO_PJAN(1.0),Population on 1 January by age and sex,A,Annual,NR,Number,TOTAL,Total,T,Total,EU27_2020,European Union - 27 countries (from 2020),2015,,442924865,,be,"break in time series, estimated",,
dataflow,ESTAT:DEMO_PJAN(1.0),Population on 1 January by age and sex,A,Annual,NR,Number,TOTAL,Total,T,Total,EU27_2020,European Union - 27 countries (from 2020),2016,,444003268,,e,estimated,,
dataflow,ESTAT:DEMO_PJAN(1.0),Population on 1 January by age and sex,A,Annual,NR,Number,TOTAL,Total,T,Total,EU27_2020,European Union - 27 countries (from 2020),2017,,444670605,,be,"break in time series, estimated",,
dataflow,ESTAT:DEMO_PJAN(1.0),Population on 1 January by age and sex,A,Annual,NR,Number,TOTAL,Total,T,Total,EU27_2020,European Union - 27 countries (from 2020),2018,,445301376,,e,estimated,,
dataflow,ESTAT:DEMO_PJAN(1.0),Population on 1 January by age and sex,A,Annual,NR,Number,TOTAL,Total,T,Total,EU27_2020,European Union - 27 countries (from 2020),2019,,446149924,,,,,
dataflow,ESTAT:DEMO_PJAN(1.0),Population on 1 January by age and sex,A,Annual,NR,Number,TOTAL,Total,T,Total,EU27_2020,European Union - 27 countries (from 2020),2020,,447030024,,e,estimated,,
dataflow,ESTAT:DEMO_PJAN(1.0),Population on 1 January by age and sex,A,Annual,NR,Number,TOTAL,Total,T,Total,EU27_2020,European Union - 27 countries (from 2020),2021,,445891011,,bep,"break in time series, estimated, provisional",,
dataflow,ESTAT:DEMO_PJAN(1.0),Population on 1 January by age and sex,A,Annual,NR,Number,TOTAL,Total,T,Total,EU27_2020,European Union - 27 countries (from 2020),2022,,445972024,,ep,"estimated, provisional",,
dataflow,ESTAT:DEMO_PJAN(1.0),Population on 1 January by age and sex,A,Annual,NR,Number,TOTAL,Total,T,Total,EU27_2020,European Union - 27 countries (from 2020),2023,,447695350,,bep,"break in time series, estimated, provisional",,
dataflow,ESTAT:DEMO_PJAN(1.0),Population on 1 January by age and sex,A,Annual,NR,Number,TOTAL,Total,T,Total,EU27_2020,European Union - 27 countries (from 2020),2024,,449306184,,ep,"estimated, provisional",,
dataflow,ESTAT:DEMO_PJAN(1.0),Population on 1 January by age and sex,A,Annual,NR,Number,TOTAL,Total,T,Total,EU27_2020,European Union - 27 countries (from 2020),2025,,450646971,,ep,"estimated, provisional",,
dataflow,ESTAT:DEMO_PJAN(1.0),Population on 1 January by age and sex,A,Annual,NR,Number,TOTAL,Total,T,Total,EU28,European Union - 28 countries (2013-2020),1990,,475187711,,,,,
dataflow,ESTAT:DEMO_PJAN(1.0),Population on 1 January by age and sex,A,Annual,NR,Number,TOTAL,Total,T,Total,EU28,European Union - 28 countries (2013-2020),1991,,476842235,,be,"break in time series, estimated",,
dataflow,ESTAT:DEMO_PJAN(1.0),Population on 1 January by age and sex,A,Annual,NR,Number,TOTAL,Total,T,Total,EU28,European Union - 28 countries (2013-2020),1992,,477925130,,e,estimated,,
dataflow,ESTAT:DEMO_PJAN(1.0),Population on 1 January by age and sex,A,Annual,NR,Number,TOTAL,Total,T,Total,EU28,European Union - 28 countries (2013-2020),1993,,479561788,,e,estimated,,
dataflow,ESTAT:DEMO_PJAN(1.0),Population on 1 January by age and sex,A,Annual,NR,Number,TOTAL,Total,T,Total,EU28,European Union - 28 countries (2013-2020),1994,,480893003,,e,estimated,,
dataflow,ESTAT:DEMO_PJAN(1.0),Population on 1 January by age and sex,A,Annual,NR,Number,TOTAL,Total,T,Total,EU28,European Union - 28 countries (2013-2020),1995,,481904006,,e,estimated,,
dataflow,ESTAT:DEMO_PJAN(1.0),Population on 1 January by age and sex,A,Annual,NR,Number,TOTAL,Total,T,Total,EU28,European Union - 28 countries (2013-2020),1996,,482736385,,e,estimated,,
dataflow,ESTAT:DEMO_PJAN(1.0),Population on 1 January by age and sex,A,Annual,NR,Number,TOTAL,Total,T,Total,EU28,European Union - 28 countries (2013-2020),1997,,483512803,,e,estimated,,
dataflow,ESTAT:DEMO_PJAN(1.0),Population on 1 January by age and sex,A,Annual,NR,Number,TOTAL,Total,T,Total,EU28,European Union - 28 countries (2013-2020),1998,,485877558,,be,"break in time series, estimated",,
dataflow,ESTAT:DEMO_PJAN(1.0),Population on 1 January by age and sex,A,Annual,NR,Number,TOTAL,Total,T,Total,EU28,European Union - 28 countries (2013-2020),1999,,486577954,,e,estimated,,
dataflow,ESTAT:DEMO_PJAN(1.0),Population on 1 January by age and sex,A,Annual,NR,Number,TOTAL,Total,T,Total,EU28,European Union - 28 countries (2013-2020),2000,,487259080,,be,"break in time series, estimated",,
dataflow,ESTAT:DEMO_PJAN(1.0),Population on 1 January by age and sex,A,Annual,NR,Number,TOTAL,Total,T,Total,EU28,European Union - 28 countries (2013-2020),2001,,488240527,,b,break in time series,,
dataflow,ESTAT:DEMO_PJAN(1.0),Population on 1 January by age and sex,A,Annual,NR,Number,TOTAL,Total,T,Total,EU28,European Union - 28 countries (2013-2020),2002,,488962706,,,,,
dataflow,ESTAT:DEMO_PJAN(1.0),Population on 1 January by age and sex,A,Annual,NR,Number,TOTAL,Total,T,Total,EU28,European Union - 28 countries (2013-2020),2003,,490691578,,,,,
dataflow,ESTAT:DEMO_PJAN(1.0),Population on 1 January by age and sex,A,Annual,NR,Number,TOTAL,Total,T,Total,EU28,European Union - 28 countries (2013-2020),2004,,492555798,,,,,
dataflow,ESTAT:DEMO_PJAN(1.0),Population on 1 January by age and sex,A,Annual,NR,Number,TOTAL,Total,T,Total,EU28,European Union - 28 countries (2013-2020),2005,,494598322,,,,,
dataflow,ESTAT:DEMO_PJAN(1.0),Population on 1 January by age and sex,A,Annual,NR,Number,TOTAL,Total,T,Total,EU28,European Union - 28 countries (2013-2020),2006,,496436597,,,,,
dataflow,ESTAT:DEMO_PJAN(1.0),Population on 1 January by age and sex,A,Annual,NR,Number,TOTAL,Total,T,Total,EU28,European Union - 28 countries (2013-2020),2007,,498300775,,,,,
dataflow,ESTAT:DEMO_PJAN(1.0),Population on 1 January by age and sex,A,Annual,NR,Number,TOTAL,Total,T,Total,EU28,European Union - 28 countries (2013-2020),2008,,500297033,,b,break in time series,,
dataflow,ESTAT:DEMO_PJAN(1.0),Population on 1 January by age and sex,A,Annual,NR,Number,TOTAL,Total,T,Total,EU28,European Union - 28 countries (2013-2020),2009,,502090235,,,,,
dataflow,ESTAT:DEMO_PJAN(1.0),Population on 1 January by age and sex,A,Annual,NR,Number,TOTAL,Total,T,Total,EU28,European Union - 28 countries (2013-2020),2010,,503170618,,b,break in time series,,
dataflow,ESTAT:DEMO_PJAN(1.0),Population on 1 January by age and sex,A,Annual,NR,Number,TOTAL,Total,T,Total,EU28,European Union - 28 countries (2013-2020),2011,,502964837,,b,break in time series,,
dataflow,ESTAT:DEMO_PJAN(1.0),Population on 1 January by age and sex,A,Annual,NR,Number,TOTAL,Total,T,Total,EU28,European Union - 28 countries (2013-2020),2012,,504047964,,b,break in time series,,
dataflow,ESTAT:DEMO_PJAN(1.0),Population on 1 January by age and sex,A,Annual,NR,Number,TOTAL,Total,T,Total,EU28,European Union - 28 countries (2013-2020),2013,,505645272,,b,break in time series,,
dataflow,ESTAT:DEMO_PJAN(1.0),Population on 1 January by age and sex,A,Annual,NR,Number,TOTAL,Total,T,Total,EU28,European Union - 28 countries (2013-2020),2015,,507778258,,be,"break in time series, estimated",,
dataflow,ESTAT:DEMO_PJAN(1.0),Population on 1 January by age and sex,A,Annual,NR,Number,TOTAL,Total,T,Total,EU28,European Union - 28 countries (2013-2020),2016,,509382312,,e,estimated,,
dataflow,ESTAT:DEMO_PJAN(1.0),Population on 1 January by age and sex,A,Annual,NR,Number,TOTAL,Total,T,Total,EU28,European Union - 28 countries (2013-2020),2017,,510514747,,be,"break in time series, estimated",,
dataflow,ESTAT:DEMO_PJAN(1.0),Population on 1 January by age and sex,A,Annual,NR,Number,TOTAL,Total,T,Total,EU28,European Union - 28 countries (2013-2020),2018,,511574952,,e,estimated,,
dataflow,ESTAT:DEMO_PJAN(1.0),Population on 1 January by age and sex,A,Annual,NR,Number,TOTAL,Total,T,Total,EU28,European Union - 28 countries (2013-2020),2019,,512797036,,,,,
dataflow,ESTAT:DEMO_PJAN(1.0),Population on 1 January by age and sex,A,Annual,NR,Number,TOTAL,Total,T,Total,EU28,European Union - 28 countries (2013-2020),2020,,514055566,,e,estimated,,
dataflow,ESTAT:DEMO_PJAN(1.0),Population on 1 January by age and sex,A,Annual,NR,Number,TOTAL,Total,T,Total,FI,Finland,1990,,4974383,,,,,
dataflow,ESTAT:DEMO_PJAN(1.0),Population on 1 January by age and sex,A,Annual,NR,Number,TOTAL,Total,T,Total,FI,Finland,1991,,4998478,,,,,
dataflow,ESTAT:DEMO_PJAN(1.0),Population on 1 January by age and sex,A,Annual,NR,Number,TOTAL,Total,T,Total,FI,Finland,1992,,5029002,,,,,
dataflow,ESTAT:DEMO_PJAN(1.0),Population on 1 January by age and sex,A,Annual,NR,Number,TOTAL,Total,T,Total,FI,Finland,1993,,5054982,,,,,
dataflow,ESTAT:DEMO_PJAN(1.0),Population on 1 January by age and sex,A,Annual,NR,Number,TOTAL,Total,T,Total,FI,Finland,1994,,5077912,,,,,
dataflow,ESTAT:DEMO_PJAN(1.0),Population on 1 January by age and sex,A,Annual,NR,Number,TOTAL,Total,T,Total,FI,Finland,1995,,5098754,,,,,
dataflow,ESTAT:DEMO_PJAN(1.0),Population on 1 January by age and sex,A,Annual,NR,Number,TOTAL,Total,T,Total,FI,Finland,1996,,5116826,,,,,
dataflow,ESTAT:DEMO_PJAN(1.0),Population on 1 January by age and sex,A,Annual,NR,Number,TOTAL,Total,T,Total,FI,Finland,1997,,5132320,,,,,
dataflow,ESTAT:DEMO_PJAN(1.0),Population on 1 January by age and sex,A,Annual,NR,Number,TOTAL,Total,T,Total,FI,Finland,1998,,5147349,,,,,
dataflow,ESTAT:DEMO_PJAN(1.0),Population on 1 January by age and sex,A,Annual,NR,Number,TOTAL,Total,T,Total,FI,Finland,1999,,5159646,,,,,
dataflow,ESTAT:DEMO_PJAN(1.0),Population on 1 January by age and sex,A,Annual,NR,Number,TOTAL,Total,T,Total,FI,Finland,2000,,5171302,,,,,
dataflow,ESTAT:DEMO_PJAN(1.0),Population on 1 January by age and sex,A,Annual,NR,Number,TOTAL,Total,T,Total,FI,Finland,2001,,5181115,,,,,
dataflow,ESTAT:DEMO_PJAN(1.0),Population on 1 January by age and sex,A,Annual,NR,Number,TOTAL,Total,T,Total,FI,Finland,2002,,5194901,,,,,
dataflow,ESTAT:DEMO_PJAN(1.0),Population on 1 January by age and sex,A,Annual,NR,Number,TOTAL,Total,T,Total,FI,Finland,2003,,5206295,,,,,
dataflow,ESTAT:DEMO_PJAN(1.0),Population on 1 January by age and sex,A,Annual,NR,Number,TOTAL,Total,T,Total,FI,Finland,2004,,5219732,,,,,
dataflow,ESTAT:DEMO_PJAN(1.0),Population on 1 January by age and sex,A,Annual,NR,Number,TOTAL,Total,T,Total,FI,Finland,2005,,5236611,,,,,
dataflow,ESTAT:DEMO_PJAN(1.0),Population on 1 January by age and sex,A,Annual,NR,Number,TOTAL,Total,T,Total,FI,Finland,2006,,5255580,,,,,
dataflow,ESTAT:DEMO_PJAN(1.0),Population on 1 January by age and sex,A,Annual,NR,Number,TOTAL,Total,T,Total,FI,Finland,2007,,5276955,,,,,
dataflow,ESTAT:DEMO_PJAN(1.0),Population on 1 January by age and sex,A,Annual,NR,Number,TOTAL,Total,T,Total,FI,Finland,2008,,5300484,,,,,
dataflow,ESTAT:DEMO_PJAN(1.0),Population on 1 January by age and sex,A,Annual,NR,Number,TOTAL,Total,T,Total,FI,Finland,2009,,5326314,,,,,
dataflow,ESTAT:DEMO_PJAN(1.0),Population on 1 January by age and sex,A,Annual,NR,Number,TOTAL,Total,T,Total,FI,Finland,2010,,5351427,,,,,
dataflow,ESTAT:DEMO_PJAN(1.0),Population on 1 January by age and sex,A,Annual,NR,Number,TOTAL,Total,T,Total,FI,Finland,2011,,5375276,,,,,
dataflow,ESTAT:DEMO_PJAN(1.0),Population on 1 January by age and sex,A,Annual,NR,Number,TOTAL,Total,T,Total,FI,Finland,2012,,5401267,,,,,
dataflow,ESTAT:DEMO_PJAN(1.0),Population on 1 January by age and sex,A,Annual,NR,Number,TOTAL,Total,T,Total,FI,Finland,2013,,5426674,,,,,
dataflow,ESTAT:DEMO_PJAN(1.0),Population on 1 January by age and sex,A,Annual,NR,Number,TOTAL,Total,T,Total,FI,Finland,2014,,5451270,,,,,
dataflow,ESTAT:DEMO_PJAN(1.0),Population on 1 January by age and sex,A,Annual,NR,Number,TOTAL,Total,T,Total,FI,Finland,2015,,5471753,,,,,
dataflow,ESTAT:DEMO_PJAN(1.0),Population on 1 January by age and sex,A,Annual,NR,Number,TOTAL,Total,T,Total,FI,Finland,2016,,5487308,,,,,
dataflow,ESTAT:DEMO_PJAN(1.0),Population on 1 January by age and sex,A,Annual,NR,Number,TOTAL,Total,T,Total,FI,Finland,2017,,5503297,,,,,
dataflow,ESTAT:DEMO_PJAN(1.0),Population on 1 January by age and sex,A,Annual,NR,Number,TOTAL,Total,T,Total,FI,Finland,2018,,5513130,,,,,
dataflow,ESTAT:DEMO_PJAN(1.0),Population on 1 January by age and sex,A,Annual,NR,Number,TOTAL,Total,T,Total,FI,Finland,2019,,5517919,,,,,
dataflow,ESTAT:DEMO_PJAN(1.0),Population on 1 January by age and sex,A,Annual,NR,Number,TOTAL,Total,T,Total,FI,Finland,2020,,5525292,,,,,
dataflow,ESTAT:DEMO_PJAN(1.0),Population on 1 January by age and sex,A,Annual,NR,Number,TOTAL,Total,T,Total,FI,Finland,2021,,5533793,,,,,
dataflow,ESTAT:DEMO_PJAN(1.0),Population on 1 January by age and sex,A,Annual,NR,Number,TOTAL,Total,T,Total,FI,Finland,2022,,5548241,,,,,
dataflow,ESTAT:DEMO_PJAN(1.0),Population on 1 January by age and sex,A,Annual,NR,Number,TOTAL,Total,T,Total,FI,Finland,2023,,5563970,,,,,
dataflow,ESTAT:DEMO_PJAN(1.0),Population on 1 January by age and sex,A,Annual,NR,Number,TOTAL,Total,T,Total,FI,Finland,2024,,5603851,,,,,
dataflow,ESTAT:DEMO_PJAN(1.0),Population on 1 January by age and sex,A,Annual,NR,Number,TOTAL,Total,T,Total,FI,Finland,2025,,5635971,,,,,
dataflow,ESTAT:DEMO_PJAN(1.0),Population on 1 January by age and sex,A,Annual,NR,Number,TOTAL,Total,T,Total,FR,France,1991,,58313439,,,,,
dataflow,ESTAT:DEMO_PJAN(1.0),Population on 1 January by age and sex,A,Annual,NR,Number,TOTAL,Total,T,Total,FR,France,1992,,58604851,,,,,
dataflow,ESTAT:DEMO_PJAN(1.0),Population on 1 January by age and sex,A,Annual,NR,Number,TOTAL,Total,T,Total,FR,France,1993,,58885929,,,,,
dataflow,ESTAT:DEMO_PJAN(1.0),Population on 1 January by age and sex,A,Annual,NR,Number,TOTAL,Total,T,Total,FR,France,1994,,59104320,,,,,
dataflow,ESTAT:DEMO_PJAN(1.0),Population on 1 January by age and sex,A,Annual,NR,Number,TOTAL,Total,T,Total,FR,France,1995,,59315139,,,,,
dataflow,ESTAT:DEMO_PJAN(1.0),Population on 1 January by age and sex,A,Annual,NR,Number,TOTAL,Total,T,Total,FR,France,1996,,59522297,,,,,
dataflow,ESTAT:DEMO_PJAN(1.0),Population on 1 January by age and sex,A,Annual,NR,Number,TOTAL,Total,T,Total,FR,France,1997,,59726386,,,,,
dataflow,ESTAT:DEMO_PJAN(1.0),Population on 1 January by age and sex,A,Annual,NR,Number,TOTAL,Total,T,Total,FR,France,1998,,59934884,,,,,
dataflow,ESTAT:DEMO_PJAN(1.0),Population on 1 January by age and sex,A,Annual,NR,Number,TOTAL,Total,T,Total,FR,France,1999,,60158533,,,,,
dataflow,ESTAT:DEMO_PJAN(1.0),Population on 1 January by age and sex,A,Annual,NR,Number,TOTAL,Total,T,Total,FR,France,2000,,60545022,,,,,
dataflow,ESTAT:DEMO_PJAN(1.0),Population on 1 January by age and sex,A,Annual,NR,Number,TOTAL,Total,T,Total,FR,France,2001,,60979315,,,,,
dataflow,ESTAT:DEMO_PJAN(1.0),Population on 1 January by age and sex,A,Annual,NR,Number,TOTAL,Total,T,Total,FR,France,2002,,61424036,,,,,
dataflow,ESTAT:DEMO_PJAN(1.0),Population on 1 January by age and sex,A,Annual,NR,Number,TOTAL,Total,T,Total,FR,France,2003,,61864088,,,,,
dataflow,ESTAT:DEMO_PJAN(1.0),Population on 1 January by age and sex,A,Annual,NR,Number,TOTAL,Total,T,Total,FR,France,2004,,62292241,,,,,
dataflow,ESTAT:DEMO_PJAN(1.0),Population on 1 January by age and sex,A,Annual,NR,Number,TOTAL,Total,T,Total,FR,France,2005,,62772870,,,,,
dataflow,ESTAT:DEMO_PJAN(1.0),Population on 1 January by age and sex,A,Annual,NR,Number,TOTAL,Total,T,Total,FR,France,2006,,63229635,,,,,
dataflow,ESTAT:DEMO_PJAN(1.0),Population on 1 January by age and sex,A,Annual,NR,Number,TOTAL,Total,T,Total,FR,France,2007,,63645065,,,,,
dataflow,ESTAT:DEMO_PJAN(1.0),Population on 1 January by age and sex,A,Annual,NR,Number,TOTAL,Total,T,Total,FR,France,2008,,64007193,,,,,
dataflow,ESTAT:DEMO_PJAN(1.0),Population on 1 January by age and sex,A,Annual,NR,Number,TOTAL,Total,T,Total,FR,France,2009,,64350226,,,,,
dataflow,ESTAT:DEMO_PJAN(1.0),Population on 1 January by age and sex,A,Annual,NR,Number,TOTAL,Total,T,Total,FR,France,2010,,64658856,,,,,
dataflow,ESTAT:DEMO_PJAN(1.0),Population on 1 January by age and sex,A,Annual,NR,Number,TOTAL,Total,T,Total,FR,France,2011,,64978721,,,,,
dataflow,ESTAT:DEMO_PJAN(1.0),Population on 1 January by age and sex,A,Annual,NR,Number,TOTAL,Total,T,Total,FR,France,2012,,65276983,,b,break in time series,,
dataflow,ESTAT:DEMO_PJAN(1.0),Population on 1 January by age and sex,A,Annual,NR,Number,TOTAL,Total,T,Total,FR,France,2013,,65600350,,,,,
dataflow,ESTAT:DEMO_PJAN(1.0),Population on 1 January by age and sex,A,Annual,NR,Number,TOTAL,Total,T,Total,FR,France,2014,,66165980,,b,break in time series,,
dataflow,ESTAT:DEMO_PJAN(1.0),Population on 1 January by age and sex,A,Annual,NR,Number,TOTAL,Total,T,Total,FR,France,2015,,66458153,,,,,
dataflow,ESTAT:DEMO_PJAN(1.0),Population on 1 January by age and sex,A,Annual,NR,Number,TOTAL,Total,T,Total,FR,France,2016,,66638391,,,,,
dataflow,ESTAT:DEMO_PJAN(1.0),Population on 1 January by age and sex,A,Annual,NR,Number,TOTAL,Total,T,Total,FR,France,2017,,66809816,,,,,
dataflow,ESTAT:DEMO_PJAN(1.0),Population on 1 January by age and sex,A,Annual,NR,Number,TOTAL,Total,T,Total,FR,France,2018,,67026224,,p,provisional,,
dataflow,ESTAT:DEMO_PJAN(1.0),Population on 1 January by age and sex,A,Annual,NR,Number,TOTAL,Total,T,Total,FR,France,2019,,67290471,,,,,
dataflow,ESTAT:DEMO_PJAN(1.0),Population on 1 January by age and sex,A,Annual,NR,Number,TOTAL,Total,T,Total,FR,France,2020,,67473651,,,,,
dataflow,ESTAT:DEMO_PJAN(1.0),Population on 1 January by age and sex,A,Annual,NR,Number,TOTAL,Total,T,Total,FR,France,2021,,67728568,,,,,
dataflow,ESTAT:DEMO_PJAN(1.0),Population on 1 January by age and sex,A,Annual,NR,Number,TOTAL,Total,T,Total,FR,France,2022,,68091703,,,,,
dataflow,ESTAT:DEMO_PJAN(1.0),Population on 1 January by age and sex,A,Annual,NR,Number,TOTAL,Total,T,Total,FR,France,2023,,68277210,,p,provisional,,
dataflow,ESTAT:DEMO_PJAN(1.0),Population on 1 January by age and sex,A,Annual,NR,Number,TOTAL,Total,T,Total,FR,France,2024,,68669303,,p,provisional,,
dataflow,ESTAT:DEMO_PJAN(1.0),Population on 1 January by age and sex,A,Annual,NR,Number,TOTAL,Total,T,Total,FR,France,2025,,68882600,,p,provisional,,
dataflow,ESTAT:DEMO_PJAN(1.0),Population on 1 January by age and sex,A,Annual,NR,Number,TOTAL,Total,T,Total,FX,Metropolitan France,1990,,56577000,,,,,
dataflow,ESTAT:DEMO_PJAN(1.0),Population on 1 January by age and sex,A,Annual,NR,Number,TOTAL,Total,T,Total,FX,Metropolitan France,1991,,56840661,,,,,
dataflow,ESTAT:DEMO_PJAN(1.0),Population on 1 January by age and sex,A,Annual,NR,Number,TOTAL,Total,T,Total,FX,Metropolitan France,1992,,57110533,,,,,
dataflow,ESTAT:DEMO_PJAN(1.0),Population on 1 January by age and sex,A,Annual,NR,Number,TOTAL,Total,T,Total,FX,Metropolitan France,1993,,57369161,,,,,
dataflow,ESTAT:DEMO_PJAN(1.0),Population on 1 January by age and sex,A,Annual,NR,Number,TOTAL,Total,T,Total,FX,Metropolitan France,1994,,57565008,,,,,
dataflow,ESTAT:DEMO_PJAN(1.0),Population on 1 January by age and sex,A,Annual,NR,Number,TOTAL,Total,T,Total,FX,Metropolitan France,1995,,57752535,,,,,
dataflow,ESTAT:DEMO_PJAN(1.0),Population on 1 January by age and sex,A,Annual,NR,Number,TOTAL,Total,T,Total,FX,Metropolitan France,1996,,57935959,,,,,
dataflow,ESTAT:DEMO_PJAN(1.0),Population on 1 January by age and sex,A,Annual,NR,Number,TOTAL,Total,T,Total,FX,Metropolitan France,1997,,58116018,,,,,
dataflow,ESTAT:DEMO_PJAN(1.0),Population on 1 January by age and sex,A,Annual,NR,Number,TOTAL,Total,T,Total,FX,Metropolitan France,1998,,58298962,,,,,
dataflow,ESTAT:DEMO_PJAN(1.0),Population on 1 January by age and sex,A,Annual,NR,Number,TOTAL,Total,T,Total,FX,Metropolitan France,1999,,58496613,,,,,
dataflow,ESTAT:DEMO_PJAN(1.0),Population on 1 January by age and sex,A,Annual,NR,Number,TOTAL,Total,T,Total,FX,Metropolitan France,2000,,58858198,,,,,
dataflow,ESTAT:DEMO_PJAN(1.0),Population on 1 January by age and sex,A,Annual,NR,Number,TOTAL,Total,T,Total,FX,Metropolitan France,2001,,59266572,,,,,
dataflow,ESTAT:DEMO_PJAN(1.0),Population on 1 January by age and sex,A,Annual,NR,Number,TOTAL,Total,T,Total,FX,Metropolitan France,2002,,59685899,,,,,
dataflow,ESTAT:DEMO_PJAN(1.0),Population on 1 January by age and sex,A,Annual,NR,Number,TOTAL,Total,T,Total,FX,Metropolitan France,2003,,60101841,,,,,
dataflow,ESTAT:DEMO_PJAN(1.0),Population on 1 January by age and sex,A,Annual,NR,Number,TOTAL,Total,T,Total,FX,Metropolitan France,2004,,60505421,,,,,
dataflow,ESTAT:DEMO_PJAN(1.0),Population on 1 January by age and sex,A,Annual,NR,Number,TOTAL,Total,T,Total,FX,Metropolitan France,2005,,60963264,,,,,
dataflow,ESTAT:DEMO_PJAN(1.0),Population on 1 January by age and sex,A,Annual,NR,Number,TOTAL,Total,T,Total,FX,Metropolitan France,2006,,61399733,,,,,
dataflow,ESTAT:DEMO_PJAN(1.0),Population on 1 January by age and sex,A,Annual,NR,Number,TOTAL,Total,T,Total,FX,Metropolitan France,2007,,61795238,,,,,
dataflow,ESTAT:DEMO_PJAN(1.0),Population on 1 January by age and sex,A,Annual,NR,Number,TOTAL,Total,T,Total,FX,Metropolitan France,2008,,62134866,,,,,
dataflow,ESTAT:DEMO_PJAN(1.0),Population on 1 January by age and sex,A,Annual,NR,Number,TOTAL,Total,T,Total,FX,Metropolitan France,2009,,62465709,,,,,
dataflow,ESTAT:DEMO_PJAN(1.0),Population on 1 January by age and sex,A,Annual,NR,Number,TOTAL,Total,T,Total,FX,Metropolitan France,2010,,62765235,,,,,
dataflow,ESTAT:DEMO_PJAN(1.0),Population on 1 January by age and sex,A,Annual,NR,Number,TOTAL,Total,T,Total,FX,Metropolitan France,2011,,63070344,,,,,
dataflow,ESTAT:DEMO_PJAN(1.0),Population on 1 January by age and sex,A,Annual,NR,Number,TOTAL,Total,T,Total,FX,Metropolitan France,2012,,63375971,,,,,
dataflow,ESTAT:DEMO_PJAN(1.0),Population on 1 January by age and sex,A,Annual,NR,Number,TOTAL,Total,T,Total,FX,Metropolitan France,2013,,63697865,,,,,
dataflow,ESTAT:DEMO_PJAN(1.0),Population on 1 January by age and sex,A,Annual,NR,Number,TOTAL,Total,T,Total,GE,Georgia,2000,,4435200,,e,estimated,,
dataflow,ESTAT:DEMO_PJAN(1.0),Population on 1 January by age and sex,A,Annual,NR,Number,TOTAL,Total,T,Total,GE,Georgia,2001,,4401400,,e,estimated,,
dataflow,ESTAT:DEMO_PJAN(1.0),Population on 1 January by age and sex,A,Annual,NR,Number,TOTAL,Total,T,Total,GE,Georgia,2002,,4371500,,e,estimated,,
dataflow,ESTAT:DEMO_PJAN(1.0),Population on 1 January by age and sex,A,Annual,NR,Number,TOTAL,Total,T,Total,GE,Georgia,2003,,4352600,,e,estimated,,
dataflow,ESTAT:DEMO_PJAN(1.0),Population on 1 January by age and sex,A,Annual,NR,Number,TOTAL,Total,T,Total,GE,Georgia,2004,,4315200,,e,estimated,,
dataflow,ESTAT:DEMO_PJAN(1.0),Population on 1 January by age and sex,A,Annual,NR,Number,TOTAL,Total,T,Total,GE,Georgia,2005,,4321500,,e,estimated,,
dataflow,ESTAT:DEMO_PJAN(1.0),Population on 1 January by age and sex,A,Annual,NR,Number,TOTAL,Total,T,Total,GE,Georgia,2006,,4401292,,,,,
dataflow,ESTAT:DEMO_PJAN(1.0),Population on 1 January by age and sex,A,Annual,NR,Number,TOTAL,Total,T,Total,GE,Georgia,2007,,4394702,,,,,
dataflow,ESTAT:DEMO_PJAN(1.0),Population on 1 January by age and sex,A,Annual,NR,Number,TOTAL,Total,T,Total,GE,Georgia,2008,,4382070,,,,,
dataflow,ESTAT:DEMO_PJAN(1.0),Population on 1 January by age and sex,A,Annual,NR,Number,TOTAL,Total,T,Total,GE,Georgia,2009,,4385429,,,,,
dataflow,ESTAT:DEMO_PJAN(1.0),Population on 1 January by age and sex,A,Annual,NR,Number,TOTAL,Total,T,Total,GE,Georgia,2010,,4436391,,,,,
dataflow,ESTAT:DEMO_PJAN(1.0),Population on 1 January by age and sex,A,Annual,NR,Number,TOTAL,Total,T,Total,GE,Georgia,2011,,4469250,,,,,
dataflow,ESTAT:DEMO_PJAN(1.0),Population on 1 January by age and sex,A,Annual,NR,Number,TOTAL,Total,T,Total,GE,Georgia,2012,,4497617,,,,,
dataflow,ESTAT:DEMO_PJAN(1.0),Population on 1 January by age and sex,A,Annual,NR,Number,TOTAL,Total,T,Total,GE,Georgia,2014,,4490498,,,,,
dataflow,ESTAT:DEMO_PJAN(1.0),Population on 1 January by age and sex,A,Annual,NR,Number,TOTAL,Total,T,Total,GE,Georgia,2015,,3729500,,b,break in time series,,
dataflow,ESTAT:DEMO_PJAN(1.0),Population on 1 January by age and sex,A,Annual,NR,Number,TOTAL,Total,T,Total,GE,Georgia,2016,,3720400,,,,,
dataflow,ESTAT:DEMO_PJAN(1.0),Population on 1 January by age and sex,A,Annual,NR,Number,TOTAL,Total,T,Total,GE,Georgia,2017,,3718200,,,,,
dataflow,ESTAT:DEMO_PJAN(1.0),Population on 1 January by age and sex,A,Annual,NR,Number,TOTAL,Total,T,Total,GE,Georgia,2018,,3729633,,,,,
dataflow,ESTAT:DEMO_PJAN(1.0),Population on 1 January by age and sex,A,Annual,NR,Number,TOTAL,Total,T,Total,GE,Georgia,2019,,3723464,,,,,
dataflow,ESTAT:DEMO_PJAN(1.0),Population on 1 January by age and sex,A,Annual,NR,Number,TOTAL,Total,T,Total,GE,Georgia,2020,,3716858,,,,,
dataflow,ESTAT:DEMO_PJAN(1.0),Population on 1 January by age and sex,A,Annual,NR,Number,TOTAL,Total,T,Total,GE,Georgia,2021,,3728573,,,,,
dataflow,ESTAT:DEMO_PJAN(1.0),Population on 1 January by age and sex,A,Annual,NR,Number,TOTAL,Total,T,Total,GE,Georgia,2022,,3688647,,,,,
dataflow,ESTAT:DEMO_PJAN(1.0),Population on 1 January by age and sex,A,Annual,NR,Number,TOTAL,Total,T,Total,GE,Georgia,2023,,3736357,,,,,
dataflow,ESTAT:DEMO_PJAN(1.0),Population on 1 January by age and sex,A,Annual,NR,Number,TOTAL,Total,T,Total,GE,Georgia,2024,,3694608,,,,,
dataflow,ESTAT:DEMO_PJAN(1.0),Population on 1 January by age and sex,A,Annual,NR,Number,TOTAL,Total,T,Total,GE,Georgia,2025,,3704506,,,,,
dataflow,ESTAT:DEMO_PJAN(1.0),Population on 1 January by age and sex,A,Annual,NR,Number,TOTAL,Total,T,Total,HR,Croatia,1990,,4772556,,e,estimated,,
dataflow,ESTAT:DEMO_PJAN(1.0),Population on 1 January by age and sex,A,Annual,NR,Number,TOTAL,Total,T,Total,HR,Croatia,1991,,4782179,,e,estimated,,
dataflow,ESTAT:DEMO_PJAN(1.0),Population on 1 January by age and sex,A,Annual,NR,Number,TOTAL,Total,T,Total,HR,Croatia,1992,,4595865,,e,estimated,,
dataflow,ESTAT:DEMO_PJAN(1.0),Population on 1 January by age and sex,A,Annual,NR,Number,TOTAL,Total,T,Total,HR,Croatia,1993,,4555771,,e,estimated,,
dataflow,ESTAT:DEMO_PJAN(1.0),Population on 1 January by age and sex,A,Annual,NR,Number,TOTAL,Total,T,Total,HR,Croatia,1994,,4645155,,e,estimated,,
dataflow,ESTAT:DEMO_PJAN(1.0),Population on 1 January by age and sex,A,Annual,NR,Number,TOTAL,Total,T,Total,HR,Croatia,1995,,4658893,,e,estimated,,
dataflow,ESTAT:DEMO_PJAN(1.0),Population on 1 January by age and sex,A,Annual,NR,Number,TOTAL,Total,T,Total,HR,Croatia,1996,,4581167,,e,estimated,,
dataflow,ESTAT:DEMO_PJAN(1.0),Population on 1 January by age and sex,A,Annual,NR,Number,TOTAL,Total,T,Total,HR,Croatia,1997,,4533028,,e,estimated,,
dataflow,ESTAT:DEMO_PJAN(1.0),Population on 1 January by age and sex,A,Annual,NR,Number,TOTAL,Total,T,Total,HR,Croatia,1998,,4536812,,e,estimated,,
dataflow,ESTAT:DEMO_PJAN(1.0),Population on 1 January by age and sex,A,Annual,NR,Number,TOTAL,Total,T,Total,HR,Croatia,1999,,4527460,,e,estimated,,
dataflow,ESTAT:DEMO_PJAN(1.0),Population on 1 January by age and sex,A,Annual,NR,Number,TOTAL,Total,T,Total,HR,Croatia,2000,,4497735,,e,estimated,,
dataflow,ESTAT:DEMO_PJAN(1.0),Population on 1 January by age and sex,A,Annual,NR,Number,TOTAL,Total,T,Total,HR,Croatia,2001,,4295406,,b,break in time series,,
dataflow,ESTAT:DEMO_PJAN(1.0),Population on 1 January by age and sex,A,Annual,NR,Number,TOTAL,Total,T,Total,HR,Croatia,2002,,4305494,,,,,
dataflow,ESTAT:DEMO_PJAN(1.0),Population on 1 January by age and sex,A,Annual,NR,Number,TOTAL,Total,T,Total,HR,Croatia,2003,,4305384,,,,,
dataflow,ESTAT:DEMO_PJAN(1.0),Population on 1 January by age and sex,A,Annual,NR,Number,TOTAL,Total,T,Total,HR,Croatia,2004,,4305725,,,,,
dataflow,ESTAT:DEMO_PJAN(1.0),Population on 1 January by age and sex,A,Annual,NR,Number,TOTAL,Total,T,Total,HR,Croatia,2005,,4310861,,,,,
dataflow,ESTAT:DEMO_PJAN(1.0),Population on 1 January by age and sex,A,Annual,NR,Number,TOTAL,Total,T,Total,HR,Croatia,2006,,4312487,,,,,
dataflow,ESTAT:DEMO_PJAN(1.0),Population on 1 January by age and sex,A,Annual,NR,Number,TOTAL,Total,T,Total,HR,Croatia,2007,,4313530,,,,,
dataflow,ESTAT:DEMO_PJAN(1.0),Population on 1 January by age and sex,A,Annual,NR,Number,TOTAL,Total,T,Total,HR,Croatia,2008,,4311967,,,,,
dataflow,ESTAT:DEMO_PJAN(1.0),Population on 1 January by age and sex,A,Annual,NR,Number,TOTAL,Total,T,Total,HR,Croatia,2009,,4309796,,,,,
dataflow,ESTAT:DEMO_PJAN(1.0),Population on 1 January by age and sex,A,Annual,NR,Number,TOTAL,Total,T,Total,HR,Croatia,2010,,4302847,,,,,
dataflow,ESTAT:DEMO_PJAN(1.0),Population on 1 January by age and sex,A,Annual,NR,Number,TOTAL,Total,T,Total,HR,Croatia,2011,,4289857,,,,,
dataflow,ESTAT:DEMO_PJAN(1.0),Population on 1 January by age and sex,A,Annual,NR,Number,TOTAL,Total,T,Total,HR,Croatia,2012,,4275984,,,,,
dataflow,ESTAT:DEMO_PJAN(1.0),Population on 1 January by age and sex,A,Annual,NR,Number,TOTAL,Total,T,Total,HR,Croatia,2013,,4247803,,,,,
dataflow,ESTAT:DEMO_PJAN(1.0),Population on 1 January by age and sex,A,Annual,NR,Number,TOTAL,Total,T,Total,HR,Croatia,2014,,4217632,,,,,
dataflow,ESTAT:DEMO_PJAN(1.0),Population on 1 January by age and sex,A,Annual,NR,Number,TOTAL,Total,T,Total,HR,Croatia,2015,,4180915,,,,,
dataflow,ESTAT:DEMO_PJAN(1.0),Population on 1 January by age and sex,A,Annual,NR,Number,TOTAL,Total,T,Total,HR,Croatia,2016,,4131115,,,,,
dataflow,ESTAT:DEMO_PJAN(1.0),Population on 1 January by age and sex,A,Annual,NR,Number,TOTAL,Total,T,Total,HR,Croatia,2017,,4078769,,,,,
dataflow,ESTAT:DEMO_PJAN(1.0),Population on 1 January by age and sex,A,Annual,NR,Number,TOTAL,Total,T,Total,HR,Croatia,2018,,4014341,,,,,
dataflow,ESTAT:DEMO_PJAN(1.0),Population on 1 January by age and sex,A,Annual,NR,Number,TOTAL,Total,T,Total,HR,Croatia,2019,,3968676,,,,,
dataflow,ESTAT:DEMO_PJAN(1.0),Population on 1 January by age and sex,A,Annual,NR,Number,TOTAL,Total,T,Total,HR,Croatia,2020,,3933511,,,,,
dataflow,ESTAT:DEMO_PJAN(1.0),Population on 1 January by age and sex,A,Annual,NR,Number,TOTAL,Total,T,Total,HR,Croatia,2021,,3893026,,,,,
dataflow,ESTAT:DEMO_PJAN(1.0),Population on 1 January by age and sex,A,Annual,NR,Number,TOTAL,Total,T,Total,HR,Croatia,2022,,3862305,,,,,
dataflow,ESTAT:DEMO_PJAN(1.0),Population on 1 January by age and sex,A,Annual,NR,Number,TOTAL,Total,T,Total,HR,Croatia,2023,,3850894,,,,,
dataflow,ESTAT:DEMO_PJAN(1.0),Population on 1 January by age and sex,A,Annual,NR,Number,TOTAL,Total,T,Total,HR,Croatia,2024,,3861967,,,,,
dataflow,ESTAT:DEMO_PJAN(1.0),Population on 1 January by age and sex,A,Annual,NR,Number,TOTAL,Total,T,Total,HR,Croatia,2025,,3874350,,,,,
dataflow,ESTAT:DEMO_PJAN(1.0),Population on 1 January by age and sex,A,Annual,NR,Number,TOTAL,Total,T,Total,HU,Hungary,1990,,10374823,,,,,
dataflow,ESTAT:DEMO_PJAN(1.0),Population on 1 January by age and sex,A,Annual,NR,Number,TOTAL,Total,T,Total,HU,Hungary,1991,,10373153,,,,,
dataflow,ESTAT:DEMO_PJAN(1.0),Population on 1 January by age and sex,A,Annual,NR,Number,TOTAL,Total,T,Total,HU,Hungary,1992,,10373647,,,,,
dataflow,ESTAT:DEMO_PJAN(1.0),Population on 1 January by age and sex,A,Annual,NR,Number,TOTAL,Total,T,Total,HU,Hungary,1993,,10365035,,,,,
dataflow,ESTAT:DEMO_PJAN(1.0),Population on 1 January by age and sex,A,Annual,NR,Number,TOTAL,Total,T,Total,HU,Hungary,1994,,10350010,,,,,
dataflow,ESTAT:DEMO_PJAN(1.0),Population on 1 January by age and sex,A,Annual,NR,Number,TOTAL,Total,T,Total,HU,Hungary,1995,,10336700,,,,,
dataflow,ESTAT:DEMO_PJAN(1.0),Population on 1 January by age and sex,A,Annual,NR,Number,TOTAL,Total,T,Total,HU,Hungary,1996,,10321229,,,,,
dataflow,ESTAT:DEMO_PJAN(1.0),Population on 1 January by age and sex,A,Annual,NR,Number,TOTAL,Total,T,Total,HU,Hungary,1997,,10301247,,,,,
dataflow,ESTAT:DEMO_PJAN(1.0),Population on 1 January by age and sex,A,Annual,NR,Number,TOTAL,Total,T,Total,HU,Hungary,1998,,10279724,,,,,
dataflow,ESTAT:DEMO_PJAN(1.0),Population on 1 January by age and sex,A,Annual,NR,Number,TOTAL,Total,T,Total,HU,Hungary,1999,,10253416,,,,,
dataflow,ESTAT:DEMO_PJAN(1.0),Population on 1 January by age and sex,A,Annual,NR,Number,TOTAL,Total,T,Total,HU,Hungary,2000,,10221644,,,,,
dataflow,ESTAT:DEMO_PJAN(1.0),Population on 1 January by age and sex,A,Annual,NR,Number,TOTAL,Total,T,Total,HU,Hungary,2001,,10200298,,,,,
dataflow,ESTAT:DEMO_PJAN(1.0),Population on 1 January by age and sex,A,Annual,NR,Number,TOTAL,Total,T,Total,HU,Hungary,2002,,10174853,,,,,
dataflow,ESTAT:DEMO_PJAN(1.0),Population on 1 January by age and sex,A,Annual,NR,Number,TOTAL,Total,T,Total,HU,Hungary,2003,,10142362,,,,,
dataflow,ESTAT:DEMO_PJAN(1.0),Population on 1 January by age and sex,A,Annual,NR,Number,TOTAL,Total,T,Total,HU,Hungary,2004,,10116742,,,,,
dataflow,ESTAT:DEMO_PJAN(1.0),Population on 1 January by age and sex,A,Annual,NR,Number,TOTAL,Total,T,Total,HU,Hungary,2005,,10097549,,,,,
dataflow,ESTAT:DEMO_PJAN(1.0),Population on 1 January by age and sex,A,Annual,NR,Number,TOTAL,Total,T,Total,HU,Hungary,2006,,10076581,,,,,
dataflow,ESTAT:DEMO_PJAN(1.0),Population on 1 January by age and sex,A,Annual,NR,Number,TOTAL,Total,T,Total,HU,Hungary,2007,,10066158,,,,,
dataflow,ESTAT:DEMO_PJAN(1.0),Population on 1 January by age and sex,A,Annual,NR,Number,TOTAL,Total,T,Total,HU,Hungary,2008,,10045401,,,,,
dataflow,ESTAT:DEMO_PJAN(1.0),Population on 1 January by age and sex,A,Annual,NR,Number,TOTAL,Total,T,Total,HU,Hungary,2009,,10030975,,,,,
dataflow,ESTAT:DEMO_PJAN(1.0),Population on 1 January by age and sex,A,Annual,NR,Number,TOTAL,Total,T,Total,HU,Hungary,2010,,10014324,,,,,
dataflow,ESTAT:DEMO_PJAN(1.0),Population on 1 January by age and sex,A,Annual,NR,Number,TOTAL,Total,T,Total,HU,Hungary,2011,,9985722,,,,,
dataflow,ESTAT:DEMO_PJAN(1.0),Population on 1 January by age and sex,A,Annual,NR,Number,TOTAL,Total,T,Total,HU,Hungary,2012,,9931925,,b,break in time series,,
dataflow,ESTAT:DEMO_PJAN(1.0),Population on 1 January by age and sex,A,Annual,NR,Number,TOTAL,Total,T,Total,HU,Hungary,2013,,9895250,,,,,
dataflow,ESTAT:DEMO_PJAN(1.0),Population on 1 January by age and sex,A,Annual,NR,Number,TOTAL,Total,T,Total,HU,Hungary,2014,,9850217,,,,,
dataflow,ESTAT:DEMO_PJAN(1.0),Population on 1 January by age and sex,A,Annual,NR,Number,TOTAL,Total,T,Total,HU,Hungary,2015,,9815858,,,,,
dataflow,ESTAT:DEMO_PJAN(1.0),Population on 1 January by age and sex,A,Annual,NR,Number,TOTAL,Total,T,Total,HU,Hungary,2016,,9779652,,,,,
dataflow,ESTAT:DEMO_PJAN(1.0),Population on 1 January by age and sex,A,Annual,NR,Number,TOTAL,Total,T,Total,HU,Hungary,2017,,9739857,,,,,
dataflow,ESTAT:DEMO_PJAN(1.0),Population on 1 January by age and sex,A,Annual,NR,Number,TOTAL,Total,T,Total,HU,Hungary,2018,,9713655,,,,,
dataflow,ESTAT:DEMO_PJAN(1.0),Population on 1 January by age and sex,A,Annual,NR,Number,TOTAL,Total,T,Total,HU,Hungary,2019,,9700272,,,,,
dataflow,ESTAT:DEMO_PJAN(1.0),Population on 1 January by age and sex,A,Annual,NR,Number,TOTAL,Total,T,Total,HU,Hungary,2020,,9689376,,,,,
dataflow,ESTAT:DEMO_PJAN(1.0),Population on 1 January by age and sex,A,Annual,NR,Number,TOTAL,Total,T,Total,HU,Hungary,2021,,9651461,,,,,
dataflow,ESTAT:DEMO_PJAN(1.0),Population on 1 January by age and sex,A,Annual,NR,Number,TOTAL,Total,T,Total,HU,Hungary,2022,,9610403,,,,,
dataflow,ESTAT:DEMO_PJAN(1.0),Population on 1 January by age and sex,A,Annual,NR,Number,TOTAL,Total,T,Total,HU,Hungary,2023,,9599744,,,,,
dataflow,ESTAT:DEMO_PJAN(1.0),Population on 1 January by age and sex,A,Annual,NR,Number,TOTAL,Total,T,Total,HU,Hungary,2024,,9584627,,,,,
dataflow,ESTAT:DEMO_PJAN(1.0),Population on 1 January by age and sex,A,Annual,NR,Number,TOTAL,Total,T,Total,HU,Hungary,2025,,9539502,,,,,
dataflow,ESTAT:DEMO_PJAN(1.0),Population on 1 January by age and sex,A,Annual,NR,Number,TOTAL,Total,T,Total,IE,Ireland,1990,,3506970,,,,,
dataflow,ESTAT:DEMO_PJAN(1.0),Population on 1 January by age and sex,A,Annual,NR,Number,TOTAL,Total,T,Total,IE,Ireland,1991,,3520977,,,,,
dataflow,ESTAT:DEMO_PJAN(1.0),Population on 1 January by age and sex,A,Annual,NR,Number,TOTAL,Total,T,Total,IE,Ireland,1992,,3547492,,,,,
dataflow,ESTAT:DEMO_PJAN(1.0),Population on 1 January by age and sex,A,Annual,NR,Number,TOTAL,Total,T,Total,IE,Ireland,1993,,3569367,,,,,
dataflow,ESTAT:DEMO_PJAN(1.0),Population on 1 January by age and sex,A,Annual,NR,Number,TOTAL,Total,T,Total,IE,Ireland,1994,,3583154,,,,,
dataflow,ESTAT:DEMO_PJAN(1.0),Population on 1 January by age and sex,A,Annual,NR,Number,TOTAL,Total,T,Total,IE,Ireland,1995,,3597617,,,,,
dataflow,ESTAT:DEMO_PJAN(1.0),Population on 1 January by age and sex,A,Annual,NR,Number,TOTAL,Total,T,Total,IE,Ireland,1996,,3620065,,,,,
dataflow,ESTAT:DEMO_PJAN(1.0),Population on 1 January by age and sex,A,Annual,NR,Number,TOTAL,Total,T,Total,IE,Ireland,1997,,3654955,,,,,
dataflow,ESTAT:DEMO_PJAN(1.0),Population on 1 January by age and sex,A,Annual,NR,Number,TOTAL,Total,T,Total,IE,Ireland,1998,,3693386,,,,,
dataflow,ESTAT:DEMO_PJAN(1.0),Population on 1 January by age and sex,A,Annual,NR,Number,TOTAL,Total,T,Total,IE,Ireland,1999,,3732006,,,,,
dataflow,ESTAT:DEMO_PJAN(1.0),Population on 1 January by age and sex,A,Annual,NR,Number,TOTAL,Total,T,Total,IE,Ireland,2000,,3777565,,,,,
dataflow,ESTAT:DEMO_PJAN(1.0),Population on 1 January by age and sex,A,Annual,NR,Number,TOTAL,Total,T,Total,IE,Ireland,2001,,3832783,,,,,
dataflow,ESTAT:DEMO_PJAN(1.0),Population on 1 January by age and sex,A,Annual,NR,Number,TOTAL,Total,T,Total,IE,Ireland,2002,,3899702,,,,,
dataflow,ESTAT:DEMO_PJAN(1.0),Population on 1 January by age and sex,A,Annual,NR,Number,TOTAL,Total,T,Total,IE,Ireland,2003,,3964191,,,,,
dataflow,ESTAT:DEMO_PJAN(1.0),Population on 1 January by age and sex,A,Annual,NR,Number,TOTAL,Total,T,Total,IE,Ireland,2004,,4028851,,,,,
dataflow,ESTAT:DEMO_PJAN(1.0),Population on 1 January by age and sex,A,Annual,NR,Number,TOTAL,Total,T,Total,IE,Ireland,2005,,4111672,,,,,
dataflow,ESTAT:DEMO_PJAN(1.0),Population on 1 January by age and sex,A,Annual,NR,Number,TOTAL,Total,T,Total,IE,Ireland,2006,,4208156,,,,,
dataflow,ESTAT:DEMO_PJAN(1.0),Population on 1 January by age and sex,A,Annual,NR,Number,TOTAL,Total,T,Total,IE,Ireland,2007,,4340118,,,,,
dataflow,ESTAT:DEMO_PJAN(1.0),Population on 1 January by age and sex,A,Annual,NR,Number,TOTAL,Total,T,Total,IE,Ireland,2008,,4457765,,,,,
dataflow,ESTAT:DEMO_PJAN(1.0),Population on 1 January by age and sex,A,Annual,NR,Number,TOTAL,Total,T,Total,IE,Ireland,2009,,4521322,,,,,
dataflow,ESTAT:DEMO_PJAN(1.0),Population on 1 January by age and sex,A,Annual,NR,Number,TOTAL,Total,T,Total,IE,Ireland,2010,,4549428,,,,,
dataflow,ESTAT:DEMO_PJAN(1.0),Population on 1 January by age and sex,A,Annual,NR,Number,TOTAL,Total,T,Total,IE,Ireland,2011,,4570881,,,,,
dataflow,ESTAT:DEMO_PJAN(1.0),Population on 1 January by age and sex,A,Annual,NR,Number,TOTAL,Total,T,Total,IE,Ireland,2012,,4589287,,,,,
dataflow,ESTAT:DEMO_PJAN(1.0),Population on 1 January by age and sex,A,Annual,NR,Number,TOTAL,Total,T,Total,IE,Ireland,2013,,4609779,,,,,
dataflow,ESTAT:DEMO_PJAN(1.0),Population on 1 January by age and sex,A,Annual,NR,Number,TOTAL,Total,T,Total,IE,Ireland,2014,,4637852,,,,,
dataflow,ESTAT:DEMO_PJAN(1.0),Population on 1 January by age and sex,A,Annual,NR,Number,TOTAL,Total,T,Total,IE,Ireland,2015,,4677627,,,,,
dataflow,ESTAT:DEMO_PJAN(1.0),Population on 1 January by age and sex,A,Annual,NR,Number,TOTAL,Total,T,Total,IE,Ireland,2016,,4726286,,,,,
dataflow,ESTAT:DEMO_PJAN(1.0),Population on 1 January by age and sex,A,Annual,NR,Number,TOTAL,Total,T,Total,IE,Ireland,2017,,4799157,,,,,
dataflow,ESTAT:DEMO_PJAN(1.0),Population on 1 January by age and sex,A,Annual,NR,Number,TOTAL,Total,T,Total,IE,Ireland,2018,,4855733,,,,,
dataflow,ESTAT:DEMO_PJAN(1.0),Population on 1 January by age and sex,A,Annual,NR,Number,TOTAL,Total,T,Total,IE,Ireland,2019,,4940311,,,,,
dataflow,ESTAT:DEMO_PJAN(1.0),Population on 1 January by age and sex,A,Annual,NR,Number,TOTAL,Total,T,Total,IE,Ireland,2020,,5012600,,,,,
dataflow,ESTAT:DEMO_PJAN(1.0),Population on 1 January by age and sex,A,Annual,NR,Number,TOTAL,Total,T,Total,IE,Ireland,2021,,5066893,,,,,
dataflow,ESTAT:DEMO_PJAN(1.0),Population on 1 January by age and sex,A,Annual,NR,Number,TOTAL,Total,T,Total,IE,Ireland,2022,,5154277,,,,,
dataflow,ESTAT:DEMO_PJAN(1.0),Population on 1 January by age and sex,A,Annual,NR,Number,TOTAL,Total,T,Total,IE,Ireland,2023,,5271395,,,,,
dataflow,ESTAT:DEMO_PJAN(1.0),Population on 1 January by age and sex,A,Annual,NR,Number,TOTAL,Total,T,Total,IE,Ireland,2024,,5351681,,,,,
dataflow,ESTAT:DEMO_PJAN(1.0),Population on 1 January by age and sex,A,Annual,NR,Number,TOTAL,Total,T,Total,IE,Ireland,2025,,5440278,,,,,
dataflow,ESTAT:DEMO_PJAN(1.0),Population on 1 January by age and sex,A,Annual,NR,Number,TOTAL,Total,T,Total,IS,Iceland,1990,,253785,,,,,
dataflow,ESTAT:DEMO_PJAN(1.0),Population on 1 January by age and sex,A,Annual,NR,Number,TOTAL,Total,T,Total,IS,Iceland,1991,,255866,,,,,
dataflow,ESTAT:DEMO_PJAN(1.0),Population on 1 January by age and sex,A,Annual,NR,Number,TOTAL,Total,T,Total,IS,Iceland,1992,,259727,,,,,
dataflow,ESTAT:DEMO_PJAN(1.0),Population on 1 January by age and sex,A,Annual,NR,Number,TOTAL,Total,T,Total,IS,Iceland,1993,,262386,,,,,
dataflow,ESTAT:DEMO_PJAN(1.0),Population on 1 January by age and sex,A,Annual,NR,Number,TOTAL,Total,T,Total,IS,Iceland,1994,,265064,,,,,
dataflow,ESTAT:DEMO_PJAN(1.0),Population on 1 January by age and sex,A,Annual,NR,Number,TOTAL,Total,T,Total,IS,Iceland,1995,,266978,,,,,
dataflow,ESTAT:DEMO_PJAN(1.0),Population on 1 January by age and sex,A,Annual,NR,Number,TOTAL,Total,T,Total,IS,Iceland,1996,,267958,,,,,
dataflow,ESTAT:DEMO_PJAN(1.0),Population on 1 January by age and sex,A,Annual,NR,Number,TOTAL,Total,T,Total,IS,Iceland,1997,,269874,,,,,
dataflow,ESTAT:DEMO_PJAN(1.0),Population on 1 January by age and sex,A,Annual,NR,Number,TOTAL,Total,T,Total,IS,Iceland,1998,,272381,,,,,
dataflow,ESTAT:DEMO_PJAN(1.0),Population on 1 January by age and sex,A,Annual,NR,Number,TOTAL,Total,T,Total,IS,Iceland,1999,,275712,,,,,
dataflow,ESTAT:DEMO_PJAN(1.0),Population on 1 January by age and sex,A,Annual,NR,Number,TOTAL,Total,T,Total,IS,Iceland,2000,,279049,,,,,
dataflow,ESTAT:DEMO_PJAN(1.0),Population on 1 January by age and sex,A,Annual,NR,Number,TOTAL,Total,T,Total,IS,Iceland,2001,,283361,,,,,
dataflow,ESTAT:DEMO_PJAN(1.0),Population on 1 January by age and sex,A,Annual,NR,Number,TOTAL,Total,T,Total,IS,Iceland,2002,,286575,,,,,
dataflow,ESTAT:DEMO_PJAN(1.0),Population on 1 January by age and sex,A,Annual,NR,Number,TOTAL,Total,T,Total,IS,Iceland,2003,,288471,,,,,
dataflow,ESTAT:DEMO_PJAN(1.0),Population on 1 January by age and sex,A,Annual,NR,Number,TOTAL,Total,T,Total,IS,Iceland,2004,,290570,,,,,
dataflow,ESTAT:DEMO_PJAN(1.0),Population on 1 January by age and sex,A,Annual,NR,Number,TOTAL,Total,T,Total,IS,Iceland,2005,,293577,,,,,
dataflow,ESTAT:DEMO_PJAN(1.0),Population on 1 January by age and sex,A,Annual,NR,Number,TOTAL,Total,T,Total,IS,Iceland,2006,,299891,,,,,
dataflow,ESTAT:DEMO_PJAN(1.0),Population on 1 January by age and sex,A,Annual,NR,Number,TOTAL,Total,T,Total,IS,Iceland,2007,,307672,,,,,
dataflow,ESTAT:DEMO_PJAN(1.0),Population on 1 January by age and sex,A,Annual,NR,Number,TOTAL,Total,T,Total,IS,Iceland,2008,,315459,,,,,
dataflow,ESTAT:DEMO_PJAN(1.0),Population on 1 January by age and sex,A,Annual,NR,Number,TOTAL,Total,T,Total,IS,Iceland,2009,,319368,,,,,
dataflow,ESTAT:DEMO_PJAN(1.0),Population on 1 January by age and sex,A,Annual,NR,Number,TOTAL,Total,T,Total,IS,Iceland,2010,,317630,,,,,
dataflow,ESTAT:DEMO_PJAN(1.0),Population on 1 January by age and sex,A,Annual,NR,Number,TOTAL,Total,T,Total,IS,Iceland,2011,,318452,,,,,
dataflow,ESTAT:DEMO_PJAN(1.0),Population on 1 January by age and sex,A,Annual,NR,Number,TOTAL,Total,T,Total,IS,Iceland,2012,,319575,,,,,
dataflow,ESTAT:DEMO_PJAN(1.0),Population on 1 January by age and sex,A,Annual,NR,Number,TOTAL,Total,T,Total,IS,Iceland,2013,,321857,,,,,
dataflow,ESTAT:DEMO_PJAN(1.0),Population on 1 January by age and sex,A,Annual,NR,Number,TOTAL,Total,T,Total,IS,Iceland,2014,,325671,,,,,
dataflow,ESTAT:DEMO_PJAN(1.0),Population on 1 January by age and sex,A,Annual,NR,Number,TOTAL,Total,T,Total,IS,Iceland,2015,,329100,,,,,
dataflow,ESTAT:DEMO_PJAN(1.0),Population on 1 January by age and sex,A,Annual,NR,Number,TOTAL,Total,T,Total,IS,Iceland,2016,,332529,,,,,
dataflow,ESTAT:DEMO_PJAN(1.0),Population on 1 January by age and sex,A,Annual,NR,Number,TOTAL,Total,T,Total,IS,Iceland,2017,,338349,,,,,
dataflow,ESTAT:DEMO_PJAN(1.0),Population on 1 January by age and sex,A,Annual,NR,Number,TOTAL,Total,T,Total,IS,Iceland,2018,,348450,,,,,
dataflow,ESTAT:DEMO_PJAN(1.0),Population on 1 January by age and sex,A,Annual,NR,Number,TOTAL,Total,T,Total,IS,Iceland,2019,,356991,,,,,
dataflow,ESTAT:DEMO_PJAN(1.0),Population on 1 January by age and sex,A,Annual,NR,Number,TOTAL,Total,T,Total,IS,Iceland,2020,,364134,,,,,
dataflow,ESTAT:DEMO_PJAN(1.0),Population on 1 January by age and sex,A,Annual,NR,Number,TOTAL,Total,T,Total,IS,Iceland,2021,,368792,,,,,
dataflow,ESTAT:DEMO_PJAN(1.0),Population on 1 January by age and sex,A,Annual,NR,Number,TOTAL,Total,T,Total,IS,Iceland,2022,,376248,,,,,
dataflow,ESTAT:DEMO_PJAN(1.0),Population on 1 January by age and sex,A,Annual,NR,Number,TOTAL,Total,T,Total,IS,Iceland,2023,,387758,,,,,
dataflow,ESTAT:DEMO_PJAN(1.0),Population on 1 January by age and sex,A,Annual,NR,Number,TOTAL,Total,T,Total,IS,Iceland,2024,,383567,,,,,
dataflow,ESTAT:DEMO_PJAN(1.0),Population on 1 January by age and sex,A,Annual,NR,Number,TOTAL,Total,T,Total,IS,Iceland,2025,,389444,,,,,
dataflow,ESTAT:DEMO_PJAN(1.0),Population on 1 January by age and sex,A,Annual,NR,Number,TOTAL,Total,T,Total,IT,Italy,1990,,56694360,,,,,
dataflow,ESTAT:DEMO_PJAN(1.0),Population on 1 January by age and sex,A,Annual,NR,Number,TOTAL,Total,T,Total,IT,Italy,1991,,56744119,,,,,
dataflow,ESTAT:DEMO_PJAN(1.0),Population on 1 January by age and sex,A,Annual,NR,Number,TOTAL,Total,T,Total,IT,Italy,1992,,56772923,,,,,
dataflow,ESTAT:DEMO_PJAN(1.0),Population on 1 January by age and sex,A,Annual,NR,Number,TOTAL,Total,T,Total,IT,Italy,1993,,56821250,,,,,
dataflow,ESTAT:DEMO_PJAN(1.0),Population on 1 January by age and sex,A,Annual,NR,Number,TOTAL,Total,T,Total,IT,Italy,1994,,56842392,,,,,
dataflow,ESTAT:DEMO_PJAN(1.0),Population on 1 January by age and sex,A,Annual,NR,Number,TOTAL,Total,T,Total,IT,Italy,1995,,56844408,,,,,
dataflow,ESTAT:DEMO_PJAN(1.0),Population on 1 January by age and sex,A,Annual,NR,Number,TOTAL,Total,T,Total,IT,Italy,1996,,56844197,,,,,
dataflow,ESTAT:DEMO_PJAN(1.0),Population on 1 January by age and sex,A,Annual,NR,Number,TOTAL,Total,T,Total,IT,Italy,1997,,56876364,,,,,
dataflow,ESTAT:DEMO_PJAN(1.0),Population on 1 January by age and sex,A,Annual,NR,Number,TOTAL,Total,T,Total,IT,Italy,1998,,56904379,,,,,
dataflow,ESTAT:DEMO_PJAN(1.0),Population on 1 January by age and sex,A,Annual,NR,Number,TOTAL,Total,T,Total,IT,Italy,1999,,56909109,,,,,
dataflow,ESTAT:DEMO_PJAN(1.0),Population on 1 January by age and sex,A,Annual,NR,Number,TOTAL,Total,T,Total,IT,Italy,2000,,56923524,,,,,
dataflow,ESTAT:DEMO_PJAN(1.0),Population on 1 January by age and sex,A,Annual,NR,Number,TOTAL,Total,T,Total,IT,Italy,2001,,56960692,,,,,
dataflow,ESTAT:DEMO_PJAN(1.0),Population on 1 January by age and sex,A,Annual,NR,Number,TOTAL,Total,T,Total,IT,Italy,2002,,56993270,,,,,
dataflow,ESTAT:DEMO_PJAN(1.0),Population on 1 January by age and sex,A,Annual,NR,Number,TOTAL,Total,T,Total,IT,Italy,2003,,57186378,,,,,
dataflow,ESTAT:DEMO_PJAN(1.0),Population on 1 January by age and sex,A,Annual,NR,Number,TOTAL,Total,T,Total,IT,Italy,2004,,57611990,,,,,
dataflow,ESTAT:DEMO_PJAN(1.0),Population on 1 January by age and sex,A,Annual,NR,Number,TOTAL,Total,T,Total,IT,Italy,2005,,58044368,,,,,
dataflow,ESTAT:DEMO_PJAN(1.0),Population on 1 January by age and sex,A,Annual,NR,Number,TOTAL,Total,T,Total,IT,Italy,2006,,58288996,,,,,
dataflow,ESTAT:DEMO_PJAN(1.0),Population on 1 January by age and sex,A,Annual,NR,Number,TOTAL,Total,T,Total,IT,Italy,2007,,58510725,,,,,
dataflow,ESTAT:DEMO_PJAN(1.0),Population on 1 January by age and sex,A,Annual,NR,Number,TOTAL,Total,T,Total,IT,Italy,2008,,59001769,,,,,
dataflow,ESTAT:DEMO_PJAN(1.0),Population on 1 January by age and sex,A,Annual,NR,Number,TOTAL,Total,T,Total,IT,Italy,2009,,59420592,,,,,
dataflow,ESTAT:DEMO_PJAN(1.0),Population on 1 January by age and sex,A,Annual,NR,Number,TOTAL,Total,T,Total,IT,Italy,2010,,59690316,,,,,
dataflow,ESTAT:DEMO_PJAN(1.0),Population on 1 January by age and sex,A,Annual,NR,Number,TOTAL,Total,T,Total,IT,Italy,2011,,59948497,,,,,
dataflow,ESTAT:DEMO_PJAN(1.0),Population on 1 January by age and sex,A,Annual,NR,Number,TOTAL,Total,T,Total,IT,Italy,2012,,60105185,,,,,
dataflow,ESTAT:DEMO_PJAN(1.0),Population on 1 January by age and sex,A,Annual,NR,Number,TOTAL,Total,T,Total,IT,Italy,2013,,60277309,,,,,
dataflow,ESTAT:DEMO_PJAN(1.0),Population on 1 January by age and sex,A,Annual,NR,Number,TOTAL,Total,T,Total,IT,Italy,2014,,60345917,,,,,
dataflow,ESTAT:DEMO_PJAN(1.0),Population on 1 January by age and sex,A,Annual,NR,Number,TOTAL,Total,T,Total,IT,Italy,2015,,60295497,,,,,
dataflow,ESTAT:DEMO_PJAN(1.0),Population on 1 January by age and sex,A,Annual,NR,Number,TOTAL,Total,T,Total,IT,Italy,2016,,60163712,,,,,
dataflow,ESTAT:DEMO_PJAN(1.0),Population on 1 January by age and sex,A,Annual,NR,Number,TOTAL,Total,T,Total,IT,Italy,2017,,60066734,,,,,
dataflow,ESTAT:DEMO_PJAN(1.0),Population on 1 January by age and sex,A,Annual,NR,Number,TOTAL,Total,T,Total,IT,Italy,2018,,59937769,,,,,
dataflow,ESTAT:DEMO_PJAN(1.0),Population on 1 January by age and sex,A,Annual,NR,Number,TOTAL,Total,T,Total,IT,Italy,2019,,59816673,,b,break in time series,,
dataflow,ESTAT:DEMO_PJAN(1.0),Population on 1 January by age and sex,A,Annual,NR,Number,TOTAL,Total,T,Total,IT,Italy,2020,,59641488,,,,,
dataflow,ESTAT:DEMO_PJAN(1.0),Population on 1 January by age and sex,A,Annual,NR,Number,TOTAL,Total,T,Total,IT,Italy,2021,,59236213,,,,,
dataflow,ESTAT:DEMO_PJAN(1.0),Population on 1 January by age and sex,A,Annual,NR,Number,TOTAL,Total,T,Total,IT,Italy,2022,,59030133,,,,,
dataflow,ESTAT:DEMO_PJAN(1.0),Population on 1 January by age and sex,A,Annual,NR,Number,TOTAL,Total,T,Total,IT,Italy,2023,,58997201,,,,,
dataflow,ESTAT:DEMO_PJAN(1.0),Population on 1 January by age and sex,A,Annual,NR,Number,TOTAL,Total,T,Total,IT,Italy,2024,,58971230,,,,,
dataflow,ESTAT:DEMO_PJAN(1.0),Population on 1 January by age and sex,A,Annual,NR,Number,TOTAL,Total,T,Total,IT,Italy,2025,,58943464,,,,,
dataflow,ESTAT:DEMO_PJAN(1.0),Population on 1 January by age and sex,A,Annual,NR,Number,TOTAL,Total,T,Total,LI,Liechtenstein,1990,,28452,,,,,
dataflow,ESTAT:DEMO_PJAN(1.0),Population on 1 January by age and sex,A,Annual,NR,Number,TOTAL,Total,T,Total,LI,Liechtenstein,1991,,29032,,,,,
dataflow,ESTAT:DEMO_PJAN(1.0),Population on 1 January by age and sex,A,Annual,NR,Number,TOTAL,Total,T,Total,LI,Liechtenstein,1992,,29386,,,,,
dataflow,ESTAT:DEMO_PJAN(1.0),Population on 1 January by age and sex,A,Annual,NR,Number,TOTAL,Total,T,Total,LI,Liechtenstein,1993,,29868,,,,,
dataflow,ESTAT:DEMO_PJAN(1.0),Population on 1 January by age and sex,A,Annual,NR,Number,TOTAL,Total,T,Total,LI,Liechtenstein,1994,,30310,,,,,
dataflow,ESTAT:DEMO_PJAN(1.0),Population on 1 January by age and sex,A,Annual,NR,Number,TOTAL,Total,T,Total,LI,Liechtenstein,1995,,30629,,,,,
dataflow,ESTAT:DEMO_PJAN(1.0),Population on 1 January by age and sex,A,Annual,NR,Number,TOTAL,Total,T,Total,LI,Liechtenstein,1996,,30923,,,,,
dataflow,ESTAT:DEMO_PJAN(1.0),Population on 1 January by age and sex,A,Annual,NR,Number,TOTAL,Total,T,Total,LI,Liechtenstein,1997,,31143,,,,,
dataflow,ESTAT:DEMO_PJAN(1.0),Population on 1 January by age and sex,A,Annual,NR,Number,TOTAL,Total,T,Total,LI,Liechtenstein,1998,,31320,,,,,
dataflow,ESTAT:DEMO_PJAN(1.0),Population on 1 January by age and sex,A,Annual,NR,Number,TOTAL,Total,T,Total,LI,Liechtenstein,1999,,32015,,,,,
dataflow,ESTAT:DEMO_PJAN(1.0),Population on 1 January by age and sex,A,Annual,NR,Number,TOTAL,Total,T,Total,LI,Liechtenstein,2000,,32426,,,,,
dataflow,ESTAT:DEMO_PJAN(1.0),Population on 1 January by age and sex,A,Annual,NR,Number,TOTAL,Total,T,Total,LI,Liechtenstein,2001,,32863,,,,,
dataflow,ESTAT:DEMO_PJAN(1.0),Population on 1 January by age and sex,A,Annual,NR,Number,TOTAL,Total,T,Total,LI,Liechtenstein,2002,,33525,,,,,
dataflow,ESTAT:DEMO_PJAN(1.0),Population on 1 January by age and sex,A,Annual,NR,Number,TOTAL,Total,T,Total,LI,Liechtenstein,2003,,33863,,,,,
dataflow,ESTAT:DEMO_PJAN(1.0),Population on 1 January by age and sex,A,Annual,NR,Number,TOTAL,Total,T,Total,LI,Liechtenstein,2004,,34294,,,,,
dataflow,ESTAT:DEMO_PJAN(1.0),Population on 1 January by age and sex,A,Annual,NR,Number,TOTAL,Total,T,Total,LI,Liechtenstein,2005,,34600,,,,,
dataflow,ESTAT:DEMO_PJAN(1.0),Population on 1 January by age and sex,A,Annual,NR,Number,TOTAL,Total,T,Total,LI,Liechtenstein,2006,,34905,,,,,
dataflow,ESTAT:DEMO_PJAN(1.0),Population on 1 January by age and sex,A,Annual,NR,Number,TOTAL,Total,T,Total,LI,Liechtenstein,2007,,35168,,,,,
dataflow,ESTAT:DEMO_PJAN(1.0),Population on 1 January by age and sex,A,Annual,NR,Number,TOTAL,Total,T,Total,LI,Liechtenstein,2008,,35356,,,,,
dataflow,ESTAT:DEMO_PJAN(1.0),Population on 1 January by age and sex,A,Annual,NR,Number,TOTAL,Total,T,Total,LI,Liechtenstein,2009,,35589,,,,,
dataflow,ESTAT:DEMO_PJAN(1.0),Population on 1 January by age and sex,A,Annual,NR,Number,TOTAL,Total,T,Total,LI,Liechtenstein,2010,,35894,,,,,
dataflow,ESTAT:DEMO_PJAN(1.0),Population on 1 January by age and sex,A,Annual,NR,Number,TOTAL,Total,T,Total,LI,Liechtenstein,2011,,36149,,,,,
dataflow,ESTAT:DEMO_PJAN(1.0),Population on 1 January by age and sex,A,Annual,NR,Number,TOTAL,Total,T,Total,LI,Liechtenstein,2012,,36475,,,,,
dataflow,ESTAT:DEMO_PJAN(1.0),Population on 1 January by age and sex,A,Annual,NR,Number,TOTAL,Total,T,Total,LI,Liechtenstein,2013,,36838,,,,,
dataflow,ESTAT:DEMO_PJAN(1.0),Population on 1 January by age and sex,A,Annual,NR,Number,TOTAL,Total,T,Total,LI,Liechtenstein,2014,,37129,,,,,
dataflow,ESTAT:DEMO_PJAN(1.0),Population on 1 January by age and sex,A,Annual,NR,Number,TOTAL,Total,T,Total,LI,Liechtenstein,2015,,37366,,,,,
dataflow,ESTAT:DEMO_PJAN(1.0),Population on 1 January by age and sex,A,Annual,NR,Number,TOTAL,Total,T,Total,LI,Liechtenstein,2016,,37622,,,,,
dataflow,ESTAT:DEMO_PJAN(1.0),Population on 1 January by age and sex,A,Annual,NR,Number,TOTAL,Total,T,Total,LI,Liechtenstein,2017,,37810,,,,,
dataflow,ESTAT:DEMO_PJAN(1.0),Population on 1 January by age and sex,A,Annual,NR,Number,TOTAL,Total,T,Total,LI,Liechtenstein,2018,,38114,,,,,
dataflow,ESTAT:DEMO_PJAN(1.0),Population on 1 January by age and sex,A,Annual,NR,Number,TOTAL,Total,T,Total,LI,Liechtenstein,2019,,38378,,,,,
dataflow,ESTAT:DEMO_PJAN(1.0),Population on 1 January by age and sex,A,Annual,NR,Number,TOTAL,Total,T,Total,LI,Liechtenstein,2020,,38747,,,,,
dataflow,ESTAT:DEMO_PJAN(1.0),Population on 1 January by age and sex,A,Annual,NR,Number,TOTAL,Total,T,Total,LI,Liechtenstein,2021,,39055,,,,,
dataflow,ESTAT:DEMO_PJAN(1.0),Population on 1 January by age and sex,A,Annual,NR,Number,TOTAL,Total,T,Total,LI,Liechtenstein,2022,,39308,,,,,
dataflow,ESTAT:DEMO_PJAN(1.0),Population on 1 January by age and sex,A,Annual,NR,Number,TOTAL,Total,T,Total,LI,Liechtenstein,2023,,39677,,,,,
dataflow,ESTAT:DEMO_PJAN(1.0),Population on 1 January by age and sex,A,Annual,NR,Number,TOTAL,Total,T,Total,LI,Liechtenstein,2024,,40015,,,,,
dataflow,ESTAT:DEMO_PJAN(1.0),Population on 1 January by age and sex,A,Annual,NR,Number,TOTAL,Total,T,Total,LI,Liechtenstein,2025,,40886,,,,,
dataflow,ESTAT:DEMO_PJAN(1.0),Population on 1 January by age and sex,A,Annual,NR,Number,TOTAL,Total,T,Total,LT,Lithuania,1990,,3693708,,,,,
dataflow,ESTAT:DEMO_PJAN(1.0),Population on 1 January by age and sex,A,Annual,NR,Number,TOTAL,Total,T,Total,LT,Lithuania,1991,,3701968,,,,,
dataflow,ESTAT:DEMO_PJAN(1.0),Population on 1 January by age and sex,A,Annual,NR,Number,TOTAL,Total,T,Total,LT,Lithuania,1992,,3706299,,,,,
dataflow,ESTAT:DEMO_PJAN(1.0),Population on 1 January by age and sex,A,Annual,NR,Number,TOTAL,Total,T,Total,LT,Lithuania,1993,,3693929,,,,,
dataflow,ESTAT:DEMO_PJAN(1.0),Population on 1 January by age and sex,A,Annual,NR,Number,TOTAL,Total,T,Total,LT,Lithuania,1994,,3671296,,,,,
dataflow,ESTAT:DEMO_PJAN(1.0),Population on 1 January by age and sex,A,Annual,NR,Number,TOTAL,Total,T,Total,LT,Lithuania,1995,,3642991,,,,,
dataflow,ESTAT:DEMO_PJAN(1.0),Population on 1 January by age and sex,A,Annual,NR,Number,TOTAL,Total,T,Total,LT,Lithuania,1996,,3615212,,,,,
dataflow,ESTAT:DEMO_PJAN(1.0),Population on 1 January by age and sex,A,Annual,NR,Number,TOTAL,Total,T,Total,LT,Lithuania,1997,,3588013,,,,,
dataflow,ESTAT:DEMO_PJAN(1.0),Population on 1 January by age and sex,A,Annual,NR,Number,TOTAL,Total,T,Total,LT,Lithuania,1998,,3562261,,,,,
dataflow,ESTAT:DEMO_PJAN(1.0),Population on 1 January by age and sex,A,Annual,NR,Number,TOTAL,Total,T,Total,LT,Lithuania,1999,,3536401,,,,,
dataflow,ESTAT:DEMO_PJAN(1.0),Population on 1 January by age and sex,A,Annual,NR,Number,TOTAL,Total,T,Total,LT,Lithuania,2000,,3512074,,,,,
dataflow,ESTAT:DEMO_PJAN(1.0),Population on 1 January by age and sex,A,Annual,NR,Number,TOTAL,Total,T,Total,LT,Lithuania,2001,,3486998,,,,,
dataflow,ESTAT:DEMO_PJAN(1.0),Population on 1 January by age and sex,A,Annual,NR,Number,TOTAL,Total,T,Total,LT,Lithuania,2002,,3454637,,,,,
dataflow,ESTAT:DEMO_PJAN(1.0),Population on 1 January by age and sex,A,Annual,NR,Number,TOTAL,Total,T,Total,LT,Lithuania,2003,,3431497,,,,,
dataflow,ESTAT:DEMO_PJAN(1.0),Population on 1 January by age and sex,A,Annual,NR,Number,TOTAL,Total,T,Total,LT,Lithuania,2004,,3398929,,,,,
dataflow,ESTAT:DEMO_PJAN(1.0),Population on 1 January by age and sex,A,Annual,NR,Number,TOTAL,Total,T,Total,LT,Lithuania,2005,,3355220,,,,,
dataflow,ESTAT:DEMO_PJAN(1.0),Population on 1 January by age and sex,A,Annual,NR,Number,TOTAL,Total,T,Total,LT,Lithuania,2006,,3289835,,,,,
dataflow,ESTAT:DEMO_PJAN(1.0),Population on 1 January by age and sex,A,Annual,NR,Number,TOTAL,Total,T,Total,LT,Lithuania,2007,,3249983,,,,,
dataflow,ESTAT:DEMO_PJAN(1.0),Population on 1 January by age and sex,A,Annual,NR,Number,TOTAL,Total,T,Total,LT,Lithuania,2008,,3212605,,,,,
dataflow,ESTAT:DEMO_PJAN(1.0),Population on 1 January by age and sex,A,Annual,NR,Number,TOTAL,Total,T,Total,LT,Lithuania,2009,,3183856,,,,,
dataflow,ESTAT:DEMO_PJAN(1.0),Population on 1 January by age and sex,A,Annual,NR,Number,TOTAL,Total,T,Total,LT,Lithuania,2010,,3141976,,,,,
dataflow,ESTAT:DEMO_PJAN(1.0),Population on 1 January by age and sex,A,Annual,NR,Number,TOTAL,Total,T,Total,LT,Lithuania,2011,,3052588,,,,,
dataflow,ESTAT:DEMO_PJAN(1.0),Population on 1 January by age and sex,A,Annual,NR,Number,TOTAL,Total,T,Total,LT,Lithuania,2012,,3003641,,,,,
dataflow,ESTAT:DEMO_PJAN(1.0),Population on 1 January by age and sex,A,Annual,NR,Number,TOTAL,Total,T,Total,LT,Lithuania,2013,,2974637,,,,,
dataflow,ESTAT:DEMO_PJAN(1.0),Population on 1 January by age and sex,A,Annual,NR,Number,TOTAL,Total,T,Total,LT,Lithuania,2014,,2947862,,,,,
dataflow,ESTAT:DEMO_PJAN(1.0),Population on 1 January by age and sex,A,Annual,NR,Number,TOTAL,Total,T,Total,LT,Lithuania,2015,,2926644,,,,,
dataflow,ESTAT:DEMO_PJAN(1.0),Population on 1 January by age and sex,A,Annual,NR,Number,TOTAL,Total,T,Total,LT,Lithuania,2016,,2895573,,,,,
dataflow,ESTAT:DEMO_PJAN(1.0),Population on 1 January by age and sex,A,Annual,NR,Number,TOTAL,Total,T,Total,LT,Lithuania,2017,,2859077,,,,,
dataflow,ESTAT:DEMO_PJAN(1.0),Population on 1 January by age and sex,A,Annual,NR,Number,TOTAL,Total,T,Total,LT,Lithuania,2018,,2826200,,,,,
dataflow,ESTAT:DEMO_PJAN(1.0),Population on 1 January by age and sex,A,Annual,NR,Number,TOTAL,Total,T,Total,LT,Lithuania,2019,,2812200,,,,,
dataflow,ESTAT:DEMO_PJAN(1.0),Population on 1 January by age and sex,A,Annual,NR,Number,TOTAL,Total,T,Total,LT,Lithuania,2020,,2809977,,,,,
dataflow,ESTAT:DEMO_PJAN(1.0),Population on 1 January by age and sex,A,Annual,NR,Number,TOTAL,Total,T,Total,LT,Lithuania,2021,,2810761,,,,,
dataflow,ESTAT:DEMO_PJAN(1.0),Population on 1 January by age and sex,A,Annual,NR,Number,TOTAL,Total,T,Total,LT,Lithuania,2022,,2805998,,,,,
dataflow,ESTAT:DEMO_PJAN(1.0),Population on 1 January by age and sex,A,Annual,NR,Number,TOTAL,Total,T,Total,LT,Lithuania,2023,,2857279,,,,,
dataflow,ESTAT:DEMO_PJAN(1.0),Population on 1 January by age and sex,A,Annual,NR,Number,TOTAL,Total,T,Total,LT,Lithuania,2024,,2885891,,,,,
dataflow,ESTAT:DEMO_PJAN(1.0),Population on 1 January by age and sex,A,Annual,NR,Number,TOTAL,Total,T,Total,LT,Lithuania,2025,,2890664,,,,,
dataflow,ESTAT:DEMO_PJAN(1.0),Population on 1 January by age and sex,A,Annual,NR,Number,TOTAL,Total,T,Total,LU,Luxembourg,1990,,379300,,,,,
dataflow,ESTAT:DEMO_PJAN(1.0),Population on 1 January by age and sex,A,Annual,NR,Number,TOTAL,Total,T,Total,LU,Luxembourg,1991,,384400,,,,,
dataflow,ESTAT:DEMO_PJAN(1.0),Population on 1 January by age and sex,A,Annual,NR,Number,TOTAL,Total,T,Total,LU,Luxembourg,1992,,389600,,,,,
dataflow,ESTAT:DEMO_PJAN(1.0),Population on 1 January by age and sex,A,Annual,NR,Number,TOTAL,Total,T,Total,LU,Luxembourg,1993,,394750,,,,,
dataflow,ESTAT:DEMO_PJAN(1.0),Population on 1 January by age and sex,A,Annual,NR,Number,TOTAL,Total,T,Total,LU,Luxembourg,1994,,400200,,,,,
dataflow,ESTAT:DEMO_PJAN(1.0),Population on 1 January by age and sex,A,Annual,NR,Number,TOTAL,Total,T,Total,LU,Luxembourg,1995,,405650,,,,,
dataflow,ESTAT:DEMO_PJAN(1.0),Population on 1 January by age and sex,A,Annual,NR,Number,TOTAL,Total,T,Total,LU,Luxembourg,1996,,411600,,,,,
dataflow,ESTAT:DEMO_PJAN(1.0),Population on 1 January by age and sex,A,Annual,NR,Number,TOTAL,Total,T,Total,LU,Luxembourg,1997,,416850,,,,,
dataflow,ESTAT:DEMO_PJAN(1.0),Population on 1 January by age and sex,A,Annual,NR,Number,TOTAL,Total,T,Total,LU,Luxembourg,1998,,422050,,,,,
dataflow,ESTAT:DEMO_PJAN(1.0),Population on 1 January by age and sex,A,Annual,NR,Number,TOTAL,Total,T,Total,LU,Luxembourg,1999,,427350,,,,,
dataflow,ESTAT:DEMO_PJAN(1.0),Population on 1 January by age and sex,A,Annual,NR,Number,TOTAL,Total,T,Total,LU,Luxembourg,2000,,433600,,,,,
dataflow,ESTAT:DEMO_PJAN(1.0),Population on 1 January by age and sex,A,Annual,NR,Number,TOTAL,Total,T,Total,LU,Luxembourg,2001,,439000,,,,,
dataflow,ESTAT:DEMO_PJAN(1.0),Population on 1 January by age and sex,A,Annual,NR,Number,TOTAL,Total,T,Total,LU,Luxembourg,2002,,444050,,,,,
dataflow,ESTAT:DEMO_PJAN(1.0),Population on 1 January by age and sex,A,Annual,NR,Number,TOTAL,Total,T,Total,LU,Luxembourg,2003,,448300,,,,,
dataflow,ESTAT:DEMO_PJAN(1.0),Population on 1 January by age and sex,A,Annual,NR,Number,TOTAL,Total,T,Total,LU,Luxembourg,2004,,454960,,,,,
dataflow,ESTAT:DEMO_PJAN(1.0),Population on 1 January by age and sex,A,Annual,NR,Number,TOTAL,Total,T,Total,LU,Luxembourg,2005,,461230,,,,,
dataflow,ESTAT:DEMO_PJAN(1.0),Population on 1 January by age and sex,A,Annual,NR,Number,TOTAL,Total,T,Total,LU,Luxembourg,2006,,469086,,,,,
dataflow,ESTAT:DEMO_PJAN(1.0),Population on 1 January by age and sex,A,Annual,NR,Number,TOTAL,Total,T,Total,LU,Luxembourg,2007,,476187,,,,,
dataflow,ESTAT:DEMO_PJAN(1.0),Population on 1 January by age and sex,A,Annual,NR,Number,TOTAL,Total,T,Total,LU,Luxembourg,2008,,483799,,,,,
dataflow,ESTAT:DEMO_PJAN(1.0),Population on 1 January by age and sex,A,Annual,NR,Number,TOTAL,Total,T,Total,LU,Luxembourg,2009,,493500,,,,,
dataflow,ESTAT:DEMO_PJAN(1.0),Population on 1 January by age and sex,A,Annual,NR,Number,TOTAL,Total,T,Total,LU,Luxembourg,2010,,502066,,,,,
dataflow,ESTAT:DEMO_PJAN(1.0),Population on 1 January by age and sex,A,Annual,NR,Number,TOTAL,Total,T,Total,LU,Luxembourg,2011,,511840,,,,,
dataflow,ESTAT:DEMO_PJAN(1.0),Population on 1 January by age and sex,A,Annual,NR,Number,TOTAL,Total,T,Total,LU,Luxembourg,2012,,524853,,b,break in time series,,
dataflow,ESTAT:DEMO_PJAN(1.0),Population on 1 January by age and sex,A,Annual,NR,Number,TOTAL,Total,T,Total,LU,Luxembourg,2013,,537039,,,,,
dataflow,ESTAT:DEMO_PJAN(1.0),Population on 1 January by age and sex,A,Annual,NR,Number,TOTAL,Total,T,Total,LU,Luxembourg,2014,,549680,,,,,
dataflow,ESTAT:DEMO_PJAN(1.0),Population on 1 January by age and sex,A,Annual,NR,Number,TOTAL,Total,T,Total,LU,Luxembourg,2015,,562958,,,,,
dataflow,ESTAT:DEMO_PJAN(1.0),Population on 1 January by age and sex,A,Annual,NR,Number,TOTAL,Total,T,Total,LU,Luxembourg,2016,,576249,,,,,
dataflow,ESTAT:DEMO_PJAN(1.0),Population on 1 January by age and sex,A,Annual,NR,Number,TOTAL,Total,T,Total,LU,Luxembourg,2017,,590667,,b,break in time series,,
dataflow,ESTAT:DEMO_PJAN(1.0),Population on 1 January by age and sex,A,Annual,NR,Number,TOTAL,Total,T,Total,LU,Luxembourg,2018,,602005,,,,,
dataflow,ESTAT:DEMO_PJAN(1.0),Population on 1 January by age and sex,A,Annual,NR,Number,TOTAL,Total,T,Total,LU,Luxembourg,2019,,613894,,,,,
dataflow,ESTAT:DEMO_PJAN(1.0),Population on 1 January by age and sex,A,Annual,NR,Number,TOTAL,Total,T,Total,LU,Luxembourg,2020,,626108,,,,,
dataflow,ESTAT:DEMO_PJAN(1.0),Population on 1 January by age and sex,A,Annual,NR,Number,TOTAL,Total,T,Total,LU,Luxembourg,2021,,634730,,,,,
dataflow,ESTAT:DEMO_PJAN(1.0),Population on 1 January by age and sex,A,Annual,NR,Number,TOTAL,Total,T,Total,LU,Luxembourg,2022,,645397,,,,,
dataflow,ESTAT:DEMO_PJAN(1.0),Population on 1 January by age and sex,A,Annual,NR,Number,TOTAL,Total,T,Total,LU,Luxembourg,2023,,660809,,,,,
dataflow,ESTAT:DEMO_PJAN(1.0),Population on 1 January by age and sex,A,Annual,NR,Number,TOTAL,Total,T,Total,LU,Luxembourg,2024,,672050,,,,,
dataflow,ESTAT:DEMO_PJAN(1.0),Population on 1 January by age and sex,A,Annual,NR,Number,TOTAL,Total,T,Total,LU,Luxembourg,2025,,681973,,,,,
dataflow,ESTAT:DEMO_PJAN(1.0),Population on 1 January by age and sex,A,Annual,NR,Number,TOTAL,Total,T,Total,LV,Latvia,1990,,2668140,,,,,
dataflow,ESTAT:DEMO_PJAN(1.0),Population on 1 January by age and sex,A,Annual,NR,Number,TOTAL,Total,T,Total,LV,Latvia,1991,,2658161,,,,,
dataflow,ESTAT:DEMO_PJAN(1.0),Population on 1 January by age and sex,A,Annual,NR,Number,TOTAL,Total,T,Total,LV,Latvia,1992,,2643000,,,,,
dataflow,ESTAT:DEMO_PJAN(1.0),Population on 1 January by age and sex,A,Annual,NR,Number,TOTAL,Total,T,Total,LV,Latvia,1993,,2585675,,,,,
dataflow,ESTAT:DEMO_PJAN(1.0),Population on 1 January by age and sex,A,Annual,NR,Number,TOTAL,Total,T,Total,LV,Latvia,1994,,2540904,,,,,
dataflow,ESTAT:DEMO_PJAN(1.0),Population on 1 January by age and sex,A,Annual,NR,Number,TOTAL,Total,T,Total,LV,Latvia,1995,,2500580,,,,,
dataflow,ESTAT:DEMO_PJAN(1.0),Population on 1 January by age and sex,A,Annual,NR,Number,TOTAL,Total,T,Total,LV,Latvia,1996,,2469531,,,,,
dataflow,ESTAT:DEMO_PJAN(1.0),Population on 1 January by age and sex,A,Annual,NR,Number,TOTAL,Total,T,Total,LV,Latvia,1997,,2444912,,,,,
dataflow,ESTAT:DEMO_PJAN(1.0),Population on 1 January by age and sex,A,Annual,NR,Number,TOTAL,Total,T,Total,LV,Latvia,1998,,2420789,,,,,
dataflow,ESTAT:DEMO_PJAN(1.0),Population on 1 January by age and sex,A,Annual,NR,Number,TOTAL,Total,T,Total,LV,Latvia,1999,,2399248,,,,,
dataflow,ESTAT:DEMO_PJAN(1.0),Population on 1 January by age and sex,A,Annual,NR,Number,TOTAL,Total,T,Total,LV,Latvia,2000,,2381715,,,,,
dataflow,ESTAT:DEMO_PJAN(1.0),Population on 1 January by age and sex,A,Annual,NR,Number,TOTAL,Total,T,Total,LV,Latvia,2001,,2353384,,,,,
dataflow,ESTAT:DEMO_PJAN(1.0),Population on 1 January by age and sex,A,Annual,NR,Number,TOTAL,Total,T,Total,LV,Latvia,2002,,2320956,,,,,
dataflow,ESTAT:DEMO_PJAN(1.0),Population on 1 January by age and sex,A,Annual,NR,Number,TOTAL,Total,T,Total,LV,Latvia,2003,,2299390,,,,,
dataflow,ESTAT:DEMO_PJAN(1.0),Population on 1 January by age and sex,A,Annual,NR,Number,TOTAL,Total,T,Total,LV,Latvia,2004,,2276520,,,,,
dataflow,ESTAT:DEMO_PJAN(1.0),Population on 1 January by age and sex,A,Annual,NR,Number,TOTAL,Total,T,Total,LV,Latvia,2005,,2249724,,,,,
dataflow,ESTAT:DEMO_PJAN(1.0),Population on 1 January by age and sex,A,Annual,NR,Number,TOTAL,Total,T,Total,LV,Latvia,2006,,2227874,,,,,
dataflow,ESTAT:DEMO_PJAN(1.0),Population on 1 January by age and sex,A,Annual,NR,Number,TOTAL,Total,T,Total,LV,Latvia,2007,,2208840,,,,,
dataflow,ESTAT:DEMO_PJAN(1.0),Population on 1 January by age and sex,A,Annual,NR,Number,TOTAL,Total,T,Total,LV,Latvia,2008,,2191810,,,,,
dataflow,ESTAT:DEMO_PJAN(1.0),Population on 1 January by age and sex,A,Annual,NR,Number,TOTAL,Total,T,Total,LV,Latvia,2009,,2162834,,,,,
dataflow,ESTAT:DEMO_PJAN(1.0),Population on 1 January by age and sex,A,Annual,NR,Number,TOTAL,Total,T,Total,LV,Latvia,2010,,2120504,,,,,
dataflow,ESTAT:DEMO_PJAN(1.0),Population on 1 January by age and sex,A,Annual,NR,Number,TOTAL,Total,T,Total,LV,Latvia,2011,,2074605,,,,,
dataflow,ESTAT:DEMO_PJAN(1.0),Population on 1 January by age and sex,A,Annual,NR,Number,TOTAL,Total,T,Total,LV,Latvia,2012,,2044813,,,,,
dataflow,ESTAT:DEMO_PJAN(1.0),Population on 1 January by age and sex,A,Annual,NR,Number,TOTAL,Total,T,Total,LV,Latvia,2013,,2023825,,,,,
dataflow,ESTAT:DEMO_PJAN(1.0),Population on 1 January by age and sex,A,Annual,NR,Number,TOTAL,Total,T,Total,LV,Latvia,2014,,2001468,,,,,
dataflow,ESTAT:DEMO_PJAN(1.0),Population on 1 January by age and sex,A,Annual,NR,Number,TOTAL,Total,T,Total,LV,Latvia,2015,,1986096,,,,,
dataflow,ESTAT:DEMO_PJAN(1.0),Population on 1 January by age and sex,A,Annual,NR,Number,TOTAL,Total,T,Total,LV,Latvia,2016,,1968957,,,,,
dataflow,ESTAT:DEMO_PJAN(1.0),Population on 1 January by age and sex,A,Annual,NR,Number,TOTAL,Total,T,Total,LV,Latvia,2017,,1950116,,,,,
dataflow,ESTAT:DEMO_PJAN(1.0),Population on 1 January by age and sex,A,Annual,NR,Number,TOTAL,Total,T,Total,LV,Latvia,2018,,1934379,,,,,
dataflow,ESTAT:DEMO_PJAN(1.0),Population on 1 January by age and sex,A,Annual,NR,Number,TOTAL,Total,T,Total,LV,Latvia,2019,,1919968,,,,,
dataflow,ESTAT:DEMO_PJAN(1.0),Population on 1 January by age and sex,A,Annual,NR,Number,TOTAL,Total,T,Total,LV,Latvia,2020,,1907675,,,,,
dataflow,ESTAT:DEMO_PJAN(1.0),Population on 1 January by age and sex,A,Annual,NR,Number,TOTAL,Total,T,Total,LV,Latvia,2021,,1893223,,,,,
dataflow,ESTAT:DEMO_PJAN(1.0),Population on 1 January by age and sex,A,Annual,NR,Number,TOTAL,Total,T,Total,LV,Latvia,2022,,1875757,,,,,
dataflow,ESTAT:DEMO_PJAN(1.0),Population on 1 January by age and sex,A,Annual,NR,Number,TOTAL,Total,T,Total,LV,Latvia,2023,,1895239,,,,,
dataflow,ESTAT:DEMO_PJAN(1.0),Population on 1 January by age and sex,A,Annual,NR,Number,TOTAL,Total,T,Total,LV,Latvia,2024,,1878575,,,,,
dataflow,ESTAT:DEMO_PJAN(1.0),Population on 1 January by age and sex,A,Annual,NR,Number,TOTAL,Total,T,Total,LV,Latvia,2025,,1860565,,,,,
dataflow,ESTAT:DEMO_PJAN(1.0),Population on 1 January by age and sex,A,Annual,NR,Number,TOTAL,Total,T,Total,MC,Monaco,2004,,32828,,,,,
dataflow,ESTAT:DEMO_PJAN(1.0),Population on 1 January by age and sex,A,Annual,NR,Number,TOTAL,Total,T,Total,MC,Monaco,2005,,33085,,,,,
dataflow,ESTAT:DEMO_PJAN(1.0),Population on 1 January by age and sex,A,Annual,NR,Number,TOTAL,Total,T,Total,MC,Monaco,2024,,38367,,,,,
dataflow,ESTAT:DEMO_PJAN(1.0),Population on 1 January by age and sex,A,Annual,NR,Number,TOTAL,Total,T,Total,MC,Monaco,2025,,38423,,,,,
dataflow,ESTAT:DEMO_PJAN(1.0),Population on 1 January by age and sex,A,Annual,NR,Number,TOTAL,Total,T,Total,MD,Moldova,2000,,3644070,,,,,
dataflow,ESTAT:DEMO_PJAN(1.0),Population on 1 January by age and sex,A,Annual,NR,Number,TOTAL,Total,T,Total,MD,Moldova,2001,,3635112,,,,,
dataflow,ESTAT:DEMO_PJAN(1.0),Population on 1 January by age and sex,A,Annual,NR,Number,TOTAL,Total,T,Total,MD,Moldova,2002,,3627812,,,,,
dataflow,ESTAT:DEMO_PJAN(1.0),Population on 1 January by age and sex,A,Annual,NR,Number,TOTAL,Total,T,Total,MD,Moldova,2003,,3618312,,,,,
dataflow,ESTAT:DEMO_PJAN(1.0),Population on 1 January by age and sex,A,Annual,NR,Number,TOTAL,Total,T,Total,MD,Moldova,2004,,3607435,,,,,
dataflow,ESTAT:DEMO_PJAN(1.0),Population on 1 January by age and sex,A,Annual,NR,Number,TOTAL,Total,T,Total,MD,Moldova,2005,,3600436,,,,,
dataflow,ESTAT:DEMO_PJAN(1.0),Population on 1 January by age and sex,A,Annual,NR,Number,TOTAL,Total,T,Total,MD,Moldova,2006,,3589936,,,,,
dataflow,ESTAT:DEMO_PJAN(1.0),Population on 1 January by age and sex,A,Annual,NR,Number,TOTAL,Total,T,Total,MD,Moldova,2007,,3581110,,,,,
dataflow,ESTAT:DEMO_PJAN(1.0),Population on 1 January by age and sex,A,Annual,NR,Number,TOTAL,Total,T,Total,MD,Moldova,2008,,3572703,,,,,
dataflow,ESTAT:DEMO_PJAN(1.0),Population on 1 January by age and sex,A,Annual,NR,Number,TOTAL,Total,T,Total,MD,Moldova,2009,,3567512,,,,,
dataflow,ESTAT:DEMO_PJAN(1.0),Population on 1 January by age and sex,A,Annual,NR,Number,TOTAL,Total,T,Total,MD,Moldova,2010,,3563695,,,,,
dataflow,ESTAT:DEMO_PJAN(1.0),Population on 1 January by age and sex,A,Annual,NR,Number,TOTAL,Total,T,Total,MD,Moldova,2011,,3560430,,,,,
dataflow,ESTAT:DEMO_PJAN(1.0),Population on 1 January by age and sex,A,Annual,NR,Number,TOTAL,Total,T,Total,MD,Moldova,2012,,3559541,,,,,
dataflow,ESTAT:DEMO_PJAN(1.0),Population on 1 January by age and sex,A,Annual,NR,Number,TOTAL,Total,T,Total,MD,Moldova,2013,,3559497,,,,,
dataflow,ESTAT:DEMO_PJAN(1.0),Population on 1 January by age and sex,A,Annual,NR,Number,TOTAL,Total,T,Total,MD,Moldova,2014,,3557634,,,,,
dataflow,ESTAT:DEMO_PJAN(1.0),Population on 1 January by age and sex,A,Annual,NR,Number,TOTAL,Total,T,Total,MD,Moldova,2015,,2869302,,be,"break in time series, estimated",,
dataflow,ESTAT:DEMO_PJAN(1.0),Population on 1 January by age and sex,A,Annual,NR,Number,TOTAL,Total,T,Total,MD,Moldova,2016,,2846327,,e,estimated,,
dataflow,ESTAT:DEMO_PJAN(1.0),Population on 1 January by age and sex,A,Annual,NR,Number,TOTAL,Total,T,Total,MD,Moldova,2017,,2825628,,e,estimated,,
dataflow,ESTAT:DEMO_PJAN(1.0),Population on 1 January by age and sex,A,Annual,NR,Number,TOTAL,Total,T,Total,MD,Moldova,2018,,2780744,,e,estimated,,
dataflow,ESTAT:DEMO_PJAN(1.0),Population on 1 January by age and sex,A,Annual,NR,Number,TOTAL,Total,T,Total,MD,Moldova,2019,,2729634,,e,estimated,,
dataflow,ESTAT:DEMO_PJAN(1.0),Population on 1 January by age and sex,A,Annual,NR,Number,TOTAL,Total,T,Total,MD,Moldova,2020,,2684772,,e,estimated,,
dataflow,ESTAT:DEMO_PJAN(1.0),Population on 1 January by age and sex,A,Annual,NR,Number,TOTAL,Total,T,Total,MD,Moldova,2021,,2643675,,e,estimated,,
dataflow,ESTAT:DEMO_PJAN(1.0),Population on 1 January by age and sex,A,Annual,NR,Number,TOTAL,Total,T,Total,MD,Moldova,2022,,2565030,,e,estimated,,
dataflow,ESTAT:DEMO_PJAN(1.0),Population on 1 January by age and sex,A,Annual,NR,Number,TOTAL,Total,T,Total,MD,Moldova,2023,,2512758,,ep,"estimated, provisional",,
dataflow,ESTAT:DEMO_PJAN(1.0),Population on 1 January by age and sex,A,Annual,NR,Number,TOTAL,Total,T,Total,MD,Moldova,2024,,2423287,,ep,"estimated, provisional",,
dataflow,ESTAT:DEMO_PJAN(1.0),Population on 1 January by age and sex,A,Annual,NR,Number,TOTAL,Total,T,Total,MD,Moldova,2025,,2386893,,ep,"estimated, provisional",,
dataflow,ESTAT:DEMO_PJAN(1.0),Population on 1 January by age and sex,A,Annual,NR,Number,TOTAL,Total,T,Total,ME,Montenegro,2000,,603152,,,,,
dataflow,ESTAT:DEMO_PJAN(1.0),Population on 1 January by age and sex,A,Annual,NR,Number,TOTAL,Total,T,Total,ME,Montenegro,2001,,605988,,,,,
dataflow,ESTAT:DEMO_PJAN(1.0),Population on 1 January by age and sex,A,Annual,NR,Number,TOTAL,Total,T,Total,ME,Montenegro,2002,,608460,,,,,
dataflow,ESTAT:DEMO_PJAN(1.0),Population on 1 January by age and sex,A,Annual,NR,Number,TOTAL,Total,T,Total,ME,Montenegro,2003,,610510,,,,,
dataflow,ESTAT:DEMO_PJAN(1.0),Population on 1 January by age and sex,A,Annual,NR,Number,TOTAL,Total,T,Total,ME,Montenegro,2004,,612214,,,,,
dataflow,ESTAT:DEMO_PJAN(1.0),Population on 1 January by age and sex,A,Annual,NR,Number,TOTAL,Total,T,Total,ME,Montenegro,2005,,613420,,,,,
dataflow,ESTAT:DEMO_PJAN(1.0),Population on 1 January by age and sex,A,Annual,NR,Number,TOTAL,Total,T,Total,ME,Montenegro,2006,,613109,,,,,
dataflow,ESTAT:DEMO_PJAN(1.0),Population on 1 January by age and sex,A,Annual,NR,Number,TOTAL,Total,T,Total,ME,Montenegro,2007,,614624,,,,,
dataflow,ESTAT:DEMO_PJAN(1.0),Population on 1 January by age and sex,A,Annual,NR,Number,TOTAL,Total,T,Total,ME,Montenegro,2008,,615543,,,,,
dataflow,ESTAT:DEMO_PJAN(1.0),Population on 1 January by age and sex,A,Annual,NR,Number,TOTAL,Total,T,Total,ME,Montenegro,2009,,617157,,,,,
dataflow,ESTAT:DEMO_PJAN(1.0),Population on 1 January by age and sex,A,Annual,NR,Number,TOTAL,Total,T,Total,ME,Montenegro,2010,,619001,,,,,
dataflow,ESTAT:DEMO_PJAN(1.0),Population on 1 January by age and sex,A,Annual,NR,Number,TOTAL,Total,T,Total,ME,Montenegro,2011,,619850,,,,,
dataflow,ESTAT:DEMO_PJAN(1.0),Population on 1 January by age and sex,A,Annual,NR,Number,TOTAL,Total,T,Total,ME,Montenegro,2012,,620308,,,,,
dataflow,ESTAT:DEMO_PJAN(1.0),Population on 1 January by age and sex,A,Annual,NR,Number,TOTAL,Total,T,Total,ME,Montenegro,2013,,620893,,,,,
dataflow,ESTAT:DEMO_PJAN(1.0),Population on 1 January by age and sex,A,Annual,NR,Number,TOTAL,Total,T,Total,ME,Montenegro,2014,,621521,,,,,
dataflow,ESTAT:DEMO_PJAN(1.0),Population on 1 January by age and sex,A,Annual,NR,Number,TOTAL,Total,T,Total,ME,Montenegro,2015,,622099,,,,,
dataflow,ESTAT:DEMO_PJAN(1.0),Population on 1 January by age and sex,A,Annual,NR,Number,TOTAL,Total,T,Total,ME,Montenegro,2016,,622218,,,,,
dataflow,ESTAT:DEMO_PJAN(1.0),Population on 1 January by age and sex,A,Annual,NR,Number,TOTAL,Total,T,Total,ME,Montenegro,2017,,622387,,,,,
dataflow,ESTAT:DEMO_PJAN(1.0),Population on 1 January by age and sex,A,Annual,NR,Number,TOTAL,Total,T,Total,ME,Montenegro,2018,,622359,,,,,
dataflow,ESTAT:DEMO_PJAN(1.0),Population on 1 January by age and sex,A,Annual,NR,Number,TOTAL,Total,T,Total,ME,Montenegro,2019,,622182,,,,,
dataflow,ESTAT:DEMO_PJAN(1.0),Population on 1 January by age and sex,A,Annual,NR,Number,TOTAL,Total,T,Total,ME,Montenegro,2020,,621873,,,,,
dataflow,ESTAT:DEMO_PJAN(1.0),Population on 1 January by age and sex,A,Annual,NR,Number,TOTAL,Total,T,Total,ME,Montenegro,2021,,620739,,,,,
dataflow,ESTAT:DEMO_PJAN(1.0),Population on 1 January by age and sex,A,Annual,NR,Number,TOTAL,Total,T,Total,ME,Montenegro,2022,,617683,,,,,
dataflow,ESTAT:DEMO_PJAN(1.0),Population on 1 January by age and sex,A,Annual,NR,Number,TOTAL,Total,T,Total,ME,Montenegro,2023,,616695,,,,,
dataflow,ESTAT:DEMO_PJAN(1.0),Population on 1 January by age and sex,A,Annual,NR,Number,TOTAL,Total,T,Total,ME,Montenegro,2024,,623680,,,,,
dataflow,ESTAT:DEMO_PJAN(1.0),Population on 1 January by age and sex,A,Annual,NR,Number,TOTAL,Total,T,Total,ME,Montenegro,2025,,623327,,,,,
dataflow,ESTAT:DEMO_PJAN(1.0),Population on 1 January by age and sex,A,Annual,NR,Number,TOTAL,Total,T,Total,MK,North Macedonia,1990,,1873109,,,,,
dataflow,ESTAT:DEMO_PJAN(1.0),Population on 1 January by age and sex,A,Annual,NR,Number,TOTAL,Total,T,Total,MK,North Macedonia,1991,,1890872,,,,,
dataflow,ESTAT:DEMO_PJAN(1.0),Population on 1 January by age and sex,A,Annual,NR,Number,TOTAL,Total,T,Total,MK,North Macedonia,1992,,1908941,,,,,
dataflow,ESTAT:DEMO_PJAN(1.0),Population on 1 January by age and sex,A,Annual,NR,Number,TOTAL,Total,T,Total,MK,North Macedonia,1993,,2061000,,,,,
dataflow,ESTAT:DEMO_PJAN(1.0),Population on 1 January by age and sex,A,Annual,NR,Number,TOTAL,Total,T,Total,MK,North Macedonia,1994,,1936741,,,,,
dataflow,ESTAT:DEMO_PJAN(1.0),Population on 1 January by age and sex,A,Annual,NR,Number,TOTAL,Total,T,Total,MK,North Macedonia,1995,,1957265,,,,,
dataflow,ESTAT:DEMO_PJAN(1.0),Population on 1 January by age and sex,A,Annual,NR,Number,TOTAL,Total,T,Total,MK,North Macedonia,1996,,1971687,,,,,
dataflow,ESTAT:DEMO_PJAN(1.0),Population on 1 January by age and sex,A,Annual,NR,Number,TOTAL,Total,T,Total,MK,North Macedonia,1997,,1991398,,,,,
dataflow,ESTAT:DEMO_PJAN(1.0),Population on 1 January by age and sex,A,Annual,NR,Number,TOTAL,Total,T,Total,MK,North Macedonia,1998,,2002340,,,,,
dataflow,ESTAT:DEMO_PJAN(1.0),Population on 1 January by age and sex,A,Annual,NR,Number,TOTAL,Total,T,Total,MK,North Macedonia,1999,,2012705,,,,,
dataflow,ESTAT:DEMO_PJAN(1.0),Population on 1 January by age and sex,A,Annual,NR,Number,TOTAL,Total,T,Total,MK,North Macedonia,2000,,2021578,,,,,
dataflow,ESTAT:DEMO_PJAN(1.0),Population on 1 January by age and sex,A,Annual,NR,Number,TOTAL,Total,T,Total,MK,North Macedonia,2001,,2031112,,,,,
dataflow,ESTAT:DEMO_PJAN(1.0),Population on 1 January by age and sex,A,Annual,NR,Number,TOTAL,Total,T,Total,MK,North Macedonia,2002,,2038651,,,,,
dataflow,ESTAT:DEMO_PJAN(1.0),Population on 1 January by age and sex,A,Annual,NR,Number,TOTAL,Total,T,Total,MK,North Macedonia,2003,,2023654,,,,,
dataflow,ESTAT:DEMO_PJAN(1.0),Population on 1 January by age and sex,A,Annual,NR,Number,TOTAL,Total,T,Total,MK,North Macedonia,2004,,2029892,,,,,
dataflow,ESTAT:DEMO_PJAN(1.0),Population on 1 January by age and sex,A,Annual,NR,Number,TOTAL,Total,T,Total,MK,North Macedonia,2005,,2035196,,,,,
dataflow,ESTAT:DEMO_PJAN(1.0),Population on 1 January by age and sex,A,Annual,NR,Number,TOTAL,Total,T,Total,MK,North Macedonia,2006,,2038514,,,,,
dataflow,ESTAT:DEMO_PJAN(1.0),Population on 1 January by age and sex,A,Annual,NR,Number,TOTAL,Total,T,Total,MK,North Macedonia,2007,,2041941,,,,,
dataflow,ESTAT:DEMO_PJAN(1.0),Population on 1 January by age and sex,A,Annual,NR,Number,TOTAL,Total,T,Total,MK,North Macedonia,2008,,2045177,,,,,
dataflow,ESTAT:DEMO_PJAN(1.0),Population on 1 January by age and sex,A,Annual,NR,Number,TOTAL,Total,T,Total,MK,North Macedonia,2009,,2048619,,,,,
dataflow,ESTAT:DEMO_PJAN(1.0),Population on 1 January by age and sex,A,Annual,NR,Number,TOTAL,Total,T,Total,MK,North Macedonia,2010,,2052722,,,,,
dataflow,ESTAT:DEMO_PJAN(1.0),Population on 1 January by age and sex,A,Annual,NR,Number,TOTAL,Total,T,Total,MK,North Macedonia,2011,,2057284,,,,,
dataflow,ESTAT:DEMO_PJAN(1.0),Population on 1 January by age and sex,A,Annual,NR,Number,TOTAL,Total,T,Total,MK,North Macedonia,2012,,2059794,,,,,
dataflow,ESTAT:DEMO_PJAN(1.0),Population on 1 January by age and sex,A,Annual,NR,Number,TOTAL,Total,T,Total,MK,North Macedonia,2013,,2062294,,,,,
dataflow,ESTAT:DEMO_PJAN(1.0),Population on 1 January by age and sex,A,Annual,NR,Number,TOTAL,Total,T,Total,MK,North Macedonia,2014,,2065769,,,,,
dataflow,ESTAT:DEMO_PJAN(1.0),Population on 1 January by age and sex,A,Annual,NR,Number,TOTAL,Total,T,Total,MK,North Macedonia,2015,,2069172,,,,,
dataflow,ESTAT:DEMO_PJAN(1.0),Population on 1 January by age and sex,A,Annual,NR,Number,TOTAL,Total,T,Total,MK,North Macedonia,2016,,2071278,,,,,
dataflow,ESTAT:DEMO_PJAN(1.0),Population on 1 January by age and sex,A,Annual,NR,Number,TOTAL,Total,T,Total,MK,North Macedonia,2017,,2073702,,,,,
dataflow,ESTAT:DEMO_PJAN(1.0),Population on 1 January by age and sex,A,Annual,NR,Number,TOTAL,Total,T,Total,MK,North Macedonia,2018,,2075301,,,,,
dataflow,ESTAT:DEMO_PJAN(1.0),Population on 1 January by age and sex,A,Annual,NR,Number,TOTAL,Total,T,Total,MK,North Macedonia,2019,,2077132,,,,,
dataflow,ESTAT:DEMO_PJAN(1.0),Population on 1 January by age and sex,A,Annual,NR,Number,TOTAL,Total,T,Total,MK,North Macedonia,2020,,2076255,,,,,
dataflow,ESTAT:DEMO_PJAN(1.0),Population on 1 January by age and sex,A,Annual,NR,Number,TOTAL,Total,T,Total,MK,North Macedonia,2021,,2068808,,,,,
dataflow,ESTAT:DEMO_PJAN(1.0),Population on 1 January by age and sex,A,Annual,NR,Number,TOTAL,Total,T,Total,MK,North Macedonia,2022,,1837114,,b,break in time series,,
dataflow,ESTAT:DEMO_PJAN(1.0),Population on 1 January by age and sex,A,Annual,NR,Number,TOTAL,Total,T,Total,MK,North Macedonia,2023,,1829954,,,,,
dataflow,ESTAT:DEMO_PJAN(1.0),Population on 1 January by age and sex,A,Annual,NR,Number,TOTAL,Total,T,Total,MK,North Macedonia,2024,,1826247,,,,,
dataflow,ESTAT:DEMO_PJAN(1.0),Population on 1 January by age and sex,A,Annual,NR,Number,TOTAL,Total,T,Total,MK,North Macedonia,2025,,1822612,,,,,
dataflow,ESTAT:DEMO_PJAN(1.0),Population on 1 January by age and sex,A,Annual,NR,Number,TOTAL,Total,T,Total,MT,Malta,1990,,352430,,,,,
dataflow,ESTAT:DEMO_PJAN(1.0),Population on 1 January by age and sex,A,Annual,NR,Number,TOTAL,Total,T,Total,MT,Malta,1991,,361908,,b,break in time series,,
dataflow,ESTAT:DEMO_PJAN(1.0),Population on 1 January by age and sex,A,Annual,NR,Number,TOTAL,Total,T,Total,MT,Malta,1992,,365781,,,,,
dataflow,ESTAT:DEMO_PJAN(1.0),Population on 1 January by age and sex,A,Annual,NR,Number,TOTAL,Total,T,Total,MT,Malta,1993,,369455,,,,,
dataflow,ESTAT:DEMO_PJAN(1.0),Population on 1 January by age and sex,A,Annual,NR,Number,TOTAL,Total,T,Total,MT,Malta,1994,,373161,,,,,
dataflow,ESTAT:DEMO_PJAN(1.0),Population on 1 January by age and sex,A,Annual,NR,Number,TOTAL,Total,T,Total,MT,Malta,1995,,376433,,,,,
dataflow,ESTAT:DEMO_PJAN(1.0),Population on 1 January by age and sex,A,Annual,NR,Number,TOTAL,Total,T,Total,MT,Malta,1996,,378404,,,,,
dataflow,ESTAT:DEMO_PJAN(1.0),Population on 1 January by age and sex,A,Annual,NR,Number,TOTAL,Total,T,Total,MT,Malta,1997,,381405,,,,,
dataflow,ESTAT:DEMO_PJAN(1.0),Population on 1 January by age and sex,A,Annual,NR,Number,TOTAL,Total,T,Total,MT,Malta,1998,,384176,,,,,
dataflow,ESTAT:DEMO_PJAN(1.0),Population on 1 January by age and sex,A,Annual,NR,Number,TOTAL,Total,T,Total,MT,Malta,1999,,386397,,,,,
dataflow,ESTAT:DEMO_PJAN(1.0),Population on 1 January by age and sex,A,Annual,NR,Number,TOTAL,Total,T,Total,MT,Malta,2000,,388759,,,,,
dataflow,ESTAT:DEMO_PJAN(1.0),Population on 1 January by age and sex,A,Annual,NR,Number,TOTAL,Total,T,Total,MT,Malta,2001,,391415,,,,,
dataflow,ESTAT:DEMO_PJAN(1.0),Population on 1 January by age and sex,A,Annual,NR,Number,TOTAL,Total,T,Total,MT,Malta,2002,,394641,,,,,
dataflow,ESTAT:DEMO_PJAN(1.0),Population on 1 January by age and sex,A,Annual,NR,Number,TOTAL,Total,T,Total,MT,Malta,2003,,397296,,,,,
dataflow,ESTAT:DEMO_PJAN(1.0),Population on 1 January by age and sex,A,Annual,NR,Number,TOTAL,Total,T,Total,MT,Malta,2004,,399867,,,,,
dataflow,ESTAT:DEMO_PJAN(1.0),Population on 1 January by age and sex,A,Annual,NR,Number,TOTAL,Total,T,Total,MT,Malta,2005,,402668,,,,,
dataflow,ESTAT:DEMO_PJAN(1.0),Population on 1 January by age and sex,A,Annual,NR,Number,TOTAL,Total,T,Total,MT,Malta,2006,,404999,,,,,
dataflow,ESTAT:DEMO_PJAN(1.0),Population on 1 January by age and sex,A,Annual,NR,Number,TOTAL,Total,T,Total,MT,Malta,2007,,405616,,,,,
dataflow,ESTAT:DEMO_PJAN(1.0),Population on 1 January by age and sex,A,Annual,NR,Number,TOTAL,Total,T,Total,MT,Malta,2008,,407832,,,,,
dataflow,ESTAT:DEMO_PJAN(1.0),Population on 1 January by age and sex,A,Annual,NR,Number,TOTAL,Total,T,Total,MT,Malta,2009,,410926,,,,,
dataflow,ESTAT:DEMO_PJAN(1.0),Population on 1 January by age and sex,A,Annual,NR,Number,TOTAL,Total,T,Total,MT,Malta,2010,,414027,,,,,
dataflow,ESTAT:DEMO_PJAN(1.0),Population on 1 January by age and sex,A,Annual,NR,Number,TOTAL,Total,T,Total,MT,Malta,2011,,414989,,,,,
dataflow,ESTAT:DEMO_PJAN(1.0),Population on 1 January by age and sex,A,Annual,NR,Number,TOTAL,Total,T,Total,MT,Malta,2012,,417546,,,,,
dataflow,ESTAT:DEMO_PJAN(1.0),Population on 1 January by age and sex,A,Annual,NR,Number,TOTAL,Total,T,Total,MT,Malta,2013,,421464,,,,,
dataflow,ESTAT:DEMO_PJAN(1.0),Population on 1 January by age and sex,A,Annual,NR,Number,TOTAL,Total,T,Total,MT,Malta,2014,,428156,,,,,
dataflow,ESTAT:DEMO_PJAN(1.0),Population on 1 January by age and sex,A,Annual,NR,Number,TOTAL,Total,T,Total,MT,Malta,2015,,438805,,,,,
dataflow,ESTAT:DEMO_PJAN(1.0),Population on 1 January by age and sex,A,Annual,NR,Number,TOTAL,Total,T,Total,MT,Malta,2016,,449635,,,,,
dataflow,ESTAT:DEMO_PJAN(1.0),Population on 1 January by age and sex,A,Annual,NR,Number,TOTAL,Total,T,Total,MT,Malta,2017,,459375,,,,,
dataflow,ESTAT:DEMO_PJAN(1.0),Population on 1 January by age and sex,A,Annual,NR,Number,TOTAL,Total,T,Total,MT,Malta,2018,,474837,,,,,
dataflow,ESTAT:DEMO_PJAN(1.0),Population on 1 January by age and sex,A,Annual,NR,Number,TOTAL,Total,T,Total,MT,Malta,2019,,492968,,,,,
dataflow,ESTAT:DEMO_PJAN(1.0),Population on 1 January by age and sex,A,Annual,NR,Number,TOTAL,Total,T,Total,MT,Malta,2020,,514855,,,,,
dataflow,ESTAT:DEMO_PJAN(1.0),Population on 1 January by age and sex,A,Annual,NR,Number,TOTAL,Total,T,Total,MT,Malta,2021,,516125,,,,,
dataflow,ESTAT:DEMO_PJAN(1.0),Population on 1 January by age and sex,A,Annual,NR,Number,TOTAL,Total,T,Total,MT,Malta,2022,,520174,,,,,
dataflow,ESTAT:DEMO_PJAN(1.0),Population on 1 January by age and sex,A,Annual,NR,Number,TOTAL,Total,T,Total,MT,Malta,2023,,542051,,,,,
dataflow,ESTAT:DEMO_PJAN(1.0),Population on 1 January by age and sex,A,Annual,NR,Number,TOTAL,Total,T,Total,MT,Malta,2024,,563443,,,,,
dataflow,ESTAT:DEMO_PJAN(1.0),Population on 1 January by age and sex,A,Annual,NR,Number,TOTAL,Total,T,Total,MT,Malta,2025,,574250,,,,,
dataflow,ESTAT:DEMO_PJAN(1.0),Population on 1 January by age and sex,A,Annual,NR,Number,TOTAL,Total,T,Total,NL,Netherlands,1990,,14892574,,,,,
dataflow,ESTAT:DEMO_PJAN(1.0),Population on 1 January by age and sex,A,Annual,NR,Number,TOTAL,Total,T,Total,NL,Netherlands,1991,,15010445,,,,,
dataflow,ESTAT:DEMO_PJAN(1.0),Population on 1 January by age and sex,A,Annual,NR,Number,TOTAL,Total,T,Total,NL,Netherlands,1992,,15129150,,,,,
dataflow,ESTAT:DEMO_PJAN(1.0),Population on 1 January by age and sex,A,Annual,NR,Number,TOTAL,Total,T,Total,NL,Netherlands,1993,,15239182,,,,,
dataflow,ESTAT:DEMO_PJAN(1.0),Population on 1 January by age and sex,A,Annual,NR,Number,TOTAL,Total,T,Total,NL,Netherlands,1994,,15341553,,,,,
dataflow,ESTAT:DEMO_PJAN(1.0),Population on 1 January by age and sex,A,Annual,NR,Number,TOTAL,Total,T,Total,NL,Netherlands,1995,,15424122,,,,,
dataflow,ESTAT:DEMO_PJAN(1.0),Population on 1 January by age and sex,A,Annual,NR,Number,TOTAL,Total,T,Total,NL,Netherlands,1996,,15493889,,,,,
dataflow,ESTAT:DEMO_PJAN(1.0),Population on 1 January by age and sex,A,Annual,NR,Number,TOTAL,Total,T,Total,NL,Netherlands,1997,,15567107,,,,,
dataflow,ESTAT:DEMO_PJAN(1.0),Population on 1 January by age and sex,A,Annual,NR,Number,TOTAL,Total,T,Total,NL,Netherlands,1998,,15654192,,,,,
dataflow,ESTAT:DEMO_PJAN(1.0),Population on 1 January by age and sex,A,Annual,NR,Number,TOTAL,Total,T,Total,NL,Netherlands,1999,,15760225,,,,,
dataflow,ESTAT:DEMO_PJAN(1.0),Population on 1 January by age and sex,A,Annual,NR,Number,TOTAL,Total,T,Total,NL,Netherlands,2000,,15863950,,,,,
dataflow,ESTAT:DEMO_PJAN(1.0),Population on 1 January by age and sex,A,Annual,NR,Number,TOTAL,Total,T,Total,NL,Netherlands,2001,,15987075,,,,,
dataflow,ESTAT:DEMO_PJAN(1.0),Population on 1 January by age and sex,A,Annual,NR,Number,TOTAL,Total,T,Total,NL,Netherlands,2002,,16105285,,,,,
dataflow,ESTAT:DEMO_PJAN(1.0),Population on 1 January by age and sex,A,Annual,NR,Number,TOTAL,Total,T,Total,NL,Netherlands,2003,,16192572,,,,,
dataflow,ESTAT:DEMO_PJAN(1.0),Population on 1 January by age and sex,A,Annual,NR,Number,TOTAL,Total,T,Total,NL,Netherlands,2004,,16258032,,,,,
dataflow,ESTAT:DEMO_PJAN(1.0),Population on 1 January by age and sex,A,Annual,NR,Number,TOTAL,Total,T,Total,NL,Netherlands,2005,,16305526,,,,,
dataflow,ESTAT:DEMO_PJAN(1.0),Population on 1 January by age and sex,A,Annual,NR,Number,TOTAL,Total,T,Total,NL,Netherlands,2006,,16334210,,,,,
dataflow,ESTAT:DEMO_PJAN(1.0),Population on 1 January by age and sex,A,Annual,NR,Number,TOTAL,Total,T,Total,NL,Netherlands,2007,,16357992,,,,,
dataflow,ESTAT:DEMO_PJAN(1.0),Population on 1 January by age and sex,A,Annual,NR,Number,TOTAL,Total,T,Total,NL,Netherlands,2008,,16405399,,,,,
dataflow,ESTAT:DEMO_PJAN(1.0),Population on 1 January by age and sex,A,Annual,NR,Number,TOTAL,Total,T,Total,NL,Netherlands,2009,,16485787,,,,,
dataflow,ESTAT:DEMO_PJAN(1.0),Population on 1 January by age and sex,A,Annual,NR,Number,TOTAL,Total,T,Total,NL,Netherlands,2010,,16574989,,,,,
dataflow,ESTAT:DEMO_PJAN(1.0),Population on 1 January by age and sex,A,Annual,NR,Number,TOTAL,Total,T,Total,NL,Netherlands,2011,,16655799,,,,,
dataflow,ESTAT:DEMO_PJAN(1.0),Population on 1 January by age and sex,A,Annual,NR,Number,TOTAL,Total,T,Total,NL,Netherlands,2012,,16730348,,,,,
dataflow,ESTAT:DEMO_PJAN(1.0),Population on 1 January by age and sex,A,Annual,NR,Number,TOTAL,Total,T,Total,NL,Netherlands,2013,,16779575,,,,,
dataflow,ESTAT:DEMO_PJAN(1.0),Population on 1 January by age and sex,A,Annual,NR,Number,TOTAL,Total,T,Total,NL,Netherlands,2014,,16829289,,,,,
dataflow,ESTAT:DEMO_PJAN(1.0),Population on 1 January by age and sex,A,Annual,NR,Number,TOTAL,Total,T,Total,NL,Netherlands,2015,,16900726,,,,,
dataflow,ESTAT:DEMO_PJAN(1.0),Population on 1 January by age and sex,A,Annual,NR,Number,TOTAL,Total,T,Total,NL,Netherlands,2016,,16979120,,,,,
dataflow,ESTAT:DEMO_PJAN(1.0),Population on 1 January by age and sex,A,Annual,NR,Number,TOTAL,Total,T,Total,NL,Netherlands,2017,,17081507,,,,,
dataflow,ESTAT:DEMO_PJAN(1.0),Population on 1 January by age and sex,A,Annual,NR,Number,TOTAL,Total,T,Total,NL,Netherlands,2018,,17181084,,,,,
dataflow,ESTAT:DEMO_PJAN(1.0),Population on 1 January by age and sex,A,Annual,NR,Number,TOTAL,Total,T,Total,NL,Netherlands,2019,,17282163,,,,,
dataflow,ESTAT:DEMO_PJAN(1.0),Population on 1 January by age and sex,A,Annual,NR,Number,TOTAL,Total,T,Total,NL,Netherlands,2020,,17407585,,,,,
dataflow,ESTAT:DEMO_PJAN(1.0),Population on 1 January by age and sex,A,Annual,NR,Number,TOTAL,Total,T,Total,NL,Netherlands,2021,,17475415,,,,,
dataflow,ESTAT:DEMO_PJAN(1.0),Population on 1 January by age and sex,A,Annual,NR,Number,TOTAL,Total,T,Total,NL,Netherlands,2022,,17590672,,,,,
dataflow,ESTAT:DEMO_PJAN(1.0),Population on 1 January by age and sex,A,Annual,NR,Number,TOTAL,Total,T,Total,NL,Netherlands,2023,,17811291,,,,,
dataflow,ESTAT:DEMO_PJAN(1.0),Population on 1 January by age and sex,A,Annual,NR,Number,TOTAL,Total,T,Total,NL,Netherlands,2024,,17942942,,,,,
dataflow,ESTAT:DEMO_PJAN(1.0),Population on 1 January by age and sex,A,Annual,NR,Number,TOTAL,Total,T,Total,NL,Netherlands,2025,,18044027,,,,,
dataflow,ESTAT:DEMO_PJAN(1.0),Population on 1 January by age and sex,A,Annual,NR,Number,TOTAL,Total,T,Total,NO,Norway,1990,,4233116,,,,,
dataflow,ESTAT:DEMO_PJAN(1.0),Population on 1 January by age and sex,A,Annual,NR,Number,TOTAL,Total,T,Total,NO,Norway,1991,,4249830,,,,,
dataflow,ESTAT:DEMO_PJAN(1.0),Population on 1 January by age and sex,A,Annual,NR,Number,TOTAL,Total,T,Total,NO,Norway,1992,,4273634,,,,,
dataflow,ESTAT:DEMO_PJAN(1.0),Population on 1 January by age and sex,A,Annual,NR,Number,TOTAL,Total,T,Total,NO,Norway,1993,,4299167,,,,,
dataflow,ESTAT:DEMO_PJAN(1.0),Population on 1 January by age and sex,A,Annual,NR,Number,TOTAL,Total,T,Total,NO,Norway,1994,,4324815,,,,,
dataflow,ESTAT:DEMO_PJAN(1.0),Population on 1 January by age and sex,A,Annual,NR,Number,TOTAL,Total,T,Total,NO,Norway,1995,,4348410,,,,,
dataflow,ESTAT:DEMO_PJAN(1.0),Population on 1 January by age and sex,A,Annual,NR,Number,TOTAL,Total,T,Total,NO,Norway,1996,,4369957,,,,,
dataflow,ESTAT:DEMO_PJAN(1.0),Population on 1 January by age and sex,A,Annual,NR,Number,TOTAL,Total,T,Total,NO,Norway,1997,,4392714,,,,,
dataflow,ESTAT:DEMO_PJAN(1.0),Population on 1 January by age and sex,A,Annual,NR,Number,TOTAL,Total,T,Total,NO,Norway,1998,,4417599,,,,,
dataflow,ESTAT:DEMO_PJAN(1.0),Population on 1 January by age and sex,A,Annual,NR,Number,TOTAL,Total,T,Total,NO,Norway,1999,,4445329,,,,,
dataflow,ESTAT:DEMO_PJAN(1.0),Population on 1 January by age and sex,A,Annual,NR,Number,TOTAL,Total,T,Total,NO,Norway,2000,,4478497,,,,,
dataflow,ESTAT:DEMO_PJAN(1.0),Population on 1 January by age and sex,A,Annual,NR,Number,TOTAL,Total,T,Total,NO,Norway,2001,,4503436,,,,,
dataflow,ESTAT:DEMO_PJAN(1.0),Population on 1 January by age and sex,A,Annual,NR,Number,TOTAL,Total,T,Total,NO,Norway,2002,,4524066,,,,,
dataflow,ESTAT:DEMO_PJAN(1.0),Population on 1 January by age and sex,A,Annual,NR,Number,TOTAL,Total,T,Total,NO,Norway,2003,,4552252,,,,,
dataflow,ESTAT:DEMO_PJAN(1.0),Population on 1 January by age and sex,A,Annual,NR,Number,TOTAL,Total,T,Total,NO,Norway,2004,,4577457,,,,,
dataflow,ESTAT:DEMO_PJAN(1.0),Population on 1 January by age and sex,A,Annual,NR,Number,TOTAL,Total,T,Total,NO,Norway,2005,,4606363,,,,,
dataflow,ESTAT:DEMO_PJAN(1.0),Population on 1 January by age and sex,A,Annual,NR,Number,TOTAL,Total,T,Total,NO,Norway,2006,,4640219,,,,,
dataflow,ESTAT:DEMO_PJAN(1.0),Population on 1 January by age and sex,A,Annual,NR,Number,TOTAL,Total,T,Total,NO,Norway,2007,,4681134,,,,,
dataflow,ESTAT:DEMO_PJAN(1.0),Population on 1 January by age and sex,A,Annual,NR,Number,TOTAL,Total,T,Total,NO,Norway,2008,,4737171,,,,,
dataflow,ESTAT:DEMO_PJAN(1.0),Population on 1 January by age and sex,A,Annual,NR,Number,TOTAL,Total,T,Total,NO,Norway,2009,,4799252,,,,,
dataflow,ESTAT:DEMO_PJAN(1.0),Population on 1 January by age and sex,A,Annual,NR,Number,TOTAL,Total,T,Total,NO,Norway,2010,,4858199,,,,,
dataflow,ESTAT:DEMO_PJAN(1.0),Population on 1 January by age and sex,A,Annual,NR,Number,TOTAL,Total,T,Total,NO,Norway,2011,,4920305,,,,,
dataflow,ESTAT:DEMO_PJAN(1.0),Population on 1 January by age and sex,A,Annual,NR,Number,TOTAL,Total,T,Total,NO,Norway,2012,,4985870,,,,,
dataflow,ESTAT:DEMO_PJAN(1.0),Population on 1 January by age and sex,A,Annual,NR,Number,TOTAL,Total,T,Total,NO,Norway,2013,,5051275,,,,,
dataflow,ESTAT:DEMO_PJAN(1.0),Population on 1 January by age and sex,A,Annual,NR,Number,TOTAL,Total,T,Total,NO,Norway,2014,,5109056,,,,,
dataflow,ESTAT:DEMO_PJAN(1.0),Population on 1 January by age and sex,A,Annual,NR,Number,TOTAL,Total,T,Total,NO,Norway,2015,,5165802,,,,,
dataflow,ESTAT:DEMO_PJAN(1.0),Population on 1 January by age and sex,A,Annual,NR,Number,TOTAL,Total,T,Total,NO,Norway,2016,,5213985,,,,,
dataflow,ESTAT:DEMO_PJAN(1.0),Population on 1 January by age and sex,A,Annual,NR,Number,TOTAL,Total,T,Total,NO,Norway,2017,,5258317,,,,,
dataflow,ESTAT:DEMO_PJAN(1.0),Population on 1 January by age and sex,A,Annual,NR,Number,TOTAL,Total,T,Total,NO,Norway,2018,,5295619,,,,,
dataflow,ESTAT:DEMO_PJAN(1.0),Population on 1 January by age and sex,A,Annual,NR,Number,TOTAL,Total,T,Total,NO,Norway,2019,,5328212,,,,,
dataflow,ESTAT:DEMO_PJAN(1.0),Population on 1 January by age and sex,A,Annual,NR,Number,TOTAL,Total,T,Total,NO,Norway,2020,,5367580,,,,,
dataflow,ESTAT:DEMO_PJAN(1.0),Population on 1 January by age and sex,A,Annual,NR,Number,TOTAL,Total,T,Total,NO,Norway,2021,,5391369,,,,,
dataflow,ESTAT:DEMO_PJAN(1.0),Population on 1 January by age and sex,A,Annual,NR,Number,TOTAL,Total,T,Total,NO,Norway,2022,,5425270,,,,,
dataflow,ESTAT:DEMO_PJAN(1.0),Population on 1 January by age and sex,A,Annual,NR,Number,TOTAL,Total,T,Total,NO,Norway,2023,,5488984,,,,,
dataflow,ESTAT:DEMO_PJAN(1.0),Population on 1 January by age and sex,A,Annual,NR,Number,TOTAL,Total,T,Total,NO,Norway,2024,,5550203,,,,,
dataflow,ESTAT:DEMO_PJAN(1.0),Population on 1 January by age and sex,A,Annual,NR,Number,TOTAL,Total,T,Total,NO,Norway,2025,,5594340,,,,,
dataflow,ESTAT:DEMO_PJAN(1.0),Population on 1 January by age and sex,A,Annual,NR,Number,TOTAL,Total,T,Total,PL,Poland,1990,,38038403,,,,,
dataflow,ESTAT:DEMO_PJAN(1.0),Population on 1 January by age and sex,A,Annual,NR,Number,TOTAL,Total,T,Total,PL,Poland,1991,,38183160,,,,,
dataflow,ESTAT:DEMO_PJAN(1.0),Population on 1 January by age and sex,A,Annual,NR,Number,TOTAL,Total,T,Total,PL,Poland,1992,,38309226,,,,,
dataflow,ESTAT:DEMO_PJAN(1.0),Population on 1 January by age and sex,A,Annual,NR,Number,TOTAL,Total,T,Total,PL,Poland,1993,,38418108,,,,,
dataflow,ESTAT:DEMO_PJAN(1.0),Population on 1 January by age and sex,A,Annual,NR,Number,TOTAL,Total,T,Total,PL,Poland,1994,,38504707,,,,,
dataflow,ESTAT:DEMO_PJAN(1.0),Population on 1 January by age and sex,A,Annual,NR,Number,TOTAL,Total,T,Total,PL,Poland,1995,,38580597,,,,,
dataflow,ESTAT:DEMO_PJAN(1.0),Population on 1 January by age and sex,A,Annual,NR,Number,TOTAL,Total,T,Total,PL,Poland,1996,,38609399,,,,,
dataflow,ESTAT:DEMO_PJAN(1.0),Population on 1 January by age and sex,A,Annual,NR,Number,TOTAL,Total,T,Total,PL,Poland,1997,,38639341,,,,,
dataflow,ESTAT:DEMO_PJAN(1.0),Population on 1 January by age and sex,A,Annual,NR,Number,TOTAL,Total,T,Total,PL,Poland,1998,,38659979,,,,,
dataflow,ESTAT:DEMO_PJAN(1.0),Population on 1 January by age and sex,A,Annual,NR,Number,TOTAL,Total,T,Total,PL,Poland,1999,,38666983,,,,,
dataflow,ESTAT:DEMO_PJAN(1.0),Population on 1 January by age and sex,A,Annual,NR,Number,TOTAL,Total,T,Total,PL,Poland,2000,,38263303,,b,break in time series,,
dataflow,ESTAT:DEMO_PJAN(1.0),Population on 1 January by age and sex,A,Annual,NR,Number,TOTAL,Total,T,Total,PL,Poland,2001,,38253955,,,,,
dataflow,ESTAT:DEMO_PJAN(1.0),Population on 1 January by age and sex,A,Annual,NR,Number,TOTAL,Total,T,Total,PL,Poland,2002,,38242197,,,,,
dataflow,ESTAT:DEMO_PJAN(1.0),Population on 1 January by age and sex,A,Annual,NR,Number,TOTAL,Total,T,Total,PL,Poland,2003,,38218531,,,,,
dataflow,ESTAT:DEMO_PJAN(1.0),Population on 1 January by age and sex,A,Annual,NR,Number,TOTAL,Total,T,Total,PL,Poland,2004,,38190608,,,,,
dataflow,ESTAT:DEMO_PJAN(1.0),Population on 1 January by age and sex,A,Annual,NR,Number,TOTAL,Total,T,Total,PL,Poland,2005,,38173835,,,,,
dataflow,ESTAT:DEMO_PJAN(1.0),Population on 1 January by age and sex,A,Annual,NR,Number,TOTAL,Total,T,Total,PL,Poland,2006,,38157055,,,,,
dataflow,ESTAT:DEMO_PJAN(1.0),Population on 1 January by age and sex,A,Annual,NR,Number,TOTAL,Total,T,Total,PL,Poland,2007,,38125479,,,,,
dataflow,ESTAT:DEMO_PJAN(1.0),Population on 1 January by age and sex,A,Annual,NR,Number,TOTAL,Total,T,Total,PL,Poland,2008,,38115641,,,,,
dataflow,ESTAT:DEMO_PJAN(1.0),Population on 1 January by age and sex,A,Annual,NR,Number,TOTAL,Total,T,Total,PL,Poland,2009,,38135876,,,,,
dataflow,ESTAT:DEMO_PJAN(1.0),Population on 1 January by age and sex,A,Annual,NR,Number,TOTAL,Total,T,Total,PL,Poland,2010,,38022869,,b,break in time series,,
dataflow,ESTAT:DEMO_PJAN(1.0),Population on 1 January by age and sex,A,Annual,NR,Number,TOTAL,Total,T,Total,PL,Poland,2011,,38062718,,,,,
dataflow,ESTAT:DEMO_PJAN(1.0),Population on 1 January by age and sex,A,Annual,NR,Number,TOTAL,Total,T,Total,PL,Poland,2012,,38063792,,,,,
dataflow,ESTAT:DEMO_PJAN(1.0),Population on 1 January by age and sex,A,Annual,NR,Number,TOTAL,Total,T,Total,PL,Poland,2013,,38062535,,,,,
dataflow,ESTAT:DEMO_PJAN(1.0),Population on 1 January by age and sex,A,Annual,NR,Number,TOTAL,Total,T,Total,PL,Poland,2014,,38017856,,,,,
dataflow,ESTAT:DEMO_PJAN(1.0),Population on 1 January by age and sex,A,Annual,NR,Number,TOTAL,Total,T,Total,PL,Poland,2015,,38005614,,,,,
dataflow,ESTAT:DEMO_PJAN(1.0),Population on 1 January by age and sex,A,Annual,NR,Number,TOTAL,Total,T,Total,PL,Poland,2016,,37967209,,,,,
dataflow,ESTAT:DEMO_PJAN(1.0),Population on 1 January by age and sex,A,Annual,NR,Number,TOTAL,Total,T,Total,PL,Poland,2017,,37972964,,,,,
dataflow,ESTAT:DEMO_PJAN(1.0),Population on 1 January by age and sex,A,Annual,NR,Number,TOTAL,Total,T,Total,PL,Poland,2018,,37976687,,,,,
dataflow,ESTAT:DEMO_PJAN(1.0),Population on 1 January by age and sex,A,Annual,NR,Number,TOTAL,Total,T,Total,PL,Poland,2019,,37972812,,,,,
dataflow,ESTAT:DEMO_PJAN(1.0),Population on 1 January by age and sex,A,Annual,NR,Number,TOTAL,Total,T,Total,PL,Poland,2020,,37958138,,,,,
dataflow,ESTAT:DEMO_PJAN(1.0),Population on 1 January by age and sex,A,Annual,NR,Number,TOTAL,Total,T,Total,PL,Poland,2021,,37073357,,bep,"break in time series, estimated, provisional",,
dataflow,ESTAT:DEMO_PJAN(1.0),Population on 1 January by age and sex,A,Annual,NR,Number,TOTAL,Total,T,Total,PL,Poland,2022,,36889761,,ep,"estimated, provisional",,
dataflow,ESTAT:DEMO_PJAN(1.0),Population on 1 January by age and sex,A,Annual,NR,Number,TOTAL,Total,T,Total,PL,Poland,2023,,36753736,,ep,"estimated, provisional",,
dataflow,ESTAT:DEMO_PJAN(1.0),Population on 1 January by age and sex,A,Annual,NR,Number,TOTAL,Total,T,Total,PL,Poland,2024,,36620970,,,,,
dataflow,ESTAT:DEMO_PJAN(1.0),Population on 1 January by age and sex,A,Annual,NR,Number,TOTAL,Total,T,Total,PL,Poland,2025,,36497495,,,,,
dataflow,ESTAT:DEMO_PJAN(1.0),Population on 1 January by age and sex,A,Annual,NR,Number,TOTAL,Total,T,Total,PT,Portugal,1990,,9995995,,,,,
dataflow,ESTAT:DEMO_PJAN(1.0),Population on 1 January by age and sex,A,Annual,NR,Number,TOTAL,Total,T,Total,PT,Portugal,1991,,9970441,,,,,
dataflow,ESTAT:DEMO_PJAN(1.0),Population on 1 January by age and sex,A,Annual,NR,Number,TOTAL,Total,T,Total,PT,Portugal,1992,,9950029,,,,,
dataflow,ESTAT:DEMO_PJAN(1.0),Population on 1 January by age and sex,A,Annual,NR,Number,TOTAL,Total,T,Total,PT,Portugal,1993,,9954958,,,,,
dataflow,ESTAT:DEMO_PJAN(1.0),Population on 1 January by age and sex,A,Annual,NR,Number,TOTAL,Total,T,Total,PT,Portugal,1994,,9974391,,,,,
dataflow,ESTAT:DEMO_PJAN(1.0),Population on 1 January by age and sex,A,Annual,NR,Number,TOTAL,Total,T,Total,PT,Portugal,1995,,10008659,,,,,
dataflow,ESTAT:DEMO_PJAN(1.0),Population on 1 January by age and sex,A,Annual,NR,Number,TOTAL,Total,T,Total,PT,Portugal,1996,,10043693,,,,,
dataflow,ESTAT:DEMO_PJAN(1.0),Population on 1 January by age and sex,A,Annual,NR,Number,TOTAL,Total,T,Total,PT,Portugal,1997,,10084196,,,,,
dataflow,ESTAT:DEMO_PJAN(1.0),Population on 1 January by age and sex,A,Annual,NR,Number,TOTAL,Total,T,Total,PT,Portugal,1998,,10133758,,,,,
dataflow,ESTAT:DEMO_PJAN(1.0),Population on 1 January by age and sex,A,Annual,NR,Number,TOTAL,Total,T,Total,PT,Portugal,1999,,10186634,,,,,
dataflow,ESTAT:DEMO_PJAN(1.0),Population on 1 January by age and sex,A,Annual,NR,Number,TOTAL,Total,T,Total,PT,Portugal,2000,,10249022,,,,,
dataflow,ESTAT:DEMO_PJAN(1.0),Population on 1 January by age and sex,A,Annual,NR,Number,TOTAL,Total,T,Total,PT,Portugal,2001,,10330774,,,,,
dataflow,ESTAT:DEMO_PJAN(1.0),Population on 1 January by age and sex,A,Annual,NR,Number,TOTAL,Total,T,Total,PT,Portugal,2002,,10394669,,,,,
dataflow,ESTAT:DEMO_PJAN(1.0),Population on 1 January by age and sex,A,Annual,NR,Number,TOTAL,Total,T,Total,PT,Portugal,2003,,10444592,,,,,
dataflow,ESTAT:DEMO_PJAN(1.0),Population on 1 January by age and sex,A,Annual,NR,Number,TOTAL,Total,T,Total,PT,Portugal,2004,,10473050,,,,,
dataflow,ESTAT:DEMO_PJAN(1.0),Population on 1 January by age and sex,A,Annual,NR,Number,TOTAL,Total,T,Total,PT,Portugal,2005,,10494672,,,,,
dataflow,ESTAT:DEMO_PJAN(1.0),Population on 1 January by age and sex,A,Annual,NR,Number,TOTAL,Total,T,Total,PT,Portugal,2006,,10511988,,,,,
dataflow,ESTAT:DEMO_PJAN(1.0),Population on 1 January by age and sex,A,Annual,NR,Number,TOTAL,Total,T,Total,PT,Portugal,2007,,10532588,,,,,
dataflow,ESTAT:DEMO_PJAN(1.0),Population on 1 January by age and sex,A,Annual,NR,Number,TOTAL,Total,T,Total,PT,Portugal,2008,,10553339,,,,,
dataflow,ESTAT:DEMO_PJAN(1.0),Population on 1 January by age and sex,A,Annual,NR,Number,TOTAL,Total,T,Total,PT,Portugal,2009,,10563014,,,,,
dataflow,ESTAT:DEMO_PJAN(1.0),Population on 1 January by age and sex,A,Annual,NR,Number,TOTAL,Total,T,Total,PT,Portugal,2010,,10573479,,,,,
dataflow,ESTAT:DEMO_PJAN(1.0),Population on 1 January by age and sex,A,Annual,NR,Number,TOTAL,Total,T,Total,PT,Portugal,2011,,10572721,,,,,
dataflow,ESTAT:DEMO_PJAN(1.0),Population on 1 January by age and sex,A,Annual,NR,Number,TOTAL,Total,T,Total,PT,Portugal,2012,,10558950,,,,,
dataflow,ESTAT:DEMO_PJAN(1.0),Population on 1 January by age and sex,A,Annual,NR,Number,TOTAL,Total,T,Total,PT,Portugal,2013,,10503889,,,,,
dataflow,ESTAT:DEMO_PJAN(1.0),Population on 1 January by age and sex,A,Annual,NR,Number,TOTAL,Total,T,Total,PT,Portugal,2014,,10444092,,,,,
dataflow,ESTAT:DEMO_PJAN(1.0),Population on 1 January by age and sex,A,Annual,NR,Number,TOTAL,Total,T,Total,PT,Portugal,2015,,10395121,,,,,
dataflow,ESTAT:DEMO_PJAN(1.0),Population on 1 January by age and sex,A,Annual,NR,Number,TOTAL,Total,T,Total,PT,Portugal,2016,,10368554,,,,,
dataflow,ESTAT:DEMO_PJAN(1.0),Population on 1 January by age and sex,A,Annual,NR,Number,TOTAL,Total,T,Total,PT,Portugal,2017,,10344478,,,,,
dataflow,ESTAT:DEMO_PJAN(1.0),Population on 1 January by age and sex,A,Annual,NR,Number,TOTAL,Total,T,Total,PT,Portugal,2018,,10335770,,,,,
dataflow,ESTAT:DEMO_PJAN(1.0),Population on 1 January by age and sex,A,Annual,NR,Number,TOTAL,Total,T,Total,PT,Portugal,2019,,10333496,,,,,
dataflow,ESTAT:DEMO_PJAN(1.0),Population on 1 January by age and sex,A,Annual,NR,Number,TOTAL,Total,T,Total,PT,Portugal,2020,,10375395,,,,,
dataflow,ESTAT:DEMO_PJAN(1.0),Population on 1 January by age and sex,A,Annual,NR,Number,TOTAL,Total,T,Total,PT,Portugal,2021,,10394297,,,,,
dataflow,ESTAT:DEMO_PJAN(1.0),Population on 1 January by age and sex,A,Annual,NR,Number,TOTAL,Total,T,Total,PT,Portugal,2022,,10421117,,,,,
dataflow,ESTAT:DEMO_PJAN(1.0),Population on 1 January by age and sex,A,Annual,NR,Number,TOTAL,Total,T,Total,PT,Portugal,2023,,10516621,,,,,
dataflow,ESTAT:DEMO_PJAN(1.0),Population on 1 January by age and sex,A,Annual,NR,Number,TOTAL,Total,T,Total,PT,Portugal,2024,,10639726,,,,,
dataflow,ESTAT:DEMO_PJAN(1.0),Population on 1 January by age and sex,A,Annual,NR,Number,TOTAL,Total,T,Total,PT,Portugal,2025,,10749635,,,,,
dataflow,ESTAT:DEMO_PJAN(1.0),Population on 1 January by age and sex,A,Annual,NR,Number,TOTAL,Total,T,Total,RO,Romania,1990,,23211395,,,,,
dataflow,ESTAT:DEMO_PJAN(1.0),Population on 1 January by age and sex,A,Annual,NR,Number,TOTAL,Total,T,Total,RO,Romania,1991,,23192274,,,,,
dataflow,ESTAT:DEMO_PJAN(1.0),Population on 1 January by age and sex,A,Annual,NR,Number,TOTAL,Total,T,Total,RO,Romania,1992,,22810035,,,,,
dataflow,ESTAT:DEMO_PJAN(1.0),Population on 1 January by age and sex,A,Annual,NR,Number,TOTAL,Total,T,Total,RO,Romania,1993,,22778533,,,,,
dataflow,ESTAT:DEMO_PJAN(1.0),Population on 1 January by age and sex,A,Annual,NR,Number,TOTAL,Total,T,Total,RO,Romania,1994,,22748027,,,,,
dataflow,ESTAT:DEMO_PJAN(1.0),Population on 1 January by age and sex,A,Annual,NR,Number,TOTAL,Total,T,Total,RO,Romania,1995,,22712394,,,,,
dataflow,ESTAT:DEMO_PJAN(1.0),Population on 1 January by age and sex,A,Annual,NR,Number,TOTAL,Total,T,Total,RO,Romania,1996,,22656145,,,,,
dataflow,ESTAT:DEMO_PJAN(1.0),Population on 1 January by age and sex,A,Annual,NR,Number,TOTAL,Total,T,Total,RO,Romania,1997,,22581862,,,,,
dataflow,ESTAT:DEMO_PJAN(1.0),Population on 1 January by age and sex,A,Annual,NR,Number,TOTAL,Total,T,Total,RO,Romania,1998,,22526093,,,,,
dataflow,ESTAT:DEMO_PJAN(1.0),Population on 1 January by age and sex,A,Annual,NR,Number,TOTAL,Total,T,Total,RO,Romania,1999,,22488595,,,,,
dataflow,ESTAT:DEMO_PJAN(1.0),Population on 1 January by age and sex,A,Annual,NR,Number,TOTAL,Total,T,Total,RO,Romania,2000,,22455485,,,,,
dataflow,ESTAT:DEMO_PJAN(1.0),Population on 1 January by age and sex,A,Annual,NR,Number,TOTAL,Total,T,Total,RO,Romania,2001,,22430457,,,,,
dataflow,ESTAT:DEMO_PJAN(1.0),Population on 1 January by age and sex,A,Annual,NR,Number,TOTAL,Total,T,Total,RO,Romania,2002,,21833483,,,,,
dataflow,ESTAT:DEMO_PJAN(1.0),Population on 1 January by age and sex,A,Annual,NR,Number,TOTAL,Total,T,Total,RO,Romania,2003,,21627509,,,,,
dataflow,ESTAT:DEMO_PJAN(1.0),Population on 1 January by age and sex,A,Annual,NR,Number,TOTAL,Total,T,Total,RO,Romania,2004,,21521142,,,,,
dataflow,ESTAT:DEMO_PJAN(1.0),Population on 1 January by age and sex,A,Annual,NR,Number,TOTAL,Total,T,Total,RO,Romania,2005,,21382354,,,,,
dataflow,ESTAT:DEMO_PJAN(1.0),Population on 1 January by age and sex,A,Annual,NR,Number,TOTAL,Total,T,Total,RO,Romania,2006,,21257016,,,,,
dataflow,ESTAT:DEMO_PJAN(1.0),Population on 1 January by age and sex,A,Annual,NR,Number,TOTAL,Total,T,Total,RO,Romania,2007,,21130503,,,,,
dataflow,ESTAT:DEMO_PJAN(1.0),Population on 1 January by age and sex,A,Annual,NR,Number,TOTAL,Total,T,Total,RO,Romania,2008,,20635460,,,,,
dataflow,ESTAT:DEMO_PJAN(1.0),Population on 1 January by age and sex,A,Annual,NR,Number,TOTAL,Total,T,Total,RO,Romania,2009,,20440290,,,,,
dataflow,ESTAT:DEMO_PJAN(1.0),Population on 1 January by age and sex,A,Annual,NR,Number,TOTAL,Total,T,Total,RO,Romania,2010,,20294683,,,,,
dataflow,ESTAT:DEMO_PJAN(1.0),Population on 1 January by age and sex,A,Annual,NR,Number,TOTAL,Total,T,Total,RO,Romania,2011,,20199059,,,,,
dataflow,ESTAT:DEMO_PJAN(1.0),Population on 1 January by age and sex,A,Annual,NR,Number,TOTAL,Total,T,Total,RO,Romania,2012,,20095996,,,,,
dataflow,ESTAT:DEMO_PJAN(1.0),Population on 1 January by age and sex,A,Annual,NR,Number,TOTAL,Total,T,Total,RO,Romania,2013,,20020074,,,,,
dataflow,ESTAT:DEMO_PJAN(1.0),Population on 1 January by age and sex,A,Annual,NR,Number,TOTAL,Total,T,Total,RO,Romania,2014,,19947311,,,,,
dataflow,ESTAT:DEMO_PJAN(1.0),Population on 1 January by age and sex,A,Annual,NR,Number,TOTAL,Total,T,Total,RO,Romania,2015,,19870647,,,,,
dataflow,ESTAT:DEMO_PJAN(1.0),Population on 1 January by age and sex,A,Annual,NR,Number,TOTAL,Total,T,Total,RO,Romania,2016,,19760585,,,,,
dataflow,ESTAT:DEMO_PJAN(1.0),Population on 1 January by age and sex,A,Annual,NR,Number,TOTAL,Total,T,Total,RO,Romania,2017,,19643949,,,,,
dataflow,ESTAT:DEMO_PJAN(1.0),Population on 1 January by age and sex,A,Annual,NR,Number,TOTAL,Total,T,Total,RO,Romania,2018,,19533481,,,,,
dataflow,ESTAT:DEMO_PJAN(1.0),Population on 1 January by age and sex,A,Annual,NR,Number,TOTAL,Total,T,Total,RO,Romania,2019,,19414458,,,,,
dataflow,ESTAT:DEMO_PJAN(1.0),Population on 1 January by age and sex,A,Annual,NR,Number,TOTAL,Total,T,Total,RO,Romania,2020,,19328838,,e,estimated,,
dataflow,ESTAT:DEMO_PJAN(1.0),Population on 1 January by age and sex,A,Annual,NR,Number,TOTAL,Total,T,Total,RO,Romania,2021,,19201662,,,,,
dataflow,ESTAT:DEMO_PJAN(1.0),Population on 1 January by age and sex,A,Annual,NR,Number,TOTAL,Total,T,Total,RO,Romania,2022,,19043098,,e,estimated,,
dataflow,ESTAT:DEMO_PJAN(1.0),Population on 1 January by age and sex,A,Annual,NR,Number,TOTAL,Total,T,Total,RO,Romania,2023,,19055228,,e,estimated,,
dataflow,ESTAT:DEMO_PJAN(1.0),Population on 1 January by age and sex,A,Annual,NR,Number,TOTAL,Total,T,Total,RO,Romania,2024,,19067576,,e,estimated,,
dataflow,ESTAT:DEMO_PJAN(1.0),Population on 1 January by age and sex,A,Annual,NR,Number,TOTAL,Total,T,Total,RO,Romania,2025,,19043151,,e,estimated,,
dataflow,ESTAT:DEMO_PJAN(1.0),Population on 1 January by age and sex,A,Annual,NR,Number,TOTAL,Total,T,Total,RS,Serbia,1999,,7552850,,,,,
dataflow,ESTAT:DEMO_PJAN(1.0),Population on 1 January by age and sex,A,Annual,NR,Number,TOTAL,Total,T,Total,RS,Serbia,2000,,7527952,,,,,
dataflow,ESTAT:DEMO_PJAN(1.0),Population on 1 January by age and sex,A,Annual,NR,Number,TOTAL,Total,T,Total,RS,Serbia,2001,,7504739,,,,,
dataflow,ESTAT:DEMO_PJAN(1.0),Population on 1 January by age and sex,A,Annual,NR,Number,TOTAL,Total,T,Total,RS,Serbia,2002,,7502126,,,,,
dataflow,ESTAT:DEMO_PJAN(1.0),Population on 1 January by age and sex,A,Annual,NR,Number,TOTAL,Total,T,Total,RS,Serbia,2003,,7490918,,,,,
dataflow,ESTAT:DEMO_PJAN(1.0),Population on 1 January by age and sex,A,Annual,NR,Number,TOTAL,Total,T,Total,RS,Serbia,2004,,7470263,,,,,
dataflow,ESTAT:DEMO_PJAN(1.0),Population on 1 January by age and sex,A,Annual,NR,Number,TOTAL,Total,T,Total,RS,Serbia,2005,,7456050,,,,,
dataflow,ESTAT:DEMO_PJAN(1.0),Population on 1 January by age and sex,A,Annual,NR,Number,TOTAL,Total,T,Total,RS,Serbia,2006,,7425487,,,,,
dataflow,ESTAT:DEMO_PJAN(1.0),Population on 1 January by age and sex,A,Annual,NR,Number,TOTAL,Total,T,Total,RS,Serbia,2007,,7397651,,,,,
dataflow,ESTAT:DEMO_PJAN(1.0),Population on 1 January by age and sex,A,Annual,NR,Number,TOTAL,Total,T,Total,RS,Serbia,2008,,7365507,,,,,
dataflow,ESTAT:DEMO_PJAN(1.0),Population on 1 January by age and sex,A,Annual,NR,Number,TOTAL,Total,T,Total,RS,Serbia,2009,,7334937,,,,,
dataflow,ESTAT:DEMO_PJAN(1.0),Population on 1 January by age and sex,A,Annual,NR,Number,TOTAL,Total,T,Total,RS,Serbia,2010,,7306677,,,,,
dataflow,ESTAT:DEMO_PJAN(1.0),Population on 1 January by age and sex,A,Annual,NR,Number,TOTAL,Total,T,Total,RS,Serbia,2011,,7251549,,b,break in time series,,
dataflow,ESTAT:DEMO_PJAN(1.0),Population on 1 January by age and sex,A,Annual,NR,Number,TOTAL,Total,T,Total,RS,Serbia,2012,,7216649,,,,,
dataflow,ESTAT:DEMO_PJAN(1.0),Population on 1 January by age and sex,A,Annual,NR,Number,TOTAL,Total,T,Total,RS,Serbia,2013,,7181505,,,,,
dataflow,ESTAT:DEMO_PJAN(1.0),Population on 1 January by age and sex,A,Annual,NR,Number,TOTAL,Total,T,Total,RS,Serbia,2014,,7146759,,,,,
dataflow,ESTAT:DEMO_PJAN(1.0),Population on 1 January by age and sex,A,Annual,NR,Number,TOTAL,Total,T,Total,RS,Serbia,2015,,7114393,,,,,
dataflow,ESTAT:DEMO_PJAN(1.0),Population on 1 January by age and sex,A,Annual,NR,Number,TOTAL,Total,T,Total,RS,Serbia,2016,,7076372,,,,,
dataflow,ESTAT:DEMO_PJAN(1.0),Population on 1 January by age and sex,A,Annual,NR,Number,TOTAL,Total,T,Total,RS,Serbia,2017,,7040272,,,,,
dataflow,ESTAT:DEMO_PJAN(1.0),Population on 1 January by age and sex,A,Annual,NR,Number,TOTAL,Total,T,Total,RS,Serbia,2018,,7001444,,,,,
dataflow,ESTAT:DEMO_PJAN(1.0),Population on 1 January by age and sex,A,Annual,NR,Number,TOTAL,Total,T,Total,RS,Serbia,2019,,6963764,,,,,
dataflow,ESTAT:DEMO_PJAN(1.0),Population on 1 January by age and sex,A,Annual,NR,Number,TOTAL,Total,T,Total,RS,Serbia,2020,,6926705,,,,,
dataflow,ESTAT:DEMO_PJAN(1.0),Population on 1 January by age and sex,A,Annual,NR,Number,TOTAL,Total,T,Total,RS,Serbia,2021,,6871547,,,,,
dataflow,ESTAT:DEMO_PJAN(1.0),Population on 1 January by age and sex,A,Annual,NR,Number,TOTAL,Total,T,Total,RS,Serbia,2022,,6797105,,,,,
dataflow,ESTAT:DEMO_PJAN(1.0),Population on 1 January by age and sex,A,Annual,NR,Number,TOTAL,Total,T,Total,RS,Serbia,2023,,6641197,,b,break in time series,,
dataflow,ESTAT:DEMO_PJAN(1.0),Population on 1 January by age and sex,A,Annual,NR,Number,TOTAL,Total,T,Total,RS,Serbia,2024,,6605168,,,,,
dataflow,ESTAT:DEMO_PJAN(1.0),Population on 1 January by age and sex,A,Annual,NR,Number,TOTAL,Total,T,Total,RS,Serbia,2025,,6567783,,,,,
dataflow,ESTAT:DEMO_PJAN(1.0),Population on 1 January by age and sex,A,Annual,NR,Number,TOTAL,Total,T,Total,RU,Russia,2000,,146890128,,,,,
dataflow,ESTAT:DEMO_PJAN(1.0),Population on 1 January by age and sex,A,Annual,NR,Number,TOTAL,Total,T,Total,RU,Russia,2001,,146303611,,,,,
dataflow,ESTAT:DEMO_PJAN(1.0),Population on 1 January by age and sex,A,Annual,NR,Number,TOTAL,Total,T,Total,RU,Russia,2002,,145649334,,,,,
dataflow,ESTAT:DEMO_PJAN(1.0),Population on 1 January by age and sex,A,Annual,NR,Number,TOTAL,Total,T,Total,RU,Russia,2003,,145166731,,,,,
dataflow,ESTAT:DEMO_PJAN(1.0),Population on 1 January by age and sex,A,Annual,NR,Number,TOTAL,Total,T,Total,RU,Russia,2004,,144168205,,,,,
dataflow,ESTAT:DEMO_PJAN(1.0),Population on 1 January by age and sex,A,Annual,NR,Number,TOTAL,Total,T,Total,RU,Russia,2005,,143474219,,,,,
dataflow,ESTAT:DEMO_PJAN(1.0),Population on 1 January by age and sex,A,Annual,NR,Number,TOTAL,Total,T,Total,RU,Russia,2006,,142753551,,,,,
dataflow,ESTAT:DEMO_PJAN(1.0),Population on 1 January by age and sex,A,Annual,NR,Number,TOTAL,Total,T,Total,RU,Russia,2007,,142220968,,,,,
dataflow,ESTAT:DEMO_PJAN(1.0),Population on 1 January by age and sex,A,Annual,NR,Number,TOTAL,Total,T,Total,RU,Russia,2008,,142008838,,,,,
dataflow,ESTAT:DEMO_PJAN(1.0),Population on 1 January by age and sex,A,Annual,NR,Number,TOTAL,Total,T,Total,RU,Russia,2009,,141903979,,,,,
dataflow,ESTAT:DEMO_PJAN(1.0),Population on 1 January by age and sex,A,Annual,NR,Number,TOTAL,Total,T,Total,RU,Russia,2010,,141914509,,,,,
dataflow,ESTAT:DEMO_PJAN(1.0),Population on 1 January by age and sex,A,Annual,NR,Number,TOTAL,Total,T,Total,RU,Russia,2011,,142856536,,,,,
dataflow,ESTAT:DEMO_PJAN(1.0),Population on 1 January by age and sex,A,Annual,NR,Number,TOTAL,Total,T,Total,RU,Russia,2012,,143056383,,,,,
dataflow,ESTAT:DEMO_PJAN(1.0),Population on 1 January by age and sex,A,Annual,NR,Number,TOTAL,Total,T,Total,RU,Russia,2014,,143666931,,,,,
dataflow,ESTAT:DEMO_PJAN(1.0),Population on 1 January by age and sex,A,Annual,NR,Number,TOTAL,Total,T,Total,SE,Sweden,1990,,8527039,,,,,
dataflow,ESTAT:DEMO_PJAN(1.0),Population on 1 January by age and sex,A,Annual,NR,Number,TOTAL,Total,T,Total,SE,Sweden,1991,,8590630,,,,,
dataflow,ESTAT:DEMO_PJAN(1.0),Population on 1 January by age and sex,A,Annual,NR,Number,TOTAL,Total,T,Total,SE,Sweden,1992,,8644120,,,,,
dataflow,ESTAT:DEMO_PJAN(1.0),Population on 1 January by age and sex,A,Annual,NR,Number,TOTAL,Total,T,Total,SE,Sweden,1993,,8692013,,,,,
dataflow,ESTAT:DEMO_PJAN(1.0),Population on 1 January by age and sex,A,Annual,NR,Number,TOTAL,Total,T,Total,SE,Sweden,1994,,8745109,,,,,
dataflow,ESTAT:DEMO_PJAN(1.0),Population on 1 January by age and sex,A,Annual,NR,Number,TOTAL,Total,T,Total,SE,Sweden,1995,,8816381,,,,,
dataflow,ESTAT:DEMO_PJAN(1.0),Population on 1 January by age and sex,A,Annual,NR,Number,TOTAL,Total,T,Total,SE,Sweden,1996,,8837496,,,,,
dataflow,ESTAT:DEMO_PJAN(1.0),Population on 1 January by age and sex,A,Annual,NR,Number,TOTAL,Total,T,Total,SE,Sweden,1997,,8844499,,,,,
dataflow,ESTAT:DEMO_PJAN(1.0),Population on 1 January by age and sex,A,Annual,NR,Number,TOTAL,Total,T,Total,SE,Sweden,1998,,8847625,,,,,
dataflow,ESTAT:DEMO_PJAN(1.0),Population on 1 January by age and sex,A,Annual,NR,Number,TOTAL,Total,T,Total,SE,Sweden,1999,,8854322,,,,,
dataflow,ESTAT:DEMO_PJAN(1.0),Population on 1 January by age and sex,A,Annual,NR,Number,TOTAL,Total,T,Total,SE,Sweden,2000,,8861426,,,,,
dataflow,ESTAT:DEMO_PJAN(1.0),Population on 1 January by age and sex,A,Annual,NR,Number,TOTAL,Total,T,Total,SE,Sweden,2001,,8882792,,,,,
dataflow,ESTAT:DEMO_PJAN(1.0),Population on 1 January by age and sex,A,Annual,NR,Number,TOTAL,Total,T,Total,SE,Sweden,2002,,8909128,,,,,
dataflow,ESTAT:DEMO_PJAN(1.0),Population on 1 January by age and sex,A,Annual,NR,Number,TOTAL,Total,T,Total,SE,Sweden,2003,,8940788,,,,,
dataflow,ESTAT:DEMO_PJAN(1.0),Population on 1 January by age and sex,A,Annual,NR,Number,TOTAL,Total,T,Total,SE,Sweden,2004,,8975670,,,,,
dataflow,ESTAT:DEMO_PJAN(1.0),Population on 1 January by age and sex,A,Annual,NR,Number,TOTAL,Total,T,Total,SE,Sweden,2005,,9011392,,,,,
dataflow,ESTAT:DEMO_PJAN(1.0),Population on 1 January by age and sex,A,Annual,NR,Number,TOTAL,Total,T,Total,SE,Sweden,2006,,9047752,,,,,
dataflow,ESTAT:DEMO_PJAN(1.0),Population on 1 January by age and sex,A,Annual,NR,Number,TOTAL,Total,T,Total,SE,Sweden,2007,,9113257,,,,,
dataflow,ESTAT:DEMO_PJAN(1.0),Population on 1 January by age and sex,A,Annual,NR,Number,TOTAL,Total,T,Total,SE,Sweden,2008,,9182927,,,,,
dataflow,ESTAT:DEMO_PJAN(1.0),Population on 1 January by age and sex,A,Annual,NR,Number,TOTAL,Total,T,Total,SE,Sweden,2009,,9256347,,,,,
dataflow,ESTAT:DEMO_PJAN(1.0),Population on 1 January by age and sex,A,Annual,NR,Number,TOTAL,Total,T,Total,SE,Sweden,2010,,9340682,,,,,
dataflow,ESTAT:DEMO_PJAN(1.0),Population on 1 January by age and sex,A,Annual,NR,Number,TOTAL,Total,T,Total,SE,Sweden,2011,,9415570,,,,,
dataflow,ESTAT:DEMO_PJAN(1.0),Population on 1 January by age and sex,A,Annual,NR,Number,TOTAL,Total,T,Total,SE,Sweden,2012,,9482855,,,,,
dataflow,ESTAT:DEMO_PJAN(1.0),Population on 1 January by age and sex,A,Annual,NR,Number,TOTAL,Total,T,Total,SE,Sweden,2013,,9555893,,,,,
dataflow,ESTAT:DEMO_PJAN(1.0),Population on 1 January by age and sex,A,Annual,NR,Number,TOTAL,Total,T,Total,SE,Sweden,2014,,9644864,,,,,
dataflow,ESTAT:DEMO_PJAN(1.0),Population on 1 January by age and sex,A,Annual,NR,Number,TOTAL,Total,T,Total,SE,Sweden,2015,,9747355,,,,,
dataflow,ESTAT:DEMO_PJAN(1.0),Population on 1 January by age and sex,A,Annual,NR,Number,TOTAL,Total,T,Total,SE,Sweden,2016,,9851017,,,,,
dataflow,ESTAT:DEMO_PJAN(1.0),Population on 1 January by age and sex,A,Annual,NR,Number,TOTAL,Total,T,Total,SE,Sweden,2017,,9995153,,,,,
dataflow,ESTAT:DEMO_PJAN(1.0),Population on 1 January by age and sex,A,Annual,NR,Number,TOTAL,Total,T,Total,SE,Sweden,2018,,10120242,,,,,
dataflow,ESTAT:DEMO_PJAN(1.0),Population on 1 January by age and sex,A,Annual,NR,Number,TOTAL,Total,T,Total,SE,Sweden,2019,,10230185,,,,,
dataflow,ESTAT:DEMO_PJAN(1.0),Population on 1 January by age and sex,A,Annual,NR,Number,TOTAL,Total,T,Total,SE,Sweden,2020,,10327589,,,,,
dataflow,ESTAT:DEMO_PJAN(1.0),Population on 1 January by age and sex,A,Annual,NR,Number,TOTAL,Total,T,Total,SE,Sweden,2021,,10379295,,,,,
dataflow,ESTAT:DEMO_PJAN(1.0),Population on 1 January by age and sex,A,Annual,NR,Number,TOTAL,Total,T,Total,SE,Sweden,2022,,10452326,,,,,
dataflow,ESTAT:DEMO_PJAN(1.0),Population on 1 January by age and sex,A,Annual,NR,Number,TOTAL,Total,T,Total,SE,Sweden,2023,,10521556,,,,,
dataflow,ESTAT:DEMO_PJAN(1.0),Population on 1 January by age and sex,A,Annual,NR,Number,TOTAL,Total,T,Total,SE,Sweden,2024,,10551707,,,,,
dataflow,ESTAT:DEMO_PJAN(1.0),Population on 1 January by age and sex,A,Annual,NR,Number,TOTAL,Total,T,Total,SE,Sweden,2025,,10587710,,,,,
dataflow,ESTAT:DEMO_PJAN(1.0),Population on 1 January by age and sex,A,Annual,NR,Number,TOTAL,Total,T,Total,SI,Slovenia,1990,,1996377,,,,,
dataflow,ESTAT:DEMO_PJAN(1.0),Population on 1 January by age and sex,A,Annual,NR,Number,TOTAL,Total,T,Total,SI,Slovenia,1991,,1999945,,,,,
dataflow,ESTAT:DEMO_PJAN(1.0),Population on 1 January by age and sex,A,Annual,NR,Number,TOTAL,Total,T,Total,SI,Slovenia,1992,,1998912,,,,,
dataflow,ESTAT:DEMO_PJAN(1.0),Population on 1 January by age and sex,A,Annual,NR,Number,TOTAL,Total,T,Total,SI,Slovenia,1993,,1994084,,,,,
dataflow,ESTAT:DEMO_PJAN(1.0),Population on 1 January by age and sex,A,Annual,NR,Number,TOTAL,Total,T,Total,SI,Slovenia,1994,,1989408,,,,,
dataflow,ESTAT:DEMO_PJAN(1.0),Population on 1 January by age and sex,A,Annual,NR,Number,TOTAL,Total,T,Total,SI,Slovenia,1995,,1989477,,,,,
dataflow,ESTAT:DEMO_PJAN(1.0),Population on 1 January by age and sex,A,Annual,NR,Number,TOTAL,Total,T,Total,SI,Slovenia,1996,,1990266,,,,,
dataflow,ESTAT:DEMO_PJAN(1.0),Population on 1 January by age and sex,A,Annual,NR,Number,TOTAL,Total,T,Total,SI,Slovenia,1997,,1986989,,,,,
dataflow,ESTAT:DEMO_PJAN(1.0),Population on 1 January by age and sex,A,Annual,NR,Number,TOTAL,Total,T,Total,SI,Slovenia,1998,,1984923,,,,,
dataflow,ESTAT:DEMO_PJAN(1.0),Population on 1 January by age and sex,A,Annual,NR,Number,TOTAL,Total,T,Total,SI,Slovenia,1999,,1978334,,,,,
dataflow,ESTAT:DEMO_PJAN(1.0),Population on 1 January by age and sex,A,Annual,NR,Number,TOTAL,Total,T,Total,SI,Slovenia,2000,,1987755,,,,,
dataflow,ESTAT:DEMO_PJAN(1.0),Population on 1 January by age and sex,A,Annual,NR,Number,TOTAL,Total,T,Total,SI,Slovenia,2001,,1990094,,,,,
dataflow,ESTAT:DEMO_PJAN(1.0),Population on 1 January by age and sex,A,Annual,NR,Number,TOTAL,Total,T,Total,SI,Slovenia,2002,,1994026,,,,,
dataflow,ESTAT:DEMO_PJAN(1.0),Population on 1 January by age and sex,A,Annual,NR,Number,TOTAL,Total,T,Total,SI,Slovenia,2003,,1995033,,,,,
dataflow,ESTAT:DEMO_PJAN(1.0),Population on 1 January by age and sex,A,Annual,NR,Number,TOTAL,Total,T,Total,SI,Slovenia,2004,,1996433,,,,,
dataflow,ESTAT:DEMO_PJAN(1.0),Population on 1 January by age and sex,A,Annual,NR,Number,TOTAL,Total,T,Total,SI,Slovenia,2005,,1997590,,,,,
dataflow,ESTAT:DEMO_PJAN(1.0),Population on 1 January by age and sex,A,Annual,NR,Number,TOTAL,Total,T,Total,SI,Slovenia,2006,,2003358,,,,,
dataflow,ESTAT:DEMO_PJAN(1.0),Population on 1 January by age and sex,A,Annual,NR,Number,TOTAL,Total,T,Total,SI,Slovenia,2007,,2010377,,,,,
dataflow,ESTAT:DEMO_PJAN(1.0),Population on 1 January by age and sex,A,Annual,NR,Number,TOTAL,Total,T,Total,SI,Slovenia,2008,,2010269,,b,break in time series,,
dataflow,ESTAT:DEMO_PJAN(1.0),Population on 1 January by age and sex,A,Annual,NR,Number,TOTAL,Total,T,Total,SI,Slovenia,2009,,2032362,,,,,
dataflow,ESTAT:DEMO_PJAN(1.0),Population on 1 January by age and sex,A,Annual,NR,Number,TOTAL,Total,T,Total,SI,Slovenia,2010,,2046976,,,,,
dataflow,ESTAT:DEMO_PJAN(1.0),Population on 1 January by age and sex,A,Annual,NR,Number,TOTAL,Total,T,Total,SI,Slovenia,2011,,2050189,,,,,
dataflow,ESTAT:DEMO_PJAN(1.0),Population on 1 January by age and sex,A,Annual,NR,Number,TOTAL,Total,T,Total,SI,Slovenia,2012,,2055496,,,,,
dataflow,ESTAT:DEMO_PJAN(1.0),Population on 1 January by age and sex,A,Annual,NR,Number,TOTAL,Total,T,Total,SI,Slovenia,2013,,2058821,,,,,
dataflow,ESTAT:DEMO_PJAN(1.0),Population on 1 January by age and sex,A,Annual,NR,Number,TOTAL,Total,T,Total,SI,Slovenia,2014,,2061085,,,,,
dataflow,ESTAT:DEMO_PJAN(1.0),Population on 1 January by age and sex,A,Annual,NR,Number,TOTAL,Total,T,Total,SI,Slovenia,2015,,2062874,,,,,
dataflow,ESTAT:DEMO_PJAN(1.0),Population on 1 January by age and sex,A,Annual,NR,Number,TOTAL,Total,T,Total,SI,Slovenia,2016,,2064188,,,,,
dataflow,ESTAT:DEMO_PJAN(1.0),Population on 1 January by age and sex,A,Annual,NR,Number,TOTAL,Total,T,Total,SI,Slovenia,2017,,2065895,,,,,
dataflow,ESTAT:DEMO_PJAN(1.0),Population on 1 January by age and sex,A,Annual,NR,Number,TOTAL,Total,T,Total,SI,Slovenia,2018,,2066880,,,,,
dataflow,ESTAT:DEMO_PJAN(1.0),Population on 1 January by age and sex,A,Annual,NR,Number,TOTAL,Total,T,Total,SI,Slovenia,2019,,2080908,,,,,
dataflow,ESTAT:DEMO_PJAN(1.0),Population on 1 January by age and sex,A,Annual,NR,Number,TOTAL,Total,T,Total,SI,Slovenia,2020,,2095861,,,,,
dataflow,ESTAT:DEMO_PJAN(1.0),Population on 1 January by age and sex,A,Annual,NR,Number,TOTAL,Total,T,Total,SI,Slovenia,2021,,2108977,,,,,
dataflow,ESTAT:DEMO_PJAN(1.0),Population on 1 January by age and sex,A,Annual,NR,Number,TOTAL,Total,T,Total,SI,Slovenia,2022,,2107180,,,,,
dataflow,ESTAT:DEMO_PJAN(1.0),Population on 1 January by age and sex,A,Annual,NR,Number,TOTAL,Total,T,Total,SI,Slovenia,2023,,2116972,,,,,
dataflow,ESTAT:DEMO_PJAN(1.0),Population on 1 January by age and sex,A,Annual,NR,Number,TOTAL,Total,T,Total,SI,Slovenia,2024,,2123949,,,,,
dataflow,ESTAT:DEMO_PJAN(1.0),Population on 1 January by age and sex,A,Annual,NR,Number,TOTAL,Total,T,Total,SI,Slovenia,2025,,2130850,,,,,
dataflow,ESTAT:DEMO_PJAN(1.0),Population on 1 January by age and sex,A,Annual,NR,Number,TOTAL,Total,T,Total,SK,Slovakia,1990,,5287663,,,,,
dataflow,ESTAT:DEMO_PJAN(1.0),Population on 1 January by age and sex,A,Annual,NR,Number,TOTAL,Total,T,Total,SK,Slovakia,1991,,5310711,,,,,
dataflow,ESTAT:DEMO_PJAN(1.0),Population on 1 January by age and sex,A,Annual,NR,Number,TOTAL,Total,T,Total,SK,Slovakia,1992,,5295877,,,,,
dataflow,ESTAT:DEMO_PJAN(1.0),Population on 1 January by age and sex,A,Annual,NR,Number,TOTAL,Total,T,Total,SK,Slovakia,1993,,5314155,,,,,
dataflow,ESTAT:DEMO_PJAN(1.0),Population on 1 January by age and sex,A,Annual,NR,Number,TOTAL,Total,T,Total,SK,Slovakia,1994,,5336455,,,,,
dataflow,ESTAT:DEMO_PJAN(1.0),Population on 1 January by age and sex,A,Annual,NR,Number,TOTAL,Total,T,Total,SK,Slovakia,1995,,5356207,,,,,
dataflow,ESTAT:DEMO_PJAN(1.0),Population on 1 January by age and sex,A,Annual,NR,Number,TOTAL,Total,T,Total,SK,Slovakia,1996,,5367790,,,,,
dataflow,ESTAT:DEMO_PJAN(1.0),Population on 1 January by age and sex,A,Annual,NR,Number,TOTAL,Total,T,Total,SK,Slovakia,1997,,5378932,,,,,
dataflow,ESTAT:DEMO_PJAN(1.0),Population on 1 January by age and sex,A,Annual,NR,Number,TOTAL,Total,T,Total,SK,Slovakia,1998,,5387650,,,,,
dataflow,ESTAT:DEMO_PJAN(1.0),Population on 1 January by age and sex,A,Annual,NR,Number,TOTAL,Total,T,Total,SK,Slovakia,1999,,5393382,,,,,
dataflow,ESTAT:DEMO_PJAN(1.0),Population on 1 January by age and sex,A,Annual,NR,Number,TOTAL,Total,T,Total,SK,Slovakia,2000,,5398657,,,,,
dataflow,ESTAT:DEMO_PJAN(1.0),Population on 1 January by age and sex,A,Annual,NR,Number,TOTAL,Total,T,Total,SK,Slovakia,2001,,5378783,,,,,
dataflow,ESTAT:DEMO_PJAN(1.0),Population on 1 January by age and sex,A,Annual,NR,Number,TOTAL,Total,T,Total,SK,Slovakia,2002,,5378951,,,,,
dataflow,ESTAT:DEMO_PJAN(1.0),Population on 1 January by age and sex,A,Annual,NR,Number,TOTAL,Total,T,Total,SK,Slovakia,2003,,5374873,,,,,
dataflow,ESTAT:DEMO_PJAN(1.0),Population on 1 January by age and sex,A,Annual,NR,Number,TOTAL,Total,T,Total,SK,Slovakia,2004,,5371875,,,,,
dataflow,ESTAT:DEMO_PJAN(1.0),Population on 1 January by age and sex,A,Annual,NR,Number,TOTAL,Total,T,Total,SK,Slovakia,2005,,5372685,,,,,
dataflow,ESTAT:DEMO_PJAN(1.0),Population on 1 January by age and sex,A,Annual,NR,Number,TOTAL,Total,T,Total,SK,Slovakia,2006,,5372928,,,,,
dataflow,ESTAT:DEMO_PJAN(1.0),Population on 1 January by age and sex,A,Annual,NR,Number,TOTAL,Total,T,Total,SK,Slovakia,2007,,5373180,,,,,
dataflow,ESTAT:DEMO_PJAN(1.0),Population on 1 January by age and sex,A,Annual,NR,Number,TOTAL,Total,T,Total,SK,Slovakia,2008,,5376064,,,,,
dataflow,ESTAT:DEMO_PJAN(1.0),Population on 1 January by age and sex,A,Annual,NR,Number,TOTAL,Total,T,Total,SK,Slovakia,2009,,5382401,,,,,
dataflow,ESTAT:DEMO_PJAN(1.0),Population on 1 January by age and sex,A,Annual,NR,Number,TOTAL,Total,T,Total,SK,Slovakia,2010,,5390410,,,,,
dataflow,ESTAT:DEMO_PJAN(1.0),Population on 1 January by age and sex,A,Annual,NR,Number,TOTAL,Total,T,Total,SK,Slovakia,2011,,5392446,,,,,
dataflow,ESTAT:DEMO_PJAN(1.0),Population on 1 January by age and sex,A,Annual,NR,Number,TOTAL,Total,T,Total,SK,Slovakia,2012,,5404322,,,,,
dataflow,ESTAT:DEMO_PJAN(1.0),Population on 1 January by age and sex,A,Annual,NR,Number,TOTAL,Total,T,Total,SK,Slovakia,2013,,5410836,,,,,
dataflow,ESTAT:DEMO_PJAN(1.0),Population on 1 January by age and sex,A,Annual,NR,Number,TOTAL,Total,T,Total,SK,Slovakia,2014,,5415949,,,,,
dataflow,ESTAT:DEMO_PJAN(1.0),Population on 1 January by age and sex,A,Annual,NR,Number,TOTAL,Total,T,Total,SK,Slovakia,2015,,5421349,,,,,
dataflow,ESTAT:DEMO_PJAN(1.0),Population on 1 January by age and sex,A,Annual,NR,Number,TOTAL,Total,T,Total,SK,Slovakia,2016,,5426252,,,,,
dataflow,ESTAT:DEMO_PJAN(1.0),Population on 1 January by age and sex,A,Annual,NR,Number,TOTAL,Total,T,Total,SK,Slovakia,2017,,5435343,,,,,
dataflow,ESTAT:DEMO_PJAN(1.0),Population on 1 January by age and sex,A,Annual,NR,Number,TOTAL,Total,T,Total,SK,Slovakia,2018,,5443120,,,,,
dataflow,ESTAT:DEMO_PJAN(1.0),Population on 1 January by age and sex,A,Annual,NR,Number,TOTAL,Total,T,Total,SK,Slovakia,2019,,5450421,,,,,
dataflow,ESTAT:DEMO_PJAN(1.0),Population on 1 January by age and sex,A,Annual,NR,Number,TOTAL,Total,T,Total,SK,Slovakia,2020,,5457873,,,,,
dataflow,ESTAT:DEMO_PJAN(1.0),Population on 1 January by age and sex,A,Annual,NR,Number,TOTAL,Total,T,Total,SK,Slovakia,2021,,5459781,,,,,
dataflow,ESTAT:DEMO_PJAN(1.0),Population on 1 January by age and sex,A,Annual,NR,Number,TOTAL,Total,T,Total,SK,Slovakia,2022,,5434712,,,,,
dataflow,ESTAT:DEMO_PJAN(1.0),Population on 1 January by age and sex,A,Annual,NR,Number,TOTAL,Total,T,Total,SK,Slovakia,2023,,5428792,,,,,
dataflow,ESTAT:DEMO_PJAN(1.0),Population on 1 January by age and sex,A,Annual,NR,Number,TOTAL,Total,T,Total,SK,Slovakia,2024,,5424687,,,,,
dataflow,ESTAT:DEMO_PJAN(1.0),Population on 1 January by age and sex,A,Annual,NR,Number,TOTAL,Total,T,Total,SK,Slovakia,2025,,5419451,,,,,
dataflow,ESTAT:DEMO_PJAN(1.0),Population on 1 January by age and sex,A,Annual,NR,Number,TOTAL,Total,T,Total,SM,San Marino,2004,,29241,,,,,
dataflow,ESTAT:DEMO_PJAN(1.0),Population on 1 January by age and sex,A,Annual,NR,Number,TOTAL,Total,T,Total,SM,San Marino,2005,,29673,,,,,
dataflow,ESTAT:DEMO_PJAN(1.0),Population on 1 January by age and sex,A,Annual,NR,Number,TOTAL,Total,T,Total,SM,San Marino,2006,,29999,,,,,
dataflow,ESTAT:DEMO_PJAN(1.0),Population on 1 January by age and sex,A,Annual,NR,Number,TOTAL,Total,T,Total,SM,San Marino,2007,,30368,,,,,
dataflow,ESTAT:DEMO_PJAN(1.0),Population on 1 January by age and sex,A,Annual,NR,Number,TOTAL,Total,T,Total,SM,San Marino,2008,,32054,,,,,
dataflow,ESTAT:DEMO_PJAN(1.0),Population on 1 January by age and sex,A,Annual,NR,Number,TOTAL,Total,T,Total,SM,San Marino,2009,,31269,,,,,
dataflow,ESTAT:DEMO_PJAN(1.0),Population on 1 January by age and sex,A,Annual,NR,Number,TOTAL,Total,T,Total,SM,San Marino,2011,,31863,,,,,
dataflow,ESTAT:DEMO_PJAN(1.0),Population on 1 January by age and sex,A,Annual,NR,Number,TOTAL,Total,T,Total,SM,San Marino,2012,,33376,,,,,
dataflow,ESTAT:DEMO_PJAN(1.0),Population on 1 January by age and sex,A,Annual,NR,Number,TOTAL,Total,T,Total,SM,San Marino,2013,,33562,,,,,
dataflow,ESTAT:DEMO_PJAN(1.0),Population on 1 January by age and sex,A,Annual,NR,Number,TOTAL,Total,T,Total,SM,San Marino,2018,,34453,,,,,
dataflow,ESTAT:DEMO_PJAN(1.0),Population on 1 January by age and sex,A,Annual,NR,Number,TOTAL,Total,T,Total,TR,Türkiye,1990,,55494711,,,,,
dataflow,ESTAT:DEMO_PJAN(1.0),Population on 1 January by age and sex,A,Annual,NR,Number,TOTAL,Total,T,Total,TR,Türkiye,1991,,56714051,,,,,
dataflow,ESTAT:DEMO_PJAN(1.0),Population on 1 January by age and sex,A,Annual,NR,Number,TOTAL,Total,T,Total,TR,Türkiye,1992,,57835076,,,,,
dataflow,ESTAT:DEMO_PJAN(1.0),Population on 1 January by age and sex,A,Annual,NR,Number,TOTAL,Total,T,Total,TR,Türkiye,1993,,58958565,,,,,
dataflow,ESTAT:DEMO_PJAN(1.0),Population on 1 January by age and sex,A,Annual,NR,Number,TOTAL,Total,T,Total,TR,Türkiye,1994,,60079060,,,,,
dataflow,ESTAT:DEMO_PJAN(1.0),Population on 1 January by age and sex,A,Annual,NR,Number,TOTAL,Total,T,Total,TR,Türkiye,1995,,61203584,,,,,
dataflow,ESTAT:DEMO_PJAN(1.0),Population on 1 January by age and sex,A,Annual,NR,Number,TOTAL,Total,T,Total,TR,Türkiye,1996,,62337617,,,,,
dataflow,ESTAT:DEMO_PJAN(1.0),Population on 1 January by age and sex,A,Annual,NR,Number,TOTAL,Total,T,Total,TR,Türkiye,1997,,63484661,,,,,
dataflow,ESTAT:DEMO_PJAN(1.0),Population on 1 January by age and sex,A,Annual,NR,Number,TOTAL,Total,T,Total,TR,Türkiye,1998,,64641675,,,,,
dataflow,ESTAT:DEMO_PJAN(1.0),Population on 1 January by age and sex,A,Annual,NR,Number,TOTAL,Total,T,Total,TR,Türkiye,1999,,65786563,,,,,
dataflow,ESTAT:DEMO_PJAN(1.0),Population on 1 January by age and sex,A,Annual,NR,Number,TOTAL,Total,T,Total,TR,Türkiye,2000,,66889425,,,,,
dataflow,ESTAT:DEMO_PJAN(1.0),Population on 1 January by age and sex,A,Annual,NR,Number,TOTAL,Total,T,Total,TR,Türkiye,2001,,64729501,,b,break in time series,,
dataflow,ESTAT:DEMO_PJAN(1.0),Population on 1 January by age and sex,A,Annual,NR,Number,TOTAL,Total,T,Total,TR,Türkiye,2002,,65603160,,,,,
dataflow,ESTAT:DEMO_PJAN(1.0),Population on 1 January by age and sex,A,Annual,NR,Number,TOTAL,Total,T,Total,TR,Türkiye,2003,,66401851,,,,,
dataflow,ESTAT:DEMO_PJAN(1.0),Population on 1 January by age and sex,A,Annual,NR,Number,TOTAL,Total,T,Total,TR,Türkiye,2004,,67187251,,,,,
dataflow,ESTAT:DEMO_PJAN(1.0),Population on 1 January by age and sex,A,Annual,NR,Number,TOTAL,Total,T,Total,TR,Türkiye,2005,,68010221,,,,,
dataflow,ESTAT:DEMO_PJAN(1.0),Population on 1 January by age and sex,A,Annual,NR,Number,TOTAL,Total,T,Total,TR,Türkiye,2006,,68860539,,,,,
dataflow,ESTAT:DEMO_PJAN(1.0),Population on 1 January by age and sex,A,Annual,NR,Number,TOTAL,Total,T,Total,TR,Türkiye,2007,,69729967,,,,,
dataflow,ESTAT:DEMO_PJAN(1.0),Population on 1 January by age and sex,A,Annual,NR,Number,TOTAL,Total,T,Total,TR,Türkiye,2008,,70586256,,,,,
dataflow,ESTAT:DEMO_PJAN(1.0),Population on 1 January by age and sex,A,Annual,NR,Number,TOTAL,Total,T,Total,TR,Türkiye,2009,,71517100,,,,,
dataflow,ESTAT:DEMO_PJAN(1.0),Population on 1 January by age and sex,A,Annual,NR,Number,TOTAL,Total,T,Total,TR,Türkiye,2010,,72561312,,,,,
dataflow,ESTAT:DEMO_PJAN(1.0),Population on 1 January by age and sex,A,Annual,NR,Number,TOTAL,Total,T,Total,TR,Türkiye,2011,,73722988,,,,,
dataflow,ESTAT:DEMO_PJAN(1.0),Population on 1 January by age and sex,A,Annual,NR,Number,TOTAL,Total,T,Total,TR,Türkiye,2012,,74724269,,,,,
dataflow,ESTAT:DEMO_PJAN(1.0),Population on 1 January by age and sex,A,Annual,NR,Number,TOTAL,Total,T,Total,TR,Türkiye,2013,,75627384,,,,,
dataflow,ESTAT:DEMO_PJAN(1.0),Population on 1 January by age and sex,A,Annual,NR,Number,TOTAL,Total,T,Total,TR,Türkiye,2014,,76667864,,,,,
dataflow,ESTAT:DEMO_PJAN(1.0),Population on 1 January by age and sex,A,Annual,NR,Number,TOTAL,Total,T,Total,TR,Türkiye,2015,,77695904,,,,,
dataflow,ESTAT:DEMO_PJAN(1.0),Population on 1 January by age and sex,A,Annual,NR,Number,TOTAL,Total,T,Total,TR,Türkiye,2016,,78741053,,,,,
dataflow,ESTAT:DEMO_PJAN(1.0),Population on 1 January by age and sex,A,Annual,NR,Number,TOTAL,Total,T,Total,TR,Türkiye,2017,,79814871,,,,,
dataflow,ESTAT:DEMO_PJAN(1.0),Population on 1 January by age and sex,A,Annual,NR,Number,TOTAL,Total,T,Total,TR,Türkiye,2018,,80810525,,,,,
dataflow,ESTAT:DEMO_PJAN(1.0),Population on 1 January by age and sex,A,Annual,NR,Number,TOTAL,Total,T,Total,TR,Türkiye,2019,,82003882,,,,,
dataflow,ESTAT:DEMO_PJAN(1.0),Population on 1 January by age and sex,A,Annual,NR,Number,TOTAL,Total,T,Total,TR,Türkiye,2020,,83154997,,,,,
dataflow,ESTAT:DEMO_PJAN(1.0),Population on 1 January by age and sex,A,Annual,NR,Number,TOTAL,Total,T,Total,TR,Türkiye,2021,,83614362,,,,,
dataflow,ESTAT:DEMO_PJAN(1.0),Population on 1 January by age and sex,A,Annual,NR,Number,TOTAL,Total,T,Total,TR,Türkiye,2022,,84680273,,,,,
dataflow,ESTAT:DEMO_PJAN(1.0),Population on 1 January by age and sex,A,Annual,NR,Number,TOTAL,Total,T,Total,TR,Türkiye,2023,,85279553,,,,,
dataflow,ESTAT:DEMO_PJAN(1.0),Population on 1 January by age and sex,A,Annual,NR,Number,TOTAL,Total,T,Total,TR,Türkiye,2024,,85372377,,,,,
dataflow,ESTAT:DEMO_PJAN(1.0),Population on 1 January by age and sex,A,Annual,NR,Number,TOTAL,Total,T,Total,TR,Türkiye,2025,,85664944,,,,,
dataflow,ESTAT:DEMO_PJAN(1.0),Population on 1 January by age and sex,A,Annual,NR,Number,TOTAL,Total,T,Total,UA,Ukraine,2000,,49114950,,,,,
dataflow,ESTAT:DEMO_PJAN(1.0),Population on 1 January by age and sex,A,Annual,NR,Number,TOTAL,Total,T,Total,UA,Ukraine,2001,,48663609,,,,,
dataflow,ESTAT:DEMO_PJAN(1.0),Population on 1 January by age and sex,A,Annual,NR,Number,TOTAL,Total,T,Total,UA,Ukraine,2002,,48240902,,,,,
dataflow,ESTAT:DEMO_PJAN(1.0),Population on 1 January by age and sex,A,Annual,NR,Number,TOTAL,Total,T,Total,UA,Ukraine,2003,,47823108,,,,,
dataflow,ESTAT:DEMO_PJAN(1.0),Population on 1 January by age and sex,A,Annual,NR,Number,TOTAL,Total,T,Total,UA,Ukraine,2004,,47442079,,,,,
dataflow,ESTAT:DEMO_PJAN(1.0),Population on 1 January by age and sex,A,Annual,NR,Number,TOTAL,Total,T,Total,UA,Ukraine,2005,,47100462,,,,,
dataflow,ESTAT:DEMO_PJAN(1.0),Population on 1 January by age and sex,A,Annual,NR,Number,TOTAL,Total,T,Total,UA,Ukraine,2006,,46749170,,,,,
dataflow,ESTAT:DEMO_PJAN(1.0),Population on 1 January by age and sex,A,Annual,NR,Number,TOTAL,Total,T,Total,UA,Ukraine,2007,,46465691,,,,,
dataflow,ESTAT:DEMO_PJAN(1.0),Population on 1 January by age and sex,A,Annual,NR,Number,TOTAL,Total,T,Total,UA,Ukraine,2008,,46192309,,,,,
dataflow,ESTAT:DEMO_PJAN(1.0),Population on 1 January by age and sex,A,Annual,NR,Number,TOTAL,Total,T,Total,UA,Ukraine,2009,,45963359,,,,,
dataflow,ESTAT:DEMO_PJAN(1.0),Population on 1 January by age and sex,A,Annual,NR,Number,TOTAL,Total,T,Total,UA,Ukraine,2010,,45782592,,,,,
dataflow,ESTAT:DEMO_PJAN(1.0),Population on 1 January by age and sex,A,Annual,NR,Number,TOTAL,Total,T,Total,UA,Ukraine,2011,,45598179,,,,,
dataflow,ESTAT:DEMO_PJAN(1.0),Population on 1 January by age and sex,A,Annual,NR,Number,TOTAL,Total,T,Total,UA,Ukraine,2012,,45453282,,,,,
dataflow,ESTAT:DEMO_PJAN(1.0),Population on 1 January by age and sex,A,Annual,NR,Number,TOTAL,Total,T,Total,UA,Ukraine,2013,,45372692,,,,,
dataflow,ESTAT:DEMO_PJAN(1.0),Population on 1 January by age and sex,A,Annual,NR,Number,TOTAL,Total,T,Total,UA,Ukraine,2014,,45245894,,,,,
dataflow,ESTAT:DEMO_PJAN(1.0),Population on 1 January by age and sex,A,Annual,NR,Number,TOTAL,Total,T,Total,UA,Ukraine,2015,,42759661,,b,break in time series,,
dataflow,ESTAT:DEMO_PJAN(1.0),Population on 1 January by age and sex,A,Annual,NR,Number,TOTAL,Total,T,Total,UA,Ukraine,2016,,42590879,,,,,
dataflow,ESTAT:DEMO_PJAN(1.0),Population on 1 January by age and sex,A,Annual,NR,Number,TOTAL,Total,T,Total,UA,Ukraine,2017,,42414905,,,,,
dataflow,ESTAT:DEMO_PJAN(1.0),Population on 1 January by age and sex,A,Annual,NR,Number,TOTAL,Total,T,Total,UA,Ukraine,2018,,42216766,,,,,
dataflow,ESTAT:DEMO_PJAN(1.0),Population on 1 January by age and sex,A,Annual,NR,Number,TOTAL,Total,T,Total,UA,Ukraine,2019,,41983564,,,,,
dataflow,ESTAT:DEMO_PJAN(1.0),Population on 1 January by age and sex,A,Annual,NR,Number,TOTAL,Total,T,Total,UA,Ukraine,2020,,41732779,,,,,
dataflow,ESTAT:DEMO_PJAN(1.0),Population on 1 January by age and sex,A,Annual,NR,Number,TOTAL,Total,T,Total,UA,Ukraine,2021,,41418717,,,,,
dataflow,ESTAT:DEMO_PJAN(1.0),Population on 1 January by age and sex,A,Annual,NR,Number,TOTAL,Total,T,Total,UA,Ukraine,2022,,40997698,,,,,
dataflow,ESTAT:DEMO_PJAN(1.0),Population on 1 January by age and sex,A,Annual,NR,Number,TOTAL,Total,T,Total,UK,United Kingdom,1990,,57156972,,,,,
dataflow,ESTAT:DEMO_PJAN(1.0),Population on 1 January by age and sex,A,Annual,NR,Number,TOTAL,Total,T,Total,UK,United Kingdom,1991,,57338199,,,,,
dataflow,ESTAT:DEMO_PJAN(1.0),Population on 1 January by age and sex,A,Annual,NR,Number,TOTAL,Total,T,Total,UK,United Kingdom,1992,,57511594,,,,,
dataflow,ESTAT:DEMO_PJAN(1.0),Population on 1 January by age and sex,A,Annual,NR,Number,TOTAL,Total,T,Total,UK,United Kingdom,1993,,57649210,,,,,
dataflow,ESTAT:DEMO_PJAN(1.0),Population on 1 January by age and sex,A,Annual,NR,Number,TOTAL,Total,T,Total,UK,United Kingdom,1994,,57788017,,,,,
dataflow,ESTAT:DEMO_PJAN(1.0),Population on 1 January by age and sex,A,Annual,NR,Number,TOTAL,Total,T,Total,UK,United Kingdom,1995,,57943472,,,,,
dataflow,ESTAT:DEMO_PJAN(1.0),Population on 1 January by age and sex,A,Annual,NR,Number,TOTAL,Total,T,Total,UK,United Kingdom,1996,,58094587,,,,,
dataflow,ESTAT:DEMO_PJAN(1.0),Population on 1 January by age and sex,A,Annual,NR,Number,TOTAL,Total,T,Total,UK,United Kingdom,1997,,58239312,,,,,
dataflow,ESTAT:DEMO_PJAN(1.0),Population on 1 January by age and sex,A,Annual,NR,Number,TOTAL,Total,T,Total,UK,United Kingdom,1998,,58394596,,,,,
dataflow,ESTAT:DEMO_PJAN(1.0),Population on 1 January by age and sex,A,Annual,NR,Number,TOTAL,Total,T,Total,UK,United Kingdom,1999,,58579685,,,,,
dataflow,ESTAT:DEMO_PJAN(1.0),Population on 1 January by age and sex,A,Annual,NR,Number,TOTAL,Total,T,Total,UK,United Kingdom,2000,,58785246,,,,,
dataflow,ESTAT:DEMO_PJAN(1.0),Population on 1 January by age and sex,A,Annual,NR,Number,TOTAL,Total,T,Total,UK,United Kingdom,2001,,58999781,,,,,
dataflow,ESTAT:DEMO_PJAN(1.0),Population on 1 January by age and sex,A,Annual,NR,Number,TOTAL,Total,T,Total,UK,United Kingdom,2002,,59239564,,,,,
dataflow,ESTAT:DEMO_PJAN(1.0),Population on 1 January by age and sex,A,Annual,NR,Number,TOTAL,Total,T,Total,UK,United Kingdom,2003,,59501394,,,,,
dataflow,ESTAT:DEMO_PJAN(1.0),Population on 1 January by age and sex,A,Annual,NR,Number,TOTAL,Total,T,Total,UK,United Kingdom,2004,,59793759,,,,,
dataflow,ESTAT:DEMO_PJAN(1.0),Population on 1 January by age and sex,A,Annual,NR,Number,TOTAL,Total,T,Total,UK,United Kingdom,2005,,60182050,,,,,
dataflow,ESTAT:DEMO_PJAN(1.0),Population on 1 January by age and sex,A,Annual,NR,Number,TOTAL,Total,T,Total,UK,United Kingdom,2006,,60620361,,,,,
dataflow,ESTAT:DEMO_PJAN(1.0),Population on 1 January by age and sex,A,Annual,NR,Number,TOTAL,Total,T,Total,UK,United Kingdom,2007,,61073279,,,,,
dataflow,ESTAT:DEMO_PJAN(1.0),Population on 1 January by age and sex,A,Annual,NR,Number,TOTAL,Total,T,Total,UK,United Kingdom,2008,,61571647,,,,,
dataflow,ESTAT:DEMO_PJAN(1.0),Population on 1 January by age and sex,A,Annual,NR,Number,TOTAL,Total,T,Total,UK,United Kingdom,2009,,62042343,,,,,
dataflow,ESTAT:DEMO_PJAN(1.0),Population on 1 January by age and sex,A,Annual,NR,Number,TOTAL,Total,T,Total,UK,United Kingdom,2010,,62510197,,,,,
dataflow,ESTAT:DEMO_PJAN(1.0),Population on 1 January by age and sex,A,Annual,NR,Number,TOTAL,Total,T,Total,UK,United Kingdom,2011,,63022532,,,,,
dataflow,ESTAT:DEMO_PJAN(1.0),Population on 1 January by age and sex,A,Annual,NR,Number,TOTAL,Total,T,Total,UK,United Kingdom,2012,,63495088,,,,,
dataflow,ESTAT:DEMO_PJAN(1.0),Population on 1 January by age and sex,A,Annual,NR,Number,TOTAL,Total,T,Total,UK,United Kingdom,2013,,63905342,,,,,
dataflow,ESTAT:DEMO_PJAN(1.0),Population on 1 January by age and sex,A,Annual,NR,Number,TOTAL,Total,T,Total,UK,United Kingdom,2014,,64351203,,,,,
dataflow,ESTAT:DEMO_PJAN(1.0),Population on 1 January by age and sex,A,Annual,NR,Number,TOTAL,Total,T,Total,UK,United Kingdom,2015,,64853393,,,,,
dataflow,ESTAT:DEMO_PJAN(1.0),Population on 1 January by age and sex,A,Annual,NR,Number,TOTAL,Total,T,Total,UK,United Kingdom,2016,,65379044,,,,,
dataflow,ESTAT:DEMO_PJAN(1.0),Population on 1 January by age and sex,A,Annual,NR,Number,TOTAL,Total,T,Total,UK,United Kingdom,2017,,65844142,,,,,
dataflow,ESTAT:DEMO_PJAN(1.0),Population on 1 January by age and sex,A,Annual,NR,Number,TOTAL,Total,T,Total,UK,United Kingdom,2018,,66273576,,,,,
dataflow,ESTAT:DEMO_PJAN(1.0),Population on 1 January by age and sex,A,Annual,NR,Number,TOTAL,Total,T,Total,UK,United Kingdom,2019,,66647112,,,,,
dataflow,ESTAT:DEMO_PJAN(1.0),Population on 1 January by age and sex,A,Annual,NR,Number,TOTAL,Total,T,Total,UK,United Kingdom,2020,,67025542,,p,provisional,,
dataflow,ESTAT:DEMO_PJAN(1.0),Population on 1 January by age and sex,A,Annual,NR,Number,TOTAL,Total,T,Total,XK,Kosovo*,2003,,1985000,,,,,
dataflow,ESTAT:DEMO_PJAN(1.0),Population on 1 January by age and sex,A,Annual,NR,Number,TOTAL,Total,T,Total,XK,Kosovo*,2004,,2016000,,,,,
dataflow,ESTAT:DEMO_PJAN(1.0),Population on 1 January by age and sex,A,Annual,NR,Number,TOTAL,Total,T,Total,XK,Kosovo*,2005,,2041000,,,,,
dataflow,ESTAT:DEMO_PJAN(1.0),Population on 1 January by age and sex,A,Annual,NR,Number,TOTAL,Total,T,Total,XK,Kosovo*,2006,,2100000,,,,,
dataflow,ESTAT:DEMO_PJAN(1.0),Population on 1 January by age and sex,A,Annual,NR,Number,TOTAL,Total,T,Total,XK,Kosovo*,2007,,2126708,,,,,
dataflow,ESTAT:DEMO_PJAN(1.0),Population on 1 January by age and sex,A,Annual,NR,Number,TOTAL,Total,T,Total,XK,Kosovo*,2008,,2153139,,,,,
dataflow,ESTAT:DEMO_PJAN(1.0),Population on 1 January by age and sex,A,Annual,NR,Number,TOTAL,Total,T,Total,XK,Kosovo*,2009,,2180686,,,,,
dataflow,ESTAT:DEMO_PJAN(1.0),Population on 1 January by age and sex,A,Annual,NR,Number,TOTAL,Total,T,Total,XK,Kosovo*,2010,,2208107,,,,,
dataflow,ESTAT:DEMO_PJAN(1.0),Population on 1 January by age and sex,A,Annual,NR,Number,TOTAL,Total,T,Total,XK,Kosovo*,2011,,1794180,,b,break in time series,,
dataflow,ESTAT:DEMO_PJAN(1.0),Population on 1 January by age and sex,A,Annual,NR,Number,TOTAL,Total,T,Total,XK,Kosovo*,2016,,1771604,,p,provisional,,
dataflow,ESTAT:DEMO_PJAN(1.0),Population on 1 January by age and sex,A,Annual,NR,Number,TOTAL,Total,T,Total,XK,Kosovo*,2017,,1783531,,,,,
dataflow,ESTAT:DEMO_PJAN(1.0),Population on 1 January by age and sex,A,Annual,NR,Number,TOTAL,Total,T,Total,XK,Kosovo*,2018,,1798506,,,,,
dataflow,ESTAT:DEMO_PJAN(1.0),Population on 1 January by age and sex,A,Annual,NR,Number,TOTAL,Total,T,Total,XK,Kosovo*,2019,,1795666,,,,,
dataflow,ESTAT:DEMO_PJAN(1.0),Population on 1 January by age and sex,A,Annual,NR,Number,TOTAL,Total,T,Total,XK,Kosovo*,2020,,1782115,,,,,
dataflow,ESTAT:DEMO_PJAN(1.0),Population on 1 January by age and sex,A,Annual,NR,Number,TOTAL,Total,T,Total,XK,Kosovo*,2021,,1798186,,,,,
dataflow,ESTAT:DEMO_PJAN(1.0),Population on 1 January by age and sex,A,Annual,NR,Number,TOTAL,Total,T,Total,XK,Kosovo*,2022,,1773971,,,,,
