STRUCTURE,STRUCTURE_ID,STRUCTURE_NAME,freq,Time frequency,nrg_bal,Energy balance,siec,Standard international energy product classification (SIEC),unit,Unit of measure,geo,Geopolitical entity (reporting),TIME_PERIOD,Time,OBS_VALUE,Observation value,OBS_FLAG,Observation status (Flag) V2 structure,CONF_STATUS,Confidentiality status (flag)
dataflow,ESTAT:NRG_BAL_C(1.0),Complete energy balances,A,Annual,FC_E,Final consumption - energy use,E7000,Electricity,GWH,Gigawatt-hour,AL,Albania,1990,,1682.000,,,,,
dataflow,ESTAT:NRG_BAL_C(1.0),Complete energy balances,A,Annual,FC_E,Final consumption - energy use,E7000,Electricity,GWH,Gigawatt-hour,AL,Albania,1991,,1275.000,,,,,
dataflow,ESTAT:NRG_BAL_C(1.0),Complete energy balances,A,Annual,FC_E,Final consumption - energy use,E7000,Electricity,GWH,Gigawatt-hour,AL,Albania,1992,,1407.000,,,,,
dataflow,ESTAT:NRG_BAL_C(1.0),Complete energy balances,A,Annual,FC_E,Final consumption - energy use,E7000,Electricity,GWH,Gigawatt-hour,AL,Albania,1993,,1650.000,,,,,
dataflow,ESTAT:NRG_BAL_C(1.0),Complete energy balances,A,Annual,FC_E,Final consumption - energy use,E7000,Electricity,GWH,Gigawatt-hour,AL,Albania,1994,,1838.000,,,,,
dataflow,ESTAT:NRG_BAL_C(1.0),Complete energy balances,A,Annual,FC_E,Final consumption - energy use,E7000,Electricity,GWH,Gigawatt-hour,AL,Albania,1995,,2025.000,,,,,
dataflow,ESTAT:NRG_BAL_C(1.0),Complete energy balances,A,Annual,FC_E,Final consumption - energy use,E7000,Electricity,GWH,Gigawatt-hour,AL,Albania,1996,,2762.000,,,,,
dataflow,ESTAT:NRG_BAL_C(1.0),Complete energy balances,A,Annual,FC_E,Final consumption - energy use,E7000,Electricity,GWH,Gigawatt-hour,AL,Albania,1997,,2104.000,,,,,
dataflow,ESTAT:NRG_BAL_C(1.0),Complete energy balances,A,Annual,FC_E,Final consumption - energy use,E7000,Electricity,GWH,Gigawatt-hour,AL,Albania,1998,,2236.000,,,,,
dataflow,ESTAT:NRG_BAL_C(1.0),Complete energy balances,A,Annual,FC_E,Final consumption - energy use,E7000,Electricity,GWH,Gigawatt-hour,AL,Albania,1999,,4320.000,,,,,
dataflow,ESTAT:NRG_BAL_C(1.0),Complete energy balances,A,Annual,FC_E,Final consumption - energy use,E7000,Electricity,GWH,Gigawatt-hour,AL,Albania,2000,,4254.000,,,,,
dataflow,ESTAT:NRG_BAL_C(1.0),Complete energy balances,A,Annual,FC_E,Final consumption - energy use,E7000,Electricity,GWH,Gigawatt-hour,AL,Albania,2001,,4063.000,,,,,
dataflow,ESTAT:NRG_BAL_C(1.0),Complete energy balances,A,Annual,FC_E,Final consumption - energy use,E7000,Electricity,GWH,Gigawatt-hour,AL,Albania,2002,,4453.000,,,,,
dataflow,ESTAT:NRG_BAL_C(1.0),Complete energy balances,A,Annual,FC_E,Final consumption - energy use,E7000,Electricity,GWH,Gigawatt-hour,AL,Albania,2003,,4373.000,,,,,
dataflow,ESTAT:NRG_BAL_C(1.0),Complete energy balances,A,Annual,FC_E,Final consumption - energy use,E7000,Electricity,GWH,Gigawatt-hour,AL,Albania,2004,,5325.000,,,,,
dataflow,ESTAT:NRG_BAL_C(1.0),Complete energy balances,A,Annual,FC_E,Final consumption - energy use,E7000,Electricity,GWH,Gigawatt-hour,AL,Albania,2005,,5163.000,,,,,
dataflow,ESTAT:NRG_BAL_C(1.0),Complete energy balances,A,Annual,FC_E,Final consumption - energy use,E7000,Electricity,GWH,Gigawatt-hour,AL,Albania,2006,,3477.000,,,,,
dataflow,ESTAT:NRG_BAL_C(1.0),Complete energy balances,A,Annual,FC_E,Final consumption - energy use,E7000,Electricity,GWH,Gigawatt-hour,AL,Albania,2007,,3670.000,,,,,
dataflow,ESTAT:NRG_BAL_C(1.0),Complete energy balances,A,Annual,FC_E,Final consumption - energy use,E7000,Electricity,GWH,Gigawatt-hour,AL,Albania,2008,,4618.000,,,,,
dataflow,ESTAT:NRG_BAL_C(1.0),Complete energy balances,A,Annual,FC_E,Final consumption - energy use,E7000,Electricity,GWH,Gigawatt-hour,AL,Albania,2009,,5377.000,,,,,
dataflow,ESTAT:NRG_BAL_C(1.0),Complete energy balances,A,Annual,FC_E,Final consumption - energy use,E7000,Electricity,GWH,Gigawatt-hour,AL,Albania,2010,,5673.000,,,,,
dataflow,ESTAT:NRG_BAL_C(1.0),Complete energy balances,A,Annual,FC_E,Final consumption - energy use,E7000,Electricity,GWH,Gigawatt-hour,AL,Albania,2011,,5657.000,,,,,
dataflow,ESTAT:NRG_BAL_C(1.0),Complete energy balances,A,Annual,FC_E,Final consumption - energy use,E7000,Electricity,GWH,Gigawatt-hour,AL,Albania,2012,,5760.000,,,,,
dataflow,ESTAT:NRG_BAL_C(1.0),Complete energy balances,A,Annual,FC_E,Final consumption - energy use,E7000,Electricity,GWH,Gigawatt-hour,AL,Albania,2013,,6894.000,,,,,
dataflow,ESTAT:NRG_BAL_C(1.0),Complete energy balances,A,Annual,FC_E,Final consumption - energy use,E7000,Electricity,GWH,Gigawatt-hour,AL,Albania,2014,,6523.000,,,,,
dataflow,ESTAT:NRG_BAL_C(1.0),Complete energy balances,A,Annual,FC_E,Final consumption - energy use,E7000,Electricity,GWH,Gigawatt-hour,AL,Albania,2015,,5897.000,,,,,
dataflow,ESTAT:NRG_BAL_C(1.0),Complete energy balances,A,Annual,FC_E,Final consumption - energy use,E7000,Electricity,GWH,Gigawatt-hour,AL,Albania,2016,,5499.000,,,,,
dataflow,ESTAT:NRG_BAL_C(1.0),Complete energy balances,A,Annual,FC_E,Final consumption - energy use,E7000,Electricity,GWH,Gigawatt-hour,AL,Albania,2017,,5956.465,,,,,
dataflow,ESTAT:NRG_BAL_C(1.0),Complete energy balances,A,Annual,FC_E,Final consumption - energy use,E7000,Electricity,GWH,Gigawatt-hour,AL,Albania,2018,,6084.894,,,,,
dataflow,ESTAT:NRG_BAL_C(1.0),Complete energy balances,A,Annual,FC_E,Final consumption - energy use,E7000,Electricity,GWH,Gigawatt-hour,AL,Albania,2019,,6182.924,,,,,
dataflow,ESTAT:NRG_BAL_C(1.0),Complete energy balances,A,Annual,FC_E,Final consumption - energy use,E7000,Electricity,GWH,Gigawatt-hour,AL,Albania,2020,,6316.260,,,,,
dataflow,ESTAT:NRG_BAL_C(1.0),Complete energy balances,A,Annual,FC_E,Final consumption - energy use,E7000,Electricity,GWH,Gigawatt-hour,AL,Albania,2021,,6665.689,,,,,
dataflow,ESTAT:NRG_BAL_C(1.0),Complete energy balances,A,Annual,FC_E,Final consumption - energy use,E7000,Electricity,GWH,Gigawatt-hour,AL,Albania,2022,,6587.486,,,,,
dataflow,ESTAT:NRG_BAL_C(1.0),Complete energy balances,A,Annual,FC_E,Final consumption - energy use,E7000,Electricity,GWH,Gigawatt-hour,AL,Albania,2023,,6494.476,,,,,
dataflow,ESTAT:NRG_BAL_C(1.0),Complete energy balances,A,Annual,FC_E,Final consumption - energy use,E7000,Electricity,GWH,Gigawatt-hour,AL,Albania,2024,,6742.758,,,,,
dataflow,ESTAT:NRG_BAL_C(1.0),Complete energy balances,A,Annual,FC_E,Final consumption - energy use,E7000,Electricity,GWH,Gigawatt-hour,AT,Austria,1990,,42767.000,,,,,
dataflow,ESTAT:NRG_BAL_C(1.0),Complete energy balances,A,Annual,FC_E,Final consumption - energy use,E7000,Electricity,GWH,Gigawatt-hour,AT,Austria,1991,,44818.000,,,,,
dataflow,ESTAT:NRG_BAL_C(1.0),Complete energy balances,A,Annual,FC_E,Final consumption - energy use,E7000,Electricity,GWH,Gigawatt-hour,AT,Austria,1992,,44338.000,,,,,
dataflow,ESTAT:NRG_BAL_C(1.0),Complete energy balances,A,Annual,FC_E,Final consumption - energy use,E7000,Electricity,GWH,Gigawatt-hour,AT,Austria,1993,,44958.000,,,,,
dataflow,ESTAT:NRG_BAL_C(1.0),Complete energy balances,A,Annual,FC_E,Final consumption - energy use,E7000,Electricity,GWH,Gigawatt-hour,AT,Austria,1994,,45605.000,,,,,
dataflow,ESTAT:NRG_BAL_C(1.0),Complete energy balances,A,Annual,FC_E,Final consumption - energy use,E7000,Electricity,GWH,Gigawatt-hour,AT,Austria,1995,,46712.000,,,,,
dataflow,ESTAT:NRG_BAL_C(1.0),Complete energy balances,A,Annual,FC_E,Final consumption - energy use,E7000,Electricity,GWH,Gigawatt-hour,AT,Austria,1996,,48311.000,,,,,
dataflow,ESTAT:NRG_BAL_C(1.0),Complete energy balances,A,Annual,FC_E,Final consumption - energy use,E7000,Electricity,GWH,Gigawatt-hour,AT,Austria,1997,,48904.000,,,,,
dataflow,ESTAT:NRG_BAL_C(1.0),Complete energy balances,A,Annual,FC_E,Final consumption - energy use,E7000,Electricity,GWH,Gigawatt-hour,AT,Austria,1998,,49710.000,,,,,
dataflow,ESTAT:NRG_BAL_C(1.0),Complete energy balances,A,Annual,FC_E,Final consumption - energy use,E7000,Electricity,GWH,Gigawatt-hour,AT,Austria,1999,,50863.000,,,,,
dataflow,ESTAT:NRG_BAL_C(1.0),Complete energy balances,A,Annual,FC_E,Final consumption - energy use,E7000,Electricity,GWH,Gigawatt-hour,AT,Austria,2000,,51541.000,,,,,
dataflow,ESTAT:NRG_BAL_C(1.0),Complete energy balances,A,Annual,FC_E,Final consumption - energy use,E7000,Electricity,GWH,Gigawatt-hour,AT,Austria,2001,,53614.000,,,,,
dataflow,ESTAT:NRG_BAL_C(1.0),Complete energy balances,A,Annual,FC_E,Final consumption - energy use,E7000,Electricity,GWH,Gigawatt-hour,AT,Austria,2002,,53854.000,,,,,
dataflow,ESTAT:NRG_BAL_C(1.0),Complete energy balances,A,Annual,FC_E,Final consumption - energy use,E7000,Electricity,GWH,Gigawatt-hour,AT,Austria,2003,,55617.000,,,,,
dataflow,ESTAT:NRG_BAL_C(1.0),Complete energy balances,A,Annual,FC_E,Final consumption - energy use,E7000,Electricity,GWH,Gigawatt-hour,AT,Austria,2004,,56777.000,,,,,
dataflow,ESTAT:NRG_BAL_C(1.0),Complete energy balances,A,Annual,FC_E,Final consumption - energy use,E7000,Electricity,GWH,Gigawatt-hour,AT,Austria,2005,,57499.510,,,,,
dataflow,ESTAT:NRG_BAL_C(1.0),Complete energy balances,A,Annual,FC_E,Final consumption - energy use,E7000,Electricity,GWH,Gigawatt-hour,AT,Austria,2006,,58633.349,,,,,
dataflow,ESTAT:NRG_BAL_C(1.0),Complete energy balances,A,Annual,FC_E,Final consumption - energy use,E7000,Electricity,GWH,Gigawatt-hour,AT,Austria,2007,,59124.560,,,,,
dataflow,ESTAT:NRG_BAL_C(1.0),Complete energy balances,A,Annual,FC_E,Final consumption - energy use,E7000,Electricity,GWH,Gigawatt-hour,AT,Austria,2008,,59415.659,,,,,
dataflow,ESTAT:NRG_BAL_C(1.0),Complete energy balances,A,Annual,FC_E,Final consumption - energy use,E7000,Electricity,GWH,Gigawatt-hour,AT,Austria,2009,,57194.653,,,,,
dataflow,ESTAT:NRG_BAL_C(1.0),Complete energy balances,A,Annual,FC_E,Final consumption - energy use,E7000,Electricity,GWH,Gigawatt-hour,AT,Austria,2010,,59934.196,,,,,
dataflow,ESTAT:NRG_BAL_C(1.0),Complete energy balances,A,Annual,FC_E,Final consumption - energy use,E7000,Electricity,GWH,Gigawatt-hour,AT,Austria,2011,,59893.951,,,,,
dataflow,ESTAT:NRG_BAL_C(1.0),Complete energy balances,A,Annual,FC_E,Final consumption - energy use,E7000,Electricity,GWH,Gigawatt-hour,AT,Austria,2012,,60825.359,,,,,
dataflow,ESTAT:NRG_BAL_C(1.0),Complete energy balances,A,Annual,FC_E,Final consumption - energy use,E7000,Electricity,GWH,Gigawatt-hour,AT,Austria,2013,,61150.894,,,,,
dataflow,ESTAT:NRG_BAL_C(1.0),Complete energy balances,A,Annual,FC_E,Final consumption - energy use,E7000,Electricity,GWH,Gigawatt-hour,AT,Austria,2014,,60199.068,,,,,
dataflow,ESTAT:NRG_BAL_C(1.0),Complete energy balances,A,Annual,FC_E,Final consumption - energy use,E7000,Electricity,GWH,Gigawatt-hour,AT,Austria,2015,,61154.053,,,,,
dataflow,ESTAT:NRG_BAL_C(1.0),Complete energy balances,A,Annual,FC_E,Final consumption - energy use,E7000,Electricity,GWH,Gigawatt-hour,AT,Austria,2016,,62138.192,,,,,
dataflow,ESTAT:NRG_BAL_C(1.0),Complete energy balances,A,Annual,FC_E,Final consumption - energy use,E7000,Electricity,GWH,Gigawatt-hour,AT,Austria,2017,,63082.723,,,,,
dataflow,ESTAT:NRG_BAL_C(1.0),Complete energy balances,A,Annual,FC_E,Final consumption - energy use,E7000,Electricity,GWH,Gigawatt-hour,AT,Austria,2018,,63444.955,,,,,
dataflow,ESTAT:NRG_BAL_C(1.0),Complete energy balances,A,Annual,FC_E,Final consumption - energy use,E7000,Electricity,GWH,Gigawatt-hour,AT,Austria,2019,,63512.360,,,,,
dataflow,ESTAT:NRG_BAL_C(1.0),Complete energy balances,A,Annual,FC_E,Final consumption - energy use,E7000,Electricity,GWH,Gigawatt-hour,AT,Austria,2020,,62471.328,,,,,
dataflow,ESTAT:NRG_BAL_C(1.0),Complete energy balances,A,Annual,FC_E,Final consumption - energy use,E7000,Electricity,GWH,Gigawatt-hour,AT,Austria,2021,,65151.030,,,,,
dataflow,ESTAT:NRG_BAL_C(1.0),Complete energy balances,A,Annual,FC_E,Final consumption - energy use,E7000,Electricity,GWH,Gigawatt-hour,AT,Austria,2022,,63940.248,,,,,
dataflow,ESTAT:NRG_BAL_C(1.0),Complete energy balances,A,Annual,FC_E,Final consumption - energy use,E7000,Electricity,GWH,Gigawatt-hour,AT,Austria,2023,,62349.637,,,,,
dataflow,ESTAT:NRG_BAL_C(1.0),Complete energy balances,A,Annual,FC_E,Final consumption - energy use,E7000,Electricity,GWH,Gigawatt-hour,AT,Austria,2024,,63260.630,,,,,
dataflow,ESTAT:NRG_BAL_C(1.0),Complete energy balances,A,Annual,FC_E,Final consumption - energy use,E7000,Electricity,GWH,Gigawatt-hour,BA,Bosnia and Herzegovina,2014,,10587.000,,,,,
dataflow,ESTAT:NRG_BAL_C(1.0),Complete energy balances,A,Annual,FC_E,Final consumption - energy use,E7000,Electricity,GWH,Gigawatt-hour,BA,Bosnia and Herzegovina,2015,,10675.000,,,,,
dataflow,ESTAT:NRG_BAL_C(1.0),Complete energy balances,A,Annual,FC_E,Final consumption - energy use,E7000,Electricity,GWH,Gigawatt-hour,BA,Bosnia and Herzegovina,2016,,11088.000,,,,,
dataflow,ESTAT:NRG_BAL_C(1.0),Complete energy balances,A,Annual,FC_E,Final consumption - energy use,E7000,Electricity,GWH,Gigawatt-hour,BA,Bosnia and Herzegovina,2017,,11398.000,,,,,
dataflow,ESTAT:NRG_BAL_C(1.0),Complete energy balances,A,Annual,FC_E,Final consumption - energy use,E7000,Electricity,GWH,Gigawatt-hour,BA,Bosnia and Herzegovina,2018,,11456.000,,,,,
dataflow,ESTAT:NRG_BAL_C(1.0),Complete energy balances,A,Annual,FC_E,Final consumption - energy use,E7000,Electricity,GWH,Gigawatt-hour,BA,Bosnia and Herzegovina,2019,,10993.000,,,,,
dataflow,ESTAT:NRG_BAL_C(1.0),Complete energy balances,A,Annual,FC_E,Final consumption - energy use,E7000,Electricity,GWH,Gigawatt-hour,BA,Bosnia and Herzegovina,2020,,9936.000,,,,,
dataflow,ESTAT:NRG_BAL_C(1.0),Complete energy balances,A,Annual,FC_E,Final consumption - energy use,E7000,Electricity,GWH,Gigawatt-hour,BA,Bosnia and Herzegovina,2021,,10830.000,,,,,
dataflow,ESTAT:NRG_BAL_C(1.0),Complete energy balances,A,Annual,FC_E,Final consumption - energy use,E7000,Electricity,GWH,Gigawatt-hour,BA,Bosnia and Herzegovina,2022,,10618.000,,,,,
dataflow,ESTAT:NRG_BAL_C(1.0),Complete energy balances,A,Annual,FC_E,Final consumption - energy use,E7000,Electricity,GWH,Gigawatt-hour,BA,Bosnia and Herzegovina,2023,,10319.000,,,,,
dataflow,ESTAT:NRG_BAL_C(1.0),Complete energy balances,A,Annual,FC_E,Final consumption - energy use,E7000,Electricity,GWH,Gigawatt-hour,BA,Bosnia and Herzegovina,2024,,10882.000,,,,,
dataflow,ESTAT:NRG_BAL_C(1.0),Complete energy balances,A,Annual,FC_E,Final consumption - energy use,E7000,Electricity,GWH,Gigawatt-hour,BE,Belgium,1990,,57984.000,,,,,
dataflow,ESTAT:NRG_BAL_C(1.0),Complete energy balances,A,Annual,FC_E,Final consumption - energy use,E7000,Electricity,GWH,Gigawatt-hour,BE,Belgium,1991,,60516.000,,,,,
dataflow,ESTAT:NRG_BAL_C(1.0),Complete energy balances,A,Annual,FC_E,Final consumption - energy use,E7000,Electricity,GWH,Gigawatt-hour,BE,Belgium,1992,,62583.000,,,,,
dataflow,ESTAT:NRG_BAL_C(1.0),Complete energy balances,A,Annual,FC_E,Final consumption - energy use,E7000,Electricity,GWH,Gigawatt-hour,BE,Belgium,1993,,63300.000,,,,,
dataflow,ESTAT:NRG_BAL_C(1.0),Complete energy balances,A,Annual,FC_E,Final consumption - energy use,E7000,Electricity,GWH,Gigawatt-hour,BE,Belgium,1994,,66447.000,,,,,
dataflow,ESTAT:NRG_BAL_C(1.0),Complete energy balances,A,Annual,FC_E,Final consumption - energy use,E7000,Electricity,GWH,Gigawatt-hour,BE,Belgium,1995,,68448.000,,,,,
dataflow,ESTAT:NRG_BAL_C(1.0),Complete energy balances,A,Annual,FC_E,Final consumption - energy use,E7000,Electricity,GWH,Gigawatt-hour,BE,Belgium,1996,,69876.000,,,,,
dataflow,ESTAT:NRG_BAL_C(1.0),Complete energy balances,A,Annual,FC_E,Final consumption - energy use,E7000,Electricity,GWH,Gigawatt-hour,BE,Belgium,1997,,71829.000,,,,,
dataflow,ESTAT:NRG_BAL_C(1.0),Complete energy balances,A,Annual,FC_E,Final consumption - energy use,E7000,Electricity,GWH,Gigawatt-hour,BE,Belgium,1998,,73960.000,,,,,
dataflow,ESTAT:NRG_BAL_C(1.0),Complete energy balances,A,Annual,FC_E,Final consumption - energy use,E7000,Electricity,GWH,Gigawatt-hour,BE,Belgium,1999,,74508.000,,,,,
dataflow,ESTAT:NRG_BAL_C(1.0),Complete energy balances,A,Annual,FC_E,Final consumption - energy use,E7000,Electricity,GWH,Gigawatt-hour,BE,Belgium,2000,,77542.000,,,,,
dataflow,ESTAT:NRG_BAL_C(1.0),Complete energy balances,A,Annual,FC_E,Final consumption - energy use,E7000,Electricity,GWH,Gigawatt-hour,BE,Belgium,2001,,78142.000,,,,,
dataflow,ESTAT:NRG_BAL_C(1.0),Complete energy balances,A,Annual,FC_E,Final consumption - energy use,E7000,Electricity,GWH,Gigawatt-hour,BE,Belgium,2002,,78447.000,,,,,
dataflow,ESTAT:NRG_BAL_C(1.0),Complete energy balances,A,Annual,FC_E,Final consumption - energy use,E7000,Electricity,GWH,Gigawatt-hour,BE,Belgium,2003,,79732.000,,,,,
dataflow,ESTAT:NRG_BAL_C(1.0),Complete energy balances,A,Annual,FC_E,Final consumption - energy use,E7000,Electricity,GWH,Gigawatt-hour,BE,Belgium,2004,,81345.900,,,,,
dataflow,ESTAT:NRG_BAL_C(1.0),Complete energy balances,A,Annual,FC_E,Final consumption - energy use,E7000,Electricity,GWH,Gigawatt-hour,BE,Belgium,2005,,81865.000,,,,,
dataflow,ESTAT:NRG_BAL_C(1.0),Complete energy balances,A,Annual,FC_E,Final consumption - energy use,E7000,Electricity,GWH,Gigawatt-hour,BE,Belgium,2006,,84454.100,,,,,
dataflow,ESTAT:NRG_BAL_C(1.0),Complete energy balances,A,Annual,FC_E,Final consumption - energy use,E7000,Electricity,GWH,Gigawatt-hour,BE,Belgium,2007,,84554.500,,,,,
dataflow,ESTAT:NRG_BAL_C(1.0),Complete energy balances,A,Annual,FC_E,Final consumption - energy use,E7000,Electricity,GWH,Gigawatt-hour,BE,Belgium,2008,,84699.900,,,,,
dataflow,ESTAT:NRG_BAL_C(1.0),Complete energy balances,A,Annual,FC_E,Final consumption - energy use,E7000,Electricity,GWH,Gigawatt-hour,BE,Belgium,2009,,79353.600,,,,,
dataflow,ESTAT:NRG_BAL_C(1.0),Complete energy balances,A,Annual,FC_E,Final consumption - energy use,E7000,Electricity,GWH,Gigawatt-hour,BE,Belgium,2010,,85327.400,,,,,
dataflow,ESTAT:NRG_BAL_C(1.0),Complete energy balances,A,Annual,FC_E,Final consumption - energy use,E7000,Electricity,GWH,Gigawatt-hour,BE,Belgium,2011,,83058.800,,,,,
dataflow,ESTAT:NRG_BAL_C(1.0),Complete energy balances,A,Annual,FC_E,Final consumption - energy use,E7000,Electricity,GWH,Gigawatt-hour,BE,Belgium,2012,,82559.100,,,,,
dataflow,ESTAT:NRG_BAL_C(1.0),Complete energy balances,A,Annual,FC_E,Final consumption - energy use,E7000,Electricity,GWH,Gigawatt-hour,BE,Belgium,2013,,82263.800,,,,,
dataflow,ESTAT:NRG_BAL_C(1.0),Complete energy balances,A,Annual,FC_E,Final consumption - energy use,E7000,Electricity,GWH,Gigawatt-hour,BE,Belgium,2014,,80483.500,,,,,
dataflow,ESTAT:NRG_BAL_C(1.0),Complete energy balances,A,Annual,FC_E,Final consumption - energy use,E7000,Electricity,GWH,Gigawatt-hour,BE,Belgium,2015,,81054.200,,,,,
dataflow,ESTAT:NRG_BAL_C(1.0),Complete energy balances,A,Annual,FC_E,Final consumption - energy use,E7000,Electricity,GWH,Gigawatt-hour,BE,Belgium,2016,,81401.500,,,,,
dataflow,ESTAT:NRG_BAL_C(1.0),Complete energy balances,A,Annual,FC_E,Final consumption - energy use,E7000,Electricity,GWH,Gigawatt-hour,BE,Belgium,2017,,81350.100,,,,,
dataflow,ESTAT:NRG_BAL_C(1.0),Complete energy balances,A,Annual,FC_E,Final consumption - energy use,E7000,Electricity,GWH,Gigawatt-hour,BE,Belgium,2018,,81821.100,,,,,
dataflow,ESTAT:NRG_BAL_C(1.0),Complete energy balances,A,Annual,FC_E,Final consumption - energy use,E7000,Electricity,GWH,Gigawatt-hour,BE,Belgium,2019,,80756.300,,,,,
dataflow,ESTAT:NRG_BAL_C(1.0),Complete energy balances,A,Annual,FC_E,Final consumption - energy use,E7000,Electricity,GWH,Gigawatt-hour,BE,Belgium,2020,,78116.400,,,,,
dataflow,ESTAT:NRG_BAL_C(1.0),Complete energy balances,A,Annual,FC_E,Final consumption - energy use,E7000,Electricity,GWH,Gigawatt-hour,BE,Belgium,2021,,79879.800,,,,,
dataflow,ESTAT:NRG_BAL_C(1.0),Complete energy balances,A,Annual,FC_E,Final consumption - energy use,E7000,Electricity,GWH,Gigawatt-hour,BE,Belgium,2022,,76205.600,,,,,
dataflow,ESTAT:NRG_BAL_C(1.0),Complete energy balances,A,Annual,FC_E,Final consumption - energy use,E7000,Electricity,GWH,Gigawatt-hour,BE,Belgium,2023,,73970.600,,,,,
dataflow,ESTAT:NRG_BAL_C(1.0),Complete energy balances,A,Annual,FC_E,Final consumption - energy use,E7000,Electricity,GWH,Gigawatt-hour,BE,Belgium,2024,,76920.200,,,,,
dataflow,ESTAT:NRG_BAL_C(1.0),Complete energy balances,A,Annual,FC_E,Final consumption - energy use,E7000,Electricity,GWH,Gigawatt-hour,BG,Bulgaria,1990,,35272.000,,,,,
dataflow,ESTAT:NRG_BAL_C(1.0),Complete energy balances,A,Annual,FC_E,Final consumption - energy use,E7000,Electricity,GWH,Gigawatt-hour,BG,Bulgaria,1991,,30178.000,,,,,
dataflow,ESTAT:NRG_BAL_C(1.0),Complete energy balances,A,Annual,FC_E,Final consumption - energy use,E7000,Electricity,GWH,Gigawatt-hour,BG,Bulgaria,1992,,26169.000,,,,,
dataflow,ESTAT:NRG_BAL_C(1.0),Complete energy balances,A,Annual,FC_E,Final consumption - energy use,E7000,Electricity,GWH,Gigawatt-hour,BG,Bulgaria,1993,,26209.000,,,,,
dataflow,ESTAT:NRG_BAL_C(1.0),Complete energy balances,A,Annual,FC_E,Final consumption - energy use,E7000,Electricity,GWH,Gigawatt-hour,BG,Bulgaria,1994,,26497.000,,,,,
dataflow,ESTAT:NRG_BAL_C(1.0),Complete energy balances,A,Annual,FC_E,Final consumption - energy use,E7000,Electricity,GWH,Gigawatt-hour,BG,Bulgaria,1995,,28689.000,,,,,
dataflow,ESTAT:NRG_BAL_C(1.0),Complete energy balances,A,Annual,FC_E,Final consumption - energy use,E7000,Electricity,GWH,Gigawatt-hour,BG,Bulgaria,1996,,29890.000,,,,,
dataflow,ESTAT:NRG_BAL_C(1.0),Complete energy balances,A,Annual,FC_E,Final consumption - energy use,E7000,Electricity,GWH,Gigawatt-hour,BG,Bulgaria,1997,,26916.000,,,,,
dataflow,ESTAT:NRG_BAL_C(1.0),Complete energy balances,A,Annual,FC_E,Final consumption - energy use,E7000,Electricity,GWH,Gigawatt-hour,BG,Bulgaria,1998,,26141.000,,,,,
dataflow,ESTAT:NRG_BAL_C(1.0),Complete energy balances,A,Annual,FC_E,Final consumption - energy use,E7000,Electricity,GWH,Gigawatt-hour,BG,Bulgaria,1999,,23793.000,,,,,
dataflow,ESTAT:NRG_BAL_C(1.0),Complete energy balances,A,Annual,FC_E,Final consumption - energy use,E7000,Electricity,GWH,Gigawatt-hour,BG,Bulgaria,2000,,24251.000,,,,,
dataflow,ESTAT:NRG_BAL_C(1.0),Complete energy balances,A,Annual,FC_E,Final consumption - energy use,E7000,Electricity,GWH,Gigawatt-hour,BG,Bulgaria,2001,,24593.000,,,,,
dataflow,ESTAT:NRG_BAL_C(1.0),Complete energy balances,A,Annual,FC_E,Final consumption - energy use,E7000,Electricity,GWH,Gigawatt-hour,BG,Bulgaria,2002,,24081.000,,,,,
dataflow,ESTAT:NRG_BAL_C(1.0),Complete energy balances,A,Annual,FC_E,Final consumption - energy use,E7000,Electricity,GWH,Gigawatt-hour,BG,Bulgaria,2003,,25134.000,,,,,
dataflow,ESTAT:NRG_BAL_C(1.0),Complete energy balances,A,Annual,FC_E,Final consumption - energy use,E7000,Electricity,GWH,Gigawatt-hour,BG,Bulgaria,2004,,24906.000,,,,,
dataflow,ESTAT:NRG_BAL_C(1.0),Complete energy balances,A,Annual,FC_E,Final consumption - energy use,E7000,Electricity,GWH,Gigawatt-hour,BG,Bulgaria,2005,,25716.000,,,,,
dataflow,ESTAT:NRG_BAL_C(1.0),Complete energy balances,A,Annual,FC_E,Final consumption - energy use,E7000,Electricity,GWH,Gigawatt-hour,BG,Bulgaria,2006,,26888.000,,,,,
dataflow,ESTAT:NRG_BAL_C(1.0),Complete energy balances,A,Annual,FC_E,Final consumption - energy use,E7000,Electricity,GWH,Gigawatt-hour,BG,Bulgaria,2007,,27213.000,,,,,
dataflow,ESTAT:NRG_BAL_C(1.0),Complete energy balances,A,Annual,FC_E,Final consumption - energy use,E7000,Electricity,GWH,Gigawatt-hour,BG,Bulgaria,2008,,28658.000,,,,,
dataflow,ESTAT:NRG_BAL_C(1.0),Complete energy balances,A,Annual,FC_E,Final consumption - energy use,E7000,Electricity,GWH,Gigawatt-hour,BG,Bulgaria,2009,,26847.000,,,,,
dataflow,ESTAT:NRG_BAL_C(1.0),Complete energy balances,A,Annual,FC_E,Final consumption - energy use,E7000,Electricity,GWH,Gigawatt-hour,BG,Bulgaria,2010,,27103.000,,,,,
dataflow,ESTAT:NRG_BAL_C(1.0),Complete energy balances,A,Annual,FC_E,Final consumption - energy use,E7000,Electricity,GWH,Gigawatt-hour,BG,Bulgaria,2011,,28421.000,,,,,
dataflow,ESTAT:NRG_BAL_C(1.0),Complete energy balances,A,Annual,FC_E,Final consumption - energy use,E7000,Electricity,GWH,Gigawatt-hour,BG,Bulgaria,2012,,27845.000,,,,,
dataflow,ESTAT:NRG_BAL_C(1.0),Complete energy balances,A,Annual,FC_E,Final consumption - energy use,E7000,Electricity,GWH,Gigawatt-hour,BG,Bulgaria,2013,,27532.000,,,,,
dataflow,ESTAT:NRG_BAL_C(1.0),Complete energy balances,A,Annual,FC_E,Final consumption - energy use,E7000,Electricity,GWH,Gigawatt-hour,BG,Bulgaria,2014,,27674.000,,,,,
dataflow,ESTAT:NRG_BAL_C(1.0),Complete energy balances,A,Annual,FC_E,Final consumption - energy use,E7000,Electricity,GWH,Gigawatt-hour,BG,Bulgaria,2015,,28326.000,,,,,
dataflow,ESTAT:NRG_BAL_C(1.0),Complete energy balances,A,Annual,FC_E,Final consumption - energy use,E7000,Electricity,GWH,Gigawatt-hour,BG,Bulgaria,2016,,28898.000,,,,,
dataflow,ESTAT:NRG_BAL_C(1.0),Complete energy balances,A,Annual,FC_E,Final consumption - energy use,E7000,Electricity,GWH,Gigawatt-hour,BG,Bulgaria,2017,,29908.624,,,,,
dataflow,ESTAT:NRG_BAL_C(1.0),Complete energy balances,A,Annual,FC_E,Final consumption - energy use,E7000,Electricity,GWH,Gigawatt-hour,BG,Bulgaria,2018,,29923.097,,,,,
dataflow,ESTAT:NRG_BAL_C(1.0),Complete energy balances,A,Annual,FC_E,Final consumption - energy use,E7000,Electricity,GWH,Gigawatt-hour,BG,Bulgaria,2019,,30215.184,,,,,
dataflow,ESTAT:NRG_BAL_C(1.0),Complete energy balances,A,Annual,FC_E,Final consumption - energy use,E7000,Electricity,GWH,Gigawatt-hour,BG,Bulgaria,2020,,28609.991,,,,,
dataflow,ESTAT:NRG_BAL_C(1.0),Complete energy balances,A,Annual,FC_E,Final consumption - energy use,E7000,Electricity,GWH,Gigawatt-hour,BG,Bulgaria,2021,,30969.760,,,,,
dataflow,ESTAT:NRG_BAL_C(1.0),Complete energy balances,A,Annual,FC_E,Final consumption - energy use,E7000,Electricity,GWH,Gigawatt-hour,BG,Bulgaria,2022,,30719.191,,,,,
dataflow,ESTAT:NRG_BAL_C(1.0),Complete energy balances,A,Annual,FC_E,Final consumption - energy use,E7000,Electricity,GWH,Gigawatt-hour,BG,Bulgaria,2023,,30335.443,,,,,
dataflow,ESTAT:NRG_BAL_C(1.0),Complete energy balances,A,Annual,FC_E,Final consumption - energy use,E7000,Electricity,GWH,Gigawatt-hour,BG,Bulgaria,2024,,31432.777,,,,,
dataflow,ESTAT:NRG_BAL_C(1.0),Complete energy balances,A,Annual,FC_E,Final consumption - energy use,E7000,Electricity,GWH,Gigawatt-hour,CY,Cyprus,1990,,1791.000,,,,,
dataflow,ESTAT:NRG_BAL_C(1.0),Complete energy balances,A,Annual,FC_E,Final consumption - energy use,E7000,Electricity,GWH,Gigawatt-hour,CY,Cyprus,1991,,1877.000,,,,,
dataflow,ESTAT:NRG_BAL_C(1.0),Complete energy balances,A,Annual,FC_E,Final consumption - energy use,E7000,Electricity,GWH,Gigawatt-hour,CY,Cyprus,1992,,2119.000,,,,,
dataflow,ESTAT:NRG_BAL_C(1.0),Complete energy balances,A,Annual,FC_E,Final consumption - energy use,E7000,Electricity,GWH,Gigawatt-hour,CY,Cyprus,1993,,2309.000,,,,,
dataflow,ESTAT:NRG_BAL_C(1.0),Complete energy balances,A,Annual,FC_E,Final consumption - energy use,E7000,Electricity,GWH,Gigawatt-hour,CY,Cyprus,1994,,2412.000,,,,,
dataflow,ESTAT:NRG_BAL_C(1.0),Complete energy balances,A,Annual,FC_E,Final consumption - energy use,E7000,Electricity,GWH,Gigawatt-hour,CY,Cyprus,1995,,2223.000,,,,,
dataflow,ESTAT:NRG_BAL_C(1.0),Complete energy balances,A,Annual,FC_E,Final consumption - energy use,E7000,Electricity,GWH,Gigawatt-hour,CY,Cyprus,1996,,2299.000,,,,,
dataflow,ESTAT:NRG_BAL_C(1.0),Complete energy balances,A,Annual,FC_E,Final consumption - energy use,E7000,Electricity,GWH,Gigawatt-hour,CY,Cyprus,1997,,2382.000,,,,,
dataflow,ESTAT:NRG_BAL_C(1.0),Complete energy balances,A,Annual,FC_E,Final consumption - energy use,E7000,Electricity,GWH,Gigawatt-hour,CY,Cyprus,1998,,2615.000,,,,,
dataflow,ESTAT:NRG_BAL_C(1.0),Complete energy balances,A,Annual,FC_E,Final consumption - energy use,E7000,Electricity,GWH,Gigawatt-hour,CY,Cyprus,1999,,2768.000,,,,,
dataflow,ESTAT:NRG_BAL_C(1.0),Complete energy balances,A,Annual,FC_E,Final consumption - energy use,E7000,Electricity,GWH,Gigawatt-hour,CY,Cyprus,2000,,2996.000,,,,,
dataflow,ESTAT:NRG_BAL_C(1.0),Complete energy balances,A,Annual,FC_E,Final consumption - energy use,E7000,Electricity,GWH,Gigawatt-hour,CY,Cyprus,2001,,3110.000,,,,,
dataflow,ESTAT:NRG_BAL_C(1.0),Complete energy balances,A,Annual,FC_E,Final consumption - energy use,E7000,Electricity,GWH,Gigawatt-hour,CY,Cyprus,2002,,3385.000,,,,,
dataflow,ESTAT:NRG_BAL_C(1.0),Complete energy balances,A,Annual,FC_E,Final consumption - energy use,E7000,Electricity,GWH,Gigawatt-hour,CY,Cyprus,2003,,3646.000,,,,,
dataflow,ESTAT:NRG_BAL_C(1.0),Complete energy balances,A,Annual,FC_E,Final consumption - energy use,E7000,Electricity,GWH,Gigawatt-hour,CY,Cyprus,2004,,3749.355,,,,,
dataflow,ESTAT:NRG_BAL_C(1.0),Complete energy balances,A,Annual,FC_E,Final consumption - energy use,E7000,Electricity,GWH,Gigawatt-hour,CY,Cyprus,2005,,3960.355,,,,,
dataflow,ESTAT:NRG_BAL_C(1.0),Complete energy balances,A,Annual,FC_E,Final consumption - energy use,E7000,Electricity,GWH,Gigawatt-hour,CY,Cyprus,2006,,4168.355,,,,,
dataflow,ESTAT:NRG_BAL_C(1.0),Complete energy balances,A,Annual,FC_E,Final consumption - energy use,E7000,Electricity,GWH,Gigawatt-hour,CY,Cyprus,2007,,4385.355,,,,,
dataflow,ESTAT:NRG_BAL_C(1.0),Complete energy balances,A,Annual,FC_E,Final consumption - energy use,E7000,Electricity,GWH,Gigawatt-hour,CY,Cyprus,2008,,4634.355,,,,,
dataflow,ESTAT:NRG_BAL_C(1.0),Complete energy balances,A,Annual,FC_E,Final consumption - energy use,E7000,Electricity,GWH,Gigawatt-hour,CY,Cyprus,2009,,4751.355,,,,,
dataflow,ESTAT:NRG_BAL_C(1.0),Complete energy balances,A,Annual,FC_E,Final consumption - energy use,E7000,Electricity,GWH,Gigawatt-hour,CY,Cyprus,2010,,4882.355,,,,,
dataflow,ESTAT:NRG_BAL_C(1.0),Complete energy balances,A,Annual,FC_E,Final consumption - energy use,E7000,Electricity,GWH,Gigawatt-hour,CY,Cyprus,2011,,4721.414,,,,,
dataflow,ESTAT:NRG_BAL_C(1.0),Complete energy balances,A,Annual,FC_E,Final consumption - energy use,E7000,Electricity,GWH,Gigawatt-hour,CY,Cyprus,2012,,4409.429,,,,,
dataflow,ESTAT:NRG_BAL_C(1.0),Complete energy balances,A,Annual,FC_E,Final consumption - energy use,E7000,Electricity,GWH,Gigawatt-hour,CY,Cyprus,2013,,3921.429,,,,,
dataflow,ESTAT:NRG_BAL_C(1.0),Complete energy balances,A,Annual,FC_E,Final consumption - energy use,E7000,Electricity,GWH,Gigawatt-hour,CY,Cyprus,2014,,3965.429,,,,,
dataflow,ESTAT:NRG_BAL_C(1.0),Complete energy balances,A,Annual,FC_E,Final consumption - energy use,E7000,Electricity,GWH,Gigawatt-hour,CY,Cyprus,2015,,4091.429,,,,,
dataflow,ESTAT:NRG_BAL_C(1.0),Complete energy balances,A,Annual,FC_E,Final consumption - energy use,E7000,Electricity,GWH,Gigawatt-hour,CY,Cyprus,2016,,4399.429,,,,,
dataflow,ESTAT:NRG_BAL_C(1.0),Complete energy balances,A,Annual,FC_E,Final consumption - energy use,E7000,Electricity,GWH,Gigawatt-hour,CY,Cyprus,2017,,4541.805,,,,,
dataflow,ESTAT:NRG_BAL_C(1.0),Complete energy balances,A,Annual,FC_E,Final consumption - energy use,E7000,Electricity,GWH,Gigawatt-hour,CY,Cyprus,2018,,4664.657,,,,,
dataflow,ESTAT:NRG_BAL_C(1.0),Complete energy balances,A,Annual,FC_E,Final consumption - energy use,E7000,Electricity,GWH,Gigawatt-hour,CY,Cyprus,2019,,4723.537,,,,,
dataflow,ESTAT:NRG_BAL_C(1.0),Complete energy balances,A,Annual,FC_E,Final consumption - energy use,E7000,Electricity,GWH,Gigawatt-hour,CY,Cyprus,2020,,4376.847,,,,,
dataflow,ESTAT:NRG_BAL_C(1.0),Complete energy balances,A,Annual,FC_E,Final consumption - energy use,E7000,Electricity,GWH,Gigawatt-hour,CY,Cyprus,2021,,4649.552,,,,,
dataflow,ESTAT:NRG_BAL_C(1.0),Complete energy balances,A,Annual,FC_E,Final consumption - energy use,E7000,Electricity,GWH,Gigawatt-hour,CY,Cyprus,2022,,4858.505,,,,,
dataflow,ESTAT:NRG_BAL_C(1.0),Complete energy balances,A,Annual,FC_E,Final consumption - energy use,E7000,Electricity,GWH,Gigawatt-hour,CY,Cyprus,2023,,4901.571,,,,,
dataflow,ESTAT:NRG_BAL_C(1.0),Complete energy balances,A,Annual,FC_E,Final consumption - energy use,E7000,Electricity,GWH,Gigawatt-hour,CY,Cyprus,2024,,5283.773,,,,,
dataflow,ESTAT:NRG_BAL_C(1.0),Complete energy balances,A,Annual,FC_E,Final consumption - energy use,E7000,Electricity,GWH,Gigawatt-hour,CZ,Czechia,1990,,48177.000,,,,,
dataflow,ESTAT:NRG_BAL_C(1.0),Complete energy balances,A,Annual,FC_E,Final consumption - energy use,E7000,Electricity,GWH,Gigawatt-hour,CZ,Czechia,1991,,44466.000,,,,,
dataflow,ESTAT:NRG_BAL_C(1.0),Complete energy balances,A,Annual,FC_E,Final consumption - energy use,E7000,Electricity,GWH,Gigawatt-hour,CZ,Czechia,1992,,43385.000,,,,,
dataflow,ESTAT:NRG_BAL_C(1.0),Complete energy balances,A,Annual,FC_E,Final consumption - energy use,E7000,Electricity,GWH,Gigawatt-hour,CZ,Czechia,1993,,43023.000,,,,,
dataflow,ESTAT:NRG_BAL_C(1.0),Complete energy balances,A,Annual,FC_E,Final consumption - energy use,E7000,Electricity,GWH,Gigawatt-hour,CZ,Czechia,1994,,44968.000,,,,,
dataflow,ESTAT:NRG_BAL_C(1.0),Complete energy balances,A,Annual,FC_E,Final consumption - energy use,E7000,Electricity,GWH,Gigawatt-hour,CZ,Czechia,1995,,48082.000,,,,,
dataflow,ESTAT:NRG_BAL_C(1.0),Complete energy balances,A,Annual,FC_E,Final consumption - energy use,E7000,Electricity,GWH,Gigawatt-hour,CZ,Czechia,1996,,50284.000,,,,,
dataflow,ESTAT:NRG_BAL_C(1.0),Complete energy balances,A,Annual,FC_E,Final consumption - energy use,E7000,Electricity,GWH,Gigawatt-hour,CZ,Czechia,1997,,49635.000,,,,,
dataflow,ESTAT:NRG_BAL_C(1.0),Complete energy balances,A,Annual,FC_E,Final consumption - energy use,E7000,Electricity,GWH,Gigawatt-hour,CZ,Czechia,1998,,48875.000,,,,,
dataflow,ESTAT:NRG_BAL_C(1.0),Complete energy balances,A,Annual,FC_E,Final consumption - energy use,E7000,Electricity,GWH,Gigawatt-hour,CZ,Czechia,1999,,48122.000,,,,,
dataflow,ESTAT:NRG_BAL_C(1.0),Complete energy balances,A,Annual,FC_E,Final consumption - energy use,E7000,Electricity,GWH,Gigawatt-hour,CZ,Czechia,2000,,49381.000,,,,,
dataflow,ESTAT:NRG_BAL_C(1.0),Complete energy balances,A,Annual,FC_E,Final consumption - energy use,E7000,Electricity,GWH,Gigawatt-hour,CZ,Czechia,2001,,50881.000,,,,,
dataflow,ESTAT:NRG_BAL_C(1.0),Complete energy balances,A,Annual,FC_E,Final consumption - energy use,E7000,Electricity,GWH,Gigawatt-hour,CZ,Czechia,2002,,50823.000,,,,,
dataflow,ESTAT:NRG_BAL_C(1.0),Complete energy balances,A,Annual,FC_E,Final consumption - energy use,E7000,Electricity,GWH,Gigawatt-hour,CZ,Czechia,2003,,52407.000,,,,,
dataflow,ESTAT:NRG_BAL_C(1.0),Complete energy balances,A,Annual,FC_E,Final consumption - energy use,E7000,Electricity,GWH,Gigawatt-hour,CZ,Czechia,2004,,52354.000,,,,,
dataflow,ESTAT:NRG_BAL_C(1.0),Complete energy balances,A,Annual,FC_E,Final consumption - energy use,E7000,Electricity,GWH,Gigawatt-hour,CZ,Czechia,2005,,53601.000,,,,,
dataflow,ESTAT:NRG_BAL_C(1.0),Complete energy balances,A,Annual,FC_E,Final consumption - energy use,E7000,Electricity,GWH,Gigawatt-hour,CZ,Czechia,2006,,55225.000,,,,,
dataflow,ESTAT:NRG_BAL_C(1.0),Complete energy balances,A,Annual,FC_E,Final consumption - energy use,E7000,Electricity,GWH,Gigawatt-hour,CZ,Czechia,2007,,55366.000,,,,,
dataflow,ESTAT:NRG_BAL_C(1.0),Complete energy balances,A,Annual,FC_E,Final consumption - energy use,E7000,Electricity,GWH,Gigawatt-hour,CZ,Czechia,2008,,56136.000,,,,,
dataflow,ESTAT:NRG_BAL_C(1.0),Complete energy balances,A,Annual,FC_E,Final consumption - energy use,E7000,Electricity,GWH,Gigawatt-hour,CZ,Czechia,2009,,53124.000,,,,,
dataflow,ESTAT:NRG_BAL_C(1.0),Complete energy balances,A,Annual,FC_E,Final consumption - energy use,E7000,Electricity,GWH,Gigawatt-hour,CZ,Czechia,2010,,54223.000,,,,,
dataflow,ESTAT:NRG_BAL_C(1.0),Complete energy balances,A,Annual,FC_E,Final consumption - energy use,E7000,Electricity,GWH,Gigawatt-hour,CZ,Czechia,2011,,53651.000,,,,,
dataflow,ESTAT:NRG_BAL_C(1.0),Complete energy balances,A,Annual,FC_E,Final consumption - energy use,E7000,Electricity,GWH,Gigawatt-hour,CZ,Czechia,2012,,53884.000,,,,,
dataflow,ESTAT:NRG_BAL_C(1.0),Complete energy balances,A,Annual,FC_E,Final consumption - energy use,E7000,Electricity,GWH,Gigawatt-hour,CZ,Czechia,2013,,53217.000,,,,,
dataflow,ESTAT:NRG_BAL_C(1.0),Complete energy balances,A,Annual,FC_E,Final consumption - energy use,E7000,Electricity,GWH,Gigawatt-hour,CZ,Czechia,2014,,53216.000,,,,,
dataflow,ESTAT:NRG_BAL_C(1.0),Complete energy balances,A,Annual,FC_E,Final consumption - energy use,E7000,Electricity,GWH,Gigawatt-hour,CZ,Czechia,2015,,54477.000,,,,,
dataflow,ESTAT:NRG_BAL_C(1.0),Complete energy balances,A,Annual,FC_E,Final consumption - energy use,E7000,Electricity,GWH,Gigawatt-hour,CZ,Czechia,2016,,55852.000,,,,,
dataflow,ESTAT:NRG_BAL_C(1.0),Complete energy balances,A,Annual,FC_E,Final consumption - energy use,E7000,Electricity,GWH,Gigawatt-hour,CZ,Czechia,2017,,57407.212,,,,,
dataflow,ESTAT:NRG_BAL_C(1.0),Complete energy balances,A,Annual,FC_E,Final consumption - energy use,E7000,Electricity,GWH,Gigawatt-hour,CZ,Czechia,2018,,58102.662,,,,,
dataflow,ESTAT:NRG_BAL_C(1.0),Complete energy balances,A,Annual,FC_E,Final consumption - energy use,E7000,Electricity,GWH,Gigawatt-hour,CZ,Czechia,2019,,58416.453,,,,,
dataflow,ESTAT:NRG_BAL_C(1.0),Complete energy balances,A,Annual,FC_E,Final consumption - energy use,E7000,Electricity,GWH,Gigawatt-hour,CZ,Czechia,2020,,57100.015,,,,,
dataflow,ESTAT:NRG_BAL_C(1.0),Complete energy balances,A,Annual,FC_E,Final consumption - energy use,E7000,Electricity,GWH,Gigawatt-hour,CZ,Czechia,2021,,59989.817,,,,,
dataflow,ESTAT:NRG_BAL_C(1.0),Complete energy balances,A,Annual,FC_E,Final consumption - energy use,E7000,Electricity,GWH,Gigawatt-hour,CZ,Czechia,2022,,57970.909,,,,,
dataflow,ESTAT:NRG_BAL_C(1.0),Complete energy balances,A,Annual,FC_E,Final consumption - energy use,E7000,Electricity,GWH,Gigawatt-hour,CZ,Czechia,2023,,55655.418,,,,,
dataflow,ESTAT:NRG_BAL_C(1.0),Complete energy balances,A,Annual,FC_E,Final consumption - energy use,E7000,Electricity,GWH,Gigawatt-hour,CZ,Czechia,2024,,54953.222,,,,,
dataflow,ESTAT:NRG_BAL_C(1.0),Complete energy balances,A,Annual,FC_E,Final consumption - energy use,E7000,Electricity,GWH,Gigawatt-hour,DE,Germany,1990,,455079.000,,,,,
dataflow,ESTAT:NRG_BAL_C(1.0),Complete energy balances,A,Annual,FC_E,Final consumption - energy use,E7000,Electricity,GWH,Gigawatt-hour,DE,Germany,1991,,455323.000,,,,,
dataflow,ESTAT:NRG_BAL_C(1.0),Complete energy balances,A,Annual,FC_E,Final consumption - energy use,E7000,Electricity,GWH,Gigawatt-hour,DE,Germany,1992,,450926.000,,,,,
dataflow,ESTAT:NRG_BAL_C(1.0),Complete energy balances,A,Annual,FC_E,Final consumption - energy use,E7000,Electricity,GWH,Gigawatt-hour,DE,Germany,1993,,446066.000,,,,,
dataflow,ESTAT:NRG_BAL_C(1.0),Complete energy balances,A,Annual,FC_E,Final consumption - energy use,E7000,Electricity,GWH,Gigawatt-hour,DE,Germany,1994,,443573.000,,,,,
dataflow,ESTAT:NRG_BAL_C(1.0),Complete energy balances,A,Annual,FC_E,Final consumption - energy use,E7000,Electricity,GWH,Gigawatt-hour,DE,Germany,1995,,451209.000,,,,,
dataflow,ESTAT:NRG_BAL_C(1.0),Complete energy balances,A,Annual,FC_E,Final consumption - energy use,E7000,Electricity,GWH,Gigawatt-hour,DE,Germany,1996,,458358.000,,,,,
dataflow,ESTAT:NRG_BAL_C(1.0),Complete energy balances,A,Annual,FC_E,Final consumption - energy use,E7000,Electricity,GWH,Gigawatt-hour,DE,Germany,1997,,461727.000,,,,,
dataflow,ESTAT:NRG_BAL_C(1.0),Complete energy balances,A,Annual,FC_E,Final consumption - energy use,E7000,Electricity,GWH,Gigawatt-hour,DE,Germany,1998,,466127.000,,,,,
dataflow,ESTAT:NRG_BAL_C(1.0),Complete energy balances,A,Annual,FC_E,Final consumption - energy use,E7000,Electricity,GWH,Gigawatt-hour,DE,Germany,1999,,473481.000,,,,,
dataflow,ESTAT:NRG_BAL_C(1.0),Complete energy balances,A,Annual,FC_E,Final consumption - energy use,E7000,Electricity,GWH,Gigawatt-hour,DE,Germany,2000,,483453.000,,,,,
dataflow,ESTAT:NRG_BAL_C(1.0),Complete energy balances,A,Annual,FC_E,Final consumption - energy use,E7000,Electricity,GWH,Gigawatt-hour,DE,Germany,2001,,495267.000,,,,,
dataflow,ESTAT:NRG_BAL_C(1.0),Complete energy balances,A,Annual,FC_E,Final consumption - energy use,E7000,Electricity,GWH,Gigawatt-hour,DE,Germany,2002,,508508.000,,,,,
dataflow,ESTAT:NRG_BAL_C(1.0),Complete energy balances,A,Annual,FC_E,Final consumption - energy use,E7000,Electricity,GWH,Gigawatt-hour,DE,Germany,2003,,514903.000,,,,,
dataflow,ESTAT:NRG_BAL_C(1.0),Complete energy balances,A,Annual,FC_E,Final consumption - energy use,E7000,Electricity,GWH,Gigawatt-hour,DE,Germany,2004,,521621.000,,,,,
dataflow,ESTAT:NRG_BAL_C(1.0),Complete energy balances,A,Annual,FC_E,Final consumption - energy use,E7000,Electricity,GWH,Gigawatt-hour,DE,Germany,2005,,522407.000,,,,,
dataflow,ESTAT:NRG_BAL_C(1.0),Complete energy balances,A,Annual,FC_E,Final consumption - energy use,E7000,Electricity,GWH,Gigawatt-hour,DE,Germany,2006,,528136.000,,,,,
dataflow,ESTAT:NRG_BAL_C(1.0),Complete energy balances,A,Annual,FC_E,Final consumption - energy use,E7000,Electricity,GWH,Gigawatt-hour,DE,Germany,2007,,529533.000,,,,,
dataflow,ESTAT:NRG_BAL_C(1.0),Complete energy balances,A,Annual,FC_E,Final consumption - energy use,E7000,Electricity,GWH,Gigawatt-hour,DE,Germany,2008,,527762.000,,,,,
dataflow,ESTAT:NRG_BAL_C(1.0),Complete energy balances,A,Annual,FC_E,Final consumption - energy use,E7000,Electricity,GWH,Gigawatt-hour,DE,Germany,2009,,497492.000,,,,,
dataflow,ESTAT:NRG_BAL_C(1.0),Complete energy balances,A,Annual,FC_E,Final consumption - energy use,E7000,Electricity,GWH,Gigawatt-hour,DE,Germany,2010,,532023.000,,,,,
dataflow,ESTAT:NRG_BAL_C(1.0),Complete energy balances,A,Annual,FC_E,Final consumption - energy use,E7000,Electricity,GWH,Gigawatt-hour,DE,Germany,2011,,524877.000,,,,,
dataflow,ESTAT:NRG_BAL_C(1.0),Complete energy balances,A,Annual,FC_E,Final consumption - energy use,E7000,Electricity,GWH,Gigawatt-hour,DE,Germany,2012,,524524.000,,,,,
dataflow,ESTAT:NRG_BAL_C(1.0),Complete energy balances,A,Annual,FC_E,Final consumption - energy use,E7000,Electricity,GWH,Gigawatt-hour,DE,Germany,2013,,522310.000,,,,,
dataflow,ESTAT:NRG_BAL_C(1.0),Complete energy balances,A,Annual,FC_E,Final consumption - energy use,E7000,Electricity,GWH,Gigawatt-hour,DE,Germany,2014,,511757.000,,,,,
dataflow,ESTAT:NRG_BAL_C(1.0),Complete energy balances,A,Annual,FC_E,Final consumption - energy use,E7000,Electricity,GWH,Gigawatt-hour,DE,Germany,2015,,514948.000,,,,,
dataflow,ESTAT:NRG_BAL_C(1.0),Complete energy balances,A,Annual,FC_E,Final consumption - energy use,E7000,Electricity,GWH,Gigawatt-hour,DE,Germany,2016,,517554.000,,,,,
dataflow,ESTAT:NRG_BAL_C(1.0),Complete energy balances,A,Annual,FC_E,Final consumption - energy use,E7000,Electricity,GWH,Gigawatt-hour,DE,Germany,2017,,518953.000,,,,,
dataflow,ESTAT:NRG_BAL_C(1.0),Complete energy balances,A,Annual,FC_E,Final consumption - energy use,E7000,Electricity,GWH,Gigawatt-hour,DE,Germany,2018,,509394.000,,,,,
dataflow,ESTAT:NRG_BAL_C(1.0),Complete energy balances,A,Annual,FC_E,Final consumption - energy use,E7000,Electricity,GWH,Gigawatt-hour,DE,Germany,2019,,496515.000,,,,,
dataflow,ESTAT:NRG_BAL_C(1.0),Complete energy balances,A,Annual,FC_E,Final consumption - energy use,E7000,Electricity,GWH,Gigawatt-hour,DE,Germany,2020,,482227.000,,,,,
dataflow,ESTAT:NRG_BAL_C(1.0),Complete energy balances,A,Annual,FC_E,Final consumption - energy use,E7000,Electricity,GWH,Gigawatt-hour,DE,Germany,2021,,499737.500,,,,,
dataflow,ESTAT:NRG_BAL_C(1.0),Complete energy balances,A,Annual,FC_E,Final consumption - energy use,E7000,Electricity,GWH,Gigawatt-hour,DE,Germany,2022,,477200.000,,,,,
dataflow,ESTAT:NRG_BAL_C(1.0),Complete energy balances,A,Annual,FC_E,Final consumption - energy use,E7000,Electricity,GWH,Gigawatt-hour,DE,Germany,2023,,463987.000,,,,,
dataflow,ESTAT:NRG_BAL_C(1.0),Complete energy balances,A,Annual,FC_E,Final consumption - energy use,E7000,Electricity,GWH,Gigawatt-hour,DE,Germany,2024,,471794.000,,,,,
dataflow,ESTAT:NRG_BAL_C(1.0),Complete energy balances,A,Annual,FC_E,Final consumption - energy use,E7000,Electricity,GWH,Gigawatt-hour,DK,Denmark,1990,,28370.000,,,,,
dataflow,ESTAT:NRG_BAL_C(1.0),Complete energy balances,A,Annual,FC_E,Final consumption - energy use,E7000,Electricity,GWH,Gigawatt-hour,DK,Denmark,1991,,29257.000,,,,,
dataflow,ESTAT:NRG_BAL_C(1.0),Complete energy balances,A,Annual,FC_E,Final consumption - energy use,E7000,Electricity,GWH,Gigawatt-hour,DK,Denmark,1992,,29750.000,,,,,
dataflow,ESTAT:NRG_BAL_C(1.0),Complete energy balances,A,Annual,FC_E,Final consumption - energy use,E7000,Electricity,GWH,Gigawatt-hour,DK,Denmark,1993,,30163.000,,,,,
dataflow,ESTAT:NRG_BAL_C(1.0),Complete energy balances,A,Annual,FC_E,Final consumption - energy use,E7000,Electricity,GWH,Gigawatt-hour,DK,Denmark,1994,,30756.000,,,,,
dataflow,ESTAT:NRG_BAL_C(1.0),Complete energy balances,A,Annual,FC_E,Final consumption - energy use,E7000,Electricity,GWH,Gigawatt-hour,DK,Denmark,1995,,30885.000,,,,,
dataflow,ESTAT:NRG_BAL_C(1.0),Complete energy balances,A,Annual,FC_E,Final consumption - energy use,E7000,Electricity,GWH,Gigawatt-hour,DK,Denmark,1996,,31709.000,,,,,
dataflow,ESTAT:NRG_BAL_C(1.0),Complete energy balances,A,Annual,FC_E,Final consumption - energy use,E7000,Electricity,GWH,Gigawatt-hour,DK,Denmark,1997,,31885.000,,,,,
dataflow,ESTAT:NRG_BAL_C(1.0),Complete energy balances,A,Annual,FC_E,Final consumption - energy use,E7000,Electricity,GWH,Gigawatt-hour,DK,Denmark,1998,,32057.000,,,,,
dataflow,ESTAT:NRG_BAL_C(1.0),Complete energy balances,A,Annual,FC_E,Final consumption - energy use,E7000,Electricity,GWH,Gigawatt-hour,DK,Denmark,1999,,32186.000,,,,,
dataflow,ESTAT:NRG_BAL_C(1.0),Complete energy balances,A,Annual,FC_E,Final consumption - energy use,E7000,Electricity,GWH,Gigawatt-hour,DK,Denmark,2000,,32457.000,,,,,
dataflow,ESTAT:NRG_BAL_C(1.0),Complete energy balances,A,Annual,FC_E,Final consumption - energy use,E7000,Electricity,GWH,Gigawatt-hour,DK,Denmark,2001,,32566.000,,,,,
dataflow,ESTAT:NRG_BAL_C(1.0),Complete energy balances,A,Annual,FC_E,Final consumption - energy use,E7000,Electricity,GWH,Gigawatt-hour,DK,Denmark,2002,,32514.000,,,,,
dataflow,ESTAT:NRG_BAL_C(1.0),Complete energy balances,A,Annual,FC_E,Final consumption - energy use,E7000,Electricity,GWH,Gigawatt-hour,DK,Denmark,2003,,32366.000,,,,,
dataflow,ESTAT:NRG_BAL_C(1.0),Complete energy balances,A,Annual,FC_E,Final consumption - energy use,E7000,Electricity,GWH,Gigawatt-hour,DK,Denmark,2004,,32973.000,,,,,
dataflow,ESTAT:NRG_BAL_C(1.0),Complete energy balances,A,Annual,FC_E,Final consumption - energy use,E7000,Electricity,GWH,Gigawatt-hour,DK,Denmark,2005,,33462.000,,,,,
dataflow,ESTAT:NRG_BAL_C(1.0),Complete energy balances,A,Annual,FC_E,Final consumption - energy use,E7000,Electricity,GWH,Gigawatt-hour,DK,Denmark,2006,,33786.000,,,,,
dataflow,ESTAT:NRG_BAL_C(1.0),Complete energy balances,A,Annual,FC_E,Final consumption - energy use,E7000,Electricity,GWH,Gigawatt-hour,DK,Denmark,2007,,33476.000,,,,,
dataflow,ESTAT:NRG_BAL_C(1.0),Complete energy balances,A,Annual,FC_E,Final consumption - energy use,E7000,Electricity,GWH,Gigawatt-hour,DK,Denmark,2008,,33123.000,,,,,
dataflow,ESTAT:NRG_BAL_C(1.0),Complete energy balances,A,Annual,FC_E,Final consumption - energy use,E7000,Electricity,GWH,Gigawatt-hour,DK,Denmark,2009,,31445.000,,,,,
dataflow,ESTAT:NRG_BAL_C(1.0),Complete energy balances,A,Annual,FC_E,Final consumption - energy use,E7000,Electricity,GWH,Gigawatt-hour,DK,Denmark,2010,,32058.000,,,,,
dataflow,ESTAT:NRG_BAL_C(1.0),Complete energy balances,A,Annual,FC_E,Final consumption - energy use,E7000,Electricity,GWH,Gigawatt-hour,DK,Denmark,2011,,31659.000,,,,,
dataflow,ESTAT:NRG_BAL_C(1.0),Complete energy balances,A,Annual,FC_E,Final consumption - energy use,E7000,Electricity,GWH,Gigawatt-hour,DK,Denmark,2012,,31181.000,,,,,
dataflow,ESTAT:NRG_BAL_C(1.0),Complete energy balances,A,Annual,FC_E,Final consumption - energy use,E7000,Electricity,GWH,Gigawatt-hour,DK,Denmark,2013,,31106.000,,,,,
dataflow,ESTAT:NRG_BAL_C(1.0),Complete energy balances,A,Annual,FC_E,Final consumption - energy use,E7000,Electricity,GWH,Gigawatt-hour,DK,Denmark,2014,,30775.000,,,,,
dataflow,ESTAT:NRG_BAL_C(1.0),Complete energy balances,A,Annual,FC_E,Final consumption - energy use,E7000,Electricity,GWH,Gigawatt-hour,DK,Denmark,2015,,30808.994,,,,,
dataflow,ESTAT:NRG_BAL_C(1.0),Complete energy balances,A,Annual,FC_E,Final consumption - energy use,E7000,Electricity,GWH,Gigawatt-hour,DK,Denmark,2016,,31094.251,,,,,
dataflow,ESTAT:NRG_BAL_C(1.0),Complete energy balances,A,Annual,FC_E,Final consumption - energy use,E7000,Electricity,GWH,Gigawatt-hour,DK,Denmark,2017,,31073.469,,,,,
dataflow,ESTAT:NRG_BAL_C(1.0),Complete energy balances,A,Annual,FC_E,Final consumption - energy use,E7000,Electricity,GWH,Gigawatt-hour,DK,Denmark,2018,,30692.019,,,,,
dataflow,ESTAT:NRG_BAL_C(1.0),Complete energy balances,A,Annual,FC_E,Final consumption - energy use,E7000,Electricity,GWH,Gigawatt-hour,DK,Denmark,2019,,30749.924,,,,,
dataflow,ESTAT:NRG_BAL_C(1.0),Complete energy balances,A,Annual,FC_E,Final consumption - energy use,E7000,Electricity,GWH,Gigawatt-hour,DK,Denmark,2020,,30258.091,,,,,
dataflow,ESTAT:NRG_BAL_C(1.0),Complete energy balances,A,Annual,FC_E,Final consumption - energy use,E7000,Electricity,GWH,Gigawatt-hour,DK,Denmark,2021,,32248.784,,,,,
dataflow,ESTAT:NRG_BAL_C(1.0),Complete energy balances,A,Annual,FC_E,Final consumption - energy use,E7000,Electricity,GWH,Gigawatt-hour,DK,Denmark,2022,,30813.277,,,,,
dataflow,ESTAT:NRG_BAL_C(1.0),Complete energy balances,A,Annual,FC_E,Final consumption - energy use,E7000,Electricity,GWH,Gigawatt-hour,DK,Denmark,2023,,30463.140,,,,,
dataflow,ESTAT:NRG_BAL_C(1.0),Complete energy balances,A,Annual,FC_E,Final consumption - energy use,E7000,Electricity,GWH,Gigawatt-hour,DK,Denmark,2024,,31862.817,,,,,
dataflow,ESTAT:NRG_BAL_C(1.0),Complete energy balances,A,Annual,FC_E,Final consumption - energy use,E7000,Electricity,GWH,Gigawatt-hour,EE,Estonia,1990,,6805.000,,,,,
dataflow,ESTAT:NRG_BAL_C(1.0),Complete energy balances,A,Annual,FC_E,Final consumption - energy use,E7000,Electricity,GWH,Gigawatt-hour,EE,Estonia,1991,,6715.000,,,,,
dataflow,ESTAT:NRG_BAL_C(1.0),Complete energy balances,A,Annual,FC_E,Final consumption - energy use,E7000,Electricity,GWH,Gigawatt-hour,EE,Estonia,1992,,5744.000,,,,,
dataflow,ESTAT:NRG_BAL_C(1.0),Complete energy balances,A,Annual,FC_E,Final consumption - energy use,E7000,Electricity,GWH,Gigawatt-hour,EE,Estonia,1993,,4540.000,,,,,
dataflow,ESTAT:NRG_BAL_C(1.0),Complete energy balances,A,Annual,FC_E,Final consumption - energy use,E7000,Electricity,GWH,Gigawatt-hour,EE,Estonia,1994,,4786.000,,,,,
dataflow,ESTAT:NRG_BAL_C(1.0),Complete energy balances,A,Annual,FC_E,Final consumption - energy use,E7000,Electricity,GWH,Gigawatt-hour,EE,Estonia,1995,,4556.000,,,,,
dataflow,ESTAT:NRG_BAL_C(1.0),Complete energy balances,A,Annual,FC_E,Final consumption - energy use,E7000,Electricity,GWH,Gigawatt-hour,EE,Estonia,1996,,4879.000,,,,,
dataflow,ESTAT:NRG_BAL_C(1.0),Complete energy balances,A,Annual,FC_E,Final consumption - energy use,E7000,Electricity,GWH,Gigawatt-hour,EE,Estonia,1997,,5158.000,,,,,
dataflow,ESTAT:NRG_BAL_C(1.0),Complete energy balances,A,Annual,FC_E,Final consumption - energy use,E7000,Electricity,GWH,Gigawatt-hour,EE,Estonia,1998,,5155.000,,,,,
dataflow,ESTAT:NRG_BAL_C(1.0),Complete energy balances,A,Annual,FC_E,Final consumption - energy use,E7000,Electricity,GWH,Gigawatt-hour,EE,Estonia,1999,,4828.000,,,,,
dataflow,ESTAT:NRG_BAL_C(1.0),Complete energy balances,A,Annual,FC_E,Final consumption - energy use,E7000,Electricity,GWH,Gigawatt-hour,EE,Estonia,2000,,5015.000,,,,,
dataflow,ESTAT:NRG_BAL_C(1.0),Complete energy balances,A,Annual,FC_E,Final consumption - energy use,E7000,Electricity,GWH,Gigawatt-hour,EE,Estonia,2001,,5168.000,,,,,
dataflow,ESTAT:NRG_BAL_C(1.0),Complete energy balances,A,Annual,FC_E,Final consumption - energy use,E7000,Electricity,GWH,Gigawatt-hour,EE,Estonia,2002,,5335.000,,,,,
dataflow,ESTAT:NRG_BAL_C(1.0),Complete energy balances,A,Annual,FC_E,Final consumption - energy use,E7000,Electricity,GWH,Gigawatt-hour,EE,Estonia,2003,,5596.000,,,,,
dataflow,ESTAT:NRG_BAL_C(1.0),Complete energy balances,A,Annual,FC_E,Final consumption - energy use,E7000,Electricity,GWH,Gigawatt-hour,EE,Estonia,2004,,5913.000,,,,,
dataflow,ESTAT:NRG_BAL_C(1.0),Complete energy balances,A,Annual,FC_E,Final consumption - energy use,E7000,Electricity,GWH,Gigawatt-hour,EE,Estonia,2005,,6040.000,,,,,
dataflow,ESTAT:NRG_BAL_C(1.0),Complete energy balances,A,Annual,FC_E,Final consumption - energy use,E7000,Electricity,GWH,Gigawatt-hour,EE,Estonia,2006,,6490.000,,,,,
dataflow,ESTAT:NRG_BAL_C(1.0),Complete energy balances,A,Annual,FC_E,Final consumption - energy use,E7000,Electricity,GWH,Gigawatt-hour,EE,Estonia,2007,,6795.000,,,,,
dataflow,ESTAT:NRG_BAL_C(1.0),Complete energy balances,A,Annual,FC_E,Final consumption - energy use,E7000,Electricity,GWH,Gigawatt-hour,EE,Estonia,2008,,7004.000,,,,,
dataflow,ESTAT:NRG_BAL_C(1.0),Complete energy balances,A,Annual,FC_E,Final consumption - energy use,E7000,Electricity,GWH,Gigawatt-hour,EE,Estonia,2009,,6650.000,,,,,
dataflow,ESTAT:NRG_BAL_C(1.0),Complete energy balances,A,Annual,FC_E,Final consumption - energy use,E7000,Electricity,GWH,Gigawatt-hour,EE,Estonia,2010,,6908.000,,,,,
dataflow,ESTAT:NRG_BAL_C(1.0),Complete energy balances,A,Annual,FC_E,Final consumption - energy use,E7000,Electricity,GWH,Gigawatt-hour,EE,Estonia,2011,,6627.000,,,,,
dataflow,ESTAT:NRG_BAL_C(1.0),Complete energy balances,A,Annual,FC_E,Final consumption - energy use,E7000,Electricity,GWH,Gigawatt-hour,EE,Estonia,2012,,6978.000,,,,,
dataflow,ESTAT:NRG_BAL_C(1.0),Complete energy balances,A,Annual,FC_E,Final consumption - energy use,E7000,Electricity,GWH,Gigawatt-hour,EE,Estonia,2013,,6820.000,,,,,
dataflow,ESTAT:NRG_BAL_C(1.0),Complete energy balances,A,Annual,FC_E,Final consumption - energy use,E7000,Electricity,GWH,Gigawatt-hour,EE,Estonia,2014,,6906.000,,,,,
dataflow,ESTAT:NRG_BAL_C(1.0),Complete energy balances,A,Annual,FC_E,Final consumption - energy use,E7000,Electricity,GWH,Gigawatt-hour,EE,Estonia,2015,,6852.000,,,,,
dataflow,ESTAT:NRG_BAL_C(1.0),Complete energy balances,A,Annual,FC_E,Final consumption - energy use,E7000,Electricity,GWH,Gigawatt-hour,EE,Estonia,2016,,7299.000,,,,,
dataflow,ESTAT:NRG_BAL_C(1.0),Complete energy balances,A,Annual,FC_E,Final consumption - energy use,E7000,Electricity,GWH,Gigawatt-hour,EE,Estonia,2017,,7232.492,,,,,
dataflow,ESTAT:NRG_BAL_C(1.0),Complete energy balances,A,Annual,FC_E,Final consumption - energy use,E7000,Electricity,GWH,Gigawatt-hour,EE,Estonia,2018,,7491.000,,,,,
dataflow,ESTAT:NRG_BAL_C(1.0),Complete energy balances,A,Annual,FC_E,Final consumption - energy use,E7000,Electricity,GWH,Gigawatt-hour,EE,Estonia,2019,,7316.940,,,,,
dataflow,ESTAT:NRG_BAL_C(1.0),Complete energy balances,A,Annual,FC_E,Final consumption - energy use,E7000,Electricity,GWH,Gigawatt-hour,EE,Estonia,2020,,7180.060,,,,,
dataflow,ESTAT:NRG_BAL_C(1.0),Complete energy balances,A,Annual,FC_E,Final consumption - energy use,E7000,Electricity,GWH,Gigawatt-hour,EE,Estonia,2021,,7883.585,,,,,
dataflow,ESTAT:NRG_BAL_C(1.0),Complete energy balances,A,Annual,FC_E,Final consumption - energy use,E7000,Electricity,GWH,Gigawatt-hour,EE,Estonia,2022,,7141.760,,,,,
dataflow,ESTAT:NRG_BAL_C(1.0),Complete energy balances,A,Annual,FC_E,Final consumption - energy use,E7000,Electricity,GWH,Gigawatt-hour,EE,Estonia,2023,,6001.800,,,,,
dataflow,ESTAT:NRG_BAL_C(1.0),Complete energy balances,A,Annual,FC_E,Final consumption - energy use,E7000,Electricity,GWH,Gigawatt-hour,EE,Estonia,2024,,6818.486,,,,,
dataflow,ESTAT:NRG_BAL_C(1.0),Complete energy balances,A,Annual,FC_E,Final consumption - energy use,E7000,Electricity,GWH,Gigawatt-hour,EL,Greece,1990,,28471.000,,,,,
dataflow,ESTAT:NRG_BAL_C(1.0),Complete energy balances,A,Annual,FC_E,Final consumption - energy use,E7000,Electricity,GWH,Gigawatt-hour,EL,Greece,1991,,29332.000,,,,,
dataflow,ESTAT:NRG_BAL_C(1.0),Complete energy balances,A,Annual,FC_E,Final consumption - energy use,E7000,Electricity,GWH,Gigawatt-hour,EL,Greece,1992,,30701.000,,,,,
dataflow,ESTAT:NRG_BAL_C(1.0),Complete energy balances,A,Annual,FC_E,Final consumption - energy use,E7000,Electricity,GWH,Gigawatt-hour,EL,Greece,1993,,31179.000,,,,,
dataflow,ESTAT:NRG_BAL_C(1.0),Complete energy balances,A,Annual,FC_E,Final consumption - energy use,E7000,Electricity,GWH,Gigawatt-hour,EL,Greece,1994,,32703.000,,,,,
dataflow,ESTAT:NRG_BAL_C(1.0),Complete energy balances,A,Annual,FC_E,Final consumption - energy use,E7000,Electricity,GWH,Gigawatt-hour,EL,Greece,1995,,34087.000,,,,,
dataflow,ESTAT:NRG_BAL_C(1.0),Complete energy balances,A,Annual,FC_E,Final consumption - energy use,E7000,Electricity,GWH,Gigawatt-hour,EL,Greece,1996,,35564.000,,,,,
dataflow,ESTAT:NRG_BAL_C(1.0),Complete energy balances,A,Annual,FC_E,Final consumption - energy use,E7000,Electricity,GWH,Gigawatt-hour,EL,Greece,1997,,37213.000,,,,,
dataflow,ESTAT:NRG_BAL_C(1.0),Complete energy balances,A,Annual,FC_E,Final consumption - energy use,E7000,Electricity,GWH,Gigawatt-hour,EL,Greece,1998,,39312.000,,,,,
dataflow,ESTAT:NRG_BAL_C(1.0),Complete energy balances,A,Annual,FC_E,Final consumption - energy use,E7000,Electricity,GWH,Gigawatt-hour,EL,Greece,1999,,40617.000,,,,,
dataflow,ESTAT:NRG_BAL_C(1.0),Complete energy balances,A,Annual,FC_E,Final consumption - energy use,E7000,Electricity,GWH,Gigawatt-hour,EL,Greece,2000,,43151.000,,,,,
dataflow,ESTAT:NRG_BAL_C(1.0),Complete energy balances,A,Annual,FC_E,Final consumption - energy use,E7000,Electricity,GWH,Gigawatt-hour,EL,Greece,2001,,44542.000,,,,,
dataflow,ESTAT:NRG_BAL_C(1.0),Complete energy balances,A,Annual,FC_E,Final consumption - energy use,E7000,Electricity,GWH,Gigawatt-hour,EL,Greece,2002,,46599.000,,,,,
dataflow,ESTAT:NRG_BAL_C(1.0),Complete energy balances,A,Annual,FC_E,Final consumption - energy use,E7000,Electricity,GWH,Gigawatt-hour,EL,Greece,2003,,48625.000,,,,,
dataflow,ESTAT:NRG_BAL_C(1.0),Complete energy balances,A,Annual,FC_E,Final consumption - energy use,E7000,Electricity,GWH,Gigawatt-hour,EL,Greece,2004,,49738.000,,,,,
dataflow,ESTAT:NRG_BAL_C(1.0),Complete energy balances,A,Annual,FC_E,Final consumption - energy use,E7000,Electricity,GWH,Gigawatt-hour,EL,Greece,2005,,50904.000,,,,,
dataflow,ESTAT:NRG_BAL_C(1.0),Complete energy balances,A,Annual,FC_E,Final consumption - energy use,E7000,Electricity,GWH,Gigawatt-hour,EL,Greece,2006,,52523.000,,,,,
dataflow,ESTAT:NRG_BAL_C(1.0),Complete energy balances,A,Annual,FC_E,Final consumption - energy use,E7000,Electricity,GWH,Gigawatt-hour,EL,Greece,2007,,55190.000,,,,,
dataflow,ESTAT:NRG_BAL_C(1.0),Complete energy balances,A,Annual,FC_E,Final consumption - energy use,E7000,Electricity,GWH,Gigawatt-hour,EL,Greece,2008,,56646.000,,,,,
dataflow,ESTAT:NRG_BAL_C(1.0),Complete energy balances,A,Annual,FC_E,Final consumption - energy use,E7000,Electricity,GWH,Gigawatt-hour,EL,Greece,2009,,54713.000,,,,,
dataflow,ESTAT:NRG_BAL_C(1.0),Complete energy balances,A,Annual,FC_E,Final consumption - energy use,E7000,Electricity,GWH,Gigawatt-hour,EL,Greece,2010,,53120.000,,,,,
dataflow,ESTAT:NRG_BAL_C(1.0),Complete energy balances,A,Annual,FC_E,Final consumption - energy use,E7000,Electricity,GWH,Gigawatt-hour,EL,Greece,2011,,51794.000,,,,,
dataflow,ESTAT:NRG_BAL_C(1.0),Complete energy balances,A,Annual,FC_E,Final consumption - energy use,E7000,Electricity,GWH,Gigawatt-hour,EL,Greece,2012,,52017.000,,,,,
dataflow,ESTAT:NRG_BAL_C(1.0),Complete energy balances,A,Annual,FC_E,Final consumption - energy use,E7000,Electricity,GWH,Gigawatt-hour,EL,Greece,2013,,48791.000,,,,,
dataflow,ESTAT:NRG_BAL_C(1.0),Complete energy balances,A,Annual,FC_E,Final consumption - energy use,E7000,Electricity,GWH,Gigawatt-hour,EL,Greece,2014,,49500.000,,,,,
dataflow,ESTAT:NRG_BAL_C(1.0),Complete energy balances,A,Annual,FC_E,Final consumption - energy use,E7000,Electricity,GWH,Gigawatt-hour,EL,Greece,2015,,50787.000,,,,,
dataflow,ESTAT:NRG_BAL_C(1.0),Complete energy balances,A,Annual,FC_E,Final consumption - energy use,E7000,Electricity,GWH,Gigawatt-hour,EL,Greece,2016,,53363.000,,,,,
dataflow,ESTAT:NRG_BAL_C(1.0),Complete energy balances,A,Annual,FC_E,Final consumption - energy use,E7000,Electricity,GWH,Gigawatt-hour,EL,Greece,2017,,53969.427,,,,,
dataflow,ESTAT:NRG_BAL_C(1.0),Complete energy balances,A,Annual,FC_E,Final consumption - energy use,E7000,Electricity,GWH,Gigawatt-hour,EL,Greece,2018,,49470.150,,,,,
dataflow,ESTAT:NRG_BAL_C(1.0),Complete energy balances,A,Annual,FC_E,Final consumption - energy use,E7000,Electricity,GWH,Gigawatt-hour,EL,Greece,2019,,50197.304,,,,,
dataflow,ESTAT:NRG_BAL_C(1.0),Complete energy balances,A,Annual,FC_E,Final consumption - energy use,E7000,Electricity,GWH,Gigawatt-hour,EL,Greece,2020,,47529.365,,,,,
dataflow,ESTAT:NRG_BAL_C(1.0),Complete energy balances,A,Annual,FC_E,Final consumption - energy use,E7000,Electricity,GWH,Gigawatt-hour,EL,Greece,2021,,49242.438,,,,,
dataflow,ESTAT:NRG_BAL_C(1.0),Complete energy balances,A,Annual,FC_E,Final consumption - energy use,E7000,Electricity,GWH,Gigawatt-hour,EL,Greece,2022,,48128.133,,,,,
dataflow,ESTAT:NRG_BAL_C(1.0),Complete energy balances,A,Annual,FC_E,Final consumption - energy use,E7000,Electricity,GWH,Gigawatt-hour,EL,Greece,2023,,45816.522,,,,,
dataflow,ESTAT:NRG_BAL_C(1.0),Complete energy balances,A,Annual,FC_E,Final consumption - energy use,E7000,Electricity,GWH,Gigawatt-hour,EL,Greece,2024,,49519.075,,,,,
dataflow,ESTAT:NRG_BAL_C(1.0),Complete energy balances,A,Annual,FC_E,Final consumption - energy use,E7000,Electricity,GWH,Gigawatt-hour,ES,Spain,1990,,125799.000,,,,,
dataflow,ESTAT:NRG_BAL_C(1.0),Complete energy balances,A,Annual,FC_E,Final consumption - energy use,E7000,Electricity,GWH,Gigawatt-hour,ES,Spain,1991,,128637.000,,,,,
dataflow,ESTAT:NRG_BAL_C(1.0),Complete energy balances,A,Annual,FC_E,Final consumption - energy use,E7000,Electricity,GWH,Gigawatt-hour,ES,Spain,1992,,130769.000,,,,,
dataflow,ESTAT:NRG_BAL_C(1.0),Complete energy balances,A,Annual,FC_E,Final consumption - energy use,E7000,Electricity,GWH,Gigawatt-hour,ES,Spain,1993,,130683.000,,,,,
dataflow,ESTAT:NRG_BAL_C(1.0),Complete energy balances,A,Annual,FC_E,Final consumption - energy use,E7000,Electricity,GWH,Gigawatt-hour,ES,Spain,1994,,136965.000,,,,,
dataflow,ESTAT:NRG_BAL_C(1.0),Complete energy balances,A,Annual,FC_E,Final consumption - energy use,E7000,Electricity,GWH,Gigawatt-hour,ES,Spain,1995,,140911.000,,,,,
dataflow,ESTAT:NRG_BAL_C(1.0),Complete energy balances,A,Annual,FC_E,Final consumption - energy use,E7000,Electricity,GWH,Gigawatt-hour,ES,Spain,1996,,147182.000,,,,,
dataflow,ESTAT:NRG_BAL_C(1.0),Complete energy balances,A,Annual,FC_E,Final consumption - energy use,E7000,Electricity,GWH,Gigawatt-hour,ES,Spain,1997,,159028.000,,,,,
dataflow,ESTAT:NRG_BAL_C(1.0),Complete energy balances,A,Annual,FC_E,Final consumption - energy use,E7000,Electricity,GWH,Gigawatt-hour,ES,Spain,1998,,165173.000,,,,,
dataflow,ESTAT:NRG_BAL_C(1.0),Complete energy balances,A,Annual,FC_E,Final consumption - energy use,E7000,Electricity,GWH,Gigawatt-hour,ES,Spain,1999,,177252.000,,,,,
dataflow,ESTAT:NRG_BAL_C(1.0),Complete energy balances,A,Annual,FC_E,Final consumption - energy use,E7000,Electricity,GWH,Gigawatt-hour,ES,Spain,2000,,188459.000,,,,,
dataflow,ESTAT:NRG_BAL_C(1.0),Complete energy balances,A,Annual,FC_E,Final consumption - energy use,E7000,Electricity,GWH,Gigawatt-hour,ES,Spain,2001,,200953.000,,,,,
dataflow,ESTAT:NRG_BAL_C(1.0),Complete energy balances,A,Annual,FC_E,Final consumption - energy use,E7000,Electricity,GWH,Gigawatt-hour,ES,Spain,2002,,205510.000,,,,,
dataflow,ESTAT:NRG_BAL_C(1.0),Complete energy balances,A,Annual,FC_E,Final consumption - energy use,E7000,Electricity,GWH,Gigawatt-hour,ES,Spain,2003,,217898.000,,,,,
dataflow,ESTAT:NRG_BAL_C(1.0),Complete energy balances,A,Annual,FC_E,Final consumption - energy use,E7000,Electricity,GWH,Gigawatt-hour,ES,Spain,2004,,230669.000,,,,,
dataflow,ESTAT:NRG_BAL_C(1.0),Complete energy balances,A,Annual,FC_E,Final consumption - energy use,E7000,Electricity,GWH,Gigawatt-hour,ES,Spain,2005,,242222.000,,,,,
dataflow,ESTAT:NRG_BAL_C(1.0),Complete energy balances,A,Annual,FC_E,Final consumption - energy use,E7000,Electricity,GWH,Gigawatt-hour,ES,Spain,2006,,246125.000,,,,,
dataflow,ESTAT:NRG_BAL_C(1.0),Complete energy balances,A,Annual,FC_E,Final consumption - energy use,E7000,Electricity,GWH,Gigawatt-hour,ES,Spain,2007,,250785.000,,,,,
dataflow,ESTAT:NRG_BAL_C(1.0),Complete energy balances,A,Annual,FC_E,Final consumption - energy use,E7000,Electricity,GWH,Gigawatt-hour,ES,Spain,2008,,255094.000,,,,,
dataflow,ESTAT:NRG_BAL_C(1.0),Complete energy balances,A,Annual,FC_E,Final consumption - energy use,E7000,Electricity,GWH,Gigawatt-hour,ES,Spain,2009,,239778.000,,,,,
dataflow,ESTAT:NRG_BAL_C(1.0),Complete energy balances,A,Annual,FC_E,Final consumption - energy use,E7000,Electricity,GWH,Gigawatt-hour,ES,Spain,2010,,244802.000,,,,,
dataflow,ESTAT:NRG_BAL_C(1.0),Complete energy balances,A,Annual,FC_E,Final consumption - energy use,E7000,Electricity,GWH,Gigawatt-hour,ES,Spain,2011,,243509.000,,,,,
dataflow,ESTAT:NRG_BAL_C(1.0),Complete energy balances,A,Annual,FC_E,Final consumption - energy use,E7000,Electricity,GWH,Gigawatt-hour,ES,Spain,2012,,240248.000,,,,,
dataflow,ESTAT:NRG_BAL_C(1.0),Complete energy balances,A,Annual,FC_E,Final consumption - energy use,E7000,Electricity,GWH,Gigawatt-hour,ES,Spain,2013,,230087.000,,,,,
dataflow,ESTAT:NRG_BAL_C(1.0),Complete energy balances,A,Annual,FC_E,Final consumption - energy use,E7000,Electricity,GWH,Gigawatt-hour,ES,Spain,2014,,226897.000,,,,,
dataflow,ESTAT:NRG_BAL_C(1.0),Complete energy balances,A,Annual,FC_E,Final consumption - energy use,E7000,Electricity,GWH,Gigawatt-hour,ES,Spain,2015,,232038.000,,,,,
dataflow,ESTAT:NRG_BAL_C(1.0),Complete energy balances,A,Annual,FC_E,Final consumption - energy use,E7000,Electricity,GWH,Gigawatt-hour,ES,Spain,2016,,232515.000,,,,,
dataflow,ESTAT:NRG_BAL_C(1.0),Complete energy balances,A,Annual,FC_E,Final consumption - energy use,E7000,Electricity,GWH,Gigawatt-hour,ES,Spain,2017,,239101.000,,,,,
dataflow,ESTAT:NRG_BAL_C(1.0),Complete energy balances,A,Annual,FC_E,Final consumption - energy use,E7000,Electricity,GWH,Gigawatt-hour,ES,Spain,2018,,238465.000,,,,,
dataflow,ESTAT:NRG_BAL_C(1.0),Complete energy balances,A,Annual,FC_E,Final consumption - energy use,E7000,Electricity,GWH,Gigawatt-hour,ES,Spain,2019,,234529.000,,,,,
dataflow,ESTAT:NRG_BAL_C(1.0),Complete energy balances,A,Annual,FC_E,Final consumption - energy use,E7000,Electricity,GWH,Gigawatt-hour,ES,Spain,2020,,219655.000,,,,,
dataflow,ESTAT:NRG_BAL_C(1.0),Complete energy balances,A,Annual,FC_E,Final consumption - energy use,E7000,Electricity,GWH,Gigawatt-hour,ES,Spain,2021,,227880.000,,,,,
dataflow,ESTAT:NRG_BAL_C(1.0),Complete energy balances,A,Annual,FC_E,Final consumption - energy use,E7000,Electricity,GWH,Gigawatt-hour,ES,Spain,2022,,224366.000,,,,,
dataflow,ESTAT:NRG_BAL_C(1.0),Complete energy balances,A,Annual,FC_E,Final consumption - energy use,E7000,Electricity,GWH,Gigawatt-hour,ES,Spain,2023,,222672.960,,,,,
dataflow,ESTAT:NRG_BAL_C(1.0),Complete energy balances,A,Annual,FC_E,Final consumption - energy use,E7000,Electricity,GWH,Gigawatt-hour,ES,Spain,2024,,229964.370,,,,,
dataflow,ESTAT:NRG_BAL_C(1.0),Complete energy balances,A,Annual,FC_E,Final consumption - energy use,E7000,Electricity,GWH,Gigawatt-hour,EU27_2020,European Union - 27 countries (from 2020),1990,,1886866.299,,,,,
dataflow,ESTAT:NRG_BAL_C(1.0),Complete energy balances,A,Annual,FC_E,Final consumption - energy use,E7000,Electricity,GWH,Gigawatt-hour,EU27_2020,European Union - 27 countries (from 2020),1991,,1895789.846,,,,,
dataflow,ESTAT:NRG_BAL_C(1.0),Complete energy balances,A,Annual,FC_E,Final consumption - energy use,E7000,Electricity,GWH,Gigawatt-hour,EU27_2020,European Union - 27 countries (from 2020),1992,,1888605.001,,,,,
dataflow,ESTAT:NRG_BAL_C(1.0),Complete energy balances,A,Annual,FC_E,Final consumption - energy use,E7000,Electricity,GWH,Gigawatt-hour,EU27_2020,European Union - 27 countries (from 2020),1993,,1883864.312,,,,,
dataflow,ESTAT:NRG_BAL_C(1.0),Complete energy balances,A,Annual,FC_E,Final consumption - energy use,E7000,Electricity,GWH,Gigawatt-hour,EU27_2020,European Union - 27 countries (from 2020),1994,,1914747.869,,,,,
dataflow,ESTAT:NRG_BAL_C(1.0),Complete energy balances,A,Annual,FC_E,Final consumption - energy use,E7000,Electricity,GWH,Gigawatt-hour,EU27_2020,European Union - 27 countries (from 2020),1995,,1962552.758,,,,,
dataflow,ESTAT:NRG_BAL_C(1.0),Complete energy balances,A,Annual,FC_E,Final consumption - energy use,E7000,Electricity,GWH,Gigawatt-hour,EU27_2020,European Union - 27 countries (from 2020),1996,,2020590.363,,,,,
dataflow,ESTAT:NRG_BAL_C(1.0),Complete energy balances,A,Annual,FC_E,Final consumption - energy use,E7000,Electricity,GWH,Gigawatt-hour,EU27_2020,European Union - 27 countries (from 2020),1997,,2054726.631,,,,,
dataflow,ESTAT:NRG_BAL_C(1.0),Complete energy balances,A,Annual,FC_E,Final consumption - energy use,E7000,Electricity,GWH,Gigawatt-hour,EU27_2020,European Union - 27 countries (from 2020),1998,,2094956.766,,,,,
dataflow,ESTAT:NRG_BAL_C(1.0),Complete energy balances,A,Annual,FC_E,Final consumption - energy use,E7000,Electricity,GWH,Gigawatt-hour,EU27_2020,European Union - 27 countries (from 2020),1999,,2134148.567,,,,,
dataflow,ESTAT:NRG_BAL_C(1.0),Complete energy balances,A,Annual,FC_E,Final consumption - energy use,E7000,Electricity,GWH,Gigawatt-hour,EU27_2020,European Union - 27 countries (from 2020),2000,,2197997.384,,,,,
dataflow,ESTAT:NRG_BAL_C(1.0),Complete energy balances,A,Annual,FC_E,Final consumption - energy use,E7000,Electricity,GWH,Gigawatt-hour,EU27_2020,European Union - 27 countries (from 2020),2001,,2259699.623,,,,,
dataflow,ESTAT:NRG_BAL_C(1.0),Complete energy balances,A,Annual,FC_E,Final consumption - energy use,E7000,Electricity,GWH,Gigawatt-hour,EU27_2020,European Union - 27 countries (from 2020),2002,,2287924.241,,,,,
dataflow,ESTAT:NRG_BAL_C(1.0),Complete energy balances,A,Annual,FC_E,Final consumption - energy use,E7000,Electricity,GWH,Gigawatt-hour,EU27_2020,European Union - 27 countries (from 2020),2003,,2350208.304,,,,,
dataflow,ESTAT:NRG_BAL_C(1.0),Complete energy balances,A,Annual,FC_E,Final consumption - energy use,E7000,Electricity,GWH,Gigawatt-hour,EU27_2020,European Union - 27 countries (from 2020),2004,,2405668.534,,,,,
dataflow,ESTAT:NRG_BAL_C(1.0),Complete energy balances,A,Annual,FC_E,Final consumption - energy use,E7000,Electricity,GWH,Gigawatt-hour,EU27_2020,European Union - 27 countries (from 2020),2005,,2435673.705,,,,,
dataflow,ESTAT:NRG_BAL_C(1.0),Complete energy balances,A,Annual,FC_E,Final consumption - energy use,E7000,Electricity,GWH,Gigawatt-hour,EU27_2020,European Union - 27 countries (from 2020),2006,,2487965.275,,,,,
dataflow,ESTAT:NRG_BAL_C(1.0),Complete energy balances,A,Annual,FC_E,Final consumption - energy use,E7000,Electricity,GWH,Gigawatt-hour,EU27_2020,European Union - 27 countries (from 2020),2007,,2507601.538,,,,,
dataflow,ESTAT:NRG_BAL_C(1.0),Complete energy balances,A,Annual,FC_E,Final consumption - energy use,E7000,Electricity,GWH,Gigawatt-hour,EU27_2020,European Union - 27 countries (from 2020),2008,,2521047.667,,,,,
dataflow,ESTAT:NRG_BAL_C(1.0),Complete energy balances,A,Annual,FC_E,Final consumption - energy use,E7000,Electricity,GWH,Gigawatt-hour,EU27_2020,European Union - 27 countries (from 2020),2009,,2392832.602,,,,,
dataflow,ESTAT:NRG_BAL_C(1.0),Complete energy balances,A,Annual,FC_E,Final consumption - energy use,E7000,Electricity,GWH,Gigawatt-hour,EU27_2020,European Union - 27 countries (from 2020),2010,,2510554.529,,,,,
dataflow,ESTAT:NRG_BAL_C(1.0),Complete energy balances,A,Annual,FC_E,Final consumption - energy use,E7000,Electricity,GWH,Gigawatt-hour,EU27_2020,European Union - 27 countries (from 2020),2011,,2475193.118,,,,,
dataflow,ESTAT:NRG_BAL_C(1.0),Complete energy balances,A,Annual,FC_E,Final consumption - energy use,E7000,Electricity,GWH,Gigawatt-hour,EU27_2020,European Union - 27 countries (from 2020),2012,,2483534.164,,,,,
dataflow,ESTAT:NRG_BAL_C(1.0),Complete energy balances,A,Annual,FC_E,Final consumption - energy use,E7000,Electricity,GWH,Gigawatt-hour,EU27_2020,European Union - 27 countries (from 2020),2013,,2460535.531,,,,,
dataflow,ESTAT:NRG_BAL_C(1.0),Complete energy balances,A,Annual,FC_E,Final consumption - energy use,E7000,Electricity,GWH,Gigawatt-hour,EU27_2020,European Union - 27 countries (from 2020),2014,,2408646.273,,,,,
dataflow,ESTAT:NRG_BAL_C(1.0),Complete energy balances,A,Annual,FC_E,Final consumption - energy use,E7000,Electricity,GWH,Gigawatt-hour,EU27_2020,European Union - 27 countries (from 2020),2015,,2449355.658,,,,,
dataflow,ESTAT:NRG_BAL_C(1.0),Complete energy balances,A,Annual,FC_E,Final consumption - energy use,E7000,Electricity,GWH,Gigawatt-hour,EU27_2020,European Union - 27 countries (from 2020),2016,,2480308.585,,,,,
dataflow,ESTAT:NRG_BAL_C(1.0),Complete energy balances,A,Annual,FC_E,Final consumption - energy use,E7000,Electricity,GWH,Gigawatt-hour,EU27_2020,European Union - 27 countries (from 2020),2017,,2504711.863,,,,,
dataflow,ESTAT:NRG_BAL_C(1.0),Complete energy balances,A,Annual,FC_E,Final consumption - energy use,E7000,Electricity,GWH,Gigawatt-hour,EU27_2020,European Union - 27 countries (from 2020),2018,,2504688.462,,,,,
dataflow,ESTAT:NRG_BAL_C(1.0),Complete energy balances,A,Annual,FC_E,Final consumption - energy use,E7000,Electricity,GWH,Gigawatt-hour,EU27_2020,European Union - 27 countries (from 2020),2019,,2477473.966,,,,,
dataflow,ESTAT:NRG_BAL_C(1.0),Complete energy balances,A,Annual,FC_E,Final consumption - energy use,E7000,Electricity,GWH,Gigawatt-hour,EU27_2020,European Union - 27 countries (from 2020),2020,,2383872.294,,,,,
dataflow,ESTAT:NRG_BAL_C(1.0),Complete energy balances,A,Annual,FC_E,Final consumption - energy use,E7000,Electricity,GWH,Gigawatt-hour,EU27_2020,European Union - 27 countries (from 2020),2021,,2490532.259,,,,,
dataflow,ESTAT:NRG_BAL_C(1.0),Complete energy balances,A,Annual,FC_E,Final consumption - energy use,E7000,Electricity,GWH,Gigawatt-hour,EU27_2020,European Union - 27 countries (from 2020),2022,,2405932.805,,,,,
dataflow,ESTAT:NRG_BAL_C(1.0),Complete energy balances,A,Annual,FC_E,Final consumption - energy use,E7000,Electricity,GWH,Gigawatt-hour,EU27_2020,European Union - 27 countries (from 2020),2023,,2340040.247,,,,,
dataflow,ESTAT:NRG_BAL_C(1.0),Complete energy balances,A,Annual,FC_E,Final consumption - energy use,E7000,Electricity,GWH,Gigawatt-hour,EU27_2020,European Union - 27 countries (from 2020),2024,,2392551.209,,,,,
dataflow,ESTAT:NRG_BAL_C(1.0),Complete energy balances,A,Annual,FC_E,Final consumption - energy use,E7000,Electricity,GWH,Gigawatt-hour,FI,Finland,1990,,58943.000,,,,,
dataflow,ESTAT:NRG_BAL_C(1.0),Complete energy balances,A,Annual,FC_E,Final consumption - energy use,E7000,Electricity,GWH,Gigawatt-hour,FI,Finland,1991,,59087.000,,,,,
dataflow,ESTAT:NRG_BAL_C(1.0),Complete energy balances,A,Annual,FC_E,Final consumption - energy use,E7000,Electricity,GWH,Gigawatt-hour,FI,Finland,1992,,59758.000,,,,,
dataflow,ESTAT:NRG_BAL_C(1.0),Complete energy balances,A,Annual,FC_E,Final consumption - energy use,E7000,Electricity,GWH,Gigawatt-hour,FI,Finland,1993,,62267.000,,,,,
dataflow,ESTAT:NRG_BAL_C(1.0),Complete energy balances,A,Annual,FC_E,Final consumption - energy use,E7000,Electricity,GWH,Gigawatt-hour,FI,Finland,1994,,65052.000,,,,,
dataflow,ESTAT:NRG_BAL_C(1.0),Complete energy balances,A,Annual,FC_E,Final consumption - energy use,E7000,Electricity,GWH,Gigawatt-hour,FI,Finland,1995,,65217.000,,,,,
dataflow,ESTAT:NRG_BAL_C(1.0),Complete energy balances,A,Annual,FC_E,Final consumption - energy use,E7000,Electricity,GWH,Gigawatt-hour,FI,Finland,1996,,66501.000,,,,,
dataflow,ESTAT:NRG_BAL_C(1.0),Complete energy balances,A,Annual,FC_E,Final consumption - energy use,E7000,Electricity,GWH,Gigawatt-hour,FI,Finland,1997,,70492.000,,,,,
dataflow,ESTAT:NRG_BAL_C(1.0),Complete energy balances,A,Annual,FC_E,Final consumption - energy use,E7000,Electricity,GWH,Gigawatt-hour,FI,Finland,1998,,72833.000,,,,,
dataflow,ESTAT:NRG_BAL_C(1.0),Complete energy balances,A,Annual,FC_E,Final consumption - energy use,E7000,Electricity,GWH,Gigawatt-hour,FI,Finland,1999,,74262.000,,,,,
dataflow,ESTAT:NRG_BAL_C(1.0),Complete energy balances,A,Annual,FC_E,Final consumption - energy use,E7000,Electricity,GWH,Gigawatt-hour,FI,Finland,2000,,75685.000,,,,,
dataflow,ESTAT:NRG_BAL_C(1.0),Complete energy balances,A,Annual,FC_E,Final consumption - energy use,E7000,Electricity,GWH,Gigawatt-hour,FI,Finland,2001,,77386.000,,,,,
dataflow,ESTAT:NRG_BAL_C(1.0),Complete energy balances,A,Annual,FC_E,Final consumption - energy use,E7000,Electricity,GWH,Gigawatt-hour,FI,Finland,2002,,79684.000,,,,,
dataflow,ESTAT:NRG_BAL_C(1.0),Complete energy balances,A,Annual,FC_E,Final consumption - energy use,E7000,Electricity,GWH,Gigawatt-hour,FI,Finland,2003,,80868.000,,,,,
dataflow,ESTAT:NRG_BAL_C(1.0),Complete energy balances,A,Annual,FC_E,Final consumption - energy use,E7000,Electricity,GWH,Gigawatt-hour,FI,Finland,2004,,83119.000,,,,,
dataflow,ESTAT:NRG_BAL_C(1.0),Complete energy balances,A,Annual,FC_E,Final consumption - energy use,E7000,Electricity,GWH,Gigawatt-hour,FI,Finland,2005,,80752.000,,,,,
dataflow,ESTAT:NRG_BAL_C(1.0),Complete energy balances,A,Annual,FC_E,Final consumption - energy use,E7000,Electricity,GWH,Gigawatt-hour,FI,Finland,2006,,86036.000,,,,,
dataflow,ESTAT:NRG_BAL_C(1.0),Complete energy balances,A,Annual,FC_E,Final consumption - energy use,E7000,Electricity,GWH,Gigawatt-hour,FI,Finland,2007,,86086.000,,,,,
dataflow,ESTAT:NRG_BAL_C(1.0),Complete energy balances,A,Annual,FC_E,Final consumption - energy use,E7000,Electricity,GWH,Gigawatt-hour,FI,Finland,2008,,82562.000,,,,,
dataflow,ESTAT:NRG_BAL_C(1.0),Complete energy balances,A,Annual,FC_E,Final consumption - energy use,E7000,Electricity,GWH,Gigawatt-hour,FI,Finland,2009,,77089.000,,,,,
dataflow,ESTAT:NRG_BAL_C(1.0),Complete energy balances,A,Annual,FC_E,Final consumption - energy use,E7000,Electricity,GWH,Gigawatt-hour,FI,Finland,2010,,83505.000,,,,,
dataflow,ESTAT:NRG_BAL_C(1.0),Complete energy balances,A,Annual,FC_E,Final consumption - energy use,E7000,Electricity,GWH,Gigawatt-hour,FI,Finland,2011,,80114.000,,,,,
dataflow,ESTAT:NRG_BAL_C(1.0),Complete energy balances,A,Annual,FC_E,Final consumption - energy use,E7000,Electricity,GWH,Gigawatt-hour,FI,Finland,2012,,80725.000,,,,,
dataflow,ESTAT:NRG_BAL_C(1.0),Complete energy balances,A,Annual,FC_E,Final consumption - energy use,E7000,Electricity,GWH,Gigawatt-hour,FI,Finland,2013,,79961.000,,,,,
dataflow,ESTAT:NRG_BAL_C(1.0),Complete energy balances,A,Annual,FC_E,Final consumption - energy use,E7000,Electricity,GWH,Gigawatt-hour,FI,Finland,2014,,79151.000,,,,,
dataflow,ESTAT:NRG_BAL_C(1.0),Complete energy balances,A,Annual,FC_E,Final consumption - energy use,E7000,Electricity,GWH,Gigawatt-hour,FI,Finland,2015,,78497.000,,,,,
dataflow,ESTAT:NRG_BAL_C(1.0),Complete energy balances,A,Annual,FC_E,Final consumption - energy use,E7000,Electricity,GWH,Gigawatt-hour,FI,Finland,2016,,80953.000,,,,,
dataflow,ESTAT:NRG_BAL_C(1.0),Complete energy balances,A,Annual,FC_E,Final consumption - energy use,E7000,Electricity,GWH,Gigawatt-hour,FI,Finland,2017,,81039.000,,,,,
dataflow,ESTAT:NRG_BAL_C(1.0),Complete energy balances,A,Annual,FC_E,Final consumption - energy use,E7000,Electricity,GWH,Gigawatt-hour,FI,Finland,2018,,82769.000,,,,,
dataflow,ESTAT:NRG_BAL_C(1.0),Complete energy balances,A,Annual,FC_E,Final consumption - energy use,E7000,Electricity,GWH,Gigawatt-hour,FI,Finland,2019,,81310.000,,,,,
dataflow,ESTAT:NRG_BAL_C(1.0),Complete energy balances,A,Annual,FC_E,Final consumption - energy use,E7000,Electricity,GWH,Gigawatt-hour,FI,Finland,2020,,76898.000,,,,,
dataflow,ESTAT:NRG_BAL_C(1.0),Complete energy balances,A,Annual,FC_E,Final consumption - energy use,E7000,Electricity,GWH,Gigawatt-hour,FI,Finland,2021,,82094.000,,,,,
dataflow,ESTAT:NRG_BAL_C(1.0),Complete energy balances,A,Annual,FC_E,Final consumption - energy use,E7000,Electricity,GWH,Gigawatt-hour,FI,Finland,2022,,76868.000,,,,,
dataflow,ESTAT:NRG_BAL_C(1.0),Complete energy balances,A,Annual,FC_E,Final consumption - energy use,E7000,Electricity,GWH,Gigawatt-hour,FI,Finland,2023,,74184.000,,,,,
dataflow,ESTAT:NRG_BAL_C(1.0),Complete energy balances,A,Annual,FC_E,Final consumption - energy use,E7000,Electricity,GWH,Gigawatt-hour,FI,Finland,2024,,76311.000,,,,,
dataflow,ESTAT:NRG_BAL_C(1.0),Complete energy balances,A,Annual,FC_E,Final consumption - energy use,E7000,Electricity,GWH,Gigawatt-hour,FR,France,1990,,302230.000,,,,,
dataflow,ESTAT:NRG_BAL_C(1.0),Complete energy balances,A,Annual,FC_E,Final consumption - energy use,E7000,Electricity,GWH,Gigawatt-hour,FR,France,1991,,321362.000,,,,,
dataflow,ESTAT:NRG_BAL_C(1.0),Complete energy balances,A,Annual,FC_E,Final consumption - energy use,E7000,Electricity,GWH,Gigawatt-hour,FR,France,1992,,330327.000,,,,,
dataflow,ESTAT:NRG_BAL_C(1.0),Complete energy balances,A,Annual,FC_E,Final consumption - energy use,E7000,Electricity,GWH,Gigawatt-hour,FR,France,1993,,332598.000,,,,,
dataflow,ESTAT:NRG_BAL_C(1.0),Complete energy balances,A,Annual,FC_E,Final consumption - energy use,E7000,Electricity,GWH,Gigawatt-hour,FR,France,1994,,337493.000,,,,,
dataflow,ESTAT:NRG_BAL_C(1.0),Complete energy balances,A,Annual,FC_E,Final consumption - energy use,E7000,Electricity,GWH,Gigawatt-hour,FR,France,1995,,342850.000,,,,,
dataflow,ESTAT:NRG_BAL_C(1.0),Complete energy balances,A,Annual,FC_E,Final consumption - energy use,E7000,Electricity,GWH,Gigawatt-hour,FR,France,1996,,355834.000,,,,,
dataflow,ESTAT:NRG_BAL_C(1.0),Complete energy balances,A,Annual,FC_E,Final consumption - energy use,E7000,Electricity,GWH,Gigawatt-hour,FR,France,1997,,355458.000,,,,,
dataflow,ESTAT:NRG_BAL_C(1.0),Complete energy balances,A,Annual,FC_E,Final consumption - energy use,E7000,Electricity,GWH,Gigawatt-hour,FR,France,1998,,367437.000,,,,,
dataflow,ESTAT:NRG_BAL_C(1.0),Complete energy balances,A,Annual,FC_E,Final consumption - energy use,E7000,Electricity,GWH,Gigawatt-hour,FR,France,1999,,374959.000,,,,,
dataflow,ESTAT:NRG_BAL_C(1.0),Complete energy balances,A,Annual,FC_E,Final consumption - energy use,E7000,Electricity,GWH,Gigawatt-hour,FR,France,2000,,384903.000,,,,,
dataflow,ESTAT:NRG_BAL_C(1.0),Complete energy balances,A,Annual,FC_E,Final consumption - energy use,E7000,Electricity,GWH,Gigawatt-hour,FR,France,2001,,395777.000,,,,,
dataflow,ESTAT:NRG_BAL_C(1.0),Complete energy balances,A,Annual,FC_E,Final consumption - energy use,E7000,Electricity,GWH,Gigawatt-hour,FR,France,2002,,393486.000,,,,,
dataflow,ESTAT:NRG_BAL_C(1.0),Complete energy balances,A,Annual,FC_E,Final consumption - energy use,E7000,Electricity,GWH,Gigawatt-hour,FR,France,2003,,408400.000,,,,,
dataflow,ESTAT:NRG_BAL_C(1.0),Complete energy balances,A,Annual,FC_E,Final consumption - energy use,E7000,Electricity,GWH,Gigawatt-hour,FR,France,2004,,420160.000,,,,,
dataflow,ESTAT:NRG_BAL_C(1.0),Complete energy balances,A,Annual,FC_E,Final consumption - energy use,E7000,Electricity,GWH,Gigawatt-hour,FR,France,2005,,422771.000,,,,,
dataflow,ESTAT:NRG_BAL_C(1.0),Complete energy balances,A,Annual,FC_E,Final consumption - energy use,E7000,Electricity,GWH,Gigawatt-hour,FR,France,2006,,426925.000,,,,,
dataflow,ESTAT:NRG_BAL_C(1.0),Complete energy balances,A,Annual,FC_E,Final consumption - energy use,E7000,Electricity,GWH,Gigawatt-hour,FR,France,2007,,426015.000,,,,,
dataflow,ESTAT:NRG_BAL_C(1.0),Complete energy balances,A,Annual,FC_E,Final consumption - energy use,E7000,Electricity,GWH,Gigawatt-hour,FR,France,2008,,432736.000,,,,,
dataflow,ESTAT:NRG_BAL_C(1.0),Complete energy balances,A,Annual,FC_E,Final consumption - energy use,E7000,Electricity,GWH,Gigawatt-hour,FR,France,2009,,417955.000,,,,,
dataflow,ESTAT:NRG_BAL_C(1.0),Complete energy balances,A,Annual,FC_E,Final consumption - energy use,E7000,Electricity,GWH,Gigawatt-hour,FR,France,2010,,444089.000,,,,,
dataflow,ESTAT:NRG_BAL_C(1.0),Complete energy balances,A,Annual,FC_E,Final consumption - energy use,E7000,Electricity,GWH,Gigawatt-hour,FR,France,2011,,424492.199,,,,,
dataflow,ESTAT:NRG_BAL_C(1.0),Complete energy balances,A,Annual,FC_E,Final consumption - energy use,E7000,Electricity,GWH,Gigawatt-hour,FR,France,2012,,443797.298,,,,,
dataflow,ESTAT:NRG_BAL_C(1.0),Complete energy balances,A,Annual,FC_E,Final consumption - energy use,E7000,Electricity,GWH,Gigawatt-hour,FR,France,2013,,450918.390,,,,,
dataflow,ESTAT:NRG_BAL_C(1.0),Complete energy balances,A,Annual,FC_E,Final consumption - energy use,E7000,Electricity,GWH,Gigawatt-hour,FR,France,2014,,425402.194,,,,,
dataflow,ESTAT:NRG_BAL_C(1.0),Complete energy balances,A,Annual,FC_E,Final consumption - energy use,E7000,Electricity,GWH,Gigawatt-hour,FR,France,2015,,435031.637,,,,,
dataflow,ESTAT:NRG_BAL_C(1.0),Complete energy balances,A,Annual,FC_E,Final consumption - energy use,E7000,Electricity,GWH,Gigawatt-hour,FR,France,2016,,442743.358,,,,,
dataflow,ESTAT:NRG_BAL_C(1.0),Complete energy balances,A,Annual,FC_E,Final consumption - energy use,E7000,Electricity,GWH,Gigawatt-hour,FR,France,2017,,439365.409,,,,,
dataflow,ESTAT:NRG_BAL_C(1.0),Complete energy balances,A,Annual,FC_E,Final consumption - energy use,E7000,Electricity,GWH,Gigawatt-hour,FR,France,2018,,437102.253,,,,,
dataflow,ESTAT:NRG_BAL_C(1.0),Complete energy balances,A,Annual,FC_E,Final consumption - energy use,E7000,Electricity,GWH,Gigawatt-hour,FR,France,2019,,431704.800,,,,,
dataflow,ESTAT:NRG_BAL_C(1.0),Complete energy balances,A,Annual,FC_E,Final consumption - energy use,E7000,Electricity,GWH,Gigawatt-hour,FR,France,2020,,411359.415,,,,,
dataflow,ESTAT:NRG_BAL_C(1.0),Complete energy balances,A,Annual,FC_E,Final consumption - energy use,E7000,Electricity,GWH,Gigawatt-hour,FR,France,2021,,432837.369,,,,,
dataflow,ESTAT:NRG_BAL_C(1.0),Complete energy balances,A,Annual,FC_E,Final consumption - energy use,E7000,Electricity,GWH,Gigawatt-hour,FR,France,2022,,414276.165,,,,,
dataflow,ESTAT:NRG_BAL_C(1.0),Complete energy balances,A,Annual,FC_E,Final consumption - energy use,E7000,Electricity,GWH,Gigawatt-hour,FR,France,2023,,397499.770,,,,,
dataflow,ESTAT:NRG_BAL_C(1.0),Complete energy balances,A,Annual,FC_E,Final consumption - energy use,E7000,Electricity,GWH,Gigawatt-hour,FR,France,2024,,398264.370,,,,,
dataflow,ESTAT:NRG_BAL_C(1.0),Complete energy balances,A,Annual,FC_E,Final consumption - energy use,E7000,Electricity,GWH,Gigawatt-hour,GE,Georgia,2013,,9074.000,,,,,
dataflow,ESTAT:NRG_BAL_C(1.0),Complete energy balances,A,Annual,FC_E,Final consumption - energy use,E7000,Electricity,GWH,Gigawatt-hour,GE,Georgia,2014,,9786.000,,,,,
dataflow,ESTAT:NRG_BAL_C(1.0),Complete energy balances,A,Annual,FC_E,Final consumption - energy use,E7000,Electricity,GWH,Gigawatt-hour,GE,Georgia,2015,,9906.000,,,,,
dataflow,ESTAT:NRG_BAL_C(1.0),Complete energy balances,A,Annual,FC_E,Final consumption - energy use,E7000,Electricity,GWH,Gigawatt-hour,GE,Georgia,2016,,10487.000,,,,,
dataflow,ESTAT:NRG_BAL_C(1.0),Complete energy balances,A,Annual,FC_E,Final consumption - energy use,E7000,Electricity,GWH,Gigawatt-hour,GE,Georgia,2017,,11208.500,,,,,
dataflow,ESTAT:NRG_BAL_C(1.0),Complete energy balances,A,Annual,FC_E,Final consumption - energy use,E7000,Electricity,GWH,Gigawatt-hour,GE,Georgia,2018,,11937.300,,,,,
dataflow,ESTAT:NRG_BAL_C(1.0),Complete energy balances,A,Annual,FC_E,Final consumption - energy use,E7000,Electricity,GWH,Gigawatt-hour,GE,Georgia,2019,,12059.302,,,,,
dataflow,ESTAT:NRG_BAL_C(1.0),Complete energy balances,A,Annual,FC_E,Final consumption - energy use,E7000,Electricity,GWH,Gigawatt-hour,GE,Georgia,2020,,11479.300,,,,,
dataflow,ESTAT:NRG_BAL_C(1.0),Complete energy balances,A,Annual,FC_E,Final consumption - energy use,E7000,Electricity,GWH,Gigawatt-hour,GE,Georgia,2021,,13118.600,,,,,
dataflow,ESTAT:NRG_BAL_C(1.0),Complete energy balances,A,Annual,FC_E,Final consumption - energy use,E7000,Electricity,GWH,Gigawatt-hour,GE,Georgia,2022,,13385.500,,,,,
dataflow,ESTAT:NRG_BAL_C(1.0),Complete energy balances,A,Annual,FC_E,Final consumption - energy use,E7000,Electricity,GWH,Gigawatt-hour,GE,Georgia,2023,,12268.543,,,,,
dataflow,ESTAT:NRG_BAL_C(1.0),Complete energy balances,A,Annual,FC_E,Final consumption - energy use,E7000,Electricity,GWH,Gigawatt-hour,GE,Georgia,2024,,13006.129,,,,,
dataflow,ESTAT:NRG_BAL_C(1.0),Complete energy balances,A,Annual,FC_E,Final consumption - energy use,E7000,Electricity,GWH,Gigawatt-hour,HR,Croatia,1990,,13303.000,,,,,
dataflow,ESTAT:NRG_BAL_C(1.0),Complete energy balances,A,Annual,FC_E,Final consumption - energy use,E7000,Electricity,GWH,Gigawatt-hour,HR,Croatia,1991,,11529.000,,,,,
dataflow,ESTAT:NRG_BAL_C(1.0),Complete energy balances,A,Annual,FC_E,Final consumption - energy use,E7000,Electricity,GWH,Gigawatt-hour,HR,Croatia,1992,,9506.000,,,,,
dataflow,ESTAT:NRG_BAL_C(1.0),Complete energy balances,A,Annual,FC_E,Final consumption - energy use,E7000,Electricity,GWH,Gigawatt-hour,HR,Croatia,1993,,9371.000,,,,,
dataflow,ESTAT:NRG_BAL_C(1.0),Complete energy balances,A,Annual,FC_E,Final consumption - energy use,E7000,Electricity,GWH,Gigawatt-hour,HR,Croatia,1994,,9593.000,,,,,
dataflow,ESTAT:NRG_BAL_C(1.0),Complete energy balances,A,Annual,FC_E,Final consumption - energy use,E7000,Electricity,GWH,Gigawatt-hour,HR,Croatia,1995,,9921.000,,,,,
dataflow,ESTAT:NRG_BAL_C(1.0),Complete energy balances,A,Annual,FC_E,Final consumption - energy use,E7000,Electricity,GWH,Gigawatt-hour,HR,Croatia,1996,,10284.000,,,,,
dataflow,ESTAT:NRG_BAL_C(1.0),Complete energy balances,A,Annual,FC_E,Final consumption - energy use,E7000,Electricity,GWH,Gigawatt-hour,HR,Croatia,1997,,11055.000,,,,,
dataflow,ESTAT:NRG_BAL_C(1.0),Complete energy balances,A,Annual,FC_E,Final consumption - energy use,E7000,Electricity,GWH,Gigawatt-hour,HR,Croatia,1998,,11090.000,,,,,
dataflow,ESTAT:NRG_BAL_C(1.0),Complete energy balances,A,Annual,FC_E,Final consumption - energy use,E7000,Electricity,GWH,Gigawatt-hour,HR,Croatia,1999,,11705.000,,,,,
dataflow,ESTAT:NRG_BAL_C(1.0),Complete energy balances,A,Annual,FC_E,Final consumption - energy use,E7000,Electricity,GWH,Gigawatt-hour,HR,Croatia,2000,,11833.000,,,,,
dataflow,ESTAT:NRG_BAL_C(1.0),Complete energy balances,A,Annual,FC_E,Final consumption - energy use,E7000,Electricity,GWH,Gigawatt-hour,HR,Croatia,2001,,12001.000,,,,,
dataflow,ESTAT:NRG_BAL_C(1.0),Complete energy balances,A,Annual,FC_E,Final consumption - energy use,E7000,Electricity,GWH,Gigawatt-hour,HR,Croatia,2002,,12702.000,,,,,
dataflow,ESTAT:NRG_BAL_C(1.0),Complete energy balances,A,Annual,FC_E,Final consumption - energy use,E7000,Electricity,GWH,Gigawatt-hour,HR,Croatia,2003,,12972.000,,,,,
dataflow,ESTAT:NRG_BAL_C(1.0),Complete energy balances,A,Annual,FC_E,Final consumption - energy use,E7000,Electricity,GWH,Gigawatt-hour,HR,Croatia,2004,,13702.000,,,,,
dataflow,ESTAT:NRG_BAL_C(1.0),Complete energy balances,A,Annual,FC_E,Final consumption - energy use,E7000,Electricity,GWH,Gigawatt-hour,HR,Croatia,2005,,14417.000,,,,,
dataflow,ESTAT:NRG_BAL_C(1.0),Complete energy balances,A,Annual,FC_E,Final consumption - energy use,E7000,Electricity,GWH,Gigawatt-hour,HR,Croatia,2006,,15079.000,,,,,
dataflow,ESTAT:NRG_BAL_C(1.0),Complete energy balances,A,Annual,FC_E,Final consumption - energy use,E7000,Electricity,GWH,Gigawatt-hour,HR,Croatia,2007,,15384.000,,,,,
dataflow,ESTAT:NRG_BAL_C(1.0),Complete energy balances,A,Annual,FC_E,Final consumption - energy use,E7000,Electricity,GWH,Gigawatt-hour,HR,Croatia,2008,,16137.000,,,,,
dataflow,ESTAT:NRG_BAL_C(1.0),Complete energy balances,A,Annual,FC_E,Final consumption - energy use,E7000,Electricity,GWH,Gigawatt-hour,HR,Croatia,2009,,15511.000,,,,,
dataflow,ESTAT:NRG_BAL_C(1.0),Complete energy balances,A,Annual,FC_E,Final consumption - energy use,E7000,Electricity,GWH,Gigawatt-hour,HR,Croatia,2010,,15862.000,,,,,
dataflow,ESTAT:NRG_BAL_C(1.0),Complete energy balances,A,Annual,FC_E,Final consumption - energy use,E7000,Electricity,GWH,Gigawatt-hour,HR,Croatia,2011,,15735.000,,,,,
dataflow,ESTAT:NRG_BAL_C(1.0),Complete energy balances,A,Annual,FC_E,Final consumption - energy use,E7000,Electricity,GWH,Gigawatt-hour,HR,Croatia,2012,,15350.000,,,,,
dataflow,ESTAT:NRG_BAL_C(1.0),Complete energy balances,A,Annual,FC_E,Final consumption - energy use,E7000,Electricity,GWH,Gigawatt-hour,HR,Croatia,2013,,15072.000,,,,,
dataflow,ESTAT:NRG_BAL_C(1.0),Complete energy balances,A,Annual,FC_E,Final consumption - energy use,E7000,Electricity,GWH,Gigawatt-hour,HR,Croatia,2014,,14833.000,,,,,
dataflow,ESTAT:NRG_BAL_C(1.0),Complete energy balances,A,Annual,FC_E,Final consumption - energy use,E7000,Electricity,GWH,Gigawatt-hour,HR,Croatia,2015,,15343.000,,,,,
dataflow,ESTAT:NRG_BAL_C(1.0),Complete energy balances,A,Annual,FC_E,Final consumption - energy use,E7000,Electricity,GWH,Gigawatt-hour,HR,Croatia,2016,,15300.000,,,,,
dataflow,ESTAT:NRG_BAL_C(1.0),Complete energy balances,A,Annual,FC_E,Final consumption - energy use,E7000,Electricity,GWH,Gigawatt-hour,HR,Croatia,2017,,15978.700,,,,,
dataflow,ESTAT:NRG_BAL_C(1.0),Complete energy balances,A,Annual,FC_E,Final consumption - energy use,E7000,Electricity,GWH,Gigawatt-hour,HR,Croatia,2018,,16175.200,,,,,
dataflow,ESTAT:NRG_BAL_C(1.0),Complete energy balances,A,Annual,FC_E,Final consumption - energy use,E7000,Electricity,GWH,Gigawatt-hour,HR,Croatia,2019,,16155.400,,,,,
dataflow,ESTAT:NRG_BAL_C(1.0),Complete energy balances,A,Annual,FC_E,Final consumption - energy use,E7000,Electricity,GWH,Gigawatt-hour,HR,Croatia,2020,,15215.400,,,,,
dataflow,ESTAT:NRG_BAL_C(1.0),Complete energy balances,A,Annual,FC_E,Final consumption - energy use,E7000,Electricity,GWH,Gigawatt-hour,HR,Croatia,2021,,16495.400,,,,,
dataflow,ESTAT:NRG_BAL_C(1.0),Complete energy balances,A,Annual,FC_E,Final consumption - energy use,E7000,Electricity,GWH,Gigawatt-hour,HR,Croatia,2022,,16244.700,,,,,
dataflow,ESTAT:NRG_BAL_C(1.0),Complete energy balances,A,Annual,FC_E,Final consumption - energy use,E7000,Electricity,GWH,Gigawatt-hour,HR,Croatia,2023,,16314.000,,,,,
dataflow,ESTAT:NRG_BAL_C(1.0),Complete energy balances,A,Annual,FC_E,Final consumption - energy use,E7000,Electricity,GWH,Gigawatt-hour,HR,Croatia,2024,,16713.020,,,,,
dataflow,ESTAT:NRG_BAL_C(1.0),Complete energy balances,A,Annual,FC_E,Final consumption - energy use,E7000,Electricity,GWH,Gigawatt-hour,HU,Hungary,1990,,31593.000,,,,,
dataflow,ESTAT:NRG_BAL_C(1.0),Complete energy balances,A,Annual,FC_E,Final consumption - energy use,E7000,Electricity,GWH,Gigawatt-hour,HU,Hungary,1991,,29524.000,,,,,
dataflow,ESTAT:NRG_BAL_C(1.0),Complete energy balances,A,Annual,FC_E,Final consumption - energy use,E7000,Electricity,GWH,Gigawatt-hour,HU,Hungary,1992,,28332.000,,,,,
dataflow,ESTAT:NRG_BAL_C(1.0),Complete energy balances,A,Annual,FC_E,Final consumption - energy use,E7000,Electricity,GWH,Gigawatt-hour,HU,Hungary,1993,,27204.000,,,,,
dataflow,ESTAT:NRG_BAL_C(1.0),Complete energy balances,A,Annual,FC_E,Final consumption - energy use,E7000,Electricity,GWH,Gigawatt-hour,HU,Hungary,1994,,27584.000,,,,,
dataflow,ESTAT:NRG_BAL_C(1.0),Complete energy balances,A,Annual,FC_E,Final consumption - energy use,E7000,Electricity,GWH,Gigawatt-hour,HU,Hungary,1995,,27744.000,,,,,
dataflow,ESTAT:NRG_BAL_C(1.0),Complete energy balances,A,Annual,FC_E,Final consumption - energy use,E7000,Electricity,GWH,Gigawatt-hour,HU,Hungary,1996,,28684.000,,,,,
dataflow,ESTAT:NRG_BAL_C(1.0),Complete energy balances,A,Annual,FC_E,Final consumption - energy use,E7000,Electricity,GWH,Gigawatt-hour,HU,Hungary,1997,,28838.000,,,,,
dataflow,ESTAT:NRG_BAL_C(1.0),Complete energy balances,A,Annual,FC_E,Final consumption - energy use,E7000,Electricity,GWH,Gigawatt-hour,HU,Hungary,1998,,28974.000,,,,,
dataflow,ESTAT:NRG_BAL_C(1.0),Complete energy balances,A,Annual,FC_E,Final consumption - energy use,E7000,Electricity,GWH,Gigawatt-hour,HU,Hungary,1999,,28939.000,,,,,
dataflow,ESTAT:NRG_BAL_C(1.0),Complete energy balances,A,Annual,FC_E,Final consumption - energy use,E7000,Electricity,GWH,Gigawatt-hour,HU,Hungary,2000,,29441.000,,,,,
dataflow,ESTAT:NRG_BAL_C(1.0),Complete energy balances,A,Annual,FC_E,Final consumption - energy use,E7000,Electricity,GWH,Gigawatt-hour,HU,Hungary,2001,,30545.000,,,,,
dataflow,ESTAT:NRG_BAL_C(1.0),Complete energy balances,A,Annual,FC_E,Final consumption - energy use,E7000,Electricity,GWH,Gigawatt-hour,HU,Hungary,2002,,31485.000,,,,,
dataflow,ESTAT:NRG_BAL_C(1.0),Complete energy balances,A,Annual,FC_E,Final consumption - energy use,E7000,Electricity,GWH,Gigawatt-hour,HU,Hungary,2003,,31396.000,,,,,
dataflow,ESTAT:NRG_BAL_C(1.0),Complete energy balances,A,Annual,FC_E,Final consumption - energy use,E7000,Electricity,GWH,Gigawatt-hour,HU,Hungary,2004,,31818.000,,,,,
dataflow,ESTAT:NRG_BAL_C(1.0),Complete energy balances,A,Annual,FC_E,Final consumption - energy use,E7000,Electricity,GWH,Gigawatt-hour,HU,Hungary,2005,,32338.000,,,,,
dataflow,ESTAT:NRG_BAL_C(1.0),Complete energy balances,A,Annual,FC_E,Final consumption - energy use,E7000,Electricity,GWH,Gigawatt-hour,HU,Hungary,2006,,33238.000,,,,,
dataflow,ESTAT:NRG_BAL_C(1.0),Complete energy balances,A,Annual,FC_E,Final consumption - energy use,E7000,Electricity,GWH,Gigawatt-hour,HU,Hungary,2007,,33744.000,,,,,
dataflow,ESTAT:NRG_BAL_C(1.0),Complete energy balances,A,Annual,FC_E,Final consumption - energy use,E7000,Electricity,GWH,Gigawatt-hour,HU,Hungary,2008,,34327.000,,,,,
dataflow,ESTAT:NRG_BAL_C(1.0),Complete energy balances,A,Annual,FC_E,Final consumption - energy use,E7000,Electricity,GWH,Gigawatt-hour,HU,Hungary,2009,,33150.000,,,,,
dataflow,ESTAT:NRG_BAL_C(1.0),Complete energy balances,A,Annual,FC_E,Final consumption - energy use,E7000,Electricity,GWH,Gigawatt-hour,HU,Hungary,2010,,34207.000,,,,,
dataflow,ESTAT:NRG_BAL_C(1.0),Complete energy balances,A,Annual,FC_E,Final consumption - energy use,E7000,Electricity,GWH,Gigawatt-hour,HU,Hungary,2011,,34540.000,,,,,
dataflow,ESTAT:NRG_BAL_C(1.0),Complete energy balances,A,Annual,FC_E,Final consumption - energy use,E7000,Electricity,GWH,Gigawatt-hour,HU,Hungary,2012,,35004.000,,,,,
dataflow,ESTAT:NRG_BAL_C(1.0),Complete energy balances,A,Annual,FC_E,Final consumption - energy use,E7000,Electricity,GWH,Gigawatt-hour,HU,Hungary,2013,,34873.000,,,,,
dataflow,ESTAT:NRG_BAL_C(1.0),Complete energy balances,A,Annual,FC_E,Final consumption - energy use,E7000,Electricity,GWH,Gigawatt-hour,HU,Hungary,2014,,34737.000,,,,,
dataflow,ESTAT:NRG_BAL_C(1.0),Complete energy balances,A,Annual,FC_E,Final consumption - energy use,E7000,Electricity,GWH,Gigawatt-hour,HU,Hungary,2015,,36291.000,,,,,
dataflow,ESTAT:NRG_BAL_C(1.0),Complete energy balances,A,Annual,FC_E,Final consumption - energy use,E7000,Electricity,GWH,Gigawatt-hour,HU,Hungary,2016,,37152.000,,,,,
dataflow,ESTAT:NRG_BAL_C(1.0),Complete energy balances,A,Annual,FC_E,Final consumption - energy use,E7000,Electricity,GWH,Gigawatt-hour,HU,Hungary,2017,,38493.000,,,,,
dataflow,ESTAT:NRG_BAL_C(1.0),Complete energy balances,A,Annual,FC_E,Final consumption - energy use,E7000,Electricity,GWH,Gigawatt-hour,HU,Hungary,2018,,39418.000,,,,,
dataflow,ESTAT:NRG_BAL_C(1.0),Complete energy balances,A,Annual,FC_E,Final consumption - energy use,E7000,Electricity,GWH,Gigawatt-hour,HU,Hungary,2019,,40222.000,,,,,
dataflow,ESTAT:NRG_BAL_C(1.0),Complete energy balances,A,Annual,FC_E,Final consumption - energy use,E7000,Electricity,GWH,Gigawatt-hour,HU,Hungary,2020,,40046.000,,,,,
dataflow,ESTAT:NRG_BAL_C(1.0),Complete energy balances,A,Annual,FC_E,Final consumption - energy use,E7000,Electricity,GWH,Gigawatt-hour,HU,Hungary,2021,,41716.000,,,,,
dataflow,ESTAT:NRG_BAL_C(1.0),Complete energy balances,A,Annual,FC_E,Final consumption - energy use,E7000,Electricity,GWH,Gigawatt-hour,HU,Hungary,2022,,41305.000,,,,,
dataflow,ESTAT:NRG_BAL_C(1.0),Complete energy balances,A,Annual,FC_E,Final consumption - energy use,E7000,Electricity,GWH,Gigawatt-hour,HU,Hungary,2023,,40197.000,,,,,
dataflow,ESTAT:NRG_BAL_C(1.0),Complete energy balances,A,Annual,FC_E,Final consumption - energy use,E7000,Electricity,GWH,Gigawatt-hour,HU,Hungary,2024,,41965.000,,,,,
dataflow,ESTAT:NRG_BAL_C(1.0),Complete energy balances,A,Annual,FC_E,Final consumption - energy use,E7000,Electricity,GWH,Gigawatt-hour,IE,Ireland,1990,,11867.999,,,,,
dataflow,ESTAT:NRG_BAL_C(1.0),Complete energy balances,A,Annual,FC_E,Final consumption - energy use,E7000,Electricity,GWH,Gigawatt-hour,IE,Ireland,1991,,12465.000,,,,,
dataflow,ESTAT:NRG_BAL_C(1.0),Complete energy balances,A,Annual,FC_E,Final consumption - energy use,E7000,Electricity,GWH,Gigawatt-hour,IE,Ireland,1992,,13207.001,,,,,
dataflow,ESTAT:NRG_BAL_C(1.0),Complete energy balances,A,Annual,FC_E,Final consumption - energy use,E7000,Electricity,GWH,Gigawatt-hour,IE,Ireland,1993,,13552.999,,,,,
dataflow,ESTAT:NRG_BAL_C(1.0),Complete energy balances,A,Annual,FC_E,Final consumption - energy use,E7000,Electricity,GWH,Gigawatt-hour,IE,Ireland,1994,,14154.001,,,,,
dataflow,ESTAT:NRG_BAL_C(1.0),Complete energy balances,A,Annual,FC_E,Final consumption - energy use,E7000,Electricity,GWH,Gigawatt-hour,IE,Ireland,1995,,14850.999,,,,,
dataflow,ESTAT:NRG_BAL_C(1.0),Complete energy balances,A,Annual,FC_E,Final consumption - energy use,E7000,Electricity,GWH,Gigawatt-hour,IE,Ireland,1996,,15852.998,,,,,
dataflow,ESTAT:NRG_BAL_C(1.0),Complete energy balances,A,Annual,FC_E,Final consumption - energy use,E7000,Electricity,GWH,Gigawatt-hour,IE,Ireland,1997,,16715.999,,,,,
dataflow,ESTAT:NRG_BAL_C(1.0),Complete energy balances,A,Annual,FC_E,Final consumption - energy use,E7000,Electricity,GWH,Gigawatt-hour,IE,Ireland,1998,,17698.000,,,,,
dataflow,ESTAT:NRG_BAL_C(1.0),Complete energy balances,A,Annual,FC_E,Final consumption - energy use,E7000,Electricity,GWH,Gigawatt-hour,IE,Ireland,1999,,18854.001,,,,,
dataflow,ESTAT:NRG_BAL_C(1.0),Complete energy balances,A,Annual,FC_E,Final consumption - energy use,E7000,Electricity,GWH,Gigawatt-hour,IE,Ireland,2000,,20288.000,,,,,
dataflow,ESTAT:NRG_BAL_C(1.0),Complete energy balances,A,Annual,FC_E,Final consumption - energy use,E7000,Electricity,GWH,Gigawatt-hour,IE,Ireland,2001,,21024.000,,,,,
dataflow,ESTAT:NRG_BAL_C(1.0),Complete energy balances,A,Annual,FC_E,Final consumption - energy use,E7000,Electricity,GWH,Gigawatt-hour,IE,Ireland,2002,,21767.999,,,,,
dataflow,ESTAT:NRG_BAL_C(1.0),Complete energy balances,A,Annual,FC_E,Final consumption - energy use,E7000,Electricity,GWH,Gigawatt-hour,IE,Ireland,2003,,23032.001,,,,,
dataflow,ESTAT:NRG_BAL_C(1.0),Complete energy balances,A,Annual,FC_E,Final consumption - energy use,E7000,Electricity,GWH,Gigawatt-hour,IE,Ireland,2004,,23056.731,,,,,
dataflow,ESTAT:NRG_BAL_C(1.0),Complete energy balances,A,Annual,FC_E,Final consumption - energy use,E7000,Electricity,GWH,Gigawatt-hour,IE,Ireland,2005,,24352.005,,,,,
dataflow,ESTAT:NRG_BAL_C(1.0),Complete energy balances,A,Annual,FC_E,Final consumption - energy use,E7000,Electricity,GWH,Gigawatt-hour,IE,Ireland,2006,,25877.457,,,,,
dataflow,ESTAT:NRG_BAL_C(1.0),Complete energy balances,A,Annual,FC_E,Final consumption - energy use,E7000,Electricity,GWH,Gigawatt-hour,IE,Ireland,2007,,25862.379,,,,,
dataflow,ESTAT:NRG_BAL_C(1.0),Complete energy balances,A,Annual,FC_E,Final consumption - energy use,E7000,Electricity,GWH,Gigawatt-hour,IE,Ireland,2008,,26674.837,,,,,
dataflow,ESTAT:NRG_BAL_C(1.0),Complete energy balances,A,Annual,FC_E,Final consumption - energy use,E7000,Electricity,GWH,Gigawatt-hour,IE,Ireland,2009,,25269.727,,,,,
dataflow,ESTAT:NRG_BAL_C(1.0),Complete energy balances,A,Annual,FC_E,Final consumption - energy use,E7000,Electricity,GWH,Gigawatt-hour,IE,Ireland,2010,,25399.559,,,,,
dataflow,ESTAT:NRG_BAL_C(1.0),Complete energy balances,A,Annual,FC_E,Final consumption - energy use,E7000,Electricity,GWH,Gigawatt-hour,IE,Ireland,2011,,24874.784,,,,,
dataflow,ESTAT:NRG_BAL_C(1.0),Complete energy balances,A,Annual,FC_E,Final consumption - energy use,E7000,Electricity,GWH,Gigawatt-hour,IE,Ireland,2012,,24830.370,,,,,
dataflow,ESTAT:NRG_BAL_C(1.0),Complete energy balances,A,Annual,FC_E,Final consumption - energy use,E7000,Electricity,GWH,Gigawatt-hour,IE,Ireland,2013,,24861.617,,,,,
dataflow,ESTAT:NRG_BAL_C(1.0),Complete energy balances,A,Annual,FC_E,Final consumption - energy use,E7000,Electricity,GWH,Gigawatt-hour,IE,Ireland,2014,,24814.476,,,,,
dataflow,ESTAT:NRG_BAL_C(1.0),Complete energy balances,A,Annual,FC_E,Final consumption - energy use,E7000,Electricity,GWH,Gigawatt-hour,IE,Ireland,2015,,25788.817,,,,,
dataflow,ESTAT:NRG_BAL_C(1.0),Complete energy balances,A,Annual,FC_E,Final consumption - energy use,E7000,Electricity,GWH,Gigawatt-hour,IE,Ireland,2016,,26377.381,,,,,
dataflow,ESTAT:NRG_BAL_C(1.0),Complete energy balances,A,Annual,FC_E,Final consumption - energy use,E7000,Electricity,GWH,Gigawatt-hour,IE,Ireland,2017,,26630.050,,,,,
dataflow,ESTAT:NRG_BAL_C(1.0),Complete energy balances,A,Annual,FC_E,Final consumption - energy use,E7000,Electricity,GWH,Gigawatt-hour,IE,Ireland,2018,,27867.984,,,,,
dataflow,ESTAT:NRG_BAL_C(1.0),Complete energy balances,A,Annual,FC_E,Final consumption - energy use,E7000,Electricity,GWH,Gigawatt-hour,IE,Ireland,2019,,28403.948,,,,,
dataflow,ESTAT:NRG_BAL_C(1.0),Complete energy balances,A,Annual,FC_E,Final consumption - energy use,E7000,Electricity,GWH,Gigawatt-hour,IE,Ireland,2020,,28621.104,,,,,
dataflow,ESTAT:NRG_BAL_C(1.0),Complete energy balances,A,Annual,FC_E,Final consumption - energy use,E7000,Electricity,GWH,Gigawatt-hour,IE,Ireland,2021,,29919.465,,,,,
dataflow,ESTAT:NRG_BAL_C(1.0),Complete energy balances,A,Annual,FC_E,Final consumption - energy use,E7000,Electricity,GWH,Gigawatt-hour,IE,Ireland,2022,,30321.195,,,,,
dataflow,ESTAT:NRG_BAL_C(1.0),Complete energy balances,A,Annual,FC_E,Final consumption - energy use,E7000,Electricity,GWH,Gigawatt-hour,IE,Ireland,2023,,31565.701,,,,,
dataflow,ESTAT:NRG_BAL_C(1.0),Complete energy balances,A,Annual,FC_E,Final consumption - energy use,E7000,Electricity,GWH,Gigawatt-hour,IE,Ireland,2024,,32857.858,,,,,
dataflow,ESTAT:NRG_BAL_C(1.0),Complete energy balances,A,Annual,FC_E,Final consumption - energy use,E7000,Electricity,GWH,Gigawatt-hour,IS,Iceland,1990,,3910.000,,,,,
dataflow,ESTAT:NRG_BAL_C(1.0),Complete energy balances,A,Annual,FC_E,Final consumption - energy use,E7000,Electricity,GWH,Gigawatt-hour,IS,Iceland,1991,,3847.000,,,,,
dataflow,ESTAT:NRG_BAL_C(1.0),Complete energy balances,A,Annual,FC_E,Final consumption - energy use,E7000,Electricity,GWH,Gigawatt-hour,IS,Iceland,1992,,3840.000,,,,,
dataflow,ESTAT:NRG_BAL_C(1.0),Complete energy balances,A,Annual,FC_E,Final consumption - energy use,E7000,Electricity,GWH,Gigawatt-hour,IS,Iceland,1993,,4053.000,,,,,
dataflow,ESTAT:NRG_BAL_C(1.0),Complete energy balances,A,Annual,FC_E,Final consumption - energy use,E7000,Electricity,GWH,Gigawatt-hour,IS,Iceland,1994,,4172.000,,,,,
dataflow,ESTAT:NRG_BAL_C(1.0),Complete energy balances,A,Annual,FC_E,Final consumption - energy use,E7000,Electricity,GWH,Gigawatt-hour,IS,Iceland,1995,,4259.000,,,,,
dataflow,ESTAT:NRG_BAL_C(1.0),Complete energy balances,A,Annual,FC_E,Final consumption - energy use,E7000,Electricity,GWH,Gigawatt-hour,IS,Iceland,1996,,4296.000,,,,,
dataflow,ESTAT:NRG_BAL_C(1.0),Complete energy balances,A,Annual,FC_E,Final consumption - energy use,E7000,Electricity,GWH,Gigawatt-hour,IS,Iceland,1997,,4712.000,,,,,
dataflow,ESTAT:NRG_BAL_C(1.0),Complete energy balances,A,Annual,FC_E,Final consumption - energy use,E7000,Electricity,GWH,Gigawatt-hour,IS,Iceland,1998,,5501.000,,,,,
dataflow,ESTAT:NRG_BAL_C(1.0),Complete energy balances,A,Annual,FC_E,Final consumption - energy use,E7000,Electricity,GWH,Gigawatt-hour,IS,Iceland,1999,,6383.000,,,,,
dataflow,ESTAT:NRG_BAL_C(1.0),Complete energy balances,A,Annual,FC_E,Final consumption - energy use,E7000,Electricity,GWH,Gigawatt-hour,IS,Iceland,2000,,6911.000,,,,,
dataflow,ESTAT:NRG_BAL_C(1.0),Complete energy balances,A,Annual,FC_E,Final consumption - energy use,E7000,Electricity,GWH,Gigawatt-hour,IS,Iceland,2001,,7212.000,,,,,
dataflow,ESTAT:NRG_BAL_C(1.0),Complete energy balances,A,Annual,FC_E,Final consumption - energy use,E7000,Electricity,GWH,Gigawatt-hour,IS,Iceland,2002,,7544.000,,,,,
dataflow,ESTAT:NRG_BAL_C(1.0),Complete energy balances,A,Annual,FC_E,Final consumption - energy use,E7000,Electricity,GWH,Gigawatt-hour,IS,Iceland,2003,,7541.000,,,,,
dataflow,ESTAT:NRG_BAL_C(1.0),Complete energy balances,A,Annual,FC_E,Final consumption - energy use,E7000,Electricity,GWH,Gigawatt-hour,IS,Iceland,2004,,7760.000,,,,,
dataflow,ESTAT:NRG_BAL_C(1.0),Complete energy balances,A,Annual,FC_E,Final consumption - energy use,E7000,Electricity,GWH,Gigawatt-hour,IS,Iceland,2005,,7799.000,,,,,
dataflow,ESTAT:NRG_BAL_C(1.0),Complete energy balances,A,Annual,FC_E,Final consumption - energy use,E7000,Electricity,GWH,Gigawatt-hour,IS,Iceland,2006,,8998.000,,,,,
dataflow,ESTAT:NRG_BAL_C(1.0),Complete energy balances,A,Annual,FC_E,Final consumption - energy use,E7000,Electricity,GWH,Gigawatt-hour,IS,Iceland,2007,,10886.000,,,,,
dataflow,ESTAT:NRG_BAL_C(1.0),Complete energy balances,A,Annual,FC_E,Final consumption - energy use,E7000,Electricity,GWH,Gigawatt-hour,IS,Iceland,2008,,15241.000,,,,,
dataflow,ESTAT:NRG_BAL_C(1.0),Complete energy balances,A,Annual,FC_E,Final consumption - energy use,E7000,Electricity,GWH,Gigawatt-hour,IS,Iceland,2009,,15659.000,,,,,
dataflow,ESTAT:NRG_BAL_C(1.0),Complete energy balances,A,Annual,FC_E,Final consumption - energy use,E7000,Electricity,GWH,Gigawatt-hour,IS,Iceland,2010,,15707.000,,,,,
dataflow,ESTAT:NRG_BAL_C(1.0),Complete energy balances,A,Annual,FC_E,Final consumption - energy use,E7000,Electricity,GWH,Gigawatt-hour,IS,Iceland,2011,,16010.000,,,,,
dataflow,ESTAT:NRG_BAL_C(1.0),Complete energy balances,A,Annual,FC_E,Final consumption - energy use,E7000,Electricity,GWH,Gigawatt-hour,IS,Iceland,2012,,16357.000,,,,,
dataflow,ESTAT:NRG_BAL_C(1.0),Complete energy balances,A,Annual,FC_E,Final consumption - energy use,E7000,Electricity,GWH,Gigawatt-hour,IS,Iceland,2013,,16823.000,,,,,
dataflow,ESTAT:NRG_BAL_C(1.0),Complete energy balances,A,Annual,FC_E,Final consumption - energy use,E7000,Electricity,GWH,Gigawatt-hour,IS,Iceland,2014,,16830.000,,,,,
dataflow,ESTAT:NRG_BAL_C(1.0),Complete energy balances,A,Annual,FC_E,Final consumption - energy use,E7000,Electricity,GWH,Gigawatt-hour,IS,Iceland,2015,,17470.000,,,,,
dataflow,ESTAT:NRG_BAL_C(1.0),Complete energy balances,A,Annual,FC_E,Final consumption - energy use,E7000,Electricity,GWH,Gigawatt-hour,IS,Iceland,2016,,17303.000,,,,,
dataflow,ESTAT:NRG_BAL_C(1.0),Complete energy balances,A,Annual,FC_E,Final consumption - energy use,E7000,Electricity,GWH,Gigawatt-hour,IS,Iceland,2017,,17891.729,,,,,
dataflow,ESTAT:NRG_BAL_C(1.0),Complete energy balances,A,Annual,FC_E,Final consumption - energy use,E7000,Electricity,GWH,Gigawatt-hour,IS,Iceland,2018,,18487.352,,,,,
dataflow,ESTAT:NRG_BAL_C(1.0),Complete energy balances,A,Annual,FC_E,Final consumption - energy use,E7000,Electricity,GWH,Gigawatt-hour,IS,Iceland,2019,,18226.800,,,,,
dataflow,ESTAT:NRG_BAL_C(1.0),Complete energy balances,A,Annual,FC_E,Final consumption - energy use,E7000,Electricity,GWH,Gigawatt-hour,IS,Iceland,2020,,17868.787,,,,,
dataflow,ESTAT:NRG_BAL_C(1.0),Complete energy balances,A,Annual,FC_E,Final consumption - energy use,E7000,Electricity,GWH,Gigawatt-hour,IS,Iceland,2021,,18345.354,,,,,
dataflow,ESTAT:NRG_BAL_C(1.0),Complete energy balances,A,Annual,FC_E,Final consumption - energy use,E7000,Electricity,GWH,Gigawatt-hour,IS,Iceland,2022,,18873.340,,,,,
dataflow,ESTAT:NRG_BAL_C(1.0),Complete energy balances,A,Annual,FC_E,Final consumption - energy use,E7000,Electricity,GWH,Gigawatt-hour,IS,Iceland,2023,,18899.193,,,,,
dataflow,ESTAT:NRG_BAL_C(1.0),Complete energy balances,A,Annual,FC_E,Final consumption - energy use,E7000,Electricity,GWH,Gigawatt-hour,IS,Iceland,2024,,18308.469,,,,,
dataflow,ESTAT:NRG_BAL_C(1.0),Complete energy balances,A,Annual,FC_E,Final consumption - energy use,E7000,Electricity,GWH,Gigawatt-hour,IT,Italy,1990,,214627.000,,,,,
dataflow,ESTAT:NRG_BAL_C(1.0),Complete energy balances,A,Annual,FC_E,Final consumption - energy use,E7000,Electricity,GWH,Gigawatt-hour,IT,Italy,1991,,219437.000,,,,,
dataflow,ESTAT:NRG_BAL_C(1.0),Complete energy balances,A,Annual,FC_E,Final consumption - energy use,E7000,Electricity,GWH,Gigawatt-hour,IT,Italy,1992,,223486.000,,,,,
dataflow,ESTAT:NRG_BAL_C(1.0),Complete energy balances,A,Annual,FC_E,Final consumption - energy use,E7000,Electricity,GWH,Gigawatt-hour,IT,Italy,1993,,224363.000,,,,,
dataflow,ESTAT:NRG_BAL_C(1.0),Complete energy balances,A,Annual,FC_E,Final consumption - energy use,E7000,Electricity,GWH,Gigawatt-hour,IT,Italy,1994,,231552.000,,,,,
dataflow,ESTAT:NRG_BAL_C(1.0),Complete energy balances,A,Annual,FC_E,Final consumption - energy use,E7000,Electricity,GWH,Gigawatt-hour,IT,Italy,1995,,238272.000,,,,,
dataflow,ESTAT:NRG_BAL_C(1.0),Complete energy balances,A,Annual,FC_E,Final consumption - energy use,E7000,Electricity,GWH,Gigawatt-hour,IT,Italy,1996,,240694.000,,,,,
dataflow,ESTAT:NRG_BAL_C(1.0),Complete energy balances,A,Annual,FC_E,Final consumption - energy use,E7000,Electricity,GWH,Gigawatt-hour,IT,Italy,1997,,248205.000,,,,,
dataflow,ESTAT:NRG_BAL_C(1.0),Complete energy balances,A,Annual,FC_E,Final consumption - energy use,E7000,Electricity,GWH,Gigawatt-hour,IT,Italy,1998,,255160.000,,,,,
dataflow,ESTAT:NRG_BAL_C(1.0),Complete energy balances,A,Annual,FC_E,Final consumption - energy use,E7000,Electricity,GWH,Gigawatt-hour,IT,Italy,1999,,261433.000,,,,,
dataflow,ESTAT:NRG_BAL_C(1.0),Complete energy balances,A,Annual,FC_E,Final consumption - energy use,E7000,Electricity,GWH,Gigawatt-hour,IT,Italy,2000,,272975.000,,,,,
dataflow,ESTAT:NRG_BAL_C(1.0),Complete energy balances,A,Annual,FC_E,Final consumption - energy use,E7000,Electricity,GWH,Gigawatt-hour,IT,Italy,2001,,277724.000,,,,,
dataflow,ESTAT:NRG_BAL_C(1.0),Complete energy balances,A,Annual,FC_E,Final consumption - energy use,E7000,Electricity,GWH,Gigawatt-hour,IT,Italy,2002,,282751.000,,,,,
dataflow,ESTAT:NRG_BAL_C(1.0),Complete energy balances,A,Annual,FC_E,Final consumption - energy use,E7000,Electricity,GWH,Gigawatt-hour,IT,Italy,2003,,291436.000,,,,,
dataflow,ESTAT:NRG_BAL_C(1.0),Complete energy balances,A,Annual,FC_E,Final consumption - energy use,E7000,Electricity,GWH,Gigawatt-hour,IT,Italy,2004,,295531.000,,,,,
dataflow,ESTAT:NRG_BAL_C(1.0),Complete energy balances,A,Annual,FC_E,Final consumption - energy use,E7000,Electricity,GWH,Gigawatt-hour,IT,Italy,2005,,300880.000,,,,,
dataflow,ESTAT:NRG_BAL_C(1.0),Complete energy balances,A,Annual,FC_E,Final consumption - energy use,E7000,Electricity,GWH,Gigawatt-hour,IT,Italy,2006,,308777.000,,,,,
dataflow,ESTAT:NRG_BAL_C(1.0),Complete energy balances,A,Annual,FC_E,Final consumption - energy use,E7000,Electricity,GWH,Gigawatt-hour,IT,Italy,2007,,309318.000,,,,,
dataflow,ESTAT:NRG_BAL_C(1.0),Complete energy balances,A,Annual,FC_E,Final consumption - energy use,E7000,Electricity,GWH,Gigawatt-hour,IT,Italy,2008,,309317.000,,,,,
dataflow,ESTAT:NRG_BAL_C(1.0),Complete energy balances,A,Annual,FC_E,Final consumption - energy use,E7000,Electricity,GWH,Gigawatt-hour,IT,Italy,2009,,290016.000,,,,,
dataflow,ESTAT:NRG_BAL_C(1.0),Complete energy balances,A,Annual,FC_E,Final consumption - energy use,E7000,Electricity,GWH,Gigawatt-hour,IT,Italy,2010,,299313.000,,,,,
dataflow,ESTAT:NRG_BAL_C(1.0),Complete energy balances,A,Annual,FC_E,Final consumption - energy use,E7000,Electricity,GWH,Gigawatt-hour,IT,Italy,2011,,301828.000,,,,,
dataflow,ESTAT:NRG_BAL_C(1.0),Complete energy balances,A,Annual,FC_E,Final consumption - energy use,E7000,Electricity,GWH,Gigawatt-hour,IT,Italy,2012,,296742.000,,,,,
dataflow,ESTAT:NRG_BAL_C(1.0),Complete energy balances,A,Annual,FC_E,Final consumption - energy use,E7000,Electricity,GWH,Gigawatt-hour,IT,Italy,2013,,287398.000,,,,,
dataflow,ESTAT:NRG_BAL_C(1.0),Complete energy balances,A,Annual,FC_E,Final consumption - energy use,E7000,Electricity,GWH,Gigawatt-hour,IT,Italy,2014,,281498.000,,,,,
dataflow,ESTAT:NRG_BAL_C(1.0),Complete energy balances,A,Annual,FC_E,Final consumption - energy use,E7000,Electricity,GWH,Gigawatt-hour,IT,Italy,2015,,287483.000,,,,,
dataflow,ESTAT:NRG_BAL_C(1.0),Complete energy balances,A,Annual,FC_E,Final consumption - energy use,E7000,Electricity,GWH,Gigawatt-hour,IT,Italy,2016,,286027.000,,,,,
dataflow,ESTAT:NRG_BAL_C(1.0),Complete energy balances,A,Annual,FC_E,Final consumption - energy use,E7000,Electricity,GWH,Gigawatt-hour,IT,Italy,2017,,291965.326,,,,,
dataflow,ESTAT:NRG_BAL_C(1.0),Complete energy balances,A,Annual,FC_E,Final consumption - energy use,E7000,Electricity,GWH,Gigawatt-hour,IT,Italy,2018,,293081.067,,,,,
dataflow,ESTAT:NRG_BAL_C(1.0),Complete energy balances,A,Annual,FC_E,Final consumption - energy use,E7000,Electricity,GWH,Gigawatt-hour,IT,Italy,2019,,291932.693,,,,,
dataflow,ESTAT:NRG_BAL_C(1.0),Complete energy balances,A,Annual,FC_E,Final consumption - energy use,E7000,Electricity,GWH,Gigawatt-hour,IT,Italy,2020,,275200.171,,,,,
dataflow,ESTAT:NRG_BAL_C(1.0),Complete energy balances,A,Annual,FC_E,Final consumption - energy use,E7000,Electricity,GWH,Gigawatt-hour,IT,Italy,2021,,292200.073,,,,,
dataflow,ESTAT:NRG_BAL_C(1.0),Complete energy balances,A,Annual,FC_E,Final consumption - energy use,E7000,Electricity,GWH,Gigawatt-hour,IT,Italy,2022,,286987.812,,,,,
dataflow,ESTAT:NRG_BAL_C(1.0),Complete energy balances,A,Annual,FC_E,Final consumption - energy use,E7000,Electricity,GWH,Gigawatt-hour,IT,Italy,2023,,278864.720,,,,,
dataflow,ESTAT:NRG_BAL_C(1.0),Complete energy balances,A,Annual,FC_E,Final consumption - energy use,E7000,Electricity,GWH,Gigawatt-hour,IT,Italy,2024,,283993.909,,,,,
dataflow,ESTAT:NRG_BAL_C(1.0),Complete energy balances,A,Annual,FC_E,Final consumption - energy use,E7000,Electricity,GWH,Gigawatt-hour,LT,Lithuania,1990,,12013.000,,,,,
dataflow,ESTAT:NRG_BAL_C(1.0),Complete energy balances,A,Annual,FC_E,Final consumption - energy use,E7000,Electricity,GWH,Gigawatt-hour,LT,Lithuania,1991,,11891.000,,,,,
dataflow,ESTAT:NRG_BAL_C(1.0),Complete energy balances,A,Annual,FC_E,Final consumption - energy use,E7000,Electricity,GWH,Gigawatt-hour,LT,Lithuania,1992,,9172.000,,,,,
dataflow,ESTAT:NRG_BAL_C(1.0),Complete energy balances,A,Annual,FC_E,Final consumption - energy use,E7000,Electricity,GWH,Gigawatt-hour,LT,Lithuania,1993,,6692.000,,,,,
dataflow,ESTAT:NRG_BAL_C(1.0),Complete energy balances,A,Annual,FC_E,Final consumption - energy use,E7000,Electricity,GWH,Gigawatt-hour,LT,Lithuania,1994,,6511.000,,,,,
dataflow,ESTAT:NRG_BAL_C(1.0),Complete energy balances,A,Annual,FC_E,Final consumption - energy use,E7000,Electricity,GWH,Gigawatt-hour,LT,Lithuania,1995,,6355.000,,,,,
dataflow,ESTAT:NRG_BAL_C(1.0),Complete energy balances,A,Annual,FC_E,Final consumption - energy use,E7000,Electricity,GWH,Gigawatt-hour,LT,Lithuania,1996,,6524.000,,,,,
dataflow,ESTAT:NRG_BAL_C(1.0),Complete energy balances,A,Annual,FC_E,Final consumption - energy use,E7000,Electricity,GWH,Gigawatt-hour,LT,Lithuania,1997,,6736.000,,,,,
dataflow,ESTAT:NRG_BAL_C(1.0),Complete energy balances,A,Annual,FC_E,Final consumption - energy use,E7000,Electricity,GWH,Gigawatt-hour,LT,Lithuania,1998,,6753.000,,,,,
dataflow,ESTAT:NRG_BAL_C(1.0),Complete energy balances,A,Annual,FC_E,Final consumption - energy use,E7000,Electricity,GWH,Gigawatt-hour,LT,Lithuania,1999,,6543.000,,,,,
dataflow,ESTAT:NRG_BAL_C(1.0),Complete energy balances,A,Annual,FC_E,Final consumption - energy use,E7000,Electricity,GWH,Gigawatt-hour,LT,Lithuania,2000,,6197.000,,,,,
dataflow,ESTAT:NRG_BAL_C(1.0),Complete energy balances,A,Annual,FC_E,Final consumption - energy use,E7000,Electricity,GWH,Gigawatt-hour,LT,Lithuania,2001,,6446.000,,,,,
dataflow,ESTAT:NRG_BAL_C(1.0),Complete energy balances,A,Annual,FC_E,Final consumption - energy use,E7000,Electricity,GWH,Gigawatt-hour,LT,Lithuania,2002,,6723.000,,,,,
dataflow,ESTAT:NRG_BAL_C(1.0),Complete energy balances,A,Annual,FC_E,Final consumption - energy use,E7000,Electricity,GWH,Gigawatt-hour,LT,Lithuania,2003,,7179.000,,,,,
dataflow,ESTAT:NRG_BAL_C(1.0),Complete energy balances,A,Annual,FC_E,Final consumption - energy use,E7000,Electricity,GWH,Gigawatt-hour,LT,Lithuania,2004,,7650.000,,,,,
dataflow,ESTAT:NRG_BAL_C(1.0),Complete energy balances,A,Annual,FC_E,Final consumption - energy use,E7000,Electricity,GWH,Gigawatt-hour,LT,Lithuania,2005,,7977.000,,,,,
dataflow,ESTAT:NRG_BAL_C(1.0),Complete energy balances,A,Annual,FC_E,Final consumption - energy use,E7000,Electricity,GWH,Gigawatt-hour,LT,Lithuania,2006,,8432.000,,,,,
dataflow,ESTAT:NRG_BAL_C(1.0),Complete energy balances,A,Annual,FC_E,Final consumption - energy use,E7000,Electricity,GWH,Gigawatt-hour,LT,Lithuania,2007,,8859.000,,,,,
dataflow,ESTAT:NRG_BAL_C(1.0),Complete energy balances,A,Annual,FC_E,Final consumption - energy use,E7000,Electricity,GWH,Gigawatt-hour,LT,Lithuania,2008,,9045.000,,,,,
dataflow,ESTAT:NRG_BAL_C(1.0),Complete energy balances,A,Annual,FC_E,Final consumption - energy use,E7000,Electricity,GWH,Gigawatt-hour,LT,Lithuania,2009,,8371.000,,,,,
dataflow,ESTAT:NRG_BAL_C(1.0),Complete energy balances,A,Annual,FC_E,Final consumption - energy use,E7000,Electricity,GWH,Gigawatt-hour,LT,Lithuania,2010,,8332.000,,,,,
dataflow,ESTAT:NRG_BAL_C(1.0),Complete energy balances,A,Annual,FC_E,Final consumption - energy use,E7000,Electricity,GWH,Gigawatt-hour,LT,Lithuania,2011,,8580.000,,,,,
dataflow,ESTAT:NRG_BAL_C(1.0),Complete energy balances,A,Annual,FC_E,Final consumption - energy use,E7000,Electricity,GWH,Gigawatt-hour,LT,Lithuania,2012,,8921.000,,,,,
dataflow,ESTAT:NRG_BAL_C(1.0),Complete energy balances,A,Annual,FC_E,Final consumption - energy use,E7000,Electricity,GWH,Gigawatt-hour,LT,Lithuania,2013,,8955.000,,,,,
dataflow,ESTAT:NRG_BAL_C(1.0),Complete energy balances,A,Annual,FC_E,Final consumption - energy use,E7000,Electricity,GWH,Gigawatt-hour,LT,Lithuania,2014,,9237.000,,,,,
dataflow,ESTAT:NRG_BAL_C(1.0),Complete energy balances,A,Annual,FC_E,Final consumption - energy use,E7000,Electricity,GWH,Gigawatt-hour,LT,Lithuania,2015,,9342.000,,,,,
dataflow,ESTAT:NRG_BAL_C(1.0),Complete energy balances,A,Annual,FC_E,Final consumption - energy use,E7000,Electricity,GWH,Gigawatt-hour,LT,Lithuania,2016,,9750.000,,,,,
dataflow,ESTAT:NRG_BAL_C(1.0),Complete energy balances,A,Annual,FC_E,Final consumption - energy use,E7000,Electricity,GWH,Gigawatt-hour,LT,Lithuania,2017,,10059.200,,,,,
dataflow,ESTAT:NRG_BAL_C(1.0),Complete energy balances,A,Annual,FC_E,Final consumption - energy use,E7000,Electricity,GWH,Gigawatt-hour,LT,Lithuania,2018,,10398.300,,,,,
dataflow,ESTAT:NRG_BAL_C(1.0),Complete energy balances,A,Annual,FC_E,Final consumption - energy use,E7000,Electricity,GWH,Gigawatt-hour,LT,Lithuania,2019,,10541.100,,,,,
dataflow,ESTAT:NRG_BAL_C(1.0),Complete energy balances,A,Annual,FC_E,Final consumption - energy use,E7000,Electricity,GWH,Gigawatt-hour,LT,Lithuania,2020,,10355.300,,,,,
dataflow,ESTAT:NRG_BAL_C(1.0),Complete energy balances,A,Annual,FC_E,Final consumption - energy use,E7000,Electricity,GWH,Gigawatt-hour,LT,Lithuania,2021,,11154.200,,,,,
dataflow,ESTAT:NRG_BAL_C(1.0),Complete energy balances,A,Annual,FC_E,Final consumption - energy use,E7000,Electricity,GWH,Gigawatt-hour,LT,Lithuania,2022,,10662.800,,,,,
dataflow,ESTAT:NRG_BAL_C(1.0),Complete energy balances,A,Annual,FC_E,Final consumption - energy use,E7000,Electricity,GWH,Gigawatt-hour,LT,Lithuania,2023,,10217.400,,,,,
dataflow,ESTAT:NRG_BAL_C(1.0),Complete energy balances,A,Annual,FC_E,Final consumption - energy use,E7000,Electricity,GWH,Gigawatt-hour,LT,Lithuania,2024,,10816.500,,,,,
dataflow,ESTAT:NRG_BAL_C(1.0),Complete energy balances,A,Annual,FC_E,Final consumption - energy use,E7000,Electricity,GWH,Gigawatt-hour,LU,Luxembourg,1990,,4149.000,,,,,
dataflow,ESTAT:NRG_BAL_C(1.0),Complete energy balances,A,Annual,FC_E,Final consumption - energy use,E7000,Electricity,GWH,Gigawatt-hour,LU,Luxembourg,1991,,4211.000,,,,,
dataflow,ESTAT:NRG_BAL_C(1.0),Complete energy balances,A,Annual,FC_E,Final consumption - energy use,E7000,Electricity,GWH,Gigawatt-hour,LU,Luxembourg,1992,,4231.000,,,,,
dataflow,ESTAT:NRG_BAL_C(1.0),Complete energy balances,A,Annual,FC_E,Final consumption - energy use,E7000,Electricity,GWH,Gigawatt-hour,LU,Luxembourg,1993,,4385.000,,,,,
dataflow,ESTAT:NRG_BAL_C(1.0),Complete energy balances,A,Annual,FC_E,Final consumption - energy use,E7000,Electricity,GWH,Gigawatt-hour,LU,Luxembourg,1994,,4644.000,,,,,
dataflow,ESTAT:NRG_BAL_C(1.0),Complete energy balances,A,Annual,FC_E,Final consumption - energy use,E7000,Electricity,GWH,Gigawatt-hour,LU,Luxembourg,1995,,4996.000,,,,,
dataflow,ESTAT:NRG_BAL_C(1.0),Complete energy balances,A,Annual,FC_E,Final consumption - energy use,E7000,Electricity,GWH,Gigawatt-hour,LU,Luxembourg,1996,,4907.000,,,,,
dataflow,ESTAT:NRG_BAL_C(1.0),Complete energy balances,A,Annual,FC_E,Final consumption - energy use,E7000,Electricity,GWH,Gigawatt-hour,LU,Luxembourg,1997,,5057.000,,,,,
dataflow,ESTAT:NRG_BAL_C(1.0),Complete energy balances,A,Annual,FC_E,Final consumption - energy use,E7000,Electricity,GWH,Gigawatt-hour,LU,Luxembourg,1998,,5292.000,,,,,
dataflow,ESTAT:NRG_BAL_C(1.0),Complete energy balances,A,Annual,FC_E,Final consumption - energy use,E7000,Electricity,GWH,Gigawatt-hour,LU,Luxembourg,1999,,5495.000,,,,,
dataflow,ESTAT:NRG_BAL_C(1.0),Complete energy balances,A,Annual,FC_E,Final consumption - energy use,E7000,Electricity,GWH,Gigawatt-hour,LU,Luxembourg,2000,,5775.057,,,,,
dataflow,ESTAT:NRG_BAL_C(1.0),Complete energy balances,A,Annual,FC_E,Final consumption - energy use,E7000,Electricity,GWH,Gigawatt-hour,LU,Luxembourg,2001,,5842.552,,,,,
dataflow,ESTAT:NRG_BAL_C(1.0),Complete energy balances,A,Annual,FC_E,Final consumption - energy use,E7000,Electricity,GWH,Gigawatt-hour,LU,Luxembourg,2002,,5905.706,,,,,
dataflow,ESTAT:NRG_BAL_C(1.0),Complete energy balances,A,Annual,FC_E,Final consumption - energy use,E7000,Electricity,GWH,Gigawatt-hour,LU,Luxembourg,2003,,6181.227,,,,,
dataflow,ESTAT:NRG_BAL_C(1.0),Complete energy balances,A,Annual,FC_E,Final consumption - energy use,E7000,Electricity,GWH,Gigawatt-hour,LU,Luxembourg,2004,,6390.940,,,,,
dataflow,ESTAT:NRG_BAL_C(1.0),Complete energy balances,A,Annual,FC_E,Final consumption - energy use,E7000,Electricity,GWH,Gigawatt-hour,LU,Luxembourg,2005,,6152.619,,,,,
dataflow,ESTAT:NRG_BAL_C(1.0),Complete energy balances,A,Annual,FC_E,Final consumption - energy use,E7000,Electricity,GWH,Gigawatt-hour,LU,Luxembourg,2006,,6612.911,,,,,
dataflow,ESTAT:NRG_BAL_C(1.0),Complete energy balances,A,Annual,FC_E,Final consumption - energy use,E7000,Electricity,GWH,Gigawatt-hour,LU,Luxembourg,2007,,6693.751,,,,,
dataflow,ESTAT:NRG_BAL_C(1.0),Complete energy balances,A,Annual,FC_E,Final consumption - energy use,E7000,Electricity,GWH,Gigawatt-hour,LU,Luxembourg,2008,,6597.345,,,,,
dataflow,ESTAT:NRG_BAL_C(1.0),Complete energy balances,A,Annual,FC_E,Final consumption - energy use,E7000,Electricity,GWH,Gigawatt-hour,LU,Luxembourg,2009,,6112.467,,,,,
dataflow,ESTAT:NRG_BAL_C(1.0),Complete energy balances,A,Annual,FC_E,Final consumption - energy use,E7000,Electricity,GWH,Gigawatt-hour,LU,Luxembourg,2010,,6592.971,,,,,
dataflow,ESTAT:NRG_BAL_C(1.0),Complete energy balances,A,Annual,FC_E,Final consumption - energy use,E7000,Electricity,GWH,Gigawatt-hour,LU,Luxembourg,2011,,6484.290,,,,,
dataflow,ESTAT:NRG_BAL_C(1.0),Complete energy balances,A,Annual,FC_E,Final consumption - energy use,E7000,Electricity,GWH,Gigawatt-hour,LU,Luxembourg,2012,,6235.960,,,,,
dataflow,ESTAT:NRG_BAL_C(1.0),Complete energy balances,A,Annual,FC_E,Final consumption - energy use,E7000,Electricity,GWH,Gigawatt-hour,LU,Luxembourg,2013,,6198.537,,,,,
dataflow,ESTAT:NRG_BAL_C(1.0),Complete energy balances,A,Annual,FC_E,Final consumption - energy use,E7000,Electricity,GWH,Gigawatt-hour,LU,Luxembourg,2014,,6182.009,,,,,
dataflow,ESTAT:NRG_BAL_C(1.0),Complete energy balances,A,Annual,FC_E,Final consumption - energy use,E7000,Electricity,GWH,Gigawatt-hour,LU,Luxembourg,2015,,6223.728,,,,,
dataflow,ESTAT:NRG_BAL_C(1.0),Complete energy balances,A,Annual,FC_E,Final consumption - energy use,E7000,Electricity,GWH,Gigawatt-hour,LU,Luxembourg,2016,,6366.481,,,,,
dataflow,ESTAT:NRG_BAL_C(1.0),Complete energy balances,A,Annual,FC_E,Final consumption - energy use,E7000,Electricity,GWH,Gigawatt-hour,LU,Luxembourg,2017,,6393.275,,,,,
dataflow,ESTAT:NRG_BAL_C(1.0),Complete energy balances,A,Annual,FC_E,Final consumption - energy use,E7000,Electricity,GWH,Gigawatt-hour,LU,Luxembourg,2018,,6458.711,,,,,
dataflow,ESTAT:NRG_BAL_C(1.0),Complete energy balances,A,Annual,FC_E,Final consumption - energy use,E7000,Electricity,GWH,Gigawatt-hour,LU,Luxembourg,2019,,6396.950,,,,,
dataflow,ESTAT:NRG_BAL_C(1.0),Complete energy balances,A,Annual,FC_E,Final consumption - energy use,E7000,Electricity,GWH,Gigawatt-hour,LU,Luxembourg,2020,,6119.506,,,,,
dataflow,ESTAT:NRG_BAL_C(1.0),Complete energy balances,A,Annual,FC_E,Final consumption - energy use,E7000,Electricity,GWH,Gigawatt-hour,LU,Luxembourg,2021,,6392.858,,,,,
dataflow,ESTAT:NRG_BAL_C(1.0),Complete energy balances,A,Annual,FC_E,Final consumption - energy use,E7000,Electricity,GWH,Gigawatt-hour,LU,Luxembourg,2022,,6165.630,,,,,
dataflow,ESTAT:NRG_BAL_C(1.0),Complete energy balances,A,Annual,FC_E,Final consumption - energy use,E7000,Electricity,GWH,Gigawatt-hour,LU,Luxembourg,2023,,6057.354,,,,,
dataflow,ESTAT:NRG_BAL_C(1.0),Complete energy balances,A,Annual,FC_E,Final consumption - energy use,E7000,Electricity,GWH,Gigawatt-hour,LU,Luxembourg,2024,,6196.028,,,,,
dataflow,ESTAT:NRG_BAL_C(1.0),Complete energy balances,A,Annual,FC_E,Final consumption - energy use,E7000,Electricity,GWH,Gigawatt-hour,LV,Latvia,1990,,8320.000,,,,,
dataflow,ESTAT:NRG_BAL_C(1.0),Complete energy balances,A,Annual,FC_E,Final consumption - energy use,E7000,Electricity,GWH,Gigawatt-hour,LV,Latvia,1991,,8013.000,,,,,
dataflow,ESTAT:NRG_BAL_C(1.0),Complete energy balances,A,Annual,FC_E,Final consumption - energy use,E7000,Electricity,GWH,Gigawatt-hour,LV,Latvia,1992,,6344.000,,,,,
dataflow,ESTAT:NRG_BAL_C(1.0),Complete energy balances,A,Annual,FC_E,Final consumption - energy use,E7000,Electricity,GWH,Gigawatt-hour,LV,Latvia,1993,,4731.000,,,,,
dataflow,ESTAT:NRG_BAL_C(1.0),Complete energy balances,A,Annual,FC_E,Final consumption - energy use,E7000,Electricity,GWH,Gigawatt-hour,LV,Latvia,1994,,4402.000,,,,,
dataflow,ESTAT:NRG_BAL_C(1.0),Complete energy balances,A,Annual,FC_E,Final consumption - energy use,E7000,Electricity,GWH,Gigawatt-hour,LV,Latvia,1995,,4465.000,,,,,
dataflow,ESTAT:NRG_BAL_C(1.0),Complete energy balances,A,Annual,FC_E,Final consumption - energy use,E7000,Electricity,GWH,Gigawatt-hour,LV,Latvia,1996,,4134.000,,,,,
dataflow,ESTAT:NRG_BAL_C(1.0),Complete energy balances,A,Annual,FC_E,Final consumption - energy use,E7000,Electricity,GWH,Gigawatt-hour,LV,Latvia,1997,,4191.000,,,,,
dataflow,ESTAT:NRG_BAL_C(1.0),Complete energy balances,A,Annual,FC_E,Final consumption - energy use,E7000,Electricity,GWH,Gigawatt-hour,LV,Latvia,1998,,4505.000,,,,,
dataflow,ESTAT:NRG_BAL_C(1.0),Complete energy balances,A,Annual,FC_E,Final consumption - energy use,E7000,Electricity,GWH,Gigawatt-hour,LV,Latvia,1999,,4461.000,,,,,
dataflow,ESTAT:NRG_BAL_C(1.0),Complete energy balances,A,Annual,FC_E,Final consumption - energy use,E7000,Electricity,GWH,Gigawatt-hour,LV,Latvia,2000,,4477.000,,,,,
dataflow,ESTAT:NRG_BAL_C(1.0),Complete energy balances,A,Annual,FC_E,Final consumption - energy use,E7000,Electricity,GWH,Gigawatt-hour,LV,Latvia,2001,,4583.000,,,,,
dataflow,ESTAT:NRG_BAL_C(1.0),Complete energy balances,A,Annual,FC_E,Final consumption - energy use,E7000,Electricity,GWH,Gigawatt-hour,LV,Latvia,2002,,4882.000,,,,,
dataflow,ESTAT:NRG_BAL_C(1.0),Complete energy balances,A,Annual,FC_E,Final consumption - energy use,E7000,Electricity,GWH,Gigawatt-hour,LV,Latvia,2003,,5201.000,,,,,
dataflow,ESTAT:NRG_BAL_C(1.0),Complete energy balances,A,Annual,FC_E,Final consumption - energy use,E7000,Electricity,GWH,Gigawatt-hour,LV,Latvia,2004,,5404.000,,,,,
dataflow,ESTAT:NRG_BAL_C(1.0),Complete energy balances,A,Annual,FC_E,Final consumption - energy use,E7000,Electricity,GWH,Gigawatt-hour,LV,Latvia,2005,,5729.000,,,,,
dataflow,ESTAT:NRG_BAL_C(1.0),Complete energy balances,A,Annual,FC_E,Final consumption - energy use,E7000,Electricity,GWH,Gigawatt-hour,LV,Latvia,2006,,6143.000,,,,,
dataflow,ESTAT:NRG_BAL_C(1.0),Complete energy balances,A,Annual,FC_E,Final consumption - energy use,E7000,Electricity,GWH,Gigawatt-hour,LV,Latvia,2007,,6606.000,,,,,
dataflow,ESTAT:NRG_BAL_C(1.0),Complete energy balances,A,Annual,FC_E,Final consumption - energy use,E7000,Electricity,GWH,Gigawatt-hour,LV,Latvia,2008,,6628.000,,,,,
dataflow,ESTAT:NRG_BAL_C(1.0),Complete energy balances,A,Annual,FC_E,Final consumption - energy use,E7000,Electricity,GWH,Gigawatt-hour,LV,Latvia,2009,,6103.000,,,,,
dataflow,ESTAT:NRG_BAL_C(1.0),Complete energy balances,A,Annual,FC_E,Final consumption - energy use,E7000,Electricity,GWH,Gigawatt-hour,LV,Latvia,2010,,6215.000,,,,,
dataflow,ESTAT:NRG_BAL_C(1.0),Complete energy balances,A,Annual,FC_E,Final consumption - energy use,E7000,Electricity,GWH,Gigawatt-hour,LV,Latvia,2011,,6191.000,,,,,
dataflow,ESTAT:NRG_BAL_C(1.0),Complete energy balances,A,Annual,FC_E,Final consumption - energy use,E7000,Electricity,GWH,Gigawatt-hour,LV,Latvia,2012,,6848.000,,,,,
dataflow,ESTAT:NRG_BAL_C(1.0),Complete energy balances,A,Annual,FC_E,Final consumption - energy use,E7000,Electricity,GWH,Gigawatt-hour,LV,Latvia,2013,,6576.000,,,,,
dataflow,ESTAT:NRG_BAL_C(1.0),Complete energy balances,A,Annual,FC_E,Final consumption - energy use,E7000,Electricity,GWH,Gigawatt-hour,LV,Latvia,2014,,6582.000,,,,,
dataflow,ESTAT:NRG_BAL_C(1.0),Complete energy balances,A,Annual,FC_E,Final consumption - energy use,E7000,Electricity,GWH,Gigawatt-hour,LV,Latvia,2015,,6461.000,,,,,
dataflow,ESTAT:NRG_BAL_C(1.0),Complete energy balances,A,Annual,FC_E,Final consumption - energy use,E7000,Electricity,GWH,Gigawatt-hour,LV,Latvia,2016,,6482.000,,,,,
dataflow,ESTAT:NRG_BAL_C(1.0),Complete energy balances,A,Annual,FC_E,Final consumption - energy use,E7000,Electricity,GWH,Gigawatt-hour,LV,Latvia,2017,,6484.641,,,,,
dataflow,ESTAT:NRG_BAL_C(1.0),Complete energy balances,A,Annual,FC_E,Final consumption - energy use,E7000,Electricity,GWH,Gigawatt-hour,LV,Latvia,2018,,6662.141,,,,,
dataflow,ESTAT:NRG_BAL_C(1.0),Complete energy balances,A,Annual,FC_E,Final consumption - energy use,E7000,Electricity,GWH,Gigawatt-hour,LV,Latvia,2019,,6636.514,,,,,
dataflow,ESTAT:NRG_BAL_C(1.0),Complete energy balances,A,Annual,FC_E,Final consumption - energy use,E7000,Electricity,GWH,Gigawatt-hour,LV,Latvia,2020,,6523.756,,,,,
dataflow,ESTAT:NRG_BAL_C(1.0),Complete energy balances,A,Annual,FC_E,Final consumption - energy use,E7000,Electricity,GWH,Gigawatt-hour,LV,Latvia,2021,,6738.980,,,,,
dataflow,ESTAT:NRG_BAL_C(1.0),Complete energy balances,A,Annual,FC_E,Final consumption - energy use,E7000,Electricity,GWH,Gigawatt-hour,LV,Latvia,2022,,6464.488,,,,,
dataflow,ESTAT:NRG_BAL_C(1.0),Complete energy balances,A,Annual,FC_E,Final consumption - energy use,E7000,Electricity,GWH,Gigawatt-hour,LV,Latvia,2023,,6280.993,,,,,
dataflow,ESTAT:NRG_BAL_C(1.0),Complete energy balances,A,Annual,FC_E,Final consumption - energy use,E7000,Electricity,GWH,Gigawatt-hour,LV,Latvia,2024,,6512.948,,,,,
dataflow,ESTAT:NRG_BAL_C(1.0),Complete energy balances,A,Annual,FC_E,Final consumption - energy use,E7000,Electricity,GWH,Gigawatt-hour,MD,Moldova,2010,,3286.000,,,,,
dataflow,ESTAT:NRG_BAL_C(1.0),Complete energy balances,A,Annual,FC_E,Final consumption - energy use,E7000,Electricity,GWH,Gigawatt-hour,MD,Moldova,2011,,3382.000,,,,,
dataflow,ESTAT:NRG_BAL_C(1.0),Complete energy balances,A,Annual,FC_E,Final consumption - energy use,E7000,Electricity,GWH,Gigawatt-hour,MD,Moldova,2012,,3470.000,,,,,
dataflow,ESTAT:NRG_BAL_C(1.0),Complete energy balances,A,Annual,FC_E,Final consumption - energy use,E7000,Electricity,GWH,Gigawatt-hour,MD,Moldova,2013,,3645.000,,,,,
dataflow,ESTAT:NRG_BAL_C(1.0),Complete energy balances,A,Annual,FC_E,Final consumption - energy use,E7000,Electricity,GWH,Gigawatt-hour,MD,Moldova,2014,,3649.000,,,,,
dataflow,ESTAT:NRG_BAL_C(1.0),Complete energy balances,A,Annual,FC_E,Final consumption - energy use,E7000,Electricity,GWH,Gigawatt-hour,MD,Moldova,2015,,3686.000,,,,,
dataflow,ESTAT:NRG_BAL_C(1.0),Complete energy balances,A,Annual,FC_E,Final consumption - energy use,E7000,Electricity,GWH,Gigawatt-hour,MD,Moldova,2016,,3622.000,,,,,
dataflow,ESTAT:NRG_BAL_C(1.0),Complete energy balances,A,Annual,FC_E,Final consumption - energy use,E7000,Electricity,GWH,Gigawatt-hour,MD,Moldova,2017,,3704.000,,,,,
dataflow,ESTAT:NRG_BAL_C(1.0),Complete energy balances,A,Annual,FC_E,Final consumption - energy use,E7000,Electricity,GWH,Gigawatt-hour,MD,Moldova,2018,,3841.000,,,,,
dataflow,ESTAT:NRG_BAL_C(1.0),Complete energy balances,A,Annual,FC_E,Final consumption - energy use,E7000,Electricity,GWH,Gigawatt-hour,MD,Moldova,2019,,3813.000,,,,,
dataflow,ESTAT:NRG_BAL_C(1.0),Complete energy balances,A,Annual,FC_E,Final consumption - energy use,E7000,Electricity,GWH,Gigawatt-hour,MD,Moldova,2020,,3807.000,,,,,
dataflow,ESTAT:NRG_BAL_C(1.0),Complete energy balances,A,Annual,FC_E,Final consumption - energy use,E7000,Electricity,GWH,Gigawatt-hour,MD,Moldova,2021,,4128.000,,,,,
dataflow,ESTAT:NRG_BAL_C(1.0),Complete energy balances,A,Annual,FC_E,Final consumption - energy use,E7000,Electricity,GWH,Gigawatt-hour,MD,Moldova,2022,,4040.000,,,,,
dataflow,ESTAT:NRG_BAL_C(1.0),Complete energy balances,A,Annual,FC_E,Final consumption - energy use,E7000,Electricity,GWH,Gigawatt-hour,MD,Moldova,2023,,3944.800,,,,,
dataflow,ESTAT:NRG_BAL_C(1.0),Complete energy balances,A,Annual,FC_E,Final consumption - energy use,E7000,Electricity,GWH,Gigawatt-hour,MD,Moldova,2024,,4234.400,,,,,
dataflow,ESTAT:NRG_BAL_C(1.0),Complete energy balances,A,Annual,FC_E,Final consumption - energy use,E7000,Electricity,GWH,Gigawatt-hour,ME,Montenegro,2005,,3765.000,,,,,
dataflow,ESTAT:NRG_BAL_C(1.0),Complete energy balances,A,Annual,FC_E,Final consumption - energy use,E7000,Electricity,GWH,Gigawatt-hour,ME,Montenegro,2006,,3856.000,,,,,
dataflow,ESTAT:NRG_BAL_C(1.0),Complete energy balances,A,Annual,FC_E,Final consumption - energy use,E7000,Electricity,GWH,Gigawatt-hour,ME,Montenegro,2007,,3938.000,,,,,
dataflow,ESTAT:NRG_BAL_C(1.0),Complete energy balances,A,Annual,FC_E,Final consumption - energy use,E7000,Electricity,GWH,Gigawatt-hour,ME,Montenegro,2008,,3738.000,,,,,
dataflow,ESTAT:NRG_BAL_C(1.0),Complete energy balances,A,Annual,FC_E,Final consumption - energy use,E7000,Electricity,GWH,Gigawatt-hour,ME,Montenegro,2009,,3017.000,,,,,
dataflow,ESTAT:NRG_BAL_C(1.0),Complete energy balances,A,Annual,FC_E,Final consumption - energy use,E7000,Electricity,GWH,Gigawatt-hour,ME,Montenegro,2010,,3211.000,,,,,
dataflow,ESTAT:NRG_BAL_C(1.0),Complete energy balances,A,Annual,FC_E,Final consumption - energy use,E7000,Electricity,GWH,Gigawatt-hour,ME,Montenegro,2011,,3414.000,,,,,
dataflow,ESTAT:NRG_BAL_C(1.0),Complete energy balances,A,Annual,FC_E,Final consumption - energy use,E7000,Electricity,GWH,Gigawatt-hour,ME,Montenegro,2012,,3220.000,,,,,
dataflow,ESTAT:NRG_BAL_C(1.0),Complete energy balances,A,Annual,FC_E,Final consumption - energy use,E7000,Electricity,GWH,Gigawatt-hour,ME,Montenegro,2013,,2706.000,,,,,
dataflow,ESTAT:NRG_BAL_C(1.0),Complete energy balances,A,Annual,FC_E,Final consumption - energy use,E7000,Electricity,GWH,Gigawatt-hour,ME,Montenegro,2014,,2610.000,,,,,
dataflow,ESTAT:NRG_BAL_C(1.0),Complete energy balances,A,Annual,FC_E,Final consumption - energy use,E7000,Electricity,GWH,Gigawatt-hour,ME,Montenegro,2015,,2679.000,,,,,
dataflow,ESTAT:NRG_BAL_C(1.0),Complete energy balances,A,Annual,FC_E,Final consumption - energy use,E7000,Electricity,GWH,Gigawatt-hour,ME,Montenegro,2016,,2671.000,,,,,
dataflow,ESTAT:NRG_BAL_C(1.0),Complete energy balances,A,Annual,FC_E,Final consumption - energy use,E7000,Electricity,GWH,Gigawatt-hour,ME,Montenegro,2017,,2855.000,,,,,
dataflow,ESTAT:NRG_BAL_C(1.0),Complete energy balances,A,Annual,FC_E,Final consumption - energy use,E7000,Electricity,GWH,Gigawatt-hour,ME,Montenegro,2018,,2846.600,,,,,
dataflow,ESTAT:NRG_BAL_C(1.0),Complete energy balances,A,Annual,FC_E,Final consumption - energy use,E7000,Electricity,GWH,Gigawatt-hour,ME,Montenegro,2019,,3054.200,,,,,
dataflow,ESTAT:NRG_BAL_C(1.0),Complete energy balances,A,Annual,FC_E,Final consumption - energy use,E7000,Electricity,GWH,Gigawatt-hour,ME,Montenegro,2020,,2828.100,,,,,
dataflow,ESTAT:NRG_BAL_C(1.0),Complete energy balances,A,Annual,FC_E,Final consumption - energy use,E7000,Electricity,GWH,Gigawatt-hour,ME,Montenegro,2021,,2977.700,,,,,
dataflow,ESTAT:NRG_BAL_C(1.0),Complete energy balances,A,Annual,FC_E,Final consumption - energy use,E7000,Electricity,GWH,Gigawatt-hour,ME,Montenegro,2022,,2604.300,,,,,
dataflow,ESTAT:NRG_BAL_C(1.0),Complete energy balances,A,Annual,FC_E,Final consumption - energy use,E7000,Electricity,GWH,Gigawatt-hour,ME,Montenegro,2023,,2718.900,,,,,
dataflow,ESTAT:NRG_BAL_C(1.0),Complete energy balances,A,Annual,FC_E,Final consumption - energy use,E7000,Electricity,GWH,Gigawatt-hour,ME,Montenegro,2024,,2804.900,,,,,
dataflow,ESTAT:NRG_BAL_C(1.0),Complete energy balances,A,Annual,FC_E,Final consumption - energy use,E7000,Electricity,GWH,Gigawatt-hour,MK,North Macedonia,1990,,4692.000,,,,,
dataflow,ESTAT:NRG_BAL_C(1.0),Complete energy balances,A,Annual,FC_E,Final consumption - energy use,E7000,Electricity,GWH,Gigawatt-hour,MK,North Macedonia,1991,,4715.000,,,,,
dataflow,ESTAT:NRG_BAL_C(1.0),Complete energy balances,A,Annual,FC_E,Final consumption - energy use,E7000,Electricity,GWH,Gigawatt-hour,MK,North Macedonia,1992,,5244.000,,,,,
dataflow,ESTAT:NRG_BAL_C(1.0),Complete energy balances,A,Annual,FC_E,Final consumption - energy use,E7000,Electricity,GWH,Gigawatt-hour,MK,North Macedonia,1993,,5048.000,,,,,
dataflow,ESTAT:NRG_BAL_C(1.0),Complete energy balances,A,Annual,FC_E,Final consumption - energy use,E7000,Electricity,GWH,Gigawatt-hour,MK,North Macedonia,1994,,4786.000,,,,,
dataflow,ESTAT:NRG_BAL_C(1.0),Complete energy balances,A,Annual,FC_E,Final consumption - energy use,E7000,Electricity,GWH,Gigawatt-hour,MK,North Macedonia,1995,,4969.000,,,,,
dataflow,ESTAT:NRG_BAL_C(1.0),Complete energy balances,A,Annual,FC_E,Final consumption - energy use,E7000,Electricity,GWH,Gigawatt-hour,MK,North Macedonia,1996,,5190.000,,,,,
dataflow,ESTAT:NRG_BAL_C(1.0),Complete energy balances,A,Annual,FC_E,Final consumption - energy use,E7000,Electricity,GWH,Gigawatt-hour,MK,North Macedonia,1997,,5342.000,,,,,
dataflow,ESTAT:NRG_BAL_C(1.0),Complete energy balances,A,Annual,FC_E,Final consumption - energy use,E7000,Electricity,GWH,Gigawatt-hour,MK,North Macedonia,1998,,5461.000,,,,,
dataflow,ESTAT:NRG_BAL_C(1.0),Complete energy balances,A,Annual,FC_E,Final consumption - energy use,E7000,Electricity,GWH,Gigawatt-hour,MK,North Macedonia,1999,,5121.000,,,,,
dataflow,ESTAT:NRG_BAL_C(1.0),Complete energy balances,A,Annual,FC_E,Final consumption - energy use,E7000,Electricity,GWH,Gigawatt-hour,MK,North Macedonia,2000,,5208.000,,,,,
dataflow,ESTAT:NRG_BAL_C(1.0),Complete energy balances,A,Annual,FC_E,Final consumption - energy use,E7000,Electricity,GWH,Gigawatt-hour,MK,North Macedonia,2001,,5018.000,,,,,
dataflow,ESTAT:NRG_BAL_C(1.0),Complete energy balances,A,Annual,FC_E,Final consumption - energy use,E7000,Electricity,GWH,Gigawatt-hour,MK,North Macedonia,2002,,4973.000,,,,,
dataflow,ESTAT:NRG_BAL_C(1.0),Complete energy balances,A,Annual,FC_E,Final consumption - energy use,E7000,Electricity,GWH,Gigawatt-hour,MK,North Macedonia,2003,,5697.000,,,,,
dataflow,ESTAT:NRG_BAL_C(1.0),Complete energy balances,A,Annual,FC_E,Final consumption - energy use,E7000,Electricity,GWH,Gigawatt-hour,MK,North Macedonia,2004,,5764.000,,,,,
dataflow,ESTAT:NRG_BAL_C(1.0),Complete energy balances,A,Annual,FC_E,Final consumption - energy use,E7000,Electricity,GWH,Gigawatt-hour,MK,North Macedonia,2005,,6227.000,,,,,
dataflow,ESTAT:NRG_BAL_C(1.0),Complete energy balances,A,Annual,FC_E,Final consumption - energy use,E7000,Electricity,GWH,Gigawatt-hour,MK,North Macedonia,2006,,6439.000,,,,,
dataflow,ESTAT:NRG_BAL_C(1.0),Complete energy balances,A,Annual,FC_E,Final consumption - energy use,E7000,Electricity,GWH,Gigawatt-hour,MK,North Macedonia,2007,,6748.000,,,,,
dataflow,ESTAT:NRG_BAL_C(1.0),Complete energy balances,A,Annual,FC_E,Final consumption - energy use,E7000,Electricity,GWH,Gigawatt-hour,MK,North Macedonia,2008,,6897.000,,,,,
dataflow,ESTAT:NRG_BAL_C(1.0),Complete energy balances,A,Annual,FC_E,Final consumption - energy use,E7000,Electricity,GWH,Gigawatt-hour,MK,North Macedonia,2009,,6392.000,,,,,
dataflow,ESTAT:NRG_BAL_C(1.0),Complete energy balances,A,Annual,FC_E,Final consumption - energy use,E7000,Electricity,GWH,Gigawatt-hour,MK,North Macedonia,2010,,6784.000,,,,,
dataflow,ESTAT:NRG_BAL_C(1.0),Complete energy balances,A,Annual,FC_E,Final consumption - energy use,E7000,Electricity,GWH,Gigawatt-hour,MK,North Macedonia,2011,,7378.000,,,,,
dataflow,ESTAT:NRG_BAL_C(1.0),Complete energy balances,A,Annual,FC_E,Final consumption - energy use,E7000,Electricity,GWH,Gigawatt-hour,MK,North Macedonia,2012,,7005.000,,,,,
dataflow,ESTAT:NRG_BAL_C(1.0),Complete energy balances,A,Annual,FC_E,Final consumption - energy use,E7000,Electricity,GWH,Gigawatt-hour,MK,North Macedonia,2013,,6801.000,,,,,
dataflow,ESTAT:NRG_BAL_C(1.0),Complete energy balances,A,Annual,FC_E,Final consumption - energy use,E7000,Electricity,GWH,Gigawatt-hour,MK,North Macedonia,2014,,6729.000,,,,,
dataflow,ESTAT:NRG_BAL_C(1.0),Complete energy balances,A,Annual,FC_E,Final consumption - energy use,E7000,Electricity,GWH,Gigawatt-hour,MK,North Macedonia,2015,,6635.000,,,,,
dataflow,ESTAT:NRG_BAL_C(1.0),Complete energy balances,A,Annual,FC_E,Final consumption - energy use,E7000,Electricity,GWH,Gigawatt-hour,MK,North Macedonia,2016,,6193.186,,,,,
dataflow,ESTAT:NRG_BAL_C(1.0),Complete energy balances,A,Annual,FC_E,Final consumption - energy use,E7000,Electricity,GWH,Gigawatt-hour,MK,North Macedonia,2017,,6101.817,,,,,
dataflow,ESTAT:NRG_BAL_C(1.0),Complete energy balances,A,Annual,FC_E,Final consumption - energy use,E7000,Electricity,GWH,Gigawatt-hour,MK,North Macedonia,2018,,6105.461,,,,,
dataflow,ESTAT:NRG_BAL_C(1.0),Complete energy balances,A,Annual,FC_E,Final consumption - energy use,E7000,Electricity,GWH,Gigawatt-hour,MK,North Macedonia,2019,,6240.671,,,,,
dataflow,ESTAT:NRG_BAL_C(1.0),Complete energy balances,A,Annual,FC_E,Final consumption - energy use,E7000,Electricity,GWH,Gigawatt-hour,MK,North Macedonia,2020,,6225.058,,,,,
dataflow,ESTAT:NRG_BAL_C(1.0),Complete energy balances,A,Annual,FC_E,Final consumption - energy use,E7000,Electricity,GWH,Gigawatt-hour,MK,North Macedonia,2021,,6564.444,,,,,
dataflow,ESTAT:NRG_BAL_C(1.0),Complete energy balances,A,Annual,FC_E,Final consumption - energy use,E7000,Electricity,GWH,Gigawatt-hour,MK,North Macedonia,2022,,5898.294,,,,,
dataflow,ESTAT:NRG_BAL_C(1.0),Complete energy balances,A,Annual,FC_E,Final consumption - energy use,E7000,Electricity,GWH,Gigawatt-hour,MK,North Macedonia,2023,,5600.602,,,,,
dataflow,ESTAT:NRG_BAL_C(1.0),Complete energy balances,A,Annual,FC_E,Final consumption - energy use,E7000,Electricity,GWH,Gigawatt-hour,MK,North Macedonia,2024,,5615.645,,,,,
dataflow,ESTAT:NRG_BAL_C(1.0),Complete energy balances,A,Annual,FC_E,Final consumption - energy use,E7000,Electricity,GWH,Gigawatt-hour,MT,Malta,1990,,910.000,,,,,
dataflow,ESTAT:NRG_BAL_C(1.0),Complete energy balances,A,Annual,FC_E,Final consumption - energy use,E7000,Electricity,GWH,Gigawatt-hour,MT,Malta,1991,,1204.000,,,,,
dataflow,ESTAT:NRG_BAL_C(1.0),Complete energy balances,A,Annual,FC_E,Final consumption - energy use,E7000,Electricity,GWH,Gigawatt-hour,MT,Malta,1992,,1256.000,,,,,
dataflow,ESTAT:NRG_BAL_C(1.0),Complete energy balances,A,Annual,FC_E,Final consumption - energy use,E7000,Electricity,GWH,Gigawatt-hour,MT,Malta,1993,,1270.000,,,,,
dataflow,ESTAT:NRG_BAL_C(1.0),Complete energy balances,A,Annual,FC_E,Final consumption - energy use,E7000,Electricity,GWH,Gigawatt-hour,MT,Malta,1994,,1215.000,,,,,
dataflow,ESTAT:NRG_BAL_C(1.0),Complete energy balances,A,Annual,FC_E,Final consumption - energy use,E7000,Electricity,GWH,Gigawatt-hour,MT,Malta,1995,,1259.000,,,,,
dataflow,ESTAT:NRG_BAL_C(1.0),Complete energy balances,A,Annual,FC_E,Final consumption - energy use,E7000,Electricity,GWH,Gigawatt-hour,MT,Malta,1996,,1339.000,,,,,
dataflow,ESTAT:NRG_BAL_C(1.0),Complete energy balances,A,Annual,FC_E,Final consumption - energy use,E7000,Electricity,GWH,Gigawatt-hour,MT,Malta,1997,,1360.000,,,,,
dataflow,ESTAT:NRG_BAL_C(1.0),Complete energy balances,A,Annual,FC_E,Final consumption - energy use,E7000,Electricity,GWH,Gigawatt-hour,MT,Malta,1998,,1402.000,,,,,
dataflow,ESTAT:NRG_BAL_C(1.0),Complete energy balances,A,Annual,FC_E,Final consumption - energy use,E7000,Electricity,GWH,Gigawatt-hour,MT,Malta,1999,,1516.000,,,,,
dataflow,ESTAT:NRG_BAL_C(1.0),Complete energy balances,A,Annual,FC_E,Final consumption - energy use,E7000,Electricity,GWH,Gigawatt-hour,MT,Malta,2000,,1567.000,,,,,
dataflow,ESTAT:NRG_BAL_C(1.0),Complete energy balances,A,Annual,FC_E,Final consumption - energy use,E7000,Electricity,GWH,Gigawatt-hour,MT,Malta,2001,,1569.000,,,,,
dataflow,ESTAT:NRG_BAL_C(1.0),Complete energy balances,A,Annual,FC_E,Final consumption - energy use,E7000,Electricity,GWH,Gigawatt-hour,MT,Malta,2002,,1657.000,,,,,
dataflow,ESTAT:NRG_BAL_C(1.0),Complete energy balances,A,Annual,FC_E,Final consumption - energy use,E7000,Electricity,GWH,Gigawatt-hour,MT,Malta,2003,,1806.000,,,,,
dataflow,ESTAT:NRG_BAL_C(1.0),Complete energy balances,A,Annual,FC_E,Final consumption - energy use,E7000,Electricity,GWH,Gigawatt-hour,MT,Malta,2004,,1790.000,,,,,
dataflow,ESTAT:NRG_BAL_C(1.0),Complete energy balances,A,Annual,FC_E,Final consumption - energy use,E7000,Electricity,GWH,Gigawatt-hour,MT,Malta,2005,,1858.000,,,,,
dataflow,ESTAT:NRG_BAL_C(1.0),Complete energy balances,A,Annual,FC_E,Final consumption - energy use,E7000,Electricity,GWH,Gigawatt-hour,MT,Malta,2006,,1853.000,,,,,
dataflow,ESTAT:NRG_BAL_C(1.0),Complete energy balances,A,Annual,FC_E,Final consumption - energy use,E7000,Electricity,GWH,Gigawatt-hour,MT,Malta,2007,,1851.000,,,,,
dataflow,ESTAT:NRG_BAL_C(1.0),Complete energy balances,A,Annual,FC_E,Final consumption - energy use,E7000,Electricity,GWH,Gigawatt-hour,MT,Malta,2008,,1853.000,,,,,
dataflow,ESTAT:NRG_BAL_C(1.0),Complete energy balances,A,Annual,FC_E,Final consumption - energy use,E7000,Electricity,GWH,Gigawatt-hour,MT,Malta,2009,,1707.000,,,,,
dataflow,ESTAT:NRG_BAL_C(1.0),Complete energy balances,A,Annual,FC_E,Final consumption - energy use,E7000,Electricity,GWH,Gigawatt-hour,MT,Malta,2010,,1824.000,,,,,
dataflow,ESTAT:NRG_BAL_C(1.0),Complete energy balances,A,Annual,FC_E,Final consumption - energy use,E7000,Electricity,GWH,Gigawatt-hour,MT,Malta,2011,,1866.000,,,,,
dataflow,ESTAT:NRG_BAL_C(1.0),Complete energy balances,A,Annual,FC_E,Final consumption - energy use,E7000,Electricity,GWH,Gigawatt-hour,MT,Malta,2012,,1946.000,,,,,
dataflow,ESTAT:NRG_BAL_C(1.0),Complete energy balances,A,Annual,FC_E,Final consumption - energy use,E7000,Electricity,GWH,Gigawatt-hour,MT,Malta,2013,,1950.000,,,,,
dataflow,ESTAT:NRG_BAL_C(1.0),Complete energy balances,A,Annual,FC_E,Final consumption - energy use,E7000,Electricity,GWH,Gigawatt-hour,MT,Malta,2014,,2005.000,,,,,
dataflow,ESTAT:NRG_BAL_C(1.0),Complete energy balances,A,Annual,FC_E,Final consumption - energy use,E7000,Electricity,GWH,Gigawatt-hour,MT,Malta,2015,,2114.000,,,,,
dataflow,ESTAT:NRG_BAL_C(1.0),Complete energy balances,A,Annual,FC_E,Final consumption - energy use,E7000,Electricity,GWH,Gigawatt-hour,MT,Malta,2016,,2117.230,,,,,
dataflow,ESTAT:NRG_BAL_C(1.0),Complete energy balances,A,Annual,FC_E,Final consumption - energy use,E7000,Electricity,GWH,Gigawatt-hour,MT,Malta,2017,,2317.045,,,,,
dataflow,ESTAT:NRG_BAL_C(1.0),Complete energy balances,A,Annual,FC_E,Final consumption - energy use,E7000,Electricity,GWH,Gigawatt-hour,MT,Malta,2018,,2387.657,,,,,
dataflow,ESTAT:NRG_BAL_C(1.0),Complete energy balances,A,Annual,FC_E,Final consumption - energy use,E7000,Electricity,GWH,Gigawatt-hour,MT,Malta,2019,,2474.042,,,,,
dataflow,ESTAT:NRG_BAL_C(1.0),Complete energy balances,A,Annual,FC_E,Final consumption - energy use,E7000,Electricity,GWH,Gigawatt-hour,MT,Malta,2020,,2362.842,,,,,
dataflow,ESTAT:NRG_BAL_C(1.0),Complete energy balances,A,Annual,FC_E,Final consumption - energy use,E7000,Electricity,GWH,Gigawatt-hour,MT,Malta,2021,,2501.876,,,,,
dataflow,ESTAT:NRG_BAL_C(1.0),Complete energy balances,A,Annual,FC_E,Final consumption - energy use,E7000,Electricity,GWH,Gigawatt-hour,MT,Malta,2022,,2695.324,,,,,
dataflow,ESTAT:NRG_BAL_C(1.0),Complete energy balances,A,Annual,FC_E,Final consumption - energy use,E7000,Electricity,GWH,Gigawatt-hour,MT,Malta,2023,,2705.439,,,,,
dataflow,ESTAT:NRG_BAL_C(1.0),Complete energy balances,A,Annual,FC_E,Final consumption - energy use,E7000,Electricity,GWH,Gigawatt-hour,MT,Malta,2024,,2863.642,,,,,
dataflow,ESTAT:NRG_BAL_C(1.0),Complete energy balances,A,Annual,FC_E,Final consumption - energy use,E7000,Electricity,GWH,Gigawatt-hour,NL,Netherlands,1990,,71377.300,,,,,
dataflow,ESTAT:NRG_BAL_C(1.0),Complete energy balances,A,Annual,FC_E,Final consumption - energy use,E7000,Electricity,GWH,Gigawatt-hour,NL,Netherlands,1991,,73327.846,,,,,
dataflow,ESTAT:NRG_BAL_C(1.0),Complete energy balances,A,Annual,FC_E,Final consumption - energy use,E7000,Electricity,GWH,Gigawatt-hour,NL,Netherlands,1992,,74925.000,,,,,
dataflow,ESTAT:NRG_BAL_C(1.0),Complete energy balances,A,Annual,FC_E,Final consumption - energy use,E7000,Electricity,GWH,Gigawatt-hour,NL,Netherlands,1993,,76140.313,,,,,
dataflow,ESTAT:NRG_BAL_C(1.0),Complete energy balances,A,Annual,FC_E,Final consumption - energy use,E7000,Electricity,GWH,Gigawatt-hour,NL,Netherlands,1994,,79341.868,,,,,
dataflow,ESTAT:NRG_BAL_C(1.0),Complete energy balances,A,Annual,FC_E,Final consumption - energy use,E7000,Electricity,GWH,Gigawatt-hour,NL,Netherlands,1995,,80332.759,,,,,
dataflow,ESTAT:NRG_BAL_C(1.0),Complete energy balances,A,Annual,FC_E,Final consumption - energy use,E7000,Electricity,GWH,Gigawatt-hour,NL,Netherlands,1996,,83646.365,,,,,
dataflow,ESTAT:NRG_BAL_C(1.0),Complete energy balances,A,Annual,FC_E,Final consumption - energy use,E7000,Electricity,GWH,Gigawatt-hour,NL,Netherlands,1997,,86948.632,,,,,
dataflow,ESTAT:NRG_BAL_C(1.0),Complete energy balances,A,Annual,FC_E,Final consumption - energy use,E7000,Electricity,GWH,Gigawatt-hour,NL,Netherlands,1998,,89969.766,,,,,
dataflow,ESTAT:NRG_BAL_C(1.0),Complete energy balances,A,Annual,FC_E,Final consumption - energy use,E7000,Electricity,GWH,Gigawatt-hour,NL,Netherlands,1999,,92231.566,,,,,
dataflow,ESTAT:NRG_BAL_C(1.0),Complete energy balances,A,Annual,FC_E,Final consumption - energy use,E7000,Electricity,GWH,Gigawatt-hour,NL,Netherlands,2000,,94969.327,,,,,
dataflow,ESTAT:NRG_BAL_C(1.0),Complete energy balances,A,Annual,FC_E,Final consumption - energy use,E7000,Electricity,GWH,Gigawatt-hour,NL,Netherlands,2001,,96818.071,,,,,
dataflow,ESTAT:NRG_BAL_C(1.0),Complete energy balances,A,Annual,FC_E,Final consumption - energy use,E7000,Electricity,GWH,Gigawatt-hour,NL,Netherlands,2002,,98432.536,,,,,
dataflow,ESTAT:NRG_BAL_C(1.0),Complete energy balances,A,Annual,FC_E,Final consumption - energy use,E7000,Electricity,GWH,Gigawatt-hour,NL,Netherlands,2003,,99970.076,,,,,
dataflow,ESTAT:NRG_BAL_C(1.0),Complete energy balances,A,Annual,FC_E,Final consumption - energy use,E7000,Electricity,GWH,Gigawatt-hour,NL,Netherlands,2004,,102430.608,,,,,
dataflow,ESTAT:NRG_BAL_C(1.0),Complete energy balances,A,Annual,FC_E,Final consumption - energy use,E7000,Electricity,GWH,Gigawatt-hour,NL,Netherlands,2005,,104294.216,,,,,
dataflow,ESTAT:NRG_BAL_C(1.0),Complete energy balances,A,Annual,FC_E,Final consumption - energy use,E7000,Electricity,GWH,Gigawatt-hour,NL,Netherlands,2006,,105576.103,,,,,
dataflow,ESTAT:NRG_BAL_C(1.0),Complete energy balances,A,Annual,FC_E,Final consumption - energy use,E7000,Electricity,GWH,Gigawatt-hour,NL,Netherlands,2007,,107750.993,,,,,
dataflow,ESTAT:NRG_BAL_C(1.0),Complete energy balances,A,Annual,FC_E,Final consumption - energy use,E7000,Electricity,GWH,Gigawatt-hour,NL,Netherlands,2008,,108423.571,,,,,
dataflow,ESTAT:NRG_BAL_C(1.0),Complete energy balances,A,Annual,FC_E,Final consumption - energy use,E7000,Electricity,GWH,Gigawatt-hour,NL,Netherlands,2009,,104655.800,,,,,
dataflow,ESTAT:NRG_BAL_C(1.0),Complete energy balances,A,Annual,FC_E,Final consumption - energy use,E7000,Electricity,GWH,Gigawatt-hour,NL,Netherlands,2010,,107642.048,,,,,
dataflow,ESTAT:NRG_BAL_C(1.0),Complete energy balances,A,Annual,FC_E,Final consumption - energy use,E7000,Electricity,GWH,Gigawatt-hour,NL,Netherlands,2011,,107765.680,,,,,
dataflow,ESTAT:NRG_BAL_C(1.0),Complete energy balances,A,Annual,FC_E,Final consumption - energy use,E7000,Electricity,GWH,Gigawatt-hour,NL,Netherlands,2012,,104215.648,,,,,
dataflow,ESTAT:NRG_BAL_C(1.0),Complete energy balances,A,Annual,FC_E,Final consumption - energy use,E7000,Electricity,GWH,Gigawatt-hour,NL,Netherlands,2013,,104551.864,,,,,
dataflow,ESTAT:NRG_BAL_C(1.0),Complete energy balances,A,Annual,FC_E,Final consumption - energy use,E7000,Electricity,GWH,Gigawatt-hour,NL,Netherlands,2014,,101578.124,,,,,
dataflow,ESTAT:NRG_BAL_C(1.0),Complete energy balances,A,Annual,FC_E,Final consumption - energy use,E7000,Electricity,GWH,Gigawatt-hour,NL,Netherlands,2015,,103565.180,,,,,
dataflow,ESTAT:NRG_BAL_C(1.0),Complete energy balances,A,Annual,FC_E,Final consumption - energy use,E7000,Electricity,GWH,Gigawatt-hour,NL,Netherlands,2016,,104528.702,,,,,
dataflow,ESTAT:NRG_BAL_C(1.0),Complete energy balances,A,Annual,FC_E,Final consumption - energy use,E7000,Electricity,GWH,Gigawatt-hour,NL,Netherlands,2017,,105651.397,,,,,
dataflow,ESTAT:NRG_BAL_C(1.0),Complete energy balances,A,Annual,FC_E,Final consumption - energy use,E7000,Electricity,GWH,Gigawatt-hour,NL,Netherlands,2018,,107696.176,,,,,
dataflow,ESTAT:NRG_BAL_C(1.0),Complete energy balances,A,Annual,FC_E,Final consumption - energy use,E7000,Electricity,GWH,Gigawatt-hour,NL,Netherlands,2019,,107486.784,,,,,
dataflow,ESTAT:NRG_BAL_C(1.0),Complete energy balances,A,Annual,FC_E,Final consumption - energy use,E7000,Electricity,GWH,Gigawatt-hour,NL,Netherlands,2020,,106297.588,,,,,
dataflow,ESTAT:NRG_BAL_C(1.0),Complete energy balances,A,Annual,FC_E,Final consumption - energy use,E7000,Electricity,GWH,Gigawatt-hour,NL,Netherlands,2021,,107255.147,,,,,
dataflow,ESTAT:NRG_BAL_C(1.0),Complete energy balances,A,Annual,FC_E,Final consumption - energy use,E7000,Electricity,GWH,Gigawatt-hour,NL,Netherlands,2022,,103166.246,,,,,
dataflow,ESTAT:NRG_BAL_C(1.0),Complete energy balances,A,Annual,FC_E,Final consumption - energy use,E7000,Electricity,GWH,Gigawatt-hour,NL,Netherlands,2023,,101449.690,,,,,
dataflow,ESTAT:NRG_BAL_C(1.0),Complete energy balances,A,Annual,FC_E,Final consumption - energy use,E7000,Electricity,GWH,Gigawatt-hour,NL,Netherlands,2024,,105637.579,,,,,
dataflow,ESTAT:NRG_BAL_C(1.0),Complete energy balances,A,Annual,FC_E,Final consumption - energy use,E7000,Electricity,GWH,Gigawatt-hour,NO,Norway,1990,,96808.000,,,,,
dataflow,ESTAT:NRG_BAL_C(1.0),Complete energy balances,A,Annual,FC_E,Final consumption - energy use,E7000,Electricity,GWH,Gigawatt-hour,NO,Norway,1991,,99005.000,,,,,
dataflow,ESTAT:NRG_BAL_C(1.0),Complete energy balances,A,Annual,FC_E,Final consumption - energy use,E7000,Electricity,GWH,Gigawatt-hour,NO,Norway,1992,,99383.000,,,,,
dataflow,ESTAT:NRG_BAL_C(1.0),Complete energy balances,A,Annual,FC_E,Final consumption - energy use,E7000,Electricity,GWH,Gigawatt-hour,NO,Norway,1993,,100814.000,,,,,
dataflow,ESTAT:NRG_BAL_C(1.0),Complete energy balances,A,Annual,FC_E,Final consumption - energy use,E7000,Electricity,GWH,Gigawatt-hour,NO,Norway,1994,,101804.000,,,,,
dataflow,ESTAT:NRG_BAL_C(1.0),Complete energy balances,A,Annual,FC_E,Final consumption - energy use,E7000,Electricity,GWH,Gigawatt-hour,NO,Norway,1995,,103766.000,,,,,
dataflow,ESTAT:NRG_BAL_C(1.0),Complete energy balances,A,Annual,FC_E,Final consumption - energy use,E7000,Electricity,GWH,Gigawatt-hour,NO,Norway,1996,,103144.000,,,,,
dataflow,ESTAT:NRG_BAL_C(1.0),Complete energy balances,A,Annual,FC_E,Final consumption - energy use,E7000,Electricity,GWH,Gigawatt-hour,NO,Norway,1997,,103897.000,,,,,
dataflow,ESTAT:NRG_BAL_C(1.0),Complete energy balances,A,Annual,FC_E,Final consumption - energy use,E7000,Electricity,GWH,Gigawatt-hour,NO,Norway,1998,,109440.000,,,,,
dataflow,ESTAT:NRG_BAL_C(1.0),Complete energy balances,A,Annual,FC_E,Final consumption - energy use,E7000,Electricity,GWH,Gigawatt-hour,NO,Norway,1999,,109267.000,,,,,
dataflow,ESTAT:NRG_BAL_C(1.0),Complete energy balances,A,Annual,FC_E,Final consumption - energy use,E7000,Electricity,GWH,Gigawatt-hour,NO,Norway,2000,,109533.000,,,,,
dataflow,ESTAT:NRG_BAL_C(1.0),Complete energy balances,A,Annual,FC_E,Final consumption - energy use,E7000,Electricity,GWH,Gigawatt-hour,NO,Norway,2001,,112186.000,,,,,
dataflow,ESTAT:NRG_BAL_C(1.0),Complete energy balances,A,Annual,FC_E,Final consumption - energy use,E7000,Electricity,GWH,Gigawatt-hour,NO,Norway,2002,,109113.000,,,,,
dataflow,ESTAT:NRG_BAL_C(1.0),Complete energy balances,A,Annual,FC_E,Final consumption - energy use,E7000,Electricity,GWH,Gigawatt-hour,NO,Norway,2003,,103154.000,,,,,
dataflow,ESTAT:NRG_BAL_C(1.0),Complete energy balances,A,Annual,FC_E,Final consumption - energy use,E7000,Electricity,GWH,Gigawatt-hour,NO,Norway,2004,,107915.000,,,,,
dataflow,ESTAT:NRG_BAL_C(1.0),Complete energy balances,A,Annual,FC_E,Final consumption - energy use,E7000,Electricity,GWH,Gigawatt-hour,NO,Norway,2005,,110727.000,,,,,
dataflow,ESTAT:NRG_BAL_C(1.0),Complete energy balances,A,Annual,FC_E,Final consumption - energy use,E7000,Electricity,GWH,Gigawatt-hour,NO,Norway,2006,,107399.000,,,,,
dataflow,ESTAT:NRG_BAL_C(1.0),Complete energy balances,A,Annual,FC_E,Final consumption - energy use,E7000,Electricity,GWH,Gigawatt-hour,NO,Norway,2007,,110650.000,,,,,
dataflow,ESTAT:NRG_BAL_C(1.0),Complete energy balances,A,Annual,FC_E,Final consumption - energy use,E7000,Electricity,GWH,Gigawatt-hour,NO,Norway,2008,,112021.000,,,,,
dataflow,ESTAT:NRG_BAL_C(1.0),Complete energy balances,A,Annual,FC_E,Final consumption - energy use,E7000,Electricity,GWH,Gigawatt-hour,NO,Norway,2009,,107287.000,,,,,
dataflow,ESTAT:NRG_BAL_C(1.0),Complete energy balances,A,Annual,FC_E,Final consumption - energy use,E7000,Electricity,GWH,Gigawatt-hour,NO,Norway,2010,,113568.830,,,,,
dataflow,ESTAT:NRG_BAL_C(1.0),Complete energy balances,A,Annual,FC_E,Final consumption - energy use,E7000,Electricity,GWH,Gigawatt-hour,NO,Norway,2011,,107969.586,,,,,
dataflow,ESTAT:NRG_BAL_C(1.0),Complete energy balances,A,Annual,FC_E,Final consumption - energy use,E7000,Electricity,GWH,Gigawatt-hour,NO,Norway,2012,,110619.088,,,,,
dataflow,ESTAT:NRG_BAL_C(1.0),Complete energy balances,A,Annual,FC_E,Final consumption - energy use,E7000,Electricity,GWH,Gigawatt-hour,NO,Norway,2013,,111433.829,,,,,
dataflow,ESTAT:NRG_BAL_C(1.0),Complete energy balances,A,Annual,FC_E,Final consumption - energy use,E7000,Electricity,GWH,Gigawatt-hour,NO,Norway,2014,,109025.329,,,,,
dataflow,ESTAT:NRG_BAL_C(1.0),Complete energy balances,A,Annual,FC_E,Final consumption - energy use,E7000,Electricity,GWH,Gigawatt-hour,NO,Norway,2015,,111531.866,,,,,
dataflow,ESTAT:NRG_BAL_C(1.0),Complete energy balances,A,Annual,FC_E,Final consumption - energy use,E7000,Electricity,GWH,Gigawatt-hour,NO,Norway,2016,,114534.567,,,,,
dataflow,ESTAT:NRG_BAL_C(1.0),Complete energy balances,A,Annual,FC_E,Final consumption - energy use,E7000,Electricity,GWH,Gigawatt-hour,NO,Norway,2017,,115052.829,,,,,
dataflow,ESTAT:NRG_BAL_C(1.0),Complete energy balances,A,Annual,FC_E,Final consumption - energy use,E7000,Electricity,GWH,Gigawatt-hour,NO,Norway,2018,,117066.212,,,,,
dataflow,ESTAT:NRG_BAL_C(1.0),Complete energy balances,A,Annual,FC_E,Final consumption - energy use,E7000,Electricity,GWH,Gigawatt-hour,NO,Norway,2019,,116207.311,,,,,
dataflow,ESTAT:NRG_BAL_C(1.0),Complete energy balances,A,Annual,FC_E,Final consumption - energy use,E7000,Electricity,GWH,Gigawatt-hour,NO,Norway,2020,,116189.829,,,,,
dataflow,ESTAT:NRG_BAL_C(1.0),Complete energy balances,A,Annual,FC_E,Final consumption - energy use,E7000,Electricity,GWH,Gigawatt-hour,NO,Norway,2021,,122254.740,,,,,
dataflow,ESTAT:NRG_BAL_C(1.0),Complete energy balances,A,Annual,FC_E,Final consumption - energy use,E7000,Electricity,GWH,Gigawatt-hour,NO,Norway,2022,,114952.968,,,,,
dataflow,ESTAT:NRG_BAL_C(1.0),Complete energy balances,A,Annual,FC_E,Final consumption - energy use,E7000,Electricity,GWH,Gigawatt-hour,NO,Norway,2023,,115323.284,,,,,
dataflow,ESTAT:NRG_BAL_C(1.0),Complete energy balances,A,Annual,FC_E,Final consumption - energy use,E7000,Electricity,GWH,Gigawatt-hour,NO,Norway,2024,,116554.159,,,,,
dataflow,ESTAT:NRG_BAL_C(1.0),Complete energy balances,A,Annual,FC_E,Final consumption - energy use,E7000,Electricity,GWH,Gigawatt-hour,PL,Poland,1990,,96235.000,,,,,
dataflow,ESTAT:NRG_BAL_C(1.0),Complete energy balances,A,Annual,FC_E,Final consumption - energy use,E7000,Electricity,GWH,Gigawatt-hour,PL,Poland,1991,,89397.000,,,,,
dataflow,ESTAT:NRG_BAL_C(1.0),Complete energy balances,A,Annual,FC_E,Final consumption - energy use,E7000,Electricity,GWH,Gigawatt-hour,PL,Poland,1992,,85666.000,,,,,
dataflow,ESTAT:NRG_BAL_C(1.0),Complete energy balances,A,Annual,FC_E,Final consumption - energy use,E7000,Electricity,GWH,Gigawatt-hour,PL,Poland,1993,,86561.000,,,,,
dataflow,ESTAT:NRG_BAL_C(1.0),Complete energy balances,A,Annual,FC_E,Final consumption - energy use,E7000,Electricity,GWH,Gigawatt-hour,PL,Poland,1994,,85324.000,,,,,
dataflow,ESTAT:NRG_BAL_C(1.0),Complete energy balances,A,Annual,FC_E,Final consumption - energy use,E7000,Electricity,GWH,Gigawatt-hour,PL,Poland,1995,,89691.000,,,,,
dataflow,ESTAT:NRG_BAL_C(1.0),Complete energy balances,A,Annual,FC_E,Final consumption - energy use,E7000,Electricity,GWH,Gigawatt-hour,PL,Poland,1996,,94903.000,,,,,
dataflow,ESTAT:NRG_BAL_C(1.0),Complete energy balances,A,Annual,FC_E,Final consumption - energy use,E7000,Electricity,GWH,Gigawatt-hour,PL,Poland,1997,,96573.000,,,,,
dataflow,ESTAT:NRG_BAL_C(1.0),Complete energy balances,A,Annual,FC_E,Final consumption - energy use,E7000,Electricity,GWH,Gigawatt-hour,PL,Poland,1998,,96753.000,,,,,
dataflow,ESTAT:NRG_BAL_C(1.0),Complete energy balances,A,Annual,FC_E,Final consumption - energy use,E7000,Electricity,GWH,Gigawatt-hour,PL,Poland,1999,,95601.000,,,,,
dataflow,ESTAT:NRG_BAL_C(1.0),Complete energy balances,A,Annual,FC_E,Final consumption - energy use,E7000,Electricity,GWH,Gigawatt-hour,PL,Poland,2000,,98073.000,,,,,
dataflow,ESTAT:NRG_BAL_C(1.0),Complete energy balances,A,Annual,FC_E,Final consumption - energy use,E7000,Electricity,GWH,Gigawatt-hour,PL,Poland,2001,,98228.000,,,,,
dataflow,ESTAT:NRG_BAL_C(1.0),Complete energy balances,A,Annual,FC_E,Final consumption - energy use,E7000,Electricity,GWH,Gigawatt-hour,PL,Poland,2002,,96956.000,,,,,
dataflow,ESTAT:NRG_BAL_C(1.0),Complete energy balances,A,Annual,FC_E,Final consumption - energy use,E7000,Electricity,GWH,Gigawatt-hour,PL,Poland,2003,,100703.000,,,,,
dataflow,ESTAT:NRG_BAL_C(1.0),Complete energy balances,A,Annual,FC_E,Final consumption - energy use,E7000,Electricity,GWH,Gigawatt-hour,PL,Poland,2004,,104193.000,,,,,
dataflow,ESTAT:NRG_BAL_C(1.0),Complete energy balances,A,Annual,FC_E,Final consumption - energy use,E7000,Electricity,GWH,Gigawatt-hour,PL,Poland,2005,,105005.000,,,,,
dataflow,ESTAT:NRG_BAL_C(1.0),Complete energy balances,A,Annual,FC_E,Final consumption - energy use,E7000,Electricity,GWH,Gigawatt-hour,PL,Poland,2006,,110634.000,,,,,
dataflow,ESTAT:NRG_BAL_C(1.0),Complete energy balances,A,Annual,FC_E,Final consumption - energy use,E7000,Electricity,GWH,Gigawatt-hour,PL,Poland,2007,,114092.000,,,,,
dataflow,ESTAT:NRG_BAL_C(1.0),Complete energy balances,A,Annual,FC_E,Final consumption - energy use,E7000,Electricity,GWH,Gigawatt-hour,PL,Poland,2008,,117189.000,,,,,
dataflow,ESTAT:NRG_BAL_C(1.0),Complete energy balances,A,Annual,FC_E,Final consumption - energy use,E7000,Electricity,GWH,Gigawatt-hour,PL,Poland,2009,,112305.000,,,,,
dataflow,ESTAT:NRG_BAL_C(1.0),Complete energy balances,A,Annual,FC_E,Final consumption - energy use,E7000,Electricity,GWH,Gigawatt-hour,PL,Poland,2010,,118690.000,,,,,
dataflow,ESTAT:NRG_BAL_C(1.0),Complete energy balances,A,Annual,FC_E,Final consumption - energy use,E7000,Electricity,GWH,Gigawatt-hour,PL,Poland,2011,,121492.000,,,,,
dataflow,ESTAT:NRG_BAL_C(1.0),Complete energy balances,A,Annual,FC_E,Final consumption - energy use,E7000,Electricity,GWH,Gigawatt-hour,PL,Poland,2012,,122169.000,,,,,
dataflow,ESTAT:NRG_BAL_C(1.0),Complete energy balances,A,Annual,FC_E,Final consumption - energy use,E7000,Electricity,GWH,Gigawatt-hour,PL,Poland,2013,,123557.000,,,,,
dataflow,ESTAT:NRG_BAL_C(1.0),Complete energy balances,A,Annual,FC_E,Final consumption - energy use,E7000,Electricity,GWH,Gigawatt-hour,PL,Poland,2014,,125346.473,,,,,
dataflow,ESTAT:NRG_BAL_C(1.0),Complete energy balances,A,Annual,FC_E,Final consumption - energy use,E7000,Electricity,GWH,Gigawatt-hour,PL,Poland,2015,,127818.620,,,,,
dataflow,ESTAT:NRG_BAL_C(1.0),Complete energy balances,A,Annual,FC_E,Final consumption - energy use,E7000,Electricity,GWH,Gigawatt-hour,PL,Poland,2016,,132838.500,,,,,
dataflow,ESTAT:NRG_BAL_C(1.0),Complete energy balances,A,Annual,FC_E,Final consumption - energy use,E7000,Electricity,GWH,Gigawatt-hour,PL,Poland,2017,,135787.901,,,,,
dataflow,ESTAT:NRG_BAL_C(1.0),Complete energy balances,A,Annual,FC_E,Final consumption - energy use,E7000,Electricity,GWH,Gigawatt-hour,PL,Poland,2018,,140468.752,,,,,
dataflow,ESTAT:NRG_BAL_C(1.0),Complete energy balances,A,Annual,FC_E,Final consumption - energy use,E7000,Electricity,GWH,Gigawatt-hour,PL,Poland,2019,,140411.563,,,,,
dataflow,ESTAT:NRG_BAL_C(1.0),Complete energy balances,A,Annual,FC_E,Final consumption - energy use,E7000,Electricity,GWH,Gigawatt-hour,PL,Poland,2020,,137321.531,,,,,
dataflow,ESTAT:NRG_BAL_C(1.0),Complete energy balances,A,Annual,FC_E,Final consumption - energy use,E7000,Electricity,GWH,Gigawatt-hour,PL,Poland,2021,,143686.956,,,,,
dataflow,ESTAT:NRG_BAL_C(1.0),Complete energy balances,A,Annual,FC_E,Final consumption - energy use,E7000,Electricity,GWH,Gigawatt-hour,PL,Poland,2022,,139855.715,,,,,
dataflow,ESTAT:NRG_BAL_C(1.0),Complete energy balances,A,Annual,FC_E,Final consumption - energy use,E7000,Electricity,GWH,Gigawatt-hour,PL,Poland,2023,,133327.518,,,,,
dataflow,ESTAT:NRG_BAL_C(1.0),Complete energy balances,A,Annual,FC_E,Final consumption - energy use,E7000,Electricity,GWH,Gigawatt-hour,PL,Poland,2024,,139478.765,,,,,
dataflow,ESTAT:NRG_BAL_C(1.0),Complete energy balances,A,Annual,FC_E,Final consumption - energy use,E7000,Electricity,GWH,Gigawatt-hour,PT,Portugal,1990,,23544.000,,,,,
dataflow,ESTAT:NRG_BAL_C(1.0),Complete energy balances,A,Annual,FC_E,Final consumption - energy use,E7000,Electricity,GWH,Gigawatt-hour,PT,Portugal,1991,,24866.000,,,,,
dataflow,ESTAT:NRG_BAL_C(1.0),Complete energy balances,A,Annual,FC_E,Final consumption - energy use,E7000,Electricity,GWH,Gigawatt-hour,PT,Portugal,1992,,25653.000,,,,,
dataflow,ESTAT:NRG_BAL_C(1.0),Complete energy balances,A,Annual,FC_E,Final consumption - energy use,E7000,Electricity,GWH,Gigawatt-hour,PT,Portugal,1993,,25982.000,,,,,
dataflow,ESTAT:NRG_BAL_C(1.0),Complete energy balances,A,Annual,FC_E,Final consumption - energy use,E7000,Electricity,GWH,Gigawatt-hour,PT,Portugal,1994,,26955.000,,,,,
dataflow,ESTAT:NRG_BAL_C(1.0),Complete energy balances,A,Annual,FC_E,Final consumption - energy use,E7000,Electricity,GWH,Gigawatt-hour,PT,Portugal,1995,,28804.000,,,,,
dataflow,ESTAT:NRG_BAL_C(1.0),Complete energy balances,A,Annual,FC_E,Final consumption - energy use,E7000,Electricity,GWH,Gigawatt-hour,PT,Portugal,1996,,30229.000,,,,,
dataflow,ESTAT:NRG_BAL_C(1.0),Complete energy balances,A,Annual,FC_E,Final consumption - energy use,E7000,Electricity,GWH,Gigawatt-hour,PT,Portugal,1997,,31940.000,,,,,
dataflow,ESTAT:NRG_BAL_C(1.0),Complete energy balances,A,Annual,FC_E,Final consumption - energy use,E7000,Electricity,GWH,Gigawatt-hour,PT,Portugal,1998,,33846.000,,,,,
dataflow,ESTAT:NRG_BAL_C(1.0),Complete energy balances,A,Annual,FC_E,Final consumption - energy use,E7000,Electricity,GWH,Gigawatt-hour,PT,Portugal,1999,,36120.000,,,,,
dataflow,ESTAT:NRG_BAL_C(1.0),Complete energy balances,A,Annual,FC_E,Final consumption - energy use,E7000,Electricity,GWH,Gigawatt-hour,PT,Portugal,2000,,38373.000,,,,,
dataflow,ESTAT:NRG_BAL_C(1.0),Complete energy balances,A,Annual,FC_E,Final consumption - energy use,E7000,Electricity,GWH,Gigawatt-hour,PT,Portugal,2001,,39937.000,,,,,
dataflow,ESTAT:NRG_BAL_C(1.0),Complete energy balances,A,Annual,FC_E,Final consumption - energy use,E7000,Electricity,GWH,Gigawatt-hour,PT,Portugal,2002,,41473.000,,,,,
dataflow,ESTAT:NRG_BAL_C(1.0),Complete energy balances,A,Annual,FC_E,Final consumption - energy use,E7000,Electricity,GWH,Gigawatt-hour,PT,Portugal,2003,,43164.000,,,,,
dataflow,ESTAT:NRG_BAL_C(1.0),Complete energy balances,A,Annual,FC_E,Final consumption - energy use,E7000,Electricity,GWH,Gigawatt-hour,PT,Portugal,2004,,44668.000,,,,,
dataflow,ESTAT:NRG_BAL_C(1.0),Complete energy balances,A,Annual,FC_E,Final consumption - energy use,E7000,Electricity,GWH,Gigawatt-hour,PT,Portugal,2005,,46322.000,,,,,
dataflow,ESTAT:NRG_BAL_C(1.0),Complete energy balances,A,Annual,FC_E,Final consumption - energy use,E7000,Electricity,GWH,Gigawatt-hour,PT,Portugal,2006,,47763.000,,,,,
dataflow,ESTAT:NRG_BAL_C(1.0),Complete energy balances,A,Annual,FC_E,Final consumption - energy use,E7000,Electricity,GWH,Gigawatt-hour,PT,Portugal,2007,,49024.000,,,,,
dataflow,ESTAT:NRG_BAL_C(1.0),Complete energy balances,A,Annual,FC_E,Final consumption - energy use,E7000,Electricity,GWH,Gigawatt-hour,PT,Portugal,2008,,48352.000,,,,,
dataflow,ESTAT:NRG_BAL_C(1.0),Complete energy balances,A,Annual,FC_E,Final consumption - energy use,E7000,Electricity,GWH,Gigawatt-hour,PT,Portugal,2009,,47855.000,,,,,
dataflow,ESTAT:NRG_BAL_C(1.0),Complete energy balances,A,Annual,FC_E,Final consumption - energy use,E7000,Electricity,GWH,Gigawatt-hour,PT,Portugal,2010,,49888.000,,,,,
dataflow,ESTAT:NRG_BAL_C(1.0),Complete energy balances,A,Annual,FC_E,Final consumption - energy use,E7000,Electricity,GWH,Gigawatt-hour,PT,Portugal,2011,,48364.000,,,,,
dataflow,ESTAT:NRG_BAL_C(1.0),Complete energy balances,A,Annual,FC_E,Final consumption - energy use,E7000,Electricity,GWH,Gigawatt-hour,PT,Portugal,2012,,46241.000,,,,,
dataflow,ESTAT:NRG_BAL_C(1.0),Complete energy balances,A,Annual,FC_E,Final consumption - energy use,E7000,Electricity,GWH,Gigawatt-hour,PT,Portugal,2013,,45257.000,,,,,
dataflow,ESTAT:NRG_BAL_C(1.0),Complete energy balances,A,Annual,FC_E,Final consumption - energy use,E7000,Electricity,GWH,Gigawatt-hour,PT,Portugal,2014,,45195.000,,,,,
dataflow,ESTAT:NRG_BAL_C(1.0),Complete energy balances,A,Annual,FC_E,Final consumption - energy use,E7000,Electricity,GWH,Gigawatt-hour,PT,Portugal,2015,,45812.000,,,,,
dataflow,ESTAT:NRG_BAL_C(1.0),Complete energy balances,A,Annual,FC_E,Final consumption - energy use,E7000,Electricity,GWH,Gigawatt-hour,PT,Portugal,2016,,46393.561,,,,,
dataflow,ESTAT:NRG_BAL_C(1.0),Complete energy balances,A,Annual,FC_E,Final consumption - energy use,E7000,Electricity,GWH,Gigawatt-hour,PT,Portugal,2017,,46641.321,,,,,
dataflow,ESTAT:NRG_BAL_C(1.0),Complete energy balances,A,Annual,FC_E,Final consumption - energy use,E7000,Electricity,GWH,Gigawatt-hour,PT,Portugal,2018,,47958.919,,,,,
dataflow,ESTAT:NRG_BAL_C(1.0),Complete energy balances,A,Annual,FC_E,Final consumption - energy use,E7000,Electricity,GWH,Gigawatt-hour,PT,Portugal,2019,,47879.608,,,,,
dataflow,ESTAT:NRG_BAL_C(1.0),Complete energy balances,A,Annual,FC_E,Final consumption - energy use,E7000,Electricity,GWH,Gigawatt-hour,PT,Portugal,2020,,46253.978,,,,,
dataflow,ESTAT:NRG_BAL_C(1.0),Complete energy balances,A,Annual,FC_E,Final consumption - energy use,E7000,Electricity,GWH,Gigawatt-hour,PT,Portugal,2021,,47320.799,,,,,
dataflow,ESTAT:NRG_BAL_C(1.0),Complete energy balances,A,Annual,FC_E,Final consumption - energy use,E7000,Electricity,GWH,Gigawatt-hour,PT,Portugal,2022,,48663.909,,,,,
dataflow,ESTAT:NRG_BAL_C(1.0),Complete energy balances,A,Annual,FC_E,Final consumption - energy use,E7000,Electricity,GWH,Gigawatt-hour,PT,Portugal,2023,,49539.735,,,,,
dataflow,ESTAT:NRG_BAL_C(1.0),Complete energy balances,A,Annual,FC_E,Final consumption - energy use,E7000,Electricity,GWH,Gigawatt-hour,PT,Portugal,2024,,50534.067,,,,,
dataflow,ESTAT:NRG_BAL_C(1.0),Complete energy balances,A,Annual,FC_E,Final consumption - energy use,E7000,Electricity,GWH,Gigawatt-hour,RO,Romania,1990,,54236.000,,,,,
dataflow,ESTAT:NRG_BAL_C(1.0),Complete energy balances,A,Annual,FC_E,Final consumption - energy use,E7000,Electricity,GWH,Gigawatt-hour,RO,Romania,1991,,45618.000,,,,,
dataflow,ESTAT:NRG_BAL_C(1.0),Complete energy balances,A,Annual,FC_E,Final consumption - energy use,E7000,Electricity,GWH,Gigawatt-hour,RO,Romania,1992,,41414.000,,,,,
dataflow,ESTAT:NRG_BAL_C(1.0),Complete energy balances,A,Annual,FC_E,Final consumption - energy use,E7000,Electricity,GWH,Gigawatt-hour,RO,Romania,1993,,36463.000,,,,,
dataflow,ESTAT:NRG_BAL_C(1.0),Complete energy balances,A,Annual,FC_E,Final consumption - energy use,E7000,Electricity,GWH,Gigawatt-hour,RO,Romania,1994,,34199.000,,,,,
dataflow,ESTAT:NRG_BAL_C(1.0),Complete energy balances,A,Annual,FC_E,Final consumption - energy use,E7000,Electricity,GWH,Gigawatt-hour,RO,Romania,1995,,36354.000,,,,,
dataflow,ESTAT:NRG_BAL_C(1.0),Complete energy balances,A,Annual,FC_E,Final consumption - energy use,E7000,Electricity,GWH,Gigawatt-hour,RO,Romania,1996,,39727.000,,,,,
dataflow,ESTAT:NRG_BAL_C(1.0),Complete energy balances,A,Annual,FC_E,Final consumption - energy use,E7000,Electricity,GWH,Gigawatt-hour,RO,Romania,1997,,38429.000,,,,,
dataflow,ESTAT:NRG_BAL_C(1.0),Complete energy balances,A,Annual,FC_E,Final consumption - energy use,E7000,Electricity,GWH,Gigawatt-hour,RO,Romania,1998,,36595.000,,,,,
dataflow,ESTAT:NRG_BAL_C(1.0),Complete energy balances,A,Annual,FC_E,Final consumption - energy use,E7000,Electricity,GWH,Gigawatt-hour,RO,Romania,1999,,33923.000,,,,,
dataflow,ESTAT:NRG_BAL_C(1.0),Complete energy balances,A,Annual,FC_E,Final consumption - energy use,E7000,Electricity,GWH,Gigawatt-hour,RO,Romania,2000,,33939.000,,,,,
dataflow,ESTAT:NRG_BAL_C(1.0),Complete energy balances,A,Annual,FC_E,Final consumption - energy use,E7000,Electricity,GWH,Gigawatt-hour,RO,Romania,2001,,36294.000,,,,,
dataflow,ESTAT:NRG_BAL_C(1.0),Complete energy balances,A,Annual,FC_E,Final consumption - energy use,E7000,Electricity,GWH,Gigawatt-hour,RO,Romania,2002,,35587.000,,,,,
dataflow,ESTAT:NRG_BAL_C(1.0),Complete energy balances,A,Annual,FC_E,Final consumption - energy use,E7000,Electricity,GWH,Gigawatt-hour,RO,Romania,2003,,37501.000,,,,,
dataflow,ESTAT:NRG_BAL_C(1.0),Complete energy balances,A,Annual,FC_E,Final consumption - energy use,E7000,Electricity,GWH,Gigawatt-hour,RO,Romania,2004,,38775.000,,,,,
dataflow,ESTAT:NRG_BAL_C(1.0),Complete energy balances,A,Annual,FC_E,Final consumption - energy use,E7000,Electricity,GWH,Gigawatt-hour,RO,Romania,2005,,38859.000,,,,,
dataflow,ESTAT:NRG_BAL_C(1.0),Complete energy balances,A,Annual,FC_E,Final consumption - energy use,E7000,Electricity,GWH,Gigawatt-hour,RO,Romania,2006,,40965.000,,,,,
dataflow,ESTAT:NRG_BAL_C(1.0),Complete energy balances,A,Annual,FC_E,Final consumption - energy use,E7000,Electricity,GWH,Gigawatt-hour,RO,Romania,2007,,40974.000,,,,,
dataflow,ESTAT:NRG_BAL_C(1.0),Complete energy balances,A,Annual,FC_E,Final consumption - energy use,E7000,Electricity,GWH,Gigawatt-hour,RO,Romania,2008,,41813.000,,,,,
dataflow,ESTAT:NRG_BAL_C(1.0),Complete energy balances,A,Annual,FC_E,Final consumption - energy use,E7000,Electricity,GWH,Gigawatt-hour,RO,Romania,2009,,37607.000,,,,,
dataflow,ESTAT:NRG_BAL_C(1.0),Complete energy balances,A,Annual,FC_E,Final consumption - energy use,E7000,Electricity,GWH,Gigawatt-hour,RO,Romania,2010,,41317.000,,,,,
dataflow,ESTAT:NRG_BAL_C(1.0),Complete energy balances,A,Annual,FC_E,Final consumption - energy use,E7000,Electricity,GWH,Gigawatt-hour,RO,Romania,2011,,42714.000,,,,,
dataflow,ESTAT:NRG_BAL_C(1.0),Complete energy balances,A,Annual,FC_E,Final consumption - energy use,E7000,Electricity,GWH,Gigawatt-hour,RO,Romania,2012,,42386.000,,,,,
dataflow,ESTAT:NRG_BAL_C(1.0),Complete energy balances,A,Annual,FC_E,Final consumption - energy use,E7000,Electricity,GWH,Gigawatt-hour,RO,Romania,2013,,40628.000,,,,,
dataflow,ESTAT:NRG_BAL_C(1.0),Complete energy balances,A,Annual,FC_E,Final consumption - energy use,E7000,Electricity,GWH,Gigawatt-hour,RO,Romania,2014,,41905.000,,,,,
dataflow,ESTAT:NRG_BAL_C(1.0),Complete energy balances,A,Annual,FC_E,Final consumption - energy use,E7000,Electricity,GWH,Gigawatt-hour,RO,Romania,2015,,43030.000,,,,,
dataflow,ESTAT:NRG_BAL_C(1.0),Complete energy balances,A,Annual,FC_E,Final consumption - energy use,E7000,Electricity,GWH,Gigawatt-hour,RO,Romania,2016,,43257.000,,,,,
dataflow,ESTAT:NRG_BAL_C(1.0),Complete energy balances,A,Annual,FC_E,Final consumption - energy use,E7000,Electricity,GWH,Gigawatt-hour,RO,Romania,2017,,44698.897,,,,,
dataflow,ESTAT:NRG_BAL_C(1.0),Complete energy balances,A,Annual,FC_E,Final consumption - energy use,E7000,Electricity,GWH,Gigawatt-hour,RO,Romania,2018,,45566.494,,,,,
dataflow,ESTAT:NRG_BAL_C(1.0),Complete energy balances,A,Annual,FC_E,Final consumption - energy use,E7000,Electricity,GWH,Gigawatt-hour,RO,Romania,2019,,45573.262,,,,,
dataflow,ESTAT:NRG_BAL_C(1.0),Complete energy balances,A,Annual,FC_E,Final consumption - energy use,E7000,Electricity,GWH,Gigawatt-hour,RO,Romania,2020,,44024.452,,,,,
dataflow,ESTAT:NRG_BAL_C(1.0),Complete energy balances,A,Annual,FC_E,Final consumption - energy use,E7000,Electricity,GWH,Gigawatt-hour,RO,Romania,2021,,46048.256,,,,,
dataflow,ESTAT:NRG_BAL_C(1.0),Complete energy balances,A,Annual,FC_E,Final consumption - energy use,E7000,Electricity,GWH,Gigawatt-hour,RO,Romania,2022,,42730.302,,,,,
dataflow,ESTAT:NRG_BAL_C(1.0),Complete energy balances,A,Annual,FC_E,Final consumption - energy use,E7000,Electricity,GWH,Gigawatt-hour,RO,Romania,2023,,41723.963,,,,,
dataflow,ESTAT:NRG_BAL_C(1.0),Complete energy balances,A,Annual,FC_E,Final consumption - energy use,E7000,Electricity,GWH,Gigawatt-hour,RO,Romania,2024,,42969.967,,,,,
dataflow,ESTAT:NRG_BAL_C(1.0),Complete energy balances,A,Annual,FC_E,Final consumption - energy use,E7000,Electricity,GWH,Gigawatt-hour,RS,Serbia,1990,,31190.300,,,,,
dataflow,ESTAT:NRG_BAL_C(1.0),Complete energy balances,A,Annual,FC_E,Final consumption - energy use,E7000,Electricity,GWH,Gigawatt-hour,RS,Serbia,1991,,29580.100,,,,,
dataflow,ESTAT:NRG_BAL_C(1.0),Complete energy balances,A,Annual,FC_E,Final consumption - energy use,E7000,Electricity,GWH,Gigawatt-hour,RS,Serbia,1992,,28600.300,,,,,
dataflow,ESTAT:NRG_BAL_C(1.0),Complete energy balances,A,Annual,FC_E,Final consumption - energy use,E7000,Electricity,GWH,Gigawatt-hour,RS,Serbia,1993,,22216.100,,,,,
dataflow,ESTAT:NRG_BAL_C(1.0),Complete energy balances,A,Annual,FC_E,Final consumption - energy use,E7000,Electricity,GWH,Gigawatt-hour,RS,Serbia,1994,,23206.000,,,,,
dataflow,ESTAT:NRG_BAL_C(1.0),Complete energy balances,A,Annual,FC_E,Final consumption - energy use,E7000,Electricity,GWH,Gigawatt-hour,RS,Serbia,1995,,25243.200,,,,,
dataflow,ESTAT:NRG_BAL_C(1.0),Complete energy balances,A,Annual,FC_E,Final consumption - energy use,E7000,Electricity,GWH,Gigawatt-hour,RS,Serbia,1996,,26938.900,,,,,
dataflow,ESTAT:NRG_BAL_C(1.0),Complete energy balances,A,Annual,FC_E,Final consumption - energy use,E7000,Electricity,GWH,Gigawatt-hour,RS,Serbia,1997,,27690.500,,,,,
dataflow,ESTAT:NRG_BAL_C(1.0),Complete energy balances,A,Annual,FC_E,Final consumption - energy use,E7000,Electricity,GWH,Gigawatt-hour,RS,Serbia,1998,,27792.100,,,,,
dataflow,ESTAT:NRG_BAL_C(1.0),Complete energy balances,A,Annual,FC_E,Final consumption - energy use,E7000,Electricity,GWH,Gigawatt-hour,RS,Serbia,1999,,25685.400,,,,,
dataflow,ESTAT:NRG_BAL_C(1.0),Complete energy balances,A,Annual,FC_E,Final consumption - energy use,E7000,Electricity,GWH,Gigawatt-hour,RS,Serbia,2000,,27407.500,,,,,
dataflow,ESTAT:NRG_BAL_C(1.0),Complete energy balances,A,Annual,FC_E,Final consumption - energy use,E7000,Electricity,GWH,Gigawatt-hour,RS,Serbia,2001,,28637.100,,,,,
dataflow,ESTAT:NRG_BAL_C(1.0),Complete energy balances,A,Annual,FC_E,Final consumption - energy use,E7000,Electricity,GWH,Gigawatt-hour,RS,Serbia,2002,,28930.400,,,,,
dataflow,ESTAT:NRG_BAL_C(1.0),Complete energy balances,A,Annual,FC_E,Final consumption - energy use,E7000,Electricity,GWH,Gigawatt-hour,RS,Serbia,2003,,28403.400,,,,,
dataflow,ESTAT:NRG_BAL_C(1.0),Complete energy balances,A,Annual,FC_E,Final consumption - energy use,E7000,Electricity,GWH,Gigawatt-hour,RS,Serbia,2004,,28479.000,,,,,
dataflow,ESTAT:NRG_BAL_C(1.0),Complete energy balances,A,Annual,FC_E,Final consumption - energy use,E7000,Electricity,GWH,Gigawatt-hour,RS,Serbia,2005,,25663.000,,,,,
dataflow,ESTAT:NRG_BAL_C(1.0),Complete energy balances,A,Annual,FC_E,Final consumption - energy use,E7000,Electricity,GWH,Gigawatt-hour,RS,Serbia,2006,,25703.000,,,,,
dataflow,ESTAT:NRG_BAL_C(1.0),Complete energy balances,A,Annual,FC_E,Final consumption - energy use,E7000,Electricity,GWH,Gigawatt-hour,RS,Serbia,2007,,26519.000,,,,,
dataflow,ESTAT:NRG_BAL_C(1.0),Complete energy balances,A,Annual,FC_E,Final consumption - energy use,E7000,Electricity,GWH,Gigawatt-hour,RS,Serbia,2008,,27258.000,,,,,
dataflow,ESTAT:NRG_BAL_C(1.0),Complete energy balances,A,Annual,FC_E,Final consumption - energy use,E7000,Electricity,GWH,Gigawatt-hour,RS,Serbia,2009,,26810.000,,,,,
dataflow,ESTAT:NRG_BAL_C(1.0),Complete energy balances,A,Annual,FC_E,Final consumption - energy use,E7000,Electricity,GWH,Gigawatt-hour,RS,Serbia,2010,,27771.000,,,,,
dataflow,ESTAT:NRG_BAL_C(1.0),Complete energy balances,A,Annual,FC_E,Final consumption - energy use,E7000,Electricity,GWH,Gigawatt-hour,RS,Serbia,2011,,28203.000,,,,,
dataflow,ESTAT:NRG_BAL_C(1.0),Complete energy balances,A,Annual,FC_E,Final consumption - energy use,E7000,Electricity,GWH,Gigawatt-hour,RS,Serbia,2012,,27340.000,,,,,
dataflow,ESTAT:NRG_BAL_C(1.0),Complete energy balances,A,Annual,FC_E,Final consumption - energy use,E7000,Electricity,GWH,Gigawatt-hour,RS,Serbia,2013,,27075.000,,,,,
dataflow,ESTAT:NRG_BAL_C(1.0),Complete energy balances,A,Annual,FC_E,Final consumption - energy use,E7000,Electricity,GWH,Gigawatt-hour,RS,Serbia,2014,,26225.000,,,,,
dataflow,ESTAT:NRG_BAL_C(1.0),Complete energy balances,A,Annual,FC_E,Final consumption - energy use,E7000,Electricity,GWH,Gigawatt-hour,RS,Serbia,2015,,27189.000,,,,,
dataflow,ESTAT:NRG_BAL_C(1.0),Complete energy balances,A,Annual,FC_E,Final consumption - energy use,E7000,Electricity,GWH,Gigawatt-hour,RS,Serbia,2016,,27602.000,,,,,
dataflow,ESTAT:NRG_BAL_C(1.0),Complete energy balances,A,Annual,FC_E,Final consumption - energy use,E7000,Electricity,GWH,Gigawatt-hour,RS,Serbia,2017,,28124.079,,,,,
dataflow,ESTAT:NRG_BAL_C(1.0),Complete energy balances,A,Annual,FC_E,Final consumption - energy use,E7000,Electricity,GWH,Gigawatt-hour,RS,Serbia,2018,,28048.651,,,,,
dataflow,ESTAT:NRG_BAL_C(1.0),Complete energy balances,A,Annual,FC_E,Final consumption - energy use,E7000,Electricity,GWH,Gigawatt-hour,RS,Serbia,2019,,27994.157,,,,,
dataflow,ESTAT:NRG_BAL_C(1.0),Complete energy balances,A,Annual,FC_E,Final consumption - energy use,E7000,Electricity,GWH,Gigawatt-hour,RS,Serbia,2020,,27880.619,,,,,
dataflow,ESTAT:NRG_BAL_C(1.0),Complete energy balances,A,Annual,FC_E,Final consumption - energy use,E7000,Electricity,GWH,Gigawatt-hour,RS,Serbia,2021,,29199.673,,,,,
dataflow,ESTAT:NRG_BAL_C(1.0),Complete energy balances,A,Annual,FC_E,Final consumption - energy use,E7000,Electricity,GWH,Gigawatt-hour,RS,Serbia,2022,,28980.519,,,,,
dataflow,ESTAT:NRG_BAL_C(1.0),Complete energy balances,A,Annual,FC_E,Final consumption - energy use,E7000,Electricity,GWH,Gigawatt-hour,RS,Serbia,2023,,28733.107,,,,,
dataflow,ESTAT:NRG_BAL_C(1.0),Complete energy balances,A,Annual,FC_E,Final consumption - energy use,E7000,Electricity,GWH,Gigawatt-hour,RS,Serbia,2024,,29554.924,,,,,
dataflow,ESTAT:NRG_BAL_C(1.0),Complete energy balances,A,Annual,FC_E,Final consumption - energy use,E7000,Electricity,GWH,Gigawatt-hour,SE,Sweden,1990,,120347.000,,,,,
dataflow,ESTAT:NRG_BAL_C(1.0),Complete energy balances,A,Annual,FC_E,Final consumption - energy use,E7000,Electricity,GWH,Gigawatt-hour,SE,Sweden,1991,,122017.000,,,,,
dataflow,ESTAT:NRG_BAL_C(1.0),Complete energy balances,A,Annual,FC_E,Final consumption - energy use,E7000,Electricity,GWH,Gigawatt-hour,SE,Sweden,1992,,120046.000,,,,,
dataflow,ESTAT:NRG_BAL_C(1.0),Complete energy balances,A,Annual,FC_E,Final consumption - energy use,E7000,Electricity,GWH,Gigawatt-hour,SE,Sweden,1993,,121130.000,,,,,
dataflow,ESTAT:NRG_BAL_C(1.0),Complete energy balances,A,Annual,FC_E,Final consumption - energy use,E7000,Electricity,GWH,Gigawatt-hour,SE,Sweden,1994,,122469.000,,,,,
dataflow,ESTAT:NRG_BAL_C(1.0),Complete energy balances,A,Annual,FC_E,Final consumption - energy use,E7000,Electricity,GWH,Gigawatt-hour,SE,Sweden,1995,,124566.000,,,,,
dataflow,ESTAT:NRG_BAL_C(1.0),Complete energy balances,A,Annual,FC_E,Final consumption - energy use,E7000,Electricity,GWH,Gigawatt-hour,SE,Sweden,1996,,126004.000,,,,,
dataflow,ESTAT:NRG_BAL_C(1.0),Complete energy balances,A,Annual,FC_E,Final consumption - energy use,E7000,Electricity,GWH,Gigawatt-hour,SE,Sweden,1997,,125361.000,,,,,
dataflow,ESTAT:NRG_BAL_C(1.0),Complete energy balances,A,Annual,FC_E,Final consumption - energy use,E7000,Electricity,GWH,Gigawatt-hour,SE,Sweden,1998,,126439.000,,,,,
dataflow,ESTAT:NRG_BAL_C(1.0),Complete energy balances,A,Annual,FC_E,Final consumption - energy use,E7000,Electricity,GWH,Gigawatt-hour,SE,Sweden,1999,,126580.000,,,,,
dataflow,ESTAT:NRG_BAL_C(1.0),Complete energy balances,A,Annual,FC_E,Final consumption - energy use,E7000,Electricity,GWH,Gigawatt-hour,SE,Sweden,2000,,128725.000,,,,,
dataflow,ESTAT:NRG_BAL_C(1.0),Complete energy balances,A,Annual,FC_E,Final consumption - energy use,E7000,Electricity,GWH,Gigawatt-hour,SE,Sweden,2001,,132295.000,,,,,
dataflow,ESTAT:NRG_BAL_C(1.0),Complete energy balances,A,Annual,FC_E,Final consumption - energy use,E7000,Electricity,GWH,Gigawatt-hour,SE,Sweden,2002,,130927.000,,,,,
dataflow,ESTAT:NRG_BAL_C(1.0),Complete energy balances,A,Annual,FC_E,Final consumption - energy use,E7000,Electricity,GWH,Gigawatt-hour,SE,Sweden,2003,,129443.000,,,,,
dataflow,ESTAT:NRG_BAL_C(1.0),Complete energy balances,A,Annual,FC_E,Final consumption - energy use,E7000,Electricity,GWH,Gigawatt-hour,SE,Sweden,2004,,130361.000,,,,,
dataflow,ESTAT:NRG_BAL_C(1.0),Complete energy balances,A,Annual,FC_E,Final consumption - energy use,E7000,Electricity,GWH,Gigawatt-hour,SE,Sweden,2005,,130698.000,,,,,
dataflow,ESTAT:NRG_BAL_C(1.0),Complete energy balances,A,Annual,FC_E,Final consumption - energy use,E7000,Electricity,GWH,Gigawatt-hour,SE,Sweden,2006,,130806.000,,,,,
dataflow,ESTAT:NRG_BAL_C(1.0),Complete energy balances,A,Annual,FC_E,Final consumption - energy use,E7000,Electricity,GWH,Gigawatt-hour,SE,Sweden,2007,,131082.000,,,,,
dataflow,ESTAT:NRG_BAL_C(1.0),Complete energy balances,A,Annual,FC_E,Final consumption - energy use,E7000,Electricity,GWH,Gigawatt-hour,SE,Sweden,2008,,128649.000,,,,,
dataflow,ESTAT:NRG_BAL_C(1.0),Complete energy balances,A,Annual,FC_E,Final consumption - energy use,E7000,Electricity,GWH,Gigawatt-hour,SE,Sweden,2009,,123386.000,,,,,
dataflow,ESTAT:NRG_BAL_C(1.0),Complete energy balances,A,Annual,FC_E,Final consumption - energy use,E7000,Electricity,GWH,Gigawatt-hour,SE,Sweden,2010,,131217.000,,,,,
dataflow,ESTAT:NRG_BAL_C(1.0),Complete energy balances,A,Annual,FC_E,Final consumption - energy use,E7000,Electricity,GWH,Gigawatt-hour,SE,Sweden,2011,,124628.000,,,,,
dataflow,ESTAT:NRG_BAL_C(1.0),Complete energy balances,A,Annual,FC_E,Final consumption - energy use,E7000,Electricity,GWH,Gigawatt-hour,SE,Sweden,2012,,127286.000,,,,,
dataflow,ESTAT:NRG_BAL_C(1.0),Complete energy balances,A,Annual,FC_E,Final consumption - energy use,E7000,Electricity,GWH,Gigawatt-hour,SE,Sweden,2013,,125016.000,,,,,
dataflow,ESTAT:NRG_BAL_C(1.0),Complete energy balances,A,Annual,FC_E,Final consumption - energy use,E7000,Electricity,GWH,Gigawatt-hour,SE,Sweden,2014,,122191.000,,,,,
dataflow,ESTAT:NRG_BAL_C(1.0),Complete energy balances,A,Annual,FC_E,Final consumption - energy use,E7000,Electricity,GWH,Gigawatt-hour,SE,Sweden,2015,,124859.000,,,,,
dataflow,ESTAT:NRG_BAL_C(1.0),Complete energy balances,A,Annual,FC_E,Final consumption - energy use,E7000,Electricity,GWH,Gigawatt-hour,SE,Sweden,2016,,127496.000,,,,,
dataflow,ESTAT:NRG_BAL_C(1.0),Complete energy balances,A,Annual,FC_E,Final consumption - energy use,E7000,Electricity,GWH,Gigawatt-hour,SE,Sweden,2017,,127254.000,,,,,
dataflow,ESTAT:NRG_BAL_C(1.0),Complete energy balances,A,Annual,FC_E,Final consumption - energy use,E7000,Electricity,GWH,Gigawatt-hour,SE,Sweden,2018,,127562.000,,,,,
dataflow,ESTAT:NRG_BAL_C(1.0),Complete energy balances,A,Annual,FC_E,Final consumption - energy use,E7000,Electricity,GWH,Gigawatt-hour,SE,Sweden,2019,,124542.000,,,,,
dataflow,ESTAT:NRG_BAL_C(1.0),Complete energy balances,A,Annual,FC_E,Final consumption - energy use,E7000,Electricity,GWH,Gigawatt-hour,SE,Sweden,2020,,122985.000,,,,,
dataflow,ESTAT:NRG_BAL_C(1.0),Complete energy balances,A,Annual,FC_E,Final consumption - energy use,E7000,Electricity,GWH,Gigawatt-hour,SE,Sweden,2021,,127531.000,,,,,
dataflow,ESTAT:NRG_BAL_C(1.0),Complete energy balances,A,Annual,FC_E,Final consumption - energy use,E7000,Electricity,GWH,Gigawatt-hour,SE,Sweden,2022,,122270.000,,,,,
dataflow,ESTAT:NRG_BAL_C(1.0),Complete energy balances,A,Annual,FC_E,Final consumption - energy use,E7000,Electricity,GWH,Gigawatt-hour,SE,Sweden,2023,,120317.000,,,,,
dataflow,ESTAT:NRG_BAL_C(1.0),Complete energy balances,A,Annual,FC_E,Final consumption - energy use,E7000,Electricity,GWH,Gigawatt-hour,SE,Sweden,2024,,121837.630,,,,,
dataflow,ESTAT:NRG_BAL_C(1.0),Complete energy balances,A,Annual,FC_E,Final consumption - energy use,E7000,Electricity,GWH,Gigawatt-hour,SI,Slovenia,1990,,9242.000,,,,,
dataflow,ESTAT:NRG_BAL_C(1.0),Complete energy balances,A,Annual,FC_E,Final consumption - energy use,E7000,Electricity,GWH,Gigawatt-hour,SI,Slovenia,1991,,8869.000,,,,,
dataflow,ESTAT:NRG_BAL_C(1.0),Complete energy balances,A,Annual,FC_E,Final consumption - energy use,E7000,Electricity,GWH,Gigawatt-hour,SI,Slovenia,1992,,8471.000,,,,,
dataflow,ESTAT:NRG_BAL_C(1.0),Complete energy balances,A,Annual,FC_E,Final consumption - energy use,E7000,Electricity,GWH,Gigawatt-hour,SI,Slovenia,1993,,8503.000,,,,,
dataflow,ESTAT:NRG_BAL_C(1.0),Complete energy balances,A,Annual,FC_E,Final consumption - energy use,E7000,Electricity,GWH,Gigawatt-hour,SI,Slovenia,1994,,9223.000,,,,,
dataflow,ESTAT:NRG_BAL_C(1.0),Complete energy balances,A,Annual,FC_E,Final consumption - energy use,E7000,Electricity,GWH,Gigawatt-hour,SI,Slovenia,1995,,9343.000,,,,,
dataflow,ESTAT:NRG_BAL_C(1.0),Complete energy balances,A,Annual,FC_E,Final consumption - energy use,E7000,Electricity,GWH,Gigawatt-hour,SI,Slovenia,1996,,9496.000,,,,,
dataflow,ESTAT:NRG_BAL_C(1.0),Complete energy balances,A,Annual,FC_E,Final consumption - energy use,E7000,Electricity,GWH,Gigawatt-hour,SI,Slovenia,1997,,9850.000,,,,,
dataflow,ESTAT:NRG_BAL_C(1.0),Complete energy balances,A,Annual,FC_E,Final consumption - energy use,E7000,Electricity,GWH,Gigawatt-hour,SI,Slovenia,1998,,10090.000,,,,,
dataflow,ESTAT:NRG_BAL_C(1.0),Complete energy balances,A,Annual,FC_E,Final consumption - energy use,E7000,Electricity,GWH,Gigawatt-hour,SI,Slovenia,1999,,10361.000,,,,,
dataflow,ESTAT:NRG_BAL_C(1.0),Complete energy balances,A,Annual,FC_E,Final consumption - energy use,E7000,Electricity,GWH,Gigawatt-hour,SI,Slovenia,2000,,10521.000,,,,,
dataflow,ESTAT:NRG_BAL_C(1.0),Complete energy balances,A,Annual,FC_E,Final consumption - energy use,E7000,Electricity,GWH,Gigawatt-hour,SI,Slovenia,2001,,10942.000,,,,,
dataflow,ESTAT:NRG_BAL_C(1.0),Complete energy balances,A,Annual,FC_E,Final consumption - energy use,E7000,Electricity,GWH,Gigawatt-hour,SI,Slovenia,2002,,11689.000,,,,,
dataflow,ESTAT:NRG_BAL_C(1.0),Complete energy balances,A,Annual,FC_E,Final consumption - energy use,E7000,Electricity,GWH,Gigawatt-hour,SI,Slovenia,2003,,12047.000,,,,,
dataflow,ESTAT:NRG_BAL_C(1.0),Complete energy balances,A,Annual,FC_E,Final consumption - energy use,E7000,Electricity,GWH,Gigawatt-hour,SI,Slovenia,2004,,12546.000,,,,,
dataflow,ESTAT:NRG_BAL_C(1.0),Complete energy balances,A,Annual,FC_E,Final consumption - energy use,E7000,Electricity,GWH,Gigawatt-hour,SI,Slovenia,2005,,12742.000,,,,,
dataflow,ESTAT:NRG_BAL_C(1.0),Complete energy balances,A,Annual,FC_E,Final consumption - energy use,E7000,Electricity,GWH,Gigawatt-hour,SI,Slovenia,2006,,13165.000,,,,,
dataflow,ESTAT:NRG_BAL_C(1.0),Complete energy balances,A,Annual,FC_E,Final consumption - energy use,E7000,Electricity,GWH,Gigawatt-hour,SI,Slovenia,2007,,13264.000,,,,,
dataflow,ESTAT:NRG_BAL_C(1.0),Complete energy balances,A,Annual,FC_E,Final consumption - energy use,E7000,Electricity,GWH,Gigawatt-hour,SI,Slovenia,2008,,12806.000,,,,,
dataflow,ESTAT:NRG_BAL_C(1.0),Complete energy balances,A,Annual,FC_E,Final consumption - energy use,E7000,Electricity,GWH,Gigawatt-hour,SI,Slovenia,2009,,11293.000,,,,,
dataflow,ESTAT:NRG_BAL_C(1.0),Complete energy balances,A,Annual,FC_E,Final consumption - energy use,E7000,Electricity,GWH,Gigawatt-hour,SI,Slovenia,2010,,11945.000,,,,,
dataflow,ESTAT:NRG_BAL_C(1.0),Complete energy balances,A,Annual,FC_E,Final consumption - energy use,E7000,Electricity,GWH,Gigawatt-hour,SI,Slovenia,2011,,12500.000,,,,,
dataflow,ESTAT:NRG_BAL_C(1.0),Complete energy balances,A,Annual,FC_E,Final consumption - energy use,E7000,Electricity,GWH,Gigawatt-hour,SI,Slovenia,2012,,12429.000,,,,,
dataflow,ESTAT:NRG_BAL_C(1.0),Complete energy balances,A,Annual,FC_E,Final consumption - energy use,E7000,Electricity,GWH,Gigawatt-hour,SI,Slovenia,2013,,12479.000,,,,,
dataflow,ESTAT:NRG_BAL_C(1.0),Complete energy balances,A,Annual,FC_E,Final consumption - energy use,E7000,Electricity,GWH,Gigawatt-hour,SI,Slovenia,2014,,12459.000,,,,,
dataflow,ESTAT:NRG_BAL_C(1.0),Complete energy balances,A,Annual,FC_E,Final consumption - energy use,E7000,Electricity,GWH,Gigawatt-hour,SI,Slovenia,2015,,12788.000,,,,,
dataflow,ESTAT:NRG_BAL_C(1.0),Complete energy balances,A,Annual,FC_E,Final consumption - energy use,E7000,Electricity,GWH,Gigawatt-hour,SI,Slovenia,2016,,13025.000,,,,,
dataflow,ESTAT:NRG_BAL_C(1.0),Complete energy balances,A,Annual,FC_E,Final consumption - energy use,E7000,Electricity,GWH,Gigawatt-hour,SI,Slovenia,2017,,13529.849,,,,,
dataflow,ESTAT:NRG_BAL_C(1.0),Complete energy balances,A,Annual,FC_E,Final consumption - energy use,E7000,Electricity,GWH,Gigawatt-hour,SI,Slovenia,2018,,13712.168,,,,,
dataflow,ESTAT:NRG_BAL_C(1.0),Complete energy balances,A,Annual,FC_E,Final consumption - energy use,E7000,Electricity,GWH,Gigawatt-hour,SI,Slovenia,2019,,13679.300,,,,,
dataflow,ESTAT:NRG_BAL_C(1.0),Complete energy balances,A,Annual,FC_E,Final consumption - energy use,E7000,Electricity,GWH,Gigawatt-hour,SI,Slovenia,2020,,12951.154,,,,,
dataflow,ESTAT:NRG_BAL_C(1.0),Complete energy balances,A,Annual,FC_E,Final consumption - energy use,E7000,Electricity,GWH,Gigawatt-hour,SI,Slovenia,2021,,13458.614,,,,,
dataflow,ESTAT:NRG_BAL_C(1.0),Complete energy balances,A,Annual,FC_E,Final consumption - energy use,E7000,Electricity,GWH,Gigawatt-hour,SI,Slovenia,2022,,13041.896,,,,,
dataflow,ESTAT:NRG_BAL_C(1.0),Complete energy balances,A,Annual,FC_E,Final consumption - energy use,E7000,Electricity,GWH,Gigawatt-hour,SI,Slovenia,2023,,12368.873,,,,,
dataflow,ESTAT:NRG_BAL_C(1.0),Complete energy balances,A,Annual,FC_E,Final consumption - energy use,E7000,Electricity,GWH,Gigawatt-hour,SI,Slovenia,2024,,12377.576,,,,,
dataflow,ESTAT:NRG_BAL_C(1.0),Complete energy balances,A,Annual,FC_E,Final consumption - energy use,E7000,Electricity,GWH,Gigawatt-hour,SK,Slovakia,1990,,23414.000,,,,,
dataflow,ESTAT:NRG_BAL_C(1.0),Complete energy balances,A,Annual,FC_E,Final consumption - energy use,E7000,Electricity,GWH,Gigawatt-hour,SK,Slovakia,1991,,21853.000,,,,,
dataflow,ESTAT:NRG_BAL_C(1.0),Complete energy balances,A,Annual,FC_E,Final consumption - energy use,E7000,Electricity,GWH,Gigawatt-hour,SK,Slovakia,1992,,20327.000,,,,,
dataflow,ESTAT:NRG_BAL_C(1.0),Complete energy balances,A,Annual,FC_E,Final consumption - energy use,E7000,Electricity,GWH,Gigawatt-hour,SK,Slovakia,1993,,20221.000,,,,,
dataflow,ESTAT:NRG_BAL_C(1.0),Complete energy balances,A,Annual,FC_E,Final consumption - energy use,E7000,Electricity,GWH,Gigawatt-hour,SK,Slovakia,1994,,20324.000,,,,,
dataflow,ESTAT:NRG_BAL_C(1.0),Complete energy balances,A,Annual,FC_E,Final consumption - energy use,E7000,Electricity,GWH,Gigawatt-hour,SK,Slovakia,1995,,21730.000,,,,,
dataflow,ESTAT:NRG_BAL_C(1.0),Complete energy balances,A,Annual,FC_E,Final consumption - energy use,E7000,Electricity,GWH,Gigawatt-hour,SK,Slovakia,1996,,23479.000,,,,,
dataflow,ESTAT:NRG_BAL_C(1.0),Complete energy balances,A,Annual,FC_E,Final consumption - energy use,E7000,Electricity,GWH,Gigawatt-hour,SK,Slovakia,1997,,22840.000,,,,,
dataflow,ESTAT:NRG_BAL_C(1.0),Complete energy balances,A,Annual,FC_E,Final consumption - energy use,E7000,Electricity,GWH,Gigawatt-hour,SK,Slovakia,1998,,20995.000,,,,,
dataflow,ESTAT:NRG_BAL_C(1.0),Complete energy balances,A,Annual,FC_E,Final consumption - energy use,E7000,Electricity,GWH,Gigawatt-hour,SK,Slovakia,1999,,22747.000,,,,,
dataflow,ESTAT:NRG_BAL_C(1.0),Complete energy balances,A,Annual,FC_E,Final consumption - energy use,E7000,Electricity,GWH,Gigawatt-hour,SK,Slovakia,2000,,22010.000,,,,,
dataflow,ESTAT:NRG_BAL_C(1.0),Complete energy balances,A,Annual,FC_E,Final consumption - energy use,E7000,Electricity,GWH,Gigawatt-hour,SK,Slovakia,2001,,23452.000,,,,,
dataflow,ESTAT:NRG_BAL_C(1.0),Complete energy balances,A,Annual,FC_E,Final consumption - energy use,E7000,Electricity,GWH,Gigawatt-hour,SK,Slovakia,2002,,22760.000,,,,,
dataflow,ESTAT:NRG_BAL_C(1.0),Complete energy balances,A,Annual,FC_E,Final consumption - energy use,E7000,Electricity,GWH,Gigawatt-hour,SK,Slovakia,2003,,22985.000,,,,,
dataflow,ESTAT:NRG_BAL_C(1.0),Complete energy balances,A,Annual,FC_E,Final consumption - energy use,E7000,Electricity,GWH,Gigawatt-hour,SK,Slovakia,2004,,24027.000,,,,,
dataflow,ESTAT:NRG_BAL_C(1.0),Complete energy balances,A,Annual,FC_E,Final consumption - energy use,E7000,Electricity,GWH,Gigawatt-hour,SK,Slovakia,2005,,22850.000,,,,,
dataflow,ESTAT:NRG_BAL_C(1.0),Complete energy balances,A,Annual,FC_E,Final consumption - energy use,E7000,Electricity,GWH,Gigawatt-hour,SK,Slovakia,2006,,23654.000,,,,,
dataflow,ESTAT:NRG_BAL_C(1.0),Complete energy balances,A,Annual,FC_E,Final consumption - energy use,E7000,Electricity,GWH,Gigawatt-hour,SK,Slovakia,2007,,24573.000,,,,,
dataflow,ESTAT:NRG_BAL_C(1.0),Complete energy balances,A,Annual,FC_E,Final consumption - energy use,E7000,Electricity,GWH,Gigawatt-hour,SK,Slovakia,2008,,24765.000,,,,,
dataflow,ESTAT:NRG_BAL_C(1.0),Complete energy balances,A,Annual,FC_E,Final consumption - energy use,E7000,Electricity,GWH,Gigawatt-hour,SK,Slovakia,2009,,23098.000,,,,,
dataflow,ESTAT:NRG_BAL_C(1.0),Complete energy balances,A,Annual,FC_E,Final consumption - energy use,E7000,Electricity,GWH,Gigawatt-hour,SK,Slovakia,2010,,24135.000,,,,,
dataflow,ESTAT:NRG_BAL_C(1.0),Complete energy balances,A,Annual,FC_E,Final consumption - energy use,E7000,Electricity,GWH,Gigawatt-hour,SK,Slovakia,2011,,24812.000,,,,,
dataflow,ESTAT:NRG_BAL_C(1.0),Complete energy balances,A,Annual,FC_E,Final consumption - energy use,E7000,Electricity,GWH,Gigawatt-hour,SK,Slovakia,2012,,23937.000,,,,,
dataflow,ESTAT:NRG_BAL_C(1.0),Complete energy balances,A,Annual,FC_E,Final consumption - energy use,E7000,Electricity,GWH,Gigawatt-hour,SK,Slovakia,2013,,25084.000,,,,,
dataflow,ESTAT:NRG_BAL_C(1.0),Complete energy balances,A,Annual,FC_E,Final consumption - energy use,E7000,Electricity,GWH,Gigawatt-hour,SK,Slovakia,2014,,24157.000,,,,,
dataflow,ESTAT:NRG_BAL_C(1.0),Complete energy balances,A,Annual,FC_E,Final consumption - energy use,E7000,Electricity,GWH,Gigawatt-hour,SK,Slovakia,2015,,24371.000,,,,,
dataflow,ESTAT:NRG_BAL_C(1.0),Complete energy balances,A,Annual,FC_E,Final consumption - energy use,E7000,Electricity,GWH,Gigawatt-hour,SK,Slovakia,2016,,24987.000,,,,,
dataflow,ESTAT:NRG_BAL_C(1.0),Complete energy balances,A,Annual,FC_E,Final consumption - energy use,E7000,Electricity,GWH,Gigawatt-hour,SK,Slovakia,2017,,25803.000,,,,,
dataflow,ESTAT:NRG_BAL_C(1.0),Complete energy balances,A,Annual,FC_E,Final consumption - energy use,E7000,Electricity,GWH,Gigawatt-hour,SK,Slovakia,2018,,25935.000,,,,,
dataflow,ESTAT:NRG_BAL_C(1.0),Complete energy balances,A,Annual,FC_E,Final consumption - energy use,E7000,Electricity,GWH,Gigawatt-hour,SK,Slovakia,2019,,25192.000,,,,,
dataflow,ESTAT:NRG_BAL_C(1.0),Complete energy balances,A,Annual,FC_E,Final consumption - energy use,E7000,Electricity,GWH,Gigawatt-hour,SK,Slovakia,2020,,23813.000,,,,,
dataflow,ESTAT:NRG_BAL_C(1.0),Complete energy balances,A,Annual,FC_E,Final consumption - energy use,E7000,Electricity,GWH,Gigawatt-hour,SK,Slovakia,2021,,25549.000,,,,,
dataflow,ESTAT:NRG_BAL_C(1.0),Complete energy balances,A,Annual,FC_E,Final consumption - energy use,E7000,Electricity,GWH,Gigawatt-hour,SK,Slovakia,2022,,22870.000,,,,,
dataflow,ESTAT:NRG_BAL_C(1.0),Complete energy balances,A,Annual,FC_E,Final consumption - energy use,E7000,Electricity,GWH,Gigawatt-hour,SK,Slovakia,2023,,21273.000,,,,,
dataflow,ESTAT:NRG_BAL_C(1.0),Complete energy balances,A,Annual,FC_E,Final consumption - energy use,E7000,Electricity,GWH,Gigawatt-hour,SK,Slovakia,2024,,21412.000,,,,,
dataflow,ESTAT:NRG_BAL_C(1.0),Complete energy balances,A,Annual,FC_E,Final consumption - energy use,E7000,Electricity,GWH,Gigawatt-hour,TR,Türkiye,1990,,44952.000,,,,,
dataflow,ESTAT:NRG_BAL_C(1.0),Complete energy balances,A,Annual,FC_E,Final consumption - energy use,E7000,Electricity,GWH,Gigawatt-hour,TR,Türkiye,1991,,47034.000,,,,,
dataflow,ESTAT:NRG_BAL_C(1.0),Complete energy balances,A,Annual,FC_E,Final consumption - energy use,E7000,Electricity,GWH,Gigawatt-hour,TR,Türkiye,1992,,51734.000,,,,,
dataflow,ESTAT:NRG_BAL_C(1.0),Complete energy balances,A,Annual,FC_E,Final consumption - energy use,E7000,Electricity,GWH,Gigawatt-hour,TR,Türkiye,1993,,56746.000,,,,,
dataflow,ESTAT:NRG_BAL_C(1.0),Complete energy balances,A,Annual,FC_E,Final consumption - energy use,E7000,Electricity,GWH,Gigawatt-hour,TR,Türkiye,1994,,59005.000,,,,,
dataflow,ESTAT:NRG_BAL_C(1.0),Complete energy balances,A,Annual,FC_E,Final consumption - energy use,E7000,Electricity,GWH,Gigawatt-hour,TR,Türkiye,1995,,65133.000,,,,,
dataflow,ESTAT:NRG_BAL_C(1.0),Complete energy balances,A,Annual,FC_E,Final consumption - energy use,E7000,Electricity,GWH,Gigawatt-hour,TR,Türkiye,1996,,71430.000,,,,,
dataflow,ESTAT:NRG_BAL_C(1.0),Complete energy balances,A,Annual,FC_E,Final consumption - energy use,E7000,Electricity,GWH,Gigawatt-hour,TR,Türkiye,1997,,79681.000,,,,,
dataflow,ESTAT:NRG_BAL_C(1.0),Complete energy balances,A,Annual,FC_E,Final consumption - energy use,E7000,Electricity,GWH,Gigawatt-hour,TR,Türkiye,1998,,85883.000,,,,,
dataflow,ESTAT:NRG_BAL_C(1.0),Complete energy balances,A,Annual,FC_E,Final consumption - energy use,E7000,Electricity,GWH,Gigawatt-hour,TR,Türkiye,1999,,89205.000,,,,,
dataflow,ESTAT:NRG_BAL_C(1.0),Complete energy balances,A,Annual,FC_E,Final consumption - energy use,E7000,Electricity,GWH,Gigawatt-hour,TR,Türkiye,2000,,95873.000,,,,,
dataflow,ESTAT:NRG_BAL_C(1.0),Complete energy balances,A,Annual,FC_E,Final consumption - energy use,E7000,Electricity,GWH,Gigawatt-hour,TR,Türkiye,2001,,95315.000,,,,,
dataflow,ESTAT:NRG_BAL_C(1.0),Complete energy balances,A,Annual,FC_E,Final consumption - energy use,E7000,Electricity,GWH,Gigawatt-hour,TR,Türkiye,2002,,101532.000,,,,,
dataflow,ESTAT:NRG_BAL_C(1.0),Complete energy balances,A,Annual,FC_E,Final consumption - energy use,E7000,Electricity,GWH,Gigawatt-hour,TR,Türkiye,2003,,110364.000,,,,,
dataflow,ESTAT:NRG_BAL_C(1.0),Complete energy balances,A,Annual,FC_E,Final consumption - energy use,E7000,Electricity,GWH,Gigawatt-hour,TR,Türkiye,2004,,119618.000,,,,,
dataflow,ESTAT:NRG_BAL_C(1.0),Complete energy balances,A,Annual,FC_E,Final consumption - energy use,E7000,Electricity,GWH,Gigawatt-hour,TR,Türkiye,2005,,128641.000,,,,,
dataflow,ESTAT:NRG_BAL_C(1.0),Complete energy balances,A,Annual,FC_E,Final consumption - energy use,E7000,Electricity,GWH,Gigawatt-hour,TR,Türkiye,2006,,141400.000,,,,,
dataflow,ESTAT:NRG_BAL_C(1.0),Complete energy balances,A,Annual,FC_E,Final consumption - energy use,E7000,Electricity,GWH,Gigawatt-hour,TR,Türkiye,2007,,152791.000,,,,,
dataflow,ESTAT:NRG_BAL_C(1.0),Complete energy balances,A,Annual,FC_E,Final consumption - energy use,E7000,Electricity,GWH,Gigawatt-hour,TR,Türkiye,2008,,159632.000,,,,,
dataflow,ESTAT:NRG_BAL_C(1.0),Complete energy balances,A,Annual,FC_E,Final consumption - energy use,E7000,Electricity,GWH,Gigawatt-hour,TR,Türkiye,2009,,154928.000,,,,,
dataflow,ESTAT:NRG_BAL_C(1.0),Complete energy balances,A,Annual,FC_E,Final consumption - energy use,E7000,Electricity,GWH,Gigawatt-hour,TR,Türkiye,2010,,170014.000,,,,,
dataflow,ESTAT:NRG_BAL_C(1.0),Complete energy balances,A,Annual,FC_E,Final consumption - energy use,E7000,Electricity,GWH,Gigawatt-hour,TR,Türkiye,2011,,183993.000,,,,,
dataflow,ESTAT:NRG_BAL_C(1.0),Complete energy balances,A,Annual,FC_E,Final consumption - energy use,E7000,Electricity,GWH,Gigawatt-hour,TR,Türkiye,2012,,192896.000,,,,,
dataflow,ESTAT:NRG_BAL_C(1.0),Complete energy balances,A,Annual,FC_E,Final consumption - energy use,E7000,Electricity,GWH,Gigawatt-hour,TR,Türkiye,2013,,196168.000,,,,,
dataflow,ESTAT:NRG_BAL_C(1.0),Complete energy balances,A,Annual,FC_E,Final consumption - energy use,E7000,Electricity,GWH,Gigawatt-hour,TR,Türkiye,2014,,205442.000,,,,,
dataflow,ESTAT:NRG_BAL_C(1.0),Complete energy balances,A,Annual,FC_E,Final consumption - energy use,E7000,Electricity,GWH,Gigawatt-hour,TR,Türkiye,2015,,214501.000,,,,,
dataflow,ESTAT:NRG_BAL_C(1.0),Complete energy balances,A,Annual,FC_E,Final consumption - energy use,E7000,Electricity,GWH,Gigawatt-hour,TR,Türkiye,2016,,228170.000,,,,,
dataflow,ESTAT:NRG_BAL_C(1.0),Complete energy balances,A,Annual,FC_E,Final consumption - energy use,E7000,Electricity,GWH,Gigawatt-hour,TR,Türkiye,2017,,245894.445,,,,,
dataflow,ESTAT:NRG_BAL_C(1.0),Complete energy balances,A,Annual,FC_E,Final consumption - energy use,E7000,Electricity,GWH,Gigawatt-hour,TR,Türkiye,2018,,254934.429,,,,,
dataflow,ESTAT:NRG_BAL_C(1.0),Complete energy balances,A,Annual,FC_E,Final consumption - energy use,E7000,Electricity,GWH,Gigawatt-hour,TR,Türkiye,2019,,253207.360,,,,,
dataflow,ESTAT:NRG_BAL_C(1.0),Complete energy balances,A,Annual,FC_E,Final consumption - energy use,E7000,Electricity,GWH,Gigawatt-hour,TR,Türkiye,2020,,258724.702,,,,,
dataflow,ESTAT:NRG_BAL_C(1.0),Complete energy balances,A,Annual,FC_E,Final consumption - energy use,E7000,Electricity,GWH,Gigawatt-hour,TR,Türkiye,2021,,282587.294,,,,,
dataflow,ESTAT:NRG_BAL_C(1.0),Complete energy balances,A,Annual,FC_E,Final consumption - energy use,E7000,Electricity,GWH,Gigawatt-hour,TR,Türkiye,2022,,282279.875,,,,,
dataflow,ESTAT:NRG_BAL_C(1.0),Complete energy balances,A,Annual,FC_E,Final consumption - energy use,E7000,Electricity,GWH,Gigawatt-hour,TR,Türkiye,2023,,285387.447,,,,,
dataflow,ESTAT:NRG_BAL_C(1.0),Complete energy balances,A,Annual,FC_E,Final consumption - energy use,E7000,Electricity,GWH,Gigawatt-hour,TR,Türkiye,2024,,304604.061,,,,,
dataflow,ESTAT:NRG_BAL_C(1.0),Complete energy balances,A,Annual,FC_E,Final consumption - energy use,E7000,Electricity,GWH,Gigawatt-hour,UA,Ukraine,1990,,205532.000,,,,,
dataflow,ESTAT:NRG_BAL_C(1.0),Complete energy balances,A,Annual,FC_E,Final consumption - energy use,E7000,Electricity,GWH,Gigawatt-hour,UA,Ukraine,1991,,200848.000,,,,,
dataflow,ESTAT:NRG_BAL_C(1.0),Complete energy balances,A,Annual,FC_E,Final consumption - energy use,E7000,Electricity,GWH,Gigawatt-hour,UA,Ukraine,1992,,191076.000,,,,,
dataflow,ESTAT:NRG_BAL_C(1.0),Complete energy balances,A,Annual,FC_E,Final consumption - energy use,E7000,Electricity,GWH,Gigawatt-hour,UA,Ukraine,1993,,174033.000,,,,,
dataflow,ESTAT:NRG_BAL_C(1.0),Complete energy balances,A,Annual,FC_E,Final consumption - energy use,E7000,Electricity,GWH,Gigawatt-hour,UA,Ukraine,1994,,150229.000,,,,,
dataflow,ESTAT:NRG_BAL_C(1.0),Complete energy balances,A,Annual,FC_E,Final consumption - energy use,E7000,Electricity,GWH,Gigawatt-hour,UA,Ukraine,1995,,143495.000,,,,,
dataflow,ESTAT:NRG_BAL_C(1.0),Complete energy balances,A,Annual,FC_E,Final consumption - energy use,E7000,Electricity,GWH,Gigawatt-hour,UA,Ukraine,1996,,129195.000,,,,,
dataflow,ESTAT:NRG_BAL_C(1.0),Complete energy balances,A,Annual,FC_E,Final consumption - energy use,E7000,Electricity,GWH,Gigawatt-hour,UA,Ukraine,1997,,124151.000,,,,,
dataflow,ESTAT:NRG_BAL_C(1.0),Complete energy balances,A,Annual,FC_E,Final consumption - energy use,E7000,Electricity,GWH,Gigawatt-hour,UA,Ukraine,1998,,118203.000,,,,,
dataflow,ESTAT:NRG_BAL_C(1.0),Complete energy balances,A,Annual,FC_E,Final consumption - energy use,E7000,Electricity,GWH,Gigawatt-hour,UA,Ukraine,1999,,115073.000,,,,,
dataflow,ESTAT:NRG_BAL_C(1.0),Complete energy balances,A,Annual,FC_E,Final consumption - energy use,E7000,Electricity,GWH,Gigawatt-hour,UA,Ukraine,2000,,113491.000,,,,,
dataflow,ESTAT:NRG_BAL_C(1.0),Complete energy balances,A,Annual,FC_E,Final consumption - energy use,E7000,Electricity,GWH,Gigawatt-hour,UA,Ukraine,2001,,107719.000,,,,,
dataflow,ESTAT:NRG_BAL_C(1.0),Complete energy balances,A,Annual,FC_E,Final consumption - energy use,E7000,Electricity,GWH,Gigawatt-hour,UA,Ukraine,2002,,108599.000,,,,,
dataflow,ESTAT:NRG_BAL_C(1.0),Complete energy balances,A,Annual,FC_E,Final consumption - energy use,E7000,Electricity,GWH,Gigawatt-hour,UA,Ukraine,2003,,114174.000,,,,,
dataflow,ESTAT:NRG_BAL_C(1.0),Complete energy balances,A,Annual,FC_E,Final consumption - energy use,E7000,Electricity,GWH,Gigawatt-hour,UA,Ukraine,2004,,120039.000,,,,,
dataflow,ESTAT:NRG_BAL_C(1.0),Complete energy balances,A,Annual,FC_E,Final consumption - energy use,E7000,Electricity,GWH,Gigawatt-hour,UA,Ukraine,2005,,123104.000,,,,,
dataflow,ESTAT:NRG_BAL_C(1.0),Complete energy balances,A,Annual,FC_E,Final consumption - energy use,E7000,Electricity,GWH,Gigawatt-hour,UA,Ukraine,2006,,129645.000,,,,,
dataflow,ESTAT:NRG_BAL_C(1.0),Complete energy balances,A,Annual,FC_E,Final consumption - energy use,E7000,Electricity,GWH,Gigawatt-hour,UA,Ukraine,2007,,133929.000,,,,,
dataflow,ESTAT:NRG_BAL_C(1.0),Complete energy balances,A,Annual,FC_E,Final consumption - energy use,E7000,Electricity,GWH,Gigawatt-hour,UA,Ukraine,2008,,135025.000,,,,,
dataflow,ESTAT:NRG_BAL_C(1.0),Complete energy balances,A,Annual,FC_E,Final consumption - energy use,E7000,Electricity,GWH,Gigawatt-hour,UA,Ukraine,2009,,119309.000,,,,,
dataflow,ESTAT:NRG_BAL_C(1.0),Complete energy balances,A,Annual,FC_E,Final consumption - energy use,E7000,Electricity,GWH,Gigawatt-hour,UA,Ukraine,2010,,134135.000,,,,,
dataflow,ESTAT:NRG_BAL_C(1.0),Complete energy balances,A,Annual,FC_E,Final consumption - energy use,E7000,Electricity,GWH,Gigawatt-hour,UA,Ukraine,2011,,139800.000,,,,,
dataflow,ESTAT:NRG_BAL_C(1.0),Complete energy balances,A,Annual,FC_E,Final consumption - energy use,E7000,Electricity,GWH,Gigawatt-hour,UA,Ukraine,2012,,137668.000,,,,,
dataflow,ESTAT:NRG_BAL_C(1.0),Complete energy balances,A,Annual,FC_E,Final consumption - energy use,E7000,Electricity,GWH,Gigawatt-hour,UA,Ukraine,2013,,137531.000,,,,,
dataflow,ESTAT:NRG_BAL_C(1.0),Complete energy balances,A,Annual,FC_E,Final consumption - energy use,E7000,Electricity,GWH,Gigawatt-hour,UA,Ukraine,2014,,128387.000,,,,,
dataflow,ESTAT:NRG_BAL_C(1.0),Complete energy balances,A,Annual,FC_E,Final consumption - energy use,E7000,Electricity,GWH,Gigawatt-hour,UA,Ukraine,2015,,118989.000,,,,,
dataflow,ESTAT:NRG_BAL_C(1.0),Complete energy balances,A,Annual,FC_E,Final consumption - energy use,E7000,Electricity,GWH,Gigawatt-hour,UA,Ukraine,2016,,117440.000,,,,,
dataflow,ESTAT:NRG_BAL_C(1.0),Complete energy balances,A,Annual,FC_E,Final consumption - energy use,E7000,Electricity,GWH,Gigawatt-hour,UA,Ukraine,2017,,117365.600,,,,,
dataflow,ESTAT:NRG_BAL_C(1.0),Complete energy balances,A,Annual,FC_E,Final consumption - energy use,E7000,Electricity,GWH,Gigawatt-hour,UA,Ukraine,2018,,118653.400,,,,,
dataflow,ESTAT:NRG_BAL_C(1.0),Complete energy balances,A,Annual,FC_E,Final consumption - energy use,E7000,Electricity,GWH,Gigawatt-hour,UA,Ukraine,2019,,116688.902,,,,,
dataflow,ESTAT:NRG_BAL_C(1.0),Complete energy balances,A,Annual,FC_E,Final consumption - energy use,E7000,Electricity,GWH,Gigawatt-hour,UA,Ukraine,2020,,113510.400,,,,,
dataflow,ESTAT:NRG_BAL_C(1.0),Complete energy balances,A,Annual,FC_E,Final consumption - energy use,E7000,Electricity,GWH,Gigawatt-hour,UK,United Kingdom,1990,,274432.000,,,,,
dataflow,ESTAT:NRG_BAL_C(1.0),Complete energy balances,A,Annual,FC_E,Final consumption - energy use,E7000,Electricity,GWH,Gigawatt-hour,UK,United Kingdom,1991,,281048.000,,,,,
dataflow,ESTAT:NRG_BAL_C(1.0),Complete energy balances,A,Annual,FC_E,Final consumption - energy use,E7000,Electricity,GWH,Gigawatt-hour,UK,United Kingdom,1992,,281469.000,,,,,
dataflow,ESTAT:NRG_BAL_C(1.0),Complete energy balances,A,Annual,FC_E,Final consumption - energy use,E7000,Electricity,GWH,Gigawatt-hour,UK,United Kingdom,1993,,286131.000,,,,,
dataflow,ESTAT:NRG_BAL_C(1.0),Complete energy balances,A,Annual,FC_E,Final consumption - energy use,E7000,Electricity,GWH,Gigawatt-hour,UK,United Kingdom,1994,,284264.000,,,,,
dataflow,ESTAT:NRG_BAL_C(1.0),Complete energy balances,A,Annual,FC_E,Final consumption - energy use,E7000,Electricity,GWH,Gigawatt-hour,UK,United Kingdom,1995,,294722.000,,,,,
dataflow,ESTAT:NRG_BAL_C(1.0),Complete energy balances,A,Annual,FC_E,Final consumption - energy use,E7000,Electricity,GWH,Gigawatt-hour,UK,United Kingdom,1996,,309366.000,,,,,
dataflow,ESTAT:NRG_BAL_C(1.0),Complete energy balances,A,Annual,FC_E,Final consumption - energy use,E7000,Electricity,GWH,Gigawatt-hour,UK,United Kingdom,1997,,311196.000,,,,,
dataflow,ESTAT:NRG_BAL_C(1.0),Complete energy balances,A,Annual,FC_E,Final consumption - energy use,E7000,Electricity,GWH,Gigawatt-hour,UK,United Kingdom,1998,,315678.000,,,,,
dataflow,ESTAT:NRG_BAL_C(1.0),Complete energy balances,A,Annual,FC_E,Final consumption - energy use,E7000,Electricity,GWH,Gigawatt-hour,UK,United Kingdom,1999,,322744.000,,,,,
dataflow,ESTAT:NRG_BAL_C(1.0),Complete energy balances,A,Annual,FC_E,Final consumption - energy use,E7000,Electricity,GWH,Gigawatt-hour,UK,United Kingdom,2000,,329420.000,,,,,
dataflow,ESTAT:NRG_BAL_C(1.0),Complete energy balances,A,Annual,FC_E,Final consumption - energy use,E7000,Electricity,GWH,Gigawatt-hour,UK,United Kingdom,2001,,332722.000,,,,,
dataflow,ESTAT:NRG_BAL_C(1.0),Complete energy balances,A,Annual,FC_E,Final consumption - energy use,E7000,Electricity,GWH,Gigawatt-hour,UK,United Kingdom,2002,,333401.000,,,,,
dataflow,ESTAT:NRG_BAL_C(1.0),Complete energy balances,A,Annual,FC_E,Final consumption - energy use,E7000,Electricity,GWH,Gigawatt-hour,UK,United Kingdom,2003,,336218.000,,,,,
dataflow,ESTAT:NRG_BAL_C(1.0),Complete energy balances,A,Annual,FC_E,Final consumption - energy use,E7000,Electricity,GWH,Gigawatt-hour,UK,United Kingdom,2004,,338946.000,,,,,
dataflow,ESTAT:NRG_BAL_C(1.0),Complete energy balances,A,Annual,FC_E,Final consumption - energy use,E7000,Electricity,GWH,Gigawatt-hour,UK,United Kingdom,2005,,348675.000,,,,,
dataflow,ESTAT:NRG_BAL_C(1.0),Complete energy balances,A,Annual,FC_E,Final consumption - energy use,E7000,Electricity,GWH,Gigawatt-hour,UK,United Kingdom,2006,,345229.000,,,,,
dataflow,ESTAT:NRG_BAL_C(1.0),Complete energy balances,A,Annual,FC_E,Final consumption - energy use,E7000,Electricity,GWH,Gigawatt-hour,UK,United Kingdom,2007,,341656.000,,,,,
dataflow,ESTAT:NRG_BAL_C(1.0),Complete energy balances,A,Annual,FC_E,Final consumption - energy use,E7000,Electricity,GWH,Gigawatt-hour,UK,United Kingdom,2008,,341822.000,,,,,
dataflow,ESTAT:NRG_BAL_C(1.0),Complete energy balances,A,Annual,FC_E,Final consumption - energy use,E7000,Electricity,GWH,Gigawatt-hour,UK,United Kingdom,2009,,321747.000,,,,,
dataflow,ESTAT:NRG_BAL_C(1.0),Complete energy balances,A,Annual,FC_E,Final consumption - energy use,E7000,Electricity,GWH,Gigawatt-hour,UK,United Kingdom,2010,,328967.000,,,,,
dataflow,ESTAT:NRG_BAL_C(1.0),Complete energy balances,A,Annual,FC_E,Final consumption - energy use,E7000,Electricity,GWH,Gigawatt-hour,UK,United Kingdom,2011,,317988.000,,,,,
dataflow,ESTAT:NRG_BAL_C(1.0),Complete energy balances,A,Annual,FC_E,Final consumption - energy use,E7000,Electricity,GWH,Gigawatt-hour,UK,United Kingdom,2012,,318395.000,,,,,
dataflow,ESTAT:NRG_BAL_C(1.0),Complete energy balances,A,Annual,FC_E,Final consumption - energy use,E7000,Electricity,GWH,Gigawatt-hour,UK,United Kingdom,2013,,316358.000,,,,,
dataflow,ESTAT:NRG_BAL_C(1.0),Complete energy balances,A,Annual,FC_E,Final consumption - energy use,E7000,Electricity,GWH,Gigawatt-hour,UK,United Kingdom,2014,,302938.000,,,,,
dataflow,ESTAT:NRG_BAL_C(1.0),Complete energy balances,A,Annual,FC_E,Final consumption - energy use,E7000,Electricity,GWH,Gigawatt-hour,UK,United Kingdom,2015,,303585.919,,,,,
dataflow,ESTAT:NRG_BAL_C(1.0),Complete energy balances,A,Annual,FC_E,Final consumption - energy use,E7000,Electricity,GWH,Gigawatt-hour,UK,United Kingdom,2016,,304140.669,,,,,
dataflow,ESTAT:NRG_BAL_C(1.0),Complete energy balances,A,Annual,FC_E,Final consumption - energy use,E7000,Electricity,GWH,Gigawatt-hour,UK,United Kingdom,2017,,299680.838,,,,,
dataflow,ESTAT:NRG_BAL_C(1.0),Complete energy balances,A,Annual,FC_E,Final consumption - energy use,E7000,Electricity,GWH,Gigawatt-hour,UK,United Kingdom,2018,,300559.387,,,,,
dataflow,ESTAT:NRG_BAL_C(1.0),Complete energy balances,A,Annual,FC_E,Final consumption - energy use,E7000,Electricity,GWH,Gigawatt-hour,UK,United Kingdom,2019,,295374.399,,,,,
dataflow,ESTAT:NRG_BAL_C(1.0),Complete energy balances,A,Annual,FC_E,Final consumption - energy use,E7000,Electricity,GWH,Gigawatt-hour,XK,Kosovo*,2000,,2272.000,,,,,
dataflow,ESTAT:NRG_BAL_C(1.0),Complete energy balances,A,Annual,FC_E,Final consumption - energy use,E7000,Electricity,GWH,Gigawatt-hour,XK,Kosovo*,2001,,2874.000,,,,,
dataflow,ESTAT:NRG_BAL_C(1.0),Complete energy balances,A,Annual,FC_E,Final consumption - energy use,E7000,Electricity,GWH,Gigawatt-hour,XK,Kosovo*,2002,,2856.000,,,,,
dataflow,ESTAT:NRG_BAL_C(1.0),Complete energy balances,A,Annual,FC_E,Final consumption - energy use,E7000,Electricity,GWH,Gigawatt-hour,XK,Kosovo*,2003,,2791.000,,,,,
dataflow,ESTAT:NRG_BAL_C(1.0),Complete energy balances,A,Annual,FC_E,Final consumption - energy use,E7000,Electricity,GWH,Gigawatt-hour,XK,Kosovo*,2004,,2946.000,,,,,
dataflow,ESTAT:NRG_BAL_C(1.0),Complete energy balances,A,Annual,FC_E,Final consumption - energy use,E7000,Electricity,GWH,Gigawatt-hour,XK,Kosovo*,2005,,3180.000,,,,,
dataflow,ESTAT:NRG_BAL_C(1.0),Complete energy balances,A,Annual,FC_E,Final consumption - energy use,E7000,Electricity,GWH,Gigawatt-hour,XK,Kosovo*,2006,,3302.000,,,,,
dataflow,ESTAT:NRG_BAL_C(1.0),Complete energy balances,A,Annual,FC_E,Final consumption - energy use,E7000,Electricity,GWH,Gigawatt-hour,XK,Kosovo*,2007,,3601.000,,,,,
dataflow,ESTAT:NRG_BAL_C(1.0),Complete energy balances,A,Annual,FC_E,Final consumption - energy use,E7000,Electricity,GWH,Gigawatt-hour,XK,Kosovo*,2008,,4080.000,,,,,
dataflow,ESTAT:NRG_BAL_C(1.0),Complete energy balances,A,Annual,FC_E,Final consumption - energy use,E7000,Electricity,GWH,Gigawatt-hour,XK,Kosovo*,2009,,3921.000,,,,,
dataflow,ESTAT:NRG_BAL_C(1.0),Complete energy balances,A,Annual,FC_E,Final consumption - energy use,E7000,Electricity,GWH,Gigawatt-hour,XK,Kosovo*,2010,,4104.000,,,,,
dataflow,ESTAT:NRG_BAL_C(1.0),Complete energy balances,A,Annual,FC_E,Final consumption - energy use,E7000,Electricity,GWH,Gigawatt-hour,XK,Kosovo*,2011,,4587.000,,,,,
dataflow,ESTAT:NRG_BAL_C(1.0),Complete energy balances,A,Annual,FC_E,Final consumption - energy use,E7000,Electricity,GWH,Gigawatt-hour,XK,Kosovo*,2012,,4472.000,,,,,
dataflow,ESTAT:NRG_BAL_C(1.0),Complete energy balances,A,Annual,FC_E,Final consumption - energy use,E7000,Electricity,GWH,Gigawatt-hour,XK,Kosovo*,2013,,4645.000,,,,,
dataflow,ESTAT:NRG_BAL_C(1.0),Complete energy balances,A,Annual,FC_E,Final consumption - energy use,E7000,Electricity,GWH,Gigawatt-hour,XK,Kosovo*,2014,,4674.000,,,,,
dataflow,ESTAT:NRG_BAL_C(1.0),Complete energy balances,A,Annual,FC_E,Final consumption - energy use,E7000,Electricity,GWH,Gigawatt-hour,XK,Kosovo*,2015,,4622.000,,,,,
dataflow,ESTAT:NRG_BAL_C(1.0),Complete energy balances,A,Annual,FC_E,Final consumption - energy use,E7000,Electricity,GWH,Gigawatt-hour,XK,Kosovo*,2016,,3871.000,,,,,
dataflow,ESTAT:NRG_BAL_C(1.0),Complete energy balances,A,Annual,FC_E,Final consumption - energy use,E7000,Electricity,GWH,Gigawatt-hour,XK,Kosovo*,2017,,4338.483,,,,,
dataflow,ESTAT:NRG_BAL_C(1.0),Complete energy balances,A,Annual,FC_E,Final consumption - energy use,E7000,Electricity,GWH,Gigawatt-hour,XK,Kosovo*,2018,,4398.122,,,,,
dataflow,ESTAT:NRG_BAL_C(1.0),Complete energy balances,A,Annual,FC_E,Final consumption - energy use,E7000,Electricity,GWH,Gigawatt-hour,XK,Kosovo*,2019,,4713.559,,,,,
dataflow,ESTAT:NRG_BAL_C(1.0),Complete energy balances,A,Annual,FC_E,Final consumption - energy use,E7000,Electricity,GWH,Gigawatt-hour,XK,Kosovo*,2020,,4893.888,,,,,
dataflow,ESTAT:NRG_BAL_C(1.0),Complete energy balances,A,Annual,FC_E,Final consumption - energy use,E7000,Electricity,GWH,Gigawatt-hour,XK,Kosovo*,2021,,5802.031,,,,,
dataflow,ESTAT:NRG_BAL_C(1.0),Complete energy balances,A,Annual,FC_E,Final consumption - energy use,E7000,Electricity,GWH,Gigawatt-hour,XK,Kosovo*,2022,,5712.971,,,,,
dataflow,ESTAT:NRG_BAL_C(1.0),Complete energy balances,A,Annual,FC_E,Final consumption - energy use,E7000,Electricity,GWH,Gigawatt-hour,XK,Kosovo*,2023,,5470.101,,,,,
