STRUCTURE,STRUCTURE_ID,STRUCTURE_NAME,freq,Time frequency,nrg_bal,Energy balance,siec,Standard international energy product classification (SIEC),unit,Unit of measure,geo,Geopolitical entity (reporting),TIME_PERIOD,Time,OBS_VALUE,Observation value,OBS_FLAG,Observation status (Flag) V2 structure,CONF_STATUS,Confidentiality status (flag)
dataflow,ESTAT:NRG_BAL_C(1.0),Complete energy balances,A,Annual,FC_TRA_E,Final consumption - transport sector - energy use,E7000,Electricity,GWH,Gigawatt-hour,AL,Albania,1990,,0.000,,,,,
dataflow,ESTAT:NRG_BAL_C(1.0),Complete energy balances,A,Annual,FC_TRA_E,Final consumption - transport sector - energy use,E7000,Electricity,GWH,Gigawatt-hour,AL,Albania,1991,,0.000,,,,,
dataflow,ESTAT:NRG_BAL_C(1.0),Complete energy balances,A,Annual,FC_TRA_E,Final consumption - transport sector - energy use,E7000,Electricity,GWH,Gigawatt-hour,AL,Albania,1992,,0.000,,,,,
dataflow,ESTAT:NRG_BAL_C(1.0),Complete energy balances,A,Annual,FC_TRA_E,Final consumption - transport sector - energy use,E7000,Electricity,GWH,Gigawatt-hour,AL,Albania,1993,,0.000,,,,,
dataflow,ESTAT:NRG_BAL_C(1.0),Complete energy balances,A,Annual,FC_TRA_E,Final consumption - transport sector - energy use,E7000,Electricity,GWH,Gigawatt-hour,AL,Albania,1994,,0.000,,,,,
dataflow,ESTAT:NRG_BAL_C(1.0),Complete energy balances,A,Annual,FC_TRA_E,Final consumption - transport sector - energy use,E7000,Electricity,GWH,Gigawatt-hour,AL,Albania,1995,,0.000,,,,,
dataflow,ESTAT:NRG_BAL_C(1.0),Complete energy balances,A,Annual,FC_TRA_E,Final consumption - transport sector - energy use,E7000,Electricity,GWH,Gigawatt-hour,AL,Albania,1996,,0.000,,,,,
dataflow,ESTAT:NRG_BAL_C(1.0),Complete energy balances,A,Annual,FC_TRA_E,Final consumption - transport sector - energy use,E7000,Electricity,GWH,Gigawatt-hour,AL,Albania,1997,,0.000,,,,,
dataflow,ESTAT:NRG_BAL_C(1.0),Complete energy balances,A,Annual,FC_TRA_E,Final consumption - transport sector - energy use,E7000,Electricity,GWH,Gigawatt-hour,AL,Albania,1998,,0.000,,,,,
dataflow,ESTAT:NRG_BAL_C(1.0),Complete energy balances,A,Annual,FC_TRA_E,Final consumption - transport sector - energy use,E7000,Electricity,GWH,Gigawatt-hour,AL,Albania,1999,,0.000,,,,,
dataflow,ESTAT:NRG_BAL_C(1.0),Complete energy balances,A,Annual,FC_TRA_E,Final consumption - transport sector - energy use,E7000,Electricity,GWH,Gigawatt-hour,AL,Albania,2000,,0.000,,,,,
dataflow,ESTAT:NRG_BAL_C(1.0),Complete energy balances,A,Annual,FC_TRA_E,Final consumption - transport sector - energy use,E7000,Electricity,GWH,Gigawatt-hour,AL,Albania,2001,,0.000,,,,,
dataflow,ESTAT:NRG_BAL_C(1.0),Complete energy balances,A,Annual,FC_TRA_E,Final consumption - transport sector - energy use,E7000,Electricity,GWH,Gigawatt-hour,AL,Albania,2002,,0.000,,,,,
dataflow,ESTAT:NRG_BAL_C(1.0),Complete energy balances,A,Annual,FC_TRA_E,Final consumption - transport sector - energy use,E7000,Electricity,GWH,Gigawatt-hour,AL,Albania,2003,,12.000,,,,,
dataflow,ESTAT:NRG_BAL_C(1.0),Complete energy balances,A,Annual,FC_TRA_E,Final consumption - transport sector - energy use,E7000,Electricity,GWH,Gigawatt-hour,AL,Albania,2004,,12.000,,,,,
dataflow,ESTAT:NRG_BAL_C(1.0),Complete energy balances,A,Annual,FC_TRA_E,Final consumption - transport sector - energy use,E7000,Electricity,GWH,Gigawatt-hour,AL,Albania,2005,,12.000,,,,,
dataflow,ESTAT:NRG_BAL_C(1.0),Complete energy balances,A,Annual,FC_TRA_E,Final consumption - transport sector - energy use,E7000,Electricity,GWH,Gigawatt-hour,AL,Albania,2006,,0.000,,,,,
dataflow,ESTAT:NRG_BAL_C(1.0),Complete energy balances,A,Annual,FC_TRA_E,Final consumption - transport sector - energy use,E7000,Electricity,GWH,Gigawatt-hour,AL,Albania,2007,,0.000,,,,,
dataflow,ESTAT:NRG_BAL_C(1.0),Complete energy balances,A,Annual,FC_TRA_E,Final consumption - transport sector - energy use,E7000,Electricity,GWH,Gigawatt-hour,AL,Albania,2008,,0.000,,,,,
dataflow,ESTAT:NRG_BAL_C(1.0),Complete energy balances,A,Annual,FC_TRA_E,Final consumption - transport sector - energy use,E7000,Electricity,GWH,Gigawatt-hour,AL,Albania,2009,,0.000,,,,,
dataflow,ESTAT:NRG_BAL_C(1.0),Complete energy balances,A,Annual,FC_TRA_E,Final consumption - transport sector - energy use,E7000,Electricity,GWH,Gigawatt-hour,AL,Albania,2010,,0.000,,,,,
dataflow,ESTAT:NRG_BAL_C(1.0),Complete energy balances,A,Annual,FC_TRA_E,Final consumption - transport sector - energy use,E7000,Electricity,GWH,Gigawatt-hour,AL,Albania,2011,,0.000,,,,,
dataflow,ESTAT:NRG_BAL_C(1.0),Complete energy balances,A,Annual,FC_TRA_E,Final consumption - transport sector - energy use,E7000,Electricity,GWH,Gigawatt-hour,AL,Albania,2012,,0.000,,,,,
dataflow,ESTAT:NRG_BAL_C(1.0),Complete energy balances,A,Annual,FC_TRA_E,Final consumption - transport sector - energy use,E7000,Electricity,GWH,Gigawatt-hour,AL,Albania,2013,,0.000,,,,,
dataflow,ESTAT:NRG_BAL_C(1.0),Complete energy balances,A,Annual,FC_TRA_E,Final consumption - transport sector - energy use,E7000,Electricity,GWH,Gigawatt-hour,AL,Albania,2014,,0.000,,,,,
dataflow,ESTAT:NRG_BAL_C(1.0),Complete energy balances,A,Annual,FC_TRA_E,Final consumption - transport sector - energy use,E7000,Electricity,GWH,Gigawatt-hour,AL,Albania,2015,,0.000,,,,,
dataflow,ESTAT:NRG_BAL_C(1.0),Complete energy balances,A,Annual,FC_TRA_E,Final consumption - transport sector - energy use,E7000,Electricity,GWH,Gigawatt-hour,AL,Albania,2016,,0.000,,,,,
dataflow,ESTAT:NRG_BAL_C(1.0),Complete energy balances,A,Annual,FC_TRA_E,Final consumption - transport sector - energy use,E7000,Electricity,GWH,Gigawatt-hour,AL,Albania,2017,,0.000,,,,,
dataflow,ESTAT:NRG_BAL_C(1.0),Complete energy balances,A,Annual,FC_TRA_E,Final consumption - transport sector - energy use,E7000,Electricity,GWH,Gigawatt-hour,AL,Albania,2018,,0.000,,,,,
dataflow,ESTAT:NRG_BAL_C(1.0),Complete energy balances,A,Annual,FC_TRA_E,Final consumption - transport sector - energy use,E7000,Electricity,GWH,Gigawatt-hour,AL,Albania,2019,,3.650,,,,,
dataflow,ESTAT:NRG_BAL_C(1.0),Complete energy balances,A,Annual,FC_TRA_E,Final consumption - transport sector - energy use,E7000,Electricity,GWH,Gigawatt-hour,AL,Albania,2020,,4.302,,,,,
dataflow,ESTAT:NRG_BAL_C(1.0),Complete energy balances,A,Annual,FC_TRA_E,Final consumption - transport sector - energy use,E7000,Electricity,GWH,Gigawatt-hour,AL,Albania,2021,,5.470,,,,,
dataflow,ESTAT:NRG_BAL_C(1.0),Complete energy balances,A,Annual,FC_TRA_E,Final consumption - transport sector - energy use,E7000,Electricity,GWH,Gigawatt-hour,AL,Albania,2022,,6.047,,,,,
dataflow,ESTAT:NRG_BAL_C(1.0),Complete energy balances,A,Annual,FC_TRA_E,Final consumption - transport sector - energy use,E7000,Electricity,GWH,Gigawatt-hour,AL,Albania,2023,,6.163,,,,,
dataflow,ESTAT:NRG_BAL_C(1.0),Complete energy balances,A,Annual,FC_TRA_E,Final consumption - transport sector - energy use,E7000,Electricity,GWH,Gigawatt-hour,AL,Albania,2024,,11.200,,,,,
dataflow,ESTAT:NRG_BAL_C(1.0),Complete energy balances,A,Annual,FC_TRA_E,Final consumption - transport sector - energy use,E7000,Electricity,GWH,Gigawatt-hour,AT,Austria,1990,,2770.000,,,,,
dataflow,ESTAT:NRG_BAL_C(1.0),Complete energy balances,A,Annual,FC_TRA_E,Final consumption - transport sector - energy use,E7000,Electricity,GWH,Gigawatt-hour,AT,Austria,1991,,3162.000,,,,,
dataflow,ESTAT:NRG_BAL_C(1.0),Complete energy balances,A,Annual,FC_TRA_E,Final consumption - transport sector - energy use,E7000,Electricity,GWH,Gigawatt-hour,AT,Austria,1992,,3243.000,,,,,
dataflow,ESTAT:NRG_BAL_C(1.0),Complete energy balances,A,Annual,FC_TRA_E,Final consumption - transport sector - energy use,E7000,Electricity,GWH,Gigawatt-hour,AT,Austria,1993,,3239.000,,,,,
dataflow,ESTAT:NRG_BAL_C(1.0),Complete energy balances,A,Annual,FC_TRA_E,Final consumption - transport sector - energy use,E7000,Electricity,GWH,Gigawatt-hour,AT,Austria,1994,,3239.000,,,,,
dataflow,ESTAT:NRG_BAL_C(1.0),Complete energy balances,A,Annual,FC_TRA_E,Final consumption - transport sector - energy use,E7000,Electricity,GWH,Gigawatt-hour,AT,Austria,1995,,3215.000,,,,,
dataflow,ESTAT:NRG_BAL_C(1.0),Complete energy balances,A,Annual,FC_TRA_E,Final consumption - transport sector - energy use,E7000,Electricity,GWH,Gigawatt-hour,AT,Austria,1996,,3255.000,,,,,
dataflow,ESTAT:NRG_BAL_C(1.0),Complete energy balances,A,Annual,FC_TRA_E,Final consumption - transport sector - energy use,E7000,Electricity,GWH,Gigawatt-hour,AT,Austria,1997,,3291.000,,,,,
dataflow,ESTAT:NRG_BAL_C(1.0),Complete energy balances,A,Annual,FC_TRA_E,Final consumption - transport sector - energy use,E7000,Electricity,GWH,Gigawatt-hour,AT,Austria,1998,,3340.000,,,,,
dataflow,ESTAT:NRG_BAL_C(1.0),Complete energy balances,A,Annual,FC_TRA_E,Final consumption - transport sector - energy use,E7000,Electricity,GWH,Gigawatt-hour,AT,Austria,1999,,3330.000,,,,,
dataflow,ESTAT:NRG_BAL_C(1.0),Complete energy balances,A,Annual,FC_TRA_E,Final consumption - transport sector - energy use,E7000,Electricity,GWH,Gigawatt-hour,AT,Austria,2000,,3462.000,,,,,
dataflow,ESTAT:NRG_BAL_C(1.0),Complete energy balances,A,Annual,FC_TRA_E,Final consumption - transport sector - energy use,E7000,Electricity,GWH,Gigawatt-hour,AT,Austria,2001,,3388.000,,,,,
dataflow,ESTAT:NRG_BAL_C(1.0),Complete energy balances,A,Annual,FC_TRA_E,Final consumption - transport sector - energy use,E7000,Electricity,GWH,Gigawatt-hour,AT,Austria,2002,,3271.000,,,,,
dataflow,ESTAT:NRG_BAL_C(1.0),Complete energy balances,A,Annual,FC_TRA_E,Final consumption - transport sector - energy use,E7000,Electricity,GWH,Gigawatt-hour,AT,Austria,2003,,3443.000,,,,,
dataflow,ESTAT:NRG_BAL_C(1.0),Complete energy balances,A,Annual,FC_TRA_E,Final consumption - transport sector - energy use,E7000,Electricity,GWH,Gigawatt-hour,AT,Austria,2004,,3507.000,,,,,
dataflow,ESTAT:NRG_BAL_C(1.0),Complete energy balances,A,Annual,FC_TRA_E,Final consumption - transport sector - energy use,E7000,Electricity,GWH,Gigawatt-hour,AT,Austria,2005,,3422.451,,,,,
dataflow,ESTAT:NRG_BAL_C(1.0),Complete energy balances,A,Annual,FC_TRA_E,Final consumption - transport sector - energy use,E7000,Electricity,GWH,Gigawatt-hour,AT,Austria,2006,,3515.439,,,,,
dataflow,ESTAT:NRG_BAL_C(1.0),Complete energy balances,A,Annual,FC_TRA_E,Final consumption - transport sector - energy use,E7000,Electricity,GWH,Gigawatt-hour,AT,Austria,2007,,3479.155,,,,,
dataflow,ESTAT:NRG_BAL_C(1.0),Complete energy balances,A,Annual,FC_TRA_E,Final consumption - transport sector - energy use,E7000,Electricity,GWH,Gigawatt-hour,AT,Austria,2008,,3464.215,,,,,
dataflow,ESTAT:NRG_BAL_C(1.0),Complete energy balances,A,Annual,FC_TRA_E,Final consumption - transport sector - energy use,E7000,Electricity,GWH,Gigawatt-hour,AT,Austria,2009,,3295.073,,,,,
dataflow,ESTAT:NRG_BAL_C(1.0),Complete energy balances,A,Annual,FC_TRA_E,Final consumption - transport sector - energy use,E7000,Electricity,GWH,Gigawatt-hour,AT,Austria,2010,,3212.744,,,,,
dataflow,ESTAT:NRG_BAL_C(1.0),Complete energy balances,A,Annual,FC_TRA_E,Final consumption - transport sector - energy use,E7000,Electricity,GWH,Gigawatt-hour,AT,Austria,2011,,3126.274,,,,,
dataflow,ESTAT:NRG_BAL_C(1.0),Complete energy balances,A,Annual,FC_TRA_E,Final consumption - transport sector - energy use,E7000,Electricity,GWH,Gigawatt-hour,AT,Austria,2012,,3064.395,,,,,
dataflow,ESTAT:NRG_BAL_C(1.0),Complete energy balances,A,Annual,FC_TRA_E,Final consumption - transport sector - energy use,E7000,Electricity,GWH,Gigawatt-hour,AT,Austria,2013,,3106.790,,,,,
dataflow,ESTAT:NRG_BAL_C(1.0),Complete energy balances,A,Annual,FC_TRA_E,Final consumption - transport sector - energy use,E7000,Electricity,GWH,Gigawatt-hour,AT,Austria,2014,,3064.586,,,,,
dataflow,ESTAT:NRG_BAL_C(1.0),Complete energy balances,A,Annual,FC_TRA_E,Final consumption - transport sector - energy use,E7000,Electricity,GWH,Gigawatt-hour,AT,Austria,2015,,3163.445,,,,,
dataflow,ESTAT:NRG_BAL_C(1.0),Complete energy balances,A,Annual,FC_TRA_E,Final consumption - transport sector - energy use,E7000,Electricity,GWH,Gigawatt-hour,AT,Austria,2016,,3206.605,,,,,
dataflow,ESTAT:NRG_BAL_C(1.0),Complete energy balances,A,Annual,FC_TRA_E,Final consumption - transport sector - energy use,E7000,Electricity,GWH,Gigawatt-hour,AT,Austria,2017,,3263.199,,,,,
dataflow,ESTAT:NRG_BAL_C(1.0),Complete energy balances,A,Annual,FC_TRA_E,Final consumption - transport sector - energy use,E7000,Electricity,GWH,Gigawatt-hour,AT,Austria,2018,,3280.782,,,,,
dataflow,ESTAT:NRG_BAL_C(1.0),Complete energy balances,A,Annual,FC_TRA_E,Final consumption - transport sector - energy use,E7000,Electricity,GWH,Gigawatt-hour,AT,Austria,2019,,3278.387,,,,,
dataflow,ESTAT:NRG_BAL_C(1.0),Complete energy balances,A,Annual,FC_TRA_E,Final consumption - transport sector - energy use,E7000,Electricity,GWH,Gigawatt-hour,AT,Austria,2020,,3093.345,,,,,
dataflow,ESTAT:NRG_BAL_C(1.0),Complete energy balances,A,Annual,FC_TRA_E,Final consumption - transport sector - energy use,E7000,Electricity,GWH,Gigawatt-hour,AT,Austria,2021,,3315.485,,,,,
dataflow,ESTAT:NRG_BAL_C(1.0),Complete energy balances,A,Annual,FC_TRA_E,Final consumption - transport sector - energy use,E7000,Electricity,GWH,Gigawatt-hour,AT,Austria,2022,,3602.091,,,,,
dataflow,ESTAT:NRG_BAL_C(1.0),Complete energy balances,A,Annual,FC_TRA_E,Final consumption - transport sector - energy use,E7000,Electricity,GWH,Gigawatt-hour,AT,Austria,2023,,3641.771,,,,,
dataflow,ESTAT:NRG_BAL_C(1.0),Complete energy balances,A,Annual,FC_TRA_E,Final consumption - transport sector - energy use,E7000,Electricity,GWH,Gigawatt-hour,AT,Austria,2024,,3944.066,,,,,
dataflow,ESTAT:NRG_BAL_C(1.0),Complete energy balances,A,Annual,FC_TRA_E,Final consumption - transport sector - energy use,E7000,Electricity,GWH,Gigawatt-hour,BA,Bosnia and Herzegovina,2014,,80.000,,,,,
dataflow,ESTAT:NRG_BAL_C(1.0),Complete energy balances,A,Annual,FC_TRA_E,Final consumption - transport sector - energy use,E7000,Electricity,GWH,Gigawatt-hour,BA,Bosnia and Herzegovina,2015,,91.000,,,,,
dataflow,ESTAT:NRG_BAL_C(1.0),Complete energy balances,A,Annual,FC_TRA_E,Final consumption - transport sector - energy use,E7000,Electricity,GWH,Gigawatt-hour,BA,Bosnia and Herzegovina,2016,,73.000,,,,,
dataflow,ESTAT:NRG_BAL_C(1.0),Complete energy balances,A,Annual,FC_TRA_E,Final consumption - transport sector - energy use,E7000,Electricity,GWH,Gigawatt-hour,BA,Bosnia and Herzegovina,2017,,76.000,,,,,
dataflow,ESTAT:NRG_BAL_C(1.0),Complete energy balances,A,Annual,FC_TRA_E,Final consumption - transport sector - energy use,E7000,Electricity,GWH,Gigawatt-hour,BA,Bosnia and Herzegovina,2018,,59.000,,,,,
dataflow,ESTAT:NRG_BAL_C(1.0),Complete energy balances,A,Annual,FC_TRA_E,Final consumption - transport sector - energy use,E7000,Electricity,GWH,Gigawatt-hour,BA,Bosnia and Herzegovina,2019,,59.000,,,,,
dataflow,ESTAT:NRG_BAL_C(1.0),Complete energy balances,A,Annual,FC_TRA_E,Final consumption - transport sector - energy use,E7000,Electricity,GWH,Gigawatt-hour,BA,Bosnia and Herzegovina,2020,,59.000,,,,,
dataflow,ESTAT:NRG_BAL_C(1.0),Complete energy balances,A,Annual,FC_TRA_E,Final consumption - transport sector - energy use,E7000,Electricity,GWH,Gigawatt-hour,BA,Bosnia and Herzegovina,2021,,55.000,,,,,
dataflow,ESTAT:NRG_BAL_C(1.0),Complete energy balances,A,Annual,FC_TRA_E,Final consumption - transport sector - energy use,E7000,Electricity,GWH,Gigawatt-hour,BA,Bosnia and Herzegovina,2022,,63.000,,,,,
dataflow,ESTAT:NRG_BAL_C(1.0),Complete energy balances,A,Annual,FC_TRA_E,Final consumption - transport sector - energy use,E7000,Electricity,GWH,Gigawatt-hour,BA,Bosnia and Herzegovina,2023,,63.000,,,,,
dataflow,ESTAT:NRG_BAL_C(1.0),Complete energy balances,A,Annual,FC_TRA_E,Final consumption - transport sector - energy use,E7000,Electricity,GWH,Gigawatt-hour,BA,Bosnia and Herzegovina,2024,,62.000,,,,,
dataflow,ESTAT:NRG_BAL_C(1.0),Complete energy balances,A,Annual,FC_TRA_E,Final consumption - transport sector - energy use,E7000,Electricity,GWH,Gigawatt-hour,BE,Belgium,1990,,1249.000,,,,,
dataflow,ESTAT:NRG_BAL_C(1.0),Complete energy balances,A,Annual,FC_TRA_E,Final consumption - transport sector - energy use,E7000,Electricity,GWH,Gigawatt-hour,BE,Belgium,1991,,1276.000,,,,,
dataflow,ESTAT:NRG_BAL_C(1.0),Complete energy balances,A,Annual,FC_TRA_E,Final consumption - transport sector - energy use,E7000,Electricity,GWH,Gigawatt-hour,BE,Belgium,1992,,1305.000,,,,,
dataflow,ESTAT:NRG_BAL_C(1.0),Complete energy balances,A,Annual,FC_TRA_E,Final consumption - transport sector - energy use,E7000,Electricity,GWH,Gigawatt-hour,BE,Belgium,1993,,1360.000,,,,,
dataflow,ESTAT:NRG_BAL_C(1.0),Complete energy balances,A,Annual,FC_TRA_E,Final consumption - transport sector - energy use,E7000,Electricity,GWH,Gigawatt-hour,BE,Belgium,1994,,1384.000,,,,,
dataflow,ESTAT:NRG_BAL_C(1.0),Complete energy balances,A,Annual,FC_TRA_E,Final consumption - transport sector - energy use,E7000,Electricity,GWH,Gigawatt-hour,BE,Belgium,1995,,1464.000,,,,,
dataflow,ESTAT:NRG_BAL_C(1.0),Complete energy balances,A,Annual,FC_TRA_E,Final consumption - transport sector - energy use,E7000,Electricity,GWH,Gigawatt-hour,BE,Belgium,1996,,1278.000,,,,,
dataflow,ESTAT:NRG_BAL_C(1.0),Complete energy balances,A,Annual,FC_TRA_E,Final consumption - transport sector - energy use,E7000,Electricity,GWH,Gigawatt-hour,BE,Belgium,1997,,1264.000,,,,,
dataflow,ESTAT:NRG_BAL_C(1.0),Complete energy balances,A,Annual,FC_TRA_E,Final consumption - transport sector - energy use,E7000,Electricity,GWH,Gigawatt-hour,BE,Belgium,1998,,1369.000,,,,,
dataflow,ESTAT:NRG_BAL_C(1.0),Complete energy balances,A,Annual,FC_TRA_E,Final consumption - transport sector - energy use,E7000,Electricity,GWH,Gigawatt-hour,BE,Belgium,1999,,1404.000,,,,,
dataflow,ESTAT:NRG_BAL_C(1.0),Complete energy balances,A,Annual,FC_TRA_E,Final consumption - transport sector - energy use,E7000,Electricity,GWH,Gigawatt-hour,BE,Belgium,2000,,1443.000,,,,,
dataflow,ESTAT:NRG_BAL_C(1.0),Complete energy balances,A,Annual,FC_TRA_E,Final consumption - transport sector - energy use,E7000,Electricity,GWH,Gigawatt-hour,BE,Belgium,2001,,1467.000,,,,,
dataflow,ESTAT:NRG_BAL_C(1.0),Complete energy balances,A,Annual,FC_TRA_E,Final consumption - transport sector - energy use,E7000,Electricity,GWH,Gigawatt-hour,BE,Belgium,2002,,1456.000,,,,,
dataflow,ESTAT:NRG_BAL_C(1.0),Complete energy balances,A,Annual,FC_TRA_E,Final consumption - transport sector - energy use,E7000,Electricity,GWH,Gigawatt-hour,BE,Belgium,2003,,1494.000,,,,,
dataflow,ESTAT:NRG_BAL_C(1.0),Complete energy balances,A,Annual,FC_TRA_E,Final consumption - transport sector - energy use,E7000,Electricity,GWH,Gigawatt-hour,BE,Belgium,2004,,1661.600,,,,,
dataflow,ESTAT:NRG_BAL_C(1.0),Complete energy balances,A,Annual,FC_TRA_E,Final consumption - transport sector - energy use,E7000,Electricity,GWH,Gigawatt-hour,BE,Belgium,2005,,1671.400,,,,,
dataflow,ESTAT:NRG_BAL_C(1.0),Complete energy balances,A,Annual,FC_TRA_E,Final consumption - transport sector - energy use,E7000,Electricity,GWH,Gigawatt-hour,BE,Belgium,2006,,1742.600,,,,,
dataflow,ESTAT:NRG_BAL_C(1.0),Complete energy balances,A,Annual,FC_TRA_E,Final consumption - transport sector - energy use,E7000,Electricity,GWH,Gigawatt-hour,BE,Belgium,2007,,1727.600,,,,,
dataflow,ESTAT:NRG_BAL_C(1.0),Complete energy balances,A,Annual,FC_TRA_E,Final consumption - transport sector - energy use,E7000,Electricity,GWH,Gigawatt-hour,BE,Belgium,2008,,1810.700,,,,,
dataflow,ESTAT:NRG_BAL_C(1.0),Complete energy balances,A,Annual,FC_TRA_E,Final consumption - transport sector - energy use,E7000,Electricity,GWH,Gigawatt-hour,BE,Belgium,2009,,1699.100,,,,,
dataflow,ESTAT:NRG_BAL_C(1.0),Complete energy balances,A,Annual,FC_TRA_E,Final consumption - transport sector - energy use,E7000,Electricity,GWH,Gigawatt-hour,BE,Belgium,2010,,1751.800,,,,,
dataflow,ESTAT:NRG_BAL_C(1.0),Complete energy balances,A,Annual,FC_TRA_E,Final consumption - transport sector - energy use,E7000,Electricity,GWH,Gigawatt-hour,BE,Belgium,2011,,1709.400,,,,,
dataflow,ESTAT:NRG_BAL_C(1.0),Complete energy balances,A,Annual,FC_TRA_E,Final consumption - transport sector - energy use,E7000,Electricity,GWH,Gigawatt-hour,BE,Belgium,2012,,1639.600,,,,,
dataflow,ESTAT:NRG_BAL_C(1.0),Complete energy balances,A,Annual,FC_TRA_E,Final consumption - transport sector - energy use,E7000,Electricity,GWH,Gigawatt-hour,BE,Belgium,2013,,1725.000,,,,,
dataflow,ESTAT:NRG_BAL_C(1.0),Complete energy balances,A,Annual,FC_TRA_E,Final consumption - transport sector - energy use,E7000,Electricity,GWH,Gigawatt-hour,BE,Belgium,2014,,1558.200,,,,,
dataflow,ESTAT:NRG_BAL_C(1.0),Complete energy balances,A,Annual,FC_TRA_E,Final consumption - transport sector - energy use,E7000,Electricity,GWH,Gigawatt-hour,BE,Belgium,2015,,1573.600,,,,,
dataflow,ESTAT:NRG_BAL_C(1.0),Complete energy balances,A,Annual,FC_TRA_E,Final consumption - transport sector - energy use,E7000,Electricity,GWH,Gigawatt-hour,BE,Belgium,2016,,1626.200,,,,,
dataflow,ESTAT:NRG_BAL_C(1.0),Complete energy balances,A,Annual,FC_TRA_E,Final consumption - transport sector - energy use,E7000,Electricity,GWH,Gigawatt-hour,BE,Belgium,2017,,1704.200,,,,,
dataflow,ESTAT:NRG_BAL_C(1.0),Complete energy balances,A,Annual,FC_TRA_E,Final consumption - transport sector - energy use,E7000,Electricity,GWH,Gigawatt-hour,BE,Belgium,2018,,1747.500,,,,,
dataflow,ESTAT:NRG_BAL_C(1.0),Complete energy balances,A,Annual,FC_TRA_E,Final consumption - transport sector - energy use,E7000,Electricity,GWH,Gigawatt-hour,BE,Belgium,2019,,1745.900,,,,,
dataflow,ESTAT:NRG_BAL_C(1.0),Complete energy balances,A,Annual,FC_TRA_E,Final consumption - transport sector - energy use,E7000,Electricity,GWH,Gigawatt-hour,BE,Belgium,2020,,1577.400,,,,,
dataflow,ESTAT:NRG_BAL_C(1.0),Complete energy balances,A,Annual,FC_TRA_E,Final consumption - transport sector - energy use,E7000,Electricity,GWH,Gigawatt-hour,BE,Belgium,2021,,1852.900,,,,,
dataflow,ESTAT:NRG_BAL_C(1.0),Complete energy balances,A,Annual,FC_TRA_E,Final consumption - transport sector - energy use,E7000,Electricity,GWH,Gigawatt-hour,BE,Belgium,2022,,2268.100,,,,,
dataflow,ESTAT:NRG_BAL_C(1.0),Complete energy balances,A,Annual,FC_TRA_E,Final consumption - transport sector - energy use,E7000,Electricity,GWH,Gigawatt-hour,BE,Belgium,2023,,2680.600,,,,,
dataflow,ESTAT:NRG_BAL_C(1.0),Complete energy balances,A,Annual,FC_TRA_E,Final consumption - transport sector - energy use,E7000,Electricity,GWH,Gigawatt-hour,BE,Belgium,2024,,3239.300,,,,,
dataflow,ESTAT:NRG_BAL_C(1.0),Complete energy balances,A,Annual,FC_TRA_E,Final consumption - transport sector - energy use,E7000,Electricity,GWH,Gigawatt-hour,BG,Bulgaria,1990,,1305.000,,,,,
dataflow,ESTAT:NRG_BAL_C(1.0),Complete energy balances,A,Annual,FC_TRA_E,Final consumption - transport sector - energy use,E7000,Electricity,GWH,Gigawatt-hour,BG,Bulgaria,1991,,1206.000,,,,,
dataflow,ESTAT:NRG_BAL_C(1.0),Complete energy balances,A,Annual,FC_TRA_E,Final consumption - transport sector - energy use,E7000,Electricity,GWH,Gigawatt-hour,BG,Bulgaria,1992,,1040.000,,,,,
dataflow,ESTAT:NRG_BAL_C(1.0),Complete energy balances,A,Annual,FC_TRA_E,Final consumption - transport sector - energy use,E7000,Electricity,GWH,Gigawatt-hour,BG,Bulgaria,1993,,726.000,,,,,
dataflow,ESTAT:NRG_BAL_C(1.0),Complete energy balances,A,Annual,FC_TRA_E,Final consumption - transport sector - energy use,E7000,Electricity,GWH,Gigawatt-hour,BG,Bulgaria,1994,,636.000,,,,,
dataflow,ESTAT:NRG_BAL_C(1.0),Complete energy balances,A,Annual,FC_TRA_E,Final consumption - transport sector - energy use,E7000,Electricity,GWH,Gigawatt-hour,BG,Bulgaria,1995,,803.000,,,,,
dataflow,ESTAT:NRG_BAL_C(1.0),Complete energy balances,A,Annual,FC_TRA_E,Final consumption - transport sector - energy use,E7000,Electricity,GWH,Gigawatt-hour,BG,Bulgaria,1996,,811.000,,,,,
dataflow,ESTAT:NRG_BAL_C(1.0),Complete energy balances,A,Annual,FC_TRA_E,Final consumption - transport sector - energy use,E7000,Electricity,GWH,Gigawatt-hour,BG,Bulgaria,1997,,620.000,,,,,
dataflow,ESTAT:NRG_BAL_C(1.0),Complete energy balances,A,Annual,FC_TRA_E,Final consumption - transport sector - energy use,E7000,Electricity,GWH,Gigawatt-hour,BG,Bulgaria,1998,,552.000,,,,,
dataflow,ESTAT:NRG_BAL_C(1.0),Complete energy balances,A,Annual,FC_TRA_E,Final consumption - transport sector - energy use,E7000,Electricity,GWH,Gigawatt-hour,BG,Bulgaria,1999,,603.000,,,,,
dataflow,ESTAT:NRG_BAL_C(1.0),Complete energy balances,A,Annual,FC_TRA_E,Final consumption - transport sector - energy use,E7000,Electricity,GWH,Gigawatt-hour,BG,Bulgaria,2000,,519.000,,,,,
dataflow,ESTAT:NRG_BAL_C(1.0),Complete energy balances,A,Annual,FC_TRA_E,Final consumption - transport sector - energy use,E7000,Electricity,GWH,Gigawatt-hour,BG,Bulgaria,2001,,500.000,,,,,
dataflow,ESTAT:NRG_BAL_C(1.0),Complete energy balances,A,Annual,FC_TRA_E,Final consumption - transport sector - energy use,E7000,Electricity,GWH,Gigawatt-hour,BG,Bulgaria,2002,,489.000,,,,,
dataflow,ESTAT:NRG_BAL_C(1.0),Complete energy balances,A,Annual,FC_TRA_E,Final consumption - transport sector - energy use,E7000,Electricity,GWH,Gigawatt-hour,BG,Bulgaria,2003,,460.000,,,,,
dataflow,ESTAT:NRG_BAL_C(1.0),Complete energy balances,A,Annual,FC_TRA_E,Final consumption - transport sector - energy use,E7000,Electricity,GWH,Gigawatt-hour,BG,Bulgaria,2004,,498.000,,,,,
dataflow,ESTAT:NRG_BAL_C(1.0),Complete energy balances,A,Annual,FC_TRA_E,Final consumption - transport sector - energy use,E7000,Electricity,GWH,Gigawatt-hour,BG,Bulgaria,2005,,500.000,,,,,
dataflow,ESTAT:NRG_BAL_C(1.0),Complete energy balances,A,Annual,FC_TRA_E,Final consumption - transport sector - energy use,E7000,Electricity,GWH,Gigawatt-hour,BG,Bulgaria,2006,,466.000,,,,,
dataflow,ESTAT:NRG_BAL_C(1.0),Complete energy balances,A,Annual,FC_TRA_E,Final consumption - transport sector - energy use,E7000,Electricity,GWH,Gigawatt-hour,BG,Bulgaria,2007,,451.000,,,,,
dataflow,ESTAT:NRG_BAL_C(1.0),Complete energy balances,A,Annual,FC_TRA_E,Final consumption - transport sector - energy use,E7000,Electricity,GWH,Gigawatt-hour,BG,Bulgaria,2008,,425.000,,,,,
dataflow,ESTAT:NRG_BAL_C(1.0),Complete energy balances,A,Annual,FC_TRA_E,Final consumption - transport sector - energy use,E7000,Electricity,GWH,Gigawatt-hour,BG,Bulgaria,2009,,467.000,,,,,
dataflow,ESTAT:NRG_BAL_C(1.0),Complete energy balances,A,Annual,FC_TRA_E,Final consumption - transport sector - energy use,E7000,Electricity,GWH,Gigawatt-hour,BG,Bulgaria,2010,,399.000,,,,,
dataflow,ESTAT:NRG_BAL_C(1.0),Complete energy balances,A,Annual,FC_TRA_E,Final consumption - transport sector - energy use,E7000,Electricity,GWH,Gigawatt-hour,BG,Bulgaria,2011,,367.000,,,,,
dataflow,ESTAT:NRG_BAL_C(1.0),Complete energy balances,A,Annual,FC_TRA_E,Final consumption - transport sector - energy use,E7000,Electricity,GWH,Gigawatt-hour,BG,Bulgaria,2012,,302.000,,,,,
dataflow,ESTAT:NRG_BAL_C(1.0),Complete energy balances,A,Annual,FC_TRA_E,Final consumption - transport sector - energy use,E7000,Electricity,GWH,Gigawatt-hour,BG,Bulgaria,2013,,277.000,,,,,
dataflow,ESTAT:NRG_BAL_C(1.0),Complete energy balances,A,Annual,FC_TRA_E,Final consumption - transport sector - energy use,E7000,Electricity,GWH,Gigawatt-hour,BG,Bulgaria,2014,,306.000,,,,,
dataflow,ESTAT:NRG_BAL_C(1.0),Complete energy balances,A,Annual,FC_TRA_E,Final consumption - transport sector - energy use,E7000,Electricity,GWH,Gigawatt-hour,BG,Bulgaria,2015,,352.000,,,,,
dataflow,ESTAT:NRG_BAL_C(1.0),Complete energy balances,A,Annual,FC_TRA_E,Final consumption - transport sector - energy use,E7000,Electricity,GWH,Gigawatt-hour,BG,Bulgaria,2016,,354.000,,,,,
dataflow,ESTAT:NRG_BAL_C(1.0),Complete energy balances,A,Annual,FC_TRA_E,Final consumption - transport sector - energy use,E7000,Electricity,GWH,Gigawatt-hour,BG,Bulgaria,2017,,377.588,,,,,
dataflow,ESTAT:NRG_BAL_C(1.0),Complete energy balances,A,Annual,FC_TRA_E,Final consumption - transport sector - energy use,E7000,Electricity,GWH,Gigawatt-hour,BG,Bulgaria,2018,,353.259,,,,,
dataflow,ESTAT:NRG_BAL_C(1.0),Complete energy balances,A,Annual,FC_TRA_E,Final consumption - transport sector - energy use,E7000,Electricity,GWH,Gigawatt-hour,BG,Bulgaria,2019,,455.686,,,,,
dataflow,ESTAT:NRG_BAL_C(1.0),Complete energy balances,A,Annual,FC_TRA_E,Final consumption - transport sector - energy use,E7000,Electricity,GWH,Gigawatt-hour,BG,Bulgaria,2020,,422.741,,,,,
dataflow,ESTAT:NRG_BAL_C(1.0),Complete energy balances,A,Annual,FC_TRA_E,Final consumption - transport sector - energy use,E7000,Electricity,GWH,Gigawatt-hour,BG,Bulgaria,2021,,450.421,,,,,
dataflow,ESTAT:NRG_BAL_C(1.0),Complete energy balances,A,Annual,FC_TRA_E,Final consumption - transport sector - energy use,E7000,Electricity,GWH,Gigawatt-hour,BG,Bulgaria,2022,,454.158,,,,,
dataflow,ESTAT:NRG_BAL_C(1.0),Complete energy balances,A,Annual,FC_TRA_E,Final consumption - transport sector - energy use,E7000,Electricity,GWH,Gigawatt-hour,BG,Bulgaria,2023,,425.190,,,,,
dataflow,ESTAT:NRG_BAL_C(1.0),Complete energy balances,A,Annual,FC_TRA_E,Final consumption - transport sector - energy use,E7000,Electricity,GWH,Gigawatt-hour,BG,Bulgaria,2024,,472.327,,,,,
dataflow,ESTAT:NRG_BAL_C(1.0),Complete energy balances,A,Annual,FC_TRA_E,Final consumption - transport sector - energy use,E7000,Electricity,GWH,Gigawatt-hour,CY,Cyprus,1990,,0.000,,,,,
dataflow,ESTAT:NRG_BAL_C(1.0),Complete energy balances,A,Annual,FC_TRA_E,Final consumption - transport sector - energy use,E7000,Electricity,GWH,Gigawatt-hour,CY,Cyprus,1991,,0.000,,,,,
dataflow,ESTAT:NRG_BAL_C(1.0),Complete energy balances,A,Annual,FC_TRA_E,Final consumption - transport sector - energy use,E7000,Electricity,GWH,Gigawatt-hour,CY,Cyprus,1992,,0.000,,,,,
dataflow,ESTAT:NRG_BAL_C(1.0),Complete energy balances,A,Annual,FC_TRA_E,Final consumption - transport sector - energy use,E7000,Electricity,GWH,Gigawatt-hour,CY,Cyprus,1993,,0.000,,,,,
dataflow,ESTAT:NRG_BAL_C(1.0),Complete energy balances,A,Annual,FC_TRA_E,Final consumption - transport sector - energy use,E7000,Electricity,GWH,Gigawatt-hour,CY,Cyprus,1994,,0.000,,,,,
dataflow,ESTAT:NRG_BAL_C(1.0),Complete energy balances,A,Annual,FC_TRA_E,Final consumption - transport sector - energy use,E7000,Electricity,GWH,Gigawatt-hour,CY,Cyprus,1995,,0.000,,,,,
dataflow,ESTAT:NRG_BAL_C(1.0),Complete energy balances,A,Annual,FC_TRA_E,Final consumption - transport sector - energy use,E7000,Electricity,GWH,Gigawatt-hour,CY,Cyprus,1996,,0.000,,,,,
dataflow,ESTAT:NRG_BAL_C(1.0),Complete energy balances,A,Annual,FC_TRA_E,Final consumption - transport sector - energy use,E7000,Electricity,GWH,Gigawatt-hour,CY,Cyprus,1997,,0.000,,,,,
dataflow,ESTAT:NRG_BAL_C(1.0),Complete energy balances,A,Annual,FC_TRA_E,Final consumption - transport sector - energy use,E7000,Electricity,GWH,Gigawatt-hour,CY,Cyprus,1998,,0.000,,,,,
dataflow,ESTAT:NRG_BAL_C(1.0),Complete energy balances,A,Annual,FC_TRA_E,Final consumption - transport sector - energy use,E7000,Electricity,GWH,Gigawatt-hour,CY,Cyprus,1999,,0.000,,,,,
dataflow,ESTAT:NRG_BAL_C(1.0),Complete energy balances,A,Annual,FC_TRA_E,Final consumption - transport sector - energy use,E7000,Electricity,GWH,Gigawatt-hour,CY,Cyprus,2000,,0.000,,,,,
dataflow,ESTAT:NRG_BAL_C(1.0),Complete energy balances,A,Annual,FC_TRA_E,Final consumption - transport sector - energy use,E7000,Electricity,GWH,Gigawatt-hour,CY,Cyprus,2001,,0.000,,,,,
dataflow,ESTAT:NRG_BAL_C(1.0),Complete energy balances,A,Annual,FC_TRA_E,Final consumption - transport sector - energy use,E7000,Electricity,GWH,Gigawatt-hour,CY,Cyprus,2002,,0.000,,,,,
dataflow,ESTAT:NRG_BAL_C(1.0),Complete energy balances,A,Annual,FC_TRA_E,Final consumption - transport sector - energy use,E7000,Electricity,GWH,Gigawatt-hour,CY,Cyprus,2003,,0.000,,,,,
dataflow,ESTAT:NRG_BAL_C(1.0),Complete energy balances,A,Annual,FC_TRA_E,Final consumption - transport sector - energy use,E7000,Electricity,GWH,Gigawatt-hour,CY,Cyprus,2004,,0.000,,,,,
dataflow,ESTAT:NRG_BAL_C(1.0),Complete energy balances,A,Annual,FC_TRA_E,Final consumption - transport sector - energy use,E7000,Electricity,GWH,Gigawatt-hour,CY,Cyprus,2005,,0.000,,,,,
dataflow,ESTAT:NRG_BAL_C(1.0),Complete energy balances,A,Annual,FC_TRA_E,Final consumption - transport sector - energy use,E7000,Electricity,GWH,Gigawatt-hour,CY,Cyprus,2006,,0.000,,,,,
dataflow,ESTAT:NRG_BAL_C(1.0),Complete energy balances,A,Annual,FC_TRA_E,Final consumption - transport sector - energy use,E7000,Electricity,GWH,Gigawatt-hour,CY,Cyprus,2007,,0.000,,,,,
dataflow,ESTAT:NRG_BAL_C(1.0),Complete energy balances,A,Annual,FC_TRA_E,Final consumption - transport sector - energy use,E7000,Electricity,GWH,Gigawatt-hour,CY,Cyprus,2008,,0.000,,,,,
dataflow,ESTAT:NRG_BAL_C(1.0),Complete energy balances,A,Annual,FC_TRA_E,Final consumption - transport sector - energy use,E7000,Electricity,GWH,Gigawatt-hour,CY,Cyprus,2009,,0.000,,,,,
dataflow,ESTAT:NRG_BAL_C(1.0),Complete energy balances,A,Annual,FC_TRA_E,Final consumption - transport sector - energy use,E7000,Electricity,GWH,Gigawatt-hour,CY,Cyprus,2010,,0.000,,,,,
dataflow,ESTAT:NRG_BAL_C(1.0),Complete energy balances,A,Annual,FC_TRA_E,Final consumption - transport sector - energy use,E7000,Electricity,GWH,Gigawatt-hour,CY,Cyprus,2011,,0.000,,,,,
dataflow,ESTAT:NRG_BAL_C(1.0),Complete energy balances,A,Annual,FC_TRA_E,Final consumption - transport sector - energy use,E7000,Electricity,GWH,Gigawatt-hour,CY,Cyprus,2012,,0.000,,,,,
dataflow,ESTAT:NRG_BAL_C(1.0),Complete energy balances,A,Annual,FC_TRA_E,Final consumption - transport sector - energy use,E7000,Electricity,GWH,Gigawatt-hour,CY,Cyprus,2013,,0.000,,,,,
dataflow,ESTAT:NRG_BAL_C(1.0),Complete energy balances,A,Annual,FC_TRA_E,Final consumption - transport sector - energy use,E7000,Electricity,GWH,Gigawatt-hour,CY,Cyprus,2014,,0.000,,,,,
dataflow,ESTAT:NRG_BAL_C(1.0),Complete energy balances,A,Annual,FC_TRA_E,Final consumption - transport sector - energy use,E7000,Electricity,GWH,Gigawatt-hour,CY,Cyprus,2015,,0.000,,,,,
dataflow,ESTAT:NRG_BAL_C(1.0),Complete energy balances,A,Annual,FC_TRA_E,Final consumption - transport sector - energy use,E7000,Electricity,GWH,Gigawatt-hour,CY,Cyprus,2016,,0.000,,,,,
dataflow,ESTAT:NRG_BAL_C(1.0),Complete energy balances,A,Annual,FC_TRA_E,Final consumption - transport sector - energy use,E7000,Electricity,GWH,Gigawatt-hour,CY,Cyprus,2017,,0.000,,,,,
dataflow,ESTAT:NRG_BAL_C(1.0),Complete energy balances,A,Annual,FC_TRA_E,Final consumption - transport sector - energy use,E7000,Electricity,GWH,Gigawatt-hour,CY,Cyprus,2018,,0.000,,,,,
dataflow,ESTAT:NRG_BAL_C(1.0),Complete energy balances,A,Annual,FC_TRA_E,Final consumption - transport sector - energy use,E7000,Electricity,GWH,Gigawatt-hour,CY,Cyprus,2019,,0.000,,,,,
dataflow,ESTAT:NRG_BAL_C(1.0),Complete energy balances,A,Annual,FC_TRA_E,Final consumption - transport sector - energy use,E7000,Electricity,GWH,Gigawatt-hour,CY,Cyprus,2020,,0.000,,,,,
dataflow,ESTAT:NRG_BAL_C(1.0),Complete energy balances,A,Annual,FC_TRA_E,Final consumption - transport sector - energy use,E7000,Electricity,GWH,Gigawatt-hour,CY,Cyprus,2021,,0.000,,,,,
dataflow,ESTAT:NRG_BAL_C(1.0),Complete energy balances,A,Annual,FC_TRA_E,Final consumption - transport sector - energy use,E7000,Electricity,GWH,Gigawatt-hour,CY,Cyprus,2022,,2.143,,,,,
dataflow,ESTAT:NRG_BAL_C(1.0),Complete energy balances,A,Annual,FC_TRA_E,Final consumption - transport sector - energy use,E7000,Electricity,GWH,Gigawatt-hour,CY,Cyprus,2023,,5.002,,,,,
dataflow,ESTAT:NRG_BAL_C(1.0),Complete energy balances,A,Annual,FC_TRA_E,Final consumption - transport sector - energy use,E7000,Electricity,GWH,Gigawatt-hour,CY,Cyprus,2024,,8.969,,,,,
dataflow,ESTAT:NRG_BAL_C(1.0),Complete energy balances,A,Annual,FC_TRA_E,Final consumption - transport sector - energy use,E7000,Electricity,GWH,Gigawatt-hour,CZ,Czechia,1990,,3167.000,,,,,
dataflow,ESTAT:NRG_BAL_C(1.0),Complete energy balances,A,Annual,FC_TRA_E,Final consumption - transport sector - energy use,E7000,Electricity,GWH,Gigawatt-hour,CZ,Czechia,1991,,2361.000,,,,,
dataflow,ESTAT:NRG_BAL_C(1.0),Complete energy balances,A,Annual,FC_TRA_E,Final consumption - transport sector - energy use,E7000,Electricity,GWH,Gigawatt-hour,CZ,Czechia,1992,,2701.000,,,,,
dataflow,ESTAT:NRG_BAL_C(1.0),Complete energy balances,A,Annual,FC_TRA_E,Final consumption - transport sector - energy use,E7000,Electricity,GWH,Gigawatt-hour,CZ,Czechia,1993,,2660.000,,,,,
dataflow,ESTAT:NRG_BAL_C(1.0),Complete energy balances,A,Annual,FC_TRA_E,Final consumption - transport sector - energy use,E7000,Electricity,GWH,Gigawatt-hour,CZ,Czechia,1994,,2539.000,,,,,
dataflow,ESTAT:NRG_BAL_C(1.0),Complete energy balances,A,Annual,FC_TRA_E,Final consumption - transport sector - energy use,E7000,Electricity,GWH,Gigawatt-hour,CZ,Czechia,1995,,2383.000,,,,,
dataflow,ESTAT:NRG_BAL_C(1.0),Complete energy balances,A,Annual,FC_TRA_E,Final consumption - transport sector - energy use,E7000,Electricity,GWH,Gigawatt-hour,CZ,Czechia,1996,,2488.000,,,,,
dataflow,ESTAT:NRG_BAL_C(1.0),Complete energy balances,A,Annual,FC_TRA_E,Final consumption - transport sector - energy use,E7000,Electricity,GWH,Gigawatt-hour,CZ,Czechia,1997,,2280.000,,,,,
dataflow,ESTAT:NRG_BAL_C(1.0),Complete energy balances,A,Annual,FC_TRA_E,Final consumption - transport sector - energy use,E7000,Electricity,GWH,Gigawatt-hour,CZ,Czechia,1998,,2311.000,,,,,
dataflow,ESTAT:NRG_BAL_C(1.0),Complete energy balances,A,Annual,FC_TRA_E,Final consumption - transport sector - energy use,E7000,Electricity,GWH,Gigawatt-hour,CZ,Czechia,1999,,2182.000,,,,,
dataflow,ESTAT:NRG_BAL_C(1.0),Complete energy balances,A,Annual,FC_TRA_E,Final consumption - transport sector - energy use,E7000,Electricity,GWH,Gigawatt-hour,CZ,Czechia,2000,,2335.000,,,,,
dataflow,ESTAT:NRG_BAL_C(1.0),Complete energy balances,A,Annual,FC_TRA_E,Final consumption - transport sector - energy use,E7000,Electricity,GWH,Gigawatt-hour,CZ,Czechia,2001,,2117.000,,,,,
dataflow,ESTAT:NRG_BAL_C(1.0),Complete energy balances,A,Annual,FC_TRA_E,Final consumption - transport sector - energy use,E7000,Electricity,GWH,Gigawatt-hour,CZ,Czechia,2002,,2153.000,,,,,
dataflow,ESTAT:NRG_BAL_C(1.0),Complete energy balances,A,Annual,FC_TRA_E,Final consumption - transport sector - energy use,E7000,Electricity,GWH,Gigawatt-hour,CZ,Czechia,2003,,2213.000,,,,,
dataflow,ESTAT:NRG_BAL_C(1.0),Complete energy balances,A,Annual,FC_TRA_E,Final consumption - transport sector - energy use,E7000,Electricity,GWH,Gigawatt-hour,CZ,Czechia,2004,,1812.000,,,,,
dataflow,ESTAT:NRG_BAL_C(1.0),Complete energy balances,A,Annual,FC_TRA_E,Final consumption - transport sector - energy use,E7000,Electricity,GWH,Gigawatt-hour,CZ,Czechia,2005,,1800.000,,,,,
dataflow,ESTAT:NRG_BAL_C(1.0),Complete energy balances,A,Annual,FC_TRA_E,Final consumption - transport sector - energy use,E7000,Electricity,GWH,Gigawatt-hour,CZ,Czechia,2006,,1791.000,,,,,
dataflow,ESTAT:NRG_BAL_C(1.0),Complete energy balances,A,Annual,FC_TRA_E,Final consumption - transport sector - energy use,E7000,Electricity,GWH,Gigawatt-hour,CZ,Czechia,2007,,1770.000,,,,,
dataflow,ESTAT:NRG_BAL_C(1.0),Complete energy balances,A,Annual,FC_TRA_E,Final consumption - transport sector - energy use,E7000,Electricity,GWH,Gigawatt-hour,CZ,Czechia,2008,,1728.000,,,,,
dataflow,ESTAT:NRG_BAL_C(1.0),Complete energy balances,A,Annual,FC_TRA_E,Final consumption - transport sector - energy use,E7000,Electricity,GWH,Gigawatt-hour,CZ,Czechia,2009,,1651.000,,,,,
dataflow,ESTAT:NRG_BAL_C(1.0),Complete energy balances,A,Annual,FC_TRA_E,Final consumption - transport sector - energy use,E7000,Electricity,GWH,Gigawatt-hour,CZ,Czechia,2010,,1629.000,,,,,
dataflow,ESTAT:NRG_BAL_C(1.0),Complete energy balances,A,Annual,FC_TRA_E,Final consumption - transport sector - energy use,E7000,Electricity,GWH,Gigawatt-hour,CZ,Czechia,2011,,1606.000,,,,,
dataflow,ESTAT:NRG_BAL_C(1.0),Complete energy balances,A,Annual,FC_TRA_E,Final consumption - transport sector - energy use,E7000,Electricity,GWH,Gigawatt-hour,CZ,Czechia,2012,,1614.000,,,,,
dataflow,ESTAT:NRG_BAL_C(1.0),Complete energy balances,A,Annual,FC_TRA_E,Final consumption - transport sector - energy use,E7000,Electricity,GWH,Gigawatt-hour,CZ,Czechia,2013,,1592.000,,,,,
dataflow,ESTAT:NRG_BAL_C(1.0),Complete energy balances,A,Annual,FC_TRA_E,Final consumption - transport sector - energy use,E7000,Electricity,GWH,Gigawatt-hour,CZ,Czechia,2014,,1559.000,,,,,
dataflow,ESTAT:NRG_BAL_C(1.0),Complete energy balances,A,Annual,FC_TRA_E,Final consumption - transport sector - energy use,E7000,Electricity,GWH,Gigawatt-hour,CZ,Czechia,2015,,1609.000,,,,,
dataflow,ESTAT:NRG_BAL_C(1.0),Complete energy balances,A,Annual,FC_TRA_E,Final consumption - transport sector - energy use,E7000,Electricity,GWH,Gigawatt-hour,CZ,Czechia,2016,,1636.000,,,,,
dataflow,ESTAT:NRG_BAL_C(1.0),Complete energy balances,A,Annual,FC_TRA_E,Final consumption - transport sector - energy use,E7000,Electricity,GWH,Gigawatt-hour,CZ,Czechia,2017,,1697.558,,,,,
dataflow,ESTAT:NRG_BAL_C(1.0),Complete energy balances,A,Annual,FC_TRA_E,Final consumption - transport sector - energy use,E7000,Electricity,GWH,Gigawatt-hour,CZ,Czechia,2018,,1753.379,,,,,
dataflow,ESTAT:NRG_BAL_C(1.0),Complete energy balances,A,Annual,FC_TRA_E,Final consumption - transport sector - energy use,E7000,Electricity,GWH,Gigawatt-hour,CZ,Czechia,2019,,1767.266,,,,,
dataflow,ESTAT:NRG_BAL_C(1.0),Complete energy balances,A,Annual,FC_TRA_E,Final consumption - transport sector - energy use,E7000,Electricity,GWH,Gigawatt-hour,CZ,Czechia,2020,,1644.099,,,,,
dataflow,ESTAT:NRG_BAL_C(1.0),Complete energy balances,A,Annual,FC_TRA_E,Final consumption - transport sector - energy use,E7000,Electricity,GWH,Gigawatt-hour,CZ,Czechia,2021,,1725.386,,,,,
dataflow,ESTAT:NRG_BAL_C(1.0),Complete energy balances,A,Annual,FC_TRA_E,Final consumption - transport sector - energy use,E7000,Electricity,GWH,Gigawatt-hour,CZ,Czechia,2022,,1796.327,,,,,
dataflow,ESTAT:NRG_BAL_C(1.0),Complete energy balances,A,Annual,FC_TRA_E,Final consumption - transport sector - energy use,E7000,Electricity,GWH,Gigawatt-hour,CZ,Czechia,2023,,1806.114,,,,,
dataflow,ESTAT:NRG_BAL_C(1.0),Complete energy balances,A,Annual,FC_TRA_E,Final consumption - transport sector - energy use,E7000,Electricity,GWH,Gigawatt-hour,CZ,Czechia,2024,,1886.825,,,,,
dataflow,ESTAT:NRG_BAL_C(1.0),Complete energy balances,A,Annual,FC_TRA_E,Final consumption - transport sector - energy use,E7000,Electricity,GWH,Gigawatt-hour,DE,Germany,1990,,13668.000,,,,,
dataflow,ESTAT:NRG_BAL_C(1.0),Complete energy balances,A,Annual,FC_TRA_E,Final consumption - transport sector - energy use,E7000,Electricity,GWH,Gigawatt-hour,DE,Germany,1991,,15317.000,,,,,
dataflow,ESTAT:NRG_BAL_C(1.0),Complete energy balances,A,Annual,FC_TRA_E,Final consumption - transport sector - energy use,E7000,Electricity,GWH,Gigawatt-hour,DE,Germany,1992,,14895.000,,,,,
dataflow,ESTAT:NRG_BAL_C(1.0),Complete energy balances,A,Annual,FC_TRA_E,Final consumption - transport sector - energy use,E7000,Electricity,GWH,Gigawatt-hour,DE,Germany,1993,,14997.000,,,,,
dataflow,ESTAT:NRG_BAL_C(1.0),Complete energy balances,A,Annual,FC_TRA_E,Final consumption - transport sector - energy use,E7000,Electricity,GWH,Gigawatt-hour,DE,Germany,1994,,15405.000,,,,,
dataflow,ESTAT:NRG_BAL_C(1.0),Complete energy balances,A,Annual,FC_TRA_E,Final consumption - transport sector - energy use,E7000,Electricity,GWH,Gigawatt-hour,DE,Germany,1995,,16191.000,,,,,
dataflow,ESTAT:NRG_BAL_C(1.0),Complete energy balances,A,Annual,FC_TRA_E,Final consumption - transport sector - energy use,E7000,Electricity,GWH,Gigawatt-hour,DE,Germany,1996,,16545.000,,,,,
dataflow,ESTAT:NRG_BAL_C(1.0),Complete energy balances,A,Annual,FC_TRA_E,Final consumption - transport sector - energy use,E7000,Electricity,GWH,Gigawatt-hour,DE,Germany,1997,,16859.000,,,,,
dataflow,ESTAT:NRG_BAL_C(1.0),Complete energy balances,A,Annual,FC_TRA_E,Final consumption - transport sector - energy use,E7000,Electricity,GWH,Gigawatt-hour,DE,Germany,1998,,16082.000,,,,,
dataflow,ESTAT:NRG_BAL_C(1.0),Complete energy balances,A,Annual,FC_TRA_E,Final consumption - transport sector - energy use,E7000,Electricity,GWH,Gigawatt-hour,DE,Germany,1999,,15835.000,,,,,
dataflow,ESTAT:NRG_BAL_C(1.0),Complete energy balances,A,Annual,FC_TRA_E,Final consumption - transport sector - energy use,E7000,Electricity,GWH,Gigawatt-hour,DE,Germany,2000,,15910.000,,,,,
dataflow,ESTAT:NRG_BAL_C(1.0),Complete energy balances,A,Annual,FC_TRA_E,Final consumption - transport sector - energy use,E7000,Electricity,GWH,Gigawatt-hour,DE,Germany,2001,,16399.000,,,,,
dataflow,ESTAT:NRG_BAL_C(1.0),Complete energy balances,A,Annual,FC_TRA_E,Final consumption - transport sector - energy use,E7000,Electricity,GWH,Gigawatt-hour,DE,Germany,2002,,16190.000,,,,,
dataflow,ESTAT:NRG_BAL_C(1.0),Complete energy balances,A,Annual,FC_TRA_E,Final consumption - transport sector - energy use,E7000,Electricity,GWH,Gigawatt-hour,DE,Germany,2003,,13064.000,,,,,
dataflow,ESTAT:NRG_BAL_C(1.0),Complete energy balances,A,Annual,FC_TRA_E,Final consumption - transport sector - energy use,E7000,Electricity,GWH,Gigawatt-hour,DE,Germany,2004,,12898.000,,,,,
dataflow,ESTAT:NRG_BAL_C(1.0),Complete energy balances,A,Annual,FC_TRA_E,Final consumption - transport sector - energy use,E7000,Electricity,GWH,Gigawatt-hour,DE,Germany,2005,,13136.000,,,,,
dataflow,ESTAT:NRG_BAL_C(1.0),Complete energy balances,A,Annual,FC_TRA_E,Final consumption - transport sector - energy use,E7000,Electricity,GWH,Gigawatt-hour,DE,Germany,2006,,12682.000,,,,,
dataflow,ESTAT:NRG_BAL_C(1.0),Complete energy balances,A,Annual,FC_TRA_E,Final consumption - transport sector - energy use,E7000,Electricity,GWH,Gigawatt-hour,DE,Germany,2007,,12241.000,,,,,
dataflow,ESTAT:NRG_BAL_C(1.0),Complete energy balances,A,Annual,FC_TRA_E,Final consumption - transport sector - energy use,E7000,Electricity,GWH,Gigawatt-hour,DE,Germany,2008,,11103.000,,,,,
dataflow,ESTAT:NRG_BAL_C(1.0),Complete energy balances,A,Annual,FC_TRA_E,Final consumption - transport sector - energy use,E7000,Electricity,GWH,Gigawatt-hour,DE,Germany,2009,,11598.000,,,,,
dataflow,ESTAT:NRG_BAL_C(1.0),Complete energy balances,A,Annual,FC_TRA_E,Final consumption - transport sector - energy use,E7000,Electricity,GWH,Gigawatt-hour,DE,Germany,2010,,12080.000,,,,,
dataflow,ESTAT:NRG_BAL_C(1.0),Complete energy balances,A,Annual,FC_TRA_E,Final consumption - transport sector - energy use,E7000,Electricity,GWH,Gigawatt-hour,DE,Germany,2011,,12107.000,,,,,
dataflow,ESTAT:NRG_BAL_C(1.0),Complete energy balances,A,Annual,FC_TRA_E,Final consumption - transport sector - energy use,E7000,Electricity,GWH,Gigawatt-hour,DE,Germany,2012,,12025.000,,,,,
dataflow,ESTAT:NRG_BAL_C(1.0),Complete energy balances,A,Annual,FC_TRA_E,Final consumption - transport sector - energy use,E7000,Electricity,GWH,Gigawatt-hour,DE,Germany,2013,,11925.000,,,,,
dataflow,ESTAT:NRG_BAL_C(1.0),Complete energy balances,A,Annual,FC_TRA_E,Final consumption - transport sector - energy use,E7000,Electricity,GWH,Gigawatt-hour,DE,Germany,2014,,11523.000,,,,,
dataflow,ESTAT:NRG_BAL_C(1.0),Complete energy balances,A,Annual,FC_TRA_E,Final consumption - transport sector - energy use,E7000,Electricity,GWH,Gigawatt-hour,DE,Germany,2015,,11148.000,,,,,
dataflow,ESTAT:NRG_BAL_C(1.0),Complete energy balances,A,Annual,FC_TRA_E,Final consumption - transport sector - energy use,E7000,Electricity,GWH,Gigawatt-hour,DE,Germany,2016,,11738.000,,,,,
dataflow,ESTAT:NRG_BAL_C(1.0),Complete energy balances,A,Annual,FC_TRA_E,Final consumption - transport sector - energy use,E7000,Electricity,GWH,Gigawatt-hour,DE,Germany,2017,,11957.000,,,,,
dataflow,ESTAT:NRG_BAL_C(1.0),Complete energy balances,A,Annual,FC_TRA_E,Final consumption - transport sector - energy use,E7000,Electricity,GWH,Gigawatt-hour,DE,Germany,2018,,12087.000,,,,,
dataflow,ESTAT:NRG_BAL_C(1.0),Complete energy balances,A,Annual,FC_TRA_E,Final consumption - transport sector - energy use,E7000,Electricity,GWH,Gigawatt-hour,DE,Germany,2019,,11605.000,,,,,
dataflow,ESTAT:NRG_BAL_C(1.0),Complete energy balances,A,Annual,FC_TRA_E,Final consumption - transport sector - energy use,E7000,Electricity,GWH,Gigawatt-hour,DE,Germany,2020,,11534.000,,,,,
dataflow,ESTAT:NRG_BAL_C(1.0),Complete energy balances,A,Annual,FC_TRA_E,Final consumption - transport sector - energy use,E7000,Electricity,GWH,Gigawatt-hour,DE,Germany,2021,,12868.000,,,,,
dataflow,ESTAT:NRG_BAL_C(1.0),Complete energy balances,A,Annual,FC_TRA_E,Final consumption - transport sector - energy use,E7000,Electricity,GWH,Gigawatt-hour,DE,Germany,2022,,15408.908,,,,,
dataflow,ESTAT:NRG_BAL_C(1.0),Complete energy balances,A,Annual,FC_TRA_E,Final consumption - transport sector - energy use,E7000,Electricity,GWH,Gigawatt-hour,DE,Germany,2023,,17266.000,,,,,
dataflow,ESTAT:NRG_BAL_C(1.0),Complete energy balances,A,Annual,FC_TRA_E,Final consumption - transport sector - energy use,E7000,Electricity,GWH,Gigawatt-hour,DE,Germany,2024,,17488.000,,,,,
dataflow,ESTAT:NRG_BAL_C(1.0),Complete energy balances,A,Annual,FC_TRA_E,Final consumption - transport sector - energy use,E7000,Electricity,GWH,Gigawatt-hour,DK,Denmark,1990,,204.000,,,,,
dataflow,ESTAT:NRG_BAL_C(1.0),Complete energy balances,A,Annual,FC_TRA_E,Final consumption - transport sector - energy use,E7000,Electricity,GWH,Gigawatt-hour,DK,Denmark,1991,,199.000,,,,,
dataflow,ESTAT:NRG_BAL_C(1.0),Complete energy balances,A,Annual,FC_TRA_E,Final consumption - transport sector - energy use,E7000,Electricity,GWH,Gigawatt-hour,DK,Denmark,1992,,195.000,,,,,
dataflow,ESTAT:NRG_BAL_C(1.0),Complete energy balances,A,Annual,FC_TRA_E,Final consumption - transport sector - energy use,E7000,Electricity,GWH,Gigawatt-hour,DK,Denmark,1993,,212.000,,,,,
dataflow,ESTAT:NRG_BAL_C(1.0),Complete energy balances,A,Annual,FC_TRA_E,Final consumption - transport sector - energy use,E7000,Electricity,GWH,Gigawatt-hour,DK,Denmark,1994,,226.000,,,,,
dataflow,ESTAT:NRG_BAL_C(1.0),Complete energy balances,A,Annual,FC_TRA_E,Final consumption - transport sector - energy use,E7000,Electricity,GWH,Gigawatt-hour,DK,Denmark,1995,,237.000,,,,,
dataflow,ESTAT:NRG_BAL_C(1.0),Complete energy balances,A,Annual,FC_TRA_E,Final consumption - transport sector - energy use,E7000,Electricity,GWH,Gigawatt-hour,DK,Denmark,1996,,257.000,,,,,
dataflow,ESTAT:NRG_BAL_C(1.0),Complete energy balances,A,Annual,FC_TRA_E,Final consumption - transport sector - energy use,E7000,Electricity,GWH,Gigawatt-hour,DK,Denmark,1997,,282.000,,,,,
dataflow,ESTAT:NRG_BAL_C(1.0),Complete energy balances,A,Annual,FC_TRA_E,Final consumption - transport sector - energy use,E7000,Electricity,GWH,Gigawatt-hour,DK,Denmark,1998,,325.000,,,,,
dataflow,ESTAT:NRG_BAL_C(1.0),Complete energy balances,A,Annual,FC_TRA_E,Final consumption - transport sector - energy use,E7000,Electricity,GWH,Gigawatt-hour,DK,Denmark,1999,,341.000,,,,,
dataflow,ESTAT:NRG_BAL_C(1.0),Complete energy balances,A,Annual,FC_TRA_E,Final consumption - transport sector - energy use,E7000,Electricity,GWH,Gigawatt-hour,DK,Denmark,2000,,348.000,,,,,
dataflow,ESTAT:NRG_BAL_C(1.0),Complete energy balances,A,Annual,FC_TRA_E,Final consumption - transport sector - energy use,E7000,Electricity,GWH,Gigawatt-hour,DK,Denmark,2001,,348.000,,,,,
dataflow,ESTAT:NRG_BAL_C(1.0),Complete energy balances,A,Annual,FC_TRA_E,Final consumption - transport sector - energy use,E7000,Electricity,GWH,Gigawatt-hour,DK,Denmark,2002,,364.000,,,,,
dataflow,ESTAT:NRG_BAL_C(1.0),Complete energy balances,A,Annual,FC_TRA_E,Final consumption - transport sector - energy use,E7000,Electricity,GWH,Gigawatt-hour,DK,Denmark,2003,,353.000,,,,,
dataflow,ESTAT:NRG_BAL_C(1.0),Complete energy balances,A,Annual,FC_TRA_E,Final consumption - transport sector - energy use,E7000,Electricity,GWH,Gigawatt-hour,DK,Denmark,2004,,370.000,,,,,
dataflow,ESTAT:NRG_BAL_C(1.0),Complete energy balances,A,Annual,FC_TRA_E,Final consumption - transport sector - energy use,E7000,Electricity,GWH,Gigawatt-hour,DK,Denmark,2005,,375.000,,,,,
dataflow,ESTAT:NRG_BAL_C(1.0),Complete energy balances,A,Annual,FC_TRA_E,Final consumption - transport sector - energy use,E7000,Electricity,GWH,Gigawatt-hour,DK,Denmark,2006,,376.000,,,,,
dataflow,ESTAT:NRG_BAL_C(1.0),Complete energy balances,A,Annual,FC_TRA_E,Final consumption - transport sector - energy use,E7000,Electricity,GWH,Gigawatt-hour,DK,Denmark,2007,,356.000,,,,,
dataflow,ESTAT:NRG_BAL_C(1.0),Complete energy balances,A,Annual,FC_TRA_E,Final consumption - transport sector - energy use,E7000,Electricity,GWH,Gigawatt-hour,DK,Denmark,2008,,378.000,,,,,
dataflow,ESTAT:NRG_BAL_C(1.0),Complete energy balances,A,Annual,FC_TRA_E,Final consumption - transport sector - energy use,E7000,Electricity,GWH,Gigawatt-hour,DK,Denmark,2009,,395.000,,,,,
dataflow,ESTAT:NRG_BAL_C(1.0),Complete energy balances,A,Annual,FC_TRA_E,Final consumption - transport sector - energy use,E7000,Electricity,GWH,Gigawatt-hour,DK,Denmark,2010,,404.000,,,,,
dataflow,ESTAT:NRG_BAL_C(1.0),Complete energy balances,A,Annual,FC_TRA_E,Final consumption - transport sector - energy use,E7000,Electricity,GWH,Gigawatt-hour,DK,Denmark,2011,,397.000,,,,,
dataflow,ESTAT:NRG_BAL_C(1.0),Complete energy balances,A,Annual,FC_TRA_E,Final consumption - transport sector - energy use,E7000,Electricity,GWH,Gigawatt-hour,DK,Denmark,2012,,385.000,,,,,
dataflow,ESTAT:NRG_BAL_C(1.0),Complete energy balances,A,Annual,FC_TRA_E,Final consumption - transport sector - energy use,E7000,Electricity,GWH,Gigawatt-hour,DK,Denmark,2013,,386.000,,,,,
dataflow,ESTAT:NRG_BAL_C(1.0),Complete energy balances,A,Annual,FC_TRA_E,Final consumption - transport sector - energy use,E7000,Electricity,GWH,Gigawatt-hour,DK,Denmark,2014,,385.000,,,,,
dataflow,ESTAT:NRG_BAL_C(1.0),Complete energy balances,A,Annual,FC_TRA_E,Final consumption - transport sector - energy use,E7000,Electricity,GWH,Gigawatt-hour,DK,Denmark,2015,,397.000,,,,,
dataflow,ESTAT:NRG_BAL_C(1.0),Complete energy balances,A,Annual,FC_TRA_E,Final consumption - transport sector - energy use,E7000,Electricity,GWH,Gigawatt-hour,DK,Denmark,2016,,447.270,,,,,
dataflow,ESTAT:NRG_BAL_C(1.0),Complete energy balances,A,Annual,FC_TRA_E,Final consumption - transport sector - energy use,E7000,Electricity,GWH,Gigawatt-hour,DK,Denmark,2017,,439.246,,,,,
dataflow,ESTAT:NRG_BAL_C(1.0),Complete energy balances,A,Annual,FC_TRA_E,Final consumption - transport sector - energy use,E7000,Electricity,GWH,Gigawatt-hour,DK,Denmark,2018,,439.655,,,,,
dataflow,ESTAT:NRG_BAL_C(1.0),Complete energy balances,A,Annual,FC_TRA_E,Final consumption - transport sector - energy use,E7000,Electricity,GWH,Gigawatt-hour,DK,Denmark,2019,,462.188,,,,,
dataflow,ESTAT:NRG_BAL_C(1.0),Complete energy balances,A,Annual,FC_TRA_E,Final consumption - transport sector - energy use,E7000,Electricity,GWH,Gigawatt-hour,DK,Denmark,2020,,524.647,,,,,
dataflow,ESTAT:NRG_BAL_C(1.0),Complete energy balances,A,Annual,FC_TRA_E,Final consumption - transport sector - energy use,E7000,Electricity,GWH,Gigawatt-hour,DK,Denmark,2021,,681.125,,,,,
dataflow,ESTAT:NRG_BAL_C(1.0),Complete energy balances,A,Annual,FC_TRA_E,Final consumption - transport sector - energy use,E7000,Electricity,GWH,Gigawatt-hour,DK,Denmark,2022,,885.453,,,,,
dataflow,ESTAT:NRG_BAL_C(1.0),Complete energy balances,A,Annual,FC_TRA_E,Final consumption - transport sector - energy use,E7000,Electricity,GWH,Gigawatt-hour,DK,Denmark,2023,,1100.250,,,,,
dataflow,ESTAT:NRG_BAL_C(1.0),Complete energy balances,A,Annual,FC_TRA_E,Final consumption - transport sector - energy use,E7000,Electricity,GWH,Gigawatt-hour,DK,Denmark,2024,,1418.445,,,,,
dataflow,ESTAT:NRG_BAL_C(1.0),Complete energy balances,A,Annual,FC_TRA_E,Final consumption - transport sector - energy use,E7000,Electricity,GWH,Gigawatt-hour,EE,Estonia,1990,,348.000,,,,,
dataflow,ESTAT:NRG_BAL_C(1.0),Complete energy balances,A,Annual,FC_TRA_E,Final consumption - transport sector - energy use,E7000,Electricity,GWH,Gigawatt-hour,EE,Estonia,1991,,344.000,,,,,
dataflow,ESTAT:NRG_BAL_C(1.0),Complete energy balances,A,Annual,FC_TRA_E,Final consumption - transport sector - energy use,E7000,Electricity,GWH,Gigawatt-hour,EE,Estonia,1992,,368.000,,,,,
dataflow,ESTAT:NRG_BAL_C(1.0),Complete energy balances,A,Annual,FC_TRA_E,Final consumption - transport sector - energy use,E7000,Electricity,GWH,Gigawatt-hour,EE,Estonia,1993,,137.000,,,,,
dataflow,ESTAT:NRG_BAL_C(1.0),Complete energy balances,A,Annual,FC_TRA_E,Final consumption - transport sector - energy use,E7000,Electricity,GWH,Gigawatt-hour,EE,Estonia,1994,,160.000,,,,,
dataflow,ESTAT:NRG_BAL_C(1.0),Complete energy balances,A,Annual,FC_TRA_E,Final consumption - transport sector - energy use,E7000,Electricity,GWH,Gigawatt-hour,EE,Estonia,1995,,146.000,,,,,
dataflow,ESTAT:NRG_BAL_C(1.0),Complete energy balances,A,Annual,FC_TRA_E,Final consumption - transport sector - energy use,E7000,Electricity,GWH,Gigawatt-hour,EE,Estonia,1996,,155.000,,,,,
dataflow,ESTAT:NRG_BAL_C(1.0),Complete energy balances,A,Annual,FC_TRA_E,Final consumption - transport sector - energy use,E7000,Electricity,GWH,Gigawatt-hour,EE,Estonia,1997,,108.000,,,,,
dataflow,ESTAT:NRG_BAL_C(1.0),Complete energy balances,A,Annual,FC_TRA_E,Final consumption - transport sector - energy use,E7000,Electricity,GWH,Gigawatt-hour,EE,Estonia,1998,,108.000,,,,,
dataflow,ESTAT:NRG_BAL_C(1.0),Complete energy balances,A,Annual,FC_TRA_E,Final consumption - transport sector - energy use,E7000,Electricity,GWH,Gigawatt-hour,EE,Estonia,1999,,92.000,,,,,
dataflow,ESTAT:NRG_BAL_C(1.0),Complete energy balances,A,Annual,FC_TRA_E,Final consumption - transport sector - energy use,E7000,Electricity,GWH,Gigawatt-hour,EE,Estonia,2000,,91.000,,,,,
dataflow,ESTAT:NRG_BAL_C(1.0),Complete energy balances,A,Annual,FC_TRA_E,Final consumption - transport sector - energy use,E7000,Electricity,GWH,Gigawatt-hour,EE,Estonia,2001,,84.000,,,,,
dataflow,ESTAT:NRG_BAL_C(1.0),Complete energy balances,A,Annual,FC_TRA_E,Final consumption - transport sector - energy use,E7000,Electricity,GWH,Gigawatt-hour,EE,Estonia,2002,,97.000,,,,,
dataflow,ESTAT:NRG_BAL_C(1.0),Complete energy balances,A,Annual,FC_TRA_E,Final consumption - transport sector - energy use,E7000,Electricity,GWH,Gigawatt-hour,EE,Estonia,2003,,97.000,,,,,
dataflow,ESTAT:NRG_BAL_C(1.0),Complete energy balances,A,Annual,FC_TRA_E,Final consumption - transport sector - energy use,E7000,Electricity,GWH,Gigawatt-hour,EE,Estonia,2004,,79.000,,,,,
dataflow,ESTAT:NRG_BAL_C(1.0),Complete energy balances,A,Annual,FC_TRA_E,Final consumption - transport sector - energy use,E7000,Electricity,GWH,Gigawatt-hour,EE,Estonia,2005,,103.000,,,,,
dataflow,ESTAT:NRG_BAL_C(1.0),Complete energy balances,A,Annual,FC_TRA_E,Final consumption - transport sector - energy use,E7000,Electricity,GWH,Gigawatt-hour,EE,Estonia,2006,,83.000,,,,,
dataflow,ESTAT:NRG_BAL_C(1.0),Complete energy balances,A,Annual,FC_TRA_E,Final consumption - transport sector - energy use,E7000,Electricity,GWH,Gigawatt-hour,EE,Estonia,2007,,77.000,,,,,
dataflow,ESTAT:NRG_BAL_C(1.0),Complete energy balances,A,Annual,FC_TRA_E,Final consumption - transport sector - energy use,E7000,Electricity,GWH,Gigawatt-hour,EE,Estonia,2008,,80.000,,,,,
dataflow,ESTAT:NRG_BAL_C(1.0),Complete energy balances,A,Annual,FC_TRA_E,Final consumption - transport sector - energy use,E7000,Electricity,GWH,Gigawatt-hour,EE,Estonia,2009,,90.000,,,,,
dataflow,ESTAT:NRG_BAL_C(1.0),Complete energy balances,A,Annual,FC_TRA_E,Final consumption - transport sector - energy use,E7000,Electricity,GWH,Gigawatt-hour,EE,Estonia,2010,,89.000,,,,,
dataflow,ESTAT:NRG_BAL_C(1.0),Complete energy balances,A,Annual,FC_TRA_E,Final consumption - transport sector - energy use,E7000,Electricity,GWH,Gigawatt-hour,EE,Estonia,2011,,80.000,,,,,
dataflow,ESTAT:NRG_BAL_C(1.0),Complete energy balances,A,Annual,FC_TRA_E,Final consumption - transport sector - energy use,E7000,Electricity,GWH,Gigawatt-hour,EE,Estonia,2012,,79.000,,,,,
dataflow,ESTAT:NRG_BAL_C(1.0),Complete energy balances,A,Annual,FC_TRA_E,Final consumption - transport sector - energy use,E7000,Electricity,GWH,Gigawatt-hour,EE,Estonia,2013,,63.000,,,,,
dataflow,ESTAT:NRG_BAL_C(1.0),Complete energy balances,A,Annual,FC_TRA_E,Final consumption - transport sector - energy use,E7000,Electricity,GWH,Gigawatt-hour,EE,Estonia,2014,,50.000,,,,,
dataflow,ESTAT:NRG_BAL_C(1.0),Complete energy balances,A,Annual,FC_TRA_E,Final consumption - transport sector - energy use,E7000,Electricity,GWH,Gigawatt-hour,EE,Estonia,2015,,47.000,,,,,
dataflow,ESTAT:NRG_BAL_C(1.0),Complete energy balances,A,Annual,FC_TRA_E,Final consumption - transport sector - energy use,E7000,Electricity,GWH,Gigawatt-hour,EE,Estonia,2016,,48.000,,,,,
dataflow,ESTAT:NRG_BAL_C(1.0),Complete energy balances,A,Annual,FC_TRA_E,Final consumption - transport sector - energy use,E7000,Electricity,GWH,Gigawatt-hour,EE,Estonia,2017,,46.000,,,,,
dataflow,ESTAT:NRG_BAL_C(1.0),Complete energy balances,A,Annual,FC_TRA_E,Final consumption - transport sector - energy use,E7000,Electricity,GWH,Gigawatt-hour,EE,Estonia,2018,,43.000,,,,,
dataflow,ESTAT:NRG_BAL_C(1.0),Complete energy balances,A,Annual,FC_TRA_E,Final consumption - transport sector - energy use,E7000,Electricity,GWH,Gigawatt-hour,EE,Estonia,2019,,56.000,,,,,
dataflow,ESTAT:NRG_BAL_C(1.0),Complete energy balances,A,Annual,FC_TRA_E,Final consumption - transport sector - energy use,E7000,Electricity,GWH,Gigawatt-hour,EE,Estonia,2020,,67.880,,,,,
dataflow,ESTAT:NRG_BAL_C(1.0),Complete energy balances,A,Annual,FC_TRA_E,Final consumption - transport sector - energy use,E7000,Electricity,GWH,Gigawatt-hour,EE,Estonia,2021,,29.935,,,,,
dataflow,ESTAT:NRG_BAL_C(1.0),Complete energy balances,A,Annual,FC_TRA_E,Final consumption - transport sector - energy use,E7000,Electricity,GWH,Gigawatt-hour,EE,Estonia,2022,,32.452,,,,,
dataflow,ESTAT:NRG_BAL_C(1.0),Complete energy balances,A,Annual,FC_TRA_E,Final consumption - transport sector - energy use,E7000,Electricity,GWH,Gigawatt-hour,EE,Estonia,2023,,59.627,,,,,
dataflow,ESTAT:NRG_BAL_C(1.0),Complete energy balances,A,Annual,FC_TRA_E,Final consumption - transport sector - energy use,E7000,Electricity,GWH,Gigawatt-hour,EE,Estonia,2024,,66.186,,,,,
dataflow,ESTAT:NRG_BAL_C(1.0),Complete energy balances,A,Annual,FC_TRA_E,Final consumption - transport sector - energy use,E7000,Electricity,GWH,Gigawatt-hour,EL,Greece,1990,,125.000,,,,,
dataflow,ESTAT:NRG_BAL_C(1.0),Complete energy balances,A,Annual,FC_TRA_E,Final consumption - transport sector - energy use,E7000,Electricity,GWH,Gigawatt-hour,EL,Greece,1991,,123.000,,,,,
dataflow,ESTAT:NRG_BAL_C(1.0),Complete energy balances,A,Annual,FC_TRA_E,Final consumption - transport sector - energy use,E7000,Electricity,GWH,Gigawatt-hour,EL,Greece,1992,,130.000,,,,,
dataflow,ESTAT:NRG_BAL_C(1.0),Complete energy balances,A,Annual,FC_TRA_E,Final consumption - transport sector - energy use,E7000,Electricity,GWH,Gigawatt-hour,EL,Greece,1993,,125.000,,,,,
dataflow,ESTAT:NRG_BAL_C(1.0),Complete energy balances,A,Annual,FC_TRA_E,Final consumption - transport sector - energy use,E7000,Electricity,GWH,Gigawatt-hour,EL,Greece,1994,,138.000,,,,,
dataflow,ESTAT:NRG_BAL_C(1.0),Complete energy balances,A,Annual,FC_TRA_E,Final consumption - transport sector - energy use,E7000,Electricity,GWH,Gigawatt-hour,EL,Greece,1995,,149.000,,,,,
dataflow,ESTAT:NRG_BAL_C(1.0),Complete energy balances,A,Annual,FC_TRA_E,Final consumption - transport sector - energy use,E7000,Electricity,GWH,Gigawatt-hour,EL,Greece,1996,,159.000,,,,,
dataflow,ESTAT:NRG_BAL_C(1.0),Complete energy balances,A,Annual,FC_TRA_E,Final consumption - transport sector - energy use,E7000,Electricity,GWH,Gigawatt-hour,EL,Greece,1997,,167.000,,,,,
dataflow,ESTAT:NRG_BAL_C(1.0),Complete energy balances,A,Annual,FC_TRA_E,Final consumption - transport sector - energy use,E7000,Electricity,GWH,Gigawatt-hour,EL,Greece,1998,,180.000,,,,,
dataflow,ESTAT:NRG_BAL_C(1.0),Complete energy balances,A,Annual,FC_TRA_E,Final consumption - transport sector - energy use,E7000,Electricity,GWH,Gigawatt-hour,EL,Greece,1999,,197.000,,,,,
dataflow,ESTAT:NRG_BAL_C(1.0),Complete energy balances,A,Annual,FC_TRA_E,Final consumption - transport sector - energy use,E7000,Electricity,GWH,Gigawatt-hour,EL,Greece,2000,,227.000,,,,,
dataflow,ESTAT:NRG_BAL_C(1.0),Complete energy balances,A,Annual,FC_TRA_E,Final consumption - transport sector - energy use,E7000,Electricity,GWH,Gigawatt-hour,EL,Greece,2001,,214.000,,,,,
dataflow,ESTAT:NRG_BAL_C(1.0),Complete energy balances,A,Annual,FC_TRA_E,Final consumption - transport sector - energy use,E7000,Electricity,GWH,Gigawatt-hour,EL,Greece,2002,,222.000,,,,,
dataflow,ESTAT:NRG_BAL_C(1.0),Complete energy balances,A,Annual,FC_TRA_E,Final consumption - transport sector - energy use,E7000,Electricity,GWH,Gigawatt-hour,EL,Greece,2003,,237.000,,,,,
dataflow,ESTAT:NRG_BAL_C(1.0),Complete energy balances,A,Annual,FC_TRA_E,Final consumption - transport sector - energy use,E7000,Electricity,GWH,Gigawatt-hour,EL,Greece,2004,,238.000,,,,,
dataflow,ESTAT:NRG_BAL_C(1.0),Complete energy balances,A,Annual,FC_TRA_E,Final consumption - transport sector - energy use,E7000,Electricity,GWH,Gigawatt-hour,EL,Greece,2005,,199.000,,,,,
dataflow,ESTAT:NRG_BAL_C(1.0),Complete energy balances,A,Annual,FC_TRA_E,Final consumption - transport sector - energy use,E7000,Electricity,GWH,Gigawatt-hour,EL,Greece,2006,,217.000,,,,,
dataflow,ESTAT:NRG_BAL_C(1.0),Complete energy balances,A,Annual,FC_TRA_E,Final consumption - transport sector - energy use,E7000,Electricity,GWH,Gigawatt-hour,EL,Greece,2007,,251.000,,,,,
dataflow,ESTAT:NRG_BAL_C(1.0),Complete energy balances,A,Annual,FC_TRA_E,Final consumption - transport sector - energy use,E7000,Electricity,GWH,Gigawatt-hour,EL,Greece,2008,,239.000,,,,,
dataflow,ESTAT:NRG_BAL_C(1.0),Complete energy balances,A,Annual,FC_TRA_E,Final consumption - transport sector - energy use,E7000,Electricity,GWH,Gigawatt-hour,EL,Greece,2009,,232.000,,,,,
dataflow,ESTAT:NRG_BAL_C(1.0),Complete energy balances,A,Annual,FC_TRA_E,Final consumption - transport sector - energy use,E7000,Electricity,GWH,Gigawatt-hour,EL,Greece,2010,,183.000,,,,,
dataflow,ESTAT:NRG_BAL_C(1.0),Complete energy balances,A,Annual,FC_TRA_E,Final consumption - transport sector - energy use,E7000,Electricity,GWH,Gigawatt-hour,EL,Greece,2011,,184.000,,,,,
dataflow,ESTAT:NRG_BAL_C(1.0),Complete energy balances,A,Annual,FC_TRA_E,Final consumption - transport sector - energy use,E7000,Electricity,GWH,Gigawatt-hour,EL,Greece,2012,,189.000,,,,,
dataflow,ESTAT:NRG_BAL_C(1.0),Complete energy balances,A,Annual,FC_TRA_E,Final consumption - transport sector - energy use,E7000,Electricity,GWH,Gigawatt-hour,EL,Greece,2013,,267.000,,,,,
dataflow,ESTAT:NRG_BAL_C(1.0),Complete energy balances,A,Annual,FC_TRA_E,Final consumption - transport sector - energy use,E7000,Electricity,GWH,Gigawatt-hour,EL,Greece,2014,,343.000,,,,,
dataflow,ESTAT:NRG_BAL_C(1.0),Complete energy balances,A,Annual,FC_TRA_E,Final consumption - transport sector - energy use,E7000,Electricity,GWH,Gigawatt-hour,EL,Greece,2015,,388.000,,,,,
dataflow,ESTAT:NRG_BAL_C(1.0),Complete energy balances,A,Annual,FC_TRA_E,Final consumption - transport sector - energy use,E7000,Electricity,GWH,Gigawatt-hour,EL,Greece,2016,,186.000,,,,,
dataflow,ESTAT:NRG_BAL_C(1.0),Complete energy balances,A,Annual,FC_TRA_E,Final consumption - transport sector - energy use,E7000,Electricity,GWH,Gigawatt-hour,EL,Greece,2017,,188.097,,,,,
dataflow,ESTAT:NRG_BAL_C(1.0),Complete energy balances,A,Annual,FC_TRA_E,Final consumption - transport sector - energy use,E7000,Electricity,GWH,Gigawatt-hour,EL,Greece,2018,,202.200,,,,,
dataflow,ESTAT:NRG_BAL_C(1.0),Complete energy balances,A,Annual,FC_TRA_E,Final consumption - transport sector - energy use,E7000,Electricity,GWH,Gigawatt-hour,EL,Greece,2019,,202.784,,,,,
dataflow,ESTAT:NRG_BAL_C(1.0),Complete energy balances,A,Annual,FC_TRA_E,Final consumption - transport sector - energy use,E7000,Electricity,GWH,Gigawatt-hour,EL,Greece,2020,,174.485,,,,,
dataflow,ESTAT:NRG_BAL_C(1.0),Complete energy balances,A,Annual,FC_TRA_E,Final consumption - transport sector - energy use,E7000,Electricity,GWH,Gigawatt-hour,EL,Greece,2021,,194.714,,,,,
dataflow,ESTAT:NRG_BAL_C(1.0),Complete energy balances,A,Annual,FC_TRA_E,Final consumption - transport sector - energy use,E7000,Electricity,GWH,Gigawatt-hour,EL,Greece,2022,,221.122,,,,,
dataflow,ESTAT:NRG_BAL_C(1.0),Complete energy balances,A,Annual,FC_TRA_E,Final consumption - transport sector - energy use,E7000,Electricity,GWH,Gigawatt-hour,EL,Greece,2023,,196.571,,,,,
dataflow,ESTAT:NRG_BAL_C(1.0),Complete energy balances,A,Annual,FC_TRA_E,Final consumption - transport sector - energy use,E7000,Electricity,GWH,Gigawatt-hour,EL,Greece,2024,,214.600,,,,,
dataflow,ESTAT:NRG_BAL_C(1.0),Complete energy balances,A,Annual,FC_TRA_E,Final consumption - transport sector - energy use,E7000,Electricity,GWH,Gigawatt-hour,ES,Spain,1990,,3669.000,,,,,
dataflow,ESTAT:NRG_BAL_C(1.0),Complete energy balances,A,Annual,FC_TRA_E,Final consumption - transport sector - energy use,E7000,Electricity,GWH,Gigawatt-hour,ES,Spain,1991,,3752.000,,,,,
dataflow,ESTAT:NRG_BAL_C(1.0),Complete energy balances,A,Annual,FC_TRA_E,Final consumption - transport sector - energy use,E7000,Electricity,GWH,Gigawatt-hour,ES,Spain,1992,,4107.000,,,,,
dataflow,ESTAT:NRG_BAL_C(1.0),Complete energy balances,A,Annual,FC_TRA_E,Final consumption - transport sector - energy use,E7000,Electricity,GWH,Gigawatt-hour,ES,Spain,1993,,4197.000,,,,,
dataflow,ESTAT:NRG_BAL_C(1.0),Complete energy balances,A,Annual,FC_TRA_E,Final consumption - transport sector - energy use,E7000,Electricity,GWH,Gigawatt-hour,ES,Spain,1994,,4998.000,,,,,
dataflow,ESTAT:NRG_BAL_C(1.0),Complete energy balances,A,Annual,FC_TRA_E,Final consumption - transport sector - energy use,E7000,Electricity,GWH,Gigawatt-hour,ES,Spain,1995,,3937.000,,,,,
dataflow,ESTAT:NRG_BAL_C(1.0),Complete energy balances,A,Annual,FC_TRA_E,Final consumption - transport sector - energy use,E7000,Electricity,GWH,Gigawatt-hour,ES,Spain,1996,,3471.000,,,,,
dataflow,ESTAT:NRG_BAL_C(1.0),Complete energy balances,A,Annual,FC_TRA_E,Final consumption - transport sector - energy use,E7000,Electricity,GWH,Gigawatt-hour,ES,Spain,1997,,3604.000,,,,,
dataflow,ESTAT:NRG_BAL_C(1.0),Complete energy balances,A,Annual,FC_TRA_E,Final consumption - transport sector - energy use,E7000,Electricity,GWH,Gigawatt-hour,ES,Spain,1998,,3750.000,,,,,
dataflow,ESTAT:NRG_BAL_C(1.0),Complete energy balances,A,Annual,FC_TRA_E,Final consumption - transport sector - energy use,E7000,Electricity,GWH,Gigawatt-hour,ES,Spain,1999,,3566.000,,,,,
dataflow,ESTAT:NRG_BAL_C(1.0),Complete energy balances,A,Annual,FC_TRA_E,Final consumption - transport sector - energy use,E7000,Electricity,GWH,Gigawatt-hour,ES,Spain,2000,,4163.000,,,,,
dataflow,ESTAT:NRG_BAL_C(1.0),Complete energy balances,A,Annual,FC_TRA_E,Final consumption - transport sector - energy use,E7000,Electricity,GWH,Gigawatt-hour,ES,Spain,2001,,4558.000,,,,,
dataflow,ESTAT:NRG_BAL_C(1.0),Complete energy balances,A,Annual,FC_TRA_E,Final consumption - transport sector - energy use,E7000,Electricity,GWH,Gigawatt-hour,ES,Spain,2002,,4794.000,,,,,
dataflow,ESTAT:NRG_BAL_C(1.0),Complete energy balances,A,Annual,FC_TRA_E,Final consumption - transport sector - energy use,E7000,Electricity,GWH,Gigawatt-hour,ES,Spain,2003,,5124.000,,,,,
dataflow,ESTAT:NRG_BAL_C(1.0),Complete energy balances,A,Annual,FC_TRA_E,Final consumption - transport sector - energy use,E7000,Electricity,GWH,Gigawatt-hour,ES,Spain,2004,,5235.000,,,,,
dataflow,ESTAT:NRG_BAL_C(1.0),Complete energy balances,A,Annual,FC_TRA_E,Final consumption - transport sector - energy use,E7000,Electricity,GWH,Gigawatt-hour,ES,Spain,2005,,5363.000,,,,,
dataflow,ESTAT:NRG_BAL_C(1.0),Complete energy balances,A,Annual,FC_TRA_E,Final consumption - transport sector - energy use,E7000,Electricity,GWH,Gigawatt-hour,ES,Spain,2006,,3789.000,,,,,
dataflow,ESTAT:NRG_BAL_C(1.0),Complete energy balances,A,Annual,FC_TRA_E,Final consumption - transport sector - energy use,E7000,Electricity,GWH,Gigawatt-hour,ES,Spain,2007,,2765.000,,,,,
dataflow,ESTAT:NRG_BAL_C(1.0),Complete energy balances,A,Annual,FC_TRA_E,Final consumption - transport sector - energy use,E7000,Electricity,GWH,Gigawatt-hour,ES,Spain,2008,,3120.000,,,,,
dataflow,ESTAT:NRG_BAL_C(1.0),Complete energy balances,A,Annual,FC_TRA_E,Final consumption - transport sector - energy use,E7000,Electricity,GWH,Gigawatt-hour,ES,Spain,2009,,2985.000,,,,,
dataflow,ESTAT:NRG_BAL_C(1.0),Complete energy balances,A,Annual,FC_TRA_E,Final consumption - transport sector - energy use,E7000,Electricity,GWH,Gigawatt-hour,ES,Spain,2010,,3222.000,,,,,
dataflow,ESTAT:NRG_BAL_C(1.0),Complete energy balances,A,Annual,FC_TRA_E,Final consumption - transport sector - energy use,E7000,Electricity,GWH,Gigawatt-hour,ES,Spain,2011,,3990.000,,,,,
dataflow,ESTAT:NRG_BAL_C(1.0),Complete energy balances,A,Annual,FC_TRA_E,Final consumption - transport sector - energy use,E7000,Electricity,GWH,Gigawatt-hour,ES,Spain,2012,,3915.000,,,,,
dataflow,ESTAT:NRG_BAL_C(1.0),Complete energy balances,A,Annual,FC_TRA_E,Final consumption - transport sector - energy use,E7000,Electricity,GWH,Gigawatt-hour,ES,Spain,2013,,3819.000,,,,,
dataflow,ESTAT:NRG_BAL_C(1.0),Complete energy balances,A,Annual,FC_TRA_E,Final consumption - transport sector - energy use,E7000,Electricity,GWH,Gigawatt-hour,ES,Spain,2014,,3906.000,,,,,
dataflow,ESTAT:NRG_BAL_C(1.0),Complete energy balances,A,Annual,FC_TRA_E,Final consumption - transport sector - energy use,E7000,Electricity,GWH,Gigawatt-hour,ES,Spain,2015,,3978.000,,,,,
dataflow,ESTAT:NRG_BAL_C(1.0),Complete energy balances,A,Annual,FC_TRA_E,Final consumption - transport sector - energy use,E7000,Electricity,GWH,Gigawatt-hour,ES,Spain,2016,,3902.000,,,,,
dataflow,ESTAT:NRG_BAL_C(1.0),Complete energy balances,A,Annual,FC_TRA_E,Final consumption - transport sector - energy use,E7000,Electricity,GWH,Gigawatt-hour,ES,Spain,2017,,3987.000,,,,,
dataflow,ESTAT:NRG_BAL_C(1.0),Complete energy balances,A,Annual,FC_TRA_E,Final consumption - transport sector - energy use,E7000,Electricity,GWH,Gigawatt-hour,ES,Spain,2018,,4046.000,,,,,
dataflow,ESTAT:NRG_BAL_C(1.0),Complete energy balances,A,Annual,FC_TRA_E,Final consumption - transport sector - energy use,E7000,Electricity,GWH,Gigawatt-hour,ES,Spain,2019,,3937.000,,,,,
dataflow,ESTAT:NRG_BAL_C(1.0),Complete energy balances,A,Annual,FC_TRA_E,Final consumption - transport sector - energy use,E7000,Electricity,GWH,Gigawatt-hour,ES,Spain,2020,,3335.000,,,,,
dataflow,ESTAT:NRG_BAL_C(1.0),Complete energy balances,A,Annual,FC_TRA_E,Final consumption - transport sector - energy use,E7000,Electricity,GWH,Gigawatt-hour,ES,Spain,2021,,3662.000,,,,,
dataflow,ESTAT:NRG_BAL_C(1.0),Complete energy balances,A,Annual,FC_TRA_E,Final consumption - transport sector - energy use,E7000,Electricity,GWH,Gigawatt-hour,ES,Spain,2022,,3980.000,,,,,
dataflow,ESTAT:NRG_BAL_C(1.0),Complete energy balances,A,Annual,FC_TRA_E,Final consumption - transport sector - energy use,E7000,Electricity,GWH,Gigawatt-hour,ES,Spain,2023,,4314.660,,,,,
dataflow,ESTAT:NRG_BAL_C(1.0),Complete energy balances,A,Annual,FC_TRA_E,Final consumption - transport sector - energy use,E7000,Electricity,GWH,Gigawatt-hour,ES,Spain,2024,,4692.386,,,,,
dataflow,ESTAT:NRG_BAL_C(1.0),Complete energy balances,A,Annual,FC_TRA_E,Final consumption - transport sector - energy use,E7000,Electricity,GWH,Gigawatt-hour,EU27_2020,European Union - 27 countries (from 2020),1990,,56774.000,,,,,
dataflow,ESTAT:NRG_BAL_C(1.0),Complete energy balances,A,Annual,FC_TRA_E,Final consumption - transport sector - energy use,E7000,Electricity,GWH,Gigawatt-hour,EU27_2020,European Union - 27 countries (from 2020),1991,,57125.000,,,,,
dataflow,ESTAT:NRG_BAL_C(1.0),Complete energy balances,A,Annual,FC_TRA_E,Final consumption - transport sector - energy use,E7000,Electricity,GWH,Gigawatt-hour,EU27_2020,European Union - 27 countries (from 2020),1992,,57572.000,,,,,
dataflow,ESTAT:NRG_BAL_C(1.0),Complete energy balances,A,Annual,FC_TRA_E,Final consumption - transport sector - energy use,E7000,Electricity,GWH,Gigawatt-hour,EU27_2020,European Union - 27 countries (from 2020),1993,,56627.000,,,,,
dataflow,ESTAT:NRG_BAL_C(1.0),Complete energy balances,A,Annual,FC_TRA_E,Final consumption - transport sector - energy use,E7000,Electricity,GWH,Gigawatt-hour,EU27_2020,European Union - 27 countries (from 2020),1994,,58362.000,,,,,
dataflow,ESTAT:NRG_BAL_C(1.0),Complete energy balances,A,Annual,FC_TRA_E,Final consumption - transport sector - energy use,E7000,Electricity,GWH,Gigawatt-hour,EU27_2020,European Union - 27 countries (from 2020),1995,,58939.000,,,,,
dataflow,ESTAT:NRG_BAL_C(1.0),Complete energy balances,A,Annual,FC_TRA_E,Final consumption - transport sector - energy use,E7000,Electricity,GWH,Gigawatt-hour,EU27_2020,European Union - 27 countries (from 2020),1996,,60421.000,,,,,
dataflow,ESTAT:NRG_BAL_C(1.0),Complete energy balances,A,Annual,FC_TRA_E,Final consumption - transport sector - energy use,E7000,Electricity,GWH,Gigawatt-hour,EU27_2020,European Union - 27 countries (from 2020),1997,,60372.000,,,,,
dataflow,ESTAT:NRG_BAL_C(1.0),Complete energy balances,A,Annual,FC_TRA_E,Final consumption - transport sector - energy use,E7000,Electricity,GWH,Gigawatt-hour,EU27_2020,European Union - 27 countries (from 2020),1998,,60010.000,,,,,
dataflow,ESTAT:NRG_BAL_C(1.0),Complete energy balances,A,Annual,FC_TRA_E,Final consumption - transport sector - energy use,E7000,Electricity,GWH,Gigawatt-hour,EU27_2020,European Union - 27 countries (from 2020),1999,,59246.000,,,,,
dataflow,ESTAT:NRG_BAL_C(1.0),Complete energy balances,A,Annual,FC_TRA_E,Final consumption - transport sector - energy use,E7000,Electricity,GWH,Gigawatt-hour,EU27_2020,European Union - 27 countries (from 2020),2000,,61437.705,,,,,
dataflow,ESTAT:NRG_BAL_C(1.0),Complete energy balances,A,Annual,FC_TRA_E,Final consumption - transport sector - energy use,E7000,Electricity,GWH,Gigawatt-hour,EU27_2020,European Union - 27 countries (from 2020),2001,,61622.379,,,,,
dataflow,ESTAT:NRG_BAL_C(1.0),Complete energy balances,A,Annual,FC_TRA_E,Final consumption - transport sector - energy use,E7000,Electricity,GWH,Gigawatt-hour,EU27_2020,European Union - 27 countries (from 2020),2002,,62201.248,,,,,
dataflow,ESTAT:NRG_BAL_C(1.0),Complete energy balances,A,Annual,FC_TRA_E,Final consumption - transport sector - energy use,E7000,Electricity,GWH,Gigawatt-hour,EU27_2020,European Union - 27 countries (from 2020),2003,,60341.237,,,,,
dataflow,ESTAT:NRG_BAL_C(1.0),Complete energy balances,A,Annual,FC_TRA_E,Final consumption - transport sector - energy use,E7000,Electricity,GWH,Gigawatt-hour,EU27_2020,European Union - 27 countries (from 2020),2004,,60158.446,,,,,
dataflow,ESTAT:NRG_BAL_C(1.0),Complete energy balances,A,Annual,FC_TRA_E,Final consumption - transport sector - energy use,E7000,Electricity,GWH,Gigawatt-hour,EU27_2020,European Union - 27 countries (from 2020),2005,,60035.220,,,,,
dataflow,ESTAT:NRG_BAL_C(1.0),Complete energy balances,A,Annual,FC_TRA_E,Final consumption - transport sector - energy use,E7000,Electricity,GWH,Gigawatt-hour,EU27_2020,European Union - 27 countries (from 2020),2006,,58107.530,,,,,
dataflow,ESTAT:NRG_BAL_C(1.0),Complete energy balances,A,Annual,FC_TRA_E,Final consumption - transport sector - energy use,E7000,Electricity,GWH,Gigawatt-hour,EU27_2020,European Union - 27 countries (from 2020),2007,,57091.496,,,,,
dataflow,ESTAT:NRG_BAL_C(1.0),Complete energy balances,A,Annual,FC_TRA_E,Final consumption - transport sector - energy use,E7000,Electricity,GWH,Gigawatt-hour,EU27_2020,European Union - 27 countries (from 2020),2008,,56426.290,,,,,
dataflow,ESTAT:NRG_BAL_C(1.0),Complete energy balances,A,Annual,FC_TRA_E,Final consumption - transport sector - energy use,E7000,Electricity,GWH,Gigawatt-hour,EU27_2020,European Union - 27 countries (from 2020),2009,,55426.259,,,,,
dataflow,ESTAT:NRG_BAL_C(1.0),Complete energy balances,A,Annual,FC_TRA_E,Final consumption - transport sector - energy use,E7000,Electricity,GWH,Gigawatt-hour,EU27_2020,European Union - 27 countries (from 2020),2010,,56192.713,,,,,
dataflow,ESTAT:NRG_BAL_C(1.0),Complete energy balances,A,Annual,FC_TRA_E,Final consumption - transport sector - energy use,E7000,Electricity,GWH,Gigawatt-hour,EU27_2020,European Union - 27 countries (from 2020),2011,,57594.483,,,,,
dataflow,ESTAT:NRG_BAL_C(1.0),Complete energy balances,A,Annual,FC_TRA_E,Final consumption - transport sector - energy use,E7000,Electricity,GWH,Gigawatt-hour,EU27_2020,European Union - 27 countries (from 2020),2012,,57028.983,,,,,
dataflow,ESTAT:NRG_BAL_C(1.0),Complete energy balances,A,Annual,FC_TRA_E,Final consumption - transport sector - energy use,E7000,Electricity,GWH,Gigawatt-hour,EU27_2020,European Union - 27 countries (from 2020),2013,,57148.124,,,,,
dataflow,ESTAT:NRG_BAL_C(1.0),Complete energy balances,A,Annual,FC_TRA_E,Final consumption - transport sector - energy use,E7000,Electricity,GWH,Gigawatt-hour,EU27_2020,European Union - 27 countries (from 2020),2014,,55576.139,,,,,
dataflow,ESTAT:NRG_BAL_C(1.0),Complete energy balances,A,Annual,FC_TRA_E,Final consumption - transport sector - energy use,E7000,Electricity,GWH,Gigawatt-hour,EU27_2020,European Union - 27 countries (from 2020),2015,,56343.043,,,,,
dataflow,ESTAT:NRG_BAL_C(1.0),Complete energy balances,A,Annual,FC_TRA_E,Final consumption - transport sector - energy use,E7000,Electricity,GWH,Gigawatt-hour,EU27_2020,European Union - 27 countries (from 2020),2016,,57452.272,,,,,
dataflow,ESTAT:NRG_BAL_C(1.0),Complete energy balances,A,Annual,FC_TRA_E,Final consumption - transport sector - energy use,E7000,Electricity,GWH,Gigawatt-hour,EU27_2020,European Union - 27 countries (from 2020),2017,,58440.879,,,,,
dataflow,ESTAT:NRG_BAL_C(1.0),Complete energy balances,A,Annual,FC_TRA_E,Final consumption - transport sector - energy use,E7000,Electricity,GWH,Gigawatt-hour,EU27_2020,European Union - 27 countries (from 2020),2018,,58889.651,,,,,
dataflow,ESTAT:NRG_BAL_C(1.0),Complete energy balances,A,Annual,FC_TRA_E,Final consumption - transport sector - energy use,E7000,Electricity,GWH,Gigawatt-hour,EU27_2020,European Union - 27 countries (from 2020),2019,,58687.772,,,,,
dataflow,ESTAT:NRG_BAL_C(1.0),Complete energy balances,A,Annual,FC_TRA_E,Final consumption - transport sector - energy use,E7000,Electricity,GWH,Gigawatt-hour,EU27_2020,European Union - 27 countries (from 2020),2020,,53881.348,,,,,
dataflow,ESTAT:NRG_BAL_C(1.0),Complete energy balances,A,Annual,FC_TRA_E,Final consumption - transport sector - energy use,E7000,Electricity,GWH,Gigawatt-hour,EU27_2020,European Union - 27 countries (from 2020),2021,,57944.030,,,,,
dataflow,ESTAT:NRG_BAL_C(1.0),Complete energy balances,A,Annual,FC_TRA_E,Final consumption - transport sector - energy use,E7000,Electricity,GWH,Gigawatt-hour,EU27_2020,European Union - 27 countries (from 2020),2022,,65290.942,,,,,
dataflow,ESTAT:NRG_BAL_C(1.0),Complete energy balances,A,Annual,FC_TRA_E,Final consumption - transport sector - energy use,E7000,Electricity,GWH,Gigawatt-hour,EU27_2020,European Union - 27 countries (from 2020),2023,,70124.686,,,,,
dataflow,ESTAT:NRG_BAL_C(1.0),Complete energy balances,A,Annual,FC_TRA_E,Final consumption - transport sector - energy use,E7000,Electricity,GWH,Gigawatt-hour,EU27_2020,European Union - 27 countries (from 2020),2024,,75763.302,,,,,
dataflow,ESTAT:NRG_BAL_C(1.0),Complete energy balances,A,Annual,FC_TRA_E,Final consumption - transport sector - energy use,E7000,Electricity,GWH,Gigawatt-hour,FI,Finland,1990,,425.000,,,,,
dataflow,ESTAT:NRG_BAL_C(1.0),Complete energy balances,A,Annual,FC_TRA_E,Final consumption - transport sector - energy use,E7000,Electricity,GWH,Gigawatt-hour,FI,Finland,1991,,425.000,,,,,
dataflow,ESTAT:NRG_BAL_C(1.0),Complete energy balances,A,Annual,FC_TRA_E,Final consumption - transport sector - energy use,E7000,Electricity,GWH,Gigawatt-hour,FI,Finland,1992,,435.000,,,,,
dataflow,ESTAT:NRG_BAL_C(1.0),Complete energy balances,A,Annual,FC_TRA_E,Final consumption - transport sector - energy use,E7000,Electricity,GWH,Gigawatt-hour,FI,Finland,1993,,450.000,,,,,
dataflow,ESTAT:NRG_BAL_C(1.0),Complete energy balances,A,Annual,FC_TRA_E,Final consumption - transport sector - energy use,E7000,Electricity,GWH,Gigawatt-hour,FI,Finland,1994,,480.000,,,,,
dataflow,ESTAT:NRG_BAL_C(1.0),Complete energy balances,A,Annual,FC_TRA_E,Final consumption - transport sector - energy use,E7000,Electricity,GWH,Gigawatt-hour,FI,Finland,1995,,465.000,,,,,
dataflow,ESTAT:NRG_BAL_C(1.0),Complete energy balances,A,Annual,FC_TRA_E,Final consumption - transport sector - energy use,E7000,Electricity,GWH,Gigawatt-hour,FI,Finland,1996,,470.000,,,,,
dataflow,ESTAT:NRG_BAL_C(1.0),Complete energy balances,A,Annual,FC_TRA_E,Final consumption - transport sector - energy use,E7000,Electricity,GWH,Gigawatt-hour,FI,Finland,1997,,495.000,,,,,
dataflow,ESTAT:NRG_BAL_C(1.0),Complete energy balances,A,Annual,FC_TRA_E,Final consumption - transport sector - energy use,E7000,Electricity,GWH,Gigawatt-hour,FI,Finland,1998,,515.000,,,,,
dataflow,ESTAT:NRG_BAL_C(1.0),Complete energy balances,A,Annual,FC_TRA_E,Final consumption - transport sector - energy use,E7000,Electricity,GWH,Gigawatt-hour,FI,Finland,1999,,520.000,,,,,
dataflow,ESTAT:NRG_BAL_C(1.0),Complete energy balances,A,Annual,FC_TRA_E,Final consumption - transport sector - energy use,E7000,Electricity,GWH,Gigawatt-hour,FI,Finland,2000,,538.000,,,,,
dataflow,ESTAT:NRG_BAL_C(1.0),Complete energy balances,A,Annual,FC_TRA_E,Final consumption - transport sector - energy use,E7000,Electricity,GWH,Gigawatt-hour,FI,Finland,2001,,565.000,,,,,
dataflow,ESTAT:NRG_BAL_C(1.0),Complete energy balances,A,Annual,FC_TRA_E,Final consumption - transport sector - energy use,E7000,Electricity,GWH,Gigawatt-hour,FI,Finland,2002,,593.000,,,,,
dataflow,ESTAT:NRG_BAL_C(1.0),Complete energy balances,A,Annual,FC_TRA_E,Final consumption - transport sector - energy use,E7000,Electricity,GWH,Gigawatt-hour,FI,Finland,2003,,627.000,,,,,
dataflow,ESTAT:NRG_BAL_C(1.0),Complete energy balances,A,Annual,FC_TRA_E,Final consumption - transport sector - energy use,E7000,Electricity,GWH,Gigawatt-hour,FI,Finland,2004,,630.000,,,,,
dataflow,ESTAT:NRG_BAL_C(1.0),Complete energy balances,A,Annual,FC_TRA_E,Final consumption - transport sector - energy use,E7000,Electricity,GWH,Gigawatt-hour,FI,Finland,2005,,648.000,,,,,
dataflow,ESTAT:NRG_BAL_C(1.0),Complete energy balances,A,Annual,FC_TRA_E,Final consumption - transport sector - energy use,E7000,Electricity,GWH,Gigawatt-hour,FI,Finland,2006,,675.000,,,,,
dataflow,ESTAT:NRG_BAL_C(1.0),Complete energy balances,A,Annual,FC_TRA_E,Final consumption - transport sector - energy use,E7000,Electricity,GWH,Gigawatt-hour,FI,Finland,2007,,724.000,,,,,
dataflow,ESTAT:NRG_BAL_C(1.0),Complete energy balances,A,Annual,FC_TRA_E,Final consumption - transport sector - energy use,E7000,Electricity,GWH,Gigawatt-hour,FI,Finland,2008,,734.000,,,,,
dataflow,ESTAT:NRG_BAL_C(1.0),Complete energy balances,A,Annual,FC_TRA_E,Final consumption - transport sector - energy use,E7000,Electricity,GWH,Gigawatt-hour,FI,Finland,2009,,716.000,,,,,
dataflow,ESTAT:NRG_BAL_C(1.0),Complete energy balances,A,Annual,FC_TRA_E,Final consumption - transport sector - energy use,E7000,Electricity,GWH,Gigawatt-hour,FI,Finland,2010,,740.000,,,,,
dataflow,ESTAT:NRG_BAL_C(1.0),Complete energy balances,A,Annual,FC_TRA_E,Final consumption - transport sector - energy use,E7000,Electricity,GWH,Gigawatt-hour,FI,Finland,2011,,730.000,,,,,
dataflow,ESTAT:NRG_BAL_C(1.0),Complete energy balances,A,Annual,FC_TRA_E,Final consumption - transport sector - energy use,E7000,Electricity,GWH,Gigawatt-hour,FI,Finland,2012,,737.000,,,,,
dataflow,ESTAT:NRG_BAL_C(1.0),Complete energy balances,A,Annual,FC_TRA_E,Final consumption - transport sector - energy use,E7000,Electricity,GWH,Gigawatt-hour,FI,Finland,2013,,734.000,,,,,
dataflow,ESTAT:NRG_BAL_C(1.0),Complete energy balances,A,Annual,FC_TRA_E,Final consumption - transport sector - energy use,E7000,Electricity,GWH,Gigawatt-hour,FI,Finland,2014,,724.000,,,,,
dataflow,ESTAT:NRG_BAL_C(1.0),Complete energy balances,A,Annual,FC_TRA_E,Final consumption - transport sector - energy use,E7000,Electricity,GWH,Gigawatt-hour,FI,Finland,2015,,706.000,,,,,
dataflow,ESTAT:NRG_BAL_C(1.0),Complete energy balances,A,Annual,FC_TRA_E,Final consumption - transport sector - energy use,E7000,Electricity,GWH,Gigawatt-hour,FI,Finland,2016,,708.000,,,,,
dataflow,ESTAT:NRG_BAL_C(1.0),Complete energy balances,A,Annual,FC_TRA_E,Final consumption - transport sector - energy use,E7000,Electricity,GWH,Gigawatt-hour,FI,Finland,2017,,775.000,,,,,
dataflow,ESTAT:NRG_BAL_C(1.0),Complete energy balances,A,Annual,FC_TRA_E,Final consumption - transport sector - energy use,E7000,Electricity,GWH,Gigawatt-hour,FI,Finland,2018,,843.000,,,,,
dataflow,ESTAT:NRG_BAL_C(1.0),Complete energy balances,A,Annual,FC_TRA_E,Final consumption - transport sector - energy use,E7000,Electricity,GWH,Gigawatt-hour,FI,Finland,2019,,859.000,,,,,
dataflow,ESTAT:NRG_BAL_C(1.0),Complete energy balances,A,Annual,FC_TRA_E,Final consumption - transport sector - energy use,E7000,Electricity,GWH,Gigawatt-hour,FI,Finland,2020,,816.000,,,,,
dataflow,ESTAT:NRG_BAL_C(1.0),Complete energy balances,A,Annual,FC_TRA_E,Final consumption - transport sector - energy use,E7000,Electricity,GWH,Gigawatt-hour,FI,Finland,2021,,927.000,,,,,
dataflow,ESTAT:NRG_BAL_C(1.0),Complete energy balances,A,Annual,FC_TRA_E,Final consumption - transport sector - energy use,E7000,Electricity,GWH,Gigawatt-hour,FI,Finland,2022,,1004.000,,,,,
dataflow,ESTAT:NRG_BAL_C(1.0),Complete energy balances,A,Annual,FC_TRA_E,Final consumption - transport sector - energy use,E7000,Electricity,GWH,Gigawatt-hour,FI,Finland,2023,,1224.000,,,,,
dataflow,ESTAT:NRG_BAL_C(1.0),Complete energy balances,A,Annual,FC_TRA_E,Final consumption - transport sector - energy use,E7000,Electricity,GWH,Gigawatt-hour,FI,Finland,2024,,1466.000,,,,,
dataflow,ESTAT:NRG_BAL_C(1.0),Complete energy balances,A,Annual,FC_TRA_E,Final consumption - transport sector - energy use,E7000,Electricity,GWH,Gigawatt-hour,FR,France,1990,,7473.000,,,,,
dataflow,ESTAT:NRG_BAL_C(1.0),Complete energy balances,A,Annual,FC_TRA_E,Final consumption - transport sector - energy use,E7000,Electricity,GWH,Gigawatt-hour,FR,France,1991,,7475.000,,,,,
dataflow,ESTAT:NRG_BAL_C(1.0),Complete energy balances,A,Annual,FC_TRA_E,Final consumption - transport sector - energy use,E7000,Electricity,GWH,Gigawatt-hour,FR,France,1992,,7625.000,,,,,
dataflow,ESTAT:NRG_BAL_C(1.0),Complete energy balances,A,Annual,FC_TRA_E,Final consumption - transport sector - energy use,E7000,Electricity,GWH,Gigawatt-hour,FR,France,1993,,7490.000,,,,,
dataflow,ESTAT:NRG_BAL_C(1.0),Complete energy balances,A,Annual,FC_TRA_E,Final consumption - transport sector - energy use,E7000,Electricity,GWH,Gigawatt-hour,FR,France,1994,,7791.000,,,,,
dataflow,ESTAT:NRG_BAL_C(1.0),Complete energy balances,A,Annual,FC_TRA_E,Final consumption - transport sector - energy use,E7000,Electricity,GWH,Gigawatt-hour,FR,France,1995,,7734.000,,,,,
dataflow,ESTAT:NRG_BAL_C(1.0),Complete energy balances,A,Annual,FC_TRA_E,Final consumption - transport sector - energy use,E7000,Electricity,GWH,Gigawatt-hour,FR,France,1996,,8563.000,,,,,
dataflow,ESTAT:NRG_BAL_C(1.0),Complete energy balances,A,Annual,FC_TRA_E,Final consumption - transport sector - energy use,E7000,Electricity,GWH,Gigawatt-hour,FR,France,1997,,8754.000,,,,,
dataflow,ESTAT:NRG_BAL_C(1.0),Complete energy balances,A,Annual,FC_TRA_E,Final consumption - transport sector - energy use,E7000,Electricity,GWH,Gigawatt-hour,FR,France,1998,,8969.000,,,,,
dataflow,ESTAT:NRG_BAL_C(1.0),Complete energy balances,A,Annual,FC_TRA_E,Final consumption - transport sector - energy use,E7000,Electricity,GWH,Gigawatt-hour,FR,France,1999,,9102.000,,,,,
dataflow,ESTAT:NRG_BAL_C(1.0),Complete energy balances,A,Annual,FC_TRA_E,Final consumption - transport sector - energy use,E7000,Electricity,GWH,Gigawatt-hour,FR,France,2000,,9380.000,,,,,
dataflow,ESTAT:NRG_BAL_C(1.0),Complete energy balances,A,Annual,FC_TRA_E,Final consumption - transport sector - energy use,E7000,Electricity,GWH,Gigawatt-hour,FR,France,2001,,9547.000,,,,,
dataflow,ESTAT:NRG_BAL_C(1.0),Complete energy balances,A,Annual,FC_TRA_E,Final consumption - transport sector - energy use,E7000,Electricity,GWH,Gigawatt-hour,FR,France,2002,,9668.000,,,,,
dataflow,ESTAT:NRG_BAL_C(1.0),Complete energy balances,A,Annual,FC_TRA_E,Final consumption - transport sector - energy use,E7000,Electricity,GWH,Gigawatt-hour,FR,France,2003,,9787.000,,,,,
dataflow,ESTAT:NRG_BAL_C(1.0),Complete energy balances,A,Annual,FC_TRA_E,Final consumption - transport sector - energy use,E7000,Electricity,GWH,Gigawatt-hour,FR,France,2004,,10024.000,,,,,
dataflow,ESTAT:NRG_BAL_C(1.0),Complete energy balances,A,Annual,FC_TRA_E,Final consumption - transport sector - energy use,E7000,Electricity,GWH,Gigawatt-hour,FR,France,2005,,9861.000,,,,,
dataflow,ESTAT:NRG_BAL_C(1.0),Complete energy balances,A,Annual,FC_TRA_E,Final consumption - transport sector - energy use,E7000,Electricity,GWH,Gigawatt-hour,FR,France,2006,,9982.000,,,,,
dataflow,ESTAT:NRG_BAL_C(1.0),Complete energy balances,A,Annual,FC_TRA_E,Final consumption - transport sector - energy use,E7000,Electricity,GWH,Gigawatt-hour,FR,France,2007,,10028.000,,,,,
dataflow,ESTAT:NRG_BAL_C(1.0),Complete energy balances,A,Annual,FC_TRA_E,Final consumption - transport sector - energy use,E7000,Electricity,GWH,Gigawatt-hour,FR,France,2008,,10420.000,,,,,
dataflow,ESTAT:NRG_BAL_C(1.0),Complete energy balances,A,Annual,FC_TRA_E,Final consumption - transport sector - energy use,E7000,Electricity,GWH,Gigawatt-hour,FR,France,2009,,10079.000,,,,,
dataflow,ESTAT:NRG_BAL_C(1.0),Complete energy balances,A,Annual,FC_TRA_E,Final consumption - transport sector - energy use,E7000,Electricity,GWH,Gigawatt-hour,FR,France,2010,,10037.000,,,,,
dataflow,ESTAT:NRG_BAL_C(1.0),Complete energy balances,A,Annual,FC_TRA_E,Final consumption - transport sector - energy use,E7000,Electricity,GWH,Gigawatt-hour,FR,France,2011,,10527.757,,,,,
dataflow,ESTAT:NRG_BAL_C(1.0),Complete energy balances,A,Annual,FC_TRA_E,Final consumption - transport sector - energy use,E7000,Electricity,GWH,Gigawatt-hour,FR,France,2012,,10713.790,,,,,
dataflow,ESTAT:NRG_BAL_C(1.0),Complete energy balances,A,Annual,FC_TRA_E,Final consumption - transport sector - energy use,E7000,Electricity,GWH,Gigawatt-hour,FR,France,2013,,10832.804,,,,,
dataflow,ESTAT:NRG_BAL_C(1.0),Complete energy balances,A,Annual,FC_TRA_E,Final consumption - transport sector - energy use,E7000,Electricity,GWH,Gigawatt-hour,FR,France,2014,,10545.144,,,,,
dataflow,ESTAT:NRG_BAL_C(1.0),Complete energy balances,A,Annual,FC_TRA_E,Final consumption - transport sector - energy use,E7000,Electricity,GWH,Gigawatt-hour,FR,France,2015,,10701.378,,,,,
dataflow,ESTAT:NRG_BAL_C(1.0),Complete energy balances,A,Annual,FC_TRA_E,Final consumption - transport sector - energy use,E7000,Electricity,GWH,Gigawatt-hour,FR,France,2016,,10520.408,,,,,
dataflow,ESTAT:NRG_BAL_C(1.0),Complete energy balances,A,Annual,FC_TRA_E,Final consumption - transport sector - energy use,E7000,Electricity,GWH,Gigawatt-hour,FR,France,2017,,10579.510,,,,,
dataflow,ESTAT:NRG_BAL_C(1.0),Complete energy balances,A,Annual,FC_TRA_E,Final consumption - transport sector - energy use,E7000,Electricity,GWH,Gigawatt-hour,FR,France,2018,,10089.521,,,,,
dataflow,ESTAT:NRG_BAL_C(1.0),Complete energy balances,A,Annual,FC_TRA_E,Final consumption - transport sector - energy use,E7000,Electricity,GWH,Gigawatt-hour,FR,France,2019,,10081.128,,,,,
dataflow,ESTAT:NRG_BAL_C(1.0),Complete energy balances,A,Annual,FC_TRA_E,Final consumption - transport sector - energy use,E7000,Electricity,GWH,Gigawatt-hour,FR,France,2020,,8338.397,,,,,
dataflow,ESTAT:NRG_BAL_C(1.0),Complete energy balances,A,Annual,FC_TRA_E,Final consumption - transport sector - energy use,E7000,Electricity,GWH,Gigawatt-hour,FR,France,2021,,9653.010,,,,,
dataflow,ESTAT:NRG_BAL_C(1.0),Complete energy balances,A,Annual,FC_TRA_E,Final consumption - transport sector - energy use,E7000,Electricity,GWH,Gigawatt-hour,FR,France,2022,,10970.508,,,,,
dataflow,ESTAT:NRG_BAL_C(1.0),Complete energy balances,A,Annual,FC_TRA_E,Final consumption - transport sector - energy use,E7000,Electricity,GWH,Gigawatt-hour,FR,France,2023,,11424.957,,,,,
dataflow,ESTAT:NRG_BAL_C(1.0),Complete energy balances,A,Annual,FC_TRA_E,Final consumption - transport sector - energy use,E7000,Electricity,GWH,Gigawatt-hour,FR,France,2024,,12754.523,,,,,
dataflow,ESTAT:NRG_BAL_C(1.0),Complete energy balances,A,Annual,FC_TRA_E,Final consumption - transport sector - energy use,E7000,Electricity,GWH,Gigawatt-hour,GE,Georgia,2013,,282.000,,,,,
dataflow,ESTAT:NRG_BAL_C(1.0),Complete energy balances,A,Annual,FC_TRA_E,Final consumption - transport sector - energy use,E7000,Electricity,GWH,Gigawatt-hour,GE,Georgia,2014,,267.000,,,,,
dataflow,ESTAT:NRG_BAL_C(1.0),Complete energy balances,A,Annual,FC_TRA_E,Final consumption - transport sector - energy use,E7000,Electricity,GWH,Gigawatt-hour,GE,Georgia,2015,,294.000,,,,,
dataflow,ESTAT:NRG_BAL_C(1.0),Complete energy balances,A,Annual,FC_TRA_E,Final consumption - transport sector - energy use,E7000,Electricity,GWH,Gigawatt-hour,GE,Georgia,2016,,300.000,,,,,
dataflow,ESTAT:NRG_BAL_C(1.0),Complete energy balances,A,Annual,FC_TRA_E,Final consumption - transport sector - energy use,E7000,Electricity,GWH,Gigawatt-hour,GE,Georgia,2017,,336.500,,,,,
dataflow,ESTAT:NRG_BAL_C(1.0),Complete energy balances,A,Annual,FC_TRA_E,Final consumption - transport sector - energy use,E7000,Electricity,GWH,Gigawatt-hour,GE,Georgia,2018,,365.500,,,,,
dataflow,ESTAT:NRG_BAL_C(1.0),Complete energy balances,A,Annual,FC_TRA_E,Final consumption - transport sector - energy use,E7000,Electricity,GWH,Gigawatt-hour,GE,Georgia,2019,,418.900,,,,,
dataflow,ESTAT:NRG_BAL_C(1.0),Complete energy balances,A,Annual,FC_TRA_E,Final consumption - transport sector - energy use,E7000,Electricity,GWH,Gigawatt-hour,GE,Georgia,2020,,236.700,,,,,
dataflow,ESTAT:NRG_BAL_C(1.0),Complete energy balances,A,Annual,FC_TRA_E,Final consumption - transport sector - energy use,E7000,Electricity,GWH,Gigawatt-hour,GE,Georgia,2021,,222.800,,,,,
dataflow,ESTAT:NRG_BAL_C(1.0),Complete energy balances,A,Annual,FC_TRA_E,Final consumption - transport sector - energy use,E7000,Electricity,GWH,Gigawatt-hour,GE,Georgia,2022,,234.400,,,,,
dataflow,ESTAT:NRG_BAL_C(1.0),Complete energy balances,A,Annual,FC_TRA_E,Final consumption - transport sector - energy use,E7000,Electricity,GWH,Gigawatt-hour,GE,Georgia,2023,,224.549,,,,,
dataflow,ESTAT:NRG_BAL_C(1.0),Complete energy balances,A,Annual,FC_TRA_E,Final consumption - transport sector - energy use,E7000,Electricity,GWH,Gigawatt-hour,GE,Georgia,2024,,245.630,,,,,
dataflow,ESTAT:NRG_BAL_C(1.0),Complete energy balances,A,Annual,FC_TRA_E,Final consumption - transport sector - energy use,E7000,Electricity,GWH,Gigawatt-hour,HR,Croatia,1990,,369.000,,,,,
dataflow,ESTAT:NRG_BAL_C(1.0),Complete energy balances,A,Annual,FC_TRA_E,Final consumption - transport sector - energy use,E7000,Electricity,GWH,Gigawatt-hour,HR,Croatia,1991,,329.000,,,,,
dataflow,ESTAT:NRG_BAL_C(1.0),Complete energy balances,A,Annual,FC_TRA_E,Final consumption - transport sector - energy use,E7000,Electricity,GWH,Gigawatt-hour,HR,Croatia,1992,,219.000,,,,,
dataflow,ESTAT:NRG_BAL_C(1.0),Complete energy balances,A,Annual,FC_TRA_E,Final consumption - transport sector - energy use,E7000,Electricity,GWH,Gigawatt-hour,HR,Croatia,1993,,196.000,,,,,
dataflow,ESTAT:NRG_BAL_C(1.0),Complete energy balances,A,Annual,FC_TRA_E,Final consumption - transport sector - energy use,E7000,Electricity,GWH,Gigawatt-hour,HR,Croatia,1994,,147.000,,,,,
dataflow,ESTAT:NRG_BAL_C(1.0),Complete energy balances,A,Annual,FC_TRA_E,Final consumption - transport sector - energy use,E7000,Electricity,GWH,Gigawatt-hour,HR,Croatia,1995,,152.000,,,,,
dataflow,ESTAT:NRG_BAL_C(1.0),Complete energy balances,A,Annual,FC_TRA_E,Final consumption - transport sector - energy use,E7000,Electricity,GWH,Gigawatt-hour,HR,Croatia,1996,,154.000,,,,,
dataflow,ESTAT:NRG_BAL_C(1.0),Complete energy balances,A,Annual,FC_TRA_E,Final consumption - transport sector - energy use,E7000,Electricity,GWH,Gigawatt-hour,HR,Croatia,1997,,158.000,,,,,
dataflow,ESTAT:NRG_BAL_C(1.0),Complete energy balances,A,Annual,FC_TRA_E,Final consumption - transport sector - energy use,E7000,Electricity,GWH,Gigawatt-hour,HR,Croatia,1998,,225.000,,,,,
dataflow,ESTAT:NRG_BAL_C(1.0),Complete energy balances,A,Annual,FC_TRA_E,Final consumption - transport sector - energy use,E7000,Electricity,GWH,Gigawatt-hour,HR,Croatia,1999,,208.000,,,,,
dataflow,ESTAT:NRG_BAL_C(1.0),Complete energy balances,A,Annual,FC_TRA_E,Final consumption - transport sector - energy use,E7000,Electricity,GWH,Gigawatt-hour,HR,Croatia,2000,,244.000,,,,,
dataflow,ESTAT:NRG_BAL_C(1.0),Complete energy balances,A,Annual,FC_TRA_E,Final consumption - transport sector - energy use,E7000,Electricity,GWH,Gigawatt-hour,HR,Croatia,2001,,228.000,,,,,
dataflow,ESTAT:NRG_BAL_C(1.0),Complete energy balances,A,Annual,FC_TRA_E,Final consumption - transport sector - energy use,E7000,Electricity,GWH,Gigawatt-hour,HR,Croatia,2002,,244.000,,,,,
dataflow,ESTAT:NRG_BAL_C(1.0),Complete energy balances,A,Annual,FC_TRA_E,Final consumption - transport sector - energy use,E7000,Electricity,GWH,Gigawatt-hour,HR,Croatia,2003,,248.000,,,,,
dataflow,ESTAT:NRG_BAL_C(1.0),Complete energy balances,A,Annual,FC_TRA_E,Final consumption - transport sector - energy use,E7000,Electricity,GWH,Gigawatt-hour,HR,Croatia,2004,,242.000,,,,,
dataflow,ESTAT:NRG_BAL_C(1.0),Complete energy balances,A,Annual,FC_TRA_E,Final consumption - transport sector - energy use,E7000,Electricity,GWH,Gigawatt-hour,HR,Croatia,2005,,261.000,,,,,
dataflow,ESTAT:NRG_BAL_C(1.0),Complete energy balances,A,Annual,FC_TRA_E,Final consumption - transport sector - energy use,E7000,Electricity,GWH,Gigawatt-hour,HR,Croatia,2006,,266.000,,,,,
dataflow,ESTAT:NRG_BAL_C(1.0),Complete energy balances,A,Annual,FC_TRA_E,Final consumption - transport sector - energy use,E7000,Electricity,GWH,Gigawatt-hour,HR,Croatia,2007,,277.000,,,,,
dataflow,ESTAT:NRG_BAL_C(1.0),Complete energy balances,A,Annual,FC_TRA_E,Final consumption - transport sector - energy use,E7000,Electricity,GWH,Gigawatt-hour,HR,Croatia,2008,,276.000,,,,,
dataflow,ESTAT:NRG_BAL_C(1.0),Complete energy balances,A,Annual,FC_TRA_E,Final consumption - transport sector - energy use,E7000,Electricity,GWH,Gigawatt-hour,HR,Croatia,2009,,267.000,,,,,
dataflow,ESTAT:NRG_BAL_C(1.0),Complete energy balances,A,Annual,FC_TRA_E,Final consumption - transport sector - energy use,E7000,Electricity,GWH,Gigawatt-hour,HR,Croatia,2010,,267.000,,,,,
dataflow,ESTAT:NRG_BAL_C(1.0),Complete energy balances,A,Annual,FC_TRA_E,Final consumption - transport sector - energy use,E7000,Electricity,GWH,Gigawatt-hour,HR,Croatia,2011,,261.000,,,,,
dataflow,ESTAT:NRG_BAL_C(1.0),Complete energy balances,A,Annual,FC_TRA_E,Final consumption - transport sector - energy use,E7000,Electricity,GWH,Gigawatt-hour,HR,Croatia,2012,,249.000,,,,,
dataflow,ESTAT:NRG_BAL_C(1.0),Complete energy balances,A,Annual,FC_TRA_E,Final consumption - transport sector - energy use,E7000,Electricity,GWH,Gigawatt-hour,HR,Croatia,2013,,238.000,,,,,
dataflow,ESTAT:NRG_BAL_C(1.0),Complete energy balances,A,Annual,FC_TRA_E,Final consumption - transport sector - energy use,E7000,Electricity,GWH,Gigawatt-hour,HR,Croatia,2014,,231.000,,,,,
dataflow,ESTAT:NRG_BAL_C(1.0),Complete energy balances,A,Annual,FC_TRA_E,Final consumption - transport sector - energy use,E7000,Electricity,GWH,Gigawatt-hour,HR,Croatia,2015,,245.000,,,,,
dataflow,ESTAT:NRG_BAL_C(1.0),Complete energy balances,A,Annual,FC_TRA_E,Final consumption - transport sector - energy use,E7000,Electricity,GWH,Gigawatt-hour,HR,Croatia,2016,,251.000,,,,,
dataflow,ESTAT:NRG_BAL_C(1.0),Complete energy balances,A,Annual,FC_TRA_E,Final consumption - transport sector - energy use,E7000,Electricity,GWH,Gigawatt-hour,HR,Croatia,2017,,267.400,,,,,
dataflow,ESTAT:NRG_BAL_C(1.0),Complete energy balances,A,Annual,FC_TRA_E,Final consumption - transport sector - energy use,E7000,Electricity,GWH,Gigawatt-hour,HR,Croatia,2018,,282.000,,,,,
dataflow,ESTAT:NRG_BAL_C(1.0),Complete energy balances,A,Annual,FC_TRA_E,Final consumption - transport sector - energy use,E7000,Electricity,GWH,Gigawatt-hour,HR,Croatia,2019,,272.900,,,,,
dataflow,ESTAT:NRG_BAL_C(1.0),Complete energy balances,A,Annual,FC_TRA_E,Final consumption - transport sector - energy use,E7000,Electricity,GWH,Gigawatt-hour,HR,Croatia,2020,,262.000,,,,,
dataflow,ESTAT:NRG_BAL_C(1.0),Complete energy balances,A,Annual,FC_TRA_E,Final consumption - transport sector - energy use,E7000,Electricity,GWH,Gigawatt-hour,HR,Croatia,2021,,284.500,,,,,
dataflow,ESTAT:NRG_BAL_C(1.0),Complete energy balances,A,Annual,FC_TRA_E,Final consumption - transport sector - energy use,E7000,Electricity,GWH,Gigawatt-hour,HR,Croatia,2022,,288.600,,,,,
dataflow,ESTAT:NRG_BAL_C(1.0),Complete energy balances,A,Annual,FC_TRA_E,Final consumption - transport sector - energy use,E7000,Electricity,GWH,Gigawatt-hour,HR,Croatia,2023,,293.000,,,,,
dataflow,ESTAT:NRG_BAL_C(1.0),Complete energy balances,A,Annual,FC_TRA_E,Final consumption - transport sector - energy use,E7000,Electricity,GWH,Gigawatt-hour,HR,Croatia,2024,,292.600,,,,,
dataflow,ESTAT:NRG_BAL_C(1.0),Complete energy balances,A,Annual,FC_TRA_E,Final consumption - transport sector - energy use,E7000,Electricity,GWH,Gigawatt-hour,HU,Hungary,1990,,1186.000,,,,,
dataflow,ESTAT:NRG_BAL_C(1.0),Complete energy balances,A,Annual,FC_TRA_E,Final consumption - transport sector - energy use,E7000,Electricity,GWH,Gigawatt-hour,HU,Hungary,1991,,1100.000,,,,,
dataflow,ESTAT:NRG_BAL_C(1.0),Complete energy balances,A,Annual,FC_TRA_E,Final consumption - transport sector - energy use,E7000,Electricity,GWH,Gigawatt-hour,HU,Hungary,1992,,1064.000,,,,,
dataflow,ESTAT:NRG_BAL_C(1.0),Complete energy balances,A,Annual,FC_TRA_E,Final consumption - transport sector - energy use,E7000,Electricity,GWH,Gigawatt-hour,HU,Hungary,1993,,1023.000,,,,,
dataflow,ESTAT:NRG_BAL_C(1.0),Complete energy balances,A,Annual,FC_TRA_E,Final consumption - transport sector - energy use,E7000,Electricity,GWH,Gigawatt-hour,HU,Hungary,1994,,1001.000,,,,,
dataflow,ESTAT:NRG_BAL_C(1.0),Complete energy balances,A,Annual,FC_TRA_E,Final consumption - transport sector - energy use,E7000,Electricity,GWH,Gigawatt-hour,HU,Hungary,1995,,1025.000,,,,,
dataflow,ESTAT:NRG_BAL_C(1.0),Complete energy balances,A,Annual,FC_TRA_E,Final consumption - transport sector - energy use,E7000,Electricity,GWH,Gigawatt-hour,HU,Hungary,1996,,1034.000,,,,,
dataflow,ESTAT:NRG_BAL_C(1.0),Complete energy balances,A,Annual,FC_TRA_E,Final consumption - transport sector - energy use,E7000,Electricity,GWH,Gigawatt-hour,HU,Hungary,1997,,1027.000,,,,,
dataflow,ESTAT:NRG_BAL_C(1.0),Complete energy balances,A,Annual,FC_TRA_E,Final consumption - transport sector - energy use,E7000,Electricity,GWH,Gigawatt-hour,HU,Hungary,1998,,943.000,,,,,
dataflow,ESTAT:NRG_BAL_C(1.0),Complete energy balances,A,Annual,FC_TRA_E,Final consumption - transport sector - energy use,E7000,Electricity,GWH,Gigawatt-hour,HU,Hungary,1999,,995.000,,,,,
dataflow,ESTAT:NRG_BAL_C(1.0),Complete energy balances,A,Annual,FC_TRA_E,Final consumption - transport sector - energy use,E7000,Electricity,GWH,Gigawatt-hour,HU,Hungary,2000,,1015.000,,,,,
dataflow,ESTAT:NRG_BAL_C(1.0),Complete energy balances,A,Annual,FC_TRA_E,Final consumption - transport sector - energy use,E7000,Electricity,GWH,Gigawatt-hour,HU,Hungary,2001,,1031.000,,,,,
dataflow,ESTAT:NRG_BAL_C(1.0),Complete energy balances,A,Annual,FC_TRA_E,Final consumption - transport sector - energy use,E7000,Electricity,GWH,Gigawatt-hour,HU,Hungary,2002,,1015.000,,,,,
dataflow,ESTAT:NRG_BAL_C(1.0),Complete energy balances,A,Annual,FC_TRA_E,Final consumption - transport sector - energy use,E7000,Electricity,GWH,Gigawatt-hour,HU,Hungary,2003,,1045.000,,,,,
dataflow,ESTAT:NRG_BAL_C(1.0),Complete energy balances,A,Annual,FC_TRA_E,Final consumption - transport sector - energy use,E7000,Electricity,GWH,Gigawatt-hour,HU,Hungary,2004,,1093.000,,,,,
dataflow,ESTAT:NRG_BAL_C(1.0),Complete energy balances,A,Annual,FC_TRA_E,Final consumption - transport sector - energy use,E7000,Electricity,GWH,Gigawatt-hour,HU,Hungary,2005,,1096.000,,,,,
dataflow,ESTAT:NRG_BAL_C(1.0),Complete energy balances,A,Annual,FC_TRA_E,Final consumption - transport sector - energy use,E7000,Electricity,GWH,Gigawatt-hour,HU,Hungary,2006,,1199.000,,,,,
dataflow,ESTAT:NRG_BAL_C(1.0),Complete energy balances,A,Annual,FC_TRA_E,Final consumption - transport sector - energy use,E7000,Electricity,GWH,Gigawatt-hour,HU,Hungary,2007,,1222.000,,,,,
dataflow,ESTAT:NRG_BAL_C(1.0),Complete energy balances,A,Annual,FC_TRA_E,Final consumption - transport sector - energy use,E7000,Electricity,GWH,Gigawatt-hour,HU,Hungary,2008,,1194.000,,,,,
dataflow,ESTAT:NRG_BAL_C(1.0),Complete energy balances,A,Annual,FC_TRA_E,Final consumption - transport sector - energy use,E7000,Electricity,GWH,Gigawatt-hour,HU,Hungary,2009,,1201.000,,,,,
dataflow,ESTAT:NRG_BAL_C(1.0),Complete energy balances,A,Annual,FC_TRA_E,Final consumption - transport sector - energy use,E7000,Electricity,GWH,Gigawatt-hour,HU,Hungary,2010,,1106.000,,,,,
dataflow,ESTAT:NRG_BAL_C(1.0),Complete energy balances,A,Annual,FC_TRA_E,Final consumption - transport sector - energy use,E7000,Electricity,GWH,Gigawatt-hour,HU,Hungary,2011,,1117.000,,,,,
dataflow,ESTAT:NRG_BAL_C(1.0),Complete energy balances,A,Annual,FC_TRA_E,Final consumption - transport sector - energy use,E7000,Electricity,GWH,Gigawatt-hour,HU,Hungary,2012,,983.000,,,,,
dataflow,ESTAT:NRG_BAL_C(1.0),Complete energy balances,A,Annual,FC_TRA_E,Final consumption - transport sector - energy use,E7000,Electricity,GWH,Gigawatt-hour,HU,Hungary,2013,,1227.000,,,,,
dataflow,ESTAT:NRG_BAL_C(1.0),Complete energy balances,A,Annual,FC_TRA_E,Final consumption - transport sector - energy use,E7000,Electricity,GWH,Gigawatt-hour,HU,Hungary,2014,,1156.000,,,,,
dataflow,ESTAT:NRG_BAL_C(1.0),Complete energy balances,A,Annual,FC_TRA_E,Final consumption - transport sector - energy use,E7000,Electricity,GWH,Gigawatt-hour,HU,Hungary,2015,,1171.000,,,,,
dataflow,ESTAT:NRG_BAL_C(1.0),Complete energy balances,A,Annual,FC_TRA_E,Final consumption - transport sector - energy use,E7000,Electricity,GWH,Gigawatt-hour,HU,Hungary,2016,,1177.000,,,,,
dataflow,ESTAT:NRG_BAL_C(1.0),Complete energy balances,A,Annual,FC_TRA_E,Final consumption - transport sector - energy use,E7000,Electricity,GWH,Gigawatt-hour,HU,Hungary,2017,,1208.000,,,,,
dataflow,ESTAT:NRG_BAL_C(1.0),Complete energy balances,A,Annual,FC_TRA_E,Final consumption - transport sector - energy use,E7000,Electricity,GWH,Gigawatt-hour,HU,Hungary,2018,,1207.000,,,,,
dataflow,ESTAT:NRG_BAL_C(1.0),Complete energy balances,A,Annual,FC_TRA_E,Final consumption - transport sector - energy use,E7000,Electricity,GWH,Gigawatt-hour,HU,Hungary,2019,,1200.000,,,,,
dataflow,ESTAT:NRG_BAL_C(1.0),Complete energy balances,A,Annual,FC_TRA_E,Final consumption - transport sector - energy use,E7000,Electricity,GWH,Gigawatt-hour,HU,Hungary,2020,,1214.000,,,,,
dataflow,ESTAT:NRG_BAL_C(1.0),Complete energy balances,A,Annual,FC_TRA_E,Final consumption - transport sector - energy use,E7000,Electricity,GWH,Gigawatt-hour,HU,Hungary,2021,,1245.000,,,,,
dataflow,ESTAT:NRG_BAL_C(1.0),Complete energy balances,A,Annual,FC_TRA_E,Final consumption - transport sector - energy use,E7000,Electricity,GWH,Gigawatt-hour,HU,Hungary,2022,,1307.000,,,,,
dataflow,ESTAT:NRG_BAL_C(1.0),Complete energy balances,A,Annual,FC_TRA_E,Final consumption - transport sector - energy use,E7000,Electricity,GWH,Gigawatt-hour,HU,Hungary,2023,,1308.000,,,,,
dataflow,ESTAT:NRG_BAL_C(1.0),Complete energy balances,A,Annual,FC_TRA_E,Final consumption - transport sector - energy use,E7000,Electricity,GWH,Gigawatt-hour,HU,Hungary,2024,,1408.000,,,,,
dataflow,ESTAT:NRG_BAL_C(1.0),Complete energy balances,A,Annual,FC_TRA_E,Final consumption - transport sector - energy use,E7000,Electricity,GWH,Gigawatt-hour,IE,Ireland,1990,,16.000,,,,,
dataflow,ESTAT:NRG_BAL_C(1.0),Complete energy balances,A,Annual,FC_TRA_E,Final consumption - transport sector - energy use,E7000,Electricity,GWH,Gigawatt-hour,IE,Ireland,1991,,17.000,,,,,
dataflow,ESTAT:NRG_BAL_C(1.0),Complete energy balances,A,Annual,FC_TRA_E,Final consumption - transport sector - energy use,E7000,Electricity,GWH,Gigawatt-hour,IE,Ireland,1992,,17.000,,,,,
dataflow,ESTAT:NRG_BAL_C(1.0),Complete energy balances,A,Annual,FC_TRA_E,Final consumption - transport sector - energy use,E7000,Electricity,GWH,Gigawatt-hour,IE,Ireland,1993,,18.000,,,,,
dataflow,ESTAT:NRG_BAL_C(1.0),Complete energy balances,A,Annual,FC_TRA_E,Final consumption - transport sector - energy use,E7000,Electricity,GWH,Gigawatt-hour,IE,Ireland,1994,,18.000,,,,,
dataflow,ESTAT:NRG_BAL_C(1.0),Complete energy balances,A,Annual,FC_TRA_E,Final consumption - transport sector - energy use,E7000,Electricity,GWH,Gigawatt-hour,IE,Ireland,1995,,18.000,,,,,
dataflow,ESTAT:NRG_BAL_C(1.0),Complete energy balances,A,Annual,FC_TRA_E,Final consumption - transport sector - energy use,E7000,Electricity,GWH,Gigawatt-hour,IE,Ireland,1996,,19.000,,,,,
dataflow,ESTAT:NRG_BAL_C(1.0),Complete energy balances,A,Annual,FC_TRA_E,Final consumption - transport sector - energy use,E7000,Electricity,GWH,Gigawatt-hour,IE,Ireland,1997,,23.000,,,,,
dataflow,ESTAT:NRG_BAL_C(1.0),Complete energy balances,A,Annual,FC_TRA_E,Final consumption - transport sector - energy use,E7000,Electricity,GWH,Gigawatt-hour,IE,Ireland,1998,,24.000,,,,,
dataflow,ESTAT:NRG_BAL_C(1.0),Complete energy balances,A,Annual,FC_TRA_E,Final consumption - transport sector - energy use,E7000,Electricity,GWH,Gigawatt-hour,IE,Ireland,1999,,25.000,,,,,
dataflow,ESTAT:NRG_BAL_C(1.0),Complete energy balances,A,Annual,FC_TRA_E,Final consumption - transport sector - energy use,E7000,Electricity,GWH,Gigawatt-hour,IE,Ireland,2000,,26.000,,,,,
dataflow,ESTAT:NRG_BAL_C(1.0),Complete energy balances,A,Annual,FC_TRA_E,Final consumption - transport sector - energy use,E7000,Electricity,GWH,Gigawatt-hour,IE,Ireland,2001,,26.000,,,,,
dataflow,ESTAT:NRG_BAL_C(1.0),Complete energy balances,A,Annual,FC_TRA_E,Final consumption - transport sector - energy use,E7000,Electricity,GWH,Gigawatt-hour,IE,Ireland,2002,,23.000,,,,,
dataflow,ESTAT:NRG_BAL_C(1.0),Complete energy balances,A,Annual,FC_TRA_E,Final consumption - transport sector - energy use,E7000,Electricity,GWH,Gigawatt-hour,IE,Ireland,2003,,23.000,,,,,
dataflow,ESTAT:NRG_BAL_C(1.0),Complete energy balances,A,Annual,FC_TRA_E,Final consumption - transport sector - energy use,E7000,Electricity,GWH,Gigawatt-hour,IE,Ireland,2004,,50.500,,,,,
dataflow,ESTAT:NRG_BAL_C(1.0),Complete energy balances,A,Annual,FC_TRA_E,Final consumption - transport sector - energy use,E7000,Electricity,GWH,Gigawatt-hour,IE,Ireland,2005,,58.900,,,,,
dataflow,ESTAT:NRG_BAL_C(1.0),Complete energy balances,A,Annual,FC_TRA_E,Final consumption - transport sector - energy use,E7000,Electricity,GWH,Gigawatt-hour,IE,Ireland,2006,,56.609,,,,,
dataflow,ESTAT:NRG_BAL_C(1.0),Complete energy balances,A,Annual,FC_TRA_E,Final consumption - transport sector - energy use,E7000,Electricity,GWH,Gigawatt-hour,IE,Ireland,2007,,50.988,,,,,
dataflow,ESTAT:NRG_BAL_C(1.0),Complete energy balances,A,Annual,FC_TRA_E,Final consumption - transport sector - energy use,E7000,Electricity,GWH,Gigawatt-hour,IE,Ireland,2008,,54.088,,,,,
dataflow,ESTAT:NRG_BAL_C(1.0),Complete energy balances,A,Annual,FC_TRA_E,Final consumption - transport sector - energy use,E7000,Electricity,GWH,Gigawatt-hour,IE,Ireland,2009,,44.812,,,,,
dataflow,ESTAT:NRG_BAL_C(1.0),Complete energy balances,A,Annual,FC_TRA_E,Final consumption - transport sector - energy use,E7000,Electricity,GWH,Gigawatt-hour,IE,Ireland,2010,,45.562,,,,,
dataflow,ESTAT:NRG_BAL_C(1.0),Complete energy balances,A,Annual,FC_TRA_E,Final consumption - transport sector - energy use,E7000,Electricity,GWH,Gigawatt-hour,IE,Ireland,2011,,45.580,,,,,
dataflow,ESTAT:NRG_BAL_C(1.0),Complete energy balances,A,Annual,FC_TRA_E,Final consumption - transport sector - energy use,E7000,Electricity,GWH,Gigawatt-hour,IE,Ireland,2012,,45.469,,,,,
dataflow,ESTAT:NRG_BAL_C(1.0),Complete energy balances,A,Annual,FC_TRA_E,Final consumption - transport sector - energy use,E7000,Electricity,GWH,Gigawatt-hour,IE,Ireland,2013,,42.461,,,,,
dataflow,ESTAT:NRG_BAL_C(1.0),Complete energy balances,A,Annual,FC_TRA_E,Final consumption - transport sector - energy use,E7000,Electricity,GWH,Gigawatt-hour,IE,Ireland,2014,,40.346,,,,,
dataflow,ESTAT:NRG_BAL_C(1.0),Complete energy balances,A,Annual,FC_TRA_E,Final consumption - transport sector - energy use,E7000,Electricity,GWH,Gigawatt-hour,IE,Ireland,2015,,44.050,,,,,
dataflow,ESTAT:NRG_BAL_C(1.0),Complete energy balances,A,Annual,FC_TRA_E,Final consumption - transport sector - energy use,E7000,Electricity,GWH,Gigawatt-hour,IE,Ireland,2016,,49.664,,,,,
dataflow,ESTAT:NRG_BAL_C(1.0),Complete energy balances,A,Annual,FC_TRA_E,Final consumption - transport sector - energy use,E7000,Electricity,GWH,Gigawatt-hour,IE,Ireland,2017,,54.077,,,,,
dataflow,ESTAT:NRG_BAL_C(1.0),Complete energy balances,A,Annual,FC_TRA_E,Final consumption - transport sector - energy use,E7000,Electricity,GWH,Gigawatt-hour,IE,Ireland,2018,,66.250,,,,,
dataflow,ESTAT:NRG_BAL_C(1.0),Complete energy balances,A,Annual,FC_TRA_E,Final consumption - transport sector - energy use,E7000,Electricity,GWH,Gigawatt-hour,IE,Ireland,2019,,86.363,,,,,
dataflow,ESTAT:NRG_BAL_C(1.0),Complete energy balances,A,Annual,FC_TRA_E,Final consumption - transport sector - energy use,E7000,Electricity,GWH,Gigawatt-hour,IE,Ireland,2020,,95.890,,,,,
dataflow,ESTAT:NRG_BAL_C(1.0),Complete energy balances,A,Annual,FC_TRA_E,Final consumption - transport sector - energy use,E7000,Electricity,GWH,Gigawatt-hour,IE,Ireland,2021,,147.875,,,,,
dataflow,ESTAT:NRG_BAL_C(1.0),Complete energy balances,A,Annual,FC_TRA_E,Final consumption - transport sector - energy use,E7000,Electricity,GWH,Gigawatt-hour,IE,Ireland,2022,,221.639,,,,,
dataflow,ESTAT:NRG_BAL_C(1.0),Complete energy balances,A,Annual,FC_TRA_E,Final consumption - transport sector - energy use,E7000,Electricity,GWH,Gigawatt-hour,IE,Ireland,2023,,330.582,,,,,
dataflow,ESTAT:NRG_BAL_C(1.0),Complete energy balances,A,Annual,FC_TRA_E,Final consumption - transport sector - energy use,E7000,Electricity,GWH,Gigawatt-hour,IE,Ireland,2024,,428.111,,,,,
dataflow,ESTAT:NRG_BAL_C(1.0),Complete energy balances,A,Annual,FC_TRA_E,Final consumption - transport sector - energy use,E7000,Electricity,GWH,Gigawatt-hour,IS,Iceland,1990,,0.000,,,,,
dataflow,ESTAT:NRG_BAL_C(1.0),Complete energy balances,A,Annual,FC_TRA_E,Final consumption - transport sector - energy use,E7000,Electricity,GWH,Gigawatt-hour,IS,Iceland,1991,,0.000,,,,,
dataflow,ESTAT:NRG_BAL_C(1.0),Complete energy balances,A,Annual,FC_TRA_E,Final consumption - transport sector - energy use,E7000,Electricity,GWH,Gigawatt-hour,IS,Iceland,1992,,0.000,,,,,
dataflow,ESTAT:NRG_BAL_C(1.0),Complete energy balances,A,Annual,FC_TRA_E,Final consumption - transport sector - energy use,E7000,Electricity,GWH,Gigawatt-hour,IS,Iceland,1993,,0.000,,,,,
dataflow,ESTAT:NRG_BAL_C(1.0),Complete energy balances,A,Annual,FC_TRA_E,Final consumption - transport sector - energy use,E7000,Electricity,GWH,Gigawatt-hour,IS,Iceland,1994,,0.000,,,,,
dataflow,ESTAT:NRG_BAL_C(1.0),Complete energy balances,A,Annual,FC_TRA_E,Final consumption - transport sector - energy use,E7000,Electricity,GWH,Gigawatt-hour,IS,Iceland,1995,,0.000,,,,,
dataflow,ESTAT:NRG_BAL_C(1.0),Complete energy balances,A,Annual,FC_TRA_E,Final consumption - transport sector - energy use,E7000,Electricity,GWH,Gigawatt-hour,IS,Iceland,1996,,0.000,,,,,
dataflow,ESTAT:NRG_BAL_C(1.0),Complete energy balances,A,Annual,FC_TRA_E,Final consumption - transport sector - energy use,E7000,Electricity,GWH,Gigawatt-hour,IS,Iceland,1997,,0.000,,,,,
dataflow,ESTAT:NRG_BAL_C(1.0),Complete energy balances,A,Annual,FC_TRA_E,Final consumption - transport sector - energy use,E7000,Electricity,GWH,Gigawatt-hour,IS,Iceland,1998,,0.000,,,,,
dataflow,ESTAT:NRG_BAL_C(1.0),Complete energy balances,A,Annual,FC_TRA_E,Final consumption - transport sector - energy use,E7000,Electricity,GWH,Gigawatt-hour,IS,Iceland,1999,,0.000,,,,,
dataflow,ESTAT:NRG_BAL_C(1.0),Complete energy balances,A,Annual,FC_TRA_E,Final consumption - transport sector - energy use,E7000,Electricity,GWH,Gigawatt-hour,IS,Iceland,2000,,0.000,,,,,
dataflow,ESTAT:NRG_BAL_C(1.0),Complete energy balances,A,Annual,FC_TRA_E,Final consumption - transport sector - energy use,E7000,Electricity,GWH,Gigawatt-hour,IS,Iceland,2001,,0.000,,,,,
dataflow,ESTAT:NRG_BAL_C(1.0),Complete energy balances,A,Annual,FC_TRA_E,Final consumption - transport sector - energy use,E7000,Electricity,GWH,Gigawatt-hour,IS,Iceland,2002,,0.000,,,,,
dataflow,ESTAT:NRG_BAL_C(1.0),Complete energy balances,A,Annual,FC_TRA_E,Final consumption - transport sector - energy use,E7000,Electricity,GWH,Gigawatt-hour,IS,Iceland,2003,,0.000,,,,,
dataflow,ESTAT:NRG_BAL_C(1.0),Complete energy balances,A,Annual,FC_TRA_E,Final consumption - transport sector - energy use,E7000,Electricity,GWH,Gigawatt-hour,IS,Iceland,2004,,0.000,,,,,
dataflow,ESTAT:NRG_BAL_C(1.0),Complete energy balances,A,Annual,FC_TRA_E,Final consumption - transport sector - energy use,E7000,Electricity,GWH,Gigawatt-hour,IS,Iceland,2005,,0.000,,,,,
dataflow,ESTAT:NRG_BAL_C(1.0),Complete energy balances,A,Annual,FC_TRA_E,Final consumption - transport sector - energy use,E7000,Electricity,GWH,Gigawatt-hour,IS,Iceland,2006,,0.000,,,,,
dataflow,ESTAT:NRG_BAL_C(1.0),Complete energy balances,A,Annual,FC_TRA_E,Final consumption - transport sector - energy use,E7000,Electricity,GWH,Gigawatt-hour,IS,Iceland,2007,,0.000,,,,,
dataflow,ESTAT:NRG_BAL_C(1.0),Complete energy balances,A,Annual,FC_TRA_E,Final consumption - transport sector - energy use,E7000,Electricity,GWH,Gigawatt-hour,IS,Iceland,2008,,0.000,,,,,
dataflow,ESTAT:NRG_BAL_C(1.0),Complete energy balances,A,Annual,FC_TRA_E,Final consumption - transport sector - energy use,E7000,Electricity,GWH,Gigawatt-hour,IS,Iceland,2009,,0.000,,,,,
dataflow,ESTAT:NRG_BAL_C(1.0),Complete energy balances,A,Annual,FC_TRA_E,Final consumption - transport sector - energy use,E7000,Electricity,GWH,Gigawatt-hour,IS,Iceland,2010,,0.000,,,,,
dataflow,ESTAT:NRG_BAL_C(1.0),Complete energy balances,A,Annual,FC_TRA_E,Final consumption - transport sector - energy use,E7000,Electricity,GWH,Gigawatt-hour,IS,Iceland,2011,,0.000,,,,,
dataflow,ESTAT:NRG_BAL_C(1.0),Complete energy balances,A,Annual,FC_TRA_E,Final consumption - transport sector - energy use,E7000,Electricity,GWH,Gigawatt-hour,IS,Iceland,2012,,1.000,,,,,
dataflow,ESTAT:NRG_BAL_C(1.0),Complete energy balances,A,Annual,FC_TRA_E,Final consumption - transport sector - energy use,E7000,Electricity,GWH,Gigawatt-hour,IS,Iceland,2013,,2.000,,,,,
dataflow,ESTAT:NRG_BAL_C(1.0),Complete energy balances,A,Annual,FC_TRA_E,Final consumption - transport sector - energy use,E7000,Electricity,GWH,Gigawatt-hour,IS,Iceland,2014,,5.082,,,,,
dataflow,ESTAT:NRG_BAL_C(1.0),Complete energy balances,A,Annual,FC_TRA_E,Final consumption - transport sector - energy use,E7000,Electricity,GWH,Gigawatt-hour,IS,Iceland,2015,,21.765,,,,,
dataflow,ESTAT:NRG_BAL_C(1.0),Complete energy balances,A,Annual,FC_TRA_E,Final consumption - transport sector - energy use,E7000,Electricity,GWH,Gigawatt-hour,IS,Iceland,2016,,66.491,,,,,
dataflow,ESTAT:NRG_BAL_C(1.0),Complete energy balances,A,Annual,FC_TRA_E,Final consumption - transport sector - energy use,E7000,Electricity,GWH,Gigawatt-hour,IS,Iceland,2017,,76.202,,,,,
dataflow,ESTAT:NRG_BAL_C(1.0),Complete energy balances,A,Annual,FC_TRA_E,Final consumption - transport sector - energy use,E7000,Electricity,GWH,Gigawatt-hour,IS,Iceland,2018,,88.729,,,,,
dataflow,ESTAT:NRG_BAL_C(1.0),Complete energy balances,A,Annual,FC_TRA_E,Final consumption - transport sector - energy use,E7000,Electricity,GWH,Gigawatt-hour,IS,Iceland,2019,,22.555,,,,,
dataflow,ESTAT:NRG_BAL_C(1.0),Complete energy balances,A,Annual,FC_TRA_E,Final consumption - transport sector - energy use,E7000,Electricity,GWH,Gigawatt-hour,IS,Iceland,2020,,28.418,,,,,
dataflow,ESTAT:NRG_BAL_C(1.0),Complete energy balances,A,Annual,FC_TRA_E,Final consumption - transport sector - energy use,E7000,Electricity,GWH,Gigawatt-hour,IS,Iceland,2021,,41.671,,,,,
dataflow,ESTAT:NRG_BAL_C(1.0),Complete energy balances,A,Annual,FC_TRA_E,Final consumption - transport sector - energy use,E7000,Electricity,GWH,Gigawatt-hour,IS,Iceland,2022,,60.920,,,,,
dataflow,ESTAT:NRG_BAL_C(1.0),Complete energy balances,A,Annual,FC_TRA_E,Final consumption - transport sector - energy use,E7000,Electricity,GWH,Gigawatt-hour,IS,Iceland,2023,,90.860,,,,,
dataflow,ESTAT:NRG_BAL_C(1.0),Complete energy balances,A,Annual,FC_TRA_E,Final consumption - transport sector - energy use,E7000,Electricity,GWH,Gigawatt-hour,IS,Iceland,2024,,29.735,,,,,
dataflow,ESTAT:NRG_BAL_C(1.0),Complete energy balances,A,Annual,FC_TRA_E,Final consumption - transport sector - energy use,E7000,Electricity,GWH,Gigawatt-hour,IT,Italy,1990,,6725.000,,,,,
dataflow,ESTAT:NRG_BAL_C(1.0),Complete energy balances,A,Annual,FC_TRA_E,Final consumption - transport sector - energy use,E7000,Electricity,GWH,Gigawatt-hour,IT,Italy,1991,,7051.000,,,,,
dataflow,ESTAT:NRG_BAL_C(1.0),Complete energy balances,A,Annual,FC_TRA_E,Final consumption - transport sector - energy use,E7000,Electricity,GWH,Gigawatt-hour,IT,Italy,1992,,7191.000,,,,,
dataflow,ESTAT:NRG_BAL_C(1.0),Complete energy balances,A,Annual,FC_TRA_E,Final consumption - transport sector - energy use,E7000,Electricity,GWH,Gigawatt-hour,IT,Italy,1993,,7158.000,,,,,
dataflow,ESTAT:NRG_BAL_C(1.0),Complete energy balances,A,Annual,FC_TRA_E,Final consumption - transport sector - energy use,E7000,Electricity,GWH,Gigawatt-hour,IT,Italy,1994,,7332.000,,,,,
dataflow,ESTAT:NRG_BAL_C(1.0),Complete energy balances,A,Annual,FC_TRA_E,Final consumption - transport sector - energy use,E7000,Electricity,GWH,Gigawatt-hour,IT,Italy,1995,,7751.000,,,,,
dataflow,ESTAT:NRG_BAL_C(1.0),Complete energy balances,A,Annual,FC_TRA_E,Final consumption - transport sector - energy use,E7000,Electricity,GWH,Gigawatt-hour,IT,Italy,1996,,8123.000,,,,,
dataflow,ESTAT:NRG_BAL_C(1.0),Complete energy balances,A,Annual,FC_TRA_E,Final consumption - transport sector - energy use,E7000,Electricity,GWH,Gigawatt-hour,IT,Italy,1997,,8110.000,,,,,
dataflow,ESTAT:NRG_BAL_C(1.0),Complete energy balances,A,Annual,FC_TRA_E,Final consumption - transport sector - energy use,E7000,Electricity,GWH,Gigawatt-hour,IT,Italy,1998,,8275.000,,,,,
dataflow,ESTAT:NRG_BAL_C(1.0),Complete energy balances,A,Annual,FC_TRA_E,Final consumption - transport sector - energy use,E7000,Electricity,GWH,Gigawatt-hour,IT,Italy,1999,,8289.000,,,,,
dataflow,ESTAT:NRG_BAL_C(1.0),Complete energy balances,A,Annual,FC_TRA_E,Final consumption - transport sector - energy use,E7000,Electricity,GWH,Gigawatt-hour,IT,Italy,2000,,8514.000,,,,,
dataflow,ESTAT:NRG_BAL_C(1.0),Complete energy balances,A,Annual,FC_TRA_E,Final consumption - transport sector - energy use,E7000,Electricity,GWH,Gigawatt-hour,IT,Italy,2001,,8567.000,,,,,
dataflow,ESTAT:NRG_BAL_C(1.0),Complete energy balances,A,Annual,FC_TRA_E,Final consumption - transport sector - energy use,E7000,Electricity,GWH,Gigawatt-hour,IT,Italy,2002,,8967.000,,,,,
dataflow,ESTAT:NRG_BAL_C(1.0),Complete energy balances,A,Annual,FC_TRA_E,Final consumption - transport sector - energy use,E7000,Electricity,GWH,Gigawatt-hour,IT,Italy,2003,,9464.000,,,,,
dataflow,ESTAT:NRG_BAL_C(1.0),Complete energy balances,A,Annual,FC_TRA_E,Final consumption - transport sector - energy use,E7000,Electricity,GWH,Gigawatt-hour,IT,Italy,2004,,9602.000,,,,,
dataflow,ESTAT:NRG_BAL_C(1.0),Complete energy balances,A,Annual,FC_TRA_E,Final consumption - transport sector - energy use,E7000,Electricity,GWH,Gigawatt-hour,IT,Italy,2005,,9918.000,,,,,
dataflow,ESTAT:NRG_BAL_C(1.0),Complete energy balances,A,Annual,FC_TRA_E,Final consumption - transport sector - energy use,E7000,Electricity,GWH,Gigawatt-hour,IT,Italy,2006,,10219.000,,,,,
dataflow,ESTAT:NRG_BAL_C(1.0),Complete energy balances,A,Annual,FC_TRA_E,Final consumption - transport sector - energy use,E7000,Electricity,GWH,Gigawatt-hour,IT,Italy,2007,,10404.000,,,,,
dataflow,ESTAT:NRG_BAL_C(1.0),Complete energy balances,A,Annual,FC_TRA_E,Final consumption - transport sector - energy use,E7000,Electricity,GWH,Gigawatt-hour,IT,Italy,2008,,10839.000,,,,,
dataflow,ESTAT:NRG_BAL_C(1.0),Complete energy balances,A,Annual,FC_TRA_E,Final consumption - transport sector - energy use,E7000,Electricity,GWH,Gigawatt-hour,IT,Italy,2009,,10535.000,,,,,
dataflow,ESTAT:NRG_BAL_C(1.0),Complete energy balances,A,Annual,FC_TRA_E,Final consumption - transport sector - energy use,E7000,Electricity,GWH,Gigawatt-hour,IT,Italy,2010,,10666.000,,,,,
dataflow,ESTAT:NRG_BAL_C(1.0),Complete energy balances,A,Annual,FC_TRA_E,Final consumption - transport sector - energy use,E7000,Electricity,GWH,Gigawatt-hour,IT,Italy,2011,,10793.000,,,,,
dataflow,ESTAT:NRG_BAL_C(1.0),Complete energy balances,A,Annual,FC_TRA_E,Final consumption - transport sector - energy use,E7000,Electricity,GWH,Gigawatt-hour,IT,Italy,2012,,10759.000,,,,,
dataflow,ESTAT:NRG_BAL_C(1.0),Complete energy balances,A,Annual,FC_TRA_E,Final consumption - transport sector - energy use,E7000,Electricity,GWH,Gigawatt-hour,IT,Italy,2013,,10775.000,,,,,
dataflow,ESTAT:NRG_BAL_C(1.0),Complete energy balances,A,Annual,FC_TRA_E,Final consumption - transport sector - energy use,E7000,Electricity,GWH,Gigawatt-hour,IT,Italy,2014,,10463.000,,,,,
dataflow,ESTAT:NRG_BAL_C(1.0),Complete energy balances,A,Annual,FC_TRA_E,Final consumption - transport sector - energy use,E7000,Electricity,GWH,Gigawatt-hour,IT,Italy,2015,,10856.000,,,,,
dataflow,ESTAT:NRG_BAL_C(1.0),Complete energy balances,A,Annual,FC_TRA_E,Final consumption - transport sector - energy use,E7000,Electricity,GWH,Gigawatt-hour,IT,Italy,2016,,11162.000,,,,,
dataflow,ESTAT:NRG_BAL_C(1.0),Complete energy balances,A,Annual,FC_TRA_E,Final consumption - transport sector - energy use,E7000,Electricity,GWH,Gigawatt-hour,IT,Italy,2017,,11382.861,,,,,
dataflow,ESTAT:NRG_BAL_C(1.0),Complete energy balances,A,Annual,FC_TRA_E,Final consumption - transport sector - energy use,E7000,Electricity,GWH,Gigawatt-hour,IT,Italy,2018,,11539.996,,,,,
dataflow,ESTAT:NRG_BAL_C(1.0),Complete energy balances,A,Annual,FC_TRA_E,Final consumption - transport sector - energy use,E7000,Electricity,GWH,Gigawatt-hour,IT,Italy,2019,,11541.596,,,,,
dataflow,ESTAT:NRG_BAL_C(1.0),Complete energy balances,A,Annual,FC_TRA_E,Final consumption - transport sector - energy use,E7000,Electricity,GWH,Gigawatt-hour,IT,Italy,2020,,10114.185,,,,,
dataflow,ESTAT:NRG_BAL_C(1.0),Complete energy balances,A,Annual,FC_TRA_E,Final consumption - transport sector - energy use,E7000,Electricity,GWH,Gigawatt-hour,IT,Italy,2021,,8590.244,,,,,
dataflow,ESTAT:NRG_BAL_C(1.0),Complete energy balances,A,Annual,FC_TRA_E,Final consumption - transport sector - energy use,E7000,Electricity,GWH,Gigawatt-hour,IT,Italy,2022,,9008.510,,,,,
dataflow,ESTAT:NRG_BAL_C(1.0),Complete energy balances,A,Annual,FC_TRA_E,Final consumption - transport sector - energy use,E7000,Electricity,GWH,Gigawatt-hour,IT,Italy,2023,,8846.396,,,,,
dataflow,ESTAT:NRG_BAL_C(1.0),Complete energy balances,A,Annual,FC_TRA_E,Final consumption - transport sector - energy use,E7000,Electricity,GWH,Gigawatt-hour,IT,Italy,2024,,8981.826,,,,,
dataflow,ESTAT:NRG_BAL_C(1.0),Complete energy balances,A,Annual,FC_TRA_E,Final consumption - transport sector - energy use,E7000,Electricity,GWH,Gigawatt-hour,LT,Lithuania,1990,,212.000,,,,,
dataflow,ESTAT:NRG_BAL_C(1.0),Complete energy balances,A,Annual,FC_TRA_E,Final consumption - transport sector - energy use,E7000,Electricity,GWH,Gigawatt-hour,LT,Lithuania,1991,,231.000,,,,,
dataflow,ESTAT:NRG_BAL_C(1.0),Complete energy balances,A,Annual,FC_TRA_E,Final consumption - transport sector - energy use,E7000,Electricity,GWH,Gigawatt-hour,LT,Lithuania,1992,,141.000,,,,,
dataflow,ESTAT:NRG_BAL_C(1.0),Complete energy balances,A,Annual,FC_TRA_E,Final consumption - transport sector - energy use,E7000,Electricity,GWH,Gigawatt-hour,LT,Lithuania,1993,,93.000,,,,,
dataflow,ESTAT:NRG_BAL_C(1.0),Complete energy balances,A,Annual,FC_TRA_E,Final consumption - transport sector - energy use,E7000,Electricity,GWH,Gigawatt-hour,LT,Lithuania,1994,,102.000,,,,,
dataflow,ESTAT:NRG_BAL_C(1.0),Complete energy balances,A,Annual,FC_TRA_E,Final consumption - transport sector - energy use,E7000,Electricity,GWH,Gigawatt-hour,LT,Lithuania,1995,,96.000,,,,,
dataflow,ESTAT:NRG_BAL_C(1.0),Complete energy balances,A,Annual,FC_TRA_E,Final consumption - transport sector - energy use,E7000,Electricity,GWH,Gigawatt-hour,LT,Lithuania,1996,,85.000,,,,,
dataflow,ESTAT:NRG_BAL_C(1.0),Complete energy balances,A,Annual,FC_TRA_E,Final consumption - transport sector - energy use,E7000,Electricity,GWH,Gigawatt-hour,LT,Lithuania,1997,,89.000,,,,,
dataflow,ESTAT:NRG_BAL_C(1.0),Complete energy balances,A,Annual,FC_TRA_E,Final consumption - transport sector - energy use,E7000,Electricity,GWH,Gigawatt-hour,LT,Lithuania,1998,,81.000,,,,,
dataflow,ESTAT:NRG_BAL_C(1.0),Complete energy balances,A,Annual,FC_TRA_E,Final consumption - transport sector - energy use,E7000,Electricity,GWH,Gigawatt-hour,LT,Lithuania,1999,,74.000,,,,,
dataflow,ESTAT:NRG_BAL_C(1.0),Complete energy balances,A,Annual,FC_TRA_E,Final consumption - transport sector - energy use,E7000,Electricity,GWH,Gigawatt-hour,LT,Lithuania,2000,,76.000,,,,,
dataflow,ESTAT:NRG_BAL_C(1.0),Complete energy balances,A,Annual,FC_TRA_E,Final consumption - transport sector - energy use,E7000,Electricity,GWH,Gigawatt-hour,LT,Lithuania,2001,,90.000,,,,,
dataflow,ESTAT:NRG_BAL_C(1.0),Complete energy balances,A,Annual,FC_TRA_E,Final consumption - transport sector - energy use,E7000,Electricity,GWH,Gigawatt-hour,LT,Lithuania,2002,,82.000,,,,,
dataflow,ESTAT:NRG_BAL_C(1.0),Complete energy balances,A,Annual,FC_TRA_E,Final consumption - transport sector - energy use,E7000,Electricity,GWH,Gigawatt-hour,LT,Lithuania,2003,,90.000,,,,,
dataflow,ESTAT:NRG_BAL_C(1.0),Complete energy balances,A,Annual,FC_TRA_E,Final consumption - transport sector - energy use,E7000,Electricity,GWH,Gigawatt-hour,LT,Lithuania,2004,,92.000,,,,,
dataflow,ESTAT:NRG_BAL_C(1.0),Complete energy balances,A,Annual,FC_TRA_E,Final consumption - transport sector - energy use,E7000,Electricity,GWH,Gigawatt-hour,LT,Lithuania,2005,,103.000,,,,,
dataflow,ESTAT:NRG_BAL_C(1.0),Complete energy balances,A,Annual,FC_TRA_E,Final consumption - transport sector - energy use,E7000,Electricity,GWH,Gigawatt-hour,LT,Lithuania,2006,,91.000,,,,,
dataflow,ESTAT:NRG_BAL_C(1.0),Complete energy balances,A,Annual,FC_TRA_E,Final consumption - transport sector - energy use,E7000,Electricity,GWH,Gigawatt-hour,LT,Lithuania,2007,,70.000,,,,,
dataflow,ESTAT:NRG_BAL_C(1.0),Complete energy balances,A,Annual,FC_TRA_E,Final consumption - transport sector - energy use,E7000,Electricity,GWH,Gigawatt-hour,LT,Lithuania,2008,,83.000,,,,,
dataflow,ESTAT:NRG_BAL_C(1.0),Complete energy balances,A,Annual,FC_TRA_E,Final consumption - transport sector - energy use,E7000,Electricity,GWH,Gigawatt-hour,LT,Lithuania,2009,,77.000,,,,,
dataflow,ESTAT:NRG_BAL_C(1.0),Complete energy balances,A,Annual,FC_TRA_E,Final consumption - transport sector - energy use,E7000,Electricity,GWH,Gigawatt-hour,LT,Lithuania,2010,,76.000,,,,,
dataflow,ESTAT:NRG_BAL_C(1.0),Complete energy balances,A,Annual,FC_TRA_E,Final consumption - transport sector - energy use,E7000,Electricity,GWH,Gigawatt-hour,LT,Lithuania,2011,,74.000,,,,,
dataflow,ESTAT:NRG_BAL_C(1.0),Complete energy balances,A,Annual,FC_TRA_E,Final consumption - transport sector - energy use,E7000,Electricity,GWH,Gigawatt-hour,LT,Lithuania,2012,,75.000,,,,,
dataflow,ESTAT:NRG_BAL_C(1.0),Complete energy balances,A,Annual,FC_TRA_E,Final consumption - transport sector - energy use,E7000,Electricity,GWH,Gigawatt-hour,LT,Lithuania,2013,,74.000,,,,,
dataflow,ESTAT:NRG_BAL_C(1.0),Complete energy balances,A,Annual,FC_TRA_E,Final consumption - transport sector - energy use,E7000,Electricity,GWH,Gigawatt-hour,LT,Lithuania,2014,,63.000,,,,,
dataflow,ESTAT:NRG_BAL_C(1.0),Complete energy balances,A,Annual,FC_TRA_E,Final consumption - transport sector - energy use,E7000,Electricity,GWH,Gigawatt-hour,LT,Lithuania,2015,,67.000,,,,,
dataflow,ESTAT:NRG_BAL_C(1.0),Complete energy balances,A,Annual,FC_TRA_E,Final consumption - transport sector - energy use,E7000,Electricity,GWH,Gigawatt-hour,LT,Lithuania,2016,,72.000,,,,,
dataflow,ESTAT:NRG_BAL_C(1.0),Complete energy balances,A,Annual,FC_TRA_E,Final consumption - transport sector - energy use,E7000,Electricity,GWH,Gigawatt-hour,LT,Lithuania,2017,,74.300,,,,,
dataflow,ESTAT:NRG_BAL_C(1.0),Complete energy balances,A,Annual,FC_TRA_E,Final consumption - transport sector - energy use,E7000,Electricity,GWH,Gigawatt-hour,LT,Lithuania,2018,,79.800,,,,,
dataflow,ESTAT:NRG_BAL_C(1.0),Complete energy balances,A,Annual,FC_TRA_E,Final consumption - transport sector - energy use,E7000,Electricity,GWH,Gigawatt-hour,LT,Lithuania,2019,,77.500,,,,,
dataflow,ESTAT:NRG_BAL_C(1.0),Complete energy balances,A,Annual,FC_TRA_E,Final consumption - transport sector - energy use,E7000,Electricity,GWH,Gigawatt-hour,LT,Lithuania,2020,,72.700,,,,,
dataflow,ESTAT:NRG_BAL_C(1.0),Complete energy balances,A,Annual,FC_TRA_E,Final consumption - transport sector - energy use,E7000,Electricity,GWH,Gigawatt-hour,LT,Lithuania,2021,,79.000,,,,,
dataflow,ESTAT:NRG_BAL_C(1.0),Complete energy balances,A,Annual,FC_TRA_E,Final consumption - transport sector - energy use,E7000,Electricity,GWH,Gigawatt-hour,LT,Lithuania,2022,,91.800,,,,,
dataflow,ESTAT:NRG_BAL_C(1.0),Complete energy balances,A,Annual,FC_TRA_E,Final consumption - transport sector - energy use,E7000,Electricity,GWH,Gigawatt-hour,LT,Lithuania,2023,,104.800,,,,,
dataflow,ESTAT:NRG_BAL_C(1.0),Complete energy balances,A,Annual,FC_TRA_E,Final consumption - transport sector - energy use,E7000,Electricity,GWH,Gigawatt-hour,LT,Lithuania,2024,,118.900,,,,,
dataflow,ESTAT:NRG_BAL_C(1.0),Complete energy balances,A,Annual,FC_TRA_E,Final consumption - transport sector - energy use,E7000,Electricity,GWH,Gigawatt-hour,LU,Luxembourg,1990,,55.000,,,,,
dataflow,ESTAT:NRG_BAL_C(1.0),Complete energy balances,A,Annual,FC_TRA_E,Final consumption - transport sector - energy use,E7000,Electricity,GWH,Gigawatt-hour,LU,Luxembourg,1991,,59.000,,,,,
dataflow,ESTAT:NRG_BAL_C(1.0),Complete energy balances,A,Annual,FC_TRA_E,Final consumption - transport sector - energy use,E7000,Electricity,GWH,Gigawatt-hour,LU,Luxembourg,1992,,63.000,,,,,
dataflow,ESTAT:NRG_BAL_C(1.0),Complete energy balances,A,Annual,FC_TRA_E,Final consumption - transport sector - energy use,E7000,Electricity,GWH,Gigawatt-hour,LU,Luxembourg,1993,,71.000,,,,,
dataflow,ESTAT:NRG_BAL_C(1.0),Complete energy balances,A,Annual,FC_TRA_E,Final consumption - transport sector - energy use,E7000,Electricity,GWH,Gigawatt-hour,LU,Luxembourg,1994,,75.000,,,,,
dataflow,ESTAT:NRG_BAL_C(1.0),Complete energy balances,A,Annual,FC_TRA_E,Final consumption - transport sector - energy use,E7000,Electricity,GWH,Gigawatt-hour,LU,Luxembourg,1995,,77.000,,,,,
dataflow,ESTAT:NRG_BAL_C(1.0),Complete energy balances,A,Annual,FC_TRA_E,Final consumption - transport sector - energy use,E7000,Electricity,GWH,Gigawatt-hour,LU,Luxembourg,1996,,83.000,,,,,
dataflow,ESTAT:NRG_BAL_C(1.0),Complete energy balances,A,Annual,FC_TRA_E,Final consumption - transport sector - energy use,E7000,Electricity,GWH,Gigawatt-hour,LU,Luxembourg,1997,,81.000,,,,,
dataflow,ESTAT:NRG_BAL_C(1.0),Complete energy balances,A,Annual,FC_TRA_E,Final consumption - transport sector - energy use,E7000,Electricity,GWH,Gigawatt-hour,LU,Luxembourg,1998,,87.000,,,,,
dataflow,ESTAT:NRG_BAL_C(1.0),Complete energy balances,A,Annual,FC_TRA_E,Final consumption - transport sector - energy use,E7000,Electricity,GWH,Gigawatt-hour,LU,Luxembourg,1999,,94.000,,,,,
dataflow,ESTAT:NRG_BAL_C(1.0),Complete energy balances,A,Annual,FC_TRA_E,Final consumption - transport sector - energy use,E7000,Electricity,GWH,Gigawatt-hour,LU,Luxembourg,2000,,59.705,,,,,
dataflow,ESTAT:NRG_BAL_C(1.0),Complete energy balances,A,Annual,FC_TRA_E,Final consumption - transport sector - energy use,E7000,Electricity,GWH,Gigawatt-hour,LU,Luxembourg,2001,,69.379,,,,,
dataflow,ESTAT:NRG_BAL_C(1.0),Complete energy balances,A,Annual,FC_TRA_E,Final consumption - transport sector - energy use,E7000,Electricity,GWH,Gigawatt-hour,LU,Luxembourg,2002,,71.248,,,,,
dataflow,ESTAT:NRG_BAL_C(1.0),Complete energy balances,A,Annual,FC_TRA_E,Final consumption - transport sector - energy use,E7000,Electricity,GWH,Gigawatt-hour,LU,Luxembourg,2003,,70.237,,,,,
dataflow,ESTAT:NRG_BAL_C(1.0),Complete energy balances,A,Annual,FC_TRA_E,Final consumption - transport sector - energy use,E7000,Electricity,GWH,Gigawatt-hour,LU,Luxembourg,2004,,75.346,,,,,
dataflow,ESTAT:NRG_BAL_C(1.0),Complete energy balances,A,Annual,FC_TRA_E,Final consumption - transport sector - energy use,E7000,Electricity,GWH,Gigawatt-hour,LU,Luxembourg,2005,,94.469,,,,,
dataflow,ESTAT:NRG_BAL_C(1.0),Complete energy balances,A,Annual,FC_TRA_E,Final consumption - transport sector - energy use,E7000,Electricity,GWH,Gigawatt-hour,LU,Luxembourg,2006,,110.882,,,,,
dataflow,ESTAT:NRG_BAL_C(1.0),Complete energy balances,A,Annual,FC_TRA_E,Final consumption - transport sector - energy use,E7000,Electricity,GWH,Gigawatt-hour,LU,Luxembourg,2007,,117.753,,,,,
dataflow,ESTAT:NRG_BAL_C(1.0),Complete energy balances,A,Annual,FC_TRA_E,Final consumption - transport sector - energy use,E7000,Electricity,GWH,Gigawatt-hour,LU,Luxembourg,2008,,113.287,,,,,
dataflow,ESTAT:NRG_BAL_C(1.0),Complete energy balances,A,Annual,FC_TRA_E,Final consumption - transport sector - energy use,E7000,Electricity,GWH,Gigawatt-hour,LU,Luxembourg,2009,,112.274,,,,,
dataflow,ESTAT:NRG_BAL_C(1.0),Complete energy balances,A,Annual,FC_TRA_E,Final consumption - transport sector - energy use,E7000,Electricity,GWH,Gigawatt-hour,LU,Luxembourg,2010,,119.607,,,,,
dataflow,ESTAT:NRG_BAL_C(1.0),Complete energy balances,A,Annual,FC_TRA_E,Final consumption - transport sector - energy use,E7000,Electricity,GWH,Gigawatt-hour,LU,Luxembourg,2011,,129.472,,,,,
dataflow,ESTAT:NRG_BAL_C(1.0),Complete energy balances,A,Annual,FC_TRA_E,Final consumption - transport sector - energy use,E7000,Electricity,GWH,Gigawatt-hour,LU,Luxembourg,2012,,128.729,,,,,
dataflow,ESTAT:NRG_BAL_C(1.0),Complete energy balances,A,Annual,FC_TRA_E,Final consumption - transport sector - energy use,E7000,Electricity,GWH,Gigawatt-hour,LU,Luxembourg,2013,,136.069,,,,,
dataflow,ESTAT:NRG_BAL_C(1.0),Complete energy balances,A,Annual,FC_TRA_E,Final consumption - transport sector - energy use,E7000,Electricity,GWH,Gigawatt-hour,LU,Luxembourg,2014,,129.863,,,,,
dataflow,ESTAT:NRG_BAL_C(1.0),Complete energy balances,A,Annual,FC_TRA_E,Final consumption - transport sector - energy use,E7000,Electricity,GWH,Gigawatt-hour,LU,Luxembourg,2015,,138.317,,,,,
dataflow,ESTAT:NRG_BAL_C(1.0),Complete energy balances,A,Annual,FC_TRA_E,Final consumption - transport sector - energy use,E7000,Electricity,GWH,Gigawatt-hour,LU,Luxembourg,2016,,138.232,,,,,
dataflow,ESTAT:NRG_BAL_C(1.0),Complete energy balances,A,Annual,FC_TRA_E,Final consumption - transport sector - energy use,E7000,Electricity,GWH,Gigawatt-hour,LU,Luxembourg,2017,,142.434,,,,,
dataflow,ESTAT:NRG_BAL_C(1.0),Complete energy balances,A,Annual,FC_TRA_E,Final consumption - transport sector - energy use,E7000,Electricity,GWH,Gigawatt-hour,LU,Luxembourg,2018,,150.593,,,,,
dataflow,ESTAT:NRG_BAL_C(1.0),Complete energy balances,A,Annual,FC_TRA_E,Final consumption - transport sector - energy use,E7000,Electricity,GWH,Gigawatt-hour,LU,Luxembourg,2019,,157.215,,,,,
dataflow,ESTAT:NRG_BAL_C(1.0),Complete energy balances,A,Annual,FC_TRA_E,Final consumption - transport sector - energy use,E7000,Electricity,GWH,Gigawatt-hour,LU,Luxembourg,2020,,148.698,,,,,
dataflow,ESTAT:NRG_BAL_C(1.0),Complete energy balances,A,Annual,FC_TRA_E,Final consumption - transport sector - energy use,E7000,Electricity,GWH,Gigawatt-hour,LU,Luxembourg,2021,,166.223,,,,,
dataflow,ESTAT:NRG_BAL_C(1.0),Complete energy balances,A,Annual,FC_TRA_E,Final consumption - transport sector - energy use,E7000,Electricity,GWH,Gigawatt-hour,LU,Luxembourg,2022,,191.157,,,,,
dataflow,ESTAT:NRG_BAL_C(1.0),Complete energy balances,A,Annual,FC_TRA_E,Final consumption - transport sector - energy use,E7000,Electricity,GWH,Gigawatt-hour,LU,Luxembourg,2023,,226.913,,,,,
dataflow,ESTAT:NRG_BAL_C(1.0),Complete energy balances,A,Annual,FC_TRA_E,Final consumption - transport sector - energy use,E7000,Electricity,GWH,Gigawatt-hour,LU,Luxembourg,2024,,265.571,,,,,
dataflow,ESTAT:NRG_BAL_C(1.0),Complete energy balances,A,Annual,FC_TRA_E,Final consumption - transport sector - energy use,E7000,Electricity,GWH,Gigawatt-hour,LV,Latvia,1990,,255.000,,,,,
dataflow,ESTAT:NRG_BAL_C(1.0),Complete energy balances,A,Annual,FC_TRA_E,Final consumption - transport sector - energy use,E7000,Electricity,GWH,Gigawatt-hour,LV,Latvia,1991,,218.000,,,,,
dataflow,ESTAT:NRG_BAL_C(1.0),Complete energy balances,A,Annual,FC_TRA_E,Final consumption - transport sector - energy use,E7000,Electricity,GWH,Gigawatt-hour,LV,Latvia,1992,,207.000,,,,,
dataflow,ESTAT:NRG_BAL_C(1.0),Complete energy balances,A,Annual,FC_TRA_E,Final consumption - transport sector - energy use,E7000,Electricity,GWH,Gigawatt-hour,LV,Latvia,1993,,191.000,,,,,
dataflow,ESTAT:NRG_BAL_C(1.0),Complete energy balances,A,Annual,FC_TRA_E,Final consumption - transport sector - energy use,E7000,Electricity,GWH,Gigawatt-hour,LV,Latvia,1994,,186.000,,,,,
dataflow,ESTAT:NRG_BAL_C(1.0),Complete energy balances,A,Annual,FC_TRA_E,Final consumption - transport sector - energy use,E7000,Electricity,GWH,Gigawatt-hour,LV,Latvia,1995,,188.000,,,,,
dataflow,ESTAT:NRG_BAL_C(1.0),Complete energy balances,A,Annual,FC_TRA_E,Final consumption - transport sector - energy use,E7000,Electricity,GWH,Gigawatt-hour,LV,Latvia,1996,,178.000,,,,,
dataflow,ESTAT:NRG_BAL_C(1.0),Complete energy balances,A,Annual,FC_TRA_E,Final consumption - transport sector - energy use,E7000,Electricity,GWH,Gigawatt-hour,LV,Latvia,1997,,176.000,,,,,
dataflow,ESTAT:NRG_BAL_C(1.0),Complete energy balances,A,Annual,FC_TRA_E,Final consumption - transport sector - energy use,E7000,Electricity,GWH,Gigawatt-hour,LV,Latvia,1998,,170.000,,,,,
dataflow,ESTAT:NRG_BAL_C(1.0),Complete energy balances,A,Annual,FC_TRA_E,Final consumption - transport sector - energy use,E7000,Electricity,GWH,Gigawatt-hour,LV,Latvia,1999,,154.000,,,,,
dataflow,ESTAT:NRG_BAL_C(1.0),Complete energy balances,A,Annual,FC_TRA_E,Final consumption - transport sector - energy use,E7000,Electricity,GWH,Gigawatt-hour,LV,Latvia,2000,,152.000,,,,,
dataflow,ESTAT:NRG_BAL_C(1.0),Complete energy balances,A,Annual,FC_TRA_E,Final consumption - transport sector - energy use,E7000,Electricity,GWH,Gigawatt-hour,LV,Latvia,2001,,173.000,,,,,
dataflow,ESTAT:NRG_BAL_C(1.0),Complete energy balances,A,Annual,FC_TRA_E,Final consumption - transport sector - energy use,E7000,Electricity,GWH,Gigawatt-hour,LV,Latvia,2002,,144.000,,,,,
dataflow,ESTAT:NRG_BAL_C(1.0),Complete energy balances,A,Annual,FC_TRA_E,Final consumption - transport sector - energy use,E7000,Electricity,GWH,Gigawatt-hour,LV,Latvia,2003,,136.000,,,,,
dataflow,ESTAT:NRG_BAL_C(1.0),Complete energy balances,A,Annual,FC_TRA_E,Final consumption - transport sector - energy use,E7000,Electricity,GWH,Gigawatt-hour,LV,Latvia,2004,,139.000,,,,,
dataflow,ESTAT:NRG_BAL_C(1.0),Complete energy balances,A,Annual,FC_TRA_E,Final consumption - transport sector - energy use,E7000,Electricity,GWH,Gigawatt-hour,LV,Latvia,2005,,148.000,,,,,
dataflow,ESTAT:NRG_BAL_C(1.0),Complete energy balances,A,Annual,FC_TRA_E,Final consumption - transport sector - energy use,E7000,Electricity,GWH,Gigawatt-hour,LV,Latvia,2006,,150.000,,,,,
dataflow,ESTAT:NRG_BAL_C(1.0),Complete energy balances,A,Annual,FC_TRA_E,Final consumption - transport sector - energy use,E7000,Electricity,GWH,Gigawatt-hour,LV,Latvia,2007,,140.000,,,,,
dataflow,ESTAT:NRG_BAL_C(1.0),Complete energy balances,A,Annual,FC_TRA_E,Final consumption - transport sector - energy use,E7000,Electricity,GWH,Gigawatt-hour,LV,Latvia,2008,,138.000,,,,,
dataflow,ESTAT:NRG_BAL_C(1.0),Complete energy balances,A,Annual,FC_TRA_E,Final consumption - transport sector - energy use,E7000,Electricity,GWH,Gigawatt-hour,LV,Latvia,2009,,121.000,,,,,
dataflow,ESTAT:NRG_BAL_C(1.0),Complete energy balances,A,Annual,FC_TRA_E,Final consumption - transport sector - energy use,E7000,Electricity,GWH,Gigawatt-hour,LV,Latvia,2010,,126.000,,,,,
dataflow,ESTAT:NRG_BAL_C(1.0),Complete energy balances,A,Annual,FC_TRA_E,Final consumption - transport sector - energy use,E7000,Electricity,GWH,Gigawatt-hour,LV,Latvia,2011,,124.000,,,,,
dataflow,ESTAT:NRG_BAL_C(1.0),Complete energy balances,A,Annual,FC_TRA_E,Final consumption - transport sector - energy use,E7000,Electricity,GWH,Gigawatt-hour,LV,Latvia,2012,,129.000,,,,,
dataflow,ESTAT:NRG_BAL_C(1.0),Complete energy balances,A,Annual,FC_TRA_E,Final consumption - transport sector - energy use,E7000,Electricity,GWH,Gigawatt-hour,LV,Latvia,2013,,124.000,,,,,
dataflow,ESTAT:NRG_BAL_C(1.0),Complete energy balances,A,Annual,FC_TRA_E,Final consumption - transport sector - energy use,E7000,Electricity,GWH,Gigawatt-hour,LV,Latvia,2014,,117.000,,,,,
dataflow,ESTAT:NRG_BAL_C(1.0),Complete energy balances,A,Annual,FC_TRA_E,Final consumption - transport sector - energy use,E7000,Electricity,GWH,Gigawatt-hour,LV,Latvia,2015,,106.000,,,,,
dataflow,ESTAT:NRG_BAL_C(1.0),Complete energy balances,A,Annual,FC_TRA_E,Final consumption - transport sector - energy use,E7000,Electricity,GWH,Gigawatt-hour,LV,Latvia,2016,,105.000,,,,,
dataflow,ESTAT:NRG_BAL_C(1.0),Complete energy balances,A,Annual,FC_TRA_E,Final consumption - transport sector - energy use,E7000,Electricity,GWH,Gigawatt-hour,LV,Latvia,2017,,104.649,,,,,
dataflow,ESTAT:NRG_BAL_C(1.0),Complete energy balances,A,Annual,FC_TRA_E,Final consumption - transport sector - energy use,E7000,Electricity,GWH,Gigawatt-hour,LV,Latvia,2018,,103.559,,,,,
dataflow,ESTAT:NRG_BAL_C(1.0),Complete energy balances,A,Annual,FC_TRA_E,Final consumption - transport sector - energy use,E7000,Electricity,GWH,Gigawatt-hour,LV,Latvia,2019,,100.737,,,,,
dataflow,ESTAT:NRG_BAL_C(1.0),Complete energy balances,A,Annual,FC_TRA_E,Final consumption - transport sector - energy use,E7000,Electricity,GWH,Gigawatt-hour,LV,Latvia,2020,,94.307,,,,,
dataflow,ESTAT:NRG_BAL_C(1.0),Complete energy balances,A,Annual,FC_TRA_E,Final consumption - transport sector - energy use,E7000,Electricity,GWH,Gigawatt-hour,LV,Latvia,2021,,97.704,,,,,
dataflow,ESTAT:NRG_BAL_C(1.0),Complete energy balances,A,Annual,FC_TRA_E,Final consumption - transport sector - energy use,E7000,Electricity,GWH,Gigawatt-hour,LV,Latvia,2022,,101.248,,,,,
dataflow,ESTAT:NRG_BAL_C(1.0),Complete energy balances,A,Annual,FC_TRA_E,Final consumption - transport sector - energy use,E7000,Electricity,GWH,Gigawatt-hour,LV,Latvia,2023,,107.296,,,,,
dataflow,ESTAT:NRG_BAL_C(1.0),Complete energy balances,A,Annual,FC_TRA_E,Final consumption - transport sector - energy use,E7000,Electricity,GWH,Gigawatt-hour,LV,Latvia,2024,,122.420,,,,,
dataflow,ESTAT:NRG_BAL_C(1.0),Complete energy balances,A,Annual,FC_TRA_E,Final consumption - transport sector - energy use,E7000,Electricity,GWH,Gigawatt-hour,MD,Moldova,2010,,46.000,,,,,
dataflow,ESTAT:NRG_BAL_C(1.0),Complete energy balances,A,Annual,FC_TRA_E,Final consumption - transport sector - energy use,E7000,Electricity,GWH,Gigawatt-hour,MD,Moldova,2011,,50.000,,,,,
dataflow,ESTAT:NRG_BAL_C(1.0),Complete energy balances,A,Annual,FC_TRA_E,Final consumption - transport sector - energy use,E7000,Electricity,GWH,Gigawatt-hour,MD,Moldova,2012,,54.000,,,,,
dataflow,ESTAT:NRG_BAL_C(1.0),Complete energy balances,A,Annual,FC_TRA_E,Final consumption - transport sector - energy use,E7000,Electricity,GWH,Gigawatt-hour,MD,Moldova,2013,,59.000,,,,,
dataflow,ESTAT:NRG_BAL_C(1.0),Complete energy balances,A,Annual,FC_TRA_E,Final consumption - transport sector - energy use,E7000,Electricity,GWH,Gigawatt-hour,MD,Moldova,2014,,47.000,,,,,
dataflow,ESTAT:NRG_BAL_C(1.0),Complete energy balances,A,Annual,FC_TRA_E,Final consumption - transport sector - energy use,E7000,Electricity,GWH,Gigawatt-hour,MD,Moldova,2015,,49.000,,,,,
dataflow,ESTAT:NRG_BAL_C(1.0),Complete energy balances,A,Annual,FC_TRA_E,Final consumption - transport sector - energy use,E7000,Electricity,GWH,Gigawatt-hour,MD,Moldova,2016,,62.000,,,,,
dataflow,ESTAT:NRG_BAL_C(1.0),Complete energy balances,A,Annual,FC_TRA_E,Final consumption - transport sector - energy use,E7000,Electricity,GWH,Gigawatt-hour,MD,Moldova,2017,,82.000,,,,,
dataflow,ESTAT:NRG_BAL_C(1.0),Complete energy balances,A,Annual,FC_TRA_E,Final consumption - transport sector - energy use,E7000,Electricity,GWH,Gigawatt-hour,MD,Moldova,2018,,72.000,,,,,
dataflow,ESTAT:NRG_BAL_C(1.0),Complete energy balances,A,Annual,FC_TRA_E,Final consumption - transport sector - energy use,E7000,Electricity,GWH,Gigawatt-hour,MD,Moldova,2019,,45.000,,,,,
dataflow,ESTAT:NRG_BAL_C(1.0),Complete energy balances,A,Annual,FC_TRA_E,Final consumption - transport sector - energy use,E7000,Electricity,GWH,Gigawatt-hour,MD,Moldova,2020,,42.000,,,,,
dataflow,ESTAT:NRG_BAL_C(1.0),Complete energy balances,A,Annual,FC_TRA_E,Final consumption - transport sector - energy use,E7000,Electricity,GWH,Gigawatt-hour,MD,Moldova,2021,,46.000,,,,,
dataflow,ESTAT:NRG_BAL_C(1.0),Complete energy balances,A,Annual,FC_TRA_E,Final consumption - transport sector - energy use,E7000,Electricity,GWH,Gigawatt-hour,MD,Moldova,2022,,47.000,,,,,
dataflow,ESTAT:NRG_BAL_C(1.0),Complete energy balances,A,Annual,FC_TRA_E,Final consumption - transport sector - energy use,E7000,Electricity,GWH,Gigawatt-hour,MD,Moldova,2023,,50.000,,,,,
dataflow,ESTAT:NRG_BAL_C(1.0),Complete energy balances,A,Annual,FC_TRA_E,Final consumption - transport sector - energy use,E7000,Electricity,GWH,Gigawatt-hour,MD,Moldova,2024,,54.400,,,,,
dataflow,ESTAT:NRG_BAL_C(1.0),Complete energy balances,A,Annual,FC_TRA_E,Final consumption - transport sector - energy use,E7000,Electricity,GWH,Gigawatt-hour,ME,Montenegro,2005,,23.000,,,,,
dataflow,ESTAT:NRG_BAL_C(1.0),Complete energy balances,A,Annual,FC_TRA_E,Final consumption - transport sector - energy use,E7000,Electricity,GWH,Gigawatt-hour,ME,Montenegro,2006,,23.000,,,,,
dataflow,ESTAT:NRG_BAL_C(1.0),Complete energy balances,A,Annual,FC_TRA_E,Final consumption - transport sector - energy use,E7000,Electricity,GWH,Gigawatt-hour,ME,Montenegro,2007,,24.000,,,,,
dataflow,ESTAT:NRG_BAL_C(1.0),Complete energy balances,A,Annual,FC_TRA_E,Final consumption - transport sector - energy use,E7000,Electricity,GWH,Gigawatt-hour,ME,Montenegro,2008,,22.000,,,,,
dataflow,ESTAT:NRG_BAL_C(1.0),Complete energy balances,A,Annual,FC_TRA_E,Final consumption - transport sector - energy use,E7000,Electricity,GWH,Gigawatt-hour,ME,Montenegro,2009,,18.000,,,,,
dataflow,ESTAT:NRG_BAL_C(1.0),Complete energy balances,A,Annual,FC_TRA_E,Final consumption - transport sector - energy use,E7000,Electricity,GWH,Gigawatt-hour,ME,Montenegro,2010,,22.000,,,,,
dataflow,ESTAT:NRG_BAL_C(1.0),Complete energy balances,A,Annual,FC_TRA_E,Final consumption - transport sector - energy use,E7000,Electricity,GWH,Gigawatt-hour,ME,Montenegro,2011,,13.000,,,,,
dataflow,ESTAT:NRG_BAL_C(1.0),Complete energy balances,A,Annual,FC_TRA_E,Final consumption - transport sector - energy use,E7000,Electricity,GWH,Gigawatt-hour,ME,Montenegro,2012,,15.000,,,,,
dataflow,ESTAT:NRG_BAL_C(1.0),Complete energy balances,A,Annual,FC_TRA_E,Final consumption - transport sector - energy use,E7000,Electricity,GWH,Gigawatt-hour,ME,Montenegro,2013,,20.000,,,,,
dataflow,ESTAT:NRG_BAL_C(1.0),Complete energy balances,A,Annual,FC_TRA_E,Final consumption - transport sector - energy use,E7000,Electricity,GWH,Gigawatt-hour,ME,Montenegro,2014,,18.000,,,,,
dataflow,ESTAT:NRG_BAL_C(1.0),Complete energy balances,A,Annual,FC_TRA_E,Final consumption - transport sector - energy use,E7000,Electricity,GWH,Gigawatt-hour,ME,Montenegro,2015,,20.000,,,,,
dataflow,ESTAT:NRG_BAL_C(1.0),Complete energy balances,A,Annual,FC_TRA_E,Final consumption - transport sector - energy use,E7000,Electricity,GWH,Gigawatt-hour,ME,Montenegro,2016,,21.000,,,,,
dataflow,ESTAT:NRG_BAL_C(1.0),Complete energy balances,A,Annual,FC_TRA_E,Final consumption - transport sector - energy use,E7000,Electricity,GWH,Gigawatt-hour,ME,Montenegro,2017,,20.300,,,,,
dataflow,ESTAT:NRG_BAL_C(1.0),Complete energy balances,A,Annual,FC_TRA_E,Final consumption - transport sector - energy use,E7000,Electricity,GWH,Gigawatt-hour,ME,Montenegro,2018,,19.200,,,,,
dataflow,ESTAT:NRG_BAL_C(1.0),Complete energy balances,A,Annual,FC_TRA_E,Final consumption - transport sector - energy use,E7000,Electricity,GWH,Gigawatt-hour,ME,Montenegro,2019,,20.700,,,,,
dataflow,ESTAT:NRG_BAL_C(1.0),Complete energy balances,A,Annual,FC_TRA_E,Final consumption - transport sector - energy use,E7000,Electricity,GWH,Gigawatt-hour,ME,Montenegro,2020,,12.300,,,,,
dataflow,ESTAT:NRG_BAL_C(1.0),Complete energy balances,A,Annual,FC_TRA_E,Final consumption - transport sector - energy use,E7000,Electricity,GWH,Gigawatt-hour,ME,Montenegro,2021,,10.800,,,,,
dataflow,ESTAT:NRG_BAL_C(1.0),Complete energy balances,A,Annual,FC_TRA_E,Final consumption - transport sector - energy use,E7000,Electricity,GWH,Gigawatt-hour,ME,Montenegro,2022,,12.400,,,,,
dataflow,ESTAT:NRG_BAL_C(1.0),Complete energy balances,A,Annual,FC_TRA_E,Final consumption - transport sector - energy use,E7000,Electricity,GWH,Gigawatt-hour,ME,Montenegro,2023,,12.400,,,,,
dataflow,ESTAT:NRG_BAL_C(1.0),Complete energy balances,A,Annual,FC_TRA_E,Final consumption - transport sector - energy use,E7000,Electricity,GWH,Gigawatt-hour,ME,Montenegro,2024,,9.700,,,,,
dataflow,ESTAT:NRG_BAL_C(1.0),Complete energy balances,A,Annual,FC_TRA_E,Final consumption - transport sector - energy use,E7000,Electricity,GWH,Gigawatt-hour,MK,North Macedonia,1990,,28.000,,,,,
dataflow,ESTAT:NRG_BAL_C(1.0),Complete energy balances,A,Annual,FC_TRA_E,Final consumption - transport sector - energy use,E7000,Electricity,GWH,Gigawatt-hour,MK,North Macedonia,1991,,29.000,,,,,
dataflow,ESTAT:NRG_BAL_C(1.0),Complete energy balances,A,Annual,FC_TRA_E,Final consumption - transport sector - energy use,E7000,Electricity,GWH,Gigawatt-hour,MK,North Macedonia,1992,,29.000,,,,,
dataflow,ESTAT:NRG_BAL_C(1.0),Complete energy balances,A,Annual,FC_TRA_E,Final consumption - transport sector - energy use,E7000,Electricity,GWH,Gigawatt-hour,MK,North Macedonia,1993,,21.000,,,,,
dataflow,ESTAT:NRG_BAL_C(1.0),Complete energy balances,A,Annual,FC_TRA_E,Final consumption - transport sector - energy use,E7000,Electricity,GWH,Gigawatt-hour,MK,North Macedonia,1994,,13.000,,,,,
dataflow,ESTAT:NRG_BAL_C(1.0),Complete energy balances,A,Annual,FC_TRA_E,Final consumption - transport sector - energy use,E7000,Electricity,GWH,Gigawatt-hour,MK,North Macedonia,1995,,14.000,,,,,
dataflow,ESTAT:NRG_BAL_C(1.0),Complete energy balances,A,Annual,FC_TRA_E,Final consumption - transport sector - energy use,E7000,Electricity,GWH,Gigawatt-hour,MK,North Macedonia,1996,,18.000,,,,,
dataflow,ESTAT:NRG_BAL_C(1.0),Complete energy balances,A,Annual,FC_TRA_E,Final consumption - transport sector - energy use,E7000,Electricity,GWH,Gigawatt-hour,MK,North Macedonia,1997,,17.000,,,,,
dataflow,ESTAT:NRG_BAL_C(1.0),Complete energy balances,A,Annual,FC_TRA_E,Final consumption - transport sector - energy use,E7000,Electricity,GWH,Gigawatt-hour,MK,North Macedonia,1998,,24.000,,,,,
dataflow,ESTAT:NRG_BAL_C(1.0),Complete energy balances,A,Annual,FC_TRA_E,Final consumption - transport sector - energy use,E7000,Electricity,GWH,Gigawatt-hour,MK,North Macedonia,1999,,21.000,,,,,
dataflow,ESTAT:NRG_BAL_C(1.0),Complete energy balances,A,Annual,FC_TRA_E,Final consumption - transport sector - energy use,E7000,Electricity,GWH,Gigawatt-hour,MK,North Macedonia,2000,,24.000,,,,,
dataflow,ESTAT:NRG_BAL_C(1.0),Complete energy balances,A,Annual,FC_TRA_E,Final consumption - transport sector - energy use,E7000,Electricity,GWH,Gigawatt-hour,MK,North Macedonia,2001,,22.000,,,,,
dataflow,ESTAT:NRG_BAL_C(1.0),Complete energy balances,A,Annual,FC_TRA_E,Final consumption - transport sector - energy use,E7000,Electricity,GWH,Gigawatt-hour,MK,North Macedonia,2002,,23.000,,,,,
dataflow,ESTAT:NRG_BAL_C(1.0),Complete energy balances,A,Annual,FC_TRA_E,Final consumption - transport sector - energy use,E7000,Electricity,GWH,Gigawatt-hour,MK,North Macedonia,2003,,21.000,,,,,
dataflow,ESTAT:NRG_BAL_C(1.0),Complete energy balances,A,Annual,FC_TRA_E,Final consumption - transport sector - energy use,E7000,Electricity,GWH,Gigawatt-hour,MK,North Macedonia,2004,,21.000,,,,,
dataflow,ESTAT:NRG_BAL_C(1.0),Complete energy balances,A,Annual,FC_TRA_E,Final consumption - transport sector - energy use,E7000,Electricity,GWH,Gigawatt-hour,MK,North Macedonia,2005,,24.000,,,,,
dataflow,ESTAT:NRG_BAL_C(1.0),Complete energy balances,A,Annual,FC_TRA_E,Final consumption - transport sector - energy use,E7000,Electricity,GWH,Gigawatt-hour,MK,North Macedonia,2006,,27.000,,,,,
dataflow,ESTAT:NRG_BAL_C(1.0),Complete energy balances,A,Annual,FC_TRA_E,Final consumption - transport sector - energy use,E7000,Electricity,GWH,Gigawatt-hour,MK,North Macedonia,2007,,30.000,,,,,
dataflow,ESTAT:NRG_BAL_C(1.0),Complete energy balances,A,Annual,FC_TRA_E,Final consumption - transport sector - energy use,E7000,Electricity,GWH,Gigawatt-hour,MK,North Macedonia,2008,,31.000,,,,,
dataflow,ESTAT:NRG_BAL_C(1.0),Complete energy balances,A,Annual,FC_TRA_E,Final consumption - transport sector - energy use,E7000,Electricity,GWH,Gigawatt-hour,MK,North Macedonia,2009,,27.000,,,,,
dataflow,ESTAT:NRG_BAL_C(1.0),Complete energy balances,A,Annual,FC_TRA_E,Final consumption - transport sector - energy use,E7000,Electricity,GWH,Gigawatt-hour,MK,North Macedonia,2010,,20.000,,,,,
dataflow,ESTAT:NRG_BAL_C(1.0),Complete energy balances,A,Annual,FC_TRA_E,Final consumption - transport sector - energy use,E7000,Electricity,GWH,Gigawatt-hour,MK,North Macedonia,2011,,17.000,,,,,
dataflow,ESTAT:NRG_BAL_C(1.0),Complete energy balances,A,Annual,FC_TRA_E,Final consumption - transport sector - energy use,E7000,Electricity,GWH,Gigawatt-hour,MK,North Macedonia,2012,,17.000,,,,,
dataflow,ESTAT:NRG_BAL_C(1.0),Complete energy balances,A,Annual,FC_TRA_E,Final consumption - transport sector - energy use,E7000,Electricity,GWH,Gigawatt-hour,MK,North Macedonia,2013,,17.000,,,,,
dataflow,ESTAT:NRG_BAL_C(1.0),Complete energy balances,A,Annual,FC_TRA_E,Final consumption - transport sector - energy use,E7000,Electricity,GWH,Gigawatt-hour,MK,North Macedonia,2014,,19.000,,,,,
dataflow,ESTAT:NRG_BAL_C(1.0),Complete energy balances,A,Annual,FC_TRA_E,Final consumption - transport sector - energy use,E7000,Electricity,GWH,Gigawatt-hour,MK,North Macedonia,2015,,17.000,,,,,
dataflow,ESTAT:NRG_BAL_C(1.0),Complete energy balances,A,Annual,FC_TRA_E,Final consumption - transport sector - energy use,E7000,Electricity,GWH,Gigawatt-hour,MK,North Macedonia,2016,,14.056,,,,,
dataflow,ESTAT:NRG_BAL_C(1.0),Complete energy balances,A,Annual,FC_TRA_E,Final consumption - transport sector - energy use,E7000,Electricity,GWH,Gigawatt-hour,MK,North Macedonia,2017,,13.666,,,,,
dataflow,ESTAT:NRG_BAL_C(1.0),Complete energy balances,A,Annual,FC_TRA_E,Final consumption - transport sector - energy use,E7000,Electricity,GWH,Gigawatt-hour,MK,North Macedonia,2018,,11.764,,,,,
dataflow,ESTAT:NRG_BAL_C(1.0),Complete energy balances,A,Annual,FC_TRA_E,Final consumption - transport sector - energy use,E7000,Electricity,GWH,Gigawatt-hour,MK,North Macedonia,2019,,14.096,,,,,
dataflow,ESTAT:NRG_BAL_C(1.0),Complete energy balances,A,Annual,FC_TRA_E,Final consumption - transport sector - energy use,E7000,Electricity,GWH,Gigawatt-hour,MK,North Macedonia,2020,,12.698,,,,,
dataflow,ESTAT:NRG_BAL_C(1.0),Complete energy balances,A,Annual,FC_TRA_E,Final consumption - transport sector - energy use,E7000,Electricity,GWH,Gigawatt-hour,MK,North Macedonia,2021,,13.914,,,,,
dataflow,ESTAT:NRG_BAL_C(1.0),Complete energy balances,A,Annual,FC_TRA_E,Final consumption - transport sector - energy use,E7000,Electricity,GWH,Gigawatt-hour,MK,North Macedonia,2022,,12.078,,,,,
dataflow,ESTAT:NRG_BAL_C(1.0),Complete energy balances,A,Annual,FC_TRA_E,Final consumption - transport sector - energy use,E7000,Electricity,GWH,Gigawatt-hour,MK,North Macedonia,2023,,0.008,,,,,
dataflow,ESTAT:NRG_BAL_C(1.0),Complete energy balances,A,Annual,FC_TRA_E,Final consumption - transport sector - energy use,E7000,Electricity,GWH,Gigawatt-hour,MK,North Macedonia,2024,,0.007,,,,,
dataflow,ESTAT:NRG_BAL_C(1.0),Complete energy balances,A,Annual,FC_TRA_E,Final consumption - transport sector - energy use,E7000,Electricity,GWH,Gigawatt-hour,MT,Malta,1990,,0.000,,,,,
dataflow,ESTAT:NRG_BAL_C(1.0),Complete energy balances,A,Annual,FC_TRA_E,Final consumption - transport sector - energy use,E7000,Electricity,GWH,Gigawatt-hour,MT,Malta,1991,,0.000,,,,,
dataflow,ESTAT:NRG_BAL_C(1.0),Complete energy balances,A,Annual,FC_TRA_E,Final consumption - transport sector - energy use,E7000,Electricity,GWH,Gigawatt-hour,MT,Malta,1992,,0.000,,,,,
dataflow,ESTAT:NRG_BAL_C(1.0),Complete energy balances,A,Annual,FC_TRA_E,Final consumption - transport sector - energy use,E7000,Electricity,GWH,Gigawatt-hour,MT,Malta,1993,,0.000,,,,,
dataflow,ESTAT:NRG_BAL_C(1.0),Complete energy balances,A,Annual,FC_TRA_E,Final consumption - transport sector - energy use,E7000,Electricity,GWH,Gigawatt-hour,MT,Malta,1994,,0.000,,,,,
dataflow,ESTAT:NRG_BAL_C(1.0),Complete energy balances,A,Annual,FC_TRA_E,Final consumption - transport sector - energy use,E7000,Electricity,GWH,Gigawatt-hour,MT,Malta,1995,,0.000,,,,,
dataflow,ESTAT:NRG_BAL_C(1.0),Complete energy balances,A,Annual,FC_TRA_E,Final consumption - transport sector - energy use,E7000,Electricity,GWH,Gigawatt-hour,MT,Malta,1996,,0.000,,,,,
dataflow,ESTAT:NRG_BAL_C(1.0),Complete energy balances,A,Annual,FC_TRA_E,Final consumption - transport sector - energy use,E7000,Electricity,GWH,Gigawatt-hour,MT,Malta,1997,,0.000,,,,,
dataflow,ESTAT:NRG_BAL_C(1.0),Complete energy balances,A,Annual,FC_TRA_E,Final consumption - transport sector - energy use,E7000,Electricity,GWH,Gigawatt-hour,MT,Malta,1998,,0.000,,,,,
dataflow,ESTAT:NRG_BAL_C(1.0),Complete energy balances,A,Annual,FC_TRA_E,Final consumption - transport sector - energy use,E7000,Electricity,GWH,Gigawatt-hour,MT,Malta,1999,,0.000,,,,,
dataflow,ESTAT:NRG_BAL_C(1.0),Complete energy balances,A,Annual,FC_TRA_E,Final consumption - transport sector - energy use,E7000,Electricity,GWH,Gigawatt-hour,MT,Malta,2000,,0.000,,,,,
dataflow,ESTAT:NRG_BAL_C(1.0),Complete energy balances,A,Annual,FC_TRA_E,Final consumption - transport sector - energy use,E7000,Electricity,GWH,Gigawatt-hour,MT,Malta,2001,,0.000,,,,,
dataflow,ESTAT:NRG_BAL_C(1.0),Complete energy balances,A,Annual,FC_TRA_E,Final consumption - transport sector - energy use,E7000,Electricity,GWH,Gigawatt-hour,MT,Malta,2002,,0.000,,,,,
dataflow,ESTAT:NRG_BAL_C(1.0),Complete energy balances,A,Annual,FC_TRA_E,Final consumption - transport sector - energy use,E7000,Electricity,GWH,Gigawatt-hour,MT,Malta,2003,,0.000,,,,,
dataflow,ESTAT:NRG_BAL_C(1.0),Complete energy balances,A,Annual,FC_TRA_E,Final consumption - transport sector - energy use,E7000,Electricity,GWH,Gigawatt-hour,MT,Malta,2004,,0.000,,,,,
dataflow,ESTAT:NRG_BAL_C(1.0),Complete energy balances,A,Annual,FC_TRA_E,Final consumption - transport sector - energy use,E7000,Electricity,GWH,Gigawatt-hour,MT,Malta,2005,,0.000,,,,,
dataflow,ESTAT:NRG_BAL_C(1.0),Complete energy balances,A,Annual,FC_TRA_E,Final consumption - transport sector - energy use,E7000,Electricity,GWH,Gigawatt-hour,MT,Malta,2006,,0.000,,,,,
dataflow,ESTAT:NRG_BAL_C(1.0),Complete energy balances,A,Annual,FC_TRA_E,Final consumption - transport sector - energy use,E7000,Electricity,GWH,Gigawatt-hour,MT,Malta,2007,,0.000,,,,,
dataflow,ESTAT:NRG_BAL_C(1.0),Complete energy balances,A,Annual,FC_TRA_E,Final consumption - transport sector - energy use,E7000,Electricity,GWH,Gigawatt-hour,MT,Malta,2008,,0.000,,,,,
dataflow,ESTAT:NRG_BAL_C(1.0),Complete energy balances,A,Annual,FC_TRA_E,Final consumption - transport sector - energy use,E7000,Electricity,GWH,Gigawatt-hour,MT,Malta,2009,,0.000,,,,,
dataflow,ESTAT:NRG_BAL_C(1.0),Complete energy balances,A,Annual,FC_TRA_E,Final consumption - transport sector - energy use,E7000,Electricity,GWH,Gigawatt-hour,MT,Malta,2010,,0.000,,,,,
dataflow,ESTAT:NRG_BAL_C(1.0),Complete energy balances,A,Annual,FC_TRA_E,Final consumption - transport sector - energy use,E7000,Electricity,GWH,Gigawatt-hour,MT,Malta,2011,,0.000,,,,,
dataflow,ESTAT:NRG_BAL_C(1.0),Complete energy balances,A,Annual,FC_TRA_E,Final consumption - transport sector - energy use,E7000,Electricity,GWH,Gigawatt-hour,MT,Malta,2012,,0.000,,,,,
dataflow,ESTAT:NRG_BAL_C(1.0),Complete energy balances,A,Annual,FC_TRA_E,Final consumption - transport sector - energy use,E7000,Electricity,GWH,Gigawatt-hour,MT,Malta,2013,,0.000,,,,,
dataflow,ESTAT:NRG_BAL_C(1.0),Complete energy balances,A,Annual,FC_TRA_E,Final consumption - transport sector - energy use,E7000,Electricity,GWH,Gigawatt-hour,MT,Malta,2014,,0.000,,,,,
dataflow,ESTAT:NRG_BAL_C(1.0),Complete energy balances,A,Annual,FC_TRA_E,Final consumption - transport sector - energy use,E7000,Electricity,GWH,Gigawatt-hour,MT,Malta,2015,,0.000,,,,,
dataflow,ESTAT:NRG_BAL_C(1.0),Complete energy balances,A,Annual,FC_TRA_E,Final consumption - transport sector - energy use,E7000,Electricity,GWH,Gigawatt-hour,MT,Malta,2016,,0.000,,,,,
dataflow,ESTAT:NRG_BAL_C(1.0),Complete energy balances,A,Annual,FC_TRA_E,Final consumption - transport sector - energy use,E7000,Electricity,GWH,Gigawatt-hour,MT,Malta,2017,,0.341,,,,,
dataflow,ESTAT:NRG_BAL_C(1.0),Complete energy balances,A,Annual,FC_TRA_E,Final consumption - transport sector - energy use,E7000,Electricity,GWH,Gigawatt-hour,MT,Malta,2018,,0.960,,,,,
dataflow,ESTAT:NRG_BAL_C(1.0),Complete energy balances,A,Annual,FC_TRA_E,Final consumption - transport sector - energy use,E7000,Electricity,GWH,Gigawatt-hour,MT,Malta,2019,,1.738,,,,,
dataflow,ESTAT:NRG_BAL_C(1.0),Complete energy balances,A,Annual,FC_TRA_E,Final consumption - transport sector - energy use,E7000,Electricity,GWH,Gigawatt-hour,MT,Malta,2020,,1.603,,,,,
dataflow,ESTAT:NRG_BAL_C(1.0),Complete energy balances,A,Annual,FC_TRA_E,Final consumption - transport sector - energy use,E7000,Electricity,GWH,Gigawatt-hour,MT,Malta,2021,,6.581,,,,,
dataflow,ESTAT:NRG_BAL_C(1.0),Complete energy balances,A,Annual,FC_TRA_E,Final consumption - transport sector - energy use,E7000,Electricity,GWH,Gigawatt-hour,MT,Malta,2022,,10.856,,,,,
dataflow,ESTAT:NRG_BAL_C(1.0),Complete energy balances,A,Annual,FC_TRA_E,Final consumption - transport sector - energy use,E7000,Electricity,GWH,Gigawatt-hour,MT,Malta,2023,,18.350,,,,,
dataflow,ESTAT:NRG_BAL_C(1.0),Complete energy balances,A,Annual,FC_TRA_E,Final consumption - transport sector - energy use,E7000,Electricity,GWH,Gigawatt-hour,MT,Malta,2024,,23.630,,,,,
dataflow,ESTAT:NRG_BAL_C(1.0),Complete energy balances,A,Annual,FC_TRA_E,Final consumption - transport sector - energy use,E7000,Electricity,GWH,Gigawatt-hour,NL,Netherlands,1990,,1286.000,,,,,
dataflow,ESTAT:NRG_BAL_C(1.0),Complete energy balances,A,Annual,FC_TRA_E,Final consumption - transport sector - energy use,E7000,Electricity,GWH,Gigawatt-hour,NL,Netherlands,1991,,1368.000,,,,,
dataflow,ESTAT:NRG_BAL_C(1.0),Complete energy balances,A,Annual,FC_TRA_E,Final consumption - transport sector - energy use,E7000,Electricity,GWH,Gigawatt-hour,NL,Netherlands,1992,,1398.000,,,,,
dataflow,ESTAT:NRG_BAL_C(1.0),Complete energy balances,A,Annual,FC_TRA_E,Final consumption - transport sector - energy use,E7000,Electricity,GWH,Gigawatt-hour,NL,Netherlands,1993,,1449.000,,,,,
dataflow,ESTAT:NRG_BAL_C(1.0),Complete energy balances,A,Annual,FC_TRA_E,Final consumption - transport sector - energy use,E7000,Electricity,GWH,Gigawatt-hour,NL,Netherlands,1994,,1456.000,,,,,
dataflow,ESTAT:NRG_BAL_C(1.0),Complete energy balances,A,Annual,FC_TRA_E,Final consumption - transport sector - energy use,E7000,Electricity,GWH,Gigawatt-hour,NL,Netherlands,1995,,1487.000,,,,,
dataflow,ESTAT:NRG_BAL_C(1.0),Complete energy balances,A,Annual,FC_TRA_E,Final consumption - transport sector - energy use,E7000,Electricity,GWH,Gigawatt-hour,NL,Netherlands,1996,,1573.000,,,,,
dataflow,ESTAT:NRG_BAL_C(1.0),Complete energy balances,A,Annual,FC_TRA_E,Final consumption - transport sector - energy use,E7000,Electricity,GWH,Gigawatt-hour,NL,Netherlands,1997,,1578.000,,,,,
dataflow,ESTAT:NRG_BAL_C(1.0),Complete energy balances,A,Annual,FC_TRA_E,Final consumption - transport sector - energy use,E7000,Electricity,GWH,Gigawatt-hour,NL,Netherlands,1998,,1638.000,,,,,
dataflow,ESTAT:NRG_BAL_C(1.0),Complete energy balances,A,Annual,FC_TRA_E,Final consumption - transport sector - energy use,E7000,Electricity,GWH,Gigawatt-hour,NL,Netherlands,1999,,1648.000,,,,,
dataflow,ESTAT:NRG_BAL_C(1.0),Complete energy balances,A,Annual,FC_TRA_E,Final consumption - transport sector - energy use,E7000,Electricity,GWH,Gigawatt-hour,NL,Netherlands,2000,,1639.000,,,,,
dataflow,ESTAT:NRG_BAL_C(1.0),Complete energy balances,A,Annual,FC_TRA_E,Final consumption - transport sector - energy use,E7000,Electricity,GWH,Gigawatt-hour,NL,Netherlands,2001,,1586.000,,,,,
dataflow,ESTAT:NRG_BAL_C(1.0),Complete energy balances,A,Annual,FC_TRA_E,Final consumption - transport sector - energy use,E7000,Electricity,GWH,Gigawatt-hour,NL,Netherlands,2002,,1567.000,,,,,
dataflow,ESTAT:NRG_BAL_C(1.0),Complete energy balances,A,Annual,FC_TRA_E,Final consumption - transport sector - energy use,E7000,Electricity,GWH,Gigawatt-hour,NL,Netherlands,2003,,1595.000,,,,,
dataflow,ESTAT:NRG_BAL_C(1.0),Complete energy balances,A,Annual,FC_TRA_E,Final consumption - transport sector - energy use,E7000,Electricity,GWH,Gigawatt-hour,NL,Netherlands,2004,,1657.000,,,,,
dataflow,ESTAT:NRG_BAL_C(1.0),Complete energy balances,A,Annual,FC_TRA_E,Final consumption - transport sector - energy use,E7000,Electricity,GWH,Gigawatt-hour,NL,Netherlands,2005,,1618.000,,,,,
dataflow,ESTAT:NRG_BAL_C(1.0),Complete energy balances,A,Annual,FC_TRA_E,Final consumption - transport sector - energy use,E7000,Electricity,GWH,Gigawatt-hour,NL,Netherlands,2006,,1614.000,,,,,
dataflow,ESTAT:NRG_BAL_C(1.0),Complete energy balances,A,Annual,FC_TRA_E,Final consumption - transport sector - energy use,E7000,Electricity,GWH,Gigawatt-hour,NL,Netherlands,2007,,1590.000,,,,,
dataflow,ESTAT:NRG_BAL_C(1.0),Complete energy balances,A,Annual,FC_TRA_E,Final consumption - transport sector - energy use,E7000,Electricity,GWH,Gigawatt-hour,NL,Netherlands,2008,,1624.000,,,,,
dataflow,ESTAT:NRG_BAL_C(1.0),Complete energy balances,A,Annual,FC_TRA_E,Final consumption - transport sector - energy use,E7000,Electricity,GWH,Gigawatt-hour,NL,Netherlands,2009,,1678.000,,,,,
dataflow,ESTAT:NRG_BAL_C(1.0),Complete energy balances,A,Annual,FC_TRA_E,Final consumption - transport sector - energy use,E7000,Electricity,GWH,Gigawatt-hour,NL,Netherlands,2010,,1756.000,,,,,
dataflow,ESTAT:NRG_BAL_C(1.0),Complete energy balances,A,Annual,FC_TRA_E,Final consumption - transport sector - energy use,E7000,Electricity,GWH,Gigawatt-hour,NL,Netherlands,2011,,1741.000,,,,,
dataflow,ESTAT:NRG_BAL_C(1.0),Complete energy balances,A,Annual,FC_TRA_E,Final consumption - transport sector - energy use,E7000,Electricity,GWH,Gigawatt-hour,NL,Netherlands,2012,,1763.000,,,,,
dataflow,ESTAT:NRG_BAL_C(1.0),Complete energy balances,A,Annual,FC_TRA_E,Final consumption - transport sector - energy use,E7000,Electricity,GWH,Gigawatt-hour,NL,Netherlands,2013,,1750.000,,,,,
dataflow,ESTAT:NRG_BAL_C(1.0),Complete energy balances,A,Annual,FC_TRA_E,Final consumption - transport sector - energy use,E7000,Electricity,GWH,Gigawatt-hour,NL,Netherlands,2014,,1716.000,,,,,
dataflow,ESTAT:NRG_BAL_C(1.0),Complete energy balances,A,Annual,FC_TRA_E,Final consumption - transport sector - energy use,E7000,Electricity,GWH,Gigawatt-hour,NL,Netherlands,2015,,1806.253,,,,,
dataflow,ESTAT:NRG_BAL_C(1.0),Complete energy balances,A,Annual,FC_TRA_E,Final consumption - transport sector - energy use,E7000,Electricity,GWH,Gigawatt-hour,NL,Netherlands,2016,,1921.245,,,,,
dataflow,ESTAT:NRG_BAL_C(1.0),Complete energy balances,A,Annual,FC_TRA_E,Final consumption - transport sector - energy use,E7000,Electricity,GWH,Gigawatt-hour,NL,Netherlands,2017,,1997.076,,,,,
dataflow,ESTAT:NRG_BAL_C(1.0),Complete energy balances,A,Annual,FC_TRA_E,Final consumption - transport sector - energy use,E7000,Electricity,GWH,Gigawatt-hour,NL,Netherlands,2018,,2163.829,,,,,
dataflow,ESTAT:NRG_BAL_C(1.0),Complete energy balances,A,Annual,FC_TRA_E,Final consumption - transport sector - energy use,E7000,Electricity,GWH,Gigawatt-hour,NL,Netherlands,2019,,2348.597,,,,,
dataflow,ESTAT:NRG_BAL_C(1.0),Complete energy balances,A,Annual,FC_TRA_E,Final consumption - transport sector - energy use,E7000,Electricity,GWH,Gigawatt-hour,NL,Netherlands,2020,,2300.195,,,,,
dataflow,ESTAT:NRG_BAL_C(1.0),Complete energy balances,A,Annual,FC_TRA_E,Final consumption - transport sector - energy use,E7000,Electricity,GWH,Gigawatt-hour,NL,Netherlands,2021,,2696.726,,,,,
dataflow,ESTAT:NRG_BAL_C(1.0),Complete energy balances,A,Annual,FC_TRA_E,Final consumption - transport sector - energy use,E7000,Electricity,GWH,Gigawatt-hour,NL,Netherlands,2022,,3332.590,,,,,
dataflow,ESTAT:NRG_BAL_C(1.0),Complete energy balances,A,Annual,FC_TRA_E,Final consumption - transport sector - energy use,E7000,Electricity,GWH,Gigawatt-hour,NL,Netherlands,2023,,3872.675,,,,,
dataflow,ESTAT:NRG_BAL_C(1.0),Complete energy balances,A,Annual,FC_TRA_E,Final consumption - transport sector - energy use,E7000,Electricity,GWH,Gigawatt-hour,NL,Netherlands,2024,,4454.204,,,,,
dataflow,ESTAT:NRG_BAL_C(1.0),Complete energy balances,A,Annual,FC_TRA_E,Final consumption - transport sector - energy use,E7000,Electricity,GWH,Gigawatt-hour,NO,Norway,1990,,652.000,,,,,
dataflow,ESTAT:NRG_BAL_C(1.0),Complete energy balances,A,Annual,FC_TRA_E,Final consumption - transport sector - energy use,E7000,Electricity,GWH,Gigawatt-hour,NO,Norway,1991,,637.000,,,,,
dataflow,ESTAT:NRG_BAL_C(1.0),Complete energy balances,A,Annual,FC_TRA_E,Final consumption - transport sector - energy use,E7000,Electricity,GWH,Gigawatt-hour,NO,Norway,1992,,670.000,,,,,
dataflow,ESTAT:NRG_BAL_C(1.0),Complete energy balances,A,Annual,FC_TRA_E,Final consumption - transport sector - energy use,E7000,Electricity,GWH,Gigawatt-hour,NO,Norway,1993,,613.000,,,,,
dataflow,ESTAT:NRG_BAL_C(1.0),Complete energy balances,A,Annual,FC_TRA_E,Final consumption - transport sector - energy use,E7000,Electricity,GWH,Gigawatt-hour,NO,Norway,1994,,605.000,,,,,
dataflow,ESTAT:NRG_BAL_C(1.0),Complete energy balances,A,Annual,FC_TRA_E,Final consumption - transport sector - energy use,E7000,Electricity,GWH,Gigawatt-hour,NO,Norway,1995,,641.000,,,,,
dataflow,ESTAT:NRG_BAL_C(1.0),Complete energy balances,A,Annual,FC_TRA_E,Final consumption - transport sector - energy use,E7000,Electricity,GWH,Gigawatt-hour,NO,Norway,1996,,618.000,,,,,
dataflow,ESTAT:NRG_BAL_C(1.0),Complete energy balances,A,Annual,FC_TRA_E,Final consumption - transport sector - energy use,E7000,Electricity,GWH,Gigawatt-hour,NO,Norway,1997,,611.000,,,,,
dataflow,ESTAT:NRG_BAL_C(1.0),Complete energy balances,A,Annual,FC_TRA_E,Final consumption - transport sector - energy use,E7000,Electricity,GWH,Gigawatt-hour,NO,Norway,1998,,638.000,,,,,
dataflow,ESTAT:NRG_BAL_C(1.0),Complete energy balances,A,Annual,FC_TRA_E,Final consumption - transport sector - energy use,E7000,Electricity,GWH,Gigawatt-hour,NO,Norway,1999,,590.000,,,,,
dataflow,ESTAT:NRG_BAL_C(1.0),Complete energy balances,A,Annual,FC_TRA_E,Final consumption - transport sector - energy use,E7000,Electricity,GWH,Gigawatt-hour,NO,Norway,2000,,624.000,,,,,
dataflow,ESTAT:NRG_BAL_C(1.0),Complete energy balances,A,Annual,FC_TRA_E,Final consumption - transport sector - energy use,E7000,Electricity,GWH,Gigawatt-hour,NO,Norway,2001,,636.000,,,,,
dataflow,ESTAT:NRG_BAL_C(1.0),Complete energy balances,A,Annual,FC_TRA_E,Final consumption - transport sector - energy use,E7000,Electricity,GWH,Gigawatt-hour,NO,Norway,2002,,630.000,,,,,
dataflow,ESTAT:NRG_BAL_C(1.0),Complete energy balances,A,Annual,FC_TRA_E,Final consumption - transport sector - energy use,E7000,Electricity,GWH,Gigawatt-hour,NO,Norway,2003,,620.000,,,,,
dataflow,ESTAT:NRG_BAL_C(1.0),Complete energy balances,A,Annual,FC_TRA_E,Final consumption - transport sector - energy use,E7000,Electricity,GWH,Gigawatt-hour,NO,Norway,2004,,591.000,,,,,
dataflow,ESTAT:NRG_BAL_C(1.0),Complete energy balances,A,Annual,FC_TRA_E,Final consumption - transport sector - energy use,E7000,Electricity,GWH,Gigawatt-hour,NO,Norway,2005,,601.000,,,,,
dataflow,ESTAT:NRG_BAL_C(1.0),Complete energy balances,A,Annual,FC_TRA_E,Final consumption - transport sector - energy use,E7000,Electricity,GWH,Gigawatt-hour,NO,Norway,2006,,648.000,,,,,
dataflow,ESTAT:NRG_BAL_C(1.0),Complete energy balances,A,Annual,FC_TRA_E,Final consumption - transport sector - energy use,E7000,Electricity,GWH,Gigawatt-hour,NO,Norway,2007,,639.000,,,,,
dataflow,ESTAT:NRG_BAL_C(1.0),Complete energy balances,A,Annual,FC_TRA_E,Final consumption - transport sector - energy use,E7000,Electricity,GWH,Gigawatt-hour,NO,Norway,2008,,684.000,,,,,
dataflow,ESTAT:NRG_BAL_C(1.0),Complete energy balances,A,Annual,FC_TRA_E,Final consumption - transport sector - energy use,E7000,Electricity,GWH,Gigawatt-hour,NO,Norway,2009,,660.000,,,,,
dataflow,ESTAT:NRG_BAL_C(1.0),Complete energy balances,A,Annual,FC_TRA_E,Final consumption - transport sector - energy use,E7000,Electricity,GWH,Gigawatt-hour,NO,Norway,2010,,571.376,,,,,
dataflow,ESTAT:NRG_BAL_C(1.0),Complete energy balances,A,Annual,FC_TRA_E,Final consumption - transport sector - energy use,E7000,Electricity,GWH,Gigawatt-hour,NO,Norway,2011,,546.511,,,,,
dataflow,ESTAT:NRG_BAL_C(1.0),Complete energy balances,A,Annual,FC_TRA_E,Final consumption - transport sector - energy use,E7000,Electricity,GWH,Gigawatt-hour,NO,Norway,2012,,622.396,,,,,
dataflow,ESTAT:NRG_BAL_C(1.0),Complete energy balances,A,Annual,FC_TRA_E,Final consumption - transport sector - energy use,E7000,Electricity,GWH,Gigawatt-hour,NO,Norway,2013,,627.170,,,,,
dataflow,ESTAT:NRG_BAL_C(1.0),Complete energy balances,A,Annual,FC_TRA_E,Final consumption - transport sector - energy use,E7000,Electricity,GWH,Gigawatt-hour,NO,Norway,2014,,652.869,,,,,
dataflow,ESTAT:NRG_BAL_C(1.0),Complete energy balances,A,Annual,FC_TRA_E,Final consumption - transport sector - energy use,E7000,Electricity,GWH,Gigawatt-hour,NO,Norway,2015,,795.738,,,,,
dataflow,ESTAT:NRG_BAL_C(1.0),Complete energy balances,A,Annual,FC_TRA_E,Final consumption - transport sector - energy use,E7000,Electricity,GWH,Gigawatt-hour,NO,Norway,2016,,851.971,,,,,
dataflow,ESTAT:NRG_BAL_C(1.0),Complete energy balances,A,Annual,FC_TRA_E,Final consumption - transport sector - energy use,E7000,Electricity,GWH,Gigawatt-hour,NO,Norway,2017,,1048.747,,,,,
dataflow,ESTAT:NRG_BAL_C(1.0),Complete energy balances,A,Annual,FC_TRA_E,Final consumption - transport sector - energy use,E7000,Electricity,GWH,Gigawatt-hour,NO,Norway,2018,,1206.850,,,,,
dataflow,ESTAT:NRG_BAL_C(1.0),Complete energy balances,A,Annual,FC_TRA_E,Final consumption - transport sector - energy use,E7000,Electricity,GWH,Gigawatt-hour,NO,Norway,2019,,1424.075,,,,,
dataflow,ESTAT:NRG_BAL_C(1.0),Complete energy balances,A,Annual,FC_TRA_E,Final consumption - transport sector - energy use,E7000,Electricity,GWH,Gigawatt-hour,NO,Norway,2020,,1766.681,,,,,
dataflow,ESTAT:NRG_BAL_C(1.0),Complete energy balances,A,Annual,FC_TRA_E,Final consumption - transport sector - energy use,E7000,Electricity,GWH,Gigawatt-hour,NO,Norway,2021,,2228.061,,,,,
dataflow,ESTAT:NRG_BAL_C(1.0),Complete energy balances,A,Annual,FC_TRA_E,Final consumption - transport sector - energy use,E7000,Electricity,GWH,Gigawatt-hour,NO,Norway,2022,,2914.330,,,,,
dataflow,ESTAT:NRG_BAL_C(1.0),Complete energy balances,A,Annual,FC_TRA_E,Final consumption - transport sector - energy use,E7000,Electricity,GWH,Gigawatt-hour,NO,Norway,2023,,3368.688,,,,,
dataflow,ESTAT:NRG_BAL_C(1.0),Complete energy balances,A,Annual,FC_TRA_E,Final consumption - transport sector - energy use,E7000,Electricity,GWH,Gigawatt-hour,NO,Norway,2024,,3769.116,,,,,
dataflow,ESTAT:NRG_BAL_C(1.0),Complete energy balances,A,Annual,FC_TRA_E,Final consumption - transport sector - energy use,E7000,Electricity,GWH,Gigawatt-hour,PL,Poland,1990,,5481.000,,,,,
dataflow,ESTAT:NRG_BAL_C(1.0),Complete energy balances,A,Annual,FC_TRA_E,Final consumption - transport sector - energy use,E7000,Electricity,GWH,Gigawatt-hour,PL,Poland,1991,,4983.000,,,,,
dataflow,ESTAT:NRG_BAL_C(1.0),Complete energy balances,A,Annual,FC_TRA_E,Final consumption - transport sector - energy use,E7000,Electricity,GWH,Gigawatt-hour,PL,Poland,1992,,4500.000,,,,,
dataflow,ESTAT:NRG_BAL_C(1.0),Complete energy balances,A,Annual,FC_TRA_E,Final consumption - transport sector - energy use,E7000,Electricity,GWH,Gigawatt-hour,PL,Poland,1993,,4692.000,,,,,
dataflow,ESTAT:NRG_BAL_C(1.0),Complete energy balances,A,Annual,FC_TRA_E,Final consumption - transport sector - energy use,E7000,Electricity,GWH,Gigawatt-hour,PL,Poland,1994,,4656.000,,,,,
dataflow,ESTAT:NRG_BAL_C(1.0),Complete energy balances,A,Annual,FC_TRA_E,Final consumption - transport sector - energy use,E7000,Electricity,GWH,Gigawatt-hour,PL,Poland,1995,,4682.000,,,,,
dataflow,ESTAT:NRG_BAL_C(1.0),Complete energy balances,A,Annual,FC_TRA_E,Final consumption - transport sector - energy use,E7000,Electricity,GWH,Gigawatt-hour,PL,Poland,1996,,4863.000,,,,,
dataflow,ESTAT:NRG_BAL_C(1.0),Complete energy balances,A,Annual,FC_TRA_E,Final consumption - transport sector - energy use,E7000,Electricity,GWH,Gigawatt-hour,PL,Poland,1997,,4709.000,,,,,
dataflow,ESTAT:NRG_BAL_C(1.0),Complete energy balances,A,Annual,FC_TRA_E,Final consumption - transport sector - energy use,E7000,Electricity,GWH,Gigawatt-hour,PL,Poland,1998,,4736.000,,,,,
dataflow,ESTAT:NRG_BAL_C(1.0),Complete energy balances,A,Annual,FC_TRA_E,Final consumption - transport sector - energy use,E7000,Electricity,GWH,Gigawatt-hour,PL,Poland,1999,,4649.000,,,,,
dataflow,ESTAT:NRG_BAL_C(1.0),Complete energy balances,A,Annual,FC_TRA_E,Final consumption - transport sector - energy use,E7000,Electricity,GWH,Gigawatt-hour,PL,Poland,2000,,4653.000,,,,,
dataflow,ESTAT:NRG_BAL_C(1.0),Complete energy balances,A,Annual,FC_TRA_E,Final consumption - transport sector - energy use,E7000,Electricity,GWH,Gigawatt-hour,PL,Poland,2001,,4638.000,,,,,
dataflow,ESTAT:NRG_BAL_C(1.0),Complete energy balances,A,Annual,FC_TRA_E,Final consumption - transport sector - energy use,E7000,Electricity,GWH,Gigawatt-hour,PL,Poland,2002,,4651.000,,,,,
dataflow,ESTAT:NRG_BAL_C(1.0),Complete energy balances,A,Annual,FC_TRA_E,Final consumption - transport sector - energy use,E7000,Electricity,GWH,Gigawatt-hour,PL,Poland,2003,,4764.000,,,,,
dataflow,ESTAT:NRG_BAL_C(1.0),Complete energy balances,A,Annual,FC_TRA_E,Final consumption - transport sector - energy use,E7000,Electricity,GWH,Gigawatt-hour,PL,Poland,2004,,4287.000,,,,,
dataflow,ESTAT:NRG_BAL_C(1.0),Complete energy balances,A,Annual,FC_TRA_E,Final consumption - transport sector - energy use,E7000,Electricity,GWH,Gigawatt-hour,PL,Poland,2005,,3989.000,,,,,
dataflow,ESTAT:NRG_BAL_C(1.0),Complete energy balances,A,Annual,FC_TRA_E,Final consumption - transport sector - energy use,E7000,Electricity,GWH,Gigawatt-hour,PL,Poland,2006,,3547.000,,,,,
dataflow,ESTAT:NRG_BAL_C(1.0),Complete energy balances,A,Annual,FC_TRA_E,Final consumption - transport sector - energy use,E7000,Electricity,GWH,Gigawatt-hour,PL,Poland,2007,,3679.000,,,,,
dataflow,ESTAT:NRG_BAL_C(1.0),Complete energy balances,A,Annual,FC_TRA_E,Final consumption - transport sector - energy use,E7000,Electricity,GWH,Gigawatt-hour,PL,Poland,2008,,3544.000,,,,,
dataflow,ESTAT:NRG_BAL_C(1.0),Complete energy balances,A,Annual,FC_TRA_E,Final consumption - transport sector - energy use,E7000,Electricity,GWH,Gigawatt-hour,PL,Poland,2009,,3220.000,,,,,
dataflow,ESTAT:NRG_BAL_C(1.0),Complete energy balances,A,Annual,FC_TRA_E,Final consumption - transport sector - energy use,E7000,Electricity,GWH,Gigawatt-hour,PL,Poland,2010,,3338.000,,,,,
dataflow,ESTAT:NRG_BAL_C(1.0),Complete energy balances,A,Annual,FC_TRA_E,Final consumption - transport sector - energy use,E7000,Electricity,GWH,Gigawatt-hour,PL,Poland,2011,,3317.000,,,,,
dataflow,ESTAT:NRG_BAL_C(1.0),Complete energy balances,A,Annual,FC_TRA_E,Final consumption - transport sector - energy use,E7000,Electricity,GWH,Gigawatt-hour,PL,Poland,2012,,3200.000,,,,,
dataflow,ESTAT:NRG_BAL_C(1.0),Complete energy balances,A,Annual,FC_TRA_E,Final consumption - transport sector - energy use,E7000,Electricity,GWH,Gigawatt-hour,PL,Poland,2013,,3156.000,,,,,
dataflow,ESTAT:NRG_BAL_C(1.0),Complete energy balances,A,Annual,FC_TRA_E,Final consumption - transport sector - energy use,E7000,Electricity,GWH,Gigawatt-hour,PL,Poland,2014,,3007.000,,,,,
dataflow,ESTAT:NRG_BAL_C(1.0),Complete energy balances,A,Annual,FC_TRA_E,Final consumption - transport sector - energy use,E7000,Electricity,GWH,Gigawatt-hour,PL,Poland,2015,,3107.000,,,,,
dataflow,ESTAT:NRG_BAL_C(1.0),Complete energy balances,A,Annual,FC_TRA_E,Final consumption - transport sector - energy use,E7000,Electricity,GWH,Gigawatt-hour,PL,Poland,2016,,3287.000,,,,,
dataflow,ESTAT:NRG_BAL_C(1.0),Complete energy balances,A,Annual,FC_TRA_E,Final consumption - transport sector - energy use,E7000,Electricity,GWH,Gigawatt-hour,PL,Poland,2017,,3325.950,,,,,
dataflow,ESTAT:NRG_BAL_C(1.0),Complete energy balances,A,Annual,FC_TRA_E,Final consumption - transport sector - energy use,E7000,Electricity,GWH,Gigawatt-hour,PL,Poland,2018,,3469.370,,,,,
dataflow,ESTAT:NRG_BAL_C(1.0),Complete energy balances,A,Annual,FC_TRA_E,Final consumption - transport sector - energy use,E7000,Electricity,GWH,Gigawatt-hour,PL,Poland,2019,,3413.181,,,,,
dataflow,ESTAT:NRG_BAL_C(1.0),Complete energy balances,A,Annual,FC_TRA_E,Final consumption - transport sector - energy use,E7000,Electricity,GWH,Gigawatt-hour,PL,Poland,2020,,3173.884,,,,,
dataflow,ESTAT:NRG_BAL_C(1.0),Complete energy balances,A,Annual,FC_TRA_E,Final consumption - transport sector - energy use,E7000,Electricity,GWH,Gigawatt-hour,PL,Poland,2021,,3392.383,,,,,
dataflow,ESTAT:NRG_BAL_C(1.0),Complete energy balances,A,Annual,FC_TRA_E,Final consumption - transport sector - energy use,E7000,Electricity,GWH,Gigawatt-hour,PL,Poland,2022,,3502.470,,,,,
dataflow,ESTAT:NRG_BAL_C(1.0),Complete energy balances,A,Annual,FC_TRA_E,Final consumption - transport sector - energy use,E7000,Electricity,GWH,Gigawatt-hour,PL,Poland,2023,,3728.540,,,,,
dataflow,ESTAT:NRG_BAL_C(1.0),Complete energy balances,A,Annual,FC_TRA_E,Final consumption - transport sector - energy use,E7000,Electricity,GWH,Gigawatt-hour,PL,Poland,2024,,3939.150,,,,,
dataflow,ESTAT:NRG_BAL_C(1.0),Complete energy balances,A,Annual,FC_TRA_E,Final consumption - transport sector - energy use,E7000,Electricity,GWH,Gigawatt-hour,PT,Portugal,1990,,310.000,,,,,
dataflow,ESTAT:NRG_BAL_C(1.0),Complete energy balances,A,Annual,FC_TRA_E,Final consumption - transport sector - energy use,E7000,Electricity,GWH,Gigawatt-hour,PT,Portugal,1991,,323.000,,,,,
dataflow,ESTAT:NRG_BAL_C(1.0),Complete energy balances,A,Annual,FC_TRA_E,Final consumption - transport sector - energy use,E7000,Electricity,GWH,Gigawatt-hour,PT,Portugal,1992,,332.000,,,,,
dataflow,ESTAT:NRG_BAL_C(1.0),Complete energy balances,A,Annual,FC_TRA_E,Final consumption - transport sector - energy use,E7000,Electricity,GWH,Gigawatt-hour,PT,Portugal,1993,,325.000,,,,,
dataflow,ESTAT:NRG_BAL_C(1.0),Complete energy balances,A,Annual,FC_TRA_E,Final consumption - transport sector - energy use,E7000,Electricity,GWH,Gigawatt-hour,PT,Portugal,1994,,430.000,,,,,
dataflow,ESTAT:NRG_BAL_C(1.0),Complete energy balances,A,Annual,FC_TRA_E,Final consumption - transport sector - energy use,E7000,Electricity,GWH,Gigawatt-hour,PT,Portugal,1995,,299.000,,,,,
dataflow,ESTAT:NRG_BAL_C(1.0),Complete energy balances,A,Annual,FC_TRA_E,Final consumption - transport sector - energy use,E7000,Electricity,GWH,Gigawatt-hour,PT,Portugal,1996,,320.000,,,,,
dataflow,ESTAT:NRG_BAL_C(1.0),Complete energy balances,A,Annual,FC_TRA_E,Final consumption - transport sector - energy use,E7000,Electricity,GWH,Gigawatt-hour,PT,Portugal,1997,,338.000,,,,,
dataflow,ESTAT:NRG_BAL_C(1.0),Complete energy balances,A,Annual,FC_TRA_E,Final consumption - transport sector - energy use,E7000,Electricity,GWH,Gigawatt-hour,PT,Portugal,1998,,366.000,,,,,
dataflow,ESTAT:NRG_BAL_C(1.0),Complete energy balances,A,Annual,FC_TRA_E,Final consumption - transport sector - energy use,E7000,Electricity,GWH,Gigawatt-hour,PT,Portugal,1999,,365.000,,,,,
dataflow,ESTAT:NRG_BAL_C(1.0),Complete energy balances,A,Annual,FC_TRA_E,Final consumption - transport sector - energy use,E7000,Electricity,GWH,Gigawatt-hour,PT,Portugal,2000,,360.000,,,,,
dataflow,ESTAT:NRG_BAL_C(1.0),Complete energy balances,A,Annual,FC_TRA_E,Final consumption - transport sector - energy use,E7000,Electricity,GWH,Gigawatt-hour,PT,Portugal,2001,,358.000,,,,,
dataflow,ESTAT:NRG_BAL_C(1.0),Complete energy balances,A,Annual,FC_TRA_E,Final consumption - transport sector - energy use,E7000,Electricity,GWH,Gigawatt-hour,PT,Portugal,2002,,411.000,,,,,
dataflow,ESTAT:NRG_BAL_C(1.0),Complete energy balances,A,Annual,FC_TRA_E,Final consumption - transport sector - energy use,E7000,Electricity,GWH,Gigawatt-hour,PT,Portugal,2003,,435.000,,,,,
dataflow,ESTAT:NRG_BAL_C(1.0),Complete energy balances,A,Annual,FC_TRA_E,Final consumption - transport sector - energy use,E7000,Electricity,GWH,Gigawatt-hour,PT,Portugal,2004,,464.000,,,,,
dataflow,ESTAT:NRG_BAL_C(1.0),Complete energy balances,A,Annual,FC_TRA_E,Final consumption - transport sector - energy use,E7000,Electricity,GWH,Gigawatt-hour,PT,Portugal,2005,,472.000,,,,,
dataflow,ESTAT:NRG_BAL_C(1.0),Complete energy balances,A,Annual,FC_TRA_E,Final consumption - transport sector - energy use,E7000,Electricity,GWH,Gigawatt-hour,PT,Portugal,2006,,508.000,,,,,
dataflow,ESTAT:NRG_BAL_C(1.0),Complete energy balances,A,Annual,FC_TRA_E,Final consumption - transport sector - energy use,E7000,Electricity,GWH,Gigawatt-hour,PT,Portugal,2007,,498.000,,,,,
dataflow,ESTAT:NRG_BAL_C(1.0),Complete energy balances,A,Annual,FC_TRA_E,Final consumption - transport sector - energy use,E7000,Electricity,GWH,Gigawatt-hour,PT,Portugal,2008,,502.000,,,,,
dataflow,ESTAT:NRG_BAL_C(1.0),Complete energy balances,A,Annual,FC_TRA_E,Final consumption - transport sector - energy use,E7000,Electricity,GWH,Gigawatt-hour,PT,Portugal,2009,,483.000,,,,,
dataflow,ESTAT:NRG_BAL_C(1.0),Complete energy balances,A,Annual,FC_TRA_E,Final consumption - transport sector - energy use,E7000,Electricity,GWH,Gigawatt-hour,PT,Portugal,2010,,475.000,,,,,
dataflow,ESTAT:NRG_BAL_C(1.0),Complete energy balances,A,Annual,FC_TRA_E,Final consumption - transport sector - energy use,E7000,Electricity,GWH,Gigawatt-hour,PT,Portugal,2011,,404.000,,,,,
dataflow,ESTAT:NRG_BAL_C(1.0),Complete energy balances,A,Annual,FC_TRA_E,Final consumption - transport sector - energy use,E7000,Electricity,GWH,Gigawatt-hour,PT,Portugal,2012,,401.000,,,,,
dataflow,ESTAT:NRG_BAL_C(1.0),Complete energy balances,A,Annual,FC_TRA_E,Final consumption - transport sector - energy use,E7000,Electricity,GWH,Gigawatt-hour,PT,Portugal,2013,,301.000,,,,,
dataflow,ESTAT:NRG_BAL_C(1.0),Complete energy balances,A,Annual,FC_TRA_E,Final consumption - transport sector - energy use,E7000,Electricity,GWH,Gigawatt-hour,PT,Portugal,2014,,302.000,,,,,
dataflow,ESTAT:NRG_BAL_C(1.0),Complete energy balances,A,Annual,FC_TRA_E,Final consumption - transport sector - energy use,E7000,Electricity,GWH,Gigawatt-hour,PT,Portugal,2015,,308.000,,,,,
dataflow,ESTAT:NRG_BAL_C(1.0),Complete energy balances,A,Annual,FC_TRA_E,Final consumption - transport sector - energy use,E7000,Electricity,GWH,Gigawatt-hour,PT,Portugal,2016,,431.648,,,,,
dataflow,ESTAT:NRG_BAL_C(1.0),Complete energy balances,A,Annual,FC_TRA_E,Final consumption - transport sector - energy use,E7000,Electricity,GWH,Gigawatt-hour,PT,Portugal,2017,,485.441,,,,,
dataflow,ESTAT:NRG_BAL_C(1.0),Complete energy balances,A,Annual,FC_TRA_E,Final consumption - transport sector - energy use,E7000,Electricity,GWH,Gigawatt-hour,PT,Portugal,2018,,490.563,,,,,
dataflow,ESTAT:NRG_BAL_C(1.0),Complete energy balances,A,Annual,FC_TRA_E,Final consumption - transport sector - energy use,E7000,Electricity,GWH,Gigawatt-hour,PT,Portugal,2019,,494.451,,,,,
dataflow,ESTAT:NRG_BAL_C(1.0),Complete energy balances,A,Annual,FC_TRA_E,Final consumption - transport sector - energy use,E7000,Electricity,GWH,Gigawatt-hour,PT,Portugal,2020,,429.869,,,,,
dataflow,ESTAT:NRG_BAL_C(1.0),Complete energy balances,A,Annual,FC_TRA_E,Final consumption - transport sector - energy use,E7000,Electricity,GWH,Gigawatt-hour,PT,Portugal,2021,,471.790,,,,,
dataflow,ESTAT:NRG_BAL_C(1.0),Complete energy balances,A,Annual,FC_TRA_E,Final consumption - transport sector - energy use,E7000,Electricity,GWH,Gigawatt-hour,PT,Portugal,2022,,498.049,,,,,
dataflow,ESTAT:NRG_BAL_C(1.0),Complete energy balances,A,Annual,FC_TRA_E,Final consumption - transport sector - energy use,E7000,Electricity,GWH,Gigawatt-hour,PT,Portugal,2023,,584.267,,,,,
dataflow,ESTAT:NRG_BAL_C(1.0),Complete energy balances,A,Annual,FC_TRA_E,Final consumption - transport sector - energy use,E7000,Electricity,GWH,Gigawatt-hour,PT,Portugal,2024,,918.926,,,,,
dataflow,ESTAT:NRG_BAL_C(1.0),Complete energy balances,A,Annual,FC_TRA_E,Final consumption - transport sector - energy use,E7000,Electricity,GWH,Gigawatt-hour,RO,Romania,1990,,2614.000,,,,,
dataflow,ESTAT:NRG_BAL_C(1.0),Complete energy balances,A,Annual,FC_TRA_E,Final consumption - transport sector - energy use,E7000,Electricity,GWH,Gigawatt-hour,RO,Romania,1991,,1786.000,,,,,
dataflow,ESTAT:NRG_BAL_C(1.0),Complete energy balances,A,Annual,FC_TRA_E,Final consumption - transport sector - energy use,E7000,Electricity,GWH,Gigawatt-hour,RO,Romania,1992,,2827.000,,,,,
dataflow,ESTAT:NRG_BAL_C(1.0),Complete energy balances,A,Annual,FC_TRA_E,Final consumption - transport sector - energy use,E7000,Electricity,GWH,Gigawatt-hour,RO,Romania,1993,,2207.000,,,,,
dataflow,ESTAT:NRG_BAL_C(1.0),Complete energy balances,A,Annual,FC_TRA_E,Final consumption - transport sector - energy use,E7000,Electricity,GWH,Gigawatt-hour,RO,Romania,1994,,1880.000,,,,,
dataflow,ESTAT:NRG_BAL_C(1.0),Complete energy balances,A,Annual,FC_TRA_E,Final consumption - transport sector - energy use,E7000,Electricity,GWH,Gigawatt-hour,RO,Romania,1995,,2173.000,,,,,
dataflow,ESTAT:NRG_BAL_C(1.0),Complete energy balances,A,Annual,FC_TRA_E,Final consumption - transport sector - energy use,E7000,Electricity,GWH,Gigawatt-hour,RO,Romania,1996,,2326.000,,,,,
dataflow,ESTAT:NRG_BAL_C(1.0),Complete energy balances,A,Annual,FC_TRA_E,Final consumption - transport sector - energy use,E7000,Electricity,GWH,Gigawatt-hour,RO,Romania,1997,,2230.000,,,,,
dataflow,ESTAT:NRG_BAL_C(1.0),Complete energy balances,A,Annual,FC_TRA_E,Final consumption - transport sector - energy use,E7000,Electricity,GWH,Gigawatt-hour,RO,Romania,1998,,1996.000,,,,,
dataflow,ESTAT:NRG_BAL_C(1.0),Complete energy balances,A,Annual,FC_TRA_E,Final consumption - transport sector - energy use,E7000,Electricity,GWH,Gigawatt-hour,RO,Romania,1999,,1494.000,,,,,
dataflow,ESTAT:NRG_BAL_C(1.0),Complete energy balances,A,Annual,FC_TRA_E,Final consumption - transport sector - energy use,E7000,Electricity,GWH,Gigawatt-hour,RO,Romania,2000,,1859.000,,,,,
dataflow,ESTAT:NRG_BAL_C(1.0),Complete energy balances,A,Annual,FC_TRA_E,Final consumption - transport sector - energy use,E7000,Electricity,GWH,Gigawatt-hour,RO,Romania,2001,,1785.000,,,,,
dataflow,ESTAT:NRG_BAL_C(1.0),Complete energy balances,A,Annual,FC_TRA_E,Final consumption - transport sector - energy use,E7000,Electricity,GWH,Gigawatt-hour,RO,Romania,2002,,1970.000,,,,,
dataflow,ESTAT:NRG_BAL_C(1.0),Complete energy balances,A,Annual,FC_TRA_E,Final consumption - transport sector - energy use,E7000,Electricity,GWH,Gigawatt-hour,RO,Romania,2003,,1829.000,,,,,
dataflow,ESTAT:NRG_BAL_C(1.0),Complete energy balances,A,Annual,FC_TRA_E,Final consumption - transport sector - energy use,E7000,Electricity,GWH,Gigawatt-hour,RO,Romania,2004,,1617.000,,,,,
dataflow,ESTAT:NRG_BAL_C(1.0),Complete energy balances,A,Annual,FC_TRA_E,Final consumption - transport sector - energy use,E7000,Electricity,GWH,Gigawatt-hour,RO,Romania,2005,,1610.000,,,,,
dataflow,ESTAT:NRG_BAL_C(1.0),Complete energy balances,A,Annual,FC_TRA_E,Final consumption - transport sector - energy use,E7000,Electricity,GWH,Gigawatt-hour,RO,Romania,2006,,1347.000,,,,,
dataflow,ESTAT:NRG_BAL_C(1.0),Complete energy balances,A,Annual,FC_TRA_E,Final consumption - transport sector - energy use,E7000,Electricity,GWH,Gigawatt-hour,RO,Romania,2007,,1463.000,,,,,
dataflow,ESTAT:NRG_BAL_C(1.0),Complete energy balances,A,Annual,FC_TRA_E,Final consumption - transport sector - energy use,E7000,Electricity,GWH,Gigawatt-hour,RO,Romania,2008,,1439.000,,,,,
dataflow,ESTAT:NRG_BAL_C(1.0),Complete energy balances,A,Annual,FC_TRA_E,Final consumption - transport sector - energy use,E7000,Electricity,GWH,Gigawatt-hour,RO,Romania,2009,,1383.000,,,,,
dataflow,ESTAT:NRG_BAL_C(1.0),Complete energy balances,A,Annual,FC_TRA_E,Final consumption - transport sector - energy use,E7000,Electricity,GWH,Gigawatt-hour,RO,Romania,2010,,1355.000,,,,,
dataflow,ESTAT:NRG_BAL_C(1.0),Complete energy balances,A,Annual,FC_TRA_E,Final consumption - transport sector - energy use,E7000,Electricity,GWH,Gigawatt-hour,RO,Romania,2011,,1424.000,,,,,
dataflow,ESTAT:NRG_BAL_C(1.0),Complete energy balances,A,Annual,FC_TRA_E,Final consumption - transport sector - energy use,E7000,Electricity,GWH,Gigawatt-hour,RO,Romania,2012,,1228.000,,,,,
dataflow,ESTAT:NRG_BAL_C(1.0),Complete energy balances,A,Annual,FC_TRA_E,Final consumption - transport sector - energy use,E7000,Electricity,GWH,Gigawatt-hour,RO,Romania,2013,,1126.000,,,,,
dataflow,ESTAT:NRG_BAL_C(1.0),Complete energy balances,A,Annual,FC_TRA_E,Final consumption - transport sector - energy use,E7000,Electricity,GWH,Gigawatt-hour,RO,Romania,2014,,1062.000,,,,,
dataflow,ESTAT:NRG_BAL_C(1.0),Complete energy balances,A,Annual,FC_TRA_E,Final consumption - transport sector - energy use,E7000,Electricity,GWH,Gigawatt-hour,RO,Romania,2015,,1082.000,,,,,
dataflow,ESTAT:NRG_BAL_C(1.0),Complete energy balances,A,Annual,FC_TRA_E,Final consumption - transport sector - energy use,E7000,Electricity,GWH,Gigawatt-hour,RO,Romania,2016,,1048.000,,,,,
dataflow,ESTAT:NRG_BAL_C(1.0),Complete energy balances,A,Annual,FC_TRA_E,Final consumption - transport sector - energy use,E7000,Electricity,GWH,Gigawatt-hour,RO,Romania,2017,,1089.212,,,,,
dataflow,ESTAT:NRG_BAL_C(1.0),Complete energy balances,A,Annual,FC_TRA_E,Final consumption - transport sector - energy use,E7000,Electricity,GWH,Gigawatt-hour,RO,Romania,2018,,1056.283,,,,,
dataflow,ESTAT:NRG_BAL_C(1.0),Complete energy balances,A,Annual,FC_TRA_E,Final consumption - transport sector - energy use,E7000,Electricity,GWH,Gigawatt-hour,RO,Romania,2019,,1060.139,,,,,
dataflow,ESTAT:NRG_BAL_C(1.0),Complete energy balances,A,Annual,FC_TRA_E,Final consumption - transport sector - energy use,E7000,Electricity,GWH,Gigawatt-hour,RO,Romania,2020,,1086.239,,,,,
dataflow,ESTAT:NRG_BAL_C(1.0),Complete energy balances,A,Annual,FC_TRA_E,Final consumption - transport sector - energy use,E7000,Electricity,GWH,Gigawatt-hour,RO,Romania,2021,,1324.680,,,,,
dataflow,ESTAT:NRG_BAL_C(1.0),Complete energy balances,A,Annual,FC_TRA_E,Final consumption - transport sector - energy use,E7000,Electricity,GWH,Gigawatt-hour,RO,Romania,2022,,1204.098,,,,,
dataflow,ESTAT:NRG_BAL_C(1.0),Complete energy balances,A,Annual,FC_TRA_E,Final consumption - transport sector - energy use,E7000,Electricity,GWH,Gigawatt-hour,RO,Romania,2023,,1159.860,,,,,
dataflow,ESTAT:NRG_BAL_C(1.0),Complete energy balances,A,Annual,FC_TRA_E,Final consumption - transport sector - energy use,E7000,Electricity,GWH,Gigawatt-hour,RO,Romania,2024,,1156.512,,,,,
dataflow,ESTAT:NRG_BAL_C(1.0),Complete energy balances,A,Annual,FC_TRA_E,Final consumption - transport sector - energy use,E7000,Electricity,GWH,Gigawatt-hour,RS,Serbia,1990,,456.000,,,,,
dataflow,ESTAT:NRG_BAL_C(1.0),Complete energy balances,A,Annual,FC_TRA_E,Final consumption - transport sector - energy use,E7000,Electricity,GWH,Gigawatt-hour,RS,Serbia,1991,,422.000,,,,,
dataflow,ESTAT:NRG_BAL_C(1.0),Complete energy balances,A,Annual,FC_TRA_E,Final consumption - transport sector - energy use,E7000,Electricity,GWH,Gigawatt-hour,RS,Serbia,1992,,342.000,,,,,
dataflow,ESTAT:NRG_BAL_C(1.0),Complete energy balances,A,Annual,FC_TRA_E,Final consumption - transport sector - energy use,E7000,Electricity,GWH,Gigawatt-hour,RS,Serbia,1993,,255.000,,,,,
dataflow,ESTAT:NRG_BAL_C(1.0),Complete energy balances,A,Annual,FC_TRA_E,Final consumption - transport sector - energy use,E7000,Electricity,GWH,Gigawatt-hour,RS,Serbia,1994,,264.000,,,,,
dataflow,ESTAT:NRG_BAL_C(1.0),Complete energy balances,A,Annual,FC_TRA_E,Final consumption - transport sector - energy use,E7000,Electricity,GWH,Gigawatt-hour,RS,Serbia,1995,,265.000,,,,,
dataflow,ESTAT:NRG_BAL_C(1.0),Complete energy balances,A,Annual,FC_TRA_E,Final consumption - transport sector - energy use,E7000,Electricity,GWH,Gigawatt-hour,RS,Serbia,1996,,272.000,,,,,
dataflow,ESTAT:NRG_BAL_C(1.0),Complete energy balances,A,Annual,FC_TRA_E,Final consumption - transport sector - energy use,E7000,Electricity,GWH,Gigawatt-hour,RS,Serbia,1997,,287.000,,,,,
dataflow,ESTAT:NRG_BAL_C(1.0),Complete energy balances,A,Annual,FC_TRA_E,Final consumption - transport sector - energy use,E7000,Electricity,GWH,Gigawatt-hour,RS,Serbia,1998,,281.000,,,,,
dataflow,ESTAT:NRG_BAL_C(1.0),Complete energy balances,A,Annual,FC_TRA_E,Final consumption - transport sector - energy use,E7000,Electricity,GWH,Gigawatt-hour,RS,Serbia,1999,,256.000,,,,,
dataflow,ESTAT:NRG_BAL_C(1.0),Complete energy balances,A,Annual,FC_TRA_E,Final consumption - transport sector - energy use,E7000,Electricity,GWH,Gigawatt-hour,RS,Serbia,2000,,250.000,,,,,
dataflow,ESTAT:NRG_BAL_C(1.0),Complete energy balances,A,Annual,FC_TRA_E,Final consumption - transport sector - energy use,E7000,Electricity,GWH,Gigawatt-hour,RS,Serbia,2001,,240.000,,,,,
dataflow,ESTAT:NRG_BAL_C(1.0),Complete energy balances,A,Annual,FC_TRA_E,Final consumption - transport sector - energy use,E7000,Electricity,GWH,Gigawatt-hour,RS,Serbia,2002,,250.000,,,,,
dataflow,ESTAT:NRG_BAL_C(1.0),Complete energy balances,A,Annual,FC_TRA_E,Final consumption - transport sector - energy use,E7000,Electricity,GWH,Gigawatt-hour,RS,Serbia,2003,,250.000,,,,,
dataflow,ESTAT:NRG_BAL_C(1.0),Complete energy balances,A,Annual,FC_TRA_E,Final consumption - transport sector - energy use,E7000,Electricity,GWH,Gigawatt-hour,RS,Serbia,2004,,239.000,,,,,
dataflow,ESTAT:NRG_BAL_C(1.0),Complete energy balances,A,Annual,FC_TRA_E,Final consumption - transport sector - energy use,E7000,Electricity,GWH,Gigawatt-hour,RS,Serbia,2005,,246.000,,,,,
dataflow,ESTAT:NRG_BAL_C(1.0),Complete energy balances,A,Annual,FC_TRA_E,Final consumption - transport sector - energy use,E7000,Electricity,GWH,Gigawatt-hour,RS,Serbia,2006,,256.000,,,,,
dataflow,ESTAT:NRG_BAL_C(1.0),Complete energy balances,A,Annual,FC_TRA_E,Final consumption - transport sector - energy use,E7000,Electricity,GWH,Gigawatt-hour,RS,Serbia,2007,,255.000,,,,,
dataflow,ESTAT:NRG_BAL_C(1.0),Complete energy balances,A,Annual,FC_TRA_E,Final consumption - transport sector - energy use,E7000,Electricity,GWH,Gigawatt-hour,RS,Serbia,2008,,264.000,,,,,
dataflow,ESTAT:NRG_BAL_C(1.0),Complete energy balances,A,Annual,FC_TRA_E,Final consumption - transport sector - energy use,E7000,Electricity,GWH,Gigawatt-hour,RS,Serbia,2009,,502.000,,,,,
dataflow,ESTAT:NRG_BAL_C(1.0),Complete energy balances,A,Annual,FC_TRA_E,Final consumption - transport sector - energy use,E7000,Electricity,GWH,Gigawatt-hour,RS,Serbia,2010,,224.000,,,,,
dataflow,ESTAT:NRG_BAL_C(1.0),Complete energy balances,A,Annual,FC_TRA_E,Final consumption - transport sector - energy use,E7000,Electricity,GWH,Gigawatt-hour,RS,Serbia,2011,,529.000,,,,,
dataflow,ESTAT:NRG_BAL_C(1.0),Complete energy balances,A,Annual,FC_TRA_E,Final consumption - transport sector - energy use,E7000,Electricity,GWH,Gigawatt-hour,RS,Serbia,2012,,492.000,,,,,
dataflow,ESTAT:NRG_BAL_C(1.0),Complete energy balances,A,Annual,FC_TRA_E,Final consumption - transport sector - energy use,E7000,Electricity,GWH,Gigawatt-hour,RS,Serbia,2013,,478.000,,,,,
dataflow,ESTAT:NRG_BAL_C(1.0),Complete energy balances,A,Annual,FC_TRA_E,Final consumption - transport sector - energy use,E7000,Electricity,GWH,Gigawatt-hour,RS,Serbia,2014,,336.000,,,,,
dataflow,ESTAT:NRG_BAL_C(1.0),Complete energy balances,A,Annual,FC_TRA_E,Final consumption - transport sector - energy use,E7000,Electricity,GWH,Gigawatt-hour,RS,Serbia,2015,,351.000,,,,,
dataflow,ESTAT:NRG_BAL_C(1.0),Complete energy balances,A,Annual,FC_TRA_E,Final consumption - transport sector - energy use,E7000,Electricity,GWH,Gigawatt-hour,RS,Serbia,2016,,352.000,,,,,
dataflow,ESTAT:NRG_BAL_C(1.0),Complete energy balances,A,Annual,FC_TRA_E,Final consumption - transport sector - energy use,E7000,Electricity,GWH,Gigawatt-hour,RS,Serbia,2017,,374.721,,,,,
dataflow,ESTAT:NRG_BAL_C(1.0),Complete energy balances,A,Annual,FC_TRA_E,Final consumption - transport sector - energy use,E7000,Electricity,GWH,Gigawatt-hour,RS,Serbia,2018,,374.684,,,,,
dataflow,ESTAT:NRG_BAL_C(1.0),Complete energy balances,A,Annual,FC_TRA_E,Final consumption - transport sector - energy use,E7000,Electricity,GWH,Gigawatt-hour,RS,Serbia,2019,,374.776,,,,,
dataflow,ESTAT:NRG_BAL_C(1.0),Complete energy balances,A,Annual,FC_TRA_E,Final consumption - transport sector - energy use,E7000,Electricity,GWH,Gigawatt-hour,RS,Serbia,2020,,357.823,,,,,
dataflow,ESTAT:NRG_BAL_C(1.0),Complete energy balances,A,Annual,FC_TRA_E,Final consumption - transport sector - energy use,E7000,Electricity,GWH,Gigawatt-hour,RS,Serbia,2021,,384.148,,,,,
dataflow,ESTAT:NRG_BAL_C(1.0),Complete energy balances,A,Annual,FC_TRA_E,Final consumption - transport sector - energy use,E7000,Electricity,GWH,Gigawatt-hour,RS,Serbia,2022,,391.124,,,,,
dataflow,ESTAT:NRG_BAL_C(1.0),Complete energy balances,A,Annual,FC_TRA_E,Final consumption - transport sector - energy use,E7000,Electricity,GWH,Gigawatt-hour,RS,Serbia,2023,,394.109,,,,,
dataflow,ESTAT:NRG_BAL_C(1.0),Complete energy balances,A,Annual,FC_TRA_E,Final consumption - transport sector - energy use,E7000,Electricity,GWH,Gigawatt-hour,RS,Serbia,2024,,396.692,,,,,
dataflow,ESTAT:NRG_BAL_C(1.0),Complete energy balances,A,Annual,FC_TRA_E,Final consumption - transport sector - energy use,E7000,Electricity,GWH,Gigawatt-hour,SE,Sweden,1990,,2474.000,,,,,
dataflow,ESTAT:NRG_BAL_C(1.0),Complete energy balances,A,Annual,FC_TRA_E,Final consumption - transport sector - energy use,E7000,Electricity,GWH,Gigawatt-hour,SE,Sweden,1991,,2403.000,,,,,
dataflow,ESTAT:NRG_BAL_C(1.0),Complete energy balances,A,Annual,FC_TRA_E,Final consumption - transport sector - energy use,E7000,Electricity,GWH,Gigawatt-hour,SE,Sweden,1992,,2472.000,,,,,
dataflow,ESTAT:NRG_BAL_C(1.0),Complete energy balances,A,Annual,FC_TRA_E,Final consumption - transport sector - energy use,E7000,Electricity,GWH,Gigawatt-hour,SE,Sweden,1993,,2340.000,,,,,
dataflow,ESTAT:NRG_BAL_C(1.0),Complete energy balances,A,Annual,FC_TRA_E,Final consumption - transport sector - energy use,E7000,Electricity,GWH,Gigawatt-hour,SE,Sweden,1994,,2469.000,,,,,
dataflow,ESTAT:NRG_BAL_C(1.0),Complete energy balances,A,Annual,FC_TRA_E,Final consumption - transport sector - energy use,E7000,Electricity,GWH,Gigawatt-hour,SE,Sweden,1995,,2718.000,,,,,
dataflow,ESTAT:NRG_BAL_C(1.0),Complete energy balances,A,Annual,FC_TRA_E,Final consumption - transport sector - energy use,E7000,Electricity,GWH,Gigawatt-hour,SE,Sweden,1996,,3067.000,,,,,
dataflow,ESTAT:NRG_BAL_C(1.0),Complete energy balances,A,Annual,FC_TRA_E,Final consumption - transport sector - energy use,E7000,Electricity,GWH,Gigawatt-hour,SE,Sweden,1997,,2955.000,,,,,
dataflow,ESTAT:NRG_BAL_C(1.0),Complete energy balances,A,Annual,FC_TRA_E,Final consumption - transport sector - energy use,E7000,Electricity,GWH,Gigawatt-hour,SE,Sweden,1998,,2796.000,,,,,
dataflow,ESTAT:NRG_BAL_C(1.0),Complete energy balances,A,Annual,FC_TRA_E,Final consumption - transport sector - energy use,E7000,Electricity,GWH,Gigawatt-hour,SE,Sweden,1999,,3016.000,,,,,
dataflow,ESTAT:NRG_BAL_C(1.0),Complete energy balances,A,Annual,FC_TRA_E,Final consumption - transport sector - energy use,E7000,Electricity,GWH,Gigawatt-hour,SE,Sweden,2000,,3194.000,,,,,
dataflow,ESTAT:NRG_BAL_C(1.0),Complete energy balances,A,Annual,FC_TRA_E,Final consumption - transport sector - energy use,E7000,Electricity,GWH,Gigawatt-hour,SE,Sweden,2001,,2862.000,,,,,
dataflow,ESTAT:NRG_BAL_C(1.0),Complete energy balances,A,Annual,FC_TRA_E,Final consumption - transport sector - energy use,E7000,Electricity,GWH,Gigawatt-hour,SE,Sweden,2002,,2867.000,,,,,
dataflow,ESTAT:NRG_BAL_C(1.0),Complete energy balances,A,Annual,FC_TRA_E,Final consumption - transport sector - energy use,E7000,Electricity,GWH,Gigawatt-hour,SE,Sweden,2003,,2838.000,,,,,
dataflow,ESTAT:NRG_BAL_C(1.0),Complete energy balances,A,Annual,FC_TRA_E,Final consumption - transport sector - energy use,E7000,Electricity,GWH,Gigawatt-hour,SE,Sweden,2004,,2989.000,,,,,
dataflow,ESTAT:NRG_BAL_C(1.0),Complete energy balances,A,Annual,FC_TRA_E,Final consumption - transport sector - energy use,E7000,Electricity,GWH,Gigawatt-hour,SE,Sweden,2005,,2818.000,,,,,
dataflow,ESTAT:NRG_BAL_C(1.0),Complete energy balances,A,Annual,FC_TRA_E,Final consumption - transport sector - energy use,E7000,Electricity,GWH,Gigawatt-hour,SE,Sweden,2006,,2885.000,,,,,
dataflow,ESTAT:NRG_BAL_C(1.0),Complete energy balances,A,Annual,FC_TRA_E,Final consumption - transport sector - energy use,E7000,Electricity,GWH,Gigawatt-hour,SE,Sweden,2007,,2929.000,,,,,
dataflow,ESTAT:NRG_BAL_C(1.0),Complete energy balances,A,Annual,FC_TRA_E,Final consumption - transport sector - energy use,E7000,Electricity,GWH,Gigawatt-hour,SE,Sweden,2008,,2372.000,,,,,
dataflow,ESTAT:NRG_BAL_C(1.0),Complete energy balances,A,Annual,FC_TRA_E,Final consumption - transport sector - energy use,E7000,Electricity,GWH,Gigawatt-hour,SE,Sweden,2009,,2438.000,,,,,
dataflow,ESTAT:NRG_BAL_C(1.0),Complete energy balances,A,Annual,FC_TRA_E,Final consumption - transport sector - energy use,E7000,Electricity,GWH,Gigawatt-hour,SE,Sweden,2010,,2404.000,,,,,
dataflow,ESTAT:NRG_BAL_C(1.0),Complete energy balances,A,Annual,FC_TRA_E,Final consumption - transport sector - energy use,E7000,Electricity,GWH,Gigawatt-hour,SE,Sweden,2011,,2640.000,,,,,
dataflow,ESTAT:NRG_BAL_C(1.0),Complete energy balances,A,Annual,FC_TRA_E,Final consumption - transport sector - energy use,E7000,Electricity,GWH,Gigawatt-hour,SE,Sweden,2012,,2685.000,,,,,
dataflow,ESTAT:NRG_BAL_C(1.0),Complete energy balances,A,Annual,FC_TRA_E,Final consumption - transport sector - energy use,E7000,Electricity,GWH,Gigawatt-hour,SE,Sweden,2013,,2750.000,,,,,
dataflow,ESTAT:NRG_BAL_C(1.0),Complete energy balances,A,Annual,FC_TRA_E,Final consumption - transport sector - energy use,E7000,Electricity,GWH,Gigawatt-hour,SE,Sweden,2014,,2615.000,,,,,
dataflow,ESTAT:NRG_BAL_C(1.0),Complete energy balances,A,Annual,FC_TRA_E,Final consumption - transport sector - energy use,E7000,Electricity,GWH,Gigawatt-hour,SE,Sweden,2015,,2595.000,,,,,
dataflow,ESTAT:NRG_BAL_C(1.0),Complete energy balances,A,Annual,FC_TRA_E,Final consumption - transport sector - energy use,E7000,Electricity,GWH,Gigawatt-hour,SE,Sweden,2016,,2664.000,,,,,
dataflow,ESTAT:NRG_BAL_C(1.0),Complete energy balances,A,Annual,FC_TRA_E,Final consumption - transport sector - energy use,E7000,Electricity,GWH,Gigawatt-hour,SE,Sweden,2017,,2476.000,,,,,
dataflow,ESTAT:NRG_BAL_C(1.0),Complete energy balances,A,Annual,FC_TRA_E,Final consumption - transport sector - energy use,E7000,Electricity,GWH,Gigawatt-hour,SE,Sweden,2018,,2573.000,,,,,
dataflow,ESTAT:NRG_BAL_C(1.0),Complete energy balances,A,Annual,FC_TRA_E,Final consumption - transport sector - energy use,E7000,Electricity,GWH,Gigawatt-hour,SE,Sweden,2019,,2722.000,,,,,
dataflow,ESTAT:NRG_BAL_C(1.0),Complete energy balances,A,Annual,FC_TRA_E,Final consumption - transport sector - energy use,E7000,Electricity,GWH,Gigawatt-hour,SE,Sweden,2020,,2645.000,,,,,
dataflow,ESTAT:NRG_BAL_C(1.0),Complete energy balances,A,Annual,FC_TRA_E,Final consumption - transport sector - energy use,E7000,Electricity,GWH,Gigawatt-hour,SE,Sweden,2021,,3259.000,,,,,
dataflow,ESTAT:NRG_BAL_C(1.0),Complete energy balances,A,Annual,FC_TRA_E,Final consumption - transport sector - energy use,E7000,Electricity,GWH,Gigawatt-hour,SE,Sweden,2022,,3966.000,,,,,
dataflow,ESTAT:NRG_BAL_C(1.0),Complete energy balances,A,Annual,FC_TRA_E,Final consumption - transport sector - energy use,E7000,Electricity,GWH,Gigawatt-hour,SE,Sweden,2023,,4412.000,,,,,
dataflow,ESTAT:NRG_BAL_C(1.0),Complete energy balances,A,Annual,FC_TRA_E,Final consumption - transport sector - energy use,E7000,Electricity,GWH,Gigawatt-hour,SE,Sweden,2024,,4979.000,,,,,
dataflow,ESTAT:NRG_BAL_C(1.0),Complete energy balances,A,Annual,FC_TRA_E,Final consumption - transport sector - energy use,E7000,Electricity,GWH,Gigawatt-hour,SI,Slovenia,1990,,224.000,,,,,
dataflow,ESTAT:NRG_BAL_C(1.0),Complete energy balances,A,Annual,FC_TRA_E,Final consumption - transport sector - energy use,E7000,Electricity,GWH,Gigawatt-hour,SI,Slovenia,1991,,178.000,,,,,
dataflow,ESTAT:NRG_BAL_C(1.0),Complete energy balances,A,Annual,FC_TRA_E,Final consumption - transport sector - energy use,E7000,Electricity,GWH,Gigawatt-hour,SI,Slovenia,1992,,147.000,,,,,
dataflow,ESTAT:NRG_BAL_C(1.0),Complete energy balances,A,Annual,FC_TRA_E,Final consumption - transport sector - energy use,E7000,Electricity,GWH,Gigawatt-hour,SI,Slovenia,1993,,146.000,,,,,
dataflow,ESTAT:NRG_BAL_C(1.0),Complete energy balances,A,Annual,FC_TRA_E,Final consumption - transport sector - energy use,E7000,Electricity,GWH,Gigawatt-hour,SI,Slovenia,1994,,147.000,,,,,
dataflow,ESTAT:NRG_BAL_C(1.0),Complete energy balances,A,Annual,FC_TRA_E,Final consumption - transport sector - energy use,E7000,Electricity,GWH,Gigawatt-hour,SI,Slovenia,1995,,170.000,,,,,
dataflow,ESTAT:NRG_BAL_C(1.0),Complete energy balances,A,Annual,FC_TRA_E,Final consumption - transport sector - energy use,E7000,Electricity,GWH,Gigawatt-hour,SI,Slovenia,1996,,160.000,,,,,
dataflow,ESTAT:NRG_BAL_C(1.0),Complete energy balances,A,Annual,FC_TRA_E,Final consumption - transport sector - energy use,E7000,Electricity,GWH,Gigawatt-hour,SI,Slovenia,1997,,164.000,,,,,
dataflow,ESTAT:NRG_BAL_C(1.0),Complete energy balances,A,Annual,FC_TRA_E,Final consumption - transport sector - energy use,E7000,Electricity,GWH,Gigawatt-hour,SI,Slovenia,1998,,160.000,,,,,
dataflow,ESTAT:NRG_BAL_C(1.0),Complete energy balances,A,Annual,FC_TRA_E,Final consumption - transport sector - energy use,E7000,Electricity,GWH,Gigawatt-hour,SI,Slovenia,1999,,160.000,,,,,
dataflow,ESTAT:NRG_BAL_C(1.0),Complete energy balances,A,Annual,FC_TRA_E,Final consumption - transport sector - energy use,E7000,Electricity,GWH,Gigawatt-hour,SI,Slovenia,2000,,265.000,,,,,
dataflow,ESTAT:NRG_BAL_C(1.0),Complete energy balances,A,Annual,FC_TRA_E,Final consumption - transport sector - energy use,E7000,Electricity,GWH,Gigawatt-hour,SI,Slovenia,2001,,255.000,,,,,
dataflow,ESTAT:NRG_BAL_C(1.0),Complete energy balances,A,Annual,FC_TRA_E,Final consumption - transport sector - energy use,E7000,Electricity,GWH,Gigawatt-hour,SI,Slovenia,2002,,172.000,,,,,
dataflow,ESTAT:NRG_BAL_C(1.0),Complete energy balances,A,Annual,FC_TRA_E,Final consumption - transport sector - energy use,E7000,Electricity,GWH,Gigawatt-hour,SI,Slovenia,2003,,179.000,,,,,
dataflow,ESTAT:NRG_BAL_C(1.0),Complete energy balances,A,Annual,FC_TRA_E,Final consumption - transport sector - energy use,E7000,Electricity,GWH,Gigawatt-hour,SI,Slovenia,2004,,190.000,,,,,
dataflow,ESTAT:NRG_BAL_C(1.0),Complete energy balances,A,Annual,FC_TRA_E,Final consumption - transport sector - energy use,E7000,Electricity,GWH,Gigawatt-hour,SI,Slovenia,2005,,198.000,,,,,
dataflow,ESTAT:NRG_BAL_C(1.0),Complete energy balances,A,Annual,FC_TRA_E,Final consumption - transport sector - energy use,E7000,Electricity,GWH,Gigawatt-hour,SI,Slovenia,2006,,198.000,,,,,
dataflow,ESTAT:NRG_BAL_C(1.0),Complete energy balances,A,Annual,FC_TRA_E,Final consumption - transport sector - energy use,E7000,Electricity,GWH,Gigawatt-hour,SI,Slovenia,2007,,195.000,,,,,
dataflow,ESTAT:NRG_BAL_C(1.0),Complete energy balances,A,Annual,FC_TRA_E,Final consumption - transport sector - energy use,E7000,Electricity,GWH,Gigawatt-hour,SI,Slovenia,2008,,196.000,,,,,
dataflow,ESTAT:NRG_BAL_C(1.0),Complete energy balances,A,Annual,FC_TRA_E,Final consumption - transport sector - energy use,E7000,Electricity,GWH,Gigawatt-hour,SI,Slovenia,2009,,156.000,,,,,
dataflow,ESTAT:NRG_BAL_C(1.0),Complete energy balances,A,Annual,FC_TRA_E,Final consumption - transport sector - energy use,E7000,Electricity,GWH,Gigawatt-hour,SI,Slovenia,2010,,173.000,,,,,
dataflow,ESTAT:NRG_BAL_C(1.0),Complete energy balances,A,Annual,FC_TRA_E,Final consumption - transport sector - energy use,E7000,Electricity,GWH,Gigawatt-hour,SI,Slovenia,2011,,164.000,,,,,
dataflow,ESTAT:NRG_BAL_C(1.0),Complete energy balances,A,Annual,FC_TRA_E,Final consumption - transport sector - energy use,E7000,Electricity,GWH,Gigawatt-hour,SI,Slovenia,2012,,159.000,,,,,
dataflow,ESTAT:NRG_BAL_C(1.0),Complete energy balances,A,Annual,FC_TRA_E,Final consumption - transport sector - energy use,E7000,Electricity,GWH,Gigawatt-hour,SI,Slovenia,2013,,154.000,,,,,
dataflow,ESTAT:NRG_BAL_C(1.0),Complete energy balances,A,Annual,FC_TRA_E,Final consumption - transport sector - energy use,E7000,Electricity,GWH,Gigawatt-hour,SI,Slovenia,2014,,136.000,,,,,
dataflow,ESTAT:NRG_BAL_C(1.0),Complete energy balances,A,Annual,FC_TRA_E,Final consumption - transport sector - energy use,E7000,Electricity,GWH,Gigawatt-hour,SI,Slovenia,2015,,152.000,,,,,
dataflow,ESTAT:NRG_BAL_C(1.0),Complete energy balances,A,Annual,FC_TRA_E,Final consumption - transport sector - energy use,E7000,Electricity,GWH,Gigawatt-hour,SI,Slovenia,2016,,166.000,,,,,
dataflow,ESTAT:NRG_BAL_C(1.0),Complete energy balances,A,Annual,FC_TRA_E,Final consumption - transport sector - energy use,E7000,Electricity,GWH,Gigawatt-hour,SI,Slovenia,2017,,232.740,,,,,
dataflow,ESTAT:NRG_BAL_C(1.0),Complete energy balances,A,Annual,FC_TRA_E,Final consumption - transport sector - energy use,E7000,Electricity,GWH,Gigawatt-hour,SI,Slovenia,2018,,233.152,,,,,
dataflow,ESTAT:NRG_BAL_C(1.0),Complete energy balances,A,Annual,FC_TRA_E,Final consumption - transport sector - energy use,E7000,Electricity,GWH,Gigawatt-hour,SI,Slovenia,2019,,231.016,,,,,
dataflow,ESTAT:NRG_BAL_C(1.0),Complete energy balances,A,Annual,FC_TRA_E,Final consumption - transport sector - energy use,E7000,Electricity,GWH,Gigawatt-hour,SI,Slovenia,2020,,209.784,,,,,
dataflow,ESTAT:NRG_BAL_C(1.0),Complete energy balances,A,Annual,FC_TRA_E,Final consumption - transport sector - energy use,E7000,Electricity,GWH,Gigawatt-hour,SI,Slovenia,2021,,236.348,,,,,
dataflow,ESTAT:NRG_BAL_C(1.0),Complete energy balances,A,Annual,FC_TRA_E,Final consumption - transport sector - energy use,E7000,Electricity,GWH,Gigawatt-hour,SI,Slovenia,2022,,274.663,,,,,
dataflow,ESTAT:NRG_BAL_C(1.0),Complete energy balances,A,Annual,FC_TRA_E,Final consumption - transport sector - energy use,E7000,Electricity,GWH,Gigawatt-hour,SI,Slovenia,2023,,281.265,,,,,
dataflow,ESTAT:NRG_BAL_C(1.0),Complete energy balances,A,Annual,FC_TRA_E,Final consumption - transport sector - energy use,E7000,Electricity,GWH,Gigawatt-hour,SI,Slovenia,2024,,302.825,,,,,
dataflow,ESTAT:NRG_BAL_C(1.0),Complete energy balances,A,Annual,FC_TRA_E,Final consumption - transport sector - energy use,E7000,Electricity,GWH,Gigawatt-hour,SK,Slovakia,1990,,1164.000,,,,,
dataflow,ESTAT:NRG_BAL_C(1.0),Complete energy balances,A,Annual,FC_TRA_E,Final consumption - transport sector - energy use,E7000,Electricity,GWH,Gigawatt-hour,SK,Slovakia,1991,,1439.000,,,,,
dataflow,ESTAT:NRG_BAL_C(1.0),Complete energy balances,A,Annual,FC_TRA_E,Final consumption - transport sector - energy use,E7000,Electricity,GWH,Gigawatt-hour,SK,Slovakia,1992,,950.000,,,,,
dataflow,ESTAT:NRG_BAL_C(1.0),Complete energy balances,A,Annual,FC_TRA_E,Final consumption - transport sector - energy use,E7000,Electricity,GWH,Gigawatt-hour,SK,Slovakia,1993,,1125.000,,,,,
dataflow,ESTAT:NRG_BAL_C(1.0),Complete energy balances,A,Annual,FC_TRA_E,Final consumption - transport sector - energy use,E7000,Electricity,GWH,Gigawatt-hour,SK,Slovakia,1994,,1467.000,,,,,
dataflow,ESTAT:NRG_BAL_C(1.0),Complete energy balances,A,Annual,FC_TRA_E,Final consumption - transport sector - energy use,E7000,Electricity,GWH,Gigawatt-hour,SK,Slovakia,1995,,1379.000,,,,,
dataflow,ESTAT:NRG_BAL_C(1.0),Complete energy balances,A,Annual,FC_TRA_E,Final consumption - transport sector - energy use,E7000,Electricity,GWH,Gigawatt-hour,SK,Slovakia,1996,,984.000,,,,,
dataflow,ESTAT:NRG_BAL_C(1.0),Complete energy balances,A,Annual,FC_TRA_E,Final consumption - transport sector - energy use,E7000,Electricity,GWH,Gigawatt-hour,SK,Slovakia,1997,,1010.000,,,,,
dataflow,ESTAT:NRG_BAL_C(1.0),Complete energy balances,A,Annual,FC_TRA_E,Final consumption - transport sector - energy use,E7000,Electricity,GWH,Gigawatt-hour,SK,Slovakia,1998,,1012.000,,,,,
dataflow,ESTAT:NRG_BAL_C(1.0),Complete energy balances,A,Annual,FC_TRA_E,Final consumption - transport sector - energy use,E7000,Electricity,GWH,Gigawatt-hour,SK,Slovakia,1999,,903.000,,,,,
dataflow,ESTAT:NRG_BAL_C(1.0),Complete energy balances,A,Annual,FC_TRA_E,Final consumption - transport sector - energy use,E7000,Electricity,GWH,Gigawatt-hour,SK,Slovakia,2000,,965.000,,,,,
dataflow,ESTAT:NRG_BAL_C(1.0),Complete energy balances,A,Annual,FC_TRA_E,Final consumption - transport sector - energy use,E7000,Electricity,GWH,Gigawatt-hour,SK,Slovakia,2001,,767.000,,,,,
dataflow,ESTAT:NRG_BAL_C(1.0),Complete energy balances,A,Annual,FC_TRA_E,Final consumption - transport sector - energy use,E7000,Electricity,GWH,Gigawatt-hour,SK,Slovakia,2002,,720.000,,,,,
dataflow,ESTAT:NRG_BAL_C(1.0),Complete energy balances,A,Annual,FC_TRA_E,Final consumption - transport sector - energy use,E7000,Electricity,GWH,Gigawatt-hour,SK,Slovakia,2003,,726.000,,,,,
dataflow,ESTAT:NRG_BAL_C(1.0),Complete energy balances,A,Annual,FC_TRA_E,Final consumption - transport sector - energy use,E7000,Electricity,GWH,Gigawatt-hour,SK,Slovakia,2004,,708.000,,,,,
dataflow,ESTAT:NRG_BAL_C(1.0),Complete energy balances,A,Annual,FC_TRA_E,Final consumption - transport sector - energy use,E7000,Electricity,GWH,Gigawatt-hour,SK,Slovakia,2005,,572.000,,,,,
dataflow,ESTAT:NRG_BAL_C(1.0),Complete energy balances,A,Annual,FC_TRA_E,Final consumption - transport sector - energy use,E7000,Electricity,GWH,Gigawatt-hour,SK,Slovakia,2006,,597.000,,,,,
dataflow,ESTAT:NRG_BAL_C(1.0),Complete energy balances,A,Annual,FC_TRA_E,Final consumption - transport sector - energy use,E7000,Electricity,GWH,Gigawatt-hour,SK,Slovakia,2007,,586.000,,,,,
dataflow,ESTAT:NRG_BAL_C(1.0),Complete energy balances,A,Annual,FC_TRA_E,Final consumption - transport sector - energy use,E7000,Electricity,GWH,Gigawatt-hour,SK,Slovakia,2008,,550.000,,,,,
dataflow,ESTAT:NRG_BAL_C(1.0),Complete energy balances,A,Annual,FC_TRA_E,Final consumption - transport sector - energy use,E7000,Electricity,GWH,Gigawatt-hour,SK,Slovakia,2009,,503.000,,,,,
dataflow,ESTAT:NRG_BAL_C(1.0),Complete energy balances,A,Annual,FC_TRA_E,Final consumption - transport sector - energy use,E7000,Electricity,GWH,Gigawatt-hour,SK,Slovakia,2010,,538.000,,,,,
dataflow,ESTAT:NRG_BAL_C(1.0),Complete energy balances,A,Annual,FC_TRA_E,Final consumption - transport sector - energy use,E7000,Electricity,GWH,Gigawatt-hour,SK,Slovakia,2011,,536.000,,,,,
dataflow,ESTAT:NRG_BAL_C(1.0),Complete energy balances,A,Annual,FC_TRA_E,Final consumption - transport sector - energy use,E7000,Electricity,GWH,Gigawatt-hour,SK,Slovakia,2012,,560.000,,,,,
dataflow,ESTAT:NRG_BAL_C(1.0),Complete energy balances,A,Annual,FC_TRA_E,Final consumption - transport sector - energy use,E7000,Electricity,GWH,Gigawatt-hour,SK,Slovakia,2013,,567.000,,,,,
dataflow,ESTAT:NRG_BAL_C(1.0),Complete energy balances,A,Annual,FC_TRA_E,Final consumption - transport sector - energy use,E7000,Electricity,GWH,Gigawatt-hour,SK,Slovakia,2014,,574.000,,,,,
dataflow,ESTAT:NRG_BAL_C(1.0),Complete energy balances,A,Annual,FC_TRA_E,Final consumption - transport sector - energy use,E7000,Electricity,GWH,Gigawatt-hour,SK,Slovakia,2015,,602.000,,,,,
dataflow,ESTAT:NRG_BAL_C(1.0),Complete energy balances,A,Annual,FC_TRA_E,Final consumption - transport sector - energy use,E7000,Electricity,GWH,Gigawatt-hour,SK,Slovakia,2016,,607.000,,,,,
dataflow,ESTAT:NRG_BAL_C(1.0),Complete energy balances,A,Annual,FC_TRA_E,Final consumption - transport sector - energy use,E7000,Electricity,GWH,Gigawatt-hour,SK,Slovakia,2017,,586.000,,,,,
dataflow,ESTAT:NRG_BAL_C(1.0),Complete energy balances,A,Annual,FC_TRA_E,Final consumption - transport sector - energy use,E7000,Electricity,GWH,Gigawatt-hour,SK,Slovakia,2018,,588.000,,,,,
dataflow,ESTAT:NRG_BAL_C(1.0),Complete energy balances,A,Annual,FC_TRA_E,Final consumption - transport sector - energy use,E7000,Electricity,GWH,Gigawatt-hour,SK,Slovakia,2019,,530.000,,,,,
dataflow,ESTAT:NRG_BAL_C(1.0),Complete energy balances,A,Annual,FC_TRA_E,Final consumption - transport sector - energy use,E7000,Electricity,GWH,Gigawatt-hour,SK,Slovakia,2020,,505.000,,,,,
dataflow,ESTAT:NRG_BAL_C(1.0),Complete energy balances,A,Annual,FC_TRA_E,Final consumption - transport sector - energy use,E7000,Electricity,GWH,Gigawatt-hour,SK,Slovakia,2021,,586.000,,,,,
dataflow,ESTAT:NRG_BAL_C(1.0),Complete energy balances,A,Annual,FC_TRA_E,Final consumption - transport sector - energy use,E7000,Electricity,GWH,Gigawatt-hour,SK,Slovakia,2022,,667.000,,,,,
dataflow,ESTAT:NRG_BAL_C(1.0),Complete energy balances,A,Annual,FC_TRA_E,Final consumption - transport sector - energy use,E7000,Electricity,GWH,Gigawatt-hour,SK,Slovakia,2023,,706.000,,,,,
dataflow,ESTAT:NRG_BAL_C(1.0),Complete energy balances,A,Annual,FC_TRA_E,Final consumption - transport sector - energy use,E7000,Electricity,GWH,Gigawatt-hour,SK,Slovakia,2024,,720.000,,,,,
dataflow,ESTAT:NRG_BAL_C(1.0),Complete energy balances,A,Annual,FC_TRA_E,Final consumption - transport sector - energy use,E7000,Electricity,GWH,Gigawatt-hour,TR,Türkiye,1990,,345.000,,,,,
dataflow,ESTAT:NRG_BAL_C(1.0),Complete energy balances,A,Annual,FC_TRA_E,Final consumption - transport sector - energy use,E7000,Electricity,GWH,Gigawatt-hour,TR,Türkiye,1991,,395.000,,,,,
dataflow,ESTAT:NRG_BAL_C(1.0),Complete energy balances,A,Annual,FC_TRA_E,Final consumption - transport sector - energy use,E7000,Electricity,GWH,Gigawatt-hour,TR,Türkiye,1992,,438.000,,,,,
dataflow,ESTAT:NRG_BAL_C(1.0),Complete energy balances,A,Annual,FC_TRA_E,Final consumption - transport sector - energy use,E7000,Electricity,GWH,Gigawatt-hour,TR,Türkiye,1993,,451.000,,,,,
dataflow,ESTAT:NRG_BAL_C(1.0),Complete energy balances,A,Annual,FC_TRA_E,Final consumption - transport sector - energy use,E7000,Electricity,GWH,Gigawatt-hour,TR,Türkiye,1994,,430.000,,,,,
dataflow,ESTAT:NRG_BAL_C(1.0),Complete energy balances,A,Annual,FC_TRA_E,Final consumption - transport sector - energy use,E7000,Electricity,GWH,Gigawatt-hour,TR,Türkiye,1995,,356.000,,,,,
dataflow,ESTAT:NRG_BAL_C(1.0),Complete energy balances,A,Annual,FC_TRA_E,Final consumption - transport sector - energy use,E7000,Electricity,GWH,Gigawatt-hour,TR,Türkiye,1996,,475.000,,,,,
dataflow,ESTAT:NRG_BAL_C(1.0),Complete energy balances,A,Annual,FC_TRA_E,Final consumption - transport sector - energy use,E7000,Electricity,GWH,Gigawatt-hour,TR,Türkiye,1997,,204.000,,,,,
dataflow,ESTAT:NRG_BAL_C(1.0),Complete energy balances,A,Annual,FC_TRA_E,Final consumption - transport sector - energy use,E7000,Electricity,GWH,Gigawatt-hour,TR,Türkiye,1998,,330.000,,,,,
dataflow,ESTAT:NRG_BAL_C(1.0),Complete energy balances,A,Annual,FC_TRA_E,Final consumption - transport sector - energy use,E7000,Electricity,GWH,Gigawatt-hour,TR,Türkiye,1999,,423.000,,,,,
dataflow,ESTAT:NRG_BAL_C(1.0),Complete energy balances,A,Annual,FC_TRA_E,Final consumption - transport sector - energy use,E7000,Electricity,GWH,Gigawatt-hour,TR,Türkiye,2000,,765.000,,,,,
dataflow,ESTAT:NRG_BAL_C(1.0),Complete energy balances,A,Annual,FC_TRA_E,Final consumption - transport sector - energy use,E7000,Electricity,GWH,Gigawatt-hour,TR,Türkiye,2001,,660.000,,,,,
dataflow,ESTAT:NRG_BAL_C(1.0),Complete energy balances,A,Annual,FC_TRA_E,Final consumption - transport sector - energy use,E7000,Electricity,GWH,Gigawatt-hour,TR,Türkiye,2002,,762.000,,,,,
dataflow,ESTAT:NRG_BAL_C(1.0),Complete energy balances,A,Annual,FC_TRA_E,Final consumption - transport sector - energy use,E7000,Electricity,GWH,Gigawatt-hour,TR,Türkiye,2003,,713.000,,,,,
dataflow,ESTAT:NRG_BAL_C(1.0),Complete energy balances,A,Annual,FC_TRA_E,Final consumption - transport sector - energy use,E7000,Electricity,GWH,Gigawatt-hour,TR,Türkiye,2004,,731.000,,,,,
dataflow,ESTAT:NRG_BAL_C(1.0),Complete energy balances,A,Annual,FC_TRA_E,Final consumption - transport sector - energy use,E7000,Electricity,GWH,Gigawatt-hour,TR,Türkiye,2005,,750.000,,,,,
dataflow,ESTAT:NRG_BAL_C(1.0),Complete energy balances,A,Annual,FC_TRA_E,Final consumption - transport sector - energy use,E7000,Electricity,GWH,Gigawatt-hour,TR,Türkiye,2006,,790.000,,,,,
dataflow,ESTAT:NRG_BAL_C(1.0),Complete energy balances,A,Annual,FC_TRA_E,Final consumption - transport sector - energy use,E7000,Electricity,GWH,Gigawatt-hour,TR,Türkiye,2007,,935.000,,,,,
dataflow,ESTAT:NRG_BAL_C(1.0),Complete energy balances,A,Annual,FC_TRA_E,Final consumption - transport sector - energy use,E7000,Electricity,GWH,Gigawatt-hour,TR,Türkiye,2008,,960.000,,,,,
dataflow,ESTAT:NRG_BAL_C(1.0),Complete energy balances,A,Annual,FC_TRA_E,Final consumption - transport sector - energy use,E7000,Electricity,GWH,Gigawatt-hour,TR,Türkiye,2009,,556.000,,,,,
dataflow,ESTAT:NRG_BAL_C(1.0),Complete energy balances,A,Annual,FC_TRA_E,Final consumption - transport sector - energy use,E7000,Electricity,GWH,Gigawatt-hour,TR,Türkiye,2010,,591.000,,,,,
dataflow,ESTAT:NRG_BAL_C(1.0),Complete energy balances,A,Annual,FC_TRA_E,Final consumption - transport sector - energy use,E7000,Electricity,GWH,Gigawatt-hour,TR,Türkiye,2011,,657.000,,,,,
dataflow,ESTAT:NRG_BAL_C(1.0),Complete energy balances,A,Annual,FC_TRA_E,Final consumption - transport sector - energy use,E7000,Electricity,GWH,Gigawatt-hour,TR,Türkiye,2012,,799.000,,,,,
dataflow,ESTAT:NRG_BAL_C(1.0),Complete energy balances,A,Annual,FC_TRA_E,Final consumption - transport sector - energy use,E7000,Electricity,GWH,Gigawatt-hour,TR,Türkiye,2013,,826.000,,,,,
dataflow,ESTAT:NRG_BAL_C(1.0),Complete energy balances,A,Annual,FC_TRA_E,Final consumption - transport sector - energy use,E7000,Electricity,GWH,Gigawatt-hour,TR,Türkiye,2014,,916.000,,,,,
dataflow,ESTAT:NRG_BAL_C(1.0),Complete energy balances,A,Annual,FC_TRA_E,Final consumption - transport sector - energy use,E7000,Electricity,GWH,Gigawatt-hour,TR,Türkiye,2015,,1062.000,,,,,
dataflow,ESTAT:NRG_BAL_C(1.0),Complete energy balances,A,Annual,FC_TRA_E,Final consumption - transport sector - energy use,E7000,Electricity,GWH,Gigawatt-hour,TR,Türkiye,2016,,1156.000,,,,,
dataflow,ESTAT:NRG_BAL_C(1.0),Complete energy balances,A,Annual,FC_TRA_E,Final consumption - transport sector - energy use,E7000,Electricity,GWH,Gigawatt-hour,TR,Türkiye,2017,,1292.224,,,,,
dataflow,ESTAT:NRG_BAL_C(1.0),Complete energy balances,A,Annual,FC_TRA_E,Final consumption - transport sector - energy use,E7000,Electricity,GWH,Gigawatt-hour,TR,Türkiye,2018,,1350.024,,,,,
dataflow,ESTAT:NRG_BAL_C(1.0),Complete energy balances,A,Annual,FC_TRA_E,Final consumption - transport sector - energy use,E7000,Electricity,GWH,Gigawatt-hour,TR,Türkiye,2019,,1577.558,,,,,
dataflow,ESTAT:NRG_BAL_C(1.0),Complete energy balances,A,Annual,FC_TRA_E,Final consumption - transport sector - energy use,E7000,Electricity,GWH,Gigawatt-hour,TR,Türkiye,2020,,1435.635,,,,,
dataflow,ESTAT:NRG_BAL_C(1.0),Complete energy balances,A,Annual,FC_TRA_E,Final consumption - transport sector - energy use,E7000,Electricity,GWH,Gigawatt-hour,TR,Türkiye,2021,,1571.099,,,,,
dataflow,ESTAT:NRG_BAL_C(1.0),Complete energy balances,A,Annual,FC_TRA_E,Final consumption - transport sector - energy use,E7000,Electricity,GWH,Gigawatt-hour,TR,Türkiye,2022,,1789.580,,,,,
dataflow,ESTAT:NRG_BAL_C(1.0),Complete energy balances,A,Annual,FC_TRA_E,Final consumption - transport sector - energy use,E7000,Electricity,GWH,Gigawatt-hour,TR,Türkiye,2023,,1733.691,,,,,
dataflow,ESTAT:NRG_BAL_C(1.0),Complete energy balances,A,Annual,FC_TRA_E,Final consumption - transport sector - energy use,E7000,Electricity,GWH,Gigawatt-hour,TR,Türkiye,2024,,1851.350,,,,,
dataflow,ESTAT:NRG_BAL_C(1.0),Complete energy balances,A,Annual,FC_TRA_E,Final consumption - transport sector - energy use,E7000,Electricity,GWH,Gigawatt-hour,UA,Ukraine,1990,,14475.000,,,,,
dataflow,ESTAT:NRG_BAL_C(1.0),Complete energy balances,A,Annual,FC_TRA_E,Final consumption - transport sector - energy use,E7000,Electricity,GWH,Gigawatt-hour,UA,Ukraine,1991,,13621.000,,,,,
dataflow,ESTAT:NRG_BAL_C(1.0),Complete energy balances,A,Annual,FC_TRA_E,Final consumption - transport sector - energy use,E7000,Electricity,GWH,Gigawatt-hour,UA,Ukraine,1992,,12698.000,,,,,
dataflow,ESTAT:NRG_BAL_C(1.0),Complete energy balances,A,Annual,FC_TRA_E,Final consumption - transport sector - energy use,E7000,Electricity,GWH,Gigawatt-hour,UA,Ukraine,1993,,11941.000,,,,,
dataflow,ESTAT:NRG_BAL_C(1.0),Complete energy balances,A,Annual,FC_TRA_E,Final consumption - transport sector - energy use,E7000,Electricity,GWH,Gigawatt-hour,UA,Ukraine,1994,,10873.000,,,,,
dataflow,ESTAT:NRG_BAL_C(1.0),Complete energy balances,A,Annual,FC_TRA_E,Final consumption - transport sector - energy use,E7000,Electricity,GWH,Gigawatt-hour,UA,Ukraine,1995,,10777.000,,,,,
dataflow,ESTAT:NRG_BAL_C(1.0),Complete energy balances,A,Annual,FC_TRA_E,Final consumption - transport sector - energy use,E7000,Electricity,GWH,Gigawatt-hour,UA,Ukraine,1996,,9754.000,,,,,
dataflow,ESTAT:NRG_BAL_C(1.0),Complete energy balances,A,Annual,FC_TRA_E,Final consumption - transport sector - energy use,E7000,Electricity,GWH,Gigawatt-hour,UA,Ukraine,1997,,9545.000,,,,,
dataflow,ESTAT:NRG_BAL_C(1.0),Complete energy balances,A,Annual,FC_TRA_E,Final consumption - transport sector - energy use,E7000,Electricity,GWH,Gigawatt-hour,UA,Ukraine,1998,,9703.000,,,,,
dataflow,ESTAT:NRG_BAL_C(1.0),Complete energy balances,A,Annual,FC_TRA_E,Final consumption - transport sector - energy use,E7000,Electricity,GWH,Gigawatt-hour,UA,Ukraine,1999,,9501.000,,,,,
dataflow,ESTAT:NRG_BAL_C(1.0),Complete energy balances,A,Annual,FC_TRA_E,Final consumption - transport sector - energy use,E7000,Electricity,GWH,Gigawatt-hour,UA,Ukraine,2000,,9236.000,,,,,
dataflow,ESTAT:NRG_BAL_C(1.0),Complete energy balances,A,Annual,FC_TRA_E,Final consumption - transport sector - energy use,E7000,Electricity,GWH,Gigawatt-hour,UA,Ukraine,2001,,8689.000,,,,,
dataflow,ESTAT:NRG_BAL_C(1.0),Complete energy balances,A,Annual,FC_TRA_E,Final consumption - transport sector - energy use,E7000,Electricity,GWH,Gigawatt-hour,UA,Ukraine,2002,,9202.000,,,,,
dataflow,ESTAT:NRG_BAL_C(1.0),Complete energy balances,A,Annual,FC_TRA_E,Final consumption - transport sector - energy use,E7000,Electricity,GWH,Gigawatt-hour,UA,Ukraine,2003,,9556.000,,,,,
dataflow,ESTAT:NRG_BAL_C(1.0),Complete energy balances,A,Annual,FC_TRA_E,Final consumption - transport sector - energy use,E7000,Electricity,GWH,Gigawatt-hour,UA,Ukraine,2004,,9767.000,,,,,
dataflow,ESTAT:NRG_BAL_C(1.0),Complete energy balances,A,Annual,FC_TRA_E,Final consumption - transport sector - energy use,E7000,Electricity,GWH,Gigawatt-hour,UA,Ukraine,2005,,9483.000,,,,,
dataflow,ESTAT:NRG_BAL_C(1.0),Complete energy balances,A,Annual,FC_TRA_E,Final consumption - transport sector - energy use,E7000,Electricity,GWH,Gigawatt-hour,UA,Ukraine,2006,,9893.000,,,,,
dataflow,ESTAT:NRG_BAL_C(1.0),Complete energy balances,A,Annual,FC_TRA_E,Final consumption - transport sector - energy use,E7000,Electricity,GWH,Gigawatt-hour,UA,Ukraine,2007,,10505.000,,,,,
dataflow,ESTAT:NRG_BAL_C(1.0),Complete energy balances,A,Annual,FC_TRA_E,Final consumption - transport sector - energy use,E7000,Electricity,GWH,Gigawatt-hour,UA,Ukraine,2008,,10678.000,,,,,
dataflow,ESTAT:NRG_BAL_C(1.0),Complete energy balances,A,Annual,FC_TRA_E,Final consumption - transport sector - energy use,E7000,Electricity,GWH,Gigawatt-hour,UA,Ukraine,2009,,9144.000,,,,,
dataflow,ESTAT:NRG_BAL_C(1.0),Complete energy balances,A,Annual,FC_TRA_E,Final consumption - transport sector - energy use,E7000,Electricity,GWH,Gigawatt-hour,UA,Ukraine,2010,,8972.000,,,,,
dataflow,ESTAT:NRG_BAL_C(1.0),Complete energy balances,A,Annual,FC_TRA_E,Final consumption - transport sector - energy use,E7000,Electricity,GWH,Gigawatt-hour,UA,Ukraine,2011,,9887.000,,,,,
dataflow,ESTAT:NRG_BAL_C(1.0),Complete energy balances,A,Annual,FC_TRA_E,Final consumption - transport sector - energy use,E7000,Electricity,GWH,Gigawatt-hour,UA,Ukraine,2012,,9279.000,,,,,
dataflow,ESTAT:NRG_BAL_C(1.0),Complete energy balances,A,Annual,FC_TRA_E,Final consumption - transport sector - energy use,E7000,Electricity,GWH,Gigawatt-hour,UA,Ukraine,2013,,8690.000,,,,,
dataflow,ESTAT:NRG_BAL_C(1.0),Complete energy balances,A,Annual,FC_TRA_E,Final consumption - transport sector - energy use,E7000,Electricity,GWH,Gigawatt-hour,UA,Ukraine,2014,,8072.000,,,,,
dataflow,ESTAT:NRG_BAL_C(1.0),Complete energy balances,A,Annual,FC_TRA_E,Final consumption - transport sector - energy use,E7000,Electricity,GWH,Gigawatt-hour,UA,Ukraine,2015,,6807.000,,,,,
dataflow,ESTAT:NRG_BAL_C(1.0),Complete energy balances,A,Annual,FC_TRA_E,Final consumption - transport sector - energy use,E7000,Electricity,GWH,Gigawatt-hour,UA,Ukraine,2016,,6796.000,,,,,
dataflow,ESTAT:NRG_BAL_C(1.0),Complete energy balances,A,Annual,FC_TRA_E,Final consumption - transport sector - energy use,E7000,Electricity,GWH,Gigawatt-hour,UA,Ukraine,2017,,7044.000,,,,,
dataflow,ESTAT:NRG_BAL_C(1.0),Complete energy balances,A,Annual,FC_TRA_E,Final consumption - transport sector - energy use,E7000,Electricity,GWH,Gigawatt-hour,UA,Ukraine,2018,,6951.400,,,,,
dataflow,ESTAT:NRG_BAL_C(1.0),Complete energy balances,A,Annual,FC_TRA_E,Final consumption - transport sector - energy use,E7000,Electricity,GWH,Gigawatt-hour,UA,Ukraine,2019,,6603.300,,,,,
dataflow,ESTAT:NRG_BAL_C(1.0),Complete energy balances,A,Annual,FC_TRA_E,Final consumption - transport sector - energy use,E7000,Electricity,GWH,Gigawatt-hour,UA,Ukraine,2020,,5712.500,,,,,
dataflow,ESTAT:NRG_BAL_C(1.0),Complete energy balances,A,Annual,FC_TRA_E,Final consumption - transport sector - energy use,E7000,Electricity,GWH,Gigawatt-hour,UK,United Kingdom,1990,,5283.000,,,,,
dataflow,ESTAT:NRG_BAL_C(1.0),Complete energy balances,A,Annual,FC_TRA_E,Final consumption - transport sector - energy use,E7000,Electricity,GWH,Gigawatt-hour,UK,United Kingdom,1991,,5274.000,,,,,
dataflow,ESTAT:NRG_BAL_C(1.0),Complete energy balances,A,Annual,FC_TRA_E,Final consumption - transport sector - energy use,E7000,Electricity,GWH,Gigawatt-hour,UK,United Kingdom,1992,,5361.000,,,,,
dataflow,ESTAT:NRG_BAL_C(1.0),Complete energy balances,A,Annual,FC_TRA_E,Final consumption - transport sector - energy use,E7000,Electricity,GWH,Gigawatt-hour,UK,United Kingdom,1993,,7451.000,,,,,
dataflow,ESTAT:NRG_BAL_C(1.0),Complete energy balances,A,Annual,FC_TRA_E,Final consumption - transport sector - energy use,E7000,Electricity,GWH,Gigawatt-hour,UK,United Kingdom,1994,,6970.000,,,,,
dataflow,ESTAT:NRG_BAL_C(1.0),Complete energy balances,A,Annual,FC_TRA_E,Final consumption - transport sector - energy use,E7000,Electricity,GWH,Gigawatt-hour,UK,United Kingdom,1995,,8125.000,,,,,
dataflow,ESTAT:NRG_BAL_C(1.0),Complete energy balances,A,Annual,FC_TRA_E,Final consumption - transport sector - energy use,E7000,Electricity,GWH,Gigawatt-hour,UK,United Kingdom,1996,,8253.000,,,,,
dataflow,ESTAT:NRG_BAL_C(1.0),Complete energy balances,A,Annual,FC_TRA_E,Final consumption - transport sector - energy use,E7000,Electricity,GWH,Gigawatt-hour,UK,United Kingdom,1997,,8480.000,,,,,
dataflow,ESTAT:NRG_BAL_C(1.0),Complete energy balances,A,Annual,FC_TRA_E,Final consumption - transport sector - energy use,E7000,Electricity,GWH,Gigawatt-hour,UK,United Kingdom,1998,,8511.000,,,,,
dataflow,ESTAT:NRG_BAL_C(1.0),Complete energy balances,A,Annual,FC_TRA_E,Final consumption - transport sector - energy use,E7000,Electricity,GWH,Gigawatt-hour,UK,United Kingdom,1999,,8579.000,,,,,
dataflow,ESTAT:NRG_BAL_C(1.0),Complete energy balances,A,Annual,FC_TRA_E,Final consumption - transport sector - energy use,E7000,Electricity,GWH,Gigawatt-hour,UK,United Kingdom,2000,,8623.000,,,,,
dataflow,ESTAT:NRG_BAL_C(1.0),Complete energy balances,A,Annual,FC_TRA_E,Final consumption - transport sector - energy use,E7000,Electricity,GWH,Gigawatt-hour,UK,United Kingdom,2001,,8828.000,,,,,
dataflow,ESTAT:NRG_BAL_C(1.0),Complete energy balances,A,Annual,FC_TRA_E,Final consumption - transport sector - energy use,E7000,Electricity,GWH,Gigawatt-hour,UK,United Kingdom,2002,,8454.000,,,,,
dataflow,ESTAT:NRG_BAL_C(1.0),Complete energy balances,A,Annual,FC_TRA_E,Final consumption - transport sector - energy use,E7000,Electricity,GWH,Gigawatt-hour,UK,United Kingdom,2003,,8212.000,,,,,
dataflow,ESTAT:NRG_BAL_C(1.0),Complete energy balances,A,Annual,FC_TRA_E,Final consumption - transport sector - energy use,E7000,Electricity,GWH,Gigawatt-hour,UK,United Kingdom,2004,,4058.000,,,,,
dataflow,ESTAT:NRG_BAL_C(1.0),Complete energy balances,A,Annual,FC_TRA_E,Final consumption - transport sector - energy use,E7000,Electricity,GWH,Gigawatt-hour,UK,United Kingdom,2005,,4059.000,,,,,
dataflow,ESTAT:NRG_BAL_C(1.0),Complete energy balances,A,Annual,FC_TRA_E,Final consumption - transport sector - energy use,E7000,Electricity,GWH,Gigawatt-hour,UK,United Kingdom,2006,,4002.000,,,,,
dataflow,ESTAT:NRG_BAL_C(1.0),Complete energy balances,A,Annual,FC_TRA_E,Final consumption - transport sector - energy use,E7000,Electricity,GWH,Gigawatt-hour,UK,United Kingdom,2007,,3961.000,,,,,
dataflow,ESTAT:NRG_BAL_C(1.0),Complete energy balances,A,Annual,FC_TRA_E,Final consumption - transport sector - energy use,E7000,Electricity,GWH,Gigawatt-hour,UK,United Kingdom,2008,,3943.000,,,,,
dataflow,ESTAT:NRG_BAL_C(1.0),Complete energy balances,A,Annual,FC_TRA_E,Final consumption - transport sector - energy use,E7000,Electricity,GWH,Gigawatt-hour,UK,United Kingdom,2009,,4040.000,,,,,
dataflow,ESTAT:NRG_BAL_C(1.0),Complete energy balances,A,Annual,FC_TRA_E,Final consumption - transport sector - energy use,E7000,Electricity,GWH,Gigawatt-hour,UK,United Kingdom,2010,,4067.000,,,,,
dataflow,ESTAT:NRG_BAL_C(1.0),Complete energy balances,A,Annual,FC_TRA_E,Final consumption - transport sector - energy use,E7000,Electricity,GWH,Gigawatt-hour,UK,United Kingdom,2011,,4205.000,,,,,
dataflow,ESTAT:NRG_BAL_C(1.0),Complete energy balances,A,Annual,FC_TRA_E,Final consumption - transport sector - energy use,E7000,Electricity,GWH,Gigawatt-hour,UK,United Kingdom,2012,,4480.000,,,,,
dataflow,ESTAT:NRG_BAL_C(1.0),Complete energy balances,A,Annual,FC_TRA_E,Final consumption - transport sector - energy use,E7000,Electricity,GWH,Gigawatt-hour,UK,United Kingdom,2013,,4352.000,,,,,
dataflow,ESTAT:NRG_BAL_C(1.0),Complete energy balances,A,Annual,FC_TRA_E,Final consumption - transport sector - energy use,E7000,Electricity,GWH,Gigawatt-hour,UK,United Kingdom,2014,,4505.000,,,,,
dataflow,ESTAT:NRG_BAL_C(1.0),Complete energy balances,A,Annual,FC_TRA_E,Final consumption - transport sector - energy use,E7000,Electricity,GWH,Gigawatt-hour,UK,United Kingdom,2015,,4516.510,,,,,
dataflow,ESTAT:NRG_BAL_C(1.0),Complete energy balances,A,Annual,FC_TRA_E,Final consumption - transport sector - energy use,E7000,Electricity,GWH,Gigawatt-hour,UK,United Kingdom,2016,,4690.090,,,,,
dataflow,ESTAT:NRG_BAL_C(1.0),Complete energy balances,A,Annual,FC_TRA_E,Final consumption - transport sector - energy use,E7000,Electricity,GWH,Gigawatt-hour,UK,United Kingdom,2017,,4833.270,,,,,
dataflow,ESTAT:NRG_BAL_C(1.0),Complete energy balances,A,Annual,FC_TRA_E,Final consumption - transport sector - energy use,E7000,Electricity,GWH,Gigawatt-hour,UK,United Kingdom,2018,,4983.550,,,,,
dataflow,ESTAT:NRG_BAL_C(1.0),Complete energy balances,A,Annual,FC_TRA_E,Final consumption - transport sector - energy use,E7000,Electricity,GWH,Gigawatt-hour,UK,United Kingdom,2019,,5455.850,,,,,
dataflow,ESTAT:NRG_BAL_C(1.0),Complete energy balances,A,Annual,FC_TRA_E,Final consumption - transport sector - energy use,E7000,Electricity,GWH,Gigawatt-hour,XK,Kosovo*,2000,,0.000,,,,,
dataflow,ESTAT:NRG_BAL_C(1.0),Complete energy balances,A,Annual,FC_TRA_E,Final consumption - transport sector - energy use,E7000,Electricity,GWH,Gigawatt-hour,XK,Kosovo*,2001,,0.000,,,,,
dataflow,ESTAT:NRG_BAL_C(1.0),Complete energy balances,A,Annual,FC_TRA_E,Final consumption - transport sector - energy use,E7000,Electricity,GWH,Gigawatt-hour,XK,Kosovo*,2002,,0.000,,,,,
dataflow,ESTAT:NRG_BAL_C(1.0),Complete energy balances,A,Annual,FC_TRA_E,Final consumption - transport sector - energy use,E7000,Electricity,GWH,Gigawatt-hour,XK,Kosovo*,2003,,0.000,,,,,
dataflow,ESTAT:NRG_BAL_C(1.0),Complete energy balances,A,Annual,FC_TRA_E,Final consumption - transport sector - energy use,E7000,Electricity,GWH,Gigawatt-hour,XK,Kosovo*,2004,,0.000,,,,,
dataflow,ESTAT:NRG_BAL_C(1.0),Complete energy balances,A,Annual,FC_TRA_E,Final consumption - transport sector - energy use,E7000,Electricity,GWH,Gigawatt-hour,XK,Kosovo*,2005,,0.000,,,,,
dataflow,ESTAT:NRG_BAL_C(1.0),Complete energy balances,A,Annual,FC_TRA_E,Final consumption - transport sector - energy use,E7000,Electricity,GWH,Gigawatt-hour,XK,Kosovo*,2006,,0.000,,,,,
dataflow,ESTAT:NRG_BAL_C(1.0),Complete energy balances,A,Annual,FC_TRA_E,Final consumption - transport sector - energy use,E7000,Electricity,GWH,Gigawatt-hour,XK,Kosovo*,2007,,0.000,,,,,
dataflow,ESTAT:NRG_BAL_C(1.0),Complete energy balances,A,Annual,FC_TRA_E,Final consumption - transport sector - energy use,E7000,Electricity,GWH,Gigawatt-hour,XK,Kosovo*,2008,,0.000,,,,,
dataflow,ESTAT:NRG_BAL_C(1.0),Complete energy balances,A,Annual,FC_TRA_E,Final consumption - transport sector - energy use,E7000,Electricity,GWH,Gigawatt-hour,XK,Kosovo*,2009,,0.000,,,,,
dataflow,ESTAT:NRG_BAL_C(1.0),Complete energy balances,A,Annual,FC_TRA_E,Final consumption - transport sector - energy use,E7000,Electricity,GWH,Gigawatt-hour,XK,Kosovo*,2010,,0.000,,,,,
dataflow,ESTAT:NRG_BAL_C(1.0),Complete energy balances,A,Annual,FC_TRA_E,Final consumption - transport sector - energy use,E7000,Electricity,GWH,Gigawatt-hour,XK,Kosovo*,2011,,0.000,,,,,
dataflow,ESTAT:NRG_BAL_C(1.0),Complete energy balances,A,Annual,FC_TRA_E,Final consumption - transport sector - energy use,E7000,Electricity,GWH,Gigawatt-hour,XK,Kosovo*,2012,,0.000,,,,,
dataflow,ESTAT:NRG_BAL_C(1.0),Complete energy balances,A,Annual,FC_TRA_E,Final consumption - transport sector - energy use,E7000,Electricity,GWH,Gigawatt-hour,XK,Kosovo*,2013,,0.000,,,,,
dataflow,ESTAT:NRG_BAL_C(1.0),Complete energy balances,A,Annual,FC_TRA_E,Final consumption - transport sector - energy use,E7000,Electricity,GWH,Gigawatt-hour,XK,Kosovo*,2014,,0.000,,,,,
dataflow,ESTAT:NRG_BAL_C(1.0),Complete energy balances,A,Annual,FC_TRA_E,Final consumption - transport sector - energy use,E7000,Electricity,GWH,Gigawatt-hour,XK,Kosovo*,2015,,0.000,,,,,
dataflow,ESTAT:NRG_BAL_C(1.0),Complete energy balances,A,Annual,FC_TRA_E,Final consumption - transport sector - energy use,E7000,Electricity,GWH,Gigawatt-hour,XK,Kosovo*,2016,,0.000,,,,,
dataflow,ESTAT:NRG_BAL_C(1.0),Complete energy balances,A,Annual,FC_TRA_E,Final consumption - transport sector - energy use,E7000,Electricity,GWH,Gigawatt-hour,XK,Kosovo*,2017,,0.000,,,,,
dataflow,ESTAT:NRG_BAL_C(1.0),Complete energy balances,A,Annual,FC_TRA_E,Final consumption - transport sector - energy use,E7000,Electricity,GWH,Gigawatt-hour,XK,Kosovo*,2018,,0.000,,,,,
dataflow,ESTAT:NRG_BAL_C(1.0),Complete energy balances,A,Annual,FC_TRA_E,Final consumption - transport sector - energy use,E7000,Electricity,GWH,Gigawatt-hour,XK,Kosovo*,2019,,0.000,,,,,
dataflow,ESTAT:NRG_BAL_C(1.0),Complete energy balances,A,Annual,FC_TRA_E,Final consumption - transport sector - energy use,E7000,Electricity,GWH,Gigawatt-hour,XK,Kosovo*,2020,,0.000,,,,,
dataflow,ESTAT:NRG_BAL_C(1.0),Complete energy balances,A,Annual,FC_TRA_E,Final consumption - transport sector - energy use,E7000,Electricity,GWH,Gigawatt-hour,XK,Kosovo*,2021,,0.000,,,,,
dataflow,ESTAT:NRG_BAL_C(1.0),Complete energy balances,A,Annual,FC_TRA_E,Final consumption - transport sector - energy use,E7000,Electricity,GWH,Gigawatt-hour,XK,Kosovo*,2022,,0.000,,,,,
dataflow,ESTAT:NRG_BAL_C(1.0),Complete energy balances,A,Annual,FC_TRA_E,Final consumption - transport sector - energy use,E7000,Electricity,GWH,Gigawatt-hour,XK,Kosovo*,2023,,0.000,,,,,
