freq,indic_bt,cpa2_1,s_adj,unit,geo\TIME_PERIOD,1992,1993,1994,1995,1996,1997,1998,1999,2000,2001,2002,2003,2004,2005,2006,2007,2008,2009,2010,2011,2012,2013,2014,2015,2016,2017,2018,2019,2020,2021,2022,2023,2024,2025
A,BPRM_DW,CPA_F41001,NSA,I15,FI,,,,55.7,76.3,97.2,101.8,115.9,107.9,90.5,93.2,108.6,104.5,114.1,110.6,99.8,79.8,83.5,102.8,108.1,100.0,82.6,91.0,100.0,124.8,150.4,135.1,119.5,127.2,140.8,115.1,,,
A,BPRM_DW,CPA_F41001,NSA,I15,NO,,,,70.9,68.3,80.0,72.6,72.0,74.3,79.8,73.2,73.4,96.9,101.2,107.3,105.1,82.7,62.7,68.0,89.0,97.2,97.0,87.1,100.0,116.9,113.7,101.5,102.5,96.5,97.5,,,,
A,BPRM_DW,CPA_F41001,NSA,I21,FI,,,,39.6,54.2,69.0,72.3,82.3,76.7,64.3,66.2,77.1,74.2,81.1,78.6,70.9,56.7,59.3,73.0,76.8,71.0,58.7,64.6,71.0,88.6,106.8,96.0,84.9,90.3,100.0,81.7,,,
A,BPRM_DW,CPA_F41001,NSA,I21,NO,,,,72.7,70.0,82.0,74.4,73.8,76.2,81.8,75.1,75.3,99.4,103.8,110.1,107.8,84.8,64.3,69.7,91.2,99.7,99.5,89.4,102.6,119.9,116.6,104.1,105.1,99.0,100.0,,,,
A,BPRM_DW,CPA_F41001,NSA,PCH_SM,FI,,,,,36.9,27.3,4.8,13.8,-6.8,-16.2,3.0,16.5,-3.8,9.3,-3.1,-9.8,-20.0,4.6,23.1,5.2,-7.6,-17.3,10.1,9.9,24.8,20.5,-10.1,-11.6,6.4,10.7,-18.3,,,
A,BPRM_DW,CPA_F41001,NSA,PCH_SM,NO,,,,,-3.7,17.1,-9.3,-0.8,3.3,7.3,-8.2,0.3,32.0,4.4,6.1,-2.1,-21.3,-24.2,8.4,30.8,9.3,-0.2,-10.2,14.8,16.9,-2.8,-10.7,1.0,-5.8,1.0,,,,
A,BPRM_DW,CPA_F410011,NSA,I15,AL,,,,,,,,,,,,,,,,,,,,,,,,100.0,666.7,1105.6,1611.1,1066.7,1255.6,2355.6,2438.9,,,
A,BPRM_DW,CPA_F410011,NSA,I15,AT,,,,,,,,,89.5,81.6,98.9,92.7,100.5,101.1,108.8,106.8,102.4,96.0,105.6,109.0,95.4,95.7,100.2,100.0,106.5,104.7,107.9,107.7,113.4,124.3,100.9,,,
A,BPRM_DW,CPA_F410011,NSA,I15,BA,,,,,,,,,,,,,,,,,,,,,,95.9,86.7,100.0,115.0,128.8,129.5,138.6,118.2,128.2,138.0,158.8,,
A,BPRM_DW,CPA_F410011,NSA,I15,BE,,,,145.0,170.3,172.9,124.2,144.6,128.4,120.8,113.1,120.1,132.4,147.5,142.2,127.6,128.5,116.5,130.4,111.8,116.8,111.9,116.9,100.0,106.1,101.2,125.9,127.0,131.7,148.4,135.1,,,
A,BPRM_DW,CPA_F410011,NSA,I15,BG,,,,,,,,,28.2,37.8,45.9,67.8,108.3,157.0,190.1,204.3,201.4,142.6,111.9,111.9,101.1,96.9,99.4,100.0,104.3,126.4,126.9,131.0,132.9,161.5,187.0,191.9,,
A,BPRM_DW,CPA_F410011,NSA,I15,CY,,,,,,,,,207.9,240.7,252.0,346.5,431.3,465.1,461.4,429.0,383.1,381.2,337.1,228.2,168.9,123.5,97.8,100.0,123.7,140.8,177.0,198.1,190.0,217.3,193.1,,,
A,BPRM_DW,CPA_F410011,NSA,I15,CZ,,,,,,,,,114.6,111.9,116.3,139.5,142.8,139.7,153.8,154.6,166.4,138.2,121.9,125.4,106.5,91.5,90.8,100.0,114.5,133.7,138.2,143.2,139.4,152.4,144.8,,,
A,BPRM_DW,CPA_F410011,NSA,I15,DE,,,164.2,141.5,156.3,173.5,191.1,198.6,165.7,143.6,144.1,163.2,141.5,127.6,126.5,82.6,77.0,78.6,82.5,98.7,92.9,93.9,92.5,100.0,100.3,95.3,94.3,95.4,97.7,98.6,82.0,,,
A,BPRM_DW,CPA_F410011,NSA,I15,DK,,,,,,,119.6,108.8,101.7,120.5,145.9,151.7,165.2,201.4,226.5,158.0,99.2,52.5,87.6,82.6,62.7,60.7,71.5,100.0,121.1,123.6,137.7,138.8,153.9,193.9,152.0,,,
A,BPRM_DW,CPA_F410011,NSA,I15,EA19,,,,,,,,,,,,,,268.2,278.3,233.0,171.0,129.2,131.3,130.5,110.4,97.9,93.6,100.0,107.7,114.2,117.3,115.8,107.8,122.6,120.3,,,
A,BPRM_DW,CPA_F410011,NSA,I15,EA20,,,,,,,,,,,,,,268.2,278.2,233.0,171.1,129.4,131.5,130.6,110.5,98.0,93.6,100.0,107.7,114.3,117.4,116.0,107.9,122.8,120.5,,,
A,BPRM_DW,CPA_F410011,NSA,I15,EE,,,,,,,,43.2,41.0,50.3,101.4,128.9,217.7,217.8,295.6,254.3,162.0,90.3,75.7,68.5,69.3,84.3,88.6,100.0,115.9,137.7,125.9,136.7,142.5,187.4,150.4,129.1,,
A,BPRM_DW,CPA_F410011,NSA,I15,EL,,,,670.9,778.8,803.5,810.4,673.2,707.6,825.8,854.5,846.9,827.4,965.1,849.8,796.5,665.7,574.3,483.5,338.0,207.3,129.4,102.2,100.0,95.4,109.1,113.0,117.9,139.0,193.3,182.9,,,
A,BPRM_DW,CPA_F410011,NSA,I15,ES,,,,460.8,440.1,528.5,620.1,712.6,766.7,697.6,693.9,804.1,877.0,967.8,1066.4,828.4,413.0,208.3,188.6,169.4,118.8,92.8,87.1,100.0,127.1,142.8,163.7,162.3,108.8,124.0,212.3,,,
A,BPRM_DW,CPA_F410011,NSA,I15,EU27_2020,,,,,,,,,,,,,,249.3,260.4,220.9,165.2,125.6,127.8,126.2,106.6,95.0,92.2,100.0,109.5,116.1,118.9,118.4,112.2,129.9,123.3,,,
A,BPRM_DW,CPA_F410011,NSA,I15,FI,,,,111.9,125.6,164.8,192.5,216.7,209.7,182.9,203.9,244.2,258.3,279.0,276.3,250.2,192.2,167.8,207.8,193.5,163.5,131.9,112.8,100.0,106.1,108.7,106.4,94.8,101.2,130.8,98.3,,,
A,BPRM_DW,CPA_F410011,NSA,I15,FR,,,105.9,93.9,106.3,109.7,135.4,138.9,141.0,137.3,137.8,145.4,160.3,170.3,176.4,170.0,144.1,118.4,143.6,143.7,128.9,114.0,95.6,100.0,110.1,118.6,109.5,110.9,101.9,128.2,118.2,84.0,,
A,BPRM_DW,CPA_F410011,NSA,I15,HR,,,,,,,,,201.5,234.3,238.1,237.5,227.8,258.9,245.4,222.4,229.0,245.4,206.4,193.7,156.0,121.1,109.6,100.0,123.9,164.1,170.7,181.2,181.5,204.7,232.6,243.0,,
A,BPRM_DW,CPA_F410011,NSA,I15,HU,,,,,,,293.0,361.9,447.8,405.5,404.6,454.7,402.9,338.9,331.9,304.8,255.9,188.3,113.5,111.7,97.4,70.9,80.2,100.0,182.8,195.6,197.2,214.0,179.8,254.9,208.2,,,
A,BPRM_DW,CPA_F410011,NSA,I15,IE,,,,,,,,622.4,720.3,592.5,498.1,484.0,678.8,738.0,585.4,613.0,466.4,261.6,113.2,88.8,52.6,58.6,64.6,100.0,120.2,150.6,194.8,190.9,172.8,163.1,170.3,,,
A,BPRM_DW,CPA_F410011,NSA,I15,IT,,,,,,,,,193.6,187.6,187.2,195.2,202.4,203.0,203.8,183.7,166.2,143.0,148.6,151.6,133.2,111.6,104.8,100.0,98.3,101.6,105.6,103.2,87.0,109.6,109.8,,,
A,BPRM_DW,CPA_F410011,NSA,I15,LT,,,,,,,,28.8,31.4,32.2,38.3,47.1,64.6,88.1,115.5,132.3,122.8,93.9,90.5,75.0,84.3,105.2,95.7,100.0,114.4,104.4,108.5,103.9,127.1,165.7,116.2,92.1,,
A,BPRM_DW,CPA_F410011,NSA,I15,LU,,,,,,,,,95.9,85.7,83.3,85.1,93.7,114.7,119.3,121.9,98.9,83.6,111.4,122.4,111.4,119.2,140.1,100.0,111.2,123.7,117.8,128.4,143.0,146.0,132.2,,,
A,BPRM_DW,CPA_F410011,NSA,I15,LV,,,,,,,,,88.4,107.7,124.1,167.6,251.8,302.2,358.1,310.2,220.5,120.4,83.4,83.9,98.4,98.8,103.4,100.0,92.0,130.0,137.4,146.4,136.6,162.4,159.8,145.8,,
A,BPRM_DW,CPA_F410011,NSA,I15,ME,,,,,,,,,59.2,61.3,107.0,89.4,119.7,100.0,167.6,150.7,250.7,279.6,110.6,86.6,147.9,156.3,162.0,100.0,179.6,183.8,38.7,21.1,22.5,40.1,105.6,,,
A,BPRM_DW,CPA_F410011,NSA,I15,MK,,,,,,,,,,,,,,,,,101.9,89.6,80.4,61.1,71.6,72.8,97.6,100.0,101.0,107.6,84.1,109.3,80.9,111.0,105.0,103.4,,
A,BPRM_DW,CPA_F410011,NSA,I15,MT,,,,,,,,,288.7,147.6,178.3,178.1,161.8,173.1,161.6,122.4,73.2,76.5,79.5,76.2,64.5,72.2,80.4,100.0,133.8,139.6,188.0,197.4,123.7,126.5,148.0,,,
A,BPRM_DW,CPA_F410011,NSA,I15,NL,,,,,,,,,202.6,156.7,169.6,179.6,194.4,201.6,214.6,187.1,180.8,144.5,112.9,110.7,58.3,35.3,65.8,100.0,105.9,136.2,136.4,115.1,126.1,134.1,101.0,85.8,,
A,BPRM_DW,CPA_F410011,NSA,I15,NO,,,,,,,,,101.8,93.4,80.5,71.8,83.3,95.6,97.1,96.1,95.8,90.0,84.9,97.6,100.9,102.3,92.4,100.0,110.5,101.3,95.7,86.9,85.2,93.9,82.9,61.6,,
A,BPRM_DW,CPA_F410011,NSA,I15,PL,,,,,,,,,96.1,109.9,52.5,83.4,75.2,75.2,93.0,136.7,139.1,123.6,121.5,117.7,103.6,91.5,89.3,100.0,112.4,125.2,134.8,143.4,151.0,189.2,141.8,,,
A,BPRM_DW,CPA_F410011,NSA,I15,PT,,,,464.6,466.9,510.6,567.4,623.2,626.9,622.1,609.0,540.6,489.0,483.3,458.9,418.5,343.8,250.4,231.9,192.0,134.6,94.7,87.2,100.0,119.5,143.9,183.5,196.0,204.3,229.5,239.0,211.3,,
A,BPRM_DW,CPA_F410011,NSA,I15,RO,,,,,,,,,84.2,93.1,82.1,73.9,92.3,117.0,136.3,148.4,159.5,129.8,111.6,104.5,99.5,99.3,97.7,100.0,97.2,101.3,106.1,106.4,104.5,129.9,110.5,89.0,,
A,BPRM_DW,CPA_F410011,NSA,I15,RS,,,,,,,,,59.2,79.3,52.8,76.3,76.1,82.6,78.6,114.8,116.9,104.3,81.7,86.6,89.7,83.3,81.1,100.0,88.9,127.6,129.1,134.2,149.6,208.1,210.3,,,
A,BPRM_DW,CPA_F410011,NSA,I15,SE,,,,,37.8,47.3,54.6,65.7,73.8,64.6,67.4,84.2,94.4,106.2,123.1,118.3,94.6,80.3,92.2,77.9,59.8,64.6,82.7,100.0,124.0,121.6,101.2,105.2,113.1,148.5,121.3,,,
A,BPRM_DW,CPA_F410011,NSA,I15,SI,,,,,,,,,120.8,106.6,108.6,116.4,117.6,135.2,150.8,163.7,150.9,133.3,111.1,101.5,94.7,102.9,95.1,100.0,105.3,109.0,112.0,101.7,100.0,111.8,116.3,104.9,,
A,BPRM_DW,CPA_F410011,NSA,I15,SK,,,,,,,,,,,,63.6,79.8,70.2,73.6,89.6,122.0,99.6,87.7,86.3,83.6,82.4,85.8,100.0,115.8,123.5,132.2,126.3,120.6,128.4,117.7,,,
A,BPRM_DW,CPA_F410011,NSA,I15,TR,223.4,228.3,225.8,208.4,184.2,187.1,167.5,138.1,113.8,115.0,69.6,70.2,102.6,154.7,133.7,112.8,103.6,88.4,116.1,92.8,87.4,104.1,111.4,100.0,98.2,115.0,97.7,71.5,144.0,243.0,230.5,249.3,,
A,BPRM_DW,CPA_F410011,NSA,I15,UK,,,,,,,118.4,118.8,113.4,111.9,106.0,102.7,100.9,91.8,89.1,91.5,55.3,43.3,56.1,64.9,60.2,75.4,79.5,100.0,109.1,114.3,120.7,115.8,,,,,,
A,BPRM_DW,CPA_F410011,NSA,I21,AL,,,,,,,,,,,,,,,,,,,,,,,,4.2,28.3,46.9,68.4,45.3,53.3,100.0,103.5,142.5,68.4,73.1
A,BPRM_DW,CPA_F410011,NSA,I21,AT,,,,,,,,,72.0,65.7,79.6,74.6,80.9,81.4,87.6,86.0,82.4,77.2,85.1,88.1,77.1,77.6,81.1,81.0,86.2,84.9,87.7,88.1,91.3,100.0,80.4,50.4,43.7,47.9
A,BPRM_DW,CPA_F410011,NSA,I21,BA,,,,,,,,,,,,,,,,,,,,,,74.8,67.7,78.0,89.7,100.4,101.0,108.1,92.2,100.0,107.7,123.8,,
A,BPRM_DW,CPA_F410011,NSA,I21,BE,,,,97.5,114.5,116.3,83.5,97.2,86.4,81.2,76.0,80.7,89.0,99.2,95.6,85.8,86.4,78.3,87.6,75.2,78.5,75.2,78.6,67.2,71.3,68.1,84.6,85.4,88.7,100.0,91.0,79.7,65.8,65.9
A,BPRM_DW,CPA_F410011,NSA,I21,BG,,,,,,,,,17.5,23.4,28.4,42.0,67.0,97.2,117.7,126.5,124.7,88.3,69.3,69.3,62.6,60.0,61.5,61.9,64.6,78.2,78.6,81.1,82.3,100.0,115.8,118.8,113.3,127.8
A,BPRM_DW,CPA_F410011,NSA,I21,CY,,,,,,,,,95.7,110.8,116.0,159.4,198.5,214.0,212.3,197.4,176.3,175.4,155.1,105.0,77.7,56.8,45.0,46.0,56.9,64.8,81.5,91.2,87.4,100.0,88.9,81.7,79.4,111.0
A,BPRM_DW,CPA_F410011,NSA,I21,CZ,,,,,,,,,75.2,73.4,76.3,91.6,93.7,91.7,100.9,101.4,109.2,90.7,80.0,82.3,69.9,60.0,59.6,65.6,75.1,87.8,90.7,94.0,91.5,100.0,95.0,70.3,63.3,61.7
A,BPRM_DW,CPA_F410011,NSA,I21,DE,,,166.6,143.5,158.5,176.0,193.9,201.5,168.0,145.7,146.1,165.6,143.5,129.5,128.3,83.8,78.1,79.7,83.7,100.1,94.2,95.2,93.8,101.4,101.7,96.6,95.6,96.8,99.1,100.0,83.1,50.7,40.4,47.3
A,BPRM_DW,CPA_F410011,NSA,I21,DK,,,,,,,61.9,56.2,52.6,62.3,75.4,78.5,85.4,104.2,117.1,81.7,51.3,27.1,45.2,42.6,32.4,31.4,37.0,51.9,62.5,63.7,71.0,71.8,80.4,100.0,77.0,55.7,56.9,62.5
A,BPRM_DW,CPA_F410011,NSA,I21,EA19,,,,,,,,,,,,,,169.2,171.8,151.1,122.6,97.6,101.1,100.7,86.9,78.6,73.8,79.5,85.8,91.2,91.5,90.7,87.2,100.0,92.1,70.8,,
A,BPRM_DW,CPA_F410011,NSA,I21,EA20,,,,,,,,,,,,,,168.7,171.2,150.6,122.4,97.7,101.0,100.5,86.7,78.3,73.5,79.2,85.4,91.0,91.5,90.8,87.2,100.0,92.2,71.3,65.5,70.8
A,BPRM_DW,CPA_F410011,NSA,I21,EA21,,,,,,,,,,,,,,168.0,170.7,150.4,122.5,97.6,100.7,100.2,86.5,78.1,73.4,79.0,85.2,90.8,91.4,90.7,87.2,100.0,92.5,71.8,66.0,71.4
A,BPRM_DW,CPA_F410011,NSA,I21,EE,,,,,,,,23.1,21.9,26.8,54.1,68.8,116.1,116.2,157.7,135.6,86.5,48.2,40.4,36.6,37.0,45.0,47.3,53.3,61.8,73.4,67.2,72.9,76.0,100.0,80.3,68.9,63.1,66.1
A,BPRM_DW,CPA_F410011,NSA,I21,EL,,,,347.1,403.0,415.7,419.3,348.3,366.1,427.3,442.1,438.2,428.1,499.3,439.7,412.1,344.4,297.2,250.2,174.9,107.2,67.0,52.9,51.7,49.3,56.4,58.5,61.0,71.9,100.0,94.7,96.9,103.8,99.2
A,BPRM_DW,CPA_F410011,NSA,I21,ES,,,,371.5,354.8,426.1,499.9,574.5,618.2,562.4,559.4,648.3,707.0,780.3,859.8,667.9,333.0,167.9,152.1,136.6,95.8,74.8,70.2,80.6,102.5,115.2,132.0,130.9,87.7,100.0,171.1,196.9,237.6,266.7
A,BPRM_DW,CPA_F410011,NSA,I21,EU27_2020,,,,,,,,,,,,,,133.2,138.4,128.7,109.7,88.5,89.3,88.1,76.4,69.3,66.4,72.1,78.8,84.4,85.8,86.5,84.8,100.0,88.1,67.6,64.7,69.8
A,BPRM_DW,CPA_F410011,NSA,I21,FI,,,,84.5,94.8,124.4,145.3,163.6,161.1,142.9,160.4,189.6,200.3,215.3,213.0,193.0,148.2,129.1,159.0,148.2,124.0,99.8,87.0,77.2,80.9,82.8,80.5,72.9,77.6,100.0,75.6,44.8,46.3,46.0
A,BPRM_DW,CPA_F410011,NSA,I21,FR,,,82.2,72.9,82.5,85.2,105.2,107.8,109.5,106.6,107.0,112.9,124.5,132.2,137.0,132.0,111.9,91.9,111.5,111.6,100.1,88.5,74.1,77.6,85.2,92.0,85.4,86.4,79.5,100.0,92.5,65.1,54.6,60.5
A,BPRM_DW,CPA_F410011,NSA,I21,HR,,,,,,,,,98.4,114.5,116.3,116.0,111.3,126.5,119.8,108.6,111.8,119.8,100.8,94.6,76.2,59.1,53.5,48.8,60.5,80.2,83.4,88.5,88.7,100.0,113.6,118.7,120.9,122.8
A,BPRM_DW,CPA_F410011,NSA,I21,HU,,,,,,,115.0,142.0,175.7,159.1,158.8,178.4,158.1,133.0,130.2,119.6,100.4,73.9,44.5,43.8,38.2,27.8,31.5,39.2,71.7,76.7,77.4,84.0,70.5,100.0,81.7,53.2,52.1,60.1
A,BPRM_DW,CPA_F410011,NSA,I21,IE,,,,,,,,381.6,441.6,363.2,305.4,296.7,416.1,452.5,358.9,375.8,285.9,160.4,69.4,54.4,32.2,35.9,39.6,61.3,73.7,92.4,119.4,117.0,105.9,100.0,104.4,118.1,114.9,123.3
A,BPRM_DW,CPA_F410011,NSA,I21,IT,,,,,,,,,176.7,171.2,170.8,178.2,184.7,185.2,186.0,167.7,151.7,130.5,135.6,138.4,121.5,101.8,95.7,91.3,89.7,92.8,96.4,94.2,79.4,100.0,100.2,81.4,81.8,82.1
A,BPRM_DW,CPA_F410011,NSA,I21,LT,,,,,,,,17.5,19.1,19.6,23.3,28.6,39.2,53.5,70.2,80.4,74.6,57.0,55.0,45.6,51.2,63.9,58.1,60.7,69.5,63.4,65.9,63.1,77.2,100.0,69.8,55.9,49.5,52.5
A,BPRM_DW,CPA_F410011,NSA,I21,LU,,,,,,,,,65.7,58.7,57.1,58.3,64.2,78.6,81.8,83.5,67.7,57.3,76.3,83.9,76.3,81.7,96.0,68.5,76.2,84.8,80.7,88.0,98.0,100.0,90.5,61.8,52.6,59.2
A,BPRM_DW,CPA_F410011,NSA,I21,LV,,,,,,,,,54.4,66.3,76.4,103.2,155.1,186.1,220.5,191.0,135.8,74.1,51.4,51.7,60.6,60.8,63.7,61.6,56.6,80.1,84.6,90.2,84.1,100.0,98.4,89.8,85.5,87.4
A,BPRM_DW,CPA_F410011,NSA,I21,ME,,,,,,,,,147.4,152.6,266.7,222.8,298.2,249.1,417.5,375.4,624.6,696.5,275.4,215.8,368.4,389.5,403.5,249.1,447.4,457.9,96.5,52.6,56.1,100.0,263.2,224.6,217.5,440.4
A,BPRM_DW,CPA_F410011,NSA,I21,MK,,,,,,,,,,,,,,,,,91.8,80.7,72.4,55.0,64.5,65.6,87.9,90.1,91.0,97.0,75.8,98.5,72.9,100.0,94.6,93.2,84.4,98.5
A,BPRM_DW,CPA_F410011,NSA,I21,MT,,,,,,,,,228.2,116.7,141.0,140.8,128.0,136.8,127.8,96.8,57.9,60.5,62.8,60.2,51.0,57.1,63.5,79.1,105.8,110.4,148.6,156.1,97.8,100.0,117.0,96.5,104.1,140.2
A,BPRM_DW,CPA_F410011,NSA,I21,NL,,,,,,,,,151.1,116.9,126.5,134.0,145.0,150.3,160.1,139.5,134.8,107.8,84.2,82.6,43.5,26.3,49.0,74.6,79.0,101.6,101.7,85.8,94.1,100.0,75.3,65.0,70.5,65.1
A,BPRM_DW,CPA_F410011,NSA,I21,NO,,,,,,,,,108.5,99.4,85.7,76.5,88.7,101.9,103.4,102.3,102.0,95.8,90.5,103.9,107.4,109.0,98.4,106.5,117.7,107.9,102.0,92.5,90.7,100.0,88.3,65.7,56.6,58.8
A,BPRM_DW,CPA_F410011,NSA,I21,PL,,,,,,,,,50.8,58.1,27.7,44.0,39.7,39.7,49.1,72.2,73.5,65.3,64.2,62.2,54.7,48.3,47.2,52.8,59.4,66.1,71.2,75.8,79.8,100.0,74.9,58.4,64.7,70.6
A,BPRM_DW,CPA_F410011,NSA,I21,PT,,,,202.5,203.5,222.5,247.3,271.6,273.2,271.1,265.4,235.6,213.1,210.6,200.0,182.4,149.8,109.1,101.1,83.7,58.7,41.3,38.0,43.6,52.1,62.7,80.0,85.4,89.1,100.0,104.2,92.3,98.5,102.5
A,BPRM_DW,CPA_F410011,NSA,I21,RO,,,,,,,,,64.8,71.7,63.2,56.9,71.0,90.1,104.9,114.2,122.8,99.9,85.9,80.4,76.6,76.4,75.2,77.0,74.8,78.0,81.6,81.9,80.4,100.0,85.0,68.5,69.7,72.4
A,BPRM_DW,CPA_F410011,NSA,I21,RS,,,,,,,,,28.4,38.1,25.4,36.7,36.5,39.7,37.8,55.2,56.2,50.1,39.3,41.6,43.1,40.0,39.0,48.0,42.7,61.3,62.0,64.5,71.9,100.0,101.1,93.9,96.7,98.2
A,BPRM_DW,CPA_F410011,NSA,I21,SE,,,,,25.3,31.6,36.5,43.9,49.3,43.2,45.0,56.3,63.1,71.0,82.3,79.1,63.2,53.7,61.6,52.1,40.0,43.2,55.3,66.8,82.9,81.5,67.5,70.3,76.3,100.0,82.4,40.8,37.9,40.2
A,BPRM_DW,CPA_F410011,NSA,I21,SI,,,,,,,,,108.0,95.3,97.1,104.1,105.1,120.9,134.8,146.4,135.0,119.2,99.3,90.8,84.7,92.0,85.0,89.4,94.2,97.5,100.2,90.9,89.4,100.0,104.0,92.7,85.1,86.4
A,BPRM_DW,CPA_F410011,NSA,I21,SK,,,,,,,,,,,,49.6,62.1,54.7,57.3,69.8,95.0,77.6,68.3,67.2,65.1,64.1,66.8,77.9,90.1,96.2,102.9,98.3,93.9,100.0,91.6,69.1,56.3,53.0
A,BPRM_DW,CPA_F410011,NSA,I21,TR,86.3,88.2,87.2,80.5,71.1,72.3,64.7,53.3,44.0,44.4,26.9,27.1,39.6,59.8,51.6,43.6,40.0,34.2,47.0,38.9,35.3,42.4,45.8,41.4,40.8,47.4,41.1,30.6,61.6,100.0,96.8,104.7,94.2,105.7
A,BPRM_DW,CPA_F410011,NSA,I21,UA,,,,,,,,,,,,,,,,,,,,,,,,,,,111.6,94.4,83.2,100.0,50.1,80.5,89.3,108.2
A,BPRM_DW,CPA_F410011,NSA,I21,XK,,,,,,,,,,,,,,,,,,,,,,,,,,,,,110.1,100.0,78.0,90.5,94.5,
A,BPRM_DW,CPA_F410011,NSA,PCH_SM,AL,,,,,,,,,,,,,,,,,,,,,,,,,573.8,65.7,45.8,-33.8,17.7,87.6,3.5,37.7,-52.0,6.9
A,BPRM_DW,CPA_F410011,NSA,PCH_SM,AT,,,,,,,,,,-8.7,21.2,-6.3,8.4,0.6,7.6,-1.8,-4.2,-6.3,10.2,3.5,-12.5,0.6,4.5,-0.1,6.4,-1.5,3.3,0.5,3.6,9.5,-19.6,-37.3,-13.3,9.6
A,BPRM_DW,CPA_F410011,NSA,PCH_SM,BA,,,,,,,,,,,,,,,,,,,,,,,-9.5,15.2,15.0,11.9,0.6,7.0,-14.7,8.5,7.7,14.9,,
A,BPRM_DW,CPA_F410011,NSA,PCH_SM,BE,,,,,17.4,1.6,-28.2,16.4,-11.1,-6.0,-6.4,6.2,10.3,11.5,-3.6,-10.3,0.7,-9.4,11.9,-14.2,4.4,-4.2,4.5,-14.5,6.1,-4.5,24.2,0.9,3.9,12.7,-9.0,-12.4,-17.4,0.2
A,BPRM_DW,CPA_F410011,NSA,PCH_SM,BG,,,,,,,,,,33.7,21.4,47.9,59.5,45.1,21.1,7.5,-1.4,-29.2,-21.5,0.0,-9.7,-4.2,2.5,0.7,4.4,21.1,0.5,3.2,1.5,21.5,15.8,2.6,-4.6,12.8
A,BPRM_DW,CPA_F410011,NSA,PCH_SM,CY,,,,,,,,,,15.8,4.7,37.4,24.5,7.8,-0.8,-7.0,-10.7,-0.5,-11.6,-32.3,-26.0,-26.9,-20.8,2.2,23.7,13.9,25.8,11.9,-4.2,14.4,-11.1,-8.1,-2.8,39.8
A,BPRM_DW,CPA_F410011,NSA,PCH_SM,CZ,,,,,,,,,,-2.4,4.0,20.1,2.3,-2.1,10.0,0.5,7.7,-16.9,-11.8,2.9,-15.1,-14.2,-0.7,10.1,14.5,16.9,3.3,3.6,-2.7,9.3,-5.0,-26.0,-10.0,-2.5
A,BPRM_DW,CPA_F410011,NSA,PCH_SM,DE,,,,-13.9,10.5,11.0,10.2,3.9,-16.6,-13.3,0.3,13.3,-13.3,-9.8,-0.9,-34.7,-6.8,2.0,5.0,19.6,-5.9,1.1,-1.5,8.1,0.3,-5.0,-1.0,1.3,2.4,0.9,-16.9,-39.0,-20.3,17.1
A,BPRM_DW,CPA_F410011,NSA,PCH_SM,DK,,,,,,,,-9.2,-6.4,18.4,21.0,4.1,8.8,22.0,12.4,-30.2,-37.2,-47.2,66.8,-5.8,-23.9,-3.1,17.8,40.3,20.4,1.9,11.5,1.1,12.0,24.4,-23.0,-27.7,2.2,9.8
A,BPRM_DW,CPA_F410011,NSA,PCH_SM,EA19,,,,,,,,,,,,,,4.3,1.5,-12.0,-18.9,-20.4,3.6,-0.4,-13.7,-9.6,-6.1,7.7,7.9,6.3,0.3,-0.9,-3.9,14.7,-7.9,-23.1,,
A,BPRM_DW,CPA_F410011,NSA,PCH_SM,EA20,,,,,,,,,,,,,,4.3,1.5,-12.0,-18.7,-20.2,3.4,-0.5,-13.7,-9.7,-6.1,7.8,7.8,6.6,0.5,-0.8,-4.0,14.7,-7.8,-22.7,-8.1,8.1
A,BPRM_DW,CPA_F410011,NSA,PCH_SM,EA21,,,,,,,,,,,,,,4.5,1.6,-11.9,-18.6,-20.3,3.2,-0.5,-13.7,-9.7,-6.0,7.6,7.8,6.6,0.7,-0.8,-3.9,14.7,-7.5,-22.4,-8.1,8.2
A,BPRM_DW,CPA_F410011,NSA,PCH_SM,EE,,,,,,,,,-5.2,22.4,101.9,27.2,68.8,0.1,35.7,-14.0,-36.2,-44.3,-16.2,-9.4,1.1,21.6,5.1,12.7,15.9,18.8,-8.4,8.5,4.3,31.6,-19.7,-14.2,-8.4,4.8
A,BPRM_DW,CPA_F410011,NSA,PCH_SM,EL,,,,,16.1,3.2,0.9,-16.9,5.1,16.7,3.5,-0.9,-2.3,16.6,-11.9,-6.3,-16.4,-13.7,-15.8,-30.1,-38.7,-37.5,-21.0,-2.3,-4.6,14.4,3.7,4.3,17.9,39.1,-5.3,2.3,7.1,-4.4
A,BPRM_DW,CPA_F410011,NSA,PCH_SM,ES,,,,,-4.5,20.1,17.3,14.9,7.6,-9.0,-0.5,15.9,9.1,10.4,10.2,-22.3,-50.1,-49.6,-9.4,-10.2,-29.9,-21.9,-6.1,14.8,27.2,12.4,14.6,-0.8,-33.0,14.0,71.1,15.1,20.7,12.2
A,BPRM_DW,CPA_F410011,NSA,PCH_SM,EU27_2020,,,,,,,,,,,,,,4.8,3.9,-7.0,-14.8,-19.3,0.9,-1.3,-13.3,-9.3,-4.2,8.6,9.3,7.1,1.7,0.8,-2.0,17.9,-11.9,-23.3,-4.3,7.9
A,BPRM_DW,CPA_F410011,NSA,PCH_SM,FI,,,,,12.2,31.2,16.8,12.6,-1.5,-11.3,12.2,18.2,5.6,7.5,-1.1,-9.4,-23.2,-12.9,23.2,-6.8,-16.3,-19.5,-12.8,-11.3,4.8,2.3,-2.8,-9.4,6.4,28.9,-24.4,-40.7,3.3,-0.6
A,BPRM_DW,CPA_F410011,NSA,PCH_SM,FR,,,,-11.3,13.2,3.3,23.5,2.5,1.6,-2.6,0.4,5.5,10.3,6.2,3.6,-3.6,-15.2,-17.9,21.3,0.1,-10.3,-11.6,-16.3,4.7,9.8,8.0,-7.2,1.2,-8.0,25.8,-7.5,-29.6,-16.1,10.8
A,BPRM_DW,CPA_F410011,NSA,PCH_SM,HR,,,,,,,,,,16.4,1.6,-0.3,-4.1,13.7,-5.3,-9.3,2.9,7.2,-15.9,-6.2,-19.5,-22.4,-9.5,-8.8,24.0,32.6,4.0,6.1,0.2,12.7,13.6,4.5,1.9,1.6
A,BPRM_DW,CPA_F410011,NSA,PCH_SM,HU,,,,,,,,23.5,23.7,-9.4,-0.2,12.3,-11.4,-15.9,-2.1,-8.1,-16.1,-26.4,-39.8,-1.6,-12.8,-27.2,13.3,24.4,82.9,7.0,0.9,8.5,-16.1,41.8,-18.3,-34.9,-2.1,15.4
A,BPRM_DW,CPA_F410011,NSA,PCH_SM,IE,,,,,,,,,15.7,-17.8,-15.9,-2.8,40.2,8.7,-20.7,4.7,-23.9,-43.9,-56.7,-21.6,-40.8,11.5,10.3,54.8,20.2,25.4,29.2,-2.0,-9.5,-5.6,4.4,13.1,-2.7,7.3
A,BPRM_DW,CPA_F410011,NSA,PCH_SM,IT,,,,,,,,,,-3.1,-0.2,4.3,3.6,0.3,0.4,-9.8,-9.5,-14.0,3.9,2.1,-12.2,-16.2,-6.0,-4.6,-1.8,3.5,3.9,-2.3,-15.7,25.9,0.2,-18.8,0.5,0.4
A,BPRM_DW,CPA_F410011,NSA,PCH_SM,LT,,,,,,,,,9.1,2.6,18.9,22.7,37.1,36.5,31.2,14.5,-7.2,-23.6,-3.5,-17.1,12.3,24.8,-9.1,4.5,14.5,-8.8,3.9,-4.2,22.3,29.5,-30.2,-19.9,-11.4,6.1
A,BPRM_DW,CPA_F410011,NSA,PCH_SM,LU,,,,,,,,,,-10.7,-2.7,2.1,10.1,22.4,4.1,2.1,-18.9,-15.4,33.2,10.0,-9.1,7.1,17.5,-28.6,11.2,11.3,-4.8,9.0,11.4,2.0,-9.5,-31.7,-14.9,12.5
A,BPRM_DW,CPA_F410011,NSA,PCH_SM,LV,,,,,,,,,,21.9,15.2,35.1,50.3,20.0,18.5,-13.4,-28.9,-45.4,-30.6,0.6,17.2,0.3,4.8,-3.3,-8.1,41.5,5.6,6.6,-6.8,18.9,-1.6,-8.7,-4.8,2.2
A,BPRM_DW,CPA_F410011,NSA,PCH_SM,ME,,,,,,,,,,3.5,74.8,-16.5,33.8,-16.5,67.6,-10.1,66.4,11.5,-60.5,-21.6,70.7,5.7,3.6,-38.3,79.6,2.3,-78.9,-45.5,6.7,78.3,163.2,-14.7,-3.2,102.5
A,BPRM_DW,CPA_F410011,NSA,PCH_SM,MK,,,,,,,,,,,,,,,,,,-12.1,-10.3,-24.0,17.3,1.7,34.0,2.5,1.0,6.6,-21.9,29.9,-26.0,37.2,-5.4,-1.5,-9.4,16.7
A,BPRM_DW,CPA_F410011,NSA,PCH_SM,MT,,,,,,,,,,-48.9,20.8,-0.1,-9.1,6.9,-6.6,-24.3,-40.2,4.5,3.8,-4.1,-15.3,12.0,11.2,24.6,33.8,4.3,34.6,5.0,-37.3,2.2,17.0,-17.5,7.9,34.7
A,BPRM_DW,CPA_F410011,NSA,PCH_SM,NL,,,,,,,,,,-22.6,8.2,5.9,8.2,3.7,6.5,-12.9,-3.4,-20.0,-21.9,-1.9,-47.3,-39.5,86.3,52.2,5.9,28.6,0.1,-15.6,9.7,6.3,-24.7,-13.7,8.5,-7.7
A,BPRM_DW,CPA_F410011,NSA,PCH_SM,NO,,,,,,,,,,-8.4,-13.8,-10.7,15.9,14.9,1.5,-1.1,-0.3,-6.1,-5.5,14.8,3.4,1.5,-9.7,8.2,10.5,-8.3,-5.5,-9.3,-1.9,10.3,-11.7,-25.6,-13.9,3.9
A,BPRM_DW,CPA_F410011,NSA,PCH_SM,PL,,,,,,,,,,14.4,-52.3,58.8,-9.8,0.0,23.7,47.0,1.8,-11.2,-1.7,-3.1,-12.1,-11.7,-2.3,11.9,12.5,11.3,7.7,6.5,5.3,25.3,-25.1,-22.0,10.8,9.1
A,BPRM_DW,CPA_F410011,NSA,PCH_SM,PT,,,,,0.5,9.3,11.1,9.8,0.6,-0.8,-2.1,-11.2,-9.6,-1.2,-5.0,-8.8,-17.9,-27.2,-7.3,-17.2,-29.9,-29.6,-8.0,14.7,19.5,20.3,27.6,6.8,4.3,12.2,4.2,-11.4,6.7,4.1
A,BPRM_DW,CPA_F410011,NSA,PCH_SM,RO,,,,,,,,,,10.6,-11.9,-10.0,24.8,26.9,16.4,8.9,7.5,-18.6,-14.0,-6.4,-4.7,-0.3,-1.6,2.4,-2.9,4.3,4.6,0.4,-1.8,24.4,-15.0,-19.4,1.8,3.9
A,BPRM_DW,CPA_F410011,NSA,PCH_SM,RS,,,,,,,,,,34.2,-33.3,44.5,-0.5,8.8,-4.8,46.0,1.8,-10.9,-21.6,5.9,3.6,-7.2,-2.5,23.1,-11.0,43.6,1.1,4.0,11.5,39.1,1.1,-7.1,3.0,1.6
A,BPRM_DW,CPA_F410011,NSA,PCH_SM,SE,,,,,,24.9,15.5,20.3,12.3,-12.4,4.2,25.1,12.1,12.5,15.9,-3.9,-20.1,-15.0,14.7,-15.4,-23.2,8.0,28.0,20.8,24.1,-1.7,-17.2,4.1,8.5,31.1,-17.6,-50.5,-7.1,6.1
A,BPRM_DW,CPA_F410011,NSA,PCH_SM,SI,,,,,,,,,,-11.8,1.9,7.2,1.0,15.0,11.5,8.6,-7.8,-11.7,-16.7,-8.6,-6.7,8.6,-7.6,5.2,5.4,3.5,2.8,-9.3,-1.7,11.9,4.0,-10.9,-8.2,1.5
A,BPRM_DW,CPA_F410011,NSA,PCH_SM,SK,,,,,,,,,,,,,25.2,-11.9,4.8,21.8,36.1,-18.3,-12.0,-1.6,-3.1,-1.5,4.2,16.6,15.7,6.8,7.0,-4.5,-4.5,6.5,-8.4,-24.6,-18.5,-5.9
A,BPRM_DW,CPA_F410011,NSA,PCH_SM,TR,,2.2,-1.1,-7.7,-11.7,1.7,-10.5,-17.6,-17.4,0.9,-39.4,0.7,46.1,51.0,-13.7,-15.5,-8.3,-14.5,37.4,-17.2,-9.3,20.1,8.0,-9.6,-1.4,16.2,-13.3,-25.5,101.3,62.3,-3.2,8.2,-10.0,12.2
A,BPRM_DW,CPA_F410011,NSA,PCH_SM,UA,,,,,,,,,,,,,,,,,,,,,,,,,,,,-15.4,-11.9,20.2,-49.9,60.7,10.9,21.2
A,BPRM_DW,CPA_F410011,NSA,PCH_SM,UK,,,,,,,,0.3,-4.5,-1.3,-5.3,-3.1,-1.8,-9.0,-2.9,2.7,-39.6,-21.7,29.6,15.7,-7.2,25.2,5.4,25.8,9.1,4.8,5.6,-4.1,,,,,,
A,BPRM_DW,CPA_F410011,NSA,PCH_SM,XK,,,,,,,,,,,,,,,,,,,,,,,,,,,,,,-9.2,-22.0,16.0,4.4,
A,BPRM_DW,CPA_F410011,NSA,THS,EA19,,,,,,,,,,,,,,849.67,862.8,759.0,616.04,490.08,508.11,505.85,436.83,394.88,370.87,399.43,431.13,457.95,459.54,455.73,437.87,502.35,462.49,355.04,,
A,BPRM_DW,CPA_F410011,NSA,THS,EA20,,,,,,,,,,,,,,855.3,868.2,763.9,621.0,495.3,512.6,510.1,440.2,397.5,373.0,401.5,433.3,461.4,464.1,460.3,442.3,507.3,467.8,361.5,332.1,358.8
A,BPRM_DW,CPA_F410011,NSA,THS,EA21,,,,,,,,,,,,,,860.5,874.5,770.6,627.7,500.0,516.3,513.8,443.5,400.7,376.3,404.8,436.8,465.5,468.3,464.7,446.7,512.6,473.9,367.9,338.2,365.6
A,BPRM_DW,CPA_F410011,NSA,THS,EU27_2020,,,,,,,,,,,,,,1030.2,1070.7,995.1,848.4,684.6,691.2,681.3,590.9,536.0,513.4,558.1,609.7,652.9,663.5,668.7,656.0,773.5,681.6,522.8,500.4,539.4
A,BPRM_DW,CPA_F410012_410013,NSA,I15,AL,,,,,,,,,,,,,,,,,,,,,,,,100.0,583.3,1070.0,1566.7,1760.0,1406.7,2026.7,2073.3,,,
A,BPRM_DW,CPA_F410012_410013,NSA,I15,AT,,,,,,,,,54.4,55.1,54.1,47.2,49.0,56.8,61.4,59.6,62.8,65.2,62.2,80.5,72.2,87.9,93.8,100.0,121.9,150.6,116.8,143.6,125.0,111.3,85.2,,,
A,BPRM_DW,CPA_F410012_410013,NSA,I15,BA,,,,,,,,,,,,,,,,,,,,,,57.3,79.0,100.0,104.1,112.7,119.9,139.9,156.2,177.0,191.8,201.5,,
A,BPRM_DW,CPA_F410012_410013,NSA,I15,BE,,,,66.9,62.5,65.8,54.8,68.5,68.3,69.2,76.4,83.6,100.2,116.9,127.8,111.6,106.2,89.1,97.0,86.4,91.8,103.8,120.6,100.0,115.0,114.5,143.1,117.6,112.1,109.2,95.8,,,
A,BPRM_DW,CPA_F410012_410013,NSA,I15,BG,,,,,,,,,29.4,41.9,51.6,59.3,126.8,198.5,335.0,411.5,306.3,110.7,65.4,52.1,52.1,65.0,90.0,100.0,105.4,149.0,224.5,203.8,179.4,248.3,301.1,293.4,,
A,BPRM_DW,CPA_F410012_410013,NSA,I15,CY,,,,,,,,,172.1,189.4,256.5,402.7,556.4,714.9,728.0,862.5,884.7,669.3,563.4,327.0,199.6,135.9,80.4,100.0,104.2,168.8,211.7,409.0,396.0,445.1,428.0,,,
A,BPRM_DW,CPA_F410012_410013,NSA,I15,CZ,,,,,,,,,139.7,101.9,142.3,144.5,167.2,184.0,189.8,193.9,173.6,146.4,84.1,74.6,62.3,71.6,91.0,100.0,87.1,105.0,108.7,167.8,139.6,220.9,199.8,,,
A,BPRM_DW,CPA_F410012_410013,NSA,I15,DE,,,354.1,320.9,272.1,232.3,188.1,158.0,93.0,75.7,67.1,68.2,64.0,56.6,60.5,49.1,46.9,49.0,52.9,65.1,72.6,87.8,93.7,100.0,124.9,124.0,128.2,133.5,136.8,143.7,139.3,,,
A,BPRM_DW,CPA_F410012_410013,NSA,I15,DK,,,,,,,39.2,42.9,47.3,56.8,66.8,82.6,88.1,110.9,93.2,44.9,38.0,20.0,50.9,65.3,46.3,43.1,71.0,100.0,137.5,135.6,203.8,171.3,164.6,137.7,144.6,,,
A,BPRM_DW,CPA_F410012_410013,NSA,I15,EA19,,,,,,,,,,,,,,436.1,468.7,429.7,265.4,180.1,150.3,145.2,121.9,97.4,96.6,100.0,120.8,132.7,143.1,142.5,126.1,146.4,157.6,,,
A,BPRM_DW,CPA_F410012_410013,NSA,I15,EA20,,,,,,,,,,,,,,435.9,468.6,429.6,265.8,180.2,150.4,145.4,122.0,97.5,96.7,100.0,120.8,132.9,143.1,142.8,126.4,146.7,158.0,,,
A,BPRM_DW,CPA_F410012_410013,NSA,I15,EE,,,,,,,,9.3,12.1,17.4,41.7,38.8,153.0,145.9,208.6,128.5,76.7,19.8,36.5,44.7,49.4,44.8,64.6,100.0,105.1,142.1,124.8,145.9,163.2,147.0,111.3,91.0,,
A,BPRM_DW,CPA_F410012_410013,NSA,I15,EL,,,,1214.5,1549.0,1645.0,1855.9,1721.9,1740.7,2175.8,2723.6,2711.8,2563.0,4574.0,2609.4,2050.5,1543.3,1098.4,916.0,455.2,236.0,128.4,106.1,100.0,108.5,133.1,215.3,307.5,365.0,550.8,585.7,,,
A,BPRM_DW,CPA_F410012_410013,NSA,I15,ES,,,,962.0,904.8,1017.7,1225.3,1360.1,1554.4,1384.2,1432.6,1677.9,1973.9,2196.8,2757.6,2443.8,987.0,475.2,302.0,240.9,189.5,82.0,97.9,100.0,181.8,198.6,287.2,291.2,157.9,248.6,410.6,,,
A,BPRM_DW,CPA_F410012_410013,NSA,I15,EU27_2020,,,,,,,,,,,,,,392.1,423.0,387.0,243.0,164.6,138.8,134.8,113.5,92.6,94.0,100.0,121.9,134.9,144.1,142.3,128.3,149.4,157.5,,,
A,BPRM_DW,CPA_F410012_410013,NSA,I15,FI,,,,45.8,67.8,85.2,85.9,98.5,89.8,73.4,73.6,83.7,76.1,83.8,79.3,71.1,59.0,67.5,82.7,92.0,87.4,74.3,88.1,100.0,129.6,159.6,142.3,125.9,134.7,144.1,120.0,,,
A,BPRM_DW,CPA_F410012_410013,NSA,I15,FR,,,95.4,78.7,68.0,67.3,97.6,55.0,68.9,66.0,65.4,75.5,101.4,117.6,134.1,124.7,100.0,74.1,99.1,120.5,112.8,100.7,91.6,100.0,118.7,125.2,119.4,111.0,89.9,103.7,116.4,89.5,,
A,BPRM_DW,CPA_F410012_410013,NSA,I15,HR,,,,,,,,,164.1,272.6,301.5,337.0,322.7,369.8,422.4,416.1,409.1,240.9,185.5,193.5,134.3,105.5,113.1,100.0,137.1,186.2,168.1,238.2,212.2,257.7,290.5,285.7,,
A,BPRM_DW,CPA_F410012_410013,NSA,I15,HU,,,,,,,85.3,118.5,250.7,336.7,351.1,437.4,490.3,461.2,369.0,388.7,424.4,264.1,164.0,84.2,68.7,50.2,75.1,100.0,315.0,403.3,384.4,351.2,180.6,237.6,361.3,,,
A,BPRM_DW,CPA_F410012_410013,NSA,I15,IE,,,,,,,,458.2,623.3,636.4,653.5,1029.0,1148.1,848.3,671.0,772.0,707.9,491.8,246.0,91.2,30.8,42.8,28.1,100.0,130.0,191.0,321.2,676.4,882.7,940.3,598.5,,,
A,BPRM_DW,CPA_F410012_410013,NSA,I15,IT,,,,,,,,,505.9,522.0,584.4,644.3,761.7,792.9,739.9,711.9,537.4,390.2,292.3,272.4,195.5,123.7,104.9,100.0,104.7,127.7,137.4,137.1,123.3,149.2,149.3,,,
A,BPRM_DW,CPA_F410012_410013,NSA,I15,LT,,,,,,,,33.3,25.4,24.7,25.8,44.0,59.6,85.7,127.6,150.4,113.8,24.9,37.9,36.7,66.5,74.5,72.6,100.0,127.8,126.1,122.4,114.6,97.8,129.0,133.4,83.5,,
A,BPRM_DW,CPA_F410012_410013,NSA,I15,LU,,,,,,,,,71.0,57.5,62.1,72.2,88.0,106.3,95.7,111.8,91.2,85.9,75.9,92.4,96.8,72.5,149.1,100.0,106.7,113.4,133.5,129.6,113.8,142.6,102.5,,,
A,BPRM_DW,CPA_F410012_410013,NSA,I15,LV,,,,,,,,,12.2,12.9,35.2,238.9,423.1,851.6,1192.4,1370.4,408.6,268.0,230.0,202.4,263.1,387.8,132.8,100.0,172.3,148.1,222.8,206.7,297.9,341.4,313.2,301.5,,
A,BPRM_DW,CPA_F410012_410013,NSA,I15,ME,,,,,,,,,53.9,41.9,48.7,38.4,66.0,41.4,46.4,69.3,86.5,113.4,92.4,105.2,118.1,107.7,95.2,100.0,96.5,146.5,80.1,54.4,44.4,20.8,70.4,,,
A,BPRM_DW,CPA_F410012_410013,NSA,I15,MK,,,,,,,,,,,,,,,,,84.0,76.6,91.1,111.3,130.5,78.4,86.2,100.0,133.0,133.5,125.1,94.1,105.1,212.7,115.4,133.0,,
A,BPRM_DW,CPA_F410012_410013,NSA,I15,MT,,,,,,,,,45.7,93.8,127.4,148.6,172.3,246.7,293.2,335.5,202.4,151.0,122.3,107.2,81.4,67.5,72.7,100.0,206.7,254.0,366.8,351.0,220.4,211.1,270.9,,,
A,BPRM_DW,CPA_F410012_410013,NSA,I15,NL,,,,,,,,,79.6,68.0,72.6,82.3,79.7,100.7,139.9,138.2,143.0,126.7,117.0,97.6,86.3,66.0,84.9,100.0,84.5,112.1,113.1,91.4,114.2,139.3,134.8,114.5,,
A,BPRM_DW,CPA_F410012_410013,NSA,I15,NO,,,,,,,,,57.4,69.9,66.8,76.7,109.9,114.1,124.5,119.4,81.3,45.0,53.5,89.5,96.4,94.9,84.1,100.0,120.5,128.1,110.9,109.1,106.9,104.5,113.9,75.2,,
A,BPRM_DW,CPA_F410012_410013,NSA,I15,PL,,,,,,,,,68.9,53.4,36.9,29.6,46.8,56.1,85.3,126.0,109.3,71.9,70.3,82.0,74.4,59.5,77.8,100.0,112.1,139.5,140.5,145.2,147.8,181.7,174.5,,,
A,BPRM_DW,CPA_F410012_410013,NSA,I15,PT,,,,1793.6,2042.0,2338.6,2651.4,2893.4,2974.7,2718.3,2104.2,1752.8,1700.5,1596.8,1575.7,1446.4,908.2,448.2,407.5,228.9,131.7,71.4,69.3,100.0,170.0,228.9,361.4,448.9,461.8,488.1,572.2,675.3,,
A,BPRM_DW,CPA_F410012_410013,NSA,I15,RO,,,,,,,,,11.0,11.9,9.7,15.4,13.4,23.0,55.5,108.7,196.2,60.2,47.3,36.0,43.9,48.7,79.9,100.0,146.6,165.8,192.8,206.2,202.0,212.6,208.7,149.6,,
A,BPRM_DW,CPA_F410012_410013,NSA,I15,RS,,,,,,,,,70.9,70.1,74.0,97.1,106.3,112.1,109.3,145.5,158.3,137.2,112.7,121.8,110.0,74.6,76.5,100.0,134.5,178.4,197.6,262.6,280.8,323.0,379.1,,,
A,BPRM_DW,CPA_F410012_410013,NSA,I15,SE,,,,,13.7,14.1,13.3,12.5,18.1,24.7,20.3,30.4,39.7,48.4,76.5,36.0,33.2,30.4,43.4,50.1,47.0,63.0,73.4,100.0,123.8,138.8,117.9,99.8,125.3,155.0,116.3,,,
A,BPRM_DW,CPA_F410012_410013,NSA,I15,SI,,,,,,,,,676.9,545.7,859.1,1021.5,1368.0,1253.8,1620.2,2452.2,1831.2,1032.4,817.0,509.7,337.2,255.9,139.3,100.0,145.3,190.3,364.4,315.4,464.4,576.5,871.7,1126.3,,
A,BPRM_DW,CPA_F410012_410013,NSA,I15,SK,,,,,,,,,,,,38.2,83.9,138.0,140.7,95.5,181.1,106.8,74.4,38.6,41.8,64.4,74.9,100.0,113.1,79.3,95.7,101.1,91.0,131.9,96.9,,,
A,BPRM_DW,CPA_F410012_410013,NSA,I15,TR,48.4,56.9,54.2,54.0,47.3,48.4,45.2,35.3,33.2,29.1,16.7,21.4,35.2,58.6,65.2,63.8,54.9,57.0,100.6,72.0,85.9,93.3,115.1,100.0,112.6,157.5,73.9,34.7,59.8,76.9,73.8,90.0,,
A,BPRM_DW,CPA_F410012_410013,NSA,I15,UK,,,,,,,64.2,69.3,80.7,95.1,111.6,150.6,199.6,223.1,224.9,240.3,145.4,121.0,137.7,111.0,96.4,105.7,136.7,100.0,92.7,97.1,80.6,77.3,,,,,,
A,BPRM_DW,CPA_F410012_410013,NSA,I21,AL,,,,,,,,,,,,,,,,,,,,,,,,4.9,28.8,52.8,77.3,86.8,69.4,100.0,102.3,103.5,97.9,97.5
A,BPRM_DW,CPA_F410012_410013,NSA,I21,AT,,,,,,,,,44.2,44.7,44.0,38.3,39.8,46.1,49.8,48.4,51.0,52.9,50.6,65.0,58.7,71.5,76.4,81.4,99.7,122.7,96.2,118.6,103.9,100.0,83.8,60.8,56.5,49.7
A,BPRM_DW,CPA_F410012_410013,NSA,I21,BA,,,,,,,,,,,,,,,,,,,,,,32.4,44.6,56.5,58.8,63.7,67.8,79.0,88.2,100.0,108.4,113.8,,
A,BPRM_DW,CPA_F410012_410013,NSA,I21,BE,,,,53.6,50.1,52.8,43.9,55.0,54.8,55.5,61.3,67.0,80.3,93.7,102.5,89.5,85.1,71.4,77.8,69.3,73.6,83.2,96.7,80.2,92.2,91.9,114.8,100.0,93.5,100.0,85.6,83.5,74.4,69.2
A,BPRM_DW,CPA_F410012_410013,NSA,I21,BG,,,,,,,,,11.9,16.9,20.8,23.9,51.0,79.9,134.9,165.7,123.3,44.6,26.3,21.0,21.0,26.2,36.2,40.3,42.4,60.0,90.4,82.1,72.3,100.0,121.3,118.1,97.5,124.1
A,BPRM_DW,CPA_F410012_410013,NSA,I21,CY,,,,,,,,,38.7,42.6,57.6,90.5,125.0,160.6,163.5,193.8,198.7,150.4,126.6,73.5,44.8,30.5,18.1,22.5,23.4,37.9,47.6,91.9,89.0,100.0,96.1,117.0,122.4,175.9
A,BPRM_DW,CPA_F410012_410013,NSA,I21,CZ,,,,,,,,,63.2,46.1,64.4,65.4,75.7,83.3,85.9,87.8,78.6,66.2,38.1,33.8,28.2,32.4,41.2,45.3,39.4,47.5,49.2,75.9,63.2,100.0,90.5,86.5,99.2,97.8
A,BPRM_DW,CPA_F410012_410013,NSA,I21,DE,,,246.4,223.4,189.3,161.6,130.9,110.0,64.7,52.7,46.7,47.5,44.6,39.4,42.1,34.2,32.7,34.1,36.8,45.3,50.5,61.1,65.2,69.6,86.9,86.3,89.2,92.9,95.2,100.0,96.9,69.5,56.2,62.3
A,BPRM_DW,CPA_F410012_410013,NSA,I21,DK,,,,,,,25.7,28.1,31.1,37.3,43.8,54.2,57.8,72.7,61.2,29.4,25.2,13.1,33.4,42.9,30.4,28.3,46.3,66.2,89.9,88.1,133.4,112.1,107.9,100.0,108.5,57.0,45.7,54.7
A,BPRM_DW,CPA_F410012_410013,NSA,I21,EA19,,,,,,,,,,,,,,179.3,190.7,173.5,115.2,81.6,78.3,80.1,72.8,66.3,66.6,71.3,86.8,93.6,96.4,97.2,88.5,100.0,103.2,87.7,,
A,BPRM_DW,CPA_F410012_410013,NSA,I21,EA20,,,,,,,,,,,,,,179.0,190.7,173.6,116.1,81.9,78.4,80.1,72.6,66.0,65.9,70.5,86.1,93.1,95.4,96.9,88.7,100.0,103.6,88.9,87.0,93.1
A,BPRM_DW,CPA_F410012_410013,NSA,I21,EA21,,,,,,,,,,,,,,174.9,188.4,173.3,116.4,80.4,76.2,77.7,70.5,64.4,64.7,69.2,84.3,91.7,95.2,96.3,88.0,100.0,104.4,90.1,87.4,94.3
A,BPRM_DW,CPA_F410012_410013,NSA,I21,EE,,,,,,,,6.3,8.2,11.9,28.4,26.4,104.1,99.3,142.0,87.5,52.2,13.4,24.8,30.4,33.6,30.5,43.9,68.0,71.5,96.7,84.9,99.3,111.1,100.0,75.8,61.9,54.0,80.6
A,BPRM_DW,CPA_F410012_410013,NSA,I21,EL,,,,220.5,281.2,298.6,336.9,312.6,316.0,395.0,494.5,492.3,465.3,830.4,473.7,372.3,280.2,199.4,166.3,82.6,42.9,23.3,19.3,18.2,19.7,24.2,39.1,55.8,66.3,100.0,106.3,142.4,202.3,150.4
A,BPRM_DW,CPA_F410012_410013,NSA,I21,ES,,,,387.0,364.0,409.4,492.9,547.2,625.3,556.9,576.3,675.0,794.1,883.7,1109.4,983.1,397.1,191.2,121.5,96.9,76.2,33.0,39.4,40.2,73.2,79.9,115.5,117.1,63.5,100.0,165.2,197.1,260.5,289.7
A,BPRM_DW,CPA_F410012_410013,NSA,I21,EU27_2020,,,,,,,,,,,,,,133.2,146.2,139.3,100.5,67.3,63.6,65.2,59.3,54.3,57.8,64.7,79.5,88.7,91.7,92.7,86.7,100.0,101.8,84.1,85.9,89.2
A,BPRM_DW,CPA_F410012_410013,NSA,I21,FI,,,,31.5,46.6,58.6,59.1,67.7,60.7,50.7,50.2,56.6,52.4,57.2,54.3,47.9,39.0,45.8,54.7,60.4,56.6,50.9,61.4,71.2,91.6,111.7,94.6,87.1,93.3,100.0,83.3,48.5,37.5,31.9
A,BPRM_DW,CPA_F410012_410013,NSA,I21,FR,,,93.2,76.8,66.4,65.7,95.2,53.7,67.3,64.4,63.9,73.7,99.0,114.9,130.9,121.7,97.6,72.3,96.8,117.6,110.1,98.0,87.7,95.1,114.1,120.8,114.0,107.0,87.8,100.0,113.3,88.0,75.7,87.2
A,BPRM_DW,CPA_F410012_410013,NSA,I21,HR,,,,,,,,,63.7,105.8,117.0,130.8,125.2,143.5,163.9,161.5,158.7,93.5,72.0,75.1,52.1,40.9,43.9,38.8,53.2,72.3,65.2,92.4,82.3,100.0,112.7,110.8,123.4,133.8
A,BPRM_DW,CPA_F410012_410013,NSA,I21,HU,,,,,,,35.9,49.9,105.5,141.7,147.7,184.0,206.3,194.1,155.3,163.6,178.6,111.1,69.0,35.4,28.9,21.1,31.6,42.1,132.6,169.7,161.8,147.8,76.0,100.0,152.0,88.2,84.7,122.5
A,BPRM_DW,CPA_F410012_410013,NSA,I21,IE,,,,,,,,48.7,66.3,67.7,69.5,109.4,122.1,90.2,71.4,82.1,75.3,52.3,26.2,9.7,3.3,4.6,3.0,10.6,13.8,20.3,34.2,71.9,93.9,100.0,63.7,81.8,50.2,54.7
A,BPRM_DW,CPA_F410012_410013,NSA,I21,IT,,,,,,,,,339.2,350.0,391.7,431.9,510.6,531.6,496.0,477.2,360.2,261.6,196.0,182.6,131.1,82.9,70.3,67.0,70.2,85.6,92.1,91.9,82.7,100.0,100.1,95.0,94.8,87.8
A,BPRM_DW,CPA_F410012_410013,NSA,I21,LT,,,,,,,,25.8,19.7,19.1,20.0,34.2,46.3,66.5,99.0,116.7,88.3,19.4,29.4,28.5,51.6,57.8,56.4,77.6,99.1,97.8,95.0,88.9,75.9,100.0,101.9,66.0,83.7,109.5
A,BPRM_DW,CPA_F410012_410013,NSA,I21,LU,,,,,,,,,49.8,40.3,43.6,50.6,61.7,74.6,67.1,78.4,63.9,60.3,53.2,64.8,67.9,50.9,104.6,70.1,74.8,79.5,93.6,90.9,79.8,100.0,71.9,74.4,70.0,56.4
A,BPRM_DW,CPA_F410012_410013,NSA,I21,LV,,,,,,,,,3.6,3.8,10.3,70.0,123.9,249.4,349.2,401.3,119.7,78.5,67.4,59.3,77.1,113.6,38.9,29.3,50.5,43.4,65.3,60.5,87.3,100.0,91.7,88.3,116.1,191.3
A,BPRM_DW,CPA_F410012_410013,NSA,I21,ME,,,,,,,,,259.6,201.9,234.6,185.1,317.7,199.2,223.6,334.0,416.7,546.3,445.1,506.8,568.6,518.8,458.6,481.6,464.5,705.7,385.8,261.8,213.7,100.0,338.9,352.9,232.4,343.2
A,BPRM_DW,CPA_F410012_410013,NSA,I21,MK,,,,,,,,,,,,,,,,,39.5,36.0,42.8,52.3,61.4,36.9,40.5,47.0,62.5,62.8,58.8,44.3,49.4,100.0,54.3,62.5,68.3,67.8
A,BPRM_DW,CPA_F410012_410013,NSA,I21,MT,,,,,,,,,21.7,44.4,60.3,70.4,81.6,116.9,138.9,158.9,95.9,71.6,57.9,50.8,38.6,32.0,34.4,47.4,97.9,120.3,173.8,166.3,104.4,100.0,128.4,108.9,116.9,166.6
A,BPRM_DW,CPA_F410012_410013,NSA,I21,NL,,,,,,,,,57.2,48.9,52.1,59.1,57.2,72.3,100.5,99.2,102.7,91.0,84.0,70.1,62.0,47.4,61.0,71.8,60.7,80.5,81.2,65.6,82.0,100.0,96.8,82.6,117.0,97.4
A,BPRM_DW,CPA_F410012_410013,NSA,I21,NO,,,,,,,,,54.9,66.9,63.9,73.4,105.2,109.2,119.1,114.3,77.8,43.1,51.2,85.6,92.3,90.8,80.5,95.7,115.3,122.6,106.2,104.4,102.3,100.0,109.0,71.9,58.3,71.0
A,BPRM_DW,CPA_F410012_410013,NSA,I21,PL,,,,,,,,,37.9,29.4,20.3,16.3,25.8,30.9,46.9,69.3,60.2,39.6,38.7,45.2,40.9,32.8,42.8,55.0,61.7,76.8,77.3,79.9,81.3,100.0,96.0,78.8,100.3,82.8
A,BPRM_DW,CPA_F410012_410013,NSA,I21,PT,,,,367.5,418.4,479.1,543.2,592.8,609.5,556.9,431.1,359.1,348.4,327.2,322.8,296.3,186.1,91.8,83.5,46.9,27.0,14.6,14.2,20.5,34.8,46.9,74.1,92.0,94.6,100.0,117.2,139.6,146.8,193.9
A,BPRM_DW,CPA_F410012_410013,NSA,I21,RO,,,,,,,,,5.2,5.6,4.6,7.2,6.3,10.8,26.1,51.1,92.3,28.3,22.2,16.9,20.7,22.9,37.6,47.0,68.9,78.0,90.7,97.0,95.0,100.0,98.2,70.4,72.1,84.0
A,BPRM_DW,CPA_F410012_410013,NSA,I21,RS,,,,,,,,,22.0,21.7,22.9,30.1,32.9,34.7,33.8,45.1,49.0,42.5,34.9,37.7,34.0,23.1,23.7,31.0,41.7,55.2,61.2,81.3,86.9,100.0,117.4,116.9,115.2,116.5
A,BPRM_DW,CPA_F410012_410013,NSA,I21,SE,,,,,8.8,9.1,8.5,8.0,11.6,15.9,13.1,19.5,25.5,31.1,49.1,23.1,21.3,19.6,27.9,32.2,30.2,40.5,47.2,64.3,79.6,88.9,75.9,64.0,81.2,100.0,76.6,33.9,35.9,39.5
A,BPRM_DW,CPA_F410012_410013,NSA,I21,SI,,,,,,,,,117.4,94.7,149.0,177.2,237.3,217.5,281.0,425.4,317.6,179.1,141.7,88.4,58.5,44.4,24.2,17.3,25.2,33.0,63.2,54.7,80.5,100.0,151.2,158.7,148.2,136.6
A,BPRM_DW,CPA_F410012_410013,NSA,I21,SK,,,,,,,,,,,,29.0,63.6,104.7,106.7,72.4,137.3,81.0,56.4,29.3,31.7,48.8,56.8,75.8,85.8,60.2,72.6,76.7,69.0,100.0,73.5,95.5,66.5,71.7
A,BPRM_DW,CPA_F410012_410013,NSA,I21,TR,61.8,72.7,69.2,69.0,60.4,61.7,57.8,45.1,42.4,37.1,21.4,27.4,45.0,74.9,83.3,81.5,70.1,72.8,128.6,92.1,109.7,119.3,147.2,128.7,145.2,202.9,96.8,44.8,77.1,100.0,97.1,126.2,116.9,164.8
A,BPRM_DW,CPA_F410012_410013,NSA,I21,UA,,,,,,,,,,,,,,,,,,,,,,,,,,,94.5,113.4,62.1,100.0,59.0,32.1,28.4,43.5
A,BPRM_DW,CPA_F410012_410013,NSA,I21,XK,,,,,,,,,,,,,,,,,,,,,,,,,,,,,114.1,100.0,123.0,123.0,147.1,
A,BPRM_DW,CPA_F410012_410013,NSA,PCH_SM,AL,,,,,,,,,,,,,,,,,,,,,,,,,487.8,83.3,46.4,12.3,-20.0,44.1,2.3,1.2,-5.4,-0.4
A,BPRM_DW,CPA_F410012_410013,NSA,PCH_SM,AT,,,,,,,,,,1.1,-1.6,-13.0,3.9,15.8,8.0,-2.8,5.4,3.7,-4.3,28.5,-9.7,21.8,6.9,6.5,22.5,23.1,-21.6,23.3,-12.4,-3.8,-16.2,-27.4,-7.1,-12.0
A,BPRM_DW,CPA_F410012_410013,NSA,PCH_SM,BA,,,,,,,,,,,,,,,,,,,,,,,37.7,26.7,4.1,8.3,6.4,16.5,11.6,13.4,8.4,5.0,,
A,BPRM_DW,CPA_F410012_410013,NSA,PCH_SM,BE,,,,,-6.5,5.4,-16.9,25.3,-0.4,1.3,10.5,9.3,19.9,16.7,9.4,-12.7,-4.9,-16.1,9.0,-10.9,6.2,13.0,16.2,-17.1,15.0,-0.3,24.9,-12.9,-6.5,7.0,-14.4,-2.5,-10.9,-7.0
A,BPRM_DW,CPA_F410012_410013,NSA,PCH_SM,BG,,,,,,,,,,42.0,23.1,14.9,113.4,56.7,68.8,22.8,-25.6,-63.8,-41.0,-20.2,0.0,24.8,38.2,11.3,5.2,41.5,50.7,-9.2,-11.9,38.3,21.3,-2.6,-17.4,27.3
A,BPRM_DW,CPA_F410012_410013,NSA,PCH_SM,CY,,,,,,,,,,10.1,35.2,57.1,38.1,28.5,1.8,18.5,2.5,-24.3,-15.8,-41.9,-39.0,-31.9,-40.7,24.3,4.0,62.0,25.6,93.1,-3.2,12.4,-3.9,21.7,4.6,43.7
A,BPRM_DW,CPA_F410012_410013,NSA,PCH_SM,CZ,,,,,,,,,,-27.1,39.7,1.6,15.7,10.0,3.1,2.2,-10.5,-15.8,-42.4,-11.3,-16.6,14.9,27.2,10.0,-13.0,20.6,3.6,54.3,-16.7,58.2,-9.5,-4.4,14.7,-1.4
A,BPRM_DW,CPA_F410012_410013,NSA,PCH_SM,DE,,,,-9.3,-15.3,-14.6,-19.0,-16.0,-41.2,-18.5,-11.4,1.7,-6.1,-11.7,6.9,-18.8,-4.4,4.3,7.9,23.1,11.5,21.0,6.7,6.7,24.9,-0.7,3.4,4.1,2.5,5.0,-3.1,-28.3,-19.1,10.9
A,BPRM_DW,CPA_F410012_410013,NSA,PCH_SM,DK,,,,,,,,9.3,10.7,19.9,17.4,23.7,6.6,25.8,-15.8,-52.0,-14.3,-48.0,155.0,28.4,-29.1,-6.9,63.6,43.0,35.8,-2.0,51.4,-16.0,-3.7,-7.3,8.5,-47.5,-19.8,19.7
A,BPRM_DW,CPA_F410012_410013,NSA,PCH_SM,EA19,,,,,,,,,,,,,,12.9,6.4,-9.0,-33.6,-29.2,-4.0,2.3,-9.1,-8.9,0.5,7.1,21.7,7.8,3.0,0.8,-9.0,13.0,3.2,-15.0,,
A,BPRM_DW,CPA_F410012_410013,NSA,PCH_SM,EA20,,,,,,,,,,,,,,12.9,6.5,-9.0,-33.1,-29.5,-4.3,2.2,-9.4,-9.1,-0.2,7.0,22.1,8.1,2.5,1.6,-8.5,12.7,3.6,-14.2,-2.1,7.0
A,BPRM_DW,CPA_F410012_410013,NSA,PCH_SM,EA21,,,,,,,,,,,,,,13.5,7.7,-8.0,-32.8,-30.9,-5.2,2.0,-9.3,-8.7,0.5,7.0,21.8,8.8,3.8,1.2,-8.6,13.6,4.4,-13.7,-3.0,7.9
A,BPRM_DW,CPA_F410012_410013,NSA,PCH_SM,EE,,,,,,,,,30.2,45.1,138.7,-7.0,294.3,-4.6,43.0,-38.4,-40.3,-74.3,85.1,22.6,10.5,-9.2,43.9,54.9,5.1,35.2,-12.2,17.0,11.9,-10.0,-24.2,-18.3,-12.8,49.3
A,BPRM_DW,CPA_F410012_410013,NSA,PCH_SM,EL,,,,,27.5,6.2,12.8,-7.2,1.1,25.0,25.2,-0.4,-5.5,78.5,-43.0,-21.4,-24.7,-28.8,-16.6,-50.3,-48.1,-45.7,-17.2,-5.7,8.2,22.8,61.6,42.7,18.8,50.8,6.3,34.0,42.1,-25.7
A,BPRM_DW,CPA_F410012_410013,NSA,PCH_SM,ES,,,,,-5.9,12.5,20.4,11.0,14.3,-10.9,3.5,17.1,17.6,11.3,25.5,-11.4,-59.6,-51.9,-36.5,-20.2,-21.4,-56.7,19.4,2.0,82.1,9.2,44.6,1.4,-45.8,57.5,65.2,19.3,32.2,11.2
A,BPRM_DW,CPA_F410012_410013,NSA,PCH_SM,EU27_2020,,,,,,,,,,,,,,13.6,9.8,-4.7,-27.9,-33.0,-5.5,2.5,-9.0,-8.4,6.4,11.9,22.9,11.6,3.4,1.1,-6.5,15.3,1.8,-17.4,2.1,3.8
A,BPRM_DW,CPA_F410012_410013,NSA,PCH_SM,FI,,,,,47.9,25.8,0.9,14.6,-10.3,-16.5,-1.0,12.7,-7.4,9.2,-5.1,-11.8,-18.6,17.4,19.4,10.4,-6.3,-10.1,20.6,16.0,28.7,21.9,-15.3,-7.9,7.1,7.2,-16.7,-41.8,-22.7,-14.9
A,BPRM_DW,CPA_F410012_410013,NSA,PCH_SM,FR,,,,-17.6,-13.5,-1.1,44.9,-43.6,25.3,-4.3,-0.8,15.3,34.3,16.1,13.9,-7.0,-19.8,-25.9,33.9,21.5,-6.4,-11.0,-10.5,8.4,20.0,5.9,-5.6,-6.1,-17.9,13.9,13.3,-22.3,-14.0,15.2
A,BPRM_DW,CPA_F410012_410013,NSA,PCH_SM,HR,,,,,,,,,,66.1,10.6,11.8,-4.3,14.6,14.2,-1.5,-1.7,-41.1,-23.0,4.3,-30.6,-21.5,7.3,-11.6,37.1,35.9,-9.8,41.7,-10.9,21.5,12.7,-1.7,11.4,8.4
A,BPRM_DW,CPA_F410012_410013,NSA,PCH_SM,HU,,,,,,,,39.0,111.4,34.3,4.2,24.6,12.1,-5.9,-20.0,5.3,9.2,-37.8,-37.9,-48.7,-18.4,-27.0,49.8,33.2,215.0,28.0,-4.7,-8.7,-48.6,31.6,52.0,-42.0,-4.0,44.6
A,BPRM_DW,CPA_F410012_410013,NSA,PCH_SM,IE,,,,,,,,,36.1,2.1,2.7,57.4,11.6,-26.1,-20.8,15.0,-8.3,-30.5,-49.9,-63.0,-66.0,39.4,-34.8,253.3,30.2,47.1,68.5,110.2,30.6,6.5,-36.3,28.4,-38.6,9.0
A,BPRM_DW,CPA_F410012_410013,NSA,PCH_SM,IT,,,,,,,,,,3.2,11.9,10.3,18.2,4.1,-6.7,-3.8,-24.5,-27.4,-25.1,-6.8,-28.2,-36.8,-15.2,-4.7,4.8,21.9,7.6,-0.2,-10.0,20.9,0.1,-5.1,-0.2,-7.4
A,BPRM_DW,CPA_F410012_410013,NSA,PCH_SM,LT,,,,,,,,,-23.6,-3.0,4.7,71.0,35.4,43.6,48.9,17.9,-24.3,-78.0,51.5,-3.1,81.1,12.0,-2.4,37.6,27.7,-1.3,-2.9,-6.4,-14.6,31.8,1.9,-35.2,26.8,30.8
A,BPRM_DW,CPA_F410012_410013,NSA,PCH_SM,LU,,,,,,,,,,-19.1,8.2,16.1,21.9,20.9,-10.1,16.8,-18.5,-5.6,-11.8,21.8,4.8,-25.0,105.5,-33.0,6.7,6.3,17.7,-2.9,-12.2,25.3,-28.1,3.5,-5.9,-19.4
A,BPRM_DW,CPA_F410012_410013,NSA,PCH_SM,LV,,,,,,,,,,5.6,171.1,579.6,77.0,101.3,40.0,14.9,-70.2,-34.4,-14.1,-12.0,30.0,47.3,-65.8,-24.7,72.4,-14.1,50.5,-7.4,44.3,14.5,-8.3,-3.7,31.5,64.8
A,BPRM_DW,CPA_F410012_410013,NSA,PCH_SM,ME,,,,,,,,,,-22.2,16.2,-21.1,71.6,-37.3,12.2,49.4,24.8,31.1,-18.5,13.9,12.2,-8.8,-11.6,5.0,-3.6,51.9,-45.3,-32.1,-18.4,-53.2,238.9,4.1,-34.1,47.7
A,BPRM_DW,CPA_F410012_410013,NSA,PCH_SM,MK,,,,,,,,,,,,,,,,,,-8.9,18.9,22.2,17.4,-39.9,9.8,16.0,33.0,0.5,-6.4,-24.7,11.5,102.4,-45.7,15.1,9.3,-0.7
A,BPRM_DW,CPA_F410012_410013,NSA,PCH_SM,MT,,,,,,,,,,104.6,35.8,16.7,15.9,43.3,18.8,14.4,-39.6,-25.3,-19.1,-12.3,-24.0,-17.1,7.5,37.8,106.5,22.9,44.5,-4.3,-37.2,-4.2,28.4,-15.2,7.3,42.5
A,BPRM_DW,CPA_F410012_410013,NSA,PCH_SM,NL,,,,,,,,,,-14.5,6.5,13.4,-3.2,26.4,39.0,-1.3,3.5,-11.4,-7.7,-16.5,-11.6,-23.5,28.7,17.7,-15.5,32.6,0.9,-19.2,25.0,22.0,-3.2,-14.7,41.6,-16.8
A,BPRM_DW,CPA_F410012_410013,NSA,PCH_SM,NO,,,,,,,,,,21.9,-4.5,14.9,43.3,3.8,9.1,-4.0,-31.9,-44.6,18.8,67.2,7.8,-1.6,-11.3,18.9,20.5,6.3,-13.4,-1.7,-2.0,-2.2,9.0,-34.0,-18.9,21.8
A,BPRM_DW,CPA_F410012_410013,NSA,PCH_SM,PL,,,,,,,,,,-22.4,-31.0,-19.7,58.3,19.8,51.8,47.8,-13.1,-34.2,-2.3,16.8,-9.5,-19.8,30.5,28.5,12.2,24.5,0.7,3.4,1.8,23.0,-4.0,-17.9,27.3,-17.4
A,BPRM_DW,CPA_F410012_410013,NSA,PCH_SM,PT,,,,,13.9,14.5,13.4,9.1,2.8,-8.6,-22.6,-16.7,-3.0,-6.1,-1.3,-8.2,-37.2,-50.7,-9.0,-43.8,-42.4,-45.9,-2.7,44.4,69.8,34.8,58.0,24.2,2.8,5.7,17.2,19.1,5.2,32.1
A,BPRM_DW,CPA_F410012_410013,NSA,PCH_SM,RO,,,,,,,,,,7.7,-17.9,56.5,-12.5,71.4,141.7,95.8,80.6,-69.3,-21.6,-23.9,22.5,10.6,64.2,25.0,46.6,13.2,16.3,6.9,-2.1,5.3,-1.8,-28.3,2.4,16.5
A,BPRM_DW,CPA_F410012_410013,NSA,PCH_SM,RS,,,,,,,,,,-1.4,5.5,31.4,9.3,5.5,-2.6,33.4,8.6,-13.3,-17.9,8.0,-9.8,-32.1,2.6,30.8,34.5,32.4,10.9,32.8,6.9,15.1,17.4,-0.4,-1.5,1.1
A,BPRM_DW,CPA_F410012_410013,NSA,PCH_SM,SE,,,,,,3.4,-6.6,-5.9,45.0,37.1,-17.6,48.9,30.8,22.0,57.9,-53.0,-7.8,-8.0,42.3,15.4,-6.2,34.1,16.5,36.2,23.8,11.7,-14.6,-15.7,26.9,23.2,-23.4,-55.7,5.9,10.0
A,BPRM_DW,CPA_F410012_410013,NSA,PCH_SM,SI,,,,,,,,,,-19.3,57.3,18.9,33.9,-8.3,29.2,51.4,-25.3,-43.6,-20.9,-37.6,-33.8,-24.1,-45.5,-28.5,45.7,31.0,91.5,-13.4,47.2,24.2,51.2,5.0,-6.6,-7.8
A,BPRM_DW,CPA_F410012_410013,NSA,PCH_SM,SK,,,,,,,,,,,,,119.3,64.6,1.9,-32.1,89.6,-41.0,-30.4,-48.0,8.2,53.9,16.4,33.5,13.2,-29.8,20.6,5.6,-10.0,44.9,-26.5,29.9,-30.4,7.8
A,BPRM_DW,CPA_F410012_410013,NSA,PCH_SM,TR,,17.6,-4.8,-0.3,-12.5,2.2,-6.3,-22.0,-6.0,-12.5,-42.3,28.0,64.2,66.4,11.2,-2.2,-14.0,3.9,76.6,-28.4,19.1,8.8,23.4,-12.6,12.8,39.7,-52.3,-53.7,72.1,29.7,-2.9,30.0,-7.4,41.0
A,BPRM_DW,CPA_F410012_410013,NSA,PCH_SM,UA,,,,,,,,,,,,,,,,,,,,,,,,,,,,20.0,-45.2,61.0,-41.0,-45.6,-11.5,53.2
A,BPRM_DW,CPA_F410012_410013,NSA,PCH_SM,UK,,,,,,,,7.9,16.5,17.8,17.4,34.9,32.5,11.8,0.8,6.8,-39.5,-16.8,13.8,-19.4,-13.2,9.6,29.3,-26.8,-7.3,4.7,-17.0,-4.1,,,,,,
A,BPRM_DW,CPA_F410012_410013,NSA,PCH_SM,XK,,,,,,,,,,,,,,,,,,,,,,,,,,,,,,-12.4,23.0,0.0,19.6,
A,BPRM_DW,CPA_F410012_410013,NSA,THS,EA19,,,,,,,,,,,,,,1424.41,1515.91,1379.05,917.66,650.67,625.33,639.24,582.05,531.14,533.54,570.95,694.53,748.51,771.5,776.97,707.68,798.91,822.62,698.92,,
A,BPRM_DW,CPA_F410012_410013,NSA,THS,EA20,,,,,,,,,,,,,,1442.0,1536.0,1398.6,936.7,662.0,633.5,647.2,587.1,535.5,535.7,571.5,698.4,755.3,773.4,786.4,719.7,810.4,838.0,719.1,703.0,751.2
A,BPRM_DW,CPA_F410012_410013,NSA,THS,EA21,,,,,,,,,,,,,,1469.7,1582.8,1456.0,979.4,677.4,642.6,654.5,594.4,544.6,548.3,585.5,713.2,776.1,804.8,814.8,744.8,845.0,880.1,760.1,736.8,794.2
A,BPRM_DW,CPA_F410012_410013,NSA,THS,EU27_2020,,,,,,,,,,,,,,1616.0,1773.3,1688.1,1219.1,818.3,773.9,793.2,721.6,662.3,706.0,789.3,970.6,1081.7,1119.8,1131.5,1058.2,1218.9,1239.4,1022.5,1043.7,1083.8
A,BPRM_DW,CPA_F410014,NSA,I15,FI,,,,9.1,28.5,57.2,24.3,8.6,40.7,74.7,4.4,57.2,55.9,56.7,108.9,115.4,49.6,95.0,126.1,118.8,154.3,25.6,23.8,100.0,70.8,99.5,88.8,37.1,23.8,159.8,77.0,,,
A,BPRM_DW,CPA_F410014,NSA,I21,FI,,,,5.7,17.8,35.8,15.2,5.4,25.5,46.7,2.8,35.8,35.0,35.5,68.1,72.2,31.0,59.5,78.9,74.3,96.6,16.0,14.9,62.6,44.3,62.3,55.6,23.2,14.9,100.0,48.2,,,
A,BPRM_DW,CPA_F410014,NSA,PCH_SM,FI,,,,,212.3,101.1,-57.5,-64.5,372.2,83.1,-94.0,1178.6,-2.2,1.4,91.8,6.0,-57.1,91.9,32.6,-5.8,30.0,-83.4,-6.9,320.1,-29.2,40.6,-10.8,-58.3,-35.8,571.1,-51.8,,,
A,BPRM_DW,CPA_F41001_41002,NSA,I15,FI,,,,56.3,76.9,97.2,102.3,116.2,107.8,90.2,93.4,108.5,105.0,113.8,111.1,99.8,80.3,84.0,102.8,108.4,100.4,82.1,91.1,100.0,124.8,150.0,135.7,119.6,126.5,140.0,114.5,,,
A,BPRM_DW,CPA_F41001_41002,NSA,I21,FI,,,,40.2,54.9,69.5,73.1,83.0,77.0,64.4,66.7,77.5,75.0,81.2,79.3,71.3,57.4,60.0,73.4,77.4,71.7,58.6,65.0,71.4,89.1,107.1,96.9,85.4,90.3,100.0,81.8,,,
A,BPRM_DW,CPA_F41001_41002,NSA,PCH_SM,FI,,,,,36.6,26.6,5.2,13.5,-7.2,-16.4,3.6,16.2,-3.2,8.3,-2.3,-10.1,-19.5,4.5,22.3,5.4,-7.4,-18.3,10.9,9.8,24.8,20.2,-9.5,-11.9,5.7,10.7,-18.2,,,
A,BPRM_DW,CPA_F41001_X_410014,NSA,I15,AL,,,,,,,,,,,,,,,,,,,,,,,,100.0,614.6,1083.3,1583.3,1500.0,1350.0,2150.0,2210.4,,,
A,BPRM_DW,CPA_F41001_X_410014,NSA,I15,AT,,,,,,,,,64.5,62.8,67.0,60.3,63.9,69.6,75.1,73.3,74.2,74.1,74.7,88.8,78.9,90.2,95.7,100.0,117.4,137.4,114.2,133.2,121.6,115.1,89.8,,,
A,BPRM_DW,CPA_F41001_X_410014,NSA,I15,BA,,,,,,,,,,,,,,,,,,,,,,66.0,80.8,100.0,106.6,116.4,122.1,139.6,147.6,166.0,179.6,191.9,,
A,BPRM_DW,CPA_F41001_X_410014,NSA,I15,BE,,,,98.7,106.3,109.4,83.0,99.5,92.7,90.2,91.3,98.4,113.2,129.3,133.6,118.1,115.3,100.2,110.6,96.7,102.0,107.1,119.1,100.0,111.4,109.1,136.1,121.4,120.1,125.1,111.8,,,
A,BPRM_DW,CPA_F41001_X_410014,NSA,I15,BG,,,,,,,,,29.2,41.1,50.5,61.0,123.2,190.5,307.3,371.8,286.2,116.8,74.3,63.6,61.5,71.1,91.8,100.0,105.2,144.6,205.8,189.9,170.5,231.7,279.3,273.9,,
A,BPRM_DW,CPA_F41001_X_410014,NSA,I15,CY,,,,,,,,,190.4,215.7,254.2,373.9,492.4,587.1,591.6,640.8,628.2,522.0,447.7,276.5,183.9,129.5,89.3,100.0,114.1,154.5,194.0,301.1,290.6,328.6,307.9,,,
A,BPRM_DW,CPA_F41001_X_410014,NSA,I15,CZ,,,,,,,,,124.0,108.1,126.0,141.4,151.9,156.3,167.2,169.3,169.1,141.3,107.8,106.4,90.0,84.0,90.9,100.0,104.2,123.0,127.2,152.4,139.5,178.0,165.4,,,
A,BPRM_DW,CPA_F41001_X_410014,NSA,I15,DE,,,282.4,253.2,228.3,210.1,189.3,173.4,120.4,101.4,96.1,104.1,93.3,83.4,85.5,61.8,58.3,60.2,64.1,77.8,80.3,90.1,93.3,100.0,115.6,113.2,115.4,119.1,122.0,126.7,117.7,,,
A,BPRM_DW,CPA_F41001_X_410014,NSA,I15,DK,,,,,,,73.8,71.2,70.7,84.2,100.8,112.3,121.2,149.8,150.5,93.5,64.3,34.0,66.7,72.8,53.3,50.7,71.2,100.0,130.4,130.4,175.4,157.3,160.0,161.8,147.8,,,
A,BPRM_DW,CPA_F41001_X_410014,NSA,I15,EA19,,,,,,,,,,,,,,374.9,402.8,360.5,229.5,159.3,141.6,137.9,116.3,96.8,95.0,100.0,116.5,126.4,134.5,133.9,120.3,138.8,145.2,,,
A,BPRM_DW,CPA_F41001_X_410014,NSA,I15,EA20,,,,,,,,,,,,,,374.9,402.7,360.5,229.8,159.5,141.7,138.0,116.3,96.8,95.0,100.0,116.5,126.5,134.5,134.1,120.5,139.0,145.5,,,
A,BPRM_DW,CPA_F41001_X_410014,NSA,I15,EE,,,,,,,20.3,17.7,19.3,25.6,56.5,61.2,169.1,163.8,230.2,159.7,97.9,37.2,46.2,50.6,54.3,54.6,70.5,100.0,107.7,141.0,125.1,143.6,158.1,157.0,121.0,100.4,,
A,BPRM_DW,CPA_F41001_X_410014,NSA,I15,EL,,,,1005.1,1252.4,1320.9,1453.2,1318.0,1342.8,1655.9,2003.7,1993.6,1894.6,3184.0,1931.7,1567.5,1205.3,896.5,749.4,410.1,224.9,128.8,104.6,100.0,103.5,123.9,175.9,234.4,278.0,413.1,430.6,,,
A,BPRM_DW,CPA_F41001_X_410014,NSA,I15,ES,,,,748.8,707.1,809.6,967.8,1084.7,1219.3,1092.2,1118.4,1306.2,1507.3,1674.0,2038.3,1756.6,742.9,361.7,253.8,210.5,159.4,86.6,93.3,100.0,158.6,174.9,234.7,236.4,137.0,195.6,326.3,,,
A,BPRM_DW,CPA_F41001_X_410014,NSA,I15,EU27_2020,,,,,,,,,,,,,,339.0,365.5,327.6,212.9,148.3,133.1,129.9,109.6,92.7,92.9,100.0,117.7,128.4,135.7,134.7,123.3,143.2,146.1,,,
A,BPRM_DW,CPA_F41001_X_410014,NSA,I15,FI,,,,56.5,77.1,98.0,103.0,117.5,109.1,91.0,94.5,109.5,105.4,115.2,111.0,99.9,80.4,83.6,102.8,108.3,99.6,83.5,92.1,100.0,125.8,151.4,136.5,120.9,129.3,142.0,116.5,,,
A,BPRM_DW,CPA_F41001_X_410014,NSA,I15,FR,,,100.1,85.5,84.9,86.1,114.3,92.2,100.9,97.6,97.5,106.5,127.5,141.0,152.8,144.7,119.6,93.7,118.8,130.8,120.0,106.6,93.4,100.0,114.9,122.3,115.0,111.0,95.2,114.6,117.2,87.1,,
A,BPRM_DW,CPA_F41001_X_410014,NSA,I15,HR,,,,,,,,,175.4,261.0,282.4,307.0,294.1,336.3,369.0,357.7,354.8,242.2,191.8,193.6,140.9,110.2,112.1,100.0,133.1,179.6,168.9,221.0,202.9,241.7,273.0,272.8,,
A,BPRM_DW,CPA_F41001_X_410014,NSA,I15,HU,,,,,,,176.3,225.1,337.0,366.8,374.5,445.0,452.0,407.6,352.8,352.0,350.6,230.9,141.8,96.3,81.3,59.2,77.4,100.0,257.1,312.3,302.4,291.1,180.3,245.2,294.2,,,
A,BPRM_DW,CPA_F41001_X_410014,NSA,I15,IE,,,,,,,,587.2,699.5,601.9,531.4,600.7,779.3,761.7,603.8,647.0,518.1,310.9,141.7,89.3,47.9,55.2,56.8,100.0,122.3,159.3,221.9,294.9,324.8,329.6,262.0,,,
A,BPRM_DW,CPA_F41001_X_410014,NSA,I15,IT,,,,,,,,,430.1,440.8,487.9,535.3,625.9,649.7,609.8,583.7,447.3,330.2,257.4,243.1,180.4,120.8,104.9,100.0,103.2,121.3,129.7,128.9,114.5,139.6,139.7,,,
A,BPRM_DW,CPA_F41001_X_410014,NSA,I15,LT,,,,,,,,31.3,28.1,28.1,31.4,45.4,61.8,86.8,122.2,142.3,117.9,55.9,61.6,53.9,74.5,88.3,83.0,100.0,121.8,116.3,116.2,109.8,111.0,145.5,125.7,87.3,,
A,BPRM_DW,CPA_F41001_X_410014,NSA,I15,LU,,,,,,,,,77.8,65.2,67.9,75.7,89.6,108.6,102.2,114.6,93.3,85.3,85.7,100.6,100.8,85.4,146.6,100.0,107.9,116.2,129.2,129.3,121.8,143.5,110.6,,,
A,BPRM_DW,CPA_F41001_X_410014,NSA,I15,LV,,,,,,,,,64.9,78.4,96.6,189.6,304.7,471.9,615.8,637.6,278.6,166.0,128.7,120.5,149.3,188.1,112.5,100.0,116.8,135.6,163.8,165.0,186.4,217.7,207.2,193.9,,
A,BPRM_DW,CPA_F41001_X_410014,NSA,I15,ME,,,,,,,,,54.2,42.8,51.5,40.9,68.5,44.1,52.2,73.2,94.3,121.3,93.3,104.3,119.5,110.0,98.4,100.0,100.4,148.3,78.1,52.8,43.3,21.7,72.0,,,
A,BPRM_DW,CPA_F41001_X_410014,NSA,I15,MK,,,,,,,,,,,,,,,,,87.3,79.0,89.1,101.8,119.4,77.3,88.4,100.0,126.9,128.6,117.4,97.0,100.6,193.5,113.4,127.7,,
A,BPRM_DW,CPA_F41001_X_410014,NSA,I15,MT,,,,,,,,,100.6,105.9,138.9,155.3,169.9,230.1,263.5,287.4,173.2,134.2,112.6,100.2,77.6,68.5,74.4,100.0,190.2,228.2,326.5,316.3,198.6,192.0,243.2,,,
A,BPRM_DW,CPA_F41001_X_410014,NSA,I15,NL,,,,,,,,,147.7,117.1,126.3,136.2,143.2,156.5,181.3,165.2,163.9,136.5,114.7,104.9,70.8,49.0,74.3,100.0,96.3,125.4,126.0,104.5,120.8,136.4,116.1,98.6,,
A,BPRM_DW,CPA_F41001_X_410014,NSA,I15,NO,,,,,,,,,75.2,79.4,72.3,74.7,99.2,106.7,113.5,110.0,87.1,63.1,66.1,92.7,98.2,97.9,87.4,100.0,116.5,117.3,104.8,100.2,98.2,100.2,101.4,69.7,,
A,BPRM_DW,CPA_F41001_X_410014,NSA,I15,PL,,,,,,,,,79.9,76.2,43.2,51.2,58.3,63.8,88.4,130.3,121.3,92.7,90.9,96.4,86.1,72.4,82.5,100.0,112.2,133.8,138.2,144.5,149.1,184.7,161.3,,,
A,BPRM_DW,CPA_F41001_X_410014,NSA,I15,PT,,,,912.5,997.8,1126.7,1269.8,1388.4,1418.2,1328.6,1113.0,949.2,897.3,858.6,835.3,765.0,534.0,317.1,291.1,204.4,133.6,86.9,81.2,100.0,136.5,172.6,243.5,281.2,291.1,316.6,351.3,367.7,,
A,BPRM_DW,CPA_F41001_X_410014,NSA,I15,RO,,,,,,,,,50.7,55.9,49.0,47.1,56.2,74.0,99.3,130.2,176.3,98.0,82.2,73.1,74.1,76.1,89.6,100.0,119.8,130.8,145.8,152.1,149.1,167.8,155.4,116.8,,
A,BPRM_DW,CPA_F41001_X_410014,NSA,I15,RS,,,,,,,,,68.7,71.9,70.0,93.2,100.6,106.6,103.5,139.8,150.5,131.1,106.9,115.2,106.2,76.2,77.4,100.0,126.0,168.9,184.8,238.6,256.2,301.4,347.5,,,
A,BPRM_DW,CPA_F41001_X_410014,NSA,I15,SE,,,,,20.3,23.3,24.7,27.2,33.5,35.7,33.3,45.3,54.8,64.4,89.4,58.8,50.2,44.2,56.9,57.8,50.5,63.5,76.0,100.0,123.9,134.1,113.3,101.3,121.9,153.2,117.7,,,
A,BPRM_DW,CPA_F41001_X_410014,NSA,I15,SI,,,,,,,,,174.1,148.7,180.5,203.1,237.4,242.4,291.7,383.0,312.0,219.5,178.8,140.6,117.9,117.6,99.3,100.0,109.2,116.8,136.2,122.2,135.0,156.4,188.7,202.8,,
A,BPRM_DW,CPA_F41001_X_410014,NSA,I15,SK,,,,,,,,,,,,52.8,81.5,99.1,102.2,92.1,147.1,102.7,82.0,66.0,65.8,74.7,81.1,100.0,114.6,104.7,116.6,115.5,108.0,129.9,108.8,,,
A,BPRM_DW,CPA_F41001_X_410014,NSA,I15,TR,52.8,61.2,58.5,57.9,50.7,51.8,48.3,37.9,35.2,31.2,18.1,22.6,36.9,61.0,66.9,65.0,56.1,57.8,101.0,72.5,85.9,93.6,115.0,100.0,112.2,156.4,74.5,35.6,61.9,81.1,77.8,93.9,,
A,BPRM_DW,CPA_F41001_X_410014,NSA,I15,UK,,,,,,,104.3,105.9,104.9,107.5,107.4,115.1,126.6,125.9,124.4,130.2,78.7,63.5,77.3,76.9,69.6,83.3,94.4,100.0,104.8,109.8,110.3,105.8,,,,,,
A,BPRM_DW,CPA_F41001_X_410014,NSA,I21,AL,,,,,,,,,,,,,,,,,,,,,,,,4.7,28.6,50.4,73.6,69.8,62.8,100.0,102.8,119.5,85.8,87.5
A,BPRM_DW,CPA_F41001_X_410014,NSA,I21,AT,,,,,,,,,52.3,50.8,54.3,48.9,51.7,56.4,60.8,59.3,60.1,60.0,60.7,71.7,64.0,73.2,77.7,81.3,95.8,111.7,93.7,109.7,100.2,100.0,82.8,57.8,52.8,49.2
A,BPRM_DW,CPA_F41001_X_410014,NSA,I21,BA,,,,,,,,,,,,,,,,,,,,,,39.8,48.7,60.3,64.2,70.1,73.6,84.1,88.9,100.0,108.2,115.6,,
A,BPRM_DW,CPA_F41001_X_410014,NSA,I21,BE,,,,73.4,79.0,81.3,61.7,74.0,69.0,67.1,67.9,73.2,84.2,96.2,99.4,87.9,85.7,74.5,82.2,71.9,75.8,79.6,88.6,74.4,82.8,81.2,101.2,93.5,91.4,100.0,88.0,81.8,70.5,67.7
A,BPRM_DW,CPA_F41001_X_410014,NSA,I21,BG,,,,,,,,,12.6,17.8,21.8,26.3,53.2,82.2,132.6,160.5,123.5,50.4,32.1,27.4,26.5,30.7,39.6,43.2,45.4,62.4,88.8,82.0,73.6,100.0,120.5,118.2,99.6,124.6
A,BPRM_DW,CPA_F41001_X_410014,NSA,I21,CY,,,,,,,,,57.9,65.6,77.4,113.8,149.8,178.7,180.0,195.0,191.1,158.8,136.2,84.1,56.0,39.4,27.2,30.4,34.7,47.0,59.0,91.6,88.4,100.0,93.7,105.1,107.8,153.9
A,BPRM_DW,CPA_F41001_X_410014,NSA,I21,CZ,,,,,,,,,69.6,60.7,70.8,79.4,85.3,87.8,94.0,95.1,95.0,79.4,60.6,59.8,50.5,47.2,51.1,56.2,58.6,69.1,71.4,85.6,78.4,100.0,92.9,77.8,80.0,78.5
A,BPRM_DW,CPA_F41001_X_410014,NSA,I21,DE,,,222.9,199.9,180.3,165.8,149.4,136.9,95.1,80.0,75.9,82.2,73.6,65.8,67.5,48.8,46.0,47.5,50.6,61.4,63.4,71.1,73.6,78.9,91.3,89.3,91.1,94.1,96.3,100.0,92.9,64.0,51.6,57.9
A,BPRM_DW,CPA_F41001_X_410014,NSA,I21,DK,,,,,,,43.4,41.9,41.6,49.5,59.3,66.1,71.3,88.1,88.5,55.0,37.9,20.0,39.2,42.8,31.4,29.8,41.7,59.2,76.5,76.2,102.9,92.4,94.5,100.0,93.1,56.4,51.2,58.5
A,BPRM_DW,CPA_F41001_X_410014,NSA,I21,EA19,,,,,,,,,,,,,,175.3,183.4,164.8,118.1,87.8,87.2,88.1,78.3,71.1,69.4,74.5,86.5,92.7,94.6,94.7,88.0,100.0,98.9,81.2,,
A,BPRM_DW,CPA_F41001_X_410014,NSA,I21,EA20,,,,,,,,,,,,,,175.0,183.2,164.7,118.5,88.0,87.1,88.0,78.0,70.8,68.9,73.8,85.9,92.3,93.9,94.6,88.1,100.0,99.2,82.1,78.7,84.4
A,BPRM_DW,CPA_F41001_X_410014,NSA,I21,EA21,,,,,,,,,,,,,,172.3,181.7,164.6,118.7,86.9,85.5,86.2,76.5,69.6,68.0,72.9,84.7,91.4,93.8,94.2,87.7,100.0,99.8,83.2,79.3,85.6
A,BPRM_DW,CPA_F41001_X_410014,NSA,I21,EE,,,,,,,12.9,11.3,12.3,16.3,36.0,39.0,107.7,104.3,146.6,101.7,62.3,23.7,29.4,32.3,34.6,34.8,44.9,63.7,68.6,89.8,79.7,91.5,100.7,100.0,77.1,64.0,56.7,76.3
A,BPRM_DW,CPA_F41001_X_410014,NSA,I21,EL,,,,243.3,303.2,319.7,351.8,319.0,325.0,400.8,485.0,482.6,458.6,770.7,467.6,379.4,291.8,217.0,181.4,99.3,54.5,31.2,25.3,24.2,25.0,30.0,42.6,56.8,67.3,100.0,104.2,134.2,184.5,141.2
A,BPRM_DW,CPA_F41001_X_410014,NSA,I21,ES,,,,382.8,361.5,413.9,494.8,554.5,623.4,558.4,571.8,667.8,770.6,855.8,1042.1,898.1,379.8,184.9,129.7,107.6,81.5,44.3,47.7,51.1,81.1,89.4,120.0,120.8,70.1,100.0,166.8,197.0,254.3,283.5
A,BPRM_DW,CPA_F41001_X_410014,NSA,I21,EU27_2020,,,,,,,,,,,,,,133.2,143.1,135.1,104.0,75.6,73.6,74.1,65.9,60.1,61.2,67.6,79.3,87.0,89.5,90.3,86.0,100.0,96.5,77.7,77.6,81.6
A,BPRM_DW,CPA_F41001_X_410014,NSA,I21,FI,,,,39.4,53.8,68.3,71.9,82.0,75.6,64.4,66.5,76.3,74.4,80.7,77.8,69.5,55.2,58.1,70.2,73.5,66.6,58.1,65.2,72.1,90.0,107.4,92.5,84.9,91.0,100.0,82.1,48.0,38.8,34.0
A,BPRM_DW,CPA_F41001_X_410014,NSA,I21,FR,,,87.7,74.9,74.4,75.5,100.2,80.8,88.4,85.5,85.5,93.3,111.8,123.5,133.9,126.8,104.8,82.1,104.1,114.6,105.1,93.2,80.9,86.4,99.7,106.4,99.7,96.7,83.6,100.0,102.9,76.6,65.1,73.8
A,BPRM_DW,CPA_F41001_X_410014,NSA,I21,HR,,,,,,,,,72.5,108.0,116.8,127.0,121.7,139.1,152.6,148.0,146.8,100.2,79.3,80.1,58.3,45.6,46.4,41.4,55.1,74.3,69.9,91.4,83.9,100.0,112.9,112.9,122.8,131.0
A,BPRM_DW,CPA_F41001_X_410014,NSA,I21,HU,,,,,,,71.9,91.8,137.5,149.6,152.8,181.5,184.4,166.2,143.9,143.6,143.0,94.2,57.9,39.3,33.1,24.2,31.5,40.8,104.9,127.4,123.3,118.7,73.5,100.0,120.0,72.2,69.9,94.1
A,BPRM_DW,CPA_F41001_X_410014,NSA,I21,IE,,,,,,,,178.2,212.2,182.6,161.2,182.3,236.5,231.1,183.2,196.3,157.2,94.3,43.0,27.1,14.5,16.7,17.2,30.3,37.1,48.3,67.3,89.5,98.6,100.0,79.5,95.9,75.4,81.4
A,BPRM_DW,CPA_F41001_X_410014,NSA,I21,IT,,,,,,,,,308.2,315.9,349.7,383.6,448.5,465.6,436.9,418.2,320.5,236.6,184.5,174.2,129.2,86.5,75.2,71.7,73.9,86.9,92.9,92.4,82.1,100.0,100.1,92.4,92.3,86.7
A,BPRM_DW,CPA_F41001_X_410014,NSA,I21,LT,,,,,,,,21.6,19.4,19.4,21.7,31.3,42.7,59.9,84.3,98.2,81.3,38.6,42.5,37.2,51.4,60.9,57.3,69.0,84.0,80.3,80.2,75.7,76.6,100.0,85.5,60.9,66.2,80.4
A,BPRM_DW,CPA_F41001_X_410014,NSA,I21,LU,,,,,,,,,54.2,45.4,47.3,52.8,62.4,75.7,71.2,79.8,65.0,59.4,59.7,70.1,70.2,59.5,102.2,69.7,75.2,81.0,90.0,90.1,84.9,100.0,77.1,70.9,65.1,57.2
A,BPRM_DW,CPA_F41001_X_410014,NSA,I21,LV,,,,,,,,,29.8,36.0,44.4,87.1,140.0,216.8,282.9,292.9,128.0,76.2,59.1,55.3,68.6,86.4,51.7,45.9,53.7,62.3,75.2,75.8,85.6,100.0,95.2,89.1,100.3,137.8
A,BPRM_DW,CPA_F41001_X_410014,NSA,I21,ME,,,,,,,,,249.8,197.5,237.4,188.4,316.0,203.5,240.7,337.6,435.0,559.5,430.2,481.2,551.0,507.4,453.8,461.2,463.0,684.0,360.4,243.5,199.8,100.0,332.2,341.6,231.1,351.8
A,BPRM_DW,CPA_F41001_X_410014,NSA,I21,MK,,,,,,,,,,,,,,,,,45.1,40.8,46.0,52.6,61.7,40.0,45.7,51.7,65.6,66.5,60.7,50.1,52.0,100.0,58.6,66.0,70.0,71.1
A,BPRM_DW,CPA_F41001_X_410014,NSA,I21,MT,,,,,,,,,52.4,55.2,72.3,80.9,88.5,119.8,137.3,149.7,90.2,69.9,58.6,52.2,40.4,35.7,38.8,52.1,99.1,118.8,170.0,164.8,103.4,100.0,126.7,107.1,115.0,162.6
A,BPRM_DW,CPA_F41001_X_410014,NSA,I21,NL,,,,,,,,,108.3,85.9,92.6,99.8,105.0,114.8,132.9,121.2,120.2,100.1,84.1,76.9,51.9,35.9,54.5,73.3,70.6,92.0,92.4,76.6,88.6,100.0,85.1,73.0,91.7,79.8
A,BPRM_DW,CPA_F41001_X_410014,NSA,I21,NO,,,,,,,,,75.1,79.2,72.1,74.5,99.0,106.4,113.2,109.8,86.9,62.9,66.0,92.5,98.0,97.6,87.2,99.8,116.2,117.1,104.6,99.9,98.0,100.0,101.2,69.6,57.7,66.4
A,BPRM_DW,CPA_F41001_X_410014,NSA,I21,PL,,,,,,,,,43.2,41.2,23.4,27.7,31.5,34.5,47.8,70.5,65.7,50.2,49.2,52.2,46.6,39.2,44.6,54.1,60.8,72.4,74.8,78.2,80.7,100.0,87.3,70.4,85.6,77.8
A,BPRM_DW,CPA_F41001_X_410014,NSA,I21,PT,,,,288.2,315.1,355.9,401.0,438.5,447.9,419.6,351.5,299.8,283.4,271.2,263.8,241.6,168.7,100.1,91.9,64.6,42.2,27.4,25.6,31.6,43.1,54.5,76.9,88.8,91.9,100.0,110.9,116.9,123.6,150.0
A,BPRM_DW,CPA_F41001_X_410014,NSA,I21,RO,,,,,,,,,30.2,33.3,29.2,28.1,33.5,44.1,59.2,77.6,105.1,58.4,49.0,43.6,44.1,45.4,53.4,59.6,71.4,78.0,86.9,90.6,88.9,100.0,92.6,69.6,71.1,79.2
A,BPRM_DW,CPA_F41001_X_410014,NSA,I21,RS,,,,,,,,,22.8,23.8,23.2,30.9,33.4,35.3,34.3,46.4,49.9,43.5,35.5,38.2,35.2,25.3,25.7,33.2,41.8,56.0,61.3,79.1,85.0,100.0,115.3,113.9,112.8,114.1
A,BPRM_DW,CPA_F41001_X_410014,NSA,I21,SE,,,,,13.2,15.1,16.0,17.7,21.8,23.2,21.7,29.4,35.6,41.8,58.0,38.2,32.6,28.7,37.0,37.5,32.8,41.2,49.3,65.0,80.4,86.9,73.7,65.7,79.9,100.0,78.2,35.8,36.4,39.6
A,BPRM_DW,CPA_F41001_X_410014,NSA,I21,SI,,,,,,,,,111.3,95.1,115.4,129.9,151.8,155.0,186.5,244.9,199.5,140.3,114.3,89.9,75.4,75.2,63.5,63.9,69.8,74.7,87.1,78.1,86.3,100.0,120.7,116.0,107.4,104.1
A,BPRM_DW,CPA_F41001_X_410014,NSA,I21,SK,,,,,,,,,,,,40.7,62.8,76.3,78.7,70.9,113.3,79.1,63.1,50.8,50.7,57.5,62.4,77.0,88.3,80.6,89.8,89.0,83.1,100.0,83.8,80.5,60.7,61.1
A,BPRM_DW,CPA_F41001_X_410014,NSA,I21,TR,63.7,73.9,70.6,69.9,61.2,62.6,58.3,45.8,42.5,37.7,21.8,27.3,44.6,73.7,80.8,78.5,67.7,69.8,122.3,88.0,103.9,113.3,139.3,121.9,137.0,190.8,92.4,43.7,75.9,100.0,97.1,124.5,115.1,160.2
A,BPRM_DW,CPA_F41001_X_410014,NSA,I21,UA,,,,,,,,,,,,,,,,,,,,,,,,,,,97.6,110.0,65.9,100.0,57.4,40.8,39.4,55.2
A,BPRM_DW,CPA_F41001_X_410014,NSA,I21,XK,,,,,,,,,,,,,,,,,,,,,,,,,,,,,109.3,100.0,123.5,125.2,92.9,
A,BPRM_DW,CPA_F41001_X_410014,NSA,PCH_SM,AL,,,,,,,,,,,,,,,,,,,,,,,,,508.5,76.2,46.0,-5.2,-10.0,59.2,2.8,16.2,-28.2,2.0
A,BPRM_DW,CPA_F41001_X_410014,NSA,PCH_SM,AT,,,,,,,,,,-2.9,6.9,-9.9,5.7,9.1,7.8,-2.5,1.3,-0.2,1.2,18.1,-10.7,14.4,6.1,4.6,17.8,16.6,-16.1,17.1,-8.7,-0.2,-17.2,-30.2,-8.7,-6.8
A,BPRM_DW,CPA_F41001_X_410014,NSA,PCH_SM,BA,,,,,,,,,,,,,,,,,,,,,,,22.4,23.8,6.5,9.2,5.0,14.3,5.7,12.5,8.2,6.8,,
A,BPRM_DW,CPA_F41001_X_410014,NSA,PCH_SM,BE,,,,,7.6,2.9,-24.1,19.9,-6.8,-2.8,1.2,7.8,15.0,14.3,3.3,-11.6,-2.5,-13.1,10.3,-12.5,5.4,5.0,11.3,-16.0,11.3,-1.9,24.6,-7.6,-2.2,9.4,-12.0,-7.0,-13.8,-4.0
A,BPRM_DW,CPA_F41001_X_410014,NSA,PCH_SM,BG,,,,,,,,,,41.3,22.5,20.6,102.3,54.5,61.3,21.0,-23.1,-59.2,-36.3,-14.6,-3.3,15.8,29.0,9.1,5.1,37.4,42.3,-7.7,-10.2,35.9,20.5,-1.9,-15.7,25.1
A,BPRM_DW,CPA_F41001_X_410014,NSA,PCH_SM,CY,,,,,,,,,,13.3,18.0,47.0,31.6,19.3,0.7,8.3,-2.0,-16.9,-14.2,-38.3,-33.4,-29.6,-31.0,11.8,14.1,35.4,25.5,55.3,-3.5,13.1,-6.3,12.2,2.6,42.8
A,BPRM_DW,CPA_F41001_X_410014,NSA,PCH_SM,CZ,,,,,,,,,,-12.8,16.6,12.1,7.4,2.9,7.1,1.2,-0.1,-16.4,-23.7,-1.3,-15.6,-6.5,8.3,10.0,4.3,17.9,3.3,19.9,-8.4,27.6,-7.1,-16.3,2.8,-1.9
A,BPRM_DW,CPA_F41001_X_410014,NSA,PCH_SM,DE,,,,-10.3,-9.8,-8.0,-9.9,-8.4,-30.5,-15.9,-5.1,8.3,-10.5,-10.6,2.6,-27.7,-5.7,3.3,6.5,21.3,3.3,12.1,3.5,7.2,15.7,-2.2,2.0,3.3,2.3,3.8,-7.1,-31.1,-19.4,12.2
A,BPRM_DW,CPA_F41001_X_410014,NSA,PCH_SM,DK,,,,,,,,-3.5,-0.7,19.0,19.8,11.5,7.9,23.6,0.5,-37.9,-31.1,-47.2,96.0,9.2,-26.6,-5.1,39.9,42.0,29.2,-0.4,35.0,-10.2,2.3,5.8,-6.9,-39.4,-9.2,14.3
A,BPRM_DW,CPA_F41001_X_410014,NSA,PCH_SM,EA19,,,,,,,,,,,,,,9.5,4.6,-10.1,-28.3,-25.7,-0.7,1.0,-11.1,-9.2,-2.4,7.3,16.1,7.2,2.0,0.1,-7.1,13.6,-1.1,-17.9,,
A,BPRM_DW,CPA_F41001_X_410014,NSA,PCH_SM,EA20,,,,,,,,,,,,,,9.5,4.7,-10.1,-28.1,-25.7,-1.0,1.0,-11.4,-9.2,-2.7,7.1,16.4,7.5,1.7,0.7,-6.9,13.5,-0.8,-17.2,-4.1,7.2
A,BPRM_DW,CPA_F41001_X_410014,NSA,PCH_SM,EA21,,,,,,,,,,,,,,10.0,5.5,-9.4,-27.9,-26.8,-1.6,0.8,-11.3,-9.0,-2.3,7.2,16.2,7.9,2.6,0.4,-6.9,14.0,-0.2,-16.6,-4.7,7.9
A,BPRM_DW,CPA_F41001_X_410014,NSA,PCH_SM,EE,,,,,,,,-12.4,8.8,32.5,120.9,8.3,176.2,-3.2,40.6,-30.6,-38.7,-62.0,24.1,9.9,7.1,0.6,29.0,41.9,7.7,30.9,-11.2,14.8,10.1,-0.7,-22.9,-17.0,-11.4,34.6
A,BPRM_DW,CPA_F41001_X_410014,NSA,PCH_SM,EL,,,,,24.6,5.4,10.0,-9.3,1.9,23.3,21.0,-0.5,-5.0,68.1,-39.3,-18.9,-23.1,-25.6,-16.4,-45.3,-45.1,-42.8,-18.9,-4.3,3.3,20.0,42.0,33.3,18.5,48.6,4.2,28.8,37.5,-23.5
A,BPRM_DW,CPA_F41001_X_410014,NSA,PCH_SM,ES,,,,,-5.6,14.5,19.5,12.1,12.4,-10.4,2.4,16.8,15.4,11.1,21.8,-13.8,-57.7,-51.3,-29.9,-17.0,-24.3,-45.6,7.7,7.1,58.7,10.2,34.2,0.7,-42.0,42.7,66.8,18.1,29.1,11.5
A,BPRM_DW,CPA_F41001_X_410014,NSA,PCH_SM,EU27_2020,,,,,,,,,,,,,,10.0,7.4,-5.6,-23.0,-27.3,-2.6,0.7,-11.1,-8.8,1.8,10.5,17.3,9.7,2.9,0.9,-4.8,16.3,-3.5,-19.5,-0.1,5.2
A,BPRM_DW,CPA_F41001_X_410014,NSA,PCH_SM,FI,,,,,36.5,27.0,5.3,14.0,-7.8,-14.8,3.3,14.7,-2.5,8.5,-3.6,-10.7,-20.6,5.3,20.8,4.7,-9.4,-12.8,12.2,10.6,24.8,19.3,-13.9,-8.2,7.2,9.9,-17.9,-41.5,-19.2,-12.4
A,BPRM_DW,CPA_F41001_X_410014,NSA,PCH_SM,FR,,,,-14.6,-0.7,1.5,32.7,-19.4,9.4,-3.3,0.0,9.1,19.8,10.5,8.4,-5.3,-17.4,-21.7,26.8,10.1,-8.3,-11.3,-13.2,6.8,15.4,6.7,-6.3,-3.0,-13.5,19.6,2.9,-25.6,-15.0,13.4
A,BPRM_DW,CPA_F41001_X_410014,NSA,PCH_SM,HR,,,,,,,,,,49.0,8.1,8.7,-4.2,14.3,9.7,-3.0,-0.8,-31.7,-20.9,1.0,-27.2,-21.8,1.8,-10.8,33.1,34.8,-5.9,30.8,-8.2,19.2,12.9,0.0,8.8,6.7
A,BPRM_DW,CPA_F41001_X_410014,NSA,PCH_SM,HU,,,,,,,,27.7,49.8,8.8,2.1,18.8,1.6,-9.9,-13.4,-0.2,-0.4,-34.1,-38.5,-32.1,-15.8,-26.9,30.2,29.5,157.1,21.4,-3.2,-3.7,-38.1,36.1,20.0,-39.8,-3.2,34.6
A,BPRM_DW,CPA_F41001_X_410014,NSA,PCH_SM,IE,,,,,,,,,19.1,-13.9,-11.7,13.1,29.7,-2.3,-20.7,7.2,-19.9,-40.0,-54.4,-37.0,-46.5,15.2,3.0,76.2,22.4,30.2,39.3,33.0,10.2,1.4,-20.5,20.6,-21.4,8.0
A,BPRM_DW,CPA_F41001_X_410014,NSA,PCH_SM,IT,,,,,,,,,,2.5,10.7,9.7,16.9,3.8,-6.2,-4.3,-23.4,-26.2,-22.0,-5.6,-25.8,-33.0,-13.1,-4.7,3.1,17.6,6.9,-0.5,-11.1,21.8,0.1,-7.7,-0.1,-6.1
A,BPRM_DW,CPA_F41001_X_410014,NSA,PCH_SM,LT,,,,,,,,,-10.2,0.0,11.9,44.2,36.4,40.3,40.7,16.5,-17.2,-52.5,10.1,-12.5,38.2,18.5,-5.9,20.4,21.7,-4.4,-0.1,-5.6,1.2,30.5,-14.5,-28.8,8.7,21.5
A,BPRM_DW,CPA_F41001_X_410014,NSA,PCH_SM,LU,,,,,,,,,,-16.2,4.2,11.6,18.2,21.3,-5.9,12.1,-18.5,-8.6,0.5,17.4,0.1,-15.2,71.8,-31.8,7.9,7.7,11.1,0.1,-5.8,17.8,-22.9,-8.0,-8.2,-12.1
A,BPRM_DW,CPA_F41001_X_410014,NSA,PCH_SM,LV,,,,,,,,,,20.8,23.3,96.2,60.7,54.9,30.5,3.5,-56.3,-40.5,-22.4,-6.4,24.1,25.9,-40.2,-11.2,17.0,16.0,20.7,0.8,12.9,16.8,-4.8,-6.4,12.6,37.4
A,BPRM_DW,CPA_F41001_X_410014,NSA,PCH_SM,ME,,,,,,,,,,-20.9,20.2,-20.6,67.7,-35.6,18.3,40.3,28.9,28.6,-23.1,11.9,14.5,-7.9,-10.6,1.6,0.4,47.7,-47.3,-32.4,-17.9,-49.9,232.2,2.8,-32.3,52.2
A,BPRM_DW,CPA_F41001_X_410014,NSA,PCH_SM,MK,,,,,,,,,,,,,,,,,,-9.5,12.7,14.3,17.3,-35.2,14.3,13.1,26.9,1.4,-8.7,-17.5,3.8,92.3,-41.4,12.6,6.1,1.6
A,BPRM_DW,CPA_F41001_X_410014,NSA,PCH_SM,MT,,,,,,,,,,5.3,31.0,11.9,9.4,35.4,14.6,9.0,-39.7,-22.5,-16.2,-10.9,-22.6,-11.6,8.7,34.3,90.2,19.9,43.1,-3.1,-37.3,-3.3,26.7,-15.5,7.4,41.4
A,BPRM_DW,CPA_F41001_X_410014,NSA,PCH_SM,NL,,,,,,,,,,-20.7,7.8,7.8,5.2,9.3,15.8,-8.8,-0.8,-16.7,-16.0,-8.6,-32.5,-30.8,51.8,34.5,-3.7,30.3,0.4,-17.1,15.7,12.9,-14.9,-14.2,25.6,-13.0
A,BPRM_DW,CPA_F41001_X_410014,NSA,PCH_SM,NO,,,,,,,,,,5.5,-9.0,3.3,32.9,7.5,6.4,-3.0,-20.9,-27.6,4.9,40.2,5.9,-0.4,-10.7,14.4,16.4,0.8,-10.7,-4.5,-1.9,2.0,1.2,-31.2,-17.1,15.1
A,BPRM_DW,CPA_F41001_X_410014,NSA,PCH_SM,PL,,,,,,,,,,-4.6,-43.2,18.4,13.7,9.5,38.6,47.5,-6.8,-23.6,-2.0,6.1,-10.7,-15.9,13.8,21.3,12.4,19.1,3.3,4.5,3.2,23.9,-12.7,-19.4,21.6,-9.1
A,BPRM_DW,CPA_F41001_X_410014,NSA,PCH_SM,PT,,,,,9.3,12.9,12.7,9.4,2.1,-6.3,-16.2,-14.7,-5.5,-4.3,-2.7,-8.4,-30.2,-40.7,-8.2,-29.7,-34.7,-35.1,-6.6,23.4,36.4,26.5,41.1,15.5,3.5,8.8,10.9,5.4,5.7,21.4
A,BPRM_DW,CPA_F41001_X_410014,NSA,PCH_SM,RO,,,,,,,,,,10.3,-12.3,-3.8,19.2,31.6,34.2,31.1,35.4,-44.4,-16.1,-11.0,1.1,2.9,17.6,11.6,19.8,9.2,11.4,4.3,-1.9,12.5,-7.4,-24.8,2.2,11.4
A,BPRM_DW,CPA_F41001_X_410014,NSA,PCH_SM,RS,,,,,,,,,,4.4,-2.5,33.2,8.1,5.7,-2.8,35.3,7.5,-12.8,-18.4,7.6,-7.9,-28.1,1.6,29.2,25.9,34.0,9.5,29.0,7.5,17.6,15.3,-1.2,-1.0,1.2
A,BPRM_DW,CPA_F41001_X_410014,NSA,PCH_SM,SE,,,,,,14.4,6.0,10.6,23.2,6.4,-6.5,35.5,21.1,17.4,38.8,-34.1,-14.7,-12.0,28.9,1.4,-12.5,25.6,19.7,31.8,23.7,8.1,-15.2,-10.9,21.6,25.2,-21.8,-54.2,1.7,8.8
A,BPRM_DW,CPA_F41001_X_410014,NSA,PCH_SM,SI,,,,,,,,,,-14.6,21.3,12.6,16.9,2.1,20.3,31.3,-18.5,-29.7,-18.5,-21.3,-16.1,-0.3,-15.6,0.6,9.2,7.0,16.6,-10.3,10.5,15.9,20.7,-3.9,-7.4,-3.1
A,BPRM_DW,CPA_F41001_X_410014,NSA,PCH_SM,SK,,,,,,,,,,,,,54.3,21.5,3.1,-9.9,59.8,-30.2,-20.2,-19.5,-0.2,13.4,8.5,23.4,14.7,-8.7,11.4,-0.9,-6.6,20.3,-16.2,-3.9,-24.6,0.7
A,BPRM_DW,CPA_F41001_X_410014,NSA,PCH_SM,TR,,16.0,-4.5,-1.0,-12.4,2.3,-6.9,-21.4,-7.2,-11.3,-42.2,25.2,63.4,65.2,9.6,-2.8,-13.8,3.1,75.2,-28.0,18.1,9.0,22.9,-12.5,12.4,39.3,-51.6,-52.7,73.7,31.8,-2.9,28.2,-7.6,39.2
A,BPRM_DW,CPA_F41001_X_410014,NSA,PCH_SM,UA,,,,,,,,,,,,,,,,,,,,,,,,,,,,12.7,-40.1,51.7,-42.6,-28.9,-3.4,40.1
A,BPRM_DW,CPA_F41001_X_410014,NSA,PCH_SM,UK,,,,,,,,1.5,-0.9,2.5,-0.1,7.2,10.0,-0.6,-1.2,4.7,-39.6,-19.3,21.7,-0.5,-9.5,19.7,13.3,5.9,4.8,4.8,0.5,-4.1,,,,,,
A,BPRM_DW,CPA_F41001_X_410014,NSA,PCH_SM,XK,,,,,,,,,,,,,,,,,,,,,,,,,,,,,,-8.5,23.5,1.4,-25.8,
A,BPRM_DW,CPA_F41001_X_410014,NSA,THS,AL,,,,,,,,,,,,,,,,,,,,,,,,0.0,0.3,0.5,0.8,0.7,0.6,1.0,1.1,1.2,0.9,0.9
A,BPRM_DW,CPA_F41001_X_410014,NSA,THS,AT,,,,,,,,,,,,,,36.4,39.2,38.3,38.8,38.7,39.1,46.3,41.3,47.3,50.2,52.5,61.8,72.1,60.5,70.8,64.7,64.5,53.5,37.3,34.1,31.7
A,BPRM_DW,CPA_F41001_X_410014,NSA,THS,BA,,,,,,,,,,,,,,,,,,,,,,3.7,4.6,5.7,6.1,6.6,6.9,7.9,8.4,9.4,10.2,10.9,,
A,BPRM_DW,CPA_F41001_X_410014,NSA,THS,BE,,,,,,,,,,,,,,58.9,60.9,53.8,52.5,45.7,50.4,44.1,46.5,48.8,54.3,45.6,50.7,49.7,62.0,57.3,56.0,61.3,53.9,50.1,43.2,41.5
A,BPRM_DW,CPA_F41001_X_410014,NSA,THS,BG,,,,,,,,,,,,,,32.9,53.0,64.2,49.4,20.2,12.8,11.0,10.6,12.3,15.8,17.3,18.2,25.0,35.5,32.8,29.4,40.0,48.2,47.3,39.8,49.8
A,BPRM_DW,CPA_F41001_X_410014,NSA,THS,CY,,,,,,,,,,,,,,18.8,18.9,20.5,20.1,16.7,14.3,8.8,5.9,4.1,2.9,3.2,3.6,4.9,6.2,9.6,9.3,10.5,9.8,11.0,11.3,16.2
A,BPRM_DW,CPA_F41001_X_410014,NSA,THS,CZ,,,,,,,,,,,,,,37.9,40.6,41.1,41.0,34.3,26.2,25.8,21.8,20.4,22.1,24.3,25.3,29.9,30.9,37.0,33.8,43.2,40.1,33.6,34.6,33.9
A,BPRM_DW,CPA_F41001_X_410014,NSA,THS,DE,,,,,,,,,,,,,,210.5,215.7,155.9,147.1,151.9,161.8,196.3,202.6,227.4,235.4,252.4,291.9,285.6,291.3,300.7,308.1,319.7,297.0,204.5,164.9,185.1
A,BPRM_DW,CPA_F41001_X_410014,NSA,THS,DK,,,,,,,,,,,,,,31.8,32.0,19.8,13.7,7.2,14.2,15.5,11.3,10.8,15.1,21.4,27.6,27.5,37.2,33.4,34.1,36.1,33.6,20.4,18.5,21.1
A,BPRM_DW,CPA_F41001_X_410014,NSA,THS,EA19,,,,,,,,,,,,,,2274.08,2378.71,2138.05,1533.7,1140.75,1133.44,1145.09,1018.87,926.02,904.41,970.38,1125.66,1206.46,1231.04,1232.7,1145.55,1301.26,1285.11,1053.96,,
A,BPRM_DW,CPA_F41001_X_410014,NSA,THS,EA20,,,,,,,,,,,,,,2297.3,2404.2,2162.5,1557.6,1157.3,1146.0,1157.3,1027.3,932.9,908.7,973.0,1131.8,1216.7,1237.5,1246.7,1162.0,1317.7,1305.8,1080.6,1035.1,1110.0
A,BPRM_DW,CPA_F41001_X_410014,NSA,THS,EA21,,,,,,,,,,,,,,2330.2,2457.3,2226.7,1607.1,1177.5,1158.8,1168.3,1037.9,945.2,924.6,990.3,1149.9,1241.7,1273.0,1279.5,1191.4,1357.7,1354.0,1127.9,1075.0,1159.9
A,BPRM_DW,CPA_F41001_X_410014,NSA,THS,EE,,,,,,,,,,,,,,9.2,12.9,8.9,5.5,2.1,2.6,2.8,3.0,3.0,3.9,5.6,6.0,7.9,7.0,8.0,8.8,8.8,6.8,5.6,5.0,6.7
A,BPRM_DW,CPA_F41001_X_410014,NSA,THS,EL,,,,,,,,,,,,,,174.4,105.8,85.8,66.0,49.1,41.0,22.5,12.3,7.1,5.7,5.5,5.7,6.8,9.6,12.8,15.2,22.6,23.6,30.4,41.7,31.9
A,BPRM_DW,CPA_F41001_X_410014,NSA,THS,ES,,,,,,,,,,,,,,603.6,735.0,633.4,267.9,130.4,91.5,75.9,57.5,31.2,33.6,36.1,57.2,63.1,84.6,85.2,49.4,70.5,117.6,139.0,179.4,200.0
A,BPRM_DW,CPA_F41001_X_410014,NSA,THS,EU27_2020,,,,,,,,,,,,,,2646.2,2844.0,2683.2,2067.5,1502.9,1465.1,1474.5,1312.5,1198.3,1219.4,1347.4,1580.4,1734.6,1783.3,1800.1,1714.1,1992.4,1921.0,1545.4,1544.0,1623.2
A,BPRM_DW,CPA_F41001_X_410014,NSA,THS,FI,,,,,,,,,,,,,,36.9,35.6,31.8,25.3,26.6,32.1,33.6,30.5,26.6,29.8,33.0,41.2,49.2,42.3,38.9,41.7,45.8,37.5,21.9,17.7,15.5
A,BPRM_DW,CPA_F41001_X_410014,NSA,THS,FR,,,,,,,,,,,,,,526.7,571.0,540.7,446.6,350.1,443.8,488.5,448.1,397.4,344.8,368.1,424.8,453.5,425.0,412.0,356.5,426.3,438.6,326.4,277.7,314.7
A,BPRM_DW,CPA_F41001_X_410014,NSA,THS,HR,,,,,,,,,,,,,,23.1,25.3,24.5,24.3,16.6,13.2,13.3,9.7,7.6,7.7,6.9,9.1,12.3,11.6,15.2,13.9,16.6,18.7,18.7,20.4,21.7
A,BPRM_DW,CPA_F41001_X_410014,NSA,THS,HU,,,,,,,,,,,,,,48.0,41.5,41.4,41.2,27.2,16.7,11.3,9.6,7.0,9.1,11.8,30.2,36.7,35.6,34.2,21.2,28.8,34.6,20.8,20.2,27.1
A,BPRM_DW,CPA_F41001_X_410014,NSA,THS,IE,,,,,,,,,,,,,,99.4,78.8,84.4,67.6,40.6,18.5,11.6,6.3,7.2,7.4,13.0,16.0,20.8,28.9,38.5,42.4,43.0,34.2,41.2,32.4,35.0
A,BPRM_DW,CPA_F41001_X_410014,NSA,THS,IT,,,,,,,,,,,,,,278.6,261.5,250.3,191.8,141.6,110.4,104.2,77.3,51.8,45.0,42.9,44.2,52.0,55.6,55.3,49.1,59.8,59.9,55.3,55.3,51.9
A,BPRM_DW,CPA_F41001_X_410014,NSA,THS,LT,,,,,,,,,,,,,,11.7,16.5,19.2,15.9,7.6,8.3,7.3,10.1,11.9,11.2,13.5,16.5,15.7,15.7,14.8,15.0,19.6,16.8,11.9,13.0,15.8
A,BPRM_DW,CPA_F41001_X_410014,NSA,THS,LU,,,,,,,,,,,,,,4.5,4.2,4.8,3.9,3.5,3.6,4.2,4.2,3.5,6.1,4.1,4.5,4.8,5.4,5.4,5.1,6.0,4.6,4.2,3.9,3.4
A,BPRM_DW,CPA_F41001_X_410014,NSA,THS,LV,,,,,,,,,,,,,,11.0,14.3,14.8,6.5,3.9,3.0,2.8,3.5,4.4,2.6,2.3,2.7,3.2,3.8,3.8,4.3,5.1,4.8,4.5,5.1,7.0
A,BPRM_DW,CPA_F41001_X_410014,NSA,THS,ME,,,,,,,,,,,,,,1.3,1.6,2.2,2.8,3.6,2.8,3.1,3.6,3.3,2.9,3.0,3.0,4.4,2.3,1.6,1.3,0.6,2.2,2.2,1.5,2.3
A,BPRM_DW,CPA_F41001_X_410014,NSA,THS,MK,,,,,,,,,,,,,,,,,5.4,4.9,5.5,6.3,7.4,4.8,5.5,6.2,7.8,7.9,7.2,6.0,6.2,11.9,7.0,7.9,8.4,8.5
A,BPRM_DW,CPA_F41001_X_410014,NSA,THS,MT,,,,,,,,,,,,,,9.1,10.4,11.3,6.8,5.3,4.4,4.0,3.1,2.7,2.9,3.9,7.5,9.0,12.9,12.5,7.8,7.6,9.6,8.1,8.7,12.3
A,BPRM_DW,CPA_F41001_X_410014,NSA,THS,NL,,,,,,,,,,,,,,87.0,100.8,91.9,91.1,75.9,63.8,58.3,39.4,27.2,41.3,55.6,53.6,69.7,70.0,58.1,67.2,75.8,64.5,55.3,69.5,60.5
A,BPRM_DW,CPA_F41001_X_410014,NSA,THS,NO,,,,,,,,,,,,,,30.3,32.2,31.2,24.7,17.9,18.8,26.3,27.9,27.8,24.8,28.4,33.1,33.3,29.8,28.4,27.9,28.5,28.8,19.8,16.4,18.9
A,BPRM_DW,CPA_F41001_X_410014,NSA,THS,PL,,,,,,,,,,,,,,115.9,160.5,236.7,220.4,168.4,165.1,175.1,156.5,131.5,149.8,181.6,203.9,243.0,251.0,262.4,270.8,335.6,293.0,236.1,287.2,260.9
A,BPRM_DW,CPA_F41001_X_410014,NSA,THS,PT,,,,,,,,,,,,,,73.9,71.9,65.9,46.0,27.3,25.1,17.6,11.5,7.5,7.0,8.6,11.8,14.9,21.0,24.2,25.1,27.3,30.2,31.9,33.7,40.9
A,BPRM_DW,CPA_F41001_X_410014,NSA,THS,RO,,,,,,,,,,,,,,49.8,66.8,87.6,118.6,65.9,55.3,49.2,49.8,51.2,60.3,67.3,80.6,88.0,98.1,102.4,100.3,112.9,104.6,78.6,80.2,89.4
A,BPRM_DW,CPA_F41001_X_410014,NSA,THS,RS,,,,,,,,,,,,,,12.2,11.8,16.0,17.2,15.0,12.2,13.2,12.1,8.7,8.8,11.4,14.4,19.3,21.1,27.3,29.3,34.5,39.7,39.2,38.9,39.3
A,BPRM_DW,CPA_F41001_X_410014,NSA,THS,SE,,,,,,,,,,,,,,32.7,45.3,29.8,25.5,22.4,28.9,29.3,25.6,32.2,38.5,50.7,62.8,67.9,57.5,51.3,62.4,78.1,61.0,27.9,28.5,30.9
A,BPRM_DW,CPA_F41001_X_410014,NSA,THS,SI,,,,,,,,,,,,,,6.2,7.5,9.9,8.0,5.7,4.6,3.6,3.0,3.0,2.6,2.6,2.8,3.0,3.5,3.1,3.5,4.0,4.9,4.7,4.3,4.2
A,BPRM_DW,CPA_F41001_X_410014,NSA,THS,SK,,,,,,,,,,,,,,17.5,18.0,16.3,26.0,18.1,14.5,11.6,11.6,13.2,14.3,17.6,20.2,18.5,20.6,20.4,19.1,22.9,19.2,18.4,13.9,14.0
A,BPRM_DW,CPA_F41001_X_410014,NSA,THS,TR,,,,,,,,,,,,,,545.3,597.8,581.0,501.0,516.2,904.8,650.9,768.8,838.4,1030.4,901.8,1014.0,1411.8,683.9,323.4,561.9,739.9,718.6,921.3,851.9,1185.1
A,BPRM_DW,CPA_F41001_X_410014,NSA,THS,UA,,,,,,,,,,,,,,,,,,,,,,,,,,,171.6,193.5,116.0,175.9,101.0,71.8,69.3,97.1
A,BPRM_DW,CPA_F41001_X_410014,NSA,THS,UK,,,,,,,,,,,,,,226.8,224.0,234.4,141.8,114.3,139.2,138.5,125.4,150.0,169.9,180.1,188.7,197.7,198.5,190.5,,,,,,
A,BPRM_DW,CPA_F41001_X_410014,NSA,THS,XK,,,,,,,,,,,,,,,,,,,,,,,,,,,,,1.3,1.2,1.5,1.5,1.1,
A,BPRM_DW,CPA_F41002,NSA,I15,FI,,,,111.8,140.8,101.0,154.8,149.4,90.4,59.6,120.7,100.0,163.7,75.8,160.8,102.5,131.2,139.2,102.9,137.6,142.7,27.1,100.6,100.0,119.7,108.3,189.5,123.6,49.4,58.6,62.7,,,
A,BPRM_DW,CPA_F41002,NSA,I21,FI,,,,190.8,240.2,172.3,264.1,254.9,154.3,101.6,206.0,170.7,279.3,129.3,274.5,175.0,223.9,237.5,175.5,234.8,243.5,46.2,171.7,170.7,204.3,184.8,323.4,210.9,84.2,100.0,107.1,,,
A,BPRM_DW,CPA_F41002,NSA,PCH_SM,FI,,,,,25.9,-28.3,53.3,-3.5,-39.5,-34.2,102.8,-17.1,63.6,-53.7,112.3,-36.2,27.9,6.1,-26.1,33.8,3.7,-81.0,271.6,-0.6,19.7,-9.5,75.0,-34.8,-60.1,18.8,7.1,,,
A,BPRM_DW,CPA_F410023,NSA,I15,FI,,,,36.4,45.5,72.7,18.2,400.0,9.1,18.2,27.3,154.5,9.1,27.3,72.7,45.5,54.5,54.5,18.2,136.4,63.6,18.2,0.0,100.0,36.4,18.2,18.2,1000.0,9.1,9.1,1281.8,,,
A,BPRM_DW,CPA_F410023,NSA,I21,FI,,,,400.0,500.0,800.0,200.0,4400.0,100.0,200.0,300.0,1700.0,100.0,300.0,800.0,500.0,600.0,600.0,200.0,1500.0,700.0,200.0,0.0,1100.0,400.0,200.0,200.0,11000.0,100.0,100.0,14100.0,,,
A,BPRM_DW,CPA_F410023,NSA,PCH_SM,FI,,,,,25.0,60.0,-75.0,2100.0,-97.7,100.0,50.0,466.7,-94.1,200.0,166.7,-37.5,20.0,0.0,-66.7,650.0,-53.3,-71.4,,,-63.6,-50.0,0.0,5400.0,-99.1,0.0,14000.0,,,
A,BPRM_DW,CPA_F41002_X_410023,NSA,I15,FI,,,,114.5,144.2,102.0,159.7,140.3,93.4,61.1,124.1,98.0,169.3,77.6,164.0,104.6,134.0,142.2,105.9,137.6,145.5,27.4,104.3,100.0,122.8,111.6,195.7,91.7,50.8,60.4,18.5,,,
A,BPRM_DW,CPA_F41002_X_410023,NSA,I21,FI,,,,189.6,238.8,168.9,264.5,232.2,154.6,101.1,205.5,162.3,280.3,128.4,271.6,173.2,221.9,235.5,175.4,227.9,241.0,45.4,172.7,165.6,203.3,184.7,324.0,151.9,84.2,100.0,30.6,,,
A,BPRM_DW,CPA_F41002_X_410023,NSA,PCH_SM,FI,,,,,25.9,-29.3,56.6,-12.2,-33.4,-34.6,103.3,-21.0,72.7,-54.2,111.5,-36.2,28.1,6.1,-25.5,29.9,5.7,-81.2,280.4,-4.1,22.8,-9.1,75.4,-53.1,-44.6,18.8,-69.4,,,
A,BPRM_SQM,CPA_F41001,NSA,I15,AL,,,,,,,,,,,,,,,,,,,,,,,,100.0,402.3,1056.7,1804.2,2261.3,2357.5,3490.0,4106.9,,,
A,BPRM_SQM,CPA_F41001,NSA,I15,AT,,,,,,,,,,,,,,73.2,78.2,78.7,81.2,80.1,85.9,97.3,87.3,94.6,96.4,100.0,111.2,123.1,106.7,118.1,111.9,109.6,84.0,,,
A,BPRM_SQM,CPA_F41001,NSA,I15,BE,,,,,108.8,112.3,88.5,107.7,100.6,97.0,94.9,102.6,114.6,130.3,134.7,118.5,118.7,104.5,112.3,100.3,106.4,109.0,115.2,100.0,101.5,94.9,111.5,98.9,97.8,104.8,94.0,,,
A,BPRM_SQM,CPA_F41001,NSA,I15,BG,,,,,,,,,27.2,32.7,42.0,65.3,136.0,198.8,287.2,342.9,285.7,117.4,72.9,69.3,61.9,69.3,88.5,100.0,104.8,138.8,193.0,177.7,161.7,202.3,243.8,232.0,,
A,BPRM_SQM,CPA_F41001,NSA,I15,CY,,,,,,,,,192.8,227.9,251.9,319.3,387.6,448.3,440.2,474.4,469.8,401.5,360.9,241.1,172.7,123.9,87.6,100.0,123.0,167.1,197.3,316.5,272.9,294.7,266.3,,,
A,BPRM_SQM,CPA_F41001,NSA,I15,CZ,,,,,,,,,93.9,99.0,120.0,135.2,151.9,150.9,161.7,167.0,168.5,143.5,115.4,112.8,95.1,88.3,94.4,100.0,104.2,122.3,124.1,146.7,137.5,167.5,152.3,,,
A,BPRM_SQM,CPA_F41001,NSA,I15,DE,,,,,,,,,121.2,104.4,102.1,113.0,100.9,89.4,91.3,64.5,61.4,63.6,67.5,81.9,84.1,91.3,93.7,100.0,112.8,107.3,108.5,112.0,117.2,119.5,108.1,,,
A,BPRM_SQM,CPA_F41001,NSA,I15,DK,,,,,,,98.0,85.6,77.1,89.5,99.2,111.1,126.6,163.4,182.1,122.4,90.0,53.9,83.3,81.6,61.3,57.5,73.9,100.0,123.6,124.4,153.4,141.7,142.8,154.3,128.8,,,
A,BPRM_SQM,CPA_F41001,NSA,I15,EA19,,,,,,,,,,,,,,360.7,399.5,352.7,227.5,158.2,142.1,139.2,119.4,98.5,96.2,100.0,114.8,123.0,130.4,129.7,115.5,133.1,132.8,,,
A,BPRM_SQM,CPA_F41001,NSA,I15,EA20,,,,,,,,,,,,,,360.6,399.5,352.7,227.8,158.4,142.2,139.3,119.5,98.5,96.3,100.0,114.8,123.1,130.5,129.9,115.7,133.4,133.2,,,
A,BPRM_SQM,CPA_F41001,NSA,I15,EE,,,,,,,29.1,24.4,25.9,32.1,64.9,79.0,179.9,175.5,251.0,191.9,117.8,53.5,55.8,64.0,63.4,69.3,80.4,100.0,108.4,133.5,120.5,135.7,144.5,153.4,120.1,104.7,,
A,BPRM_SQM,CPA_F41001,NSA,I15,EL,,,,,,,,,,1678.5,2020.6,1890.8,1758.6,2919.5,1849.8,1526.3,1154.7,891.0,723.5,412.6,226.8,130.9,104.0,100.0,105.4,125.7,169.3,205.3,257.8,400.8,405.2,,,
A,BPRM_SQM,CPA_F41001,NSA,I15,ES,,,,342.5,332.3,366.2,451.2,523.6,1229.1,1108.8,1121.3,1302.3,1508.9,1660.3,2117.6,1779.4,789.7,383.0,255.1,213.5,167.5,83.7,95.6,100.0,163.2,178.4,240.6,235.3,121.5,170.6,242.0,,,
A,BPRM_SQM,CPA_F41001,NSA,I15,EU27_2020,,,,,,,,,,,,,,327.1,363.5,321.9,212.3,148.5,134.8,132.0,113.0,94.7,94.3,100.0,115.8,124.7,131.0,130.0,118.0,137.1,133.8,,,
A,BPRM_SQM,CPA_F41001,NSA,I15,FI,,,,70.0,90.2,115.6,124.7,141.2,136.6,116.9,123.7,143.7,145.5,160.0,157.3,139.9,111.8,106.6,131.5,133.9,122.9,99.0,101.5,100.0,114.3,133.7,119.0,110.7,116.4,131.4,108.2,,,
A,BPRM_SQM,CPA_F41001,NSA,I15,FR,,,98.3,86.4,88.4,91.3,120.1,106.4,116.6,113.5,113.8,122.3,142.3,155.0,166.6,159.7,130.3,102.5,125.7,135.0,125.6,109.5,95.3,100.0,113.3,121.3,114.7,112.6,99.6,121.4,121.8,89.4,,
A,BPRM_SQM,CPA_F41001,NSA,I15,HR,,,,,,,,,169.9,247.8,275.3,282.6,280.1,327.4,364.5,346.5,351.7,267.1,213.0,196.6,134.6,112.4,107.8,100.0,133.2,179.6,179.6,220.4,207.1,248.8,292.4,294.4,,
A,BPRM_SQM,CPA_F41001,NSA,I15,HU,,,,,,,160.8,205.0,294.0,319.5,308.3,386.4,383.3,328.5,300.7,291.9,290.6,204.2,125.1,94.5,82.5,62.2,78.7,100.0,238.7,295.1,285.1,280.1,186.0,261.8,294.9,,,
A,BPRM_SQM,CPA_F41001,NSA,I15,IE,,,,,,,,,563.6,487.3,409.5,447.6,595.9,613.2,516.6,568.5,458.2,276.1,133.3,92.3,55.9,60.7,63.6,100.0,118.4,148.2,192.5,221.0,218.1,226.1,197.0,,,
A,BPRM_SQM,CPA_F41001,NSA,I15,IT,,,,,,,,,404.0,404.8,439.1,470.5,534.0,548.3,512.4,493.6,383.1,286.0,235.1,225.3,171.5,119.7,105.2,100.0,104.5,120.8,129.3,133.2,116.5,139.4,138.7,,,
A,BPRM_SQM,CPA_F41001,NSA,I15,LT,,,,,,,,,31.4,28.9,34.8,51.5,67.3,93.9,130.6,155.8,130.7,74.7,77.4,65.8,82.0,97.4,87.3,100.0,124.7,107.8,105.4,99.4,105.9,148.1,118.0,89.1,,
A,BPRM_SQM,CPA_F41001,NSA,I15,LU,,,,,,,,,64.0,56.7,61.0,67.1,81.5,94.3,89.3,106.1,81.9,74.2,79.2,88.4,92.5,79.0,127.4,100.0,87.4,102.7,119.1,115.6,106.7,121.8,80.9,,,
A,BPRM_SQM,CPA_F41001,NSA,I15,LV,,,,,,,,,92.1,101.0,120.8,205.5,337.9,461.3,606.7,643.5,283.4,259.3,122.6,134.8,136.2,187.8,132.4,100.0,108.6,156.8,185.0,175.6,191.5,206.9,207.7,191.4,,
A,BPRM_SQM,CPA_F41001,NSA,I15,ME,,,,,,,,,60.5,48.0,58.9,45.8,77.9,50.4,58.4,82.2,104.8,131.6,103.3,117.5,122.2,115.7,103.9,100.0,105.5,149.8,68.6,43.7,36.4,19.7,66.9,,,
A,BPRM_SQM,CPA_F41001,NSA,I15,MK,,,,,,,,,,,,,,,,,90.3,85.6,94.2,107.6,120.9,83.6,96.3,100.0,131.1,136.9,116.4,95.9,107.9,194.4,125.0,143.5,,
A,BPRM_SQM,CPA_F41001,NSA,I15,MT,,,,,,,,,143.0,77.3,113.5,124.7,127.5,164.0,179.9,184.9,109.5,89.3,83.0,77.8,69.5,63.8,71.1,100.0,161.2,173.1,230.0,242.9,151.8,149.3,176.6,,,
A,BPRM_SQM,CPA_F41001,NSA,I15,NL,,,,,,,,,157.4,130.2,134.9,149.6,154.9,166.2,194.4,179.7,178.1,144.1,122.2,113.8,71.8,51.8,76.4,100.0,96.9,127.1,125.4,104.5,122.5,138.8,115.5,84.0,,
A,BPRM_SQM,CPA_F41001,NSA,I15,NO,,,,67.5,68.0,78.9,70.3,67.5,77.7,80.4,73.6,70.6,86.5,93.8,101.3,101.2,86.5,71.1,77.9,93.0,98.0,99.9,88.9,100.0,112.2,113.3,100.9,98.7,94.3,103.4,95.2,66.7,,
A,BPRM_SQM,CPA_F41001,NSA,I15,PL,,,,,,,,,87.0,88.5,48.6,62.4,66.2,70.8,99.2,145.6,136.5,112.1,106.9,108.5,93.6,81.2,84.9,100.0,111.5,130.2,136.1,142.2,145.6,183.2,151.2,,,
A,BPRM_SQM,CPA_F41001,NSA,I15,PT,,,,,,,,,1127.3,1109.9,933.3,784.3,742.1,721.5,693.0,630.9,463.7,295.6,273.7,202.9,138.1,92.9,84.6,100.0,130.3,160.8,224.0,245.8,257.7,287.0,306.9,307.7,,
A,BPRM_SQM,CPA_F41001,NSA,I15,RO,,,,,,,,,59.8,61.5,54.1,56.4,69.1,91.5,122.2,155.1,191.8,110.5,92.0,86.1,84.4,87.3,91.5,100.0,111.4,122.0,133.8,137.6,130.7,150.9,142.3,108.3,,
A,BPRM_SQM,CPA_F41001,NSA,I15,RS,,,,,,,,,60.0,58.1,78.4,117.2,120.0,111.7,109.3,123.3,134.3,118.5,96.0,102.3,93.8,69.7,72.7,100.0,119.0,163.3,186.4,238.3,262.0,301.6,357.4,,,
A,BPRM_SQM,CPA_F41001,NSA,I15,SE,,,,,,,,,41.0,44.4,40.6,53.1,60.6,73.6,95.0,69.2,59.7,50.7,64.5,64.7,54.0,64.2,78.5,100.0,122.1,129.0,108.3,96.2,112.8,138.3,108.2,,,
A,BPRM_SQM,CPA_F41001,NSA,I15,SI,,,,,,,,,141.3,125.9,139.8,156.3,187.5,203.5,244.1,321.6,255.9,191.0,178.1,124.8,108.9,115.0,96.7,100.0,105.2,112.0,128.3,116.9,128.2,153.6,179.7,177.5,,
A,BPRM_SQM,CPA_F41001,NSA,I15,SK,,,,,,,,,,,,63.6,89.8,104.4,105.8,102.5,153.9,108.5,92.5,75.7,75.0,82.7,84.3,100.0,118.9,111.2,122.0,123.7,113.7,132.8,117.3,,,
A,BPRM_SQM,CPA_F41001,NSA,I15,UK,,,,,,,81.8,83.1,82.3,84.4,84.3,90.3,99.3,98.2,97.6,102.1,61.8,48.3,49.2,47.9,48.4,57.1,79.2,100.0,106.3,109.3,120.4,120.1,,,,,,
A,BPRM_SQM,CPA_F41001,NSA,I21,AL,,,,,,,,,,,,,,,,,,,,,,,,2.9,11.5,30.3,51.7,64.8,67.5,100.0,117.7,87.2,113.0,48.0
A,BPRM_SQM,CPA_F41001,NSA,I21,AT,,,,,,,,,,,,,,61.4,65.6,66.1,68.2,67.3,72.5,81.8,73.3,79.7,81.1,84.2,93.9,103.5,90.6,100.4,96.1,100.0,79.8,54.3,48.6,44.9
A,BPRM_SQM,CPA_F41001,NSA,I21,BE,,,,,,,,,90.1,86.9,85.0,91.9,102.6,116.8,120.7,106.2,106.4,93.7,100.6,89.9,95.3,97.7,103.2,89.6,91.0,85.0,99.9,91.6,89.6,100.0,88.4,80.9,70.6,66.7
A,BPRM_SQM,CPA_F41001,NSA,I21,BG,,,,,,,,,13.5,16.2,20.8,32.3,67.2,98.3,142.0,169.5,141.3,58.0,36.0,34.3,30.6,34.2,43.7,49.4,51.8,68.6,95.4,87.9,79.9,100.0,120.6,114.7,98.5,125.5
A,BPRM_SQM,CPA_F41001,NSA,I21,CY,,,,,,,,,65.4,77.3,85.5,108.3,131.5,152.1,149.4,161.0,159.4,136.2,122.5,81.8,58.6,42.0,29.7,33.9,41.7,56.7,66.9,107.4,92.6,100.0,90.4,97.8,95.2,138.4
A,BPRM_SQM,CPA_F41001,NSA,I21,CZ,,,,,,,,,56.1,59.1,71.6,80.8,90.7,90.1,96.6,99.7,100.6,85.7,68.9,67.3,56.8,52.7,56.4,59.7,62.2,73.0,74.1,87.6,82.1,100.0,90.9,74.7,73.6,72.5
A,BPRM_SQM,CPA_F41001,NSA,I21,DE,,,,,,,,,101.5,87.3,85.5,94.5,84.5,74.8,76.5,54.0,51.4,53.2,56.5,68.6,70.4,76.4,78.4,83.7,94.4,89.8,90.8,93.7,98.1,100.0,90.5,60.1,48.1,53.3
A,BPRM_SQM,CPA_F41001,NSA,I21,DK,,,,,,,61.5,53.6,48.3,56.2,62.2,69.8,79.5,102.4,113.9,76.5,56.3,34.1,52.5,51.8,38.8,36.1,46.6,63.1,77.9,78.1,96.7,89.5,90.8,100.0,84.3,52.4,51.2,56.8
A,BPRM_SQM,CPA_F41001,NSA,I21,EA19,,,,,,,,,,,,,,185.1,197.4,177.2,126.6,94.1,91.0,90.3,80.6,72.8,72.6,76.7,86.3,91.6,94.8,94.5,88.3,100.0,94.9,74.9,,
A,BPRM_SQM,CPA_F41001,NSA,I21,EA20,,,,,,,,,,,,,,171.9,181.4,163.6,120.9,91.0,88.4,87.6,77.9,70.2,69.0,73.4,83.4,88.7,91.7,92.5,90.3,100.0,93.5,74.0,68.3,71.4
A,BPRM_SQM,CPA_F41001,NSA,I21,EA21,,,,,,,,,,,,,,169.9,180.3,163.7,121.5,90.1,86.9,86.1,76.5,69.2,68.3,72.7,82.5,88.1,91.8,92.4,90.0,100.0,94.3,75.1,69.2,72.9
A,BPRM_SQM,CPA_F41001,NSA,I21,EE,,,,,,,19.0,15.9,16.9,20.9,42.3,51.5,117.3,114.4,163.6,125.1,76.8,34.9,36.4,41.7,41.3,45.2,52.4,65.2,70.7,87.0,78.5,88.5,94.2,100.0,78.3,68.2,59.3,77.6
A,BPRM_SQM,CPA_F41001,NSA,I21,EL,,,,,,,,,,418.8,504.1,471.7,438.7,728.4,461.5,380.8,288.1,222.3,180.5,102.9,56.6,32.7,26.0,24.9,26.3,31.4,42.2,51.2,64.3,100.0,101.1,126.9,167.4,127.3
A,BPRM_SQM,CPA_F41001,NSA,I21,ES,,,,213.2,199.4,225.9,279.3,317.7,470.1,428.3,438.8,510.4,579.2,628.7,752.8,654.6,307.0,156.4,115.7,96.3,74.5,41.1,44.2,49.1,73.6,84.8,107.6,110.9,98.9,100.0,98.3,95.9,104.6,101.1
A,BPRM_SQM,CPA_F41001,NSA,I21,EU27_2020,,,,,,,,,,,,,,137.9,149.3,140.7,110.4,81.8,78.4,77.5,68.6,62.6,63.1,68.9,78.9,85.4,88.7,89.5,87.6,100.0,92.1,71.5,68.8,72.2
A,BPRM_SQM,CPA_F41001,NSA,I21,FI,,,,53.7,69.3,88.7,95.8,108.4,104.3,89.1,94.3,110.1,110.8,121.1,119.3,105.2,83.2,79.3,97.3,98.9,88.5,72.8,74.4,75.0,85.3,100.7,87.9,83.8,88.5,100.0,82.6,50.2,43.2,41.6
A,BPRM_SQM,CPA_F41001,NSA,I21,FR,,,81.5,71.6,73.3,75.7,99.6,88.2,96.6,94.1,94.4,101.4,118.0,128.5,138.2,132.4,108.0,85.0,104.2,111.9,104.1,90.7,77.3,81.1,93.1,98.9,93.9,92.3,82.3,100.0,100.9,74.0,61.7,69.3
A,BPRM_SQM,CPA_F41001,NSA,I21,HR,,,,,,,,,68.3,99.6,110.7,113.6,112.6,131.6,146.5,139.3,141.4,107.4,85.6,79.0,54.1,45.2,43.3,40.2,53.5,72.2,72.2,88.6,83.2,100.0,117.5,118.3,124.5,129.9
A,BPRM_SQM,CPA_F41001,NSA,I21,HU,,,,,,,61.4,78.3,112.3,122.0,117.8,147.6,146.4,125.5,114.9,111.5,111.0,78.0,47.8,36.1,31.5,23.8,30.1,38.2,91.2,112.7,108.9,107.0,71.0,100.0,112.6,69.0,64.7,86.9
A,BPRM_SQM,CPA_F41001,NSA,I21,IE,,,,,,,,,249.2,215.5,181.1,198.0,263.5,271.2,228.4,251.4,202.6,122.1,58.9,40.8,24.7,26.9,28.1,44.2,52.4,65.5,85.1,97.7,96.5,100.0,87.1,94.2,81.4,86.6
A,BPRM_SQM,CPA_F41001,NSA,I21,IT,,,,,,,,,289.8,290.3,315.0,337.5,383.0,393.3,367.5,354.1,274.8,205.2,168.6,161.6,123.0,85.8,75.4,71.7,75.0,86.7,92.7,95.5,83.5,100.0,99.5,90.6,89.3,85.8
A,BPRM_SQM,CPA_F41001,NSA,I21,LT,,,,,,,,,21.3,19.6,23.6,35.0,45.7,63.7,88.6,105.7,88.7,50.7,52.5,44.7,55.6,66.1,59.2,67.9,84.6,73.1,71.5,67.4,71.9,100.0,79.1,60.7,59.6,71.1
A,BPRM_SQM,CPA_F41001,NSA,I21,LU,,,,,,,,,52.6,46.5,50.1,55.1,66.9,77.4,73.3,87.1,67.3,61.0,65.0,72.6,75.9,64.9,104.6,82.1,71.8,84.4,97.8,94.9,87.6,100.0,66.4,55.6,48.8,41.6
A,BPRM_SQM,CPA_F41001,NSA,I21,LV,,,,,,,,,44.5,48.8,58.4,99.4,163.4,223.0,293.3,311.1,137.0,125.3,59.3,65.2,65.9,90.8,64.0,48.3,52.5,75.8,89.4,84.9,92.6,100.0,100.4,92.5,102.9,121.3
A,BPRM_SQM,CPA_F41001,NSA,I21,ME,,,,,,,,,307.6,244.3,299.3,232.9,396.1,256.2,297.2,418.3,532.7,669.1,525.3,597.7,621.3,588.2,528.4,508.5,536.4,761.9,348.8,222.3,185.2,100.0,340.4,369.8,256.8,420.0
A,BPRM_SQM,CPA_F41001,NSA,I21,MK,,,,,,,,,,,,,,,,,46.4,44.0,48.5,55.3,62.2,43.0,49.5,51.4,67.4,70.4,59.9,49.3,55.5,100.0,64.3,73.8,73.8,78.8
A,BPRM_SQM,CPA_F41001,NSA,I21,MT,,,,,,,,,69.9,43.7,68.3,77.2,82.3,110.0,124.4,133.4,79.6,62.7,55.0,51.6,46.7,41.4,46.7,67.4,104.2,119.4,159.9,166.0,103.7,100.0,120.0,101.2,110.7,150.6
A,BPRM_SQM,CPA_F41001,NSA,I21,NL,,,,,,,,,113.4,93.8,97.1,107.7,111.5,119.7,140.0,129.5,128.3,103.8,88.0,81.9,51.7,37.3,55.0,72.0,69.8,91.5,90.4,75.3,88.3,100.0,83.2,61.7,72.9,62.0
A,BPRM_SQM,CPA_F41001,NSA,I21,NO,,,,65.3,65.8,76.3,68.0,65.3,75.2,77.7,71.2,68.3,83.6,90.8,98.0,97.9,83.7,68.8,75.4,89.9,94.8,96.6,85.9,96.7,108.5,109.6,97.6,95.5,91.2,100.0,92.1,64.5,53.6,58.4
A,BPRM_SQM,CPA_F41001,NSA,I21,PL,,,,,,,,,47.5,48.3,26.6,34.1,36.1,38.6,54.1,79.5,74.5,61.2,58.4,59.2,51.1,44.3,46.3,54.6,60.9,71.1,74.3,77.6,79.5,100.0,82.5,64.1,75.3,73.5
A,BPRM_SQM,CPA_F41001,NSA,I21,PT,,,,,,,,,392.8,386.7,325.2,273.2,258.5,251.4,241.4,219.8,161.6,103.0,95.3,70.7,48.1,32.4,29.5,34.8,45.4,56.0,78.0,85.6,89.8,100.0,106.9,107.5,112.8,130.4
A,BPRM_SQM,CPA_F41001,NSA,I21,RO,,,,,,,,,39.6,40.8,35.9,37.4,45.8,60.6,81.0,102.8,127.1,73.2,61.0,57.1,55.9,57.9,60.6,66.3,73.8,80.9,88.7,91.2,86.6,100.0,94.3,71.8,72.7,80.3
A,BPRM_SQM,CPA_F41001,NSA,I21,RS,,,,,,,,,19.9,19.3,26.0,38.9,39.8,37.0,36.3,40.9,44.5,39.3,31.8,33.9,31.1,23.1,24.1,33.2,39.4,54.1,61.8,79.0,86.9,100.0,118.5,123.2,117.5,119.4
A,BPRM_SQM,CPA_F41001,NSA,I21,SE,,,,,,,,,29.3,31.8,29.1,38.0,43.4,52.7,68.1,49.6,42.8,36.3,46.2,46.3,38.7,46.0,56.2,71.6,87.5,92.5,77.5,69.2,81.0,100.0,79.1,39.0,39.3,43.4
A,BPRM_SQM,CPA_F41001,NSA,I21,SI,,,,,,,,,92.0,82.0,91.0,101.8,122.1,132.5,159.0,209.4,166.6,124.3,116.0,81.3,70.9,74.9,62.9,65.1,68.5,72.9,83.6,76.1,83.5,100.0,117.0,106.1,93.4,93.8
A,BPRM_SQM,CPA_F41001,NSA,I21,SK,,,,,,,,,,,,47.9,67.6,78.6,79.7,77.2,116.0,81.7,69.7,57.0,56.5,62.3,63.5,75.3,89.6,83.7,91.9,93.2,85.6,100.0,88.3,77.8,62.0,65.4
A,BPRM_SQM,CPA_F41001,NSA,I21,TR,55.4,65.6,63.5,64.4,56.9,59.9,55.5,45.0,44.7,39.7,24.1,30.7,47.9,76.7,87.1,84.1,67.2,69.6,125.5,83.4,102.5,114.3,142.5,119.0,132.5,183.7,90.0,43.0,74.0,100.0,91.4,109.0,98.2,134.7
A,BPRM_SQM,CPA_F41001,NSA,I21,UA,,,,,,,,,,,,,,,,,,,,,,,,,,,101.2,115.5,59.2,100.0,52.4,33.0,30.6,45.7
A,BPRM_SQM,CPA_F41001,NSA,I21,XK,,,,,,,,,,,,,,,,,,,,,,,,,,,,,56.2,100.0,90.6,80.2,58.8,
A,BPRM_SQM,CPA_F41001,NSA,MIO_M2,AL,,,,,,,,,,,,,,,,,,,,,,,,0.1,0.2,0.5,0.9,1.1,1.2,1.8,2.1,1.5,2.0,0.8
A,BPRM_SQM,CPA_F41001,NSA,MIO_M2,AT,,,,,,,,,,,,,,5.2,5.6,5.6,5.8,5.7,6.2,7.0,6.2,6.8,6.9,7.2,8.0,8.8,7.7,8.5,8.2,8.5,6.8,4.6,4.1,3.8
A,BPRM_SQM,CPA_F41001,NSA,MIO_M2,BE,,,,,,,,,,,,,,11.4,11.8,10.4,10.4,9.2,9.8,8.8,9.3,9.6,10.1,8.8,8.9,8.3,9.8,9.0,8.8,9.8,8.6,7.9,6.9,6.5
A,BPRM_SQM,CPA_F41001,NSA,MIO_M2,BG,,,,,,,,,,,,,,4.6,6.7,7.9,6.6,2.7,1.7,1.6,1.4,1.6,2.0,2.3,2.4,3.2,4.5,4.1,3.7,4.7,5.6,5.4,4.6,5.9
A,BPRM_SQM,CPA_F41001,NSA,MIO_M2,CY,,,,,,,,,,,,,,3.0,3.0,3.2,3.2,2.7,2.4,1.6,1.2,0.8,0.6,0.7,0.8,1.1,1.3,2.1,1.9,2.0,1.8,2.0,1.9,2.8
A,BPRM_SQM,CPA_F41001,NSA,MIO_M2,CZ,,,,,,,,,,,,,,4.4,4.8,4.9,5.0,4.2,3.4,3.3,2.8,2.6,2.8,2.9,3.1,3.6,3.7,4.3,4.1,4.9,4.5,3.7,3.6,3.6
A,BPRM_SQM,CPA_F41001,NSA,MIO_M2,DE,,,,,,,,,,,,,,31.3,32.0,22.6,21.5,22.3,23.6,28.7,29.5,32.0,32.8,35.0,39.5,37.6,38.0,39.2,41.1,41.9,37.9,25.2,20.1,22.3
A,BPRM_SQM,CPA_F41001,NSA,MIO_M2,DK,,,,,,,,,,,,,,4.6,5.2,3.5,2.5,1.5,2.4,2.3,1.8,1.6,2.1,2.9,3.5,3.5,4.4,4.0,4.1,4.5,3.8,2.4,2.3,2.6
A,BPRM_SQM,CPA_F41001,NSA,MIO_M2,EA19,,,,,,,,,,,,,,294.75,314.38,282.25,201.9,150.26,145.34,144.18,128.83,116.5,116.22,122.55,137.89,146.26,151.49,150.99,141.0,159.72,151.41,119.51,,
A,BPRM_SQM,CPA_F41001,NSA,MIO_M2,EA20,,,,,,,,,,,,,,298.5,318.2,286.0,205.4,152.2,146.7,144.7,128.3,115.0,113.1,120.4,137.3,146.2,151.9,153.3,149.3,164.9,154.2,122.7,113.9,118.6
A,BPRM_SQM,CPA_F41001,NSA,MIO_M2,EA21,,,,,,,,,,,,,,303.2,324.8,293.9,212.1,154.9,148.4,146.3,129.7,116.6,115.2,122.7,139.7,149.4,156.3,157.4,153.0,169.6,159.9,128.1,118.5,124.5
A,BPRM_SQM,CPA_F41001,NSA,MIO_M2,EE,,,,,,,,,,,,,,0.9,1.3,1.0,0.6,0.3,0.3,0.3,0.3,0.4,0.4,0.5,0.6,0.7,0.6,0.7,0.8,0.8,0.6,0.5,0.5,0.6
A,BPRM_SQM,CPA_F41001,NSA,MIO_M2,EL,,,,,,,,,,,,,,15.8,10.0,8.2,6.2,4.8,3.9,2.2,1.2,0.7,0.6,0.5,0.6,0.7,0.9,1.1,1.4,2.2,2.2,2.7,3.6,2.8
A,BPRM_SQM,CPA_F41001,NSA,MIO_M2,ES,,,,,,,,,,,,,,98.6,118.0,102.6,48.1,24.5,18.1,15.1,11.7,6.4,6.9,7.7,11.5,13.3,16.9,17.4,15.5,15.7,15.4,15.0,16.4,15.9
A,BPRM_SQM,CPA_F41001,NSA,MIO_M2,EU27_2020,,,,,,,,,,,,,,341.1,372.0,348.5,266.5,195.1,186.0,183.2,161.9,146.9,148.3,161.7,185.8,201.3,209.7,211.6,206.8,235.6,217.0,169.2,163.1,170.7
A,BPRM_SQM,CPA_F41001,NSA,MIO_M2,FI,,,,,,,,,,,,,,4.8,4.8,4.2,3.3,3.2,3.9,3.9,3.5,2.9,3.0,3.0,3.4,4.0,3.5,3.3,3.5,4.0,3.3,2.0,1.7,1.7
A,BPRM_SQM,CPA_F41001,NSA,MIO_M2,FR,,,,,,,,,,,,,,51.4,55.2,52.9,43.2,34.0,41.6,44.7,41.6,36.3,30.9,32.4,37.2,39.5,37.5,36.9,32.9,40.0,40.3,29.6,24.7,27.7
A,BPRM_SQM,CPA_F41001,NSA,MIO_M2,HR,,,,,,,,,,,,,,2.3,2.5,2.4,2.5,1.9,1.5,1.4,0.9,0.8,0.8,0.7,0.9,1.3,1.3,1.5,1.4,1.7,2.0,2.1,2.2,2.3
A,BPRM_SQM,CPA_F41001,NSA,MIO_M2,HU,,,,,,,,,,,,,,4.5,4.1,4.0,4.0,2.8,1.7,1.3,1.1,0.9,1.1,1.4,3.3,4.1,3.9,3.9,2.6,3.6,4.1,2.5,2.3,3.1
A,BPRM_SQM,CPA_F41001,NSA,MIO_M2,IE,,,,,,,,,,,,,,13.2,11.1,12.2,9.8,5.9,2.9,2.0,1.2,1.3,1.4,2.1,2.5,3.2,4.1,4.7,4.7,4.9,4.2,4.6,4.0,4.2
A,BPRM_SQM,CPA_F41001,NSA,MIO_M2,IT,,,,,,,,,,,,,,20.5,19.2,18.5,14.4,10.7,8.8,8.4,6.4,4.5,3.9,3.7,3.9,4.5,4.8,5.0,4.4,5.2,5.2,4.7,4.7,4.5
A,BPRM_SQM,CPA_F41001,NSA,MIO_M2,LT,,,,,,,,,,,,,,1.4,1.9,2.2,1.9,1.1,1.1,0.9,1.2,1.4,1.3,1.4,1.8,1.6,1.5,1.4,1.5,2.1,1.7,1.3,1.3,1.5
A,BPRM_SQM,CPA_F41001,NSA,MIO_M2,LU,,,,,,,,,,,,,,0.8,0.8,0.9,0.7,0.7,0.7,0.8,0.8,0.7,1.1,0.9,0.8,0.9,1.1,1.0,0.9,1.1,0.7,0.6,0.5,0.5
A,BPRM_SQM,CPA_F41001,NSA,MIO_M2,LV,,,,,,,,,,,,,,1.6,2.1,2.2,1.0,0.9,0.4,0.5,0.5,0.6,0.5,0.3,0.4,0.5,0.6,0.6,0.7,0.7,0.7,0.7,0.7,0.9
A,BPRM_SQM,CPA_F41001,NSA,MIO_M2,ME,,,,,,,,,,,,,,0.1,0.1,0.2,0.2,0.3,0.2,0.2,0.2,0.2,0.2,0.2,0.2,0.3,0.1,0.1,0.1,0.0,0.1,0.1,0.1,0.2
A,BPRM_SQM,CPA_F41001,NSA,MIO_M2,MK,,,,,,,,,,,,,,,,,0.4,0.4,0.5,0.5,0.6,0.4,0.5,0.5,0.6,0.7,0.6,0.5,0.5,1.0,0.6,0.7,0.7,0.8
A,BPRM_SQM,CPA_F41001,NSA,MIO_M2,MT,,,,,,,,,,,,,,1.3,1.5,1.6,1.0,0.8,0.7,0.6,0.6,0.5,0.6,0.8,1.3,1.5,1.9,2.0,1.3,1.2,1.5,1.2,1.3,1.8
A,BPRM_SQM,CPA_F41001,NSA,MIO_M2,NL,,,,,,,,,,,,,,16.1,18.9,17.4,17.3,14.0,11.9,11.0,7.0,5.0,7.4,9.7,9.4,12.3,12.2,10.1,11.9,13.5,11.2,8.3,9.8,8.4
A,BPRM_SQM,CPA_F41001,NSA,MIO_M2,NO,,,,,,,,,,,,,,4.4,4.7,4.7,4.0,3.3,3.6,4.3,4.6,4.6,4.1,4.7,5.2,5.3,4.7,4.6,4.4,4.8,4.4,3.1,2.6,2.8
A,BPRM_SQM,CPA_F41001,NSA,MIO_M2,PL,,,,,,,,,,,,,,12.3,17.2,25.2,23.6,19.4,18.5,18.8,16.2,14.1,14.7,17.3,19.3,22.6,23.6,24.6,25.2,31.7,26.2,20.3,23.9,23.3
A,BPRM_SQM,CPA_F41001,NSA,MIO_M2,PT,,,,,,,,,,,,,,15.5,14.9,13.6,10.0,6.4,5.9,4.4,3.0,2.0,1.8,2.2,2.8,3.5,4.8,5.3,5.6,6.2,6.6,6.7,7.0,8.1
A,BPRM_SQM,CPA_F41001,NSA,MIO_M2,RO,,,,,,,,,,,,,,7.4,9.8,12.5,15.4,8.9,7.4,6.9,6.8,7.0,7.4,8.0,9.0,9.8,10.8,11.1,10.5,12.1,11.4,8.7,8.8,9.7
A,BPRM_SQM,CPA_F41001,NSA,MIO_M2,RS,,,,,,,,,,,,,,1.4,1.4,1.6,1.7,1.5,1.2,1.3,1.2,0.9,0.9,1.3,1.5,2.1,2.4,3.0,3.3,3.8,4.5,4.7,4.5,4.5
A,BPRM_SQM,CPA_F41001,NSA,MIO_M2,SE,,,,,,,,,,,,,,4.8,6.2,4.5,3.9,3.3,4.2,4.2,3.5,4.2,5.1,6.5,7.9,8.4,7.0,6.3,7.4,9.1,7.2,3.5,3.6,3.9
A,BPRM_SQM,CPA_F41001,NSA,MIO_M2,SI,,,,,,,,,,,,,,1.2,1.5,2.0,1.6,1.2,1.1,0.8,0.7,0.7,0.6,0.6,0.6,0.7,0.8,0.7,0.8,0.9,1.1,1.0,0.9,0.9
A,BPRM_SQM,CPA_F41001,NSA,MIO_M2,SK,,,,,,,,,,,,,,2.1,2.1,2.0,3.0,2.1,1.8,1.5,1.5,1.6,1.7,2.0,2.3,2.2,2.4,2.4,2.2,2.6,2.3,2.0,1.6,1.7
A,BPRM_SQM,CPA_F41001,NSA,MIO_M2,TR,,,,,,,,,,,,,,73.2,83.1,80.2,64.1,66.4,119.7,79.5,97.7,109.0,135.9,113.5,126.4,175.2,85.9,41.0,70.6,95.4,87.2,103.9,93.6,128.5
A,BPRM_SQM,CPA_F41001,NSA,MIO_M2,UA,,,,,,,,,,,,,,,,,,,,,,,,,,,12.9,14.7,7.5,12.8,6.7,4.2,3.9,5.8
A,BPRM_SQM,CPA_F41001,NSA,MIO_M2,UK,,,,,,,,,,,,,,20.6,20.5,21.5,13.0,10.2,10.3,10.1,10.2,12.0,16.6,21.0,22.3,23.0,25.3,25.2,,,,,,
A,BPRM_SQM,CPA_F41001,NSA,MIO_M2,XK,,,,,,,,,,,,,,,,,,,,,,,,,,,,,0.1,0.2,0.1,0.1,0.1,
A,BPRM_SQM,CPA_F41001,NSA,PCH_SM,AL,,,,,,,,,,,,,,,,,,,,,,,,,296.6,163.5,70.6,25.3,4.2,48.1,17.7,-25.9,29.6,-57.5
A,BPRM_SQM,CPA_F41001,NSA,PCH_SM,AT,,,,,,,,,,,,,,,6.8,0.8,3.2,-1.3,7.7,12.8,-10.4,8.7,1.8,3.8,11.5,10.2,-12.5,10.8,-4.3,4.1,-20.2,-32.0,-10.5,-7.6
A,BPRM_SQM,CPA_F41001,NSA,PCH_SM,BE,,,,,,3.2,-21.2,21.7,-6.6,-3.6,-2.2,8.1,11.6,13.8,3.3,-12.0,0.2,-11.9,7.4,-10.6,6.0,2.5,5.6,-13.2,1.6,-6.6,17.5,-8.3,-2.2,11.6,-11.6,-8.5,-12.7,-5.5
A,BPRM_SQM,CPA_F41001,NSA,PCH_SM,BG,,,,,,,,,,20.0,28.4,55.3,108.0,46.3,44.5,19.4,-16.6,-59.0,-37.9,-4.7,-10.8,11.8,27.8,13.0,4.9,32.4,39.1,-7.9,-9.1,25.2,20.6,-4.9,-14.1,27.4
A,BPRM_SQM,CPA_F41001,NSA,PCH_SM,CY,,,,,,,,,,18.2,10.6,26.7,21.4,15.7,-1.8,7.8,-1.0,-14.6,-10.1,-33.2,-28.4,-28.3,-29.3,14.1,23.0,36.0,18.0,60.5,-13.8,8.0,-9.6,8.2,-2.7,45.4
A,BPRM_SQM,CPA_F41001,NSA,PCH_SM,CZ,,,,,,,,,,5.3,21.2,12.8,12.3,-0.7,7.2,3.2,0.9,-14.8,-19.6,-2.3,-15.6,-7.2,7.0,5.9,4.2,17.4,1.5,18.2,-6.3,21.8,-9.1,-17.8,-1.5,-1.5
A,BPRM_SQM,CPA_F41001,NSA,PCH_SM,DE,,,,,,,,,,-14.0,-2.1,10.5,-10.6,-11.5,2.3,-29.4,-4.8,3.5,6.2,21.4,2.6,8.5,2.6,6.8,12.8,-4.9,1.1,3.2,4.7,1.9,-9.5,-33.6,-20.0,10.8
A,BPRM_SQM,CPA_F41001,NSA,PCH_SM,DK,,,,,,,,-12.8,-9.9,16.4,10.7,12.2,13.9,28.8,11.2,-32.8,-26.4,-39.4,54.0,-1.3,-25.1,-7.0,29.1,35.4,23.5,0.3,23.8,-7.4,1.5,10.1,-15.7,-37.8,-2.3,10.9
A,BPRM_SQM,CPA_F41001,NSA,PCH_SM,EA19,,,,,,,,,,,,,,7.2,6.6,-10.2,-28.6,-25.7,-3.3,-0.8,-10.7,-9.7,-0.3,5.6,12.5,6.1,3.5,-0.3,-6.6,13.3,-5.1,-21.1,,
A,BPRM_SQM,CPA_F41001,NSA,PCH_SM,EA20,,,,,,,,,,,,,,7.2,5.5,-9.8,-26.1,-24.7,-2.9,-0.9,-11.1,-9.9,-1.7,6.4,13.6,6.4,3.4,0.9,-2.4,10.7,-6.5,-20.9,-7.7,4.5
A,BPRM_SQM,CPA_F41001,NSA,PCH_SM,EA21,,,,,,,,,,,,,,7.7,6.1,-9.2,-25.8,-25.8,-3.6,-0.9,-11.1,-9.5,-1.3,6.4,13.5,6.8,4.2,0.7,-2.6,11.1,-5.7,-20.4,-7.9,5.3
A,BPRM_SQM,CPA_F41001,NSA,PCH_SM,EE,,,,,,,,-16.3,6.3,23.7,102.4,21.7,127.8,-2.5,43.0,-23.5,-38.6,-54.6,4.3,14.6,-1.0,9.4,15.9,24.4,8.4,23.1,-9.8,12.7,6.4,6.2,-21.7,-12.9,-13.0,30.9
A,BPRM_SQM,CPA_F41001,NSA,PCH_SM,EL,,,,,,,,,,,20.4,-6.4,-7.0,66.0,-36.6,-17.5,-24.3,-22.8,-18.8,-43.0,-45.0,-42.2,-20.5,-4.2,5.6,19.4,34.4,21.3,25.6,55.5,1.1,25.5,31.9,-24.0
A,BPRM_SQM,CPA_F41001,NSA,PCH_SM,ES,,,,,-6.5,13.3,23.6,13.7,86.5,-8.9,2.5,16.3,13.5,8.5,19.7,-13.0,-53.1,-49.1,-26.0,-16.8,-22.6,-44.8,7.5,11.1,49.9,15.2,26.9,3.1,-10.8,1.1,-1.7,-2.4,9.1,-3.3
A,BPRM_SQM,CPA_F41001,NSA,PCH_SM,EU27_2020,,,,,,,,,,,,,,8.1,8.3,-5.8,-21.5,-25.9,-4.2,-1.1,-11.5,-8.7,0.8,9.2,14.5,8.2,3.9,0.9,-2.1,14.2,-7.9,-22.4,-3.8,4.9
A,BPRM_SQM,CPA_F41001,NSA,PCH_SM,FI,,,,,29.1,28.0,8.0,13.2,-3.8,-14.6,5.8,16.8,0.6,9.3,-1.5,-11.8,-20.9,-4.7,22.7,1.6,-10.5,-17.7,2.2,0.8,13.7,18.1,-12.7,-4.7,5.6,13.0,-17.4,-39.2,-13.9,-3.7
A,BPRM_SQM,CPA_F41001,NSA,PCH_SM,FR,,,,-12.1,2.4,3.3,31.6,-11.4,9.5,-2.6,0.3,7.4,16.4,8.9,7.5,-4.2,-18.4,-21.3,22.6,7.4,-7.0,-12.9,-14.8,4.9,14.8,6.2,-5.1,-1.7,-10.8,21.5,0.9,-26.7,-16.6,12.3
A,BPRM_SQM,CPA_F41001,NSA,PCH_SM,HR,,,,,,,,,,45.8,11.1,2.6,-0.9,16.9,11.3,-4.9,1.5,-24.0,-20.3,-7.7,-31.5,-16.5,-4.2,-7.2,33.1,35.0,0.0,22.7,-6.1,20.2,17.5,0.7,5.2,4.3
A,BPRM_SQM,CPA_F41001,NSA,PCH_SM,HU,,,,,,,,27.5,43.4,8.6,-3.4,25.3,-0.8,-14.3,-8.4,-3.0,-0.4,-29.7,-38.7,-24.5,-12.7,-24.4,26.5,26.9,138.7,23.6,-3.4,-1.7,-33.6,40.8,12.6,-38.7,-6.2,34.3
A,BPRM_SQM,CPA_F41001,NSA,PCH_SM,IE,,,,,,,,,,-13.5,-16.0,9.3,33.1,2.9,-15.8,10.1,-19.4,-39.7,-51.8,-30.7,-39.5,8.9,4.5,57.3,18.6,25.0,29.9,14.8,-1.2,3.6,-12.9,8.2,-13.6,6.4
A,BPRM_SQM,CPA_F41001,NSA,PCH_SM,IT,,,,,,,,,,0.2,8.5,7.1,13.5,2.7,-6.6,-3.6,-22.4,-25.3,-17.8,-4.2,-23.9,-30.2,-12.1,-4.9,4.6,15.6,6.9,3.0,-12.6,19.8,-0.5,-8.9,-1.4,-3.9
A,BPRM_SQM,CPA_F41001,NSA,PCH_SM,LT,,,,,,,,,,-8.0,20.4,48.3,30.6,39.4,39.1,19.3,-16.1,-42.8,3.6,-14.9,24.4,18.9,-10.4,14.7,24.6,-13.6,-2.2,-5.7,6.7,39.1,-20.9,-23.3,-1.8,19.3
A,BPRM_SQM,CPA_F41001,NSA,PCH_SM,LU,,,,,,,,,,-11.6,7.7,10.0,21.4,15.7,-5.3,18.8,-22.7,-9.4,6.6,11.7,4.5,-14.5,61.2,-21.5,-12.5,17.5,15.9,-3.0,-7.7,14.2,-33.6,-16.3,-12.2,-14.8
A,BPRM_SQM,CPA_F41001,NSA,PCH_SM,LV,,,,,,,,,,9.7,19.7,70.2,64.4,36.5,31.5,6.1,-56.0,-8.5,-52.7,9.9,1.1,37.8,-29.5,-24.5,8.7,44.4,17.9,-5.0,9.1,8.0,0.4,-7.9,11.2,17.9
A,BPRM_SQM,CPA_F41001,NSA,PCH_SM,ME,,,,,,,,,,-20.6,22.5,-22.2,70.1,-35.3,16.0,40.7,27.3,25.6,-21.5,13.8,3.9,-5.3,-10.2,-3.8,5.5,42.0,-54.2,-36.3,-16.7,-46.0,240.4,8.6,-30.6,63.6
A,BPRM_SQM,CPA_F41001,NSA,PCH_SM,MK,,,,,,,,,,,,,,,,,,-5.2,10.2,14.0,12.5,-30.9,15.1,3.8,31.1,4.5,-14.9,-17.7,12.6,80.2,-35.7,14.8,0.0,6.8
A,BPRM_SQM,CPA_F41001,NSA,PCH_SM,MT,,,,,,,,,,-37.5,56.3,13.0,6.6,33.7,13.1,7.2,-40.3,-21.2,-12.3,-6.2,-9.5,-11.3,12.8,44.3,54.6,14.6,33.9,3.8,-37.5,-3.6,20.0,-15.7,9.4,36.0
A,BPRM_SQM,CPA_F41001,NSA,PCH_SM,NL,,,,,,,,,,-17.3,3.5,10.9,3.5,7.4,17.0,-7.5,-0.9,-19.1,-15.2,-6.9,-36.9,-27.9,47.5,30.9,-3.1,31.1,-1.2,-16.7,17.3,13.3,-16.8,-25.8,18.2,-15.0
A,BPRM_SQM,CPA_F41001,NSA,PCH_SM,NO,,,,,0.8,16.0,-10.9,-4.0,15.2,3.3,-8.4,-4.1,22.4,8.6,7.9,-0.1,-14.5,-17.8,9.6,19.2,5.5,1.9,-11.1,12.6,12.2,1.0,-10.9,-2.2,-4.5,9.6,-7.9,-30.0,-16.9,9.0
A,BPRM_SQM,CPA_F41001,NSA,PCH_SM,PL,,,,,,,,,,1.7,-44.9,28.2,5.9,6.9,40.2,47.0,-6.3,-17.9,-4.6,1.4,-13.7,-13.3,4.5,17.9,11.5,16.7,4.5,4.4,2.4,25.8,-17.5,-22.3,17.5,-2.4
A,BPRM_SQM,CPA_F41001,NSA,PCH_SM,PT,,,,,,,,,,-1.6,-15.9,-16.0,-5.4,-2.7,-4.0,-8.9,-26.5,-36.3,-7.5,-25.8,-32.0,-32.6,-9.0,18.0,30.5,23.3,39.3,9.7,4.9,11.4,6.9,0.6,4.9,15.6
A,BPRM_SQM,CPA_F41001,NSA,PCH_SM,RO,,,,,,,,,,3.0,-12.0,4.2,22.5,32.3,33.7,26.9,23.6,-42.4,-16.7,-6.4,-2.1,3.6,4.7,9.4,11.3,9.6,9.6,2.8,-5.0,15.5,-5.7,-23.9,1.3,10.5
A,BPRM_SQM,CPA_F41001,NSA,PCH_SM,RS,,,,,,,,,,-3.0,34.7,49.6,2.3,-7.0,-1.9,12.7,8.8,-11.7,-19.1,6.6,-8.3,-25.7,4.3,37.8,18.7,37.3,14.2,27.8,10.0,15.1,18.5,4.0,-4.6,1.6
A,BPRM_SQM,CPA_F41001,NSA,PCH_SM,SE,,,,,,,,,,8.5,-8.5,30.6,14.2,21.4,29.2,-27.2,-13.7,-15.2,27.3,0.2,-16.4,18.9,22.2,27.4,22.2,5.7,-16.2,-10.7,17.1,23.5,-20.9,-50.7,0.8,10.4
A,BPRM_SQM,CPA_F41001,NSA,PCH_SM,SI,,,,,,,,,,-10.9,11.0,11.9,19.9,8.5,20.0,31.7,-20.4,-25.4,-6.7,-29.9,-12.8,5.6,-16.0,3.5,5.2,6.4,14.7,-9.0,9.7,19.8,17.0,-9.3,-12.0,0.4
A,BPRM_SQM,CPA_F41001,NSA,PCH_SM,SK,,,,,,,,,,,,,41.1,16.3,1.4,-3.1,50.3,-29.6,-14.7,-18.2,-0.9,10.3,1.9,18.6,19.0,-6.6,9.8,1.4,-8.2,16.8,-11.7,-11.9,-20.3,5.5
A,BPRM_SQM,CPA_F41001,NSA,PCH_SM,TR,,18.4,-3.2,1.4,-11.6,5.3,-7.3,-18.9,-0.7,-11.2,-39.3,27.4,56.0,60.1,13.6,-3.4,-20.1,3.6,80.3,-33.5,22.9,11.5,24.7,-16.5,11.3,38.6,-51.0,-52.2,72.1,35.1,-8.6,19.3,-9.9,37.2
A,BPRM_SQM,CPA_F41001,NSA,PCH_SM,UA,,,,,,,,,,,,,,,,,,,,,,,,,,,,14.1,-48.7,68.9,-47.6,-37.0,-7.3,49.3
A,BPRM_SQM,CPA_F41001,NSA,PCH_SM,UK,,,,,,,,1.6,-1.0,2.6,-0.1,7.1,10.0,-1.1,-0.6,4.6,-39.5,-21.8,1.9,-2.6,1.0,18.0,38.7,26.3,6.3,2.8,10.2,-0.2,,,,,,
A,BPRM_SQM,CPA_F41001,NSA,PCH_SM,XK,,,,,,,,,,,,,,,,,,,,,,,,,,,,,,77.9,-9.4,-11.5,-26.7,
A,BPRM_SQM,CPA_F410011,NSA,I15,AL,,,,,,,,,,,,,,,,,,,,,,,,100.0,306.2,582.1,845.0,605.6,845.3,1093.0,1178.8,,,
A,BPRM_SQM,CPA_F410011,NSA,I15,AT,,,,,,,,,,,,,,92.1,96.9,97.6,96.4,94.7,107.8,111.8,97.9,97.4,99.0,100.0,105.2,101.0,103.3,101.9,108.1,119.3,93.6,,,
A,BPRM_SQM,CPA_F410011,NSA,I15,BA,,,,,,,,,,,,,,,,,,,,,,103.7,85.1,100.0,118.2,144.8,142.5,153.5,131.2,143.2,156.9,183.2,,
A,BPRM_SQM,CPA_F410011,NSA,I15,BE,,,,,165.5,171.3,132.2,153.6,139.6,130.0,121.4,128.1,139.7,156.6,153.7,138.2,136.8,123.6,134.4,114.7,120.0,115.5,113.9,100.0,102.5,91.9,110.1,109.7,111.0,126.5,116.5,,,
A,BPRM_SQM,CPA_F410011,NSA,I15,BG,,,,,,,,,29.6,36.4,43.9,74.9,121.0,189.1,204.8,229.2,203.8,138.7,104.3,107.0,89.9,94.4,95.6,100.0,106.1,124.4,127.0,130.8,132.0,163.6,184.2,184.6,,
A,BPRM_SQM,CPA_F410011,NSA,I15,CY,,,,,,,,,193.6,229.2,237.2,287.7,327.6,349.5,334.5,322.6,296.9,284.1,274.1,206.3,159.2,116.3,94.4,100.0,114.1,136.3,169.0,186.2,174.7,200.5,176.0,,,
A,BPRM_SQM,CPA_F410011,NSA,I15,CZ,,,,,,,,,86.5,91.1,110.5,124.6,139.9,137.1,144.6,143.2,143.3,123.1,102.8,105.2,92.6,89.3,96.2,100.0,101.5,115.9,115.3,135.7,126.8,154.9,140.9,,,
A,BPRM_SQM,CPA_F410011,NSA,I15,DE,,,,,,,,,148.6,130.8,133.2,152.3,133.0,118.7,119.0,78.0,73.9,75.9,80.5,97.0,92.3,93.6,92.6,100.0,101.0,95.8,95.4,96.8,99.6,101.2,83.3,,,
A,BPRM_SQM,CPA_F410011,NSA,I15,DK,,,,,,,129.4,113.4,97.1,109.6,119.9,129.9,148.7,190.4,229.3,164.6,118.5,71.9,98.6,87.6,70.2,69.8,76.6,100.0,115.5,117.4,126.9,126.0,136.1,172.0,129.2,,,
A,BPRM_SQM,CPA_F410011,NSA,I15,EA19,,,,,,,,,,,,,,408.6,491.2,415.0,242.6,159.9,142.9,139.4,120.2,98.7,95.4,100.0,113.5,119.0,129.7,129.1,112.9,133.1,132.3,,,
A,BPRM_SQM,CPA_F410011,NSA,I15,EA20,,,,,,,,,,,,,,408.3,490.8,414.7,242.6,160.1,143.1,139.5,120.3,98.7,95.4,100.0,113.5,119.1,129.8,129.2,113.1,133.3,132.6,,,
A,BPRM_SQM,CPA_F410011,NSA,I15,EE,,,,,,,,40.9,40.7,47.4,99.0,133.1,215.3,218.0,297.8,263.6,170.4,98.2,83.5,77.2,77.5,99.5,99.7,100.0,113.8,132.8,120.3,128.0,134.3,172.2,136.7,124.0,,
A,BPRM_SQM,CPA_F410011,NSA,I15,EL,,,,,,,,,,860.8,891.9,887.8,857.3,1000.3,896.9,851.1,689.5,579.6,487.7,342.7,203.8,127.7,102.4,100.0,97.8,115.3,128.6,132.9,158.9,230.8,218.3,,,
A,BPRM_SQM,CPA_F410011,NSA,I15,ES,,,,375.9,379.2,403.7,498.7,594.6,1685.5,1517.1,1513.5,1755.6,2053.5,2282.9,3035.2,2495.0,1073.8,500.1,298.3,248.5,197.3,86.3,99.6,100.0,187.1,198.9,294.9,298.7,157.7,210.4,324.5,,,
A,BPRM_SQM,CPA_F410011,NSA,I15,EU27_2020,,,,,,,,,,,,,,369.1,442.8,377.0,226.9,152.3,137.8,133.7,115.0,96.0,94.1,100.0,113.9,119.7,128.8,129.1,115.6,138.1,132.8,,,
A,BPRM_SQM,CPA_F410011,NSA,I15,FI,,,,116.6,130.8,167.4,193.0,219.3,214.8,192.7,213.4,252.6,266.3,288.3,284.0,256.1,199.8,175.8,211.1,195.8,165.1,134.6,115.4,100.0,103.0,104.2,98.5,89.4,96.0,117.6,88.8,,,
A,BPRM_SQM,CPA_F410011,NSA,I15,FR,,,110.4,99.3,111.2,115.1,140.4,145.6,150.8,147.2,149.0,156.7,171.5,182.2,188.2,182.0,149.3,118.3,143.6,145.3,131.4,114.8,96.3,100.0,109.6,118.6,109.8,111.9,102.8,130.6,119.2,82.3,,
A,BPRM_SQM,CPA_F410011,NSA,I15,HR,,,,,,,,,182.6,222.1,237.4,236.0,230.5,268.9,265.9,235.3,250.2,277.8,232.5,194.7,145.9,120.6,107.6,100.0,127.1,172.3,186.1,196.3,199.3,234.9,274.4,290.0,,
A,BPRM_SQM,CPA_F410011,NSA,I15,HU,,,,,,,218.8,272.9,347.3,321.3,326.7,393.0,344.6,287.7,284.6,265.5,231.7,175.3,110.6,108.3,95.3,71.8,79.3,100.0,183.5,196.7,195.7,206.1,179.6,254.1,203.5,,,
A,BPRM_SQM,CPA_F410011,NSA,I15,IE,,,,,,,,512.1,584.4,494.9,400.7,399.0,562.4,616.6,520.8,562.9,440.6,251.1,120.7,93.3,60.7,63.5,68.9,100.0,115.1,142.8,173.0,169.0,149.3,159.4,159.4,,,
A,BPRM_SQM,CPA_F410011,NSA,I15,IT,,,,,,,,,192.8,185.5,185.1,194.7,197.9,195.6,194.2,176.8,158.2,136.9,144.3,149.7,130.2,110.0,103.3,100.0,100.1,101.8,107.5,106.6,90.6,113.2,109.5,,,
A,BPRM_SQM,CPA_F410011,NSA,I15,LT,,,,,,,,31.5,34.1,31.5,38.6,50.9,70.2,95.9,129.9,143.5,133.1,98.6,94.8,79.0,86.6,107.9,95.5,100.0,117.5,97.1,96.8,91.0,109.4,148.9,103.8,87.0,,
A,BPRM_SQM,CPA_F410011,NSA,I15,LU,,,,,,,,,98.1,89.3,86.5,90.6,97.5,118.5,125.5,129.5,104.4,90.2,111.8,122.4,120.5,122.3,147.4,100.0,119.3,124.6,114.2,124.2,139.0,139.9,117.7,,,
A,BPRM_SQM,CPA_F410011,NSA,I15,LV,,,,,,,,,100.0,108.4,120.7,171.8,255.0,319.0,384.9,340.0,217.9,232.1,88.6,90.7,105.9,109.1,111.2,100.0,87.0,134.6,143.5,145.3,146.3,163.6,159.4,151.5,,
A,BPRM_SQM,CPA_F410011,NSA,I15,ME,,,,,,,,,63.0,48.2,62.1,48.1,74.1,51.1,62.3,91.1,115.2,152.4,102.1,74.4,143.8,147.0,143.7,100.0,177.5,199.9,42.8,21.6,26.7,45.1,130.5,,,
A,BPRM_SQM,CPA_F410011,NSA,I15,MK,,,,,,,,,,,,,,,,,75.7,72.9,69.4,57.1,65.4,69.2,102.1,100.0,109.2,115.6,92.3,101.1,94.1,127.9,121.4,125.8,,
A,BPRM_SQM,CPA_F410011,NSA,I15,MT,,,,,,,,,360.6,147.0,182.3,182.1,159.8,171.7,158.0,116.0,64.0,70.9,91.1,85.8,72.1,77.4,82.4,100.0,200.0,149.1,190.6,210.1,142.5,148.5,170.8,,,
A,BPRM_SQM,CPA_F410011,NSA,I15,NL,,,,,,,,,192.8,157.3,163.5,178.0,187.1,194.8,213.0,190.7,185.5,143.9,115.5,112.5,65.9,46.7,70.9,100.0,97.8,129.6,128.8,106.5,135.6,149.4,115.0,82.3,,
A,BPRM_SQM,CPA_F410011,NSA,I15,NO,,,,,,,,,88.7,83.4,76.5,68.2,79.2,90.8,95.3,97.7,95.7,90.5,93.3,97.7,100.4,101.0,92.1,100.0,107.8,103.1,98.8,92.4,89.7,106.1,88.3,61.3,,
A,BPRM_SQM,CPA_F410011,NSA,I15,PL,,,,,,,,,96.7,110.6,55.7,83.6,77.9,78.0,100.0,142.1,144.6,129.3,125.5,120.5,104.9,93.9,89.8,100.0,111.7,125.1,134.7,141.1,146.9,183.9,137.0,,,
A,BPRM_SQM,CPA_F410011,NSA,I15,PT,,,,,,,,,587.8,591.3,578.6,520.8,469.8,469.2,443.4,405.4,331.6,247.6,229.6,190.6,134.3,98.7,88.0,100.0,120.7,140.6,175.1,187.4,196.9,219.8,229.1,203.3,,
A,BPRM_SQM,CPA_F410011,NSA,I15,RO,,,,,,,,,78.4,81.6,74.2,75.1,93.0,119.0,138.1,154.9,166.1,131.9,113.1,108.0,103.4,103.7,98.9,100.0,99.0,103.3,109.4,110.5,108.8,134.9,114.5,92.9,,
A,BPRM_SQM,CPA_F410011,NSA,I15,RS,,,,,,,,,58.0,72.2,75.5,98.5,97.8,96.0,98.8,110.7,118.1,102.1,78.3,79.5,82.9,83.0,81.9,100.0,92.4,136.7,145.3,150.7,163.9,229.2,243.9,,,
A,BPRM_SQM,CPA_F410011,NSA,I15,SE,,,,,,,,,70.0,63.4,66.4,82.3,94.2,106.9,123.6,121.2,97.8,80.6,92.6,77.5,59.3,63.9,83.2,100.0,122.9,122.7,101.9,104.5,110.7,146.2,120.7,,,
A,BPRM_SQM,CPA_F410011,NSA,I15,SI,,,,,,,,,108.7,98.9,98.1,111.3,119.5,140.1,159.9,171.8,156.9,141.7,117.8,105.4,96.5,107.0,96.2,100.0,102.6,107.1,110.9,100.7,99.4,113.7,120.0,107.0,,
A,BPRM_SQM,CPA_F410011,NSA,I15,SK,,,,,,,,,,,,70.0,87.3,77.2,81.0,97.3,129.5,105.3,92.5,89.3,87.3,85.9,87.6,100.0,115.6,121.5,128.8,125.3,119.3,130.7,120.6,,,
A,BPRM_SQM,CPA_F410011,NSA,I15,TR,132.9,139.3,137.8,135.9,123.5,131.2,124.0,98.6,91.7,95.4,62.4,62.6,85.0,130.7,118.8,92.0,83.9,75.5,96.7,74.9,85.7,91.2,105.4,100.0,99.5,117.3,93.6,65.4,132.2,251.7,249.1,272.7,,
A,BPRM_SQM,CPA_F410011,NSA,I15,UK,,,,,,,103.4,103.8,99.0,97.7,92.5,89.7,88.1,79.7,77.8,79.9,48.3,37.5,39.8,39.6,43.5,57.5,77.9,100.0,108.1,111.8,127.1,133.0,,,,,,
A,BPRM_SQM,CPA_F410011,NSA,I21,AL,,,,,,,,,,,,,,,,,,,,,,,,9.1,28.0,53.3,77.3,55.4,77.3,100.0,107.9,141.0,73.3,77.1
A,BPRM_SQM,CPA_F410011,NSA,I21,AT,,,,,,,,,,,,,,77.5,81.6,82.1,81.2,79.8,91.0,94.5,82.7,82.5,83.9,84.6,89.2,85.8,87.8,87.3,91.1,100.0,78.5,49.1,43.0,46.8
A,BPRM_SQM,CPA_F410011,NSA,I21,BA,,,,,,,,,,,,,,,,,,,,,,72.4,59.4,69.8,82.5,101.1,99.5,107.2,91.6,100.0,109.6,127.9,,
A,BPRM_SQM,CPA_F410011,NSA,I21,BE,,,,,130.5,135.1,104.2,121.1,110.1,102.5,95.8,101.0,110.1,123.5,121.2,109.0,107.9,97.5,106.0,90.5,94.6,91.1,89.8,78.8,80.8,72.4,86.8,86.6,87.6,100.0,92.0,78.5,65.5,65.0
A,BPRM_SQM,CPA_F410011,NSA,I21,BG,,,,,,,,,18.1,22.3,26.8,45.8,73.9,115.6,125.2,140.1,124.5,84.8,63.8,65.4,54.9,57.7,58.4,61.1,64.9,76.0,77.6,79.9,80.7,100.0,112.6,112.8,105.9,117.9
A,BPRM_SQM,CPA_F410011,NSA,I21,CY,,,,,,,,,96.6,114.3,118.3,143.5,163.4,174.3,166.8,160.9,148.1,141.7,136.7,102.9,79.4,58.0,47.1,49.9,56.9,68.0,84.3,92.8,87.1,100.0,87.8,81.0,76.8,104.9
A,BPRM_SQM,CPA_F410011,NSA,I21,CZ,,,,,,,,,55.8,58.8,71.3,80.4,90.3,88.5,93.4,92.5,92.5,79.5,66.3,67.9,59.8,57.6,62.1,64.6,65.5,74.8,74.4,87.6,81.9,100.0,91.0,69.7,59.5,58.1
A,BPRM_SQM,CPA_F410011,NSA,I21,DE,,,,,,,,,146.8,129.3,131.6,150.5,131.4,117.4,117.6,77.1,73.1,75.1,79.6,95.9,91.2,92.5,91.5,98.9,99.9,94.7,94.4,95.7,98.5,100.0,82.3,49.9,40.0,47.4
A,BPRM_SQM,CPA_F410011,NSA,I21,DK,,,,,,,75.4,66.1,56.5,63.8,69.8,75.7,86.6,110.9,133.5,95.9,69.0,41.9,57.4,51.0,40.8,40.7,44.6,58.3,67.2,68.3,73.8,73.3,79.9,100.0,73.4,49.6,54.3,61.0
A,BPRM_SQM,CPA_F410011,NSA,I21,EA19,,,,,,,,,,,,,,197.4,218.8,190.6,136.4,102.1,98.3,97.2,84.6,74.9,72.0,76.9,83.5,87.6,91.0,90.2,87.0,100.0,91.5,67.4,,
A,BPRM_SQM,CPA_F410011,NSA,I21,EA20,,,,,,,,,,,,,,196.7,217.9,189.8,136.1,102.2,98.3,97.1,84.4,74.7,71.5,76.4,82.9,87.4,91.0,90.2,87.0,100.0,91.6,67.9,61.6,65.0
A,BPRM_SQM,CPA_F410011,NSA,I21,EA21,,,,,,,,,,,,,,195.6,216.7,189.2,136.0,102.0,97.8,96.7,84.0,74.5,71.4,76.2,82.7,87.2,90.8,90.0,87.0,100.0,91.9,68.5,62.2,65.7
A,BPRM_SQM,CPA_F410011,NSA,I21,EE,,,,,,,,23.8,23.6,27.5,57.5,77.3,125.0,126.6,172.9,153.1,98.9,57.0,48.5,44.9,45.0,57.8,57.9,58.1,66.1,77.1,69.9,74.3,78.0,100.0,79.4,72.0,65.3,67.4
A,BPRM_SQM,CPA_F410011,NSA,I21,EL,,,,,,,,,,373.0,386.5,384.8,371.5,433.5,388.7,368.8,298.8,251.2,211.4,148.5,88.3,55.3,44.4,43.3,42.4,50.0,55.7,57.6,68.9,100.0,94.6,100.4,109.4,104.0
A,BPRM_SQM,CPA_F410011,NSA,I21,ES,,,,178.7,180.3,191.9,237.1,282.6,801.3,721.2,719.5,834.6,976.2,1085.3,1442.9,1186.1,510.5,237.7,141.8,118.1,93.8,41.0,47.3,47.5,89.0,94.5,140.2,142.0,75.0,100.0,154.3,138.0,139.5,145.2
A,BPRM_SQM,CPA_F410011,NSA,I21,EU27_2020,,,,,,,,,,,,,,154.8,172.9,157.4,120.5,92.7,88.5,86.6,75.5,67.9,65.9,71.0,77.6,82.4,85.7,86.2,84.5,100.0,87.8,65.3,61.4,65.2
A,BPRM_SQM,CPA_F410011,NSA,I21,FI,,,,99.5,111.5,142.8,164.6,187.0,182.2,163.3,181.0,213.8,225.4,242.8,239.3,215.0,166.7,145.9,176.0,162.8,135.8,111.0,94.9,83.7,85.6,86.7,82.1,75.2,80.8,100.0,75.9,46.3,47.4,47.0
A,BPRM_SQM,CPA_F410011,NSA,I21,FR,,,84.4,75.9,85.0,88.0,107.3,111.3,115.3,112.6,113.9,119.8,131.1,139.3,143.9,139.2,114.1,90.5,109.8,111.0,100.4,87.7,72.8,75.6,82.9,90.0,84.1,85.5,78.8,100.0,91.6,62.6,50.9,55.7
A,BPRM_SQM,CPA_F410011,NSA,I21,HR,,,,,,,,,77.8,94.6,101.1,100.5,98.1,114.5,113.2,100.2,106.5,118.3,99.0,82.9,62.1,51.3,45.8,42.6,54.1,73.4,79.2,83.6,84.9,100.0,116.8,123.5,123.2,124.2
A,BPRM_SQM,CPA_F410011,NSA,I21,HU,,,,,,,86.1,107.4,136.7,126.5,128.6,154.7,135.6,113.2,112.0,104.5,91.2,69.0,43.5,42.6,37.5,28.3,31.2,39.4,72.2,77.4,77.0,81.1,70.7,100.0,80.1,53.6,50.3,56.0
A,BPRM_SQM,CPA_F410011,NSA,I21,IE,,,,,,,,321.3,366.7,310.5,251.4,250.4,352.9,386.9,326.8,353.2,276.5,157.5,75.7,58.5,38.1,39.8,43.3,62.7,72.2,89.6,108.6,106.0,93.7,100.0,100.0,97.5,95.3,100.1
A,BPRM_SQM,CPA_F410011,NSA,I21,IT,,,,,,,,,170.3,163.9,163.4,171.9,174.8,172.8,171.5,156.2,139.7,120.9,127.4,132.2,115.0,97.1,91.2,88.3,88.4,89.9,94.9,94.1,80.0,100.0,96.7,79.6,81.0,81.4
A,BPRM_SQM,CPA_F410011,NSA,I21,LT,,,,,,,,21.3,23.0,21.3,26.1,34.4,47.5,64.8,87.8,97.1,90.0,66.7,64.1,53.4,58.6,73.0,64.6,67.6,79.5,65.7,65.5,61.5,74.0,100.0,69.5,58.5,51.4,53.5
A,BPRM_SQM,CPA_F410011,NSA,I21,LU,,,,,,,,,70.1,63.8,61.8,64.8,69.7,84.7,89.7,92.5,74.6,64.5,79.9,87.4,86.1,87.4,105.3,71.5,85.3,89.1,81.6,88.8,99.4,100.0,84.2,54.8,45.1,48.5
A,BPRM_SQM,CPA_F410011,NSA,I21,LV,,,,,,,,,61.1,66.2,73.8,105.0,155.8,195.0,235.2,207.8,133.1,141.8,54.2,55.4,64.7,66.7,68.0,61.1,53.2,82.2,87.7,88.8,89.4,100.0,97.4,92.6,90.4,90.8
A,BPRM_SQM,CPA_F410011,NSA,I21,ME,,,,,,,,,139.7,106.8,137.8,106.7,164.2,113.2,138.2,202.1,255.5,337.9,226.4,165.0,318.8,325.9,318.6,221.7,393.5,443.2,94.9,47.9,59.3,100.0,289.4,256.4,205.8,444.1
A,BPRM_SQM,CPA_F410011,NSA,I21,MK,,,,,,,,,,,,,,,,,59.2,57.0,54.3,44.6,51.2,54.1,79.9,78.2,85.4,90.4,72.2,79.1,73.6,100.0,94.9,98.4,85.8,102.2
A,BPRM_SQM,CPA_F410011,NSA,I21,MT,,,,,,,,,242.9,99.0,122.8,122.7,107.6,115.6,106.4,78.2,43.1,47.8,61.4,57.8,48.6,52.1,55.5,67.4,134.7,100.4,128.4,141.5,95.9,100.0,115.1,88.1,106.3,137.3
A,BPRM_SQM,CPA_F410011,NSA,I21,NL,,,,,,,,,129.0,105.3,109.4,119.1,125.2,130.4,142.5,127.6,124.1,96.3,77.3,75.3,44.1,31.3,47.4,66.9,65.5,86.7,86.2,71.3,90.7,100.0,77.0,56.0,61.2,54.8
A,BPRM_SQM,CPA_F410011,NSA,I21,NO,,,,,,,,,83.6,78.6,72.1,64.3,74.6,85.5,89.8,92.1,90.2,85.2,87.9,92.0,94.6,95.2,86.8,94.2,101.6,97.1,93.1,87.1,84.5,100.0,83.2,57.7,49.1,50.8
A,BPRM_SQM,CPA_F410011,NSA,I21,PL,,,,,,,,,52.6,60.1,30.3,45.4,42.4,42.4,54.4,77.3,78.6,70.3,68.2,65.5,57.0,51.1,48.8,54.4,60.8,68.0,73.2,76.7,79.9,100.0,74.5,57.4,62.2,67.9
A,BPRM_SQM,CPA_F410011,NSA,I21,PT,,,,,,,,,267.4,268.9,263.2,236.9,213.7,213.4,201.7,184.4,150.8,112.6,104.4,86.7,61.1,44.9,40.0,45.5,54.9,64.0,79.6,85.2,89.6,100.0,104.2,92.6,99.1,100.9
A,BPRM_SQM,CPA_F410011,NSA,I21,RO,,,,,,,,,58.1,60.5,55.0,55.7,69.0,88.2,102.4,114.9,123.1,97.8,83.9,80.0,76.7,76.9,73.3,74.2,73.4,76.6,81.1,82.0,80.7,100.0,84.9,68.9,68.5,71.1
A,BPRM_SQM,CPA_F410011,NSA,I21,RS,,,,,,,,,25.3,31.5,33.0,43.0,42.7,41.9,43.1,48.3,51.5,44.6,34.2,34.7,36.2,36.2,35.7,43.6,40.3,59.6,63.4,65.8,71.5,100.0,106.4,98.0,100.4,99.4
A,BPRM_SQM,CPA_F410011,NSA,I21,SE,,,,,,,,,47.5,43.0,45.0,55.8,63.9,72.5,83.8,82.2,66.3,54.7,62.8,52.5,40.2,43.3,56.4,67.8,83.3,83.4,69.0,70.9,75.5,100.0,83.6,41.3,38.1,40.2
A,BPRM_SQM,CPA_F410011,NSA,I21,SI,,,,,,,,,95.6,87.0,86.3,97.9,105.1,123.2,140.6,151.0,138.0,124.6,103.6,92.7,84.9,94.1,84.6,87.9,90.3,94.2,97.5,88.6,87.4,100.0,105.5,92.6,83.7,86.9
A,BPRM_SQM,CPA_F410011,NSA,I21,SK,,,,,,,,,,,,53.5,66.8,59.1,62.0,74.4,99.1,80.5,70.8,68.3,66.8,65.7,67.0,76.5,88.4,93.0,98.5,95.9,91.3,100.0,92.3,69.4,58.0,55.3
A,BPRM_SQM,CPA_F410011,NSA,I21,TR,50.7,53.1,52.6,51.9,47.1,50.1,47.3,37.6,35.0,36.4,23.8,23.9,32.4,49.9,45.3,35.1,32.0,28.8,38.3,30.5,33.6,36.4,41.9,39.9,39.8,46.7,38.1,27.0,53.9,100.0,99.0,109.7,91.2,95.0
A,BPRM_SQM,CPA_F410011,NSA,I21,UA,,,,,,,,,,,,,,,,,,,,,,,,,,,115.3,80.8,,100.0,,,,
A,BPRM_SQM,CPA_F410011,NSA,I21,XK,,,,,,,,,,,,,,,,,,,,,,,,,,,,,109.1,100.0,104.4,103.6,85.3,
A,BPRM_SQM,CPA_F410011,NSA,MIO_M2,EA19,,,,,,,,,,,,,,161.23,178.71,155.7,111.44,83.44,80.3,79.42,69.12,61.23,58.85,62.81,68.18,71.6,74.34,73.65,71.09,81.69,74.67,55.03,,
A,BPRM_SQM,CPA_F410011,NSA,MIO_M2,EA20,,,,,,,,,,,,,,162.0,179.5,156.3,112.1,84.2,80.9,79.9,69.5,61.5,58.9,62.9,68.3,71.9,74.9,74.3,71.7,82.4,75.4,56.0,50.8,53.6
A,BPRM_SQM,CPA_F410011,NSA,MIO_M2,EA21,,,,,,,,,,,,,,163.2,180.8,157.9,113.5,85.1,81.6,80.7,70.1,62.2,59.6,63.6,69.0,72.8,75.8,75.1,72.6,83.5,76.7,57.2,51.9,54.9
A,BPRM_SQM,CPA_F410011,NSA,MIO_M2,EU27_2020,,,,,,,,,,,,,,189.2,211.4,192.4,147.2,113.3,108.2,105.9,92.3,83.1,80.6,86.8,94.9,100.8,104.7,105.4,103.4,122.3,107.3,79.9,75.1,79.7
A,BPRM_SQM,CPA_F410011,NSA,PCH_SM,AL,,,,,,,,,,,,,,,,,,,,,,,,,207.7,90.4,45.0,-28.3,39.5,29.4,7.9,30.7,-48.0,5.2
A,BPRM_SQM,CPA_F410011,NSA,PCH_SM,AT,,,,,,,,,,,,,,,5.3,0.6,-1.1,-1.7,14.0,3.8,-12.5,-0.2,1.7,0.8,5.4,-3.8,2.3,-0.6,4.4,9.8,-21.5,-37.5,-12.4,8.8
A,BPRM_SQM,CPA_F410011,NSA,PCH_SM,BA,,,,,,,,,,,,,,,,,,,,,,,-18.0,17.5,18.2,22.5,-1.6,7.7,-14.6,9.2,9.6,16.7,,
A,BPRM_SQM,CPA_F410011,NSA,PCH_SM,BE,,,,,,3.5,-22.9,16.2,-9.1,-6.9,-6.5,5.4,9.0,12.2,-1.9,-10.1,-1.0,-9.6,8.7,-14.6,4.5,-3.7,-1.4,-12.2,2.5,-10.4,19.9,-0.2,1.2,14.2,-8.0,-14.7,-16.6,-0.8
A,BPRM_SQM,CPA_F410011,NSA,PCH_SM,BG,,,,,,,,,,23.2,20.2,70.9,61.4,56.4,8.3,11.9,-11.1,-31.9,-24.8,2.5,-16.1,5.1,1.2,4.6,6.2,17.1,2.1,3.0,1.0,23.9,12.6,0.2,-6.1,11.3
A,BPRM_SQM,CPA_F410011,NSA,PCH_SM,CY,,,,,,,,,,18.3,3.5,21.3,13.9,6.7,-4.3,-3.5,-8.0,-4.3,-3.5,-24.7,-22.8,-27.0,-18.8,5.9,14.0,19.5,24.0,10.1,-6.1,14.8,-12.2,-7.7,-5.2,36.6
A,BPRM_SQM,CPA_F410011,NSA,PCH_SM,CZ,,,,,,,,,,5.4,21.3,12.8,12.3,-2.0,5.5,-1.0,0.0,-14.1,-16.6,2.4,-11.9,-3.7,7.8,4.0,1.4,14.2,-0.5,17.7,-6.5,22.1,-9.0,-23.4,-14.6,-2.4
A,BPRM_SQM,CPA_F410011,NSA,PCH_SM,DE,,,,,,,,,,-11.9,1.8,14.4,-12.7,-10.7,0.2,-34.4,-5.2,2.7,6.0,20.5,-4.9,1.4,-1.1,8.1,1.0,-5.2,-0.3,1.4,2.9,1.5,-17.7,-39.4,-19.8,18.5
A,BPRM_SQM,CPA_F410011,NSA,PCH_SM,DK,,,,,,,,-12.3,-14.5,12.9,9.4,8.5,14.4,28.1,20.4,-28.2,-28.1,-39.3,37.0,-11.1,-20.0,-0.2,9.6,30.7,15.3,1.6,8.1,-0.7,9.0,25.2,-26.6,-32.4,9.5,12.3
A,BPRM_SQM,CPA_F410011,NSA,PCH_SM,EA19,,,,,,,,,,,,,,5.3,10.8,-12.9,-28.4,-25.1,-3.7,-1.1,-13.0,-11.5,-3.9,6.8,8.6,4.9,3.9,-0.9,-3.5,14.9,-8.5,-26.3,,
A,BPRM_SQM,CPA_F410011,NSA,PCH_SM,EA20,,,,,,,,,,,,,,5.3,10.8,-12.9,-28.3,-24.9,-3.8,-1.2,-13.1,-11.5,-4.3,6.9,8.5,5.4,4.1,-0.9,-3.5,14.9,-8.4,-25.9,-9.3,5.5
A,BPRM_SQM,CPA_F410011,NSA,PCH_SM,EA21,,,,,,,,,,,,,,5.6,10.8,-12.7,-28.1,-25.0,-4.1,-1.1,-13.1,-11.3,-4.2,6.7,8.5,5.4,4.1,-0.9,-3.3,14.9,-8.1,-25.5,-9.2,5.6
A,BPRM_SQM,CPA_F410011,NSA,PCH_SM,EE,,,,,,,,,-0.8,16.5,109.1,34.4,61.7,1.3,36.6,-11.5,-35.4,-42.4,-14.9,-7.4,0.2,28.4,0.2,0.3,13.8,16.6,-9.3,6.3,5.0,28.2,-20.6,-9.3,-9.3,3.2
A,BPRM_SQM,CPA_F410011,NSA,PCH_SM,EL,,,,,,,,,,,3.6,-0.4,-3.5,16.7,-10.3,-5.1,-19.0,-15.9,-15.8,-29.8,-40.5,-37.4,-19.7,-2.5,-2.1,17.9,11.4,3.4,19.6,45.1,-5.4,6.1,9.0,-4.9
A,BPRM_SQM,CPA_F410011,NSA,PCH_SM,ES,,,,,0.9,6.4,23.6,19.2,183.5,-10.0,-0.2,16.0,17.0,11.2,32.9,-17.8,-57.0,-53.4,-40.3,-16.7,-20.6,-56.3,15.4,0.4,87.4,6.2,48.4,1.3,-47.2,33.3,54.3,-10.6,1.1,4.1
A,BPRM_SQM,CPA_F410011,NSA,PCH_SM,EU27_2020,,,,,,,,,,,,,,5.9,11.7,-9.0,-23.4,-23.1,-4.5,-2.1,-12.8,-10.1,-2.9,7.7,9.3,6.2,4.0,0.6,-2.0,18.3,-12.2,-25.6,-6.0,6.2
A,BPRM_SQM,CPA_F410011,NSA,PCH_SM,FI,,,,,12.1,28.1,15.3,13.6,-2.6,-10.4,10.8,18.1,5.4,7.7,-1.4,-10.2,-22.5,-12.5,20.6,-7.5,-16.6,-18.3,-14.5,-11.8,2.3,1.3,-5.3,-8.4,7.4,23.8,-24.1,-39.0,2.4,-0.8
A,BPRM_SQM,CPA_F410011,NSA,PCH_SM,FR,,,,-10.1,12.0,3.5,21.9,3.7,3.6,-2.3,1.2,5.2,9.4,6.3,3.3,-3.3,-18.0,-20.7,21.3,1.1,-9.5,-12.6,-17.0,3.8,9.7,8.6,-6.6,1.7,-7.8,26.9,-8.4,-31.7,-18.7,9.4
A,BPRM_SQM,CPA_F410011,NSA,PCH_SM,HR,,,,,,,,,,21.6,6.9,-0.6,-2.4,16.7,-1.1,-11.5,6.3,11.1,-16.3,-16.3,-25.1,-17.4,-10.7,-7.0,27.0,35.7,7.9,5.6,1.6,17.8,16.8,5.7,-0.2,0.8
A,BPRM_SQM,CPA_F410011,NSA,PCH_SM,HU,,,,,,,,24.7,27.3,-7.5,1.7,20.3,-12.3,-16.5,-1.1,-6.7,-12.7,-24.3,-37.0,-2.1,-12.0,-24.5,10.2,26.3,83.2,7.2,-0.5,5.3,-12.8,41.4,-19.9,-33.1,-6.2,11.3
A,BPRM_SQM,CPA_F410011,NSA,PCH_SM,IE,,,,,,,,,14.1,-15.3,-19.0,-0.4,40.9,9.6,-15.5,8.1,-21.7,-43.0,-51.9,-22.7,-34.9,4.5,8.8,44.8,15.2,24.1,21.2,-2.4,-11.6,6.7,0.0,-2.5,-2.3,5.0
A,BPRM_SQM,CPA_F410011,NSA,PCH_SM,IT,,,,,,,,,,-3.8,-0.3,5.2,1.7,-1.1,-0.8,-8.9,-10.6,-13.5,5.4,3.8,-13.0,-15.6,-6.1,-3.2,0.1,1.7,5.6,-0.8,-15.0,25.0,-3.3,-17.7,1.8,0.5
A,BPRM_SQM,CPA_F410011,NSA,PCH_SM,LT,,,,,,,,,8.0,-7.4,22.5,31.8,38.1,36.4,35.5,10.6,-7.3,-25.9,-3.9,-16.7,9.7,24.6,-11.5,4.6,17.6,-17.4,-0.3,-6.1,20.3,35.1,-30.5,-15.8,-12.1,4.1
A,BPRM_SQM,CPA_F410011,NSA,PCH_SM,LU,,,,,,,,,,-9.0,-3.1,4.9,7.6,21.5,5.9,3.1,-19.4,-13.5,23.9,9.4,-1.5,1.5,20.5,-32.1,19.3,4.5,-8.4,8.8,11.9,0.6,-15.8,-34.9,-17.7,7.5
A,BPRM_SQM,CPA_F410011,NSA,PCH_SM,LV,,,,,,,,,,8.3,11.5,42.3,48.4,25.2,20.6,-11.6,-35.9,6.5,-61.8,2.2,16.8,3.1,1.9,-10.1,-12.9,54.5,6.7,1.3,0.7,11.9,-2.6,-4.9,-2.4,0.4
A,BPRM_SQM,CPA_F410011,NSA,PCH_SM,ME,,,,,,,,,,-23.6,29.0,-22.6,53.9,-31.1,22.1,46.2,26.4,32.3,-33.0,-27.1,93.2,2.2,-2.2,-30.4,77.5,12.6,-78.6,-49.5,23.8,68.6,189.4,-11.4,-19.7,115.8
A,BPRM_SQM,CPA_F410011,NSA,PCH_SM,MK,,,,,,,,,,,,,,,,,,-3.7,-4.7,-17.9,14.8,5.7,47.7,-2.1,9.2,5.9,-20.1,9.6,-7.0,35.9,-5.1,3.7,-12.8,19.1
A,BPRM_SQM,CPA_F410011,NSA,PCH_SM,MT,,,,,,,,,,-59.2,24.0,-0.1,-12.3,7.4,-8.0,-26.5,-44.9,10.9,28.5,-5.9,-15.9,7.2,6.5,21.4,99.9,-25.5,27.9,10.2,-32.2,4.3,15.1,-23.5,20.7,29.2
A,BPRM_SQM,CPA_F410011,NSA,PCH_SM,NL,,,,,,,,,,-18.4,3.9,8.9,5.1,4.2,9.3,-10.5,-2.7,-22.4,-19.7,-2.6,-41.4,-29.0,51.4,41.1,-2.1,32.4,-0.6,-17.3,27.2,10.3,-23.0,-27.3,9.3,-10.5
A,BPRM_SQM,CPA_F410011,NSA,PCH_SM,NO,,,,,,,,,,-6.0,-8.3,-10.8,16.0,14.6,5.0,2.6,-2.1,-5.5,3.2,4.7,2.8,0.6,-8.8,8.5,7.9,-4.4,-4.1,-6.4,-3.0,18.3,-16.8,-30.6,-14.9,3.5
A,BPRM_SQM,CPA_F410011,NSA,PCH_SM,PL,,,,,,,,,,14.3,-49.6,49.8,-6.6,0.0,28.3,42.1,1.7,-10.6,-3.0,-4.0,-13.0,-10.4,-4.5,11.5,11.8,11.8,7.6,4.8,4.2,25.2,-25.5,-23.0,8.4,9.2
A,BPRM_SQM,CPA_F410011,NSA,PCH_SM,PT,,,,,,,,,,0.6,-2.1,-10.0,-9.8,-0.1,-5.5,-8.6,-18.2,-25.3,-7.3,-17.0,-29.5,-26.5,-10.9,13.8,20.7,16.6,24.4,7.0,5.2,11.6,4.2,-11.1,7.0,1.8
A,BPRM_SQM,CPA_F410011,NSA,PCH_SM,RO,,,,,,,,,,4.1,-9.1,1.3,23.9,27.8,16.1,12.2,7.1,-20.6,-14.2,-4.6,-4.1,0.3,-4.7,1.2,-1.1,4.4,5.9,1.1,-1.6,23.9,-15.1,-18.8,-0.6,3.8
A,BPRM_SQM,CPA_F410011,NSA,PCH_SM,RS,,,,,,,,,,24.5,4.8,30.3,-0.7,-1.9,2.9,12.1,6.6,-13.4,-23.3,1.5,4.3,0.0,-1.4,22.1,-7.6,47.9,6.4,3.8,8.7,39.9,6.4,-7.9,2.4,-1.0
A,BPRM_SQM,CPA_F410011,NSA,PCH_SM,SE,,,,,,,,,,-9.5,4.7,24.0,14.5,13.5,15.6,-1.9,-19.3,-17.5,14.8,-16.4,-23.4,7.7,30.3,20.2,22.9,0.1,-17.3,2.8,6.5,32.5,-16.4,-50.6,-7.7,5.5
A,BPRM_SQM,CPA_F410011,NSA,PCH_SM,SI,,,,,,,,,,-9.0,-0.8,13.4,7.4,17.2,14.1,7.4,-8.6,-9.7,-16.9,-10.5,-8.4,10.8,-10.1,3.9,2.7,4.3,3.5,-9.1,-1.4,14.4,5.5,-12.2,-9.6,3.8
A,BPRM_SQM,CPA_F410011,NSA,PCH_SM,SK,,,,,,,,,,,,,24.9,-11.5,4.9,20.0,33.2,-18.8,-12.0,-3.5,-2.2,-1.6,2.0,14.2,15.6,5.2,5.9,-2.6,-4.8,9.5,-7.7,-24.8,-16.4,-4.7
A,BPRM_SQM,CPA_F410011,NSA,PCH_SM,TR,,4.7,-0.9,-1.3,-9.2,6.4,-5.6,-20.5,-6.9,4.0,-34.6,0.4,35.6,54.0,-9.2,-22.5,-8.8,-10.0,33.0,-20.4,10.2,8.3,15.1,-4.8,-0.3,17.3,-18.4,-29.1,99.6,85.5,-1.0,10.8,-16.9,4.2
A,BPRM_SQM,CPA_F410011,NSA,PCH_SM,UA,,,,,,,,,,,,,,,,,,,,,,,,,,,,-29.9,,,,,,
A,BPRM_SQM,CPA_F410011,NSA,PCH_SM,UK,,,,,,,,0.4,-4.6,-1.3,-5.3,-3.0,-1.8,-9.5,-2.4,2.7,-39.5,-22.4,6.1,-0.5,9.8,32.2,35.5,28.4,8.1,3.4,13.7,4.6,,,,,,
A,BPRM_SQM,CPA_F410011,NSA,PCH_SM,XK,,,,,,,,,,,,,,,,,,,,,,,,,,,,,,-8.3,4.4,-0.8,-17.7,
A,BPRM_SQM,CPA_F410012_410013,NSA,I15,AL,,,,,,,,,,,,,,,,,,,,,,,,100.0,411.3,1061.9,1752.3,2283.5,2358.3,3176.4,3081.2,,,
A,BPRM_SQM,CPA_F410012_410013,NSA,I15,AT,,,,,,,,,,,,,,56.9,62.1,61.8,67.1,66.8,65.5,84.9,78.6,90.4,94.3,100.0,117.0,142.8,110.0,133.0,115.6,102.9,76.3,,,
A,BPRM_SQM,CPA_F410012_410013,NSA,I15,BA,,,,,,,,,,,,,,,,,,,,,,54.6,79.1,100.0,99.6,113.0,110.8,129.5,143.0,167.7,191.5,199.2,,
A,BPRM_SQM,CPA_F410012_410013,NSA,I15,BE,,,,,57.2,60.4,51.3,67.1,67.9,69.4,76.2,83.1,99.1,115.7,128.2,109.9,107.9,91.1,94.4,86.7,90.9,101.3,115.9,100.0,108.3,102.6,115.8,94.6,88.7,88.0,76.4,,,
A,BPRM_SQM,CPA_F410012_410013,NSA,I15,BG,,,,,,,,,27.0,31.6,42.2,62.8,146.3,207.8,329.0,399.3,327.9,111.5,61.6,51.6,50.0,59.6,86.2,100.0,106.0,148.1,223.0,200.2,177.0,223.9,276.1,258.6,,
A,BPRM_SQM,CPA_F410012_410013,NSA,I15,CY,,,,,,,,,188.4,226.4,284.0,386.6,514.1,658.3,663.1,794.2,835.1,648.0,542.9,314.3,201.9,132.0,74.2,100.0,140.3,219.9,242.6,585.1,460.3,487.5,457.5,,,
A,BPRM_SQM,CPA_F410012_410013,NSA,I15,CZ,,,,,,,,,122.6,129.2,156.6,176.6,198.4,204.4,228.1,259.6,266.9,224.4,165.4,142.6,104.9,84.5,87.7,100.0,114.9,147.7,159.6,191.0,180.3,216.0,194.3,,,
A,BPRM_SQM,CPA_F410012_410013,NSA,I15,DE,,,,,,,,,94.2,77.5,70.2,72.4,67.4,58.2,62.6,50.3,48.3,50.4,53.9,66.5,75.8,89.4,94.9,100.0,122.2,119.2,122.8,128.7,131.3,140.5,136.1,,,
A,BPRM_SQM,CPA_F410012_410013,NSA,I15,DK,,,,,,,38.5,35.6,40.2,50.9,61.1,74.4,84.2,115.1,101.3,49.5,39.6,15.2,49.7,58.4,39.0,33.1,63.9,100.0,131.5,133.5,197.1,162.0,150.4,120.2,123.6,,,
A,BPRM_SQM,CPA_F410012_410013,NSA,I15,EA19,,,,,,,,,,,,,,323.5,318.2,299.5,218.1,159.9,143.7,141.3,118.9,98.0,96.1,100.0,116.7,128.3,132.6,131.3,116.7,134.0,134.6,,,
A,BPRM_SQM,CPA_F410012_410013,NSA,I15,EA20,,,,,,,,,,,,,,323.7,318.6,299.9,218.7,160.2,143.9,141.4,118.9,98.1,96.1,100.0,116.8,128.5,132.8,131.6,117.0,134.4,135.1,,,
A,BPRM_SQM,CPA_F410012_410013,NSA,I15,EE,,,,,,,,12.4,15.5,21.0,41.0,40.4,156.4,146.2,218.2,141.6,77.9,19.5,34.2,46.6,51.6,47.3,66.7,100.0,105.0,134.3,118.1,137.2,150.2,137.5,107.0,92.1,,
A,BPRM_SQM,CPA_F410012_410013,NSA,I15,EL,,,,,,,,,,2425.1,3046.0,2801.8,2578.5,4645.7,2716.5,2144.3,1575.2,1171.6,940.6,480.7,248.6,132.7,106.4,100.0,111.4,136.7,203.9,272.4,344.5,554.5,575.8,,,
A,BPRM_SQM,CPA_F410012_410013,NSA,I15,ES,,,,316.7,286.1,336.6,412.0,454.1,646.9,588.7,625.9,730.0,817.5,864.9,920.5,855.4,428.8,236.8,209.3,174.7,131.1,78.0,86.6,100.0,135.9,157.9,173.9,154.7,72.7,121.4,137.7,,,
A,BPRM_SQM,CPA_F410012_410013,NSA,I15,EU27_2020,,,,,,,,,,,,,,294.2,292.6,274.6,202.9,147.8,134.0,132.3,111.2,93.2,93.4,100.0,118.2,130.9,134.6,131.8,119.0,137.2,136.3,,,
A,BPRM_SQM,CPA_F410012_410013,NSA,I15,FI,,,,49.9,73.6,93.9,95.6,108.5,102.9,83.7,84.5,95.7,91.2,102.8,99.3,87.6,70.8,73.4,94.5,104.4,101.6,81.2,92.9,100.0,119.2,147.7,130.9,123.0,129.6,139.9,118.0,,,
A,BPRM_SQM,CPA_F410012_410013,NSA,I15,FR,,,90.3,76.4,64.5,66.4,101.0,59.3,75.7,72.7,72.1,81.6,108.1,124.3,142.7,133.0,105.4,78.9,101.9,124.0,118.0,104.2,92.9,100.0,117.6,124.6,121.1,112.8,92.0,106.4,120.4,91.8,,
A,BPRM_SQM,CPA_F410012_410013,NSA,I15,HR,,,,,,,,,166.0,274.8,309.5,326.1,323.1,379.8,446.6,437.0,432.2,264.2,202.4,204.1,129.9,107.6,109.6,100.0,140.3,188.4,173.9,241.8,220.3,268.2,309.7,299.6,,
A,BPRM_SQM,CPA_F410012_410013,NSA,I15,HU,,,,,,,79.3,111.5,219.5,311.4,274.7,372.9,424.7,379.2,320.0,326.2,365.9,241.7,142.7,75.1,65.1,48.0,71.7,100.0,311.3,423.1,398.8,376.6,187.0,267.1,409.6,,,
A,BPRM_SQM,CPA_F410012_410013,NSA,I15,IE,,,,,,,,363.2,492.1,522.6,534.6,857.5,924.4,696.6,571.4,689.5,635.3,483.5,236.5,98.5,29.7,46.2,25.9,100.0,124.4,172.2,293.2,570.3,693.6,695.1,468.0,,,
A,BPRM_SQM,CPA_F410012_410013,NSA,I15,IT,,,,,,,,,516.1,522.5,572.3,618.1,712.2,737.2,683.2,661.1,502.2,367.1,282.6,263.8,191.9,124.2,105.3,100.0,107.1,130.3,140.2,144.1,128.8,152.5,153.1,,,
A,BPRM_SQM,CPA_F410012_410013,NSA,I15,LT,,,,,,,,41.3,26.9,24.4,28.3,52.5,62.6,89.9,131.9,177.5,125.9,33.6,46.0,43.1,72.9,78.0,71.3,100.0,136.9,126.5,119.7,114.1,98.9,145.4,139.3,91.4,,
A,BPRM_SQM,CPA_F410012_410013,NSA,I15,LU,,,,,,,,,46.2,40.4,45.7,52.8,71.9,80.1,70.0,93.7,69.3,65.5,58.3,70.6,78.1,54.8,113.7,100.0,71.3,88.9,107.8,105.3,89.2,107.6,62.3,,,
A,BPRM_SQM,CPA_F410012_410013,NSA,I15,LV,,,,,,,,,19.7,36.3,115.8,500.4,998.8,1708.0,2540.1,3266.9,849.6,492.7,419.7,521.5,401.1,865.1,273.6,100.0,295.4,350.5,521.9,437.1,580.6,570.0,622.2,526.9,,
A,BPRM_SQM,CPA_F410012_410013,NSA,I15,ME,,,,,,,,,59.3,45.1,57.4,44.8,73.8,49.3,57.9,81.3,103.7,129.5,101.9,117.0,117.1,112.3,99.8,100.0,98.1,139.4,67.9,46.0,37.4,17.1,60.4,,,
A,BPRM_SQM,CPA_F410012_410013,NSA,I15,MK,,,,,,,,,,,,,,,,,96.9,92.0,106.6,132.8,147.4,90.4,93.2,100.0,139.8,143.3,124.9,91.0,109.5,226.7,124.8,140.7,,
A,BPRM_SQM,CPA_F410012_410013,NSA,I15,MT,,,,,,,,,38.2,44.0,81.7,98.1,113.7,162.7,193.4,221.2,133.5,99.6,79.8,75.1,69.3,57.6,66.5,100.0,144.4,183.4,249.4,246.7,157.7,144.9,181.4,,,
A,BPRM_SQM,CPA_F410012_410013,NSA,I15,NL,,,,,,,,,99.9,87.8,91.3,104.9,100.5,125.6,174.0,172.4,178.0,155.2,143.3,120.4,79.9,53.2,82.3,100.0,102.8,130.9,131.7,106.1,101.7,126.9,122.3,87.6,,
A,BPRM_SQM,CPA_F410012_410013,NSA,I15,NO,,,,,,,,,61.4,73.9,68.2,74.9,95.7,102.3,115.5,109.8,77.2,43.3,55.6,88.1,95.4,100.1,83.4,100.0,117.7,130.3,104.9,105.5,101.4,100.5,106.2,71.7,,
A,BPRM_SQM,CPA_F410012_410013,NSA,I15,PL,,,,,,,,,72.0,53.9,37.7,29.6,47.9,58.8,97.3,150.3,121.7,84.3,77.7,89.5,75.6,60.7,77.0,100.0,110.9,137.2,137.3,142.8,142.5,179.5,170.5,,,
A,BPRM_SQM,CPA_F410012_410013,NSA,I15,PT,,,,,,,,,2845.2,2762.9,2070.2,1632.3,1612.1,1532.5,1495.9,1355.0,883.5,442.9,407.9,231.2,130.9,69.3,70.1,100.0,160.7,223.4,374.9,428.3,452.1,491.0,549.9,635.5,,
A,BPRM_SQM,CPA_F410012_410013,NSA,I15,RO,,,,,,,,,18.7,19.1,10.3,16.1,18.6,35.4,83.9,148.1,241.6,69.1,50.8,39.2,42.9,52.2,74.1,100.0,143.8,168.0,192.2,201.6,185.9,193.9,209.7,147.2,,
A,BPRM_SQM,CPA_F410012_410013,NSA,I15,RS,,,,,,,,,60.1,51.7,79.0,122.7,127.8,117.7,112.5,125.7,139.9,124.3,103.1,110.6,96.8,63.3,69.1,100.0,128.3,173.0,201.4,270.6,295.5,330.2,395.9,,,
A,BPRM_SQM,CPA_F410012_410013,NSA,I15,SE,,,,,,,,,21.1,28.7,22.6,32.5,41.1,53.5,81.6,39.3,37.7,32.7,49.1,57.1,51.8,65.6,75.2,100.0,120.9,132.8,108.7,88.7,111.6,138.4,105.4,,,
A,BPRM_SQM,CPA_F410012_410013,NSA,I15,SI,,,,,,,,,506.8,444.2,673.1,757.9,1099.5,1061.7,1350.3,2241.0,1588.0,837.7,937.7,394.6,291.7,196.9,107.7,100.0,119.4,185.0,358.6,311.0,416.0,498.0,766.2,1026.8,,
A,BPRM_SQM,CPA_F410012_410013,NSA,I15,SK,,,,,,,,,,,,44.7,91.9,171.3,166.7,111.9,213.5,111.8,88.4,38.7,42.3,73.6,75.6,100.0,127.1,82.8,103.0,110.9,97.7,136.5,106.7,,,
A,BPRM_SQM,CPA_F410012_410013,NSA,I15,TR,43.6,52.5,50.6,51.6,45.4,47.6,44.1,35.8,35.9,31.2,18.8,24.6,38.8,62.6,72.2,70.7,55.8,58.2,105.9,69.8,86.2,96.2,121.0,100.0,111.6,156.9,73.6,33.9,58.7,75.9,67.7,76.9,,
A,BPRM_SQM,CPA_F410012_410013,NSA,I15,UK,,,,,,,63.0,67.9,79.1,93.3,109.4,147.7,195.7,217.4,220.5,235.7,142.6,112.5,109.3,103.6,93.7,90.5,96.2,100.0,103.2,106.7,117.0,106.3,,,,,,
A,BPRM_SQM,CPA_F410012_410013,NSA,I21,AL,,,,,,,,,,,,,,,,,,,,,,,,3.1,13.0,33.4,55.2,71.9,74.2,100.0,97.0,67.8,59.9,24.3
A,BPRM_SQM,CPA_F410012_410013,NSA,I21,AT,,,,,,,,,,,,,,47.2,51.6,51.3,55.7,55.4,54.7,70.3,65.3,75.2,78.6,83.4,98.0,119.0,92.9,112.7,100.6,100.0,81.1,58.3,53.4,43.6
A,BPRM_SQM,CPA_F410012_410013,NSA,I21,BA,,,,,,,,,,,,,,,,,,,,,,32.5,47.2,59.6,59.4,67.4,66.1,77.2,85.3,100.0,114.2,118.8,,
A,BPRM_SQM,CPA_F410012_410013,NSA,I21,BE,,,,,56.3,59.5,50.5,66.0,66.9,68.3,75.0,81.9,97.6,114.0,126.3,108.3,106.3,89.7,93.0,85.4,89.5,99.8,114.1,98.5,106.7,101.0,114.1,99.6,91.8,100.0,85.2,84.2,76.5,69.0
A,BPRM_SQM,CPA_F410012_410013,NSA,I21,BG,,,,,,,,,12.1,14.1,18.9,28.1,65.3,92.8,147.0,178.4,146.5,49.8,27.5,23.1,22.3,26.6,38.5,44.7,47.3,66.1,99.6,89.4,79.1,100.0,123.3,115.5,96.4,127.8
A,BPRM_SQM,CPA_F410012_410013,NSA,I21,CY,,,,,,,,,38.6,46.4,58.2,79.3,105.4,135.0,136.0,162.9,171.3,132.9,111.4,64.5,41.4,27.1,15.2,20.5,28.8,45.1,49.8,120.0,94.4,100.0,93.8,112.5,111.0,167.5
A,BPRM_SQM,CPA_F410012_410013,NSA,I21,CZ,,,,,,,,,56.8,59.8,72.5,81.7,91.8,94.6,105.6,120.2,123.6,103.9,76.6,66.0,48.6,39.1,40.6,46.3,53.2,68.4,73.9,88.4,83.5,100.0,89.9,88.5,114.1,112.1
A,BPRM_SQM,CPA_F410012_410013,NSA,I21,DE,,,,,,,,,67.0,55.2,50.0,51.5,47.9,41.4,44.5,35.8,34.3,35.9,38.3,47.3,53.9,63.6,67.5,71.2,87.0,84.8,87.4,91.6,93.4,100.0,96.9,67.2,53.7,57.1
A,BPRM_SQM,CPA_F410012_410013,NSA,I21,DK,,,,,,,28.9,26.6,30.1,38.1,45.8,55.7,63.0,86.2,75.9,37.0,29.7,11.4,37.2,43.8,29.2,24.7,47.8,75.6,98.2,99.3,147.7,121.6,112.4,100.0,106.4,59.1,43.4,45.6
A,BPRM_SQM,CPA_F410012_410013,NSA,I21,EA19,,,,,,,,,,,,,,180.3,182.6,169.7,119.4,86.3,84.0,82.8,74.3,67.2,68.7,73.6,88.1,95.2,98.3,98.8,87.4,100.0,99.3,82.7,,
A,BPRM_SQM,CPA_F410012_410013,NSA,I21,EA20,,,,,,,,,,,,,,179.9,182.5,169.7,120.0,86.4,83.8,82.7,73.8,66.7,67.7,72.5,87.1,94.3,97.3,98.3,87.5,100.0,100.0,83.8,81.7,87.4
A,BPRM_SQM,CPA_F410012_410013,NSA,I21,EA21,,,,,,,,,,,,,,175.8,180.9,170.1,121.2,84.7,81.2,79.9,71.4,64.8,66.3,71.2,85.3,93.0,97.4,97.9,87.1,100.0,101.1,85.3,82.4,89.2
A,BPRM_SQM,CPA_F410012_410013,NSA,I21,EE,,,,,,,,9.0,11.3,15.3,29.8,29.4,113.7,106.3,158.6,102.9,56.7,14.2,24.9,33.9,37.5,34.4,48.5,72.7,76.4,97.7,85.8,99.8,109.2,100.0,77.8,66.9,54.8,83.2
A,BPRM_SQM,CPA_F410012_410013,NSA,I21,EL,,,,,,,,,,437.4,549.3,505.3,465.0,837.8,489.9,386.7,284.1,211.3,169.6,86.7,44.8,23.9,19.2,18.0,20.1,24.7,36.8,49.1,62.1,100.0,103.8,137.1,189.3,136.4
A,BPRM_SQM,CPA_F410012_410013,NSA,I21,ES,,,,260.9,235.7,277.3,339.4,374.1,532.9,485.0,515.6,601.4,673.5,712.5,758.3,704.7,353.2,195.1,172.4,143.9,108.0,64.3,71.3,82.4,111.9,130.1,143.3,127.5,59.9,100.0,113.4,121.5,164.2,194.2
A,BPRM_SQM,CPA_F410012_410013,NSA,I21,EU27_2020,,,,,,,,,,,,,,142.2,150.4,145.6,109.6,74.4,70.9,70.3,62.4,57.0,60.5,67.7,82.3,91.6,95.1,95.2,86.3,100.0,100.2,81.0,81.6,86.6
A,BPRM_SQM,CPA_F410012_410013,NSA,I21,FI,,,,36.1,53.1,67.8,69.0,78.3,73.9,59.9,60.5,69.4,65.4,72.9,71.0,61.5,48.9,51.0,64.9,71.8,67.3,55.7,63.6,70.1,83.6,104.8,90.0,87.8,92.8,100.0,84.5,51.2,39.4,35.6
A,BPRM_SQM,CPA_F410012_410013,NSA,I21,FR,,,85.9,72.7,61.4,63.2,96.1,56.4,72.0,69.2,68.6,77.7,102.9,118.3,135.8,126.5,100.2,75.1,97.0,118.0,112.3,99.0,86.1,92.6,110.0,116.3,112.7,105.7,87.7,100.0,114.3,88.3,75.3,84.7
A,BPRM_SQM,CPA_F410012_410013,NSA,I21,HR,,,,,,,,,61.9,102.5,115.4,121.6,120.5,141.6,166.5,163.0,161.2,98.5,75.5,76.1,48.4,40.1,40.9,37.3,52.3,70.3,64.8,90.2,82.2,100.0,115.5,111.7,125.7,133.1
A,BPRM_SQM,CPA_F410012_410013,NSA,I21,HU,,,,,,,29.7,41.7,82.2,116.6,102.8,139.6,159.0,142.0,119.8,122.1,137.0,90.5,53.4,28.1,24.4,18.0,26.8,37.4,116.5,158.4,149.3,141.0,70.0,100.0,153.3,89.6,83.7,125.2
A,BPRM_SQM,CPA_F410012_410013,NSA,I21,IE,,,,,,,,52.2,70.8,75.2,76.9,123.4,133.0,100.2,82.2,99.2,91.4,69.6,34.0,14.2,4.3,6.7,3.7,14.4,17.9,24.8,42.2,82.0,99.8,100.0,67.3,91.0,57.4,63.1
A,BPRM_SQM,CPA_F410012_410013,NSA,I21,IT,,,,,,,,,338.6,342.7,375.4,405.4,467.1,483.6,448.1,433.7,329.4,240.8,185.4,173.0,125.9,81.5,69.1,65.6,70.3,85.4,92.0,94.5,84.5,100.0,100.4,95.3,93.2,88.4
A,BPRM_SQM,CPA_F410012_410013,NSA,I21,LT,,,,,,,,28.5,18.5,16.8,19.5,36.2,43.1,61.9,90.9,122.3,86.7,23.2,31.7,29.7,50.2,53.8,49.1,68.9,94.3,87.1,82.5,78.6,68.2,100.0,94.6,63.7,73.7,101.7
A,BPRM_SQM,CPA_F410012_410013,NSA,I21,LU,,,,,,,,,43.0,37.6,42.4,49.1,66.8,74.5,65.1,87.1,64.4,60.9,54.2,65.6,72.5,51.0,105.7,92.9,66.2,82.6,100.2,97.9,82.9,100.0,57.9,57.5,53.2,38.2
A,BPRM_SQM,CPA_F410012_410013,NSA,I21,LV,,,,,,,,,3.5,6.4,20.3,87.8,175.2,299.6,445.6,573.1,149.0,86.4,73.6,91.5,70.4,151.8,48.0,17.5,51.8,61.5,91.6,76.7,101.8,100.0,109.2,92.4,133.3,189.9
A,BPRM_SQM,CPA_F410012_410013,NSA,I21,ME,,,,,,,,,347.5,264.6,336.2,262.8,432.2,289.1,339.6,476.3,607.6,758.6,597.2,685.5,686.1,657.9,584.7,586.0,575.0,816.9,397.9,269.4,219.2,100.0,354.1,400.4,270.6,413.5
A,BPRM_SQM,CPA_F410012_410013,NSA,I21,MK,,,,,,,,,,,,,,,,,42.8,40.6,47.0,58.5,65.0,39.9,41.1,44.1,61.6,63.2,55.1,40.1,48.3,100.0,55.0,62.0,70.7,71.0
A,BPRM_SQM,CPA_F410012_410013,NSA,I21,MT,,,,,,,,,26.4,30.3,56.3,67.7,78.5,112.3,133.4,152.7,92.1,68.7,55.1,51.8,47.8,39.7,45.9,69.0,99.7,126.6,172.1,170.2,108.8,100.0,125.2,106.8,114.3,158.6
A,BPRM_SQM,CPA_F410012_410013,NSA,I21,NL,,,,,,,,,78.7,69.2,72.0,82.6,79.2,99.0,137.1,135.8,140.3,122.3,113.0,94.9,62.9,42.0,64.8,78.8,81.0,103.2,103.8,83.6,80.1,100.0,96.4,69.2,100.6,80.1
A,BPRM_SQM,CPA_F410012_410013,NSA,I21,NO,,,,,,,,,61.0,73.5,67.8,74.5,95.2,101.8,114.9,109.3,76.8,43.1,55.3,87.7,94.9,99.6,83.0,99.5,117.1,129.6,104.3,105.0,100.9,100.0,105.7,71.4,54.9,65.9
A,BPRM_SQM,CPA_F410012_410013,NSA,I21,PL,,,,,,,,,40.1,30.0,21.0,16.5,26.7,32.7,54.2,83.7,67.8,46.9,43.3,49.9,42.1,33.8,42.9,55.7,61.8,76.4,76.5,79.5,79.4,100.0,95.0,75.6,96.8,82.4
A,BPRM_SQM,CPA_F410012_410013,NSA,I21,PT,,,,,,,,,579.5,562.7,421.6,332.4,328.3,312.1,304.7,276.0,179.9,90.2,83.1,47.1,26.7,14.1,14.3,20.4,32.7,45.5,76.3,87.2,92.1,100.0,112.0,130.0,135.2,173.8
A,BPRM_SQM,CPA_F410012_410013,NSA,I21,RO,,,,,,,,,9.7,9.9,5.3,8.3,9.6,18.3,43.3,76.4,124.6,35.6,26.2,20.2,22.1,26.9,38.2,51.6,74.1,86.7,99.1,104.0,95.9,100.0,108.1,75.9,79.0,94.2
A,BPRM_SQM,CPA_F410012_410013,NSA,I21,RS,,,,,,,,,18.2,15.6,23.9,37.2,38.7,35.7,34.1,38.1,42.4,37.6,31.2,33.5,29.3,19.2,20.9,30.3,38.8,52.4,61.0,82.0,89.5,100.0,119.9,129.0,121.8,124.4
A,BPRM_SQM,CPA_F410012_410013,NSA,I21,SE,,,,,,,,,15.1,20.6,16.2,23.3,29.5,38.4,58.5,28.2,27.0,23.5,35.2,41.0,37.1,47.1,53.9,71.7,86.7,94.9,77.9,64.1,80.2,100.0,76.2,34.4,36.4,40.5
A,BPRM_SQM,CPA_F410012_410013,NSA,I21,SI,,,,,,,,,101.8,89.2,135.2,152.2,220.8,213.2,271.1,450.0,318.9,168.2,188.3,79.2,58.6,39.5,21.6,20.1,24.0,37.1,72.0,62.5,83.5,100.0,153.8,170.0,148.5,136.4
A,BPRM_SQM,CPA_F410012_410013,NSA,I21,SK,,,,,,,,,,,,32.8,67.3,125.5,122.2,82.0,156.4,81.9,64.8,28.4,31.0,53.9,55.4,73.3,93.1,60.7,75.5,81.3,71.6,100.0,78.2,96.4,68.2,83.6
A,BPRM_SQM,CPA_F410012_410013,NSA,I21,TR,56.4,68.0,65.5,66.7,58.7,61.6,57.1,46.3,46.4,40.4,24.3,31.8,50.1,81.0,93.4,91.4,72.2,75.4,137.2,90.5,111.6,124.6,156.8,130.4,145.6,204.6,97.6,44.4,76.9,100.0,90.2,109.3,99.6,141.1
A,BPRM_SQM,CPA_F410012_410013,NSA,I21,UA,,,,,,,,,,,,,,,,,,,,,,,,,,,100.8,116.4,57.7,100.0,52.9,32.7,29.9,45.5
A,BPRM_SQM,CPA_F410012_410013,NSA,I21,XK,,,,,,,,,,,,,,,,,,,,,,,,,,,,,110.0,100.0,190.0,52.8,103.7,
A,BPRM_SQM,CPA_F410012_410013,NSA,MIO_M2,EA19,,,,,,,,,,,,,,130.93,132.68,123.28,86.97,63.0,61.34,60.55,54.38,49.37,50.48,53.99,64.58,69.75,71.97,72.32,63.98,73.1,72.46,60.34,,
A,BPRM_SQM,CPA_F410012_410013,NSA,MIO_M2,EA20,,,,,,,,,,,,,,132.4,134.4,124.9,88.6,64.0,62.1,61.2,54.7,49.7,50.5,54.0,64.8,70.1,72.2,73.1,65.1,74.2,74.0,62.1,60.5,64.5
A,BPRM_SQM,CPA_F410012_410013,NSA,MIO_M2,EA21,,,,,,,,,,,,,,135.7,139.7,131.3,93.8,65.8,63.0,62.1,55.5,50.6,51.9,55.6,66.5,72.5,75.8,76.3,67.9,77.8,78.4,66.2,63.9,69.0
A,BPRM_SQM,CPA_F410012_410013,NSA,MIO_M2,EU27_2020,,,,,,,,,,,,,,147.2,155.6,150.6,113.6,77.3,73.7,73.1,65.0,59.6,63.3,70.7,85.9,95.6,99.2,99.2,90.0,104.1,104.1,84.1,84.7,89.7
A,BPRM_SQM,CPA_F410012_410013,NSA,PCH_SM,AL,,,,,,,,,,,,,,,,,,,,,,,,,319.4,156.9,65.3,30.3,3.2,34.8,-3.0,-30.1,-11.7,-59.4
A,BPRM_SQM,CPA_F410012_410013,NSA,PCH_SM,AT,,,,,,,,,,,,,,,9.3,-0.6,8.6,-0.5,-1.3,28.5,-7.1,15.2,4.5,6.1,17.5,21.4,-21.9,21.3,-10.7,-0.6,-18.9,-28.1,-8.4,-18.4
A,BPRM_SQM,CPA_F410012_410013,NSA,PCH_SM,BA,,,,,,,,,,,,,,,,,,,,,,,45.2,26.3,-0.3,13.5,-1.9,16.8,10.5,17.2,14.2,4.0,,
A,BPRM_SQM,CPA_F410012_410013,NSA,PCH_SM,BE,,,,,,5.7,-15.1,30.7,1.4,2.1,9.8,9.2,19.2,16.8,10.8,-14.3,-1.8,-15.6,3.7,-8.2,4.8,11.5,14.3,-13.7,8.3,-5.3,13.0,-12.7,-7.8,8.9,-14.8,-1.2,-9.1,-9.8
A,BPRM_SQM,CPA_F410012_410013,NSA,PCH_SM,BG,,,,,,,,,,16.5,34.0,48.7,132.4,42.1,58.4,21.4,-17.9,-66.0,-44.8,-16.0,-3.5,19.3,44.7,16.1,5.8,39.7,50.7,-10.2,-11.5,26.4,23.3,-6.3,-16.5,32.6
A,BPRM_SQM,CPA_F410012_410013,NSA,PCH_SM,CY,,,,,,,,,,20.2,25.4,36.3,32.9,28.1,0.7,19.8,5.2,-22.4,-16.2,-42.1,-35.8,-34.5,-43.9,34.9,40.5,56.6,10.4,141.0,-21.3,5.9,-6.2,19.9,-1.3,50.9
A,BPRM_SQM,CPA_F410012_410013,NSA,PCH_SM,CZ,,,,,,,,,,5.3,21.2,12.7,12.4,3.1,11.6,13.8,2.8,-15.9,-26.3,-13.8,-26.4,-19.5,3.8,14.0,14.9,28.6,8.0,19.6,-5.5,19.8,-10.1,-1.6,28.9,-1.8
A,BPRM_SQM,CPA_F410012_410013,NSA,PCH_SM,DE,,,,,,,,,,-17.6,-9.4,3.0,-7.0,-13.6,7.5,-19.6,-4.2,4.7,6.7,23.5,14.0,18.0,6.1,5.5,22.2,-2.5,3.1,4.8,2.0,7.1,-3.1,-30.7,-20.1,6.3
A,BPRM_SQM,CPA_F410012_410013,NSA,PCH_SM,DK,,,,,,,,-8.0,13.2,26.6,20.2,21.6,13.1,36.8,-11.9,-51.3,-19.7,-61.6,226.3,17.7,-33.3,-15.4,93.5,58.2,29.9,1.1,48.7,-17.7,-7.6,-11.0,6.4,-44.5,-26.6,5.1
A,BPRM_SQM,CPA_F410012_410013,NSA,PCH_SM,EA19,,,,,,,,,,,,,,9.9,1.3,-7.1,-29.6,-27.7,-2.7,-1.4,-10.3,-9.6,2.2,7.1,19.7,8.1,3.3,0.5,-11.5,14.4,-0.7,-16.7,,
A,BPRM_SQM,CPA_F410012_410013,NSA,PCH_SM,EA20,,,,,,,,,,,,,,10.0,1.4,-7.0,-29.3,-28.0,-3.0,-1.3,-10.8,-9.6,1.5,7.1,20.1,8.3,3.2,1.0,-11.0,14.3,0.0,-16.2,-2.5,7.0
A,BPRM_SQM,CPA_F410012_410013,NSA,PCH_SM,EA21,,,,,,,,,,,,,,10.6,2.9,-6.0,-28.7,-30.1,-4.1,-1.6,-10.6,-9.2,2.3,7.4,19.8,9.0,4.7,0.5,-11.0,14.8,1.1,-15.6,-3.4,8.3
A,BPRM_SQM,CPA_F410012_410013,NSA,PCH_SM,EE,,,,,,,,,25.6,35.4,94.8,-1.3,286.7,-6.5,49.2,-35.1,-44.9,-75.0,75.4,36.1,10.6,-8.3,41.0,49.9,5.1,27.9,-12.2,16.3,9.4,-8.4,-22.2,-14.0,-18.1,51.8
A,BPRM_SQM,CPA_F410012_410013,NSA,PCH_SM,EL,,,,,,,,,,,25.6,-8.0,-8.0,80.2,-41.5,-21.1,-26.5,-25.6,-19.7,-48.9,-48.3,-46.7,-19.7,-6.3,11.7,22.9,49.0,33.4,26.5,61.0,3.8,32.1,38.1,-27.9
A,BPRM_SQM,CPA_F410012_410013,NSA,PCH_SM,ES,,,,,-9.7,17.6,22.4,10.2,42.4,-9.0,6.3,16.6,12.0,5.8,6.4,-7.1,-49.9,-44.8,-11.6,-16.5,-24.9,-40.5,10.9,15.6,35.8,16.3,10.1,-11.0,-53.0,66.9,13.4,7.1,35.1,18.3
A,BPRM_SQM,CPA_F410012_410013,NSA,PCH_SM,EU27_2020,,,,,,,,,,,,,,11.1,5.8,-3.2,-24.7,-32.1,-4.7,-0.8,-11.2,-8.7,6.1,11.9,21.6,11.3,3.8,0.1,-9.3,15.9,0.2,-19.2,0.7,6.1
A,BPRM_SQM,CPA_F410012_410013,NSA,PCH_SM,FI,,,,,47.1,27.7,1.8,13.5,-5.6,-18.9,1.0,14.7,-5.8,11.5,-2.6,-13.4,-20.5,4.3,27.3,10.6,-6.3,-17.2,14.2,10.2,19.3,25.4,-14.1,-2.4,5.7,7.8,-15.5,-39.4,-23.0,-9.6
A,BPRM_SQM,CPA_F410012_410013,NSA,PCH_SM,FR,,,,-15.4,-15.5,2.9,52.1,-41.3,27.7,-3.9,-0.9,13.3,32.4,15.0,14.8,-6.8,-20.8,-25.0,29.2,21.6,-4.8,-11.8,-13.0,7.5,18.8,5.7,-3.1,-6.2,-17.0,14.0,14.3,-22.7,-14.7,12.5
A,BPRM_SQM,CPA_F410012_410013,NSA,PCH_SM,HR,,,,,,,,,,65.6,12.6,5.4,-0.9,17.5,17.6,-2.1,-1.1,-38.9,-23.4,0.8,-36.4,-17.1,2.0,-8.8,40.2,34.4,-7.8,39.2,-8.9,21.7,15.5,-3.3,12.5,5.9
A,BPRM_SQM,CPA_F410012_410013,NSA,PCH_SM,HU,,,,,,,,40.4,97.1,41.8,-11.8,35.8,13.9,-10.7,-15.6,1.9,12.2,-33.9,-41.0,-47.4,-13.2,-26.2,48.9,39.6,211.5,36.0,-5.7,-5.6,-50.4,42.9,53.3,-41.6,-6.6,49.6
A,BPRM_SQM,CPA_F410012_410013,NSA,PCH_SM,IE,,,,,,,,,35.6,6.2,2.3,60.5,7.8,-24.7,-18.0,20.7,-7.9,-23.9,-51.1,-58.2,-69.7,55.8,-44.8,289.2,24.3,38.5,70.2,94.3,21.7,0.2,-32.7,35.2,-36.9,9.9
A,BPRM_SQM,CPA_F410012_410013,NSA,PCH_SM,IT,,,,,,,,,,1.2,9.5,8.0,15.2,3.5,-7.3,-3.2,-24.0,-26.9,-23.0,-6.7,-27.2,-35.3,-15.2,-5.1,7.2,21.5,7.7,2.7,-10.6,18.3,0.4,-5.1,-2.2,-5.2
A,BPRM_SQM,CPA_F410012_410013,NSA,PCH_SM,LT,,,,,,,,,-35.1,-9.2,16.1,85.6,19.1,43.6,46.8,34.5,-29.1,-73.2,36.6,-6.3,69.0,7.2,-8.7,40.3,36.9,-7.6,-5.3,-4.7,-13.2,46.6,-5.4,-32.7,15.7,38.0
A,BPRM_SQM,CPA_F410012_410013,NSA,PCH_SM,LU,,,,,,,,,,-12.6,12.8,15.8,36.0,11.5,-12.6,33.8,-26.1,-5.4,-11.0,21.0,10.5,-29.7,107.3,-12.1,-28.7,24.8,21.3,-2.3,-15.3,20.6,-42.1,-0.7,-7.5,-28.2
A,BPRM_SQM,CPA_F410012_410013,NSA,PCH_SM,LV,,,,,,,,,,82.9,217.2,332.5,99.5,71.0,48.7,28.6,-74.0,-42.0,-14.8,24.3,-23.1,115.6,-68.4,-63.5,196.0,18.7,48.9,-16.3,32.7,-1.8,9.2,-15.4,44.3,42.5
A,BPRM_SQM,CPA_F410012_410013,NSA,PCH_SM,ME,,,,,,,,,,-23.9,27.1,-21.8,64.5,-33.1,17.5,40.3,27.6,24.9,-21.3,14.8,0.1,-4.1,-11.1,0.2,-1.9,42.1,-51.3,-32.3,-18.6,-54.4,254.1,13.1,-32.4,52.8
A,BPRM_SQM,CPA_F410012_410013,NSA,PCH_SM,MK,,,,,,,,,,,,,,,,,,-5.1,15.8,24.5,11.1,-38.6,3.0,7.3,39.7,2.6,-12.8,-27.2,20.4,107.0,-45.0,12.7,14.0,0.4
A,BPRM_SQM,CPA_F410012_410013,NSA,PCH_SM,MT,,,,,,,,,,14.8,85.8,20.2,16.0,43.1,18.8,14.5,-39.7,-25.4,-19.8,-6.0,-7.7,-16.9,15.6,50.3,44.5,27.0,35.9,-1.1,-36.1,-8.1,25.2,-14.7,7.0,38.8
A,BPRM_SQM,CPA_F410012_410013,NSA,PCH_SM,NL,,,,,,,,,,-12.1,4.0,14.7,-4.1,25.0,38.5,-0.9,3.3,-12.8,-7.6,-16.0,-33.7,-33.2,54.3,21.6,2.8,27.4,0.6,-19.5,-4.2,24.8,-3.6,-28.2,45.4,-20.4
A,BPRM_SQM,CPA_F410012_410013,NSA,PCH_SM,NO,,,,,,,,,,20.5,-7.8,9.9,27.8,6.9,12.9,-4.9,-29.7,-43.9,28.3,58.6,8.2,5.0,-16.7,19.9,17.7,10.7,-19.5,0.7,-3.9,-0.9,5.7,-32.5,-23.1,20.0
A,BPRM_SQM,CPA_F410012_410013,NSA,PCH_SM,PL,,,,,,,,,,-25.2,-30.0,-21.4,61.8,22.5,65.7,54.4,-19.0,-30.8,-7.7,15.2,-15.6,-19.7,26.9,29.8,11.0,23.6,0.1,3.9,-0.1,25.9,-5.0,-20.4,28.0,-14.9
A,BPRM_SQM,CPA_F410012_410013,NSA,PCH_SM,PT,,,,,,,,,,-2.9,-25.1,-21.2,-1.2,-4.9,-2.4,-9.4,-34.8,-49.9,-7.9,-43.3,-43.3,-47.2,1.4,42.7,60.3,39.1,67.7,14.3,5.6,8.6,12.0,16.1,4.0,28.6
A,BPRM_SQM,CPA_F410012_410013,NSA,PCH_SM,RO,,,,,,,,,,2.1,-46.5,56.6,15.7,90.6,136.6,76.4,63.1,-71.4,-26.4,-22.9,9.4,21.7,42.0,35.1,43.6,17.0,14.3,4.9,-7.8,4.3,8.1,-29.8,4.1,19.2
A,BPRM_SQM,CPA_F410012_410013,NSA,PCH_SM,RS,,,,,,,,,,-14.3,53.2,55.6,4.0,-7.8,-4.5,11.7,11.3,-11.3,-17.0,7.4,-12.5,-34.5,8.9,45.0,28.1,35.1,16.4,34.4,9.1,11.7,19.9,7.6,-5.6,2.1
A,BPRM_SQM,CPA_F410012_410013,NSA,PCH_SM,SE,,,,,,,,,,36.4,-21.4,43.8,26.6,30.2,52.3,-51.8,-4.3,-13.0,49.8,16.5,-9.5,27.0,14.4,33.0,20.9,9.5,-17.9,-17.7,25.1,24.7,-23.8,-54.9,5.8,11.3
A,BPRM_SQM,CPA_F410012_410013,NSA,PCH_SM,SI,,,,,,,,,,-12.4,51.6,12.6,45.1,-3.4,27.2,66.0,-29.1,-47.3,12.0,-57.9,-26.0,-32.6,-45.3,-6.9,19.4,54.6,94.1,-13.2,33.6,19.8,53.8,10.5,-12.6,-8.1
A,BPRM_SQM,CPA_F410012_410013,NSA,PCH_SM,SK,,,,,,,,,,,,,105.2,86.5,-2.6,-32.9,90.7,-47.6,-20.9,-56.2,9.2,73.9,2.8,32.3,27.0,-34.8,24.4,7.7,-11.9,39.7,-21.8,23.3,-29.3,22.6
A,BPRM_SQM,CPA_F410012_410013,NSA,PCH_SM,TR,,20.6,-3.7,1.8,-12.0,4.9,-7.3,-18.9,0.2,-12.9,-39.9,30.9,57.5,61.7,15.3,-2.1,-21.0,4.4,82.0,-34.0,23.3,11.6,25.8,-16.8,11.7,40.5,-52.3,-54.5,73.2,30.0,-9.8,21.2,-8.9,41.7
A,BPRM_SQM,CPA_F410012_410013,NSA,PCH_SM,UA,,,,,,,,,,,,,,,,,,,,,,,,,,,,15.5,-50.4,73.3,-47.1,-38.2,-8.6,52.2
A,BPRM_SQM,CPA_F410012_410013,NSA,PCH_SM,UK,,,,,,,,7.8,16.5,18.0,17.3,35.0,32.5,11.1,1.4,6.9,-39.5,-21.1,-2.8,-5.2,-9.6,-3.4,6.3,4.0,3.2,3.4,9.7,-9.1,,,,,,
A,BPRM_SQM,CPA_F410012_410013,NSA,PCH_SM,XK,,,,,,,,,,,,,,,,,,,,,,,,,,,,,,-9.1,90.0,-72.2,96.4,
A,BPRM_SQM,CPA_F410014,NSA,I15,AT,,,,,,,,,,,,,,82.7,86.7,112.8,127.4,117.4,156.1,102.9,76.7,165.2,87.8,100.0,80.7,83.0,92.7,67.2,91.0,49.0,64.9,,,
A,BPRM_SQM,CPA_F410014,NSA,I15,BA,,,,,,,,,,,,,,,,,,,,,,7.9,552.4,100.0,145.6,62.2,274.0,40.5,209.9,127.4,45.0,52.9,,
A,BPRM_SQM,CPA_F410014,NSA,I15,BE,,,,,36.0,26.2,18.0,42.8,34.8,40.5,30.6,48.5,41.2,45.4,50.8,41.8,64.4,58.5,71.5,84.3,106.0,110.4,120.2,100.0,58.2,71.4,97.0,54.9,64.5,61.3,49.7,,,
A,BPRM_SQM,CPA_F410014,NSA,I15,BG,,,,,,,,,3.2,18.8,11.9,19.4,8.5,41.2,50.3,57.1,,22.2,,132.6,68.5,,,100.0,,,,87.0,67.3,,,,,
A,BPRM_SQM,CPA_F410014,NSA,I15,CY,,,,,,,,,454.3,100.4,129.0,196.9,239.7,62.5,192.4,164.6,25.3,244.6,277.0,168.9,63.4,853.1,17.2,100.0,224.8,1281.3,1517.6,617.7,1969.2,656.1,0.0,,,
A,BPRM_SQM,CPA_F410014,NSA,I15,CZ,,,,,,,,,125.8,132.6,160.7,181.2,206.3,205.6,227.0,237.2,223.8,149.3,126.7,120.4,105.1,81.6,86.2,100.0,106.1,113.5,96.3,120.6,119.4,226.8,290.8,,,
A,BPRM_SQM,CPA_F410014,NSA,I15,DE,,,,,,,,,33.5,39.5,44.9,43.2,60.3,67.1,49.2,52.7,44.2,58.0,49.8,51.6,70.6,68.3,92.4,100.0,221.8,125.1,104.5,98.6,102.5,75.5,65.8,,,
A,BPRM_SQM,CPA_F410014,NSA,I15,DK,,,,,,,160.6,108.1,106.0,139.4,125.4,164.9,180.6,178.1,164.2,114.2,100.5,155.2,177.6,253.8,156.0,96.7,144.2,100.0,207.7,164.2,185.4,239.1,197.5,199.4,188.8,,,
A,BPRM_SQM,CPA_F410014,NSA,I15,EA19,,,,,,,,,,,,,,84.6,85.9,113.8,107.7,77.0,103.6,118.2,126.8,108.1,123.2,100.0,107.3,111.0,111.1,130.9,108.5,107.5,108.4,,,
A,BPRM_SQM,CPA_F410014,NSA,I15,EA20,,,,,,,,,,,,,,84.6,86.0,113.8,107.9,77.2,103.7,118.1,126.7,108.1,123.1,100.0,107.2,110.9,111.4,130.9,108.3,107.3,108.6,,,
A,BPRM_SQM,CPA_F410014,NSA,I15,EE,,,,,,,16.6,25.0,0.0,39.8,13.2,39.4,19.6,65.6,170.1,77.0,264.0,187.4,184.0,663.8,187.8,90.0,69.5,100.0,66.5,108.0,314.4,456.4,269.6,327.5,210.3,4.5,,
A,BPRM_SQM,CPA_F410014,NSA,I15,EL,,,,,,,,,,0.0,0.0,0.0,37.4,329.3,93.1,50.5,440.6,468.8,137.4,8.2,130.5,184.6,43.4,100.0,142.8,17.3,238.9,0.0,267.8,145.6,27.5,,,
A,BPRM_SQM,CPA_F410014,NSA,I15,ES,,,,33.8,28.1,28.0,44.9,57.7,5.8,1.6,5.9,6.5,3.7,3.9,2.1,3.1,8.1,26.5,17.0,42.0,67.7,108.6,135.2,100.0,55.2,49.4,60.8,60.6,56.6,44.8,9.6,,,
A,BPRM_SQM,CPA_F410014,NSA,I15,EU27_2020,,,,,,,,,,,,,,84.4,84.0,104.9,100.8,74.6,96.9,114.2,116.9,101.0,118.8,100.0,112.3,115.4,118.2,132.3,115.3,108.9,106.3,,,
A,BPRM_SQM,CPA_F410014,NSA,I15,FI,,,,7.5,14.1,31.8,28.9,15.0,37.5,36.6,25.0,34.9,49.0,50.7,85.9,51.4,83.5,107.9,100.2,128.8,154.4,118.3,156.9,100.0,128.5,135.9,63.1,50.2,22.3,77.0,91.9,,,
A,BPRM_SQM,CPA_F410014,NSA,I15,FR,,,15.4,10.5,12.0,11.2,32.2,31.7,50.0,52.8,44.2,51.4,78.3,85.7,107.3,117.6,114.7,115.3,113.4,102.8,121.5,89.1,104.7,100.0,120.0,126.4,118.7,119.8,127.7,140.9,169.7,158.6,,
A,BPRM_SQM,CPA_F410014,NSA,I15,HR,,,,,,,,,47.5,55.5,124.4,64.5,124.4,104.2,130.9,129.8,200.4,156.2,129.1,58.3,54.3,86.3,68.4,100.0,72.6,97.9,201.7,130.4,31.1,35.6,197.5,246.9,,
A,BPRM_SQM,CPA_F410014,NSA,I15,HU,,,,,,,872.9,804.6,907.6,1103.4,1598.8,1039.4,1658.2,703.9,571.5,339.9,567.5,257.3,327.8,264.0,160.8,287.6,914.0,100.0,229.3,470.0,795.8,378.9,1169.6,914.2,1021.8,,,
A,BPRM_SQM,CPA_F410014,NSA,I15,IE,,,,,,,,,198.1,40.4,80.8,61.5,94.2,65.4,86.5,148.1,169.2,96.2,46.2,25.0,21.2,38.5,69.2,100.0,201.9,215.4,361.5,261.5,205.8,175.0,132.7,,,
A,BPRM_SQM,CPA_F410014,NSA,I15,IT,,,,,,,,,294.7,187.2,457.6,233.5,386.8,243.1,198.5,391.5,304.8,57.2,250.7,329.0,271.3,166.1,176.4,100.0,81.4,167.6,171.7,390.8,216.5,198.0,216.1,,,
A,BPRM_SQM,CPA_F410014,NSA,I15,LT,,,,,,,,129.4,0.0,0.0,0.0,58.8,0.0,235.3,129.4,0.0,323.5,0.0,447.1,64.7,441.2,423.5,635.3,100.0,170.6,41.2,282.4,29.4,411.8,570.6,1176.5,517.6,,
A,BPRM_SQM,CPA_F410014,NSA,I15,LU,,,,,,,,,58.6,24.6,133.2,137.4,125.8,146.1,98.0,112.2,115.2,84.8,220.4,85.6,80.7,131.4,245.2,100.0,65.2,191.3,643.4,330.4,128.4,295.8,51.1,,,
A,BPRM_SQM,CPA_F410014,NSA,I15,MT,,,,,,,,,50.8,37.3,9.9,36.5,11.4,24.1,20.7,25.8,5.5,15.3,36.8,9.0,11.3,38.9,18.7,100.0,32.2,256.3,225.8,961.4,76.1,426.3,54.9,,,
A,BPRM_SQM,CPA_F410014,NSA,I15,NL,,,,,,,,,56.0,42.2,34.3,59.4,73.7,50.2,84.5,86.5,86.5,82.9,81.9,90.0,98.8,106.2,110.6,100.0,52.0,73.5,46.2,69.9,83.9,77.1,79.5,83.5,,
A,BPRM_SQM,CPA_F410014,NSA,I15,NO,,,,,,,,,84.8,110.2,90.7,59.1,104.7,36.3,22.9,51.1,29.5,66.4,78.9,65.1,85.9,73.1,98.6,100.0,123.8,83.2,88.4,132.9,89.3,87.1,81.0,106.2,,
A,BPRM_SQM,CPA_F410014,NSA,I15,PL,,,,,,,,,72.4,79.0,28.5,28.4,59.3,172.2,178.3,268.4,491.7,252.2,124.2,135.3,136.5,148.8,115.4,100.0,153.0,305.2,273.5,337.4,329.2,594.0,582.6,,,
A,BPRM_SQM,CPA_F410014,NSA,I15,PT,,,,,,,,,379.9,358.4,284.7,228.9,298.0,212.3,167.6,195.6,296.4,346.5,340.2,406.3,536.3,206.5,162.9,100.0,123.6,165.1,253.4,237.1,161.4,379.0,301.4,263.0,,
A,BPRM_SQM,CPA_F410014,NSA,I15,RO,,,,,,,,,68.6,45.6,60.0,53.0,46.9,37.7,174.3,266.6,281.8,34.7,24.6,79.9,89.9,83.4,111.7,100.0,31.8,42.9,54.7,59.5,19.6,31.4,38.7,27.8,,
A,BPRM_SQM,CPA_F410014,NSA,I15,RS,,,,,,,,,122.2,164.3,121.3,260.5,172.7,100.8,183.7,348.5,177.3,148.8,40.8,128.1,192.7,206.0,88.5,100.0,180.1,185.6,225.8,294.7,582.6,160.4,752.5,,,
A,BPRM_SQM,CPA_F410014,NSA,I15,SE,,,,,,,,,49.8,77.2,52.7,67.3,36.0,56.6,42.3,27.7,30.7,33.7,34.0,56.2,41.5,52.2,80.3,100.0,129.1,133.2,146.3,116.3,138.7,84.9,54.6,,,
A,BPRM_SQM,CPA_F410014,NSA,I15,SI,,,,,,,,,473.7,336.0,276.4,192.9,231.5,208.0,400.4,815.2,299.9,283.3,433.6,96.3,41.7,229.2,72.6,100.0,194.5,80.9,153.6,227.3,577.3,1008.0,1158.0,644.2,,
A,BPRM_SQM,CPA_F410014,NSA,I15,SK,,,,,,,,,,,,760.5,1402.5,1330.7,1288.0,1421.8,1459.4,1692.3,1380.2,468.4,309.5,354.1,90.0,100.0,262.7,497.5,526.5,2804.6,516.3,636.9,669.7,,,
A,BPRM_SQM,CPA_F410014,NSA,I15,TR,25.6,19.3,24.1,18.1,20.5,26.5,23.5,27.5,19.2,17.9,12.4,16.6,44.1,41.3,63.3,58.8,63.2,73.9,177.3,105.1,146.5,165.4,148.0,100.0,126.5,92.4,72.9,94.5,64.9,79.7,75.0,63.6,,
A,BPRM_SQM,CPA_F410014,NSA,I15,UK,,,,,,,,,,,,,,,,,,,,,,,,100.0,101.8,100.4,91.0,74.8,,,,,,
A,BPRM_SQM,CPA_F410014,NSA,I21,AL,,,,,,,,,,,,,,,,,,,,,,,,0.0,0.0,7.3,26.4,65.0,26.3,100.0,241.0,190.7,432.1,181.4
A,BPRM_SQM,CPA_F410014,NSA,I21,AT,,,,,,,,,,,,,,82.5,86.5,112.5,127.1,117.2,156.7,111.1,76.5,164.9,86.6,100.0,88.9,81.0,94.2,55.6,87.2,100.0,71.3,71.1,42.0,30.1
A,BPRM_SQM,CPA_F410014,NSA,I21,BA,,,,,,,,,,,,,,,,,,,,,,6.2,433.5,78.5,114.3,48.8,215.0,31.8,164.8,100.0,35.3,41.5,,
A,BPRM_SQM,CPA_F410014,NSA,I21,BE,,,,,50.6,36.8,25.3,60.2,49.0,57.0,43.0,68.3,57.9,63.8,71.5,58.7,90.6,82.3,100.5,118.6,149.1,155.2,169.0,140.7,81.9,100.4,136.4,85.6,94.1,100.0,73.7,81.4,80.6,68.5
A,BPRM_SQM,CPA_F410014,NSA,I21,BG,,,,,,,,,11.5,68.7,43.4,70.7,31.2,150.4,183.4,208.3,,80.9,,483.6,249.7,,,364.7,,,,317.2,245.4,,,,,135.6
A,BPRM_SQM,CPA_F410014,NSA,I21,CY,,,,,,,,,69.2,15.3,19.7,30.0,36.5,9.5,29.3,25.1,3.9,37.3,42.2,25.7,9.7,130.0,2.6,15.2,34.3,195.3,231.3,94.1,300.1,100.0,0.0,76.7,94.6,110.3
A,BPRM_SQM,CPA_F410014,NSA,I21,CZ,,,,,,,,,55.5,58.5,70.9,79.9,90.9,90.6,100.1,104.6,98.7,65.8,55.9,53.1,46.3,36.0,38.0,44.1,46.8,50.0,42.4,53.2,52.6,100.0,128.2,105.1,56.6,117.2
A,BPRM_SQM,CPA_F410014,NSA,I21,DE,,,,,,,,,44.4,52.3,59.4,57.2,79.8,88.8,65.1,69.8,58.6,76.8,65.9,68.4,93.5,90.5,122.3,132.4,293.7,165.7,138.4,130.5,135.7,100.0,87.2,113.4,87.5,102.7
A,BPRM_SQM,CPA_F410014,NSA,I21,DK,,,,,,,77.3,52.0,51.0,67.0,60.3,79.4,87.1,85.5,79.1,55.3,49.2,74.9,85.5,122.5,75.6,47.0,69.3,48.7,101.0,80.4,89.8,113.8,106.7,100.0,97.0,48.3,59.0,72.5
A,BPRM_SQM,CPA_F410014,NSA,I21,EA19,,,,,,,,,,,,,,51.8,60.2,65.9,69.7,77.1,74.2,84.6,107.7,118.7,139.5,116.5,104.5,99.6,104.5,101.9,102.5,100.0,87.1,84.4,,
A,BPRM_SQM,CPA_F410014,NSA,I21,EA20,,,,,,,,,,,,,,53.9,62.8,68.7,72.5,80.0,76.6,86.8,110.3,120.6,137.6,115.5,110.6,98.1,104.0,100.4,100.5,100.0,87.4,86.7,75.6,89.7
A,BPRM_SQM,CPA_F410014,NSA,I21,EA21,,,,,,,,,,,,,,54.2,63.2,69.1,72.6,80.0,76.5,87.9,110.7,120.7,138.0,116.2,110.8,98.2,104.9,101.0,100.9,100.0,87.2,86.5,75.5,89.9
A,BPRM_SQM,CPA_F410014,NSA,I21,EE,,,,,,,5.1,7.6,0.0,12.2,4.0,12.0,6.0,20.0,51.9,23.5,80.6,57.2,56.2,202.7,57.4,27.5,21.2,30.5,20.3,33.0,96.0,139.4,82.3,100.0,64.2,1.4,31.4,194.8
A,BPRM_SQM,CPA_F410014,NSA,I21,EL,,,,,,,,,,0.0,0.0,0.0,25.6,226.1,63.9,34.6,302.5,321.9,94.3,5.6,89.6,126.8,29.8,68.7,98.0,11.9,164.0,0.0,183.9,100.0,18.9,0.0,2.9,0.0
A,BPRM_SQM,CPA_F410014,NSA,I21,ES,,,,75.5,62.7,62.5,100.3,128.8,13.0,3.6,13.2,14.5,8.4,8.6,4.8,6.8,18.2,59.2,38.0,93.9,151.2,242.6,302.0,223.4,123.3,110.5,135.9,135.4,126.5,100.0,21.4,18.9,19.4,17.8
A,BPRM_SQM,CPA_F410014,NSA,I21,EU27_2020,,,,,,,,,,,,,,55.4,66.1,72.8,78.1,75.7,71.8,85.6,102.9,111.2,129.3,110.4,107.6,98.3,105.3,101.2,101.4,100.0,88.1,82.5,74.8,90.5
A,BPRM_SQM,CPA_F410014,NSA,I21,FI,,,,10.1,19.0,42.8,38.9,20.3,42.4,48.8,30.9,47.0,64.1,69.3,107.9,67.4,111.3,148.3,125.3,164.5,196.8,158.0,202.8,141.8,169.6,183.1,95.6,58.6,30.0,100.0,125.7,82.2,153.4,240.9
A,BPRM_SQM,CPA_F410014,NSA,I21,FR,,,11.7,7.9,9.1,8.5,24.4,24.0,38.0,40.0,33.6,39.0,59.3,65.0,81.5,89.2,86.8,87.5,85.9,78.1,92.1,68.3,70.1,68.0,99.1,85.2,81.2,80.4,87.9,100.0,121.4,114.0,100.8,131.3
A,BPRM_SQM,CPA_F410014,NSA,I21,HR,,,,,,,,,133.4,155.8,349.4,181.3,349.6,292.7,367.8,364.5,562.9,438.9,362.7,163.7,152.5,242.3,192.0,280.9,204.0,275.0,566.5,366.3,87.3,100.0,554.8,693.6,70.3,193.9
A,BPRM_SQM,CPA_F410014,NSA,I21,HU,,,,,,,95.5,88.0,99.3,120.7,174.9,113.7,181.4,77.0,62.5,37.2,62.1,28.1,35.9,28.9,17.6,31.5,100.0,10.9,25.1,51.4,87.1,41.4,127.9,100.0,111.8,16.1,26.6,95.8
A,BPRM_SQM,CPA_F410014,NSA,I21,IE,,,,,,,,,113.2,23.1,46.2,35.2,53.8,37.4,49.5,84.6,96.7,54.9,26.4,14.3,12.1,22.0,39.6,57.1,115.4,123.1,206.6,149.5,117.6,100.0,75.8,55.8,119.9,131.0
A,BPRM_SQM,CPA_F410014,NSA,I21,IT,,,,,,,,,148.9,94.6,231.1,117.9,195.4,122.8,100.2,197.7,153.9,28.9,126.6,166.2,137.0,83.9,89.1,50.5,41.1,84.6,86.7,197.4,109.3,100.0,109.1,66.0,50.3,28.5
A,BPRM_SQM,CPA_F410014,NSA,I21,LT,,,,,,,,22.7,0.0,0.0,0.0,10.3,0.0,41.2,22.7,0.0,56.7,0.0,78.4,11.3,77.3,74.2,111.3,17.5,29.9,7.2,49.5,5.2,72.2,100.0,206.2,128.9,81.4,99.0
A,BPRM_SQM,CPA_F410014,NSA,I21,LU,,,,,,,,,19.8,8.3,45.0,46.5,42.5,49.4,33.1,37.9,39.0,28.7,74.5,29.0,27.3,44.4,82.9,33.8,22.0,64.7,217.5,111.7,43.4,100.0,17.3,37.2,24.2,21.8
A,BPRM_SQM,CPA_F410014,NSA,I21,LV,,,,,,,,,20.3,0.0,35.5,8.1,418.5,2.4,71.2,236.2,54.9,32.2,6.2,0.0,4.8,79.8,279.6,0.0,16.0,5.3,171.2,24.6,44.8,100.0,58.3,86.2,144.1,146.2
A,BPRM_SQM,CPA_F410014,NSA,I21,MK,,,,,,,,,,,,,,,,,69.2,0.0,0.0,0.0,124.6,39.9,30.8,0.0,254.7,486.4,404.6,263.9,599.7,100.0,235.0,776.1,0.0,400.0
A,BPRM_SQM,CPA_F410014,NSA,I21,MT,,,,,,,,,11.9,8.8,2.3,8.6,2.7,5.6,4.8,6.1,1.3,3.6,8.6,2.1,2.6,9.1,4.4,23.5,7.6,60.1,53.0,225.5,17.8,100.0,12.9,42.0,71.4,26.8
A,BPRM_SQM,CPA_F410014,NSA,I21,NL,,,,,,,,,72.7,54.7,44.5,77.1,95.6,65.1,109.6,112.2,112.2,107.6,106.3,116.7,128.1,137.8,143.5,129.7,67.4,95.3,59.9,90.6,108.9,100.0,103.1,130.2,84.4,60.2
A,BPRM_SQM,CPA_F410014,NSA,I21,NO,,,,,,,,,97.3,126.6,104.2,67.8,120.2,41.6,26.3,58.7,33.8,76.2,90.6,74.7,98.6,84.0,113.2,114.8,142.2,95.6,101.4,152.6,102.6,100.0,93.0,121.9,145.2,126.4
A,BPRM_SQM,CPA_F410014,NSA,I21,PL,,,,,,,,,12.2,13.3,4.8,4.8,10.0,29.0,30.0,45.2,82.8,42.5,20.9,22.8,23.0,25.1,19.4,16.8,25.8,51.4,46.0,56.8,55.4,100.0,98.1,29.8,52.7,75.3
A,BPRM_SQM,CPA_F410014,NSA,I21,PT,,,,,,,,,100.2,94.6,75.1,60.4,78.6,56.0,44.2,51.6,78.2,91.4,89.8,107.2,141.5,54.5,43.0,26.4,32.6,43.6,66.9,62.6,42.6,100.0,79.5,69.4,30.7,118.7
A,BPRM_SQM,CPA_F410014,NSA,I21,RO,,,,,,,,,218.4,145.4,191.3,168.7,149.3,120.0,555.3,849.1,897.6,110.6,78.5,254.4,286.4,265.8,356.0,318.5,101.4,136.6,174.2,189.6,62.4,100.0,123.4,88.5,79.3,80.4
A,BPRM_SQM,CPA_F410014,NSA,I21,RS,,,,,,,,,76.2,102.4,75.6,162.4,107.7,62.8,114.5,217.2,110.5,92.7,25.4,79.8,120.1,128.4,55.2,62.3,112.2,115.7,140.7,183.7,363.1,100.0,469.0,286.7,140.4,160.1
A,BPRM_SQM,CPA_F410014,NSA,I21,SE,,,,,,,,,55.4,85.9,58.7,74.9,40.0,63.0,47.0,30.8,34.2,37.5,37.8,62.5,46.2,58.1,89.4,111.3,143.6,150.6,162.8,129.4,151.2,100.0,76.0,84.5,96.3,120.9
A,BPRM_SQM,CPA_F410014,NSA,I21,SI,,,,,,,,,47.0,33.3,27.4,19.1,23.0,20.6,39.7,80.9,29.8,28.1,43.0,9.6,4.1,22.7,7.2,9.9,19.3,8.0,15.2,22.5,57.3,100.0,114.9,58.8,39.5,48.4
A,BPRM_SQM,CPA_F410014,NSA,I21,SK,,,,,,,,,,,,119.4,220.2,208.9,202.2,223.2,229.1,265.7,216.7,73.5,48.6,55.6,14.1,15.7,41.2,78.1,82.7,440.3,81.1,100.0,105.1,244.3,325.9,540.2
A,BPRM_SQM,CPA_F410014,NSA,I21,TR,30.4,22.9,28.6,21.5,24.4,31.5,27.9,32.6,22.9,21.2,14.7,19.7,52.4,49.1,75.2,69.9,75.1,87.8,213.9,128.8,177.9,201.7,180.5,136.2,165.6,118.4,88.9,113.1,79.3,100.0,101.9,76.7,63.6,87.4
A,BPRM_SQM,CPA_F410014,NSA,I21,UA,,,,,,,,,,,,,,,,,,,,,,,,,,,76.6,265.0,,100.0,,,,
A,BPRM_SQM,CPA_F410014,NSA,I21,XK,,,,,,,,,,,,,,,,,,,,,,,,,,,,,70.1,100.0,84.9,147.7,135.2,
A,BPRM_SQM,CPA_F410014,NSA,MIO_M2,EA19,,,,,,,,,,,,,,2.58,2.99,3.27,3.48,3.83,3.72,4.21,5.33,5.9,6.89,5.76,5.13,4.91,5.18,5.01,5.05,4.93,4.27,4.15,,
A,BPRM_SQM,CPA_F410014,NSA,MIO_M2,EA20,,,,,,,,,,,,,,2.6,3.0,3.3,3.5,3.9,3.7,4.2,5.3,5.9,6.7,5.6,5.3,4.7,5.1,4.8,4.8,4.8,4.1,4.1,3.6,4.2
A,BPRM_SQM,CPA_F410014,NSA,MIO_M2,EA21,,,,,,,,,,,,,,2.6,3.0,3.3,3.5,3.9,3.7,4.3,5.4,6.0,6.7,5.7,5.3,4.7,5.1,4.9,4.9,4.8,4.1,4.1,3.6,4.2
A,BPRM_SQM,CPA_F410014,NSA,MIO_M2,EU27_2020,,,,,,,,,,,,,,3.2,3.8,4.1,4.5,4.3,4.2,4.9,5.9,6.5,7.5,6.4,6.1,5.6,6.1,5.8,5.8,5.7,5.0,4.7,4.2,5.1
A,BPRM_SQM,CPA_F410014,NSA,PCH_SM,AL,,,,,,,,,,,,,,,,,,,,,,,,,,,261.6,146.2,-59.5,280.2,141.0,-20.9,126.6,-58.0
A,BPRM_SQM,CPA_F410014,NSA,PCH_SM,AT,,,,,,,,,,,,,,,4.8,30.1,13.0,-7.8,33.7,-29.1,-31.1,115.6,-47.5,15.5,-11.1,-8.9,16.3,-41.0,56.8,14.7,-28.7,-0.3,-40.9,-28.3
A,BPRM_SQM,CPA_F410014,NSA,PCH_SM,BA,,,,,,,,,,,,,,,,,,,,,,,6891.9,-81.9,45.6,-57.3,340.6,-85.2,418.2,-39.3,-64.7,17.6,,
A,BPRM_SQM,CPA_F410014,NSA,PCH_SM,BE,,,,,,-27.3,-31.3,137.9,-18.6,16.3,-24.6,58.8,-15.2,10.2,12.1,-17.9,54.3,-9.2,22.1,18.0,25.7,4.1,8.9,-16.7,-41.8,22.6,35.9,-37.2,9.9,6.3,-26.3,10.4,-1.0,-15.0
A,BPRM_SQM,CPA_F410014,NSA,PCH_SM,BG,,,,,,,,,,497.4,-36.8,62.9,-55.9,382.1,21.9,13.6,,,,,-48.4,,,,,,,,-22.6,,,,,
A,BPRM_SQM,CPA_F410014,NSA,PCH_SM,CY,,,,,,,,,,-77.9,28.8,52.3,21.7,-74.0,208.4,-14.3,-84.5,856.4,13.1,-39.1,-62.3,1240.2,-98.0,484.6,125.7,469.4,18.4,-59.3,218.9,-66.7,,,23.3,16.6
A,BPRM_SQM,CPA_F410014,NSA,PCH_SM,CZ,,,,,,,,,,5.4,21.2,12.7,13.8,-0.3,10.5,4.5,-5.6,-33.3,-15.0,-5.0,-12.8,-22.2,5.6,16.1,6.1,6.8,-15.2,25.5,-1.1,90.1,28.2,-18.0,-46.1,107.1
A,BPRM_SQM,CPA_F410014,NSA,PCH_SM,DE,,,,,,,,,,17.8,13.6,-3.7,39.5,11.3,-26.7,7.2,-16.0,31.1,-14.2,3.8,36.7,-3.2,35.1,8.3,121.8,-43.6,-16.5,-5.7,4.0,-26.3,-12.8,30.0,-22.8,17.4
A,BPRM_SQM,CPA_F410014,NSA,PCH_SM,DK,,,,,,,,-32.7,-1.9,31.4,-10.0,31.7,9.7,-1.8,-7.5,-30.1,-11.0,52.2,14.2,43.3,-38.3,-37.8,47.4,-29.7,107.4,-20.4,11.7,26.7,-6.2,-6.3,-3.0,-50.2,22.2,22.9
A,BPRM_SQM,CPA_F410014,NSA,PCH_SM,EA19,,,,,,,,,,,,,,-1.3,16.2,9.5,5.8,10.6,-3.8,14.0,27.3,10.2,17.5,-16.5,-10.3,-4.7,4.9,-2.5,0.6,-2.4,-12.9,-3.1,,
A,BPRM_SQM,CPA_F410014,NSA,PCH_SM,EA20,,,,,,,,,,,,,,-0.9,16.5,9.4,5.5,10.3,-4.3,13.3,27.1,9.3,14.1,-16.1,-4.2,-11.3,6.0,-3.5,0.1,-0.5,-12.6,-0.8,-12.8,18.7
A,BPRM_SQM,CPA_F410014,NSA,PCH_SM,EA21,,,,,,,,,,,,,,-0.2,16.6,9.3,5.1,10.2,-4.4,14.9,25.9,9.0,14.3,-15.8,-4.6,-11.4,6.8,-3.7,-0.1,-0.9,-12.8,-0.8,-12.7,19.1
A,BPRM_SQM,CPA_F410014,NSA,PCH_SM,EE,,,,,,,,49.0,,,-67.2,200.0,-50.0,233.3,159.5,-54.7,243.0,-29.0,-1.7,260.7,-71.7,-52.1,-22.9,43.9,-33.4,62.6,190.9,45.2,-41.0,21.5,-35.8,-97.8,2142.9,520.4
A,BPRM_SQM,CPA_F410014,NSA,PCH_SM,EL,,,,,,,,,,,,,,783.2,-71.7,-45.9,774.3,6.4,-70.7,-94.1,1500.0,41.5,-76.5,130.5,42.6,-87.9,1278.2,,,-45.6,-81.1,,,
A,BPRM_SQM,CPA_F410014,NSA,PCH_SM,ES,,,,,-17.0,-0.3,60.5,28.4,-89.9,-72.3,266.7,9.8,-42.1,2.4,-44.2,41.7,167.6,225.3,-35.8,147.1,61.0,60.4,24.5,-26.0,-44.8,-10.4,23.0,-0.4,-6.6,-20.9,-78.6,-11.7,2.6,-8.2
A,BPRM_SQM,CPA_F410014,NSA,PCH_SM,EU27_2020,,,,,,,,,,,,,,1.7,19.3,10.1,7.3,-3.1,-5.2,19.2,20.2,8.1,16.3,-14.6,-2.5,-8.6,7.1,-3.9,0.2,-1.4,-11.9,-6.4,-9.3,21.0
A,BPRM_SQM,CPA_F410014,NSA,PCH_SM,FI,,,,,88.1,125.3,-9.1,-47.8,108.9,15.1,-36.7,52.1,36.4,8.1,55.7,-37.5,65.1,33.2,-15.5,31.3,19.6,-19.7,28.4,-30.1,19.6,8.0,-47.8,-38.7,-48.8,233.3,25.7,-34.6,86.6,57.0
A,BPRM_SQM,CPA_F410014,NSA,PCH_SM,FR,,,,-32.5,15.2,-6.6,187.1,-1.6,58.3,5.3,-16.0,16.1,52.1,9.6,25.4,9.4,-2.7,0.8,-1.8,-9.1,17.9,-25.8,2.6,-3.0,45.7,-14.0,-4.7,-1.0,9.3,13.8,21.4,-6.1,-11.6,30.3
A,BPRM_SQM,CPA_F410014,NSA,PCH_SM,HR,,,,,,,,,,16.8,124.3,-48.1,92.8,-16.3,25.7,-0.9,54.4,-22.0,-17.4,-54.9,-6.8,58.9,-20.8,46.3,-27.4,34.8,106.0,-35.3,-76.2,14.5,454.8,25.0,-89.9,175.8
A,BPRM_SQM,CPA_F410014,NSA,PCH_SM,HU,,,,,,,,-7.9,12.8,21.6,44.9,-35.0,59.5,-57.6,-18.8,-40.5,66.9,-54.8,27.8,-19.5,-39.1,79.0,217.5,-89.1,130.3,104.8,69.5,-52.5,208.9,-21.8,11.8,-85.6,65.2,260.2
A,BPRM_SQM,CPA_F410014,NSA,PCH_SM,IE,,,,,,,,,,-79.6,100.0,-23.8,52.8,-30.5,32.4,70.9,14.3,-43.2,-51.9,-45.8,-15.4,81.8,80.0,44.2,102.1,6.7,67.8,-27.6,-21.3,-15.0,-24.2,-26.4,114.9,9.3
A,BPRM_SQM,CPA_F410014,NSA,PCH_SM,IT,,,,,,,,,,-36.5,144.3,-49.0,65.7,-37.2,-18.4,97.3,-22.2,-81.2,338.1,31.3,-17.6,-38.8,6.2,-43.3,-18.6,105.8,2.5,127.7,-44.6,-8.5,9.1,-39.5,-23.8,-43.3
A,BPRM_SQM,CPA_F410014,NSA,PCH_SM,LT,,,,,,,,,,,,,,,-44.9,,,,,-85.6,584.1,-4.0,50.0,-84.3,70.9,-75.9,587.5,-89.5,1288.5,38.5,106.2,-37.5,-36.9,21.6
A,BPRM_SQM,CPA_F410014,NSA,PCH_SM,LU,,,,,,,,,,-58.1,442.2,3.3,-8.6,16.2,-33.0,14.5,2.9,-26.4,159.6,-61.1,-5.9,62.6,86.7,-59.2,-34.9,194.1,236.2,-48.6,-61.1,130.4,-82.7,115.0,-34.9,-9.9
A,BPRM_SQM,CPA_F410014,NSA,PCH_SM,LV,,,,,,,,,,,,-77.2,5066.7,-99.4,2866.7,231.7,-76.8,-41.3,-80.7,,,1562.5,250.4,,,-66.9,3130.2,-85.6,82.1,123.2,-41.7,47.9,67.2,1.5
A,BPRM_SQM,CPA_F410014,NSA,PCH_SM,MK,,,,,,,,,,,,,,,,,,,,,,-68.0,-22.8,,,91.0,-16.8,-34.8,127.2,-83.3,135.0,230.3,,
A,BPRM_SQM,CPA_F410014,NSA,PCH_SM,MT,,,,,,,,,,-26.1,-73.9,273.9,-68.6,107.4,-14.3,27.1,-78.7,176.9,138.9,-75.6,23.8,250.0,-51.6,434.1,-67.7,690.8,-11.8,325.5,-92.1,461.8,-87.1,225.6,70.0,-62.5
A,BPRM_SQM,CPA_F410014,NSA,PCH_SM,NL,,,,,,,,,,-24.8,-18.6,73.3,24.0,-31.9,68.4,2.4,0.0,-4.1,-1.2,9.8,9.8,7.6,4.1,-9.6,-48.0,41.4,-37.1,51.3,20.2,-8.2,3.1,26.3,-35.2,-28.7
A,BPRM_SQM,CPA_F410014,NSA,PCH_SM,NO,,,,,,,,,,30.1,-17.7,-34.9,77.3,-65.4,-36.8,123.2,-42.4,125.4,18.9,-17.5,32.0,-14.8,34.8,1.4,23.9,-32.8,6.1,50.5,-32.8,-2.5,-7.0,31.1,19.1,-12.9
A,BPRM_SQM,CPA_F410014,NSA,PCH_SM,PL,,,,,,,,,,9.0,-63.9,0.0,108.3,190.0,3.4,50.7,83.2,-48.7,-50.8,9.1,0.9,9.1,-22.7,-13.4,53.6,99.2,-10.5,23.5,-2.5,80.5,-1.9,-69.6,76.8,42.9
A,BPRM_SQM,CPA_F410014,NSA,PCH_SM,PT,,,,,,,,,,-5.6,-20.6,-19.6,30.1,-28.8,-21.1,16.7,51.6,16.9,-1.8,19.4,32.0,-61.5,-21.1,-38.6,23.5,33.7,53.4,-6.4,-31.9,134.7,-20.5,-12.7,-55.8,286.6
A,BPRM_SQM,CPA_F410014,NSA,PCH_SM,RO,,,,,,,,,,-33.4,31.6,-11.8,-11.5,-19.6,362.8,52.9,5.7,-87.7,-29.0,224.1,12.6,-7.2,33.9,-10.5,-68.2,34.7,27.5,8.8,-67.1,60.3,23.4,-28.3,-10.4,1.4
A,BPRM_SQM,CPA_F410014,NSA,PCH_SM,RS,,,,,,,,,,34.4,-26.2,114.8,-33.7,-41.7,82.3,89.7,-49.1,-16.1,-72.6,214.2,50.5,6.9,-57.0,12.9,80.1,3.1,21.6,30.6,97.7,-72.5,369.0,-38.9,-51.0,14.0
A,BPRM_SQM,CPA_F410014,NSA,PCH_SM,SE,,,,,,,,,,55.1,-31.7,27.6,-46.6,57.5,-25.4,-34.5,11.0,9.6,0.8,65.3,-26.1,25.8,53.9,24.5,29.0,4.9,8.1,-20.5,16.8,-33.9,-24.0,11.2,14.0,25.5
A,BPRM_SQM,CPA_F410014,NSA,PCH_SM,SI,,,,,,,,,,-29.1,-17.7,-30.3,20.4,-10.4,92.7,103.8,-63.2,-5.7,53.0,-77.7,-57.3,453.7,-68.3,37.5,94.9,-58.5,90.0,48.0,154.7,74.5,14.9,-48.8,-32.8,22.5
A,BPRM_SQM,CPA_F410014,NSA,PCH_SM,SK,,,,,,,,,,,,,84.4,-5.1,-3.2,10.4,2.6,16.0,-18.4,-66.1,-33.9,14.4,-74.6,11.3,162.4,89.6,5.9,432.4,-81.6,23.3,5.1,132.4,33.4,65.8
A,BPRM_SQM,CPA_F410014,NSA,PCH_SM,TR,,-24.7,24.9,-24.8,13.5,29.1,-11.4,16.8,-29.8,-7.4,-30.7,34.0,166.0,-6.3,53.2,-7.0,7.4,16.9,143.6,-39.8,38.1,13.4,-10.5,-24.5,21.6,-28.5,-24.9,27.2,-29.9,26.1,1.9,-24.7,-17.1,37.4
A,BPRM_SQM,CPA_F410014,NSA,PCH_SM,UA,,,,,,,,,,,,,,,,,,,,,,,,,,,,246.0,,,,,,
A,BPRM_SQM,CPA_F410014,NSA,PCH_SM,UK,,,,,,,,,,,,,,,,,,,,,,,,,1.8,-1.4,-9.4,-17.8,,,,,,
A,BPRM_SQM,CPA_F410014,NSA,PCH_SM,XK,,,,,,,,,,,,,,,,,,,,,,,,,,,,,,42.7,-15.1,74.0,-8.5,
A,BPRM_SQM,CPA_F41001_41002,NSA,I15,AT,,,,,,,,,,,,,,63.2,76.7,78.2,84.0,80.2,87.8,97.0,83.9,85.6,91.5,100.0,98.7,108.2,102.9,110.7,103.2,108.5,82.3,,,
A,BPRM_SQM,CPA_F41001_41002,NSA,I15,BA,,,,,,,,,,,,,,,,,,,,,,84.1,88.1,100.0,124.0,146.1,150.9,155.6,161.4,164.9,177.0,184.8,,
A,BPRM_SQM,CPA_F41001_41002,NSA,I15,BE,,,,,114.4,114.7,105.4,122.5,114.2,113.0,99.7,96.9,114.8,122.6,125.3,122.5,121.1,110.2,111.0,105.5,110.2,109.5,111.8,100.0,98.2,98.4,121.5,126.7,118.1,126.2,106.6,,,
A,BPRM_SQM,CPA_F41001_41002,NSA,I15,BG,,,,,,,,,33.8,41.8,51.3,76.9,118.4,152.6,205.2,256.0,212.6,115.4,83.3,87.9,75.5,82.5,81.7,100.0,111.9,130.9,153.0,124.1,103.9,133.3,143.9,153.0,,
A,BPRM_SQM,CPA_F41001_41002,NSA,I15,CY,,,,,,,,,188.8,228.4,249.1,296.8,345.1,391.5,401.5,413.5,422.4,358.8,332.2,257.9,171.7,118.0,88.8,100.0,119.3,172.8,195.8,294.4,257.1,268.2,251.2,,,
A,BPRM_SQM,CPA_F41001_41002,NSA,I15,CZ,,,,,,,,,91.4,103.0,113.5,129.5,133.4,136.8,160.3,158.3,156.9,115.4,113.6,102.3,101.8,86.4,85.4,100.0,112.8,119.0,128.4,131.5,121.3,149.3,143.0,,,
A,BPRM_SQM,CPA_F41001_41002,NSA,I15,DE,,,,,,,,,125.2,113.2,105.2,109.6,99.0,90.3,95.4,79.6,82.4,77.1,78.9,91.5,92.4,95.9,95.2,100.0,112.8,109.0,111.9,114.3,118.4,120.3,111.1,,,
A,BPRM_SQM,CPA_F41001_41002,NSA,I15,DK,,,,,,,133.0,127.8,132.7,137.6,131.9,134.0,142.1,166.4,193.5,151.8,131.6,83.0,94.4,92.6,82.2,81.1,87.9,100.0,113.0,110.0,129.6,123.4,129.1,139.6,117.3,,,
A,BPRM_SQM,CPA_F41001_41002,NSA,I15,EA19,,,,,,,,,,,,,,293.0,325.6,302.8,216.4,157.1,138.7,135.8,118.5,102.2,95.9,100.0,112.2,122.8,129.4,129.8,113.6,130.9,130.6,,,
A,BPRM_SQM,CPA_F41001_41002,NSA,I15,EA20,,,,,,,,,,,,,,292.6,325.1,302.4,216.3,157.1,138.7,135.7,118.4,102.1,95.9,100.0,112.2,122.8,129.3,129.7,113.6,130.9,130.8,,,
A,BPRM_SQM,CPA_F41001_41002,NSA,I15,EE,,,,,,,29.8,23.8,28.0,33.9,61.0,61.8,117.9,121.4,163.8,144.2,110.8,60.5,50.8,60.4,72.3,67.7,75.2,100.0,100.3,121.1,100.7,102.0,122.8,122.9,96.0,91.3,,
A,BPRM_SQM,CPA_F41001_41002,NSA,I15,EL,,,,,,,,,,901.4,1054.7,1057.4,948.7,1353.0,1003.4,949.3,786.5,555.2,450.8,247.3,156.7,106.2,89.2,100.0,79.1,105.0,137.1,152.2,164.4,247.6,238.8,,,
A,BPRM_SQM,CPA_F41001_41002,NSA,I15,ES,,,,262.8,251.5,287.6,358.0,411.8,895.7,830.3,826.8,942.7,1082.9,1183.8,1516.1,1302.9,626.5,335.7,220.3,185.8,151.8,100.2,96.3,100.0,143.3,178.4,200.7,194.7,101.7,162.9,229.7,,,
A,BPRM_SQM,CPA_F41001_41002,NSA,I15,EU27_2020,,,,,,,,,,,,,,263.2,293.8,275.0,201.7,146.6,131.2,129.0,112.8,98.9,94.8,100.0,113.3,123.5,129.2,128.7,114.9,133.8,131.5,,,
A,BPRM_SQM,CPA_F41001_41002,NSA,I15,FI,,,,75.9,92.0,112.7,122.7,131.4,132.7,123.4,124.3,129.8,130.2,142.1,149.1,153.9,128.3,113.7,121.7,126.8,114.6,107.0,98.3,100.0,109.8,117.3,114.0,115.1,107.5,116.8,95.2,,,
A,BPRM_SQM,CPA_F41001_41002,NSA,I15,FR,,,92.9,85.6,85.2,88.1,112.0,112.0,123.4,121.3,114.8,119.4,130.1,143.0,153.9,150.8,132.4,111.3,124.0,132.1,125.0,112.0,97.7,100.0,110.5,118.4,112.9,114.8,98.0,115.8,118.2,95.6,,
A,BPRM_SQM,CPA_F41001_41002,NSA,I15,HR,,,,,,,,,83.3,121.7,137.1,156.5,160.3,182.2,196.6,210.7,196.7,153.9,133.5,106.8,82.1,66.2,76.0,100.0,103.7,116.1,105.4,121.5,113.9,138.2,166.2,173.0,,
A,BPRM_SQM,CPA_F41001_41002,NSA,I15,HU,,,,,,,134.6,142.8,180.7,196.4,189.8,232.3,219.8,205.9,195.4,179.7,203.6,146.2,107.1,81.2,82.9,75.0,77.3,100.0,179.3,206.0,204.9,188.9,151.3,196.3,212.3,,,
A,BPRM_SQM,CPA_F41001_41002,NSA,I15,IE,,,,,,,,,394.0,365.0,322.4,341.3,429.6,456.6,436.3,542.2,377.8,226.5,110.5,83.5,61.3,65.7,61.3,100.0,115.9,126.0,162.6,184.1,181.8,191.6,158.9,,,
A,BPRM_SQM,CPA_F41001_41002,NSA,I15,IT,,,,,,,,,389.2,399.3,466.2,447.9,491.2,479.0,451.1,441.2,359.0,270.9,226.3,208.7,160.1,115.2,98.2,100.0,105.2,124.3,140.7,142.5,116.3,136.8,138.6,,,
A,BPRM_SQM,CPA_F41001_41002,NSA,I15,LT,,,,,,,,30.9,34.1,32.1,44.9,53.0,73.1,100.2,110.5,146.4,126.3,92.0,80.2,63.8,79.9,98.0,87.2,100.0,105.8,101.9,106.2,91.1,98.0,118.4,105.0,96.3,,
A,BPRM_SQM,CPA_F41001_41002,NSA,I15,LU,,,,,,,,,70.0,69.3,67.2,75.0,75.2,62.8,76.1,78.1,80.8,71.3,70.4,84.1,79.5,81.8,107.4,100.0,80.2,103.3,95.8,98.2,84.7,88.7,64.3,,,
A,BPRM_SQM,CPA_F41001_41002,NSA,I15,LV,,,,,,,,,76.9,128.8,136.7,152.9,226.0,294.0,392.4,451.0,265.6,183.7,160.0,194.6,153.2,210.7,145.3,100.0,96.6,103.8,136.6,169.9,147.7,179.2,151.2,153.4,,
A,BPRM_SQM,CPA_F41001_41002,NSA,I15,ME,,,,,,,,,47.4,37.6,45.6,36.3,59.7,38.4,45.0,64.1,84.3,113.3,81.4,76.6,101.2,87.2,95.3,100.0,113.3,140.1,74.2,31.5,38.7,21.1,52.5,,,
A,BPRM_SQM,CPA_F41001_41002,NSA,I15,MK,,,,,,,,,,,,,,,,,88.9,74.9,83.2,95.5,111.0,84.1,94.8,100.0,127.6,120.2,87.2,96.2,92.7,145.6,111.9,122.7,,
A,BPRM_SQM,CPA_F41001_41002,NSA,I15,MT,,,,,,,,,102.2,68.2,102.2,115.4,123.3,164.9,186.6,191.0,116.5,88.4,86.4,77.1,81.8,64.9,76.2,100.0,158.2,169.1,244.4,243.2,161.1,166.9,193.0,,,
A,BPRM_SQM,CPA_F41001_41002,NSA,I15,NL,,,,,,,,,214.2,192.2,155.2,163.1,171.9,180.3,213.0,232.6,217.4,157.9,127.9,129.9,92.9,72.1,83.1,100.0,108.6,134.6,138.2,114.4,128.5,143.6,122.3,100.3,,
A,BPRM_SQM,CPA_F41001_41002,NSA,I15,NO,,,,,,,,37.3,78.4,79.5,73.8,73.2,84.5,91.8,98.3,109.2,104.1,84.6,95.5,101.0,103.1,101.9,96.9,100.0,112.4,111.6,105.0,104.0,99.5,105.3,,,,
A,BPRM_SQM,CPA_F41001_41002,NSA,I15,PL,,,,,,,,,77.8,114.0,59.0,64.2,79.4,83.4,98.3,125.9,123.0,101.6,97.2,101.3,90.0,85.7,85.3,100.0,116.1,121.4,128.0,119.4,116.1,146.9,131.2,,,
A,BPRM_SQM,CPA_F41001_41002,NSA,I15,PT,,,,,,,,,713.5,707.2,617.3,514.2,490.8,468.0,465.2,445.0,358.0,243.2,221.8,177.1,130.4,102.2,92.1,100.0,129.8,148.8,193.0,195.0,200.1,222.1,231.7,230.8,,
A,BPRM_SQM,CPA_F41001_41002,NSA,I15,RO,,,,,,,,,105.9,77.8,74.2,88.8,100.5,125.9,171.3,232.6,225.9,149.1,119.1,140.1,115.8,110.5,129.8,100.0,97.4,118.7,132.5,135.7,120.3,130.2,142.4,140.0,,
A,BPRM_SQM,CPA_F41001_41002,NSA,I15,RS,,,,,,,,,48.7,51.3,66.0,95.3,94.6,90.8,96.4,104.4,107.5,89.8,70.8,79.8,78.6,66.0,60.7,100.0,120.4,171.5,190.3,216.2,231.1,249.1,271.8,,,
A,BPRM_SQM,CPA_F41001_41002,NSA,I15,SE,,,,,,,,,69.1,61.4,56.7,62.2,65.2,78.0,95.6,83.9,76.4,59.5,73.2,79.0,67.4,74.1,87.1,100.0,122.5,130.5,115.4,112.1,121.0,152.1,129.8,,,
A,BPRM_SQM,CPA_F41001_41002,NSA,I15,SI,,,,,,,,,152.9,138.5,159.1,164.4,183.6,192.7,275.2,278.8,216.4,173.1,164.7,139.7,103.2,108.9,81.5,100.0,138.8,151.0,150.4,133.5,131.3,161.1,181.2,168.6,,
A,BPRM_SQM,CPA_F41001_41002,NSA,I15,SK,,,,,,,,,,,,82.5,140.4,132.5,145.5,160.7,195.6,125.0,102.6,93.8,89.5,94.2,97.7,100.0,140.3,118.4,124.6,132.8,120.5,138.1,123.6,,,
A,BPRM_SQM,CPA_F41001_41002,NSA,I15,TR,42.6,49.6,47.6,49.0,45.9,48.8,46.1,36.8,36.1,33.8,21.5,26.9,40.7,61.8,71.0,72.4,57.8,56.0,97.5,67.3,86.2,95.5,119.3,100.0,107.1,145.7,79.0,39.0,59.0,79.3,75.6,84.4,,
A,BPRM_SQM,CPA_F41001_41002,NSA,I15,UK,,,,,,,118.9,116.6,114.1,115.7,113.4,117.3,125.6,120.8,120.6,128.1,103.6,91.2,87.1,85.7,88.8,78.9,90.5,100.0,102.1,101.9,103.5,96.5,,,,,,
A,BPRM_SQM,CPA_F41001_41002,NSA,I21,AT,,,,,,,,,,,,,,55.9,64.6,65.6,69.4,67.1,73.7,82.0,72.4,75.3,79.1,85.0,87.9,96.4,90.2,98.8,92.6,100.0,81.4,61.7,52.4,49.4
A,BPRM_SQM,CPA_F41001_41002,NSA,I21,BA,,,,,,,,,,,,,,,,,,,,,,51.0,53.4,60.7,75.2,88.6,91.5,94.4,97.9,100.0,107.3,112.1,,
A,BPRM_SQM,CPA_F41001_41002,NSA,I21,BE,,,,,,,,,86.9,86.1,75.7,73.2,87.0,92.6,94.6,92.9,91.8,83.7,84.0,80.1,83.6,82.9,84.6,75.7,74.2,74.7,92.4,99.3,91.9,100.0,85.3,86.2,75.0,71.5
A,BPRM_SQM,CPA_F41001_41002,NSA,I21,BG,,,,,,,,,21.6,26.6,33.0,49.8,82.2,109.5,150.3,185.1,153.9,77.7,54.3,56.1,48.5,53.3,55.8,67.1,74.0,89.0,108.8,91.5,78.6,100.0,111.9,114.8,94.0,115.8
A,BPRM_SQM,CPA_F41001_41002,NSA,I21,CY,,,,,,,,,70.4,85.2,92.9,110.7,128.7,146.0,149.7,154.2,157.5,133.8,123.9,96.2,64.0,44.0,33.1,37.3,44.5,64.4,73.0,109.8,95.9,100.0,93.6,97.8,99.0,139.4
A,BPRM_SQM,CPA_F41001_41002,NSA,I21,CZ,,,,,,,,,60.8,68.2,75.7,86.3,89.5,91.5,106.5,105.5,104.7,78.0,75.5,68.4,67.3,57.4,57.2,66.4,74.5,79.2,85.1,88.1,81.4,100.0,95.4,87.2,86.5,77.1
A,BPRM_SQM,CPA_F41001_41002,NSA,I21,DE,,,,,,,,,105.2,96.9,88.3,89.6,81.3,75.2,80.5,71.3,75.7,68.6,69.4,79.2,79.5,81.1,79.4,82.9,93.5,91.0,93.9,95.6,98.5,100.0,93.1,69.0,60.5,62.0
A,BPRM_SQM,CPA_F41001_41002,NSA,I21,DK,,,,,,,91.8,88.2,91.6,94.9,91.1,92.5,98.1,114.8,133.6,104.8,90.9,57.5,65.2,64.0,56.9,56.1,61.7,69.2,79.1,75.9,89.3,85.0,89.8,100.0,84.9,68.2,63.4,63.8
A,BPRM_SQM,CPA_F41001_41002,NSA,I21,EA19,,,,,,,,,,,,,,156.7,170.5,164.8,132.0,102.1,95.1,95.4,86.8,79.9,75.5,78.8,87.1,93.7,96.9,97.7,88.9,100.0,96.6,83.5,,
A,BPRM_SQM,CPA_F41001_41002,NSA,I21,EA20,,,,,,,,,,,,,,149.7,161.8,157.4,129.0,100.5,93.8,93.9,85.3,78.4,73.5,76.8,85.4,92.0,95.1,96.7,90.4,100.0,95.9,83.6,81.9,82.1
A,BPRM_SQM,CPA_F41001_41002,NSA,I21,EA21,,,,,,,,,,,,,,148.7,161.5,158.1,129.6,99.9,92.8,92.9,84.4,77.7,73.1,76.6,85.2,91.9,95.5,96.5,90.1,100.0,96.3,84.3,82.2,83.0
A,BPRM_SQM,CPA_F41001_41002,NSA,I21,EE,,,,,,,25.9,20.5,24.7,29.7,52.0,49.8,89.0,93.6,123.3,114.8,94.5,53.9,42.9,51.5,64.5,58.3,64.0,86.6,85.2,102.2,83.0,81.2,101.8,100.0,78.0,76.2,76.0,81.3
A,BPRM_SQM,CPA_F41001_41002,NSA,I21,EL,,,,,,,,,,371.9,437.2,433.5,391.1,572.5,413.3,383.1,313.4,224.0,181.8,100.3,62.3,41.4,34.6,38.2,31.1,40.8,53.5,60.0,66.1,100.0,97.1,115.6,140.9,116.9
A,BPRM_SQM,CPA_F41001_41002,NSA,I21,ES,,,,164.2,152.3,178.8,223.5,252.9,375.1,356.3,355.0,400.6,450.2,484.9,592.4,531.3,279.2,162.0,112.7,95.0,78.0,58.1,52.3,55.9,73.5,98.0,100.5,100.7,78.4,100.0,114.5,125.8,152.3,162.2
A,BPRM_SQM,CPA_F41001_41002,NSA,I21,EU27_2020,,,,,,,,,,,,,,127.5,140.3,140.2,119.4,91.3,85.2,85.4,77.5,72.1,69.3,74.0,83.5,89.8,93.4,93.2,87.8,100.0,95.1,81.5,79.8,80.9
A,BPRM_SQM,CPA_F41001_41002,NSA,I21,FI,,,,64.9,78.7,96.4,104.9,112.4,111.0,103.0,104.4,109.1,109.7,118.0,124.7,126.9,105.5,92.7,98.8,100.6,92.4,85.2,78.3,80.8,89.0,95.5,92.5,94.7,90.7,100.0,81.4,65.7,59.4,61.5
A,BPRM_SQM,CPA_F41001_41002,NSA,I21,FR,,,80.8,75.8,74.6,77.3,97.0,101.1,111.6,110.0,102.2,105.1,111.8,123.3,132.8,131.2,118.1,101.5,109.6,116.4,110.7,100.1,86.6,86.5,95.9,102.6,98.6,101.7,86.9,100.0,102.8,86.1,80.4,83.8
A,BPRM_SQM,CPA_F41001_41002,NSA,I21,HR,,,,,,,,,60.2,88.1,99.2,113.2,115.9,131.8,142.2,152.4,142.3,111.4,96.6,77.3,59.4,47.9,55.0,72.3,75.0,84.0,76.2,87.9,82.4,100.0,120.3,125.2,130.1,116.3
A,BPRM_SQM,CPA_F41001_41002,NSA,I21,HU,,,,,,,70.5,71.2,86.5,94.1,90.9,110.4,102.6,99.3,95.3,86.1,101.7,73.5,56.4,42.8,45.2,42.1,41.9,54.4,91.4,102.8,103.1,93.3,78.7,100.0,106.9,82.9,62.4,71.9
A,BPRM_SQM,CPA_F41001_41002,NSA,I21,IE,,,,,,,,,205.7,190.5,168.3,178.2,224.3,238.4,227.7,283.0,197.2,118.3,57.7,43.6,32.0,34.3,32.0,52.2,60.5,65.8,84.9,96.1,94.9,100.0,82.9,91.2,80.5,79.4
A,BPRM_SQM,CPA_F41001_41002,NSA,I21,IT,,,,,,,,,280.2,293.3,362.9,319.1,339.0,313.8,297.9,295.9,252.2,192.0,162.8,145.0,112.1,82.8,68.7,74.3,78.5,94.5,111.5,111.5,86.3,100.0,103.0,99.3,100.7,98.1
A,BPRM_SQM,CPA_F41001_41002,NSA,I21,LT,,,,,,,,26.2,28.9,27.2,38.0,45.0,62.0,85.0,93.7,124.1,107.1,78.0,68.0,54.1,67.8,83.1,74.0,84.8,89.8,86.4,90.0,77.2,83.1,100.0,84.9,79.2,96.5,82.6
A,BPRM_SQM,CPA_F41001_41002,NSA,I21,LU,,,,,,,,,78.9,78.0,75.8,84.5,84.8,70.8,85.8,88.0,91.0,80.3,79.3,94.8,89.5,92.2,121.1,112.7,90.4,116.4,108.0,110.7,95.5,100.0,72.5,63.2,52.1,57.3
A,BPRM_SQM,CPA_F41001_41002,NSA,I21,LV,,,,,,,,,42.9,71.9,76.3,85.4,126.1,164.1,219.0,251.7,148.3,102.5,89.3,108.6,85.5,117.6,81.1,55.8,53.9,57.9,76.3,94.8,82.4,100.0,84.4,85.6,96.5,116.6
A,BPRM_SQM,CPA_F41001_41002,NSA,I21,ME,,,,,,,,,225.0,178.5,216.4,172.2,283.4,182.2,213.7,304.0,399.9,537.4,386.3,363.3,480.3,413.8,452.0,474.4,537.6,664.6,352.0,149.6,183.8,100.0,248.9,,,
A,BPRM_SQM,CPA_F41001_41002,NSA,I21,MK,,,,,,,,,,,,,,,,,61.0,51.4,57.1,65.6,76.2,57.8,65.1,68.7,87.6,82.6,59.9,66.1,63.7,100.0,76.8,84.3,76.7,89.8
A,BPRM_SQM,CPA_F41001_41002,NSA,I21,MT,,,,,,,,,64.2,42.9,64.3,72.5,77.6,103.7,117.3,120.1,73.2,54.9,54.0,48.2,49.0,40.6,46.5,62.0,97.6,105.2,152.7,150.6,100.6,100.0,121.0,102.8,105.9,148.4
A,BPRM_SQM,CPA_F41001_41002,NSA,I21,NL,,,,,,,,,147.9,132.5,107.7,113.3,119.4,125.3,148.0,160.8,150.6,109.7,89.0,90.1,64.3,49.8,57.7,69.7,75.4,93.6,96.0,79.5,89.4,100.0,85.1,70.3,79.1,62.0
A,BPRM_SQM,CPA_F41001_41002,NSA,I21,NO,,,,,,,,35.4,74.4,75.5,70.1,69.5,80.3,87.2,93.4,103.7,98.9,80.4,90.7,95.9,97.9,96.8,92.0,95.0,106.8,106.0,99.7,98.8,94.5,100.0,,,,
A,BPRM_SQM,CPA_F41001_41002,NSA,I21,PL,,,,,,,,,53.0,77.6,40.1,43.7,54.1,56.8,66.9,85.7,83.8,69.2,66.2,68.9,61.3,58.4,58.0,68.1,79.0,82.6,87.1,81.3,79.0,100.0,89.3,72.3,78.2,78.0
A,BPRM_SQM,CPA_F41001_41002,NSA,I21,PT,,,,,,,,,321.2,318.4,277.9,231.5,221.0,210.7,209.4,200.3,161.2,109.5,99.8,79.7,58.7,46.0,41.4,45.0,58.4,67.0,86.9,87.8,90.1,100.0,104.3,104.3,121.9,123.6
A,BPRM_SQM,CPA_F41001_41002,NSA,I21,RO,,,,,,,,,52.5,46.6,42.4,46.9,55.4,71.7,96.5,126.2,141.4,85.9,70.4,72.6,66.1,66.2,72.7,69.5,74.1,84.0,92.7,95.2,88.4,100.0,98.9,82.8,80.1,88.8
A,BPRM_SQM,CPA_F41001_41002,NSA,I21,RS,,,,,,,,,19.6,20.6,26.5,38.3,38.0,36.4,38.7,41.9,43.2,36.0,28.4,32.0,31.5,26.5,24.4,40.1,48.3,68.9,76.4,86.8,92.8,100.0,109.1,113.7,113.3,104.9
A,BPRM_SQM,CPA_F41001_41002,NSA,I21,SE,,,,,,,,,44.6,39.6,36.6,40.1,42.1,50.3,61.7,54.1,49.3,38.4,47.3,50.9,43.5,47.8,56.2,64.5,79.0,84.5,74.5,72.2,78.4,100.0,87.3,59.2,52.9,59.1
A,BPRM_SQM,CPA_F41001_41002,NSA,I21,SI,,,,,,,,,94.3,85.2,97.3,102.0,115.5,122.0,168.6,179.9,140.4,110.6,104.8,85.7,65.4,69.0,52.9,62.6,82.8,89.8,91.5,81.6,81.9,100.0,113.3,99.9,101.0,93.9
A,BPRM_SQM,CPA_F41001_41002,NSA,I21,SK,,,,,,,,,,,,59.8,101.7,96.0,105.4,116.4,141.7,90.5,74.3,67.9,64.9,68.2,70.8,72.4,101.6,85.8,90.2,96.2,87.3,100.0,89.5,89.7,80.0,73.8
A,BPRM_SQM,CPA_F41001_41002,NSA,I21,TR,45.9,53.4,51.3,52.8,49.5,52.6,49.6,39.6,38.9,36.4,23.2,28.9,43.8,66.6,76.5,78.0,62.3,60.3,111.5,77.8,98.5,109.9,136.4,118.2,124.5,164.7,95.4,47.9,74.0,100.0,96.4,110.2,100.5,123.5
A,BPRM_SQM,CPA_F41001_41002,NSA,MIO_M2,AT,,,,,,,,,,,,,,7.3,8.5,8.6,9.1,8.8,9.7,10.7,9.5,9.9,10.4,11.1,11.5,12.6,11.8,12.9,12.1,13.1,10.7,8.1,6.9,6.5
A,BPRM_SQM,CPA_F41001_41002,NSA,MIO_M2,BA,,,,,,,,,,,,,,,,,,,,,,0.8,0.8,0.9,1.2,1.4,1.4,1.5,1.5,1.6,1.7,1.8,,
A,BPRM_SQM,CPA_F41001_41002,NSA,MIO_M2,BE,,,,,,,,,,,,,,17.6,18.0,17.6,17.4,15.8,15.9,15.2,15.8,15.7,16.0,14.4,14.1,14.1,17.5,18.7,17.3,18.9,16.1,16.2,14.1,13.5
A,BPRM_SQM,CPA_F41001_41002,NSA,MIO_M2,BG,,,,,,,,,,,,,,8.1,11.1,13.7,11.4,5.8,4.0,4.2,3.6,3.9,4.1,5.0,5.5,6.6,8.1,6.8,5.8,7.4,8.3,8.5,7.0,8.6
A,BPRM_SQM,CPA_F41001_41002,NSA,MIO_M2,CY,,,,,,,,,,,,,,3.4,3.5,3.6,3.7,3.1,2.9,2.2,1.5,1.0,0.8,0.9,1.0,1.5,1.7,2.6,2.2,2.3,2.2,2.3,2.3,3.3
A,BPRM_SQM,CPA_F41001_41002,NSA,MIO_M2,CZ,,,,,,,,,,,,,,7.8,9.0,9.0,8.9,6.6,6.4,5.8,5.7,4.9,4.9,5.6,6.3,6.7,7.2,7.5,6.9,8.5,8.1,7.4,7.4,6.5
A,BPRM_SQM,CPA_F41001_41002,NSA,MIO_M2,DE,,,,,,,,,,,,,,56.4,60.3,53.4,56.7,51.4,52.0,59.4,59.6,60.8,59.5,62.1,70.1,68.2,70.4,71.6,73.8,75.0,69.8,51.7,45.4,46.5
A,BPRM_SQM,CPA_F41001_41002,NSA,MIO_M2,DK,,,,,,,,,,,,,,11.6,13.5,10.6,9.2,5.8,6.6,6.4,5.7,5.7,6.2,7.0,8.0,7.6,9.0,8.6,9.0,10.1,8.5,6.9,6.4,6.4
A,BPRM_SQM,CPA_F41001_41002,NSA,MIO_M2,EA19,,,,,,,,,,,,,,451.57,491.05,474.66,380.48,294.51,274.5,275.38,250.6,230.71,218.25,227.5,251.55,270.41,279.66,282.08,256.81,288.69,278.75,240.64,,
A,BPRM_SQM,CPA_F41001_41002,NSA,MIO_M2,EA20,,,,,,,,,,,,,,456.7,496.2,480.1,385.4,297.5,276.9,276.3,250.7,229.5,215.7,225.5,251.3,270.7,280.6,285.2,266.6,294.7,282.4,246.3,241.6,242.1
A,BPRM_SQM,CPA_F41001_41002,NSA,MIO_M2,EA21,,,,,,,,,,,,,,464.8,507.4,493.8,396.8,303.3,280.9,280.5,254.3,233.4,219.9,230.5,256.8,277.3,288.7,292.0,272.4,302.1,290.7,254.8,248.6,250.7
A,BPRM_SQM,CPA_F41001_41002,NSA,MIO_M2,EE,,,,,,,,,,,,,,1.9,2.5,2.3,1.9,1.1,0.9,1.0,1.3,1.2,1.3,1.8,1.7,2.1,1.7,1.6,2.1,2.0,1.6,1.5,1.5,1.6
A,BPRM_SQM,CPA_F41001_41002,NSA,MIO_M2,EL,,,,,,,,,,,,,,21.0,15.2,14.1,11.5,8.2,6.7,3.7,2.3,1.5,1.3,1.4,1.1,1.5,2.0,2.2,2.4,3.7,3.6,4.2,5.2,4.3
A,BPRM_SQM,CPA_F41001_41002,NSA,MIO_M2,ES,,,,,,,,,,,,,,118.0,143.6,128.1,66.0,37.5,26.4,22.2,18.0,12.9,11.9,12.8,17.1,22.4,23.7,23.8,19.0,23.3,26.1,28.3,33.8,35.6
A,BPRM_SQM,CPA_F41001_41002,NSA,MIO_M2,EU27_2020,,,,,,,,,,,,,,540.3,596.4,592.4,495.9,376.6,350.7,350.8,317.9,295.0,283.9,303.0,342.7,368.4,383.9,383.2,361.0,410.9,390.6,335.0,328.2,332.4
A,BPRM_SQM,CPA_F41001_41002,NSA,MIO_M2,FI,,,,,,,,,,,,,,10.5,11.1,11.3,9.4,8.2,8.8,8.9,8.2,7.6,7.0,7.2,7.9,8.5,8.2,8.4,8.0,8.9,7.2,5.8,5.3,5.4
A,BPRM_SQM,CPA_F41001_41002,NSA,MIO_M2,FR,,,,,,,,,,,,,,95.5,102.9,101.6,91.5,78.6,84.9,90.2,85.8,77.5,67.0,67.0,74.3,79.5,76.4,78.8,67.3,77.5,79.6,66.7,62.2,64.9
A,BPRM_SQM,CPA_F41001_41002,NSA,MIO_M2,HR,,,,,,,,,,,,,,3.8,4.1,4.4,4.1,3.2,2.8,2.2,1.7,1.4,1.6,2.1,2.2,2.4,2.2,2.6,2.4,2.9,3.5,3.6,3.8,3.4
A,BPRM_SQM,CPA_F41001_41002,NSA,MIO_M2,HU,,,,,,,,,,,,,,8.3,8.0,7.2,8.5,6.2,4.7,3.6,3.8,3.5,3.5,4.6,7.7,8.6,8.7,7.8,6.6,8.4,9.0,7.0,5.2,6.0
A,BPRM_SQM,CPA_F41001_41002,NSA,MIO_M2,IE,,,,,,,,,,,,,,18.1,17.3,21.5,15.0,9.0,4.4,3.3,2.4,2.6,2.4,4.0,4.6,5.0,6.5,7.3,7.2,7.6,6.3,6.9,6.1,6.0
A,BPRM_SQM,CPA_F41001_41002,NSA,MIO_M2,IT,,,,,,,,,,,,,,39.8,37.8,37.5,32.0,24.4,20.7,18.4,14.2,10.5,8.7,9.4,10.0,12.0,14.1,14.1,10.9,12.7,13.1,12.6,12.8,12.4
A,BPRM_SQM,CPA_F41001_41002,NSA,MIO_M2,LT,,,,,,,,,,,,,,3.1,3.4,4.5,3.9,2.8,2.5,2.0,2.5,3.0,2.7,3.1,3.2,3.1,3.3,2.8,3.0,3.6,3.1,2.9,3.5,3.0
A,BPRM_SQM,CPA_F41001_41002,NSA,MIO_M2,LU,,,,,,,,,,,,,,1.2,1.5,1.5,1.6,1.4,1.4,1.7,1.6,1.6,2.1,2.0,1.6,2.0,1.9,1.9,1.7,1.8,1.3,1.1,0.9,1.0
A,BPRM_SQM,CPA_F41001_41002,NSA,MIO_M2,LV,,,,,,,,,,,,,,2.6,3.4,3.9,2.3,1.6,1.4,1.7,1.3,1.8,1.3,0.9,0.8,0.9,1.2,1.5,1.3,1.6,1.3,1.3,1.5,1.8
A,BPRM_SQM,CPA_F41001_41002,NSA,MIO_M2,ME,,,,,,,,,,,,,,0.1,0.2,0.2,0.3,0.4,0.3,0.3,0.4,0.3,0.3,0.4,0.4,0.5,0.3,0.1,0.1,0.1,0.2,,,
A,BPRM_SQM,CPA_F41001_41002,NSA,MIO_M2,MK,,,,,,,,,,,,,,,,,0.9,0.7,0.8,0.9,1.1,0.8,0.9,1.0,1.2,1.2,0.8,0.9,0.9,1.4,1.1,1.2,1.1,1.3
A,BPRM_SQM,CPA_F41001_41002,NSA,MIO_M2,MT,,,,,,,,,,,,,,1.7,1.9,2.0,1.2,0.9,0.9,0.8,0.8,0.7,0.8,1.0,1.6,1.7,2.5,2.5,1.7,1.7,2.0,1.7,1.8,2.5
A,BPRM_SQM,CPA_F41001_41002,NSA,MIO_M2,NL,,,,,,,,,,,,,,30.0,35.4,38.5,36.0,26.2,21.3,21.6,15.4,11.9,13.8,16.7,18.0,22.4,23.0,19.0,21.4,23.9,20.4,16.8,18.9,14.8
A,BPRM_SQM,CPA_F41001_41002,NSA,MIO_M2,NO,,,,,,,,,,,,,,8.4,9.0,10.0,9.6,7.8,8.8,9.3,9.5,9.4,8.9,9.2,10.3,10.3,9.7,9.6,9.2,9.7,,,,
A,BPRM_SQM,CPA_F41001_41002,NSA,MIO_M2,PL,,,,,,,,,,,,,,29.6,34.9,44.7,43.7,36.1,34.5,36.0,32.0,30.4,30.3,35.5,41.2,43.1,45.4,42.4,41.2,52.2,46.6,37.7,40.8,40.7
A,BPRM_SQM,CPA_F41001_41002,NSA,MIO_M2,PT,,,,,,,,,,,,,,19.3,19.2,18.3,14.7,10.0,9.1,7.3,5.4,4.2,3.8,4.1,5.3,6.1,7.9,8.0,8.2,9.1,9.5,9.5,11.2,11.3
A,BPRM_SQM,CPA_F41001_41002,NSA,MIO_M2,RO,,,,,,,,,,,,,,11.0,14.9,19.4,21.8,13.2,10.8,11.2,10.2,10.2,11.2,10.7,11.4,12.9,14.3,14.7,13.6,15.4,15.2,12.7,12.3,13.7
A,BPRM_SQM,CPA_F41001_41002,NSA,MIO_M2,RS,,,,,,,,,,,,,,2.4,2.5,2.7,2.8,2.3,1.9,2.1,2.1,1.7,1.6,2.6,3.1,4.5,5.0,5.7,6.0,6.5,7.1,7.4,7.4,6.8
A,BPRM_SQM,CPA_F41001_41002,NSA,MIO_M2,SE,,,,,,,,,,,,,,7.2,8.8,7.7,7.0,5.5,6.7,7.3,6.2,6.8,8.0,9.2,11.3,12.1,10.6,10.3,11.2,14.3,12.5,8.4,7.5,8.4
A,BPRM_SQM,CPA_F41001_41002,NSA,MIO_M2,SI,,,,,,,,,,,,,,2.2,3.1,3.3,2.6,2.0,1.9,1.6,1.2,1.3,1.0,1.1,1.5,1.6,1.7,1.5,1.5,1.8,2.1,1.8,1.8,1.7
A,BPRM_SQM,CPA_F41001_41002,NSA,MIO_M2,SK,,,,,,,,,,,,,,3.3,3.6,3.9,4.8,3.1,2.5,2.3,2.2,2.3,2.4,2.5,3.4,2.9,3.1,3.3,3.0,3.4,3.0,3.0,2.7,2.5
A,BPRM_SQM,CPA_F41001_41002,NSA,MIO_M2,TR,,,,,,,,,,,,,,95.1,109.2,111.3,88.9,86.1,159.1,111.0,140.5,156.9,194.7,168.8,177.7,235.1,136.2,68.4,105.7,142.7,137.7,157.3,143.4,176.3
A,BPRM_SQM,CPA_F41001_41002,NSA,MIO_M2,UK,,,,,,,,,,,,,,52.9,52.8,56.1,45.4,39.9,38.1,37.5,38.9,34.5,39.6,43.8,44.7,44.6,45.3,42.2,,,,,,
A,BPRM_SQM,CPA_F41001_41002,NSA,PCH_SM,AT,,,,,,,,,,,,,,,15.6,1.5,5.8,-3.3,9.8,11.3,-11.7,4.0,5.0,7.5,3.4,9.7,-6.4,9.5,-6.3,8.0,-18.6,-24.2,-15.1,-5.7
A,BPRM_SQM,CPA_F41001_41002,NSA,PCH_SM,BA,,,,,,,,,,,,,,,,,,,,,,,4.7,13.7,23.9,17.8,3.3,3.2,3.7,2.1,7.3,4.5,,
A,BPRM_SQM,CPA_F41001_41002,NSA,PCH_SM,BE,,,,,,0.3,-8.1,16.2,-6.8,-0.9,-12.1,-3.3,18.9,6.4,2.2,-1.8,-1.2,-8.8,0.4,-4.6,4.4,-0.8,2.1,-10.5,-2.0,0.7,23.7,7.5,-7.5,8.8,-14.7,1.1,-13.0,-4.7
A,BPRM_SQM,CPA_F41001_41002,NSA,PCH_SM,BG,,,,,,,,,,23.1,24.1,50.9,65.1,33.2,37.3,23.2,-16.9,-49.5,-30.1,3.3,-13.5,9.9,4.7,20.3,10.3,20.3,22.2,-15.9,-14.1,27.2,11.9,2.6,-18.1,23.2
A,BPRM_SQM,CPA_F41001_41002,NSA,PCH_SM,CY,,,,,,,,,,21.0,9.0,19.2,16.3,13.4,2.5,3.0,2.1,-15.0,-7.4,-22.4,-33.5,-31.3,-24.8,12.7,19.3,44.7,13.4,50.4,-12.7,4.3,-6.4,4.5,1.2,40.8
A,BPRM_SQM,CPA_F41001_41002,NSA,PCH_SM,CZ,,,,,,,,,,12.2,11.0,14.0,3.7,2.2,16.4,-0.9,-0.8,-25.5,-3.2,-9.4,-1.6,-14.7,-0.3,16.1,12.2,6.3,7.4,3.5,-7.6,22.9,-4.6,-8.6,-0.8,-10.9
A,BPRM_SQM,CPA_F41001_41002,NSA,PCH_SM,DE,,,,,,,,,,-7.9,-8.9,1.5,-9.3,-7.5,7.0,-11.4,6.2,-9.4,1.2,14.1,0.4,2.0,-2.1,4.4,12.8,-2.7,3.2,1.8,3.0,1.5,-6.9,-25.9,-12.3,2.5
A,BPRM_SQM,CPA_F41001_41002,NSA,PCH_SM,DK,,,,,,,,-3.9,3.9,3.6,-4.0,1.5,6.1,17.0,16.4,-21.6,-13.3,-36.7,13.4,-1.8,-11.1,-1.4,10.0,12.2,14.3,-4.0,17.7,-4.8,5.6,11.4,-15.1,-19.7,-7.0,0.6
A,BPRM_SQM,CPA_F41001_41002,NSA,PCH_SM,EA19,,,,,,,,,,,,,,5.2,8.8,-3.3,-19.9,-22.7,-6.9,0.3,-9.0,-7.9,-5.5,4.4,10.5,7.6,3.4,0.8,-9.0,12.5,-3.4,-13.6,,
A,BPRM_SQM,CPA_F41001_41002,NSA,PCH_SM,EA20,,,,,,,,,,,,,,5.1,8.1,-2.7,-18.0,-22.1,-6.7,0.1,-9.2,-8.1,-6.3,4.5,11.2,7.7,3.4,1.7,-6.5,10.6,-4.1,-12.8,-2.0,0.2
A,BPRM_SQM,CPA_F41001_41002,NSA,PCH_SM,EA21,,,,,,,,,,,,,,5.5,8.6,-2.1,-18.0,-22.9,-7.1,0.1,-9.1,-7.9,-5.9,4.8,11.2,7.9,3.9,1.0,-6.6,11.0,-3.7,-12.5,-2.5,1.0
A,BPRM_SQM,CPA_F41001_41002,NSA,PCH_SM,EE,,,,,,,,-20.8,20.5,20.2,75.1,-4.2,78.7,5.2,31.7,-6.9,-17.7,-43.0,-20.4,20.0,25.2,-9.6,9.8,35.3,-1.6,20.0,-18.8,-2.2,25.4,-1.8,-22.0,-2.3,-0.3,7.0
A,BPRM_SQM,CPA_F41001_41002,NSA,PCH_SM,EL,,,,,,,,,,,17.6,-0.8,-9.8,46.4,-27.8,-7.3,-18.2,-28.5,-18.8,-44.8,-37.9,-33.5,-16.4,10.4,-18.6,31.2,31.1,12.1,10.2,51.3,-2.9,19.1,21.9,-17.0
A,BPRM_SQM,CPA_F41001_41002,NSA,PCH_SM,ES,,,,,-7.2,17.4,25.0,13.2,78.1,-5.0,-0.4,12.8,12.4,7.7,22.2,-10.3,-47.4,-42.0,-30.4,-15.7,-17.9,-25.5,-10.0,6.9,31.5,33.3,2.6,0.2,-22.1,27.6,14.5,9.9,21.1,6.5
A,BPRM_SQM,CPA_F41001_41002,NSA,PCH_SM,EU27_2020,,,,,,,,,,,,,,6.1,10.0,-0.1,-14.8,-23.5,-6.7,0.2,-9.3,-7.0,-3.9,6.8,12.8,7.5,4.0,-0.2,-5.8,13.9,-4.9,-14.3,-2.1,1.4
A,BPRM_SQM,CPA_F41001_41002,NSA,PCH_SM,FI,,,,,21.3,22.5,8.8,7.1,-1.2,-7.2,1.4,4.5,0.5,7.6,5.7,1.8,-16.9,-12.1,6.6,1.8,-8.2,-7.8,-8.1,3.2,10.1,7.3,-3.1,2.4,-4.2,10.3,-18.6,-19.3,-9.6,3.5
A,BPRM_SQM,CPA_F41001_41002,NSA,PCH_SM,FR,,,,-6.2,-1.6,3.6,25.5,4.2,10.4,-1.4,-7.1,2.8,6.4,10.3,7.7,-1.2,-10.0,-14.1,8.0,6.2,-4.9,-9.6,-13.5,-0.1,10.9,7.0,-3.9,3.1,-14.6,15.1,2.8,-16.2,-6.6,4.2
A,BPRM_SQM,CPA_F41001_41002,NSA,PCH_SM,HR,,,,,,,,,,46.3,12.6,14.1,2.4,13.7,7.9,7.2,-6.6,-21.7,-13.3,-20.0,-23.2,-19.4,14.8,31.5,3.7,12.0,-9.3,15.4,-6.3,21.4,20.3,4.1,3.9,-10.6
A,BPRM_SQM,CPA_F41001_41002,NSA,PCH_SM,HU,,,,,,,,1.0,21.5,8.8,-3.4,21.5,-7.1,-3.2,-4.0,-9.7,18.1,-27.7,-23.3,-24.1,5.6,-6.9,-0.5,29.8,68.0,12.5,0.3,-9.5,-15.6,27.1,6.9,-22.5,-24.7,15.2
A,BPRM_SQM,CPA_F41001_41002,NSA,PCH_SM,IE,,,,,,,,,,-7.4,-11.7,5.9,25.9,6.3,-4.5,24.3,-30.3,-40.0,-51.2,-24.4,-26.6,7.2,-6.7,63.1,15.9,8.8,29.0,13.2,-1.2,5.4,-17.1,10.0,-11.7,-1.4
A,BPRM_SQM,CPA_F41001_41002,NSA,PCH_SM,IT,,,,,,,,,,4.7,23.7,-12.1,6.2,-7.4,-5.1,-0.7,-14.8,-23.9,-15.2,-10.9,-22.7,-26.1,-17.0,8.2,5.7,20.4,18.0,0.0,-22.6,15.9,3.0,-3.6,1.4,-2.6
A,BPRM_SQM,CPA_F41001_41002,NSA,PCH_SM,LT,,,,,,,,,10.3,-5.9,39.7,18.4,37.8,37.1,10.2,32.4,-13.7,-27.2,-12.8,-20.4,25.3,22.6,-11.0,14.6,5.9,-3.8,4.2,-14.2,7.6,20.3,-15.1,-6.7,21.8,-14.4
A,BPRM_SQM,CPA_F41001_41002,NSA,PCH_SM,LU,,,,,,,,,,-1.1,-2.8,11.5,0.4,-16.5,21.2,2.6,3.4,-11.8,-1.2,19.5,-5.6,3.0,31.3,-6.9,-19.8,28.8,-7.2,2.5,-13.7,4.7,-27.5,-12.8,-17.6,10.0
A,BPRM_SQM,CPA_F41001_41002,NSA,PCH_SM,LV,,,,,,,,,,67.6,6.1,11.9,47.7,30.1,33.5,14.9,-41.1,-30.9,-12.9,21.6,-21.3,37.5,-31.0,-31.2,-3.4,7.4,31.8,24.2,-13.1,21.4,-15.6,1.4,12.7,20.8
A,BPRM_SQM,CPA_F41001_41002,NSA,PCH_SM,ME,,,,,,,,,,-20.7,21.2,-20.4,64.6,-35.7,17.3,42.3,31.5,34.4,-28.1,-6.0,32.2,-13.8,9.2,5.0,13.3,23.6,-47.0,-57.5,22.9,-45.6,148.9,,,
A,BPRM_SQM,CPA_F41001_41002,NSA,PCH_SM,MK,,,,,,,,,,,,,,,,,,-15.7,11.1,14.9,16.2,-24.1,12.6,5.5,27.5,-5.7,-27.5,10.4,-3.6,57.0,-23.2,9.8,-9.0,17.1
A,BPRM_SQM,CPA_F41001_41002,NSA,PCH_SM,MT,,,,,,,,,,-33.2,49.9,12.8,7.0,33.6,13.1,2.4,-39.1,-25.0,-1.6,-10.7,1.7,-17.1,14.5,33.3,57.4,7.8,45.2,-1.4,-33.2,-0.6,21.0,-15.0,3.0,40.1
A,BPRM_SQM,CPA_F41001_41002,NSA,PCH_SM,NL,,,,,,,,,,-10.4,-18.7,5.2,5.4,4.9,18.1,8.6,-6.3,-27.2,-18.9,1.2,-28.6,-22.6,15.9,20.8,8.2,24.1,2.6,-17.2,12.5,11.9,-14.9,-17.4,12.5,-21.6
A,BPRM_SQM,CPA_F41001_41002,NSA,PCH_SM,NO,,,,,,,,,110.2,1.5,-7.2,-0.9,15.5,8.6,7.1,11.0,-4.6,-18.7,12.8,5.7,2.1,-1.1,-5.0,3.3,12.4,-0.7,-5.9,-0.9,-4.4,5.8,,,,
A,BPRM_SQM,CPA_F41001_41002,NSA,PCH_SM,PL,,,,,,,,,,46.4,-48.3,9.0,23.8,5.0,17.8,28.1,-2.2,-17.4,-4.3,4.1,-11.0,-4.7,-0.7,17.4,16.0,4.6,5.4,-6.7,-2.8,26.6,-10.7,-19.0,8.2,-0.3
A,BPRM_SQM,CPA_F41001_41002,NSA,PCH_SM,PT,,,,,,,,,,-0.9,-12.7,-16.7,-4.5,-4.7,-0.6,-4.3,-19.5,-32.1,-8.9,-20.1,-26.3,-21.6,-10.0,8.7,29.8,14.7,29.7,1.0,2.6,11.0,4.3,0.0,16.9,1.4
A,BPRM_SQM,CPA_F41001_41002,NSA,PCH_SM,RO,,,,,,,,,,-11.2,-9.0,10.6,18.1,29.4,34.6,30.8,12.0,-39.3,-18.0,3.1,-9.0,0.2,9.8,-4.4,6.6,13.4,10.4,2.7,-7.1,13.1,-1.1,-16.3,-3.3,10.9
A,BPRM_SQM,CPA_F41001_41002,NSA,PCH_SM,RS,,,,,,,,,,5.1,28.6,44.5,-0.8,-4.2,6.3,8.3,3.1,-16.7,-21.1,12.7,-1.6,-15.9,-7.9,64.3,20.4,42.7,10.9,13.6,6.9,7.8,9.1,4.2,-0.4,-7.4
A,BPRM_SQM,CPA_F41001_41002,NSA,PCH_SM,SE,,,,,,,,,,-11.2,-7.6,9.6,5.0,19.5,22.7,-12.3,-8.9,-22.1,23.2,7.6,-14.5,9.9,17.6,14.8,22.5,7.0,-11.8,-3.1,8.6,27.6,-12.7,-32.2,-10.6,11.7
A,BPRM_SQM,CPA_F41001_41002,NSA,PCH_SM,SI,,,,,,,,,,-9.7,14.2,4.8,13.2,5.6,38.2,6.7,-22.0,-21.2,-5.2,-18.2,-23.7,5.5,-23.3,18.3,32.3,8.5,1.9,-10.8,0.4,22.1,13.3,-11.8,1.1,-7.0
A,BPRM_SQM,CPA_F41001_41002,NSA,PCH_SM,SK,,,,,,,,,,,,,70.1,-5.6,9.8,10.4,21.7,-36.1,-17.9,-8.6,-4.4,5.1,3.8,2.3,40.3,-15.6,5.1,6.7,-9.3,14.5,-10.5,0.2,-10.8,-7.8
A,BPRM_SQM,CPA_F41001_41002,NSA,PCH_SM,TR,,16.3,-3.9,2.9,-6.3,6.3,-5.7,-20.2,-1.8,-6.4,-36.3,24.6,51.6,52.1,14.9,2.0,-20.1,-3.2,84.9,-30.2,26.6,11.6,24.1,-13.3,5.3,32.3,-42.1,-49.8,54.5,35.1,-3.6,14.3,-8.8,22.9
A,BPRM_SQM,CPA_F41001_41002,NSA,PCH_SM,UK,,,,,,,,-1.9,-2.1,1.4,-2.0,3.4,7.1,-3.8,-0.2,6.2,-19.1,-12.0,-4.5,-1.6,3.6,-11.1,14.7,10.5,2.1,-0.2,1.6,-6.8,,,,,,
A,BPRM_SQM,CPA_F41001_X_410014,NSA,I15,AL,,,,,,,,,,,,,,,,,,,,,,,,100.0,402.3,1020.4,1673.9,2138.5,2227.5,2997.0,2916.8,,,
A,BPRM_SQM,CPA_F41001_X_410014,NSA,I15,AT,,,,,,,,,,,,,,73.2,78.2,78.3,80.6,79.7,85.0,97.3,87.5,93.7,96.5,100.0,111.6,123.5,106.9,118.7,112.2,110.4,84.3,,,
A,BPRM_SQM,CPA_F41001_X_410014,NSA,I15,BE,,,,72.5,115.0,119.6,94.4,113.2,106.2,101.7,100.3,107.1,120.8,137.5,141.8,125.0,123.3,108.4,115.8,101.6,106.4,108.9,114.8,100.0,105.2,96.9,112.7,102.7,100.6,108.5,97.8,,,
A,BPRM_SQM,CPA_F41001_X_410014,NSA,I15,BG,,,,,,,,,27.8,33.0,42.7,66.4,138.8,202.3,292.5,349.2,291.4,119.5,74.2,67.9,61.7,69.8,88.9,100.0,106.0,141.1,194.8,179.7,163.8,206.1,249.1,236.8,,
A,BPRM_SQM,CPA_F41001_X_410014,NSA,I15,CY,,,,,,,,,191.9,228.3,252.3,319.7,388.1,449.6,441.0,475.4,471.3,402.0,361.2,241.3,173.0,121.4,87.9,100.0,122.6,163.4,192.9,315.4,267.2,293.5,267.2,,,
A,BPRM_SQM,CPA_F41001_X_410014,NSA,I15,CZ,,,,,,,,,93.8,98.8,119.8,135.0,151.7,150.6,161.5,166.7,168.3,143.5,115.4,112.8,95.1,88.3,94.5,100.0,104.2,122.3,124.2,146.8,137.6,167.2,151.7,,,
A,BPRM_SQM,CPA_F41001_X_410014,NSA,I15,DE,,,178.1,159.7,150.8,146.2,141.9,136.1,122.5,105.3,103.0,113.9,101.5,89.7,91.9,64.7,61.6,63.7,67.7,82.4,84.3,91.6,93.7,100.0,111.2,107.0,108.6,112.2,117.4,120.1,108.7,,,
A,BPRM_SQM,CPA_F41001_X_410014,NSA,I15,DK,,,,,,,96.3,85.0,76.3,88.2,98.5,109.7,125.2,163.0,182.6,122.6,89.7,51.2,80.7,77.0,58.8,56.4,72.0,100.0,121.3,123.3,152.5,139.1,141.3,153.1,127.2,,,
A,BPRM_SQM,CPA_F41001_X_410014,NSA,I15,EA19,,,,,,,,,,,,,,327.5,347.7,312.7,212.4,152.3,140.7,138.1,117.6,98.1,95.3,100.0,113.5,122.3,127.7,126.1,113.3,131.4,128.2,,,
A,BPRM_SQM,CPA_F41001_X_410014,NSA,I15,EA20,,,,,,,,,,,,,,327.5,347.8,312.8,212.8,152.6,140.8,138.2,117.6,98.1,95.3,100.0,113.6,122.4,127.8,126.4,113.5,131.7,128.5,,,
A,BPRM_SQM,CPA_F41001_X_410014,NSA,I15,EE,,,,,,,29.2,24.4,26.1,32.3,65.4,79.3,181.1,176.3,251.6,192.7,116.7,52.5,54.9,59.5,62.5,69.2,80.5,100.0,108.7,133.7,119.0,133.3,143.5,152.1,119.4,105.4,,
A,BPRM_SQM,CPA_F41001_X_410014,NSA,I15,EL,,,,,,,,,,1693.9,2039.0,1907.1,1774.0,2941.7,1865.9,1539.8,1161.2,894.9,728.9,416.2,227.6,130.4,104.6,100.0,105.1,126.7,168.7,207.2,257.7,403.2,408.7,,,
A,BPRM_SQM,CPA_F41001_X_410014,NSA,I15,ES,,,,334.3,313.8,356.6,437.8,495.9,956.0,865.0,890.1,1035.3,1185.4,1287.0,1549.9,1343.4,620.8,315.2,235.8,196.7,150.8,80.5,90.5,100.0,151.1,170.1,209.9,197.6,98.0,147.9,193.3,,,
A,BPRM_SQM,CPA_F41001_X_410014,NSA,I15,EU27_2020,,,,,,,,,,,,,,298.7,319.1,287.8,199.6,143.6,133.7,131.1,111.4,94.4,93.4,100.0,114.7,124.1,128.6,126.9,116.0,135.8,129.9,,,
A,BPRM_SQM,CPA_F41001_X_410014,NSA,I15,FI,,,,71.5,92.1,117.7,127.1,144.3,139.1,118.9,126.2,146.4,147.8,162.8,159.0,142.1,112.5,106.5,132.2,134.0,122.1,98.5,100.1,100.0,114.0,133.6,120.4,112.2,118.7,132.7,108.6,,,
A,BPRM_SQM,CPA_F41001_X_410014,NSA,I15,FR,,,102.0,89.8,91.8,94.9,124.0,109.7,119.6,116.2,117.0,125.5,145.1,158.1,169.3,161.6,131.0,101.9,126.2,136.4,125.8,110.4,94.9,100.0,113.0,121.1,114.5,112.3,98.3,120.6,119.7,86.3,,
A,BPRM_SQM,CPA_F41001_X_410014,NSA,I15,HR,,,,,,,,,173.0,252.6,279.1,288.1,284.1,333.0,370.4,351.9,355.5,269.9,215.1,200.1,136.6,113.1,108.8,100.0,134.7,181.6,179.0,222.6,211.5,254.1,294.8,295.6,,
A,BPRM_SQM,CPA_F41001_X_410014,NSA,I15,HU,,,,,,,158.5,203.1,292.0,317.0,304.2,384.3,379.2,327.2,299.9,291.7,289.7,204.0,124.5,94.0,82.2,61.5,76.0,100.0,238.7,294.6,283.5,279.8,182.8,259.7,292.6,,,
A,BPRM_SQM,CPA_F41001_X_410014,NSA,I15,IE,,,,,,,,,572.6,498.4,417.7,457.2,608.4,626.8,527.3,578.9,465.3,280.6,135.4,93.9,56.8,61.3,63.5,100.0,116.3,146.5,188.3,220.0,218.4,227.4,198.6,,,
A,BPRM_SQM,CPA_F41001_X_410014,NSA,I15,IT,,,,,,,,,404.8,406.5,439.0,472.3,535.1,550.7,514.8,494.4,383.7,287.8,235.0,224.5,170.7,119.3,104.6,100.0,104.7,120.5,128.9,131.2,115.7,138.9,138.1,,,
A,BPRM_SQM,CPA_F41001_X_410014,NSA,I15,LT,,,,,,,,35.1,31.4,28.9,34.9,51.5,67.4,93.7,130.6,156.0,130.4,74.8,76.9,65.8,81.6,97.0,86.6,100.0,124.6,107.8,105.2,99.4,105.6,147.6,116.8,88.6,,
A,BPRM_SQM,CPA_F41001_X_410014,NSA,I15,LU,,,,,,,,,64.1,57.2,59.7,65.8,80.7,93.4,89.1,106.0,81.4,74.0,76.7,88.4,92.7,78.1,125.3,100.0,87.8,101.2,110.0,111.8,106.3,118.7,81.4,,,
A,BPRM_SQM,CPA_F41001_X_410014,NSA,I15,LV,,,,,,,,,91.8,101.0,120.2,205.4,331.2,461.2,605.6,639.7,282.5,258.8,122.5,134.8,136.1,186.5,127.9,100.0,108.3,156.7,182.2,175.2,190.7,205.2,206.8,190.0,,
A,BPRM_SQM,CPA_F41001_X_410014,NSA,I15,ME,,,,,,,,,59.6,45.4,57.8,45.2,73.8,49.5,58.4,82.2,104.8,131.6,101.9,113.0,119.6,115.5,103.8,100.0,105.5,145.0,65.6,43.7,36.4,19.7,66.9,,,
A,BPRM_SQM,CPA_F41001_X_410014,NSA,I15,MK,,,,,,,,,,,,,,,,,89.9,85.6,94.2,107.6,120.1,83.3,96.1,100.0,129.6,134.1,114.1,94.4,104.4,193.8,123.6,135.7,,
A,BPRM_SQM,CPA_F41001_X_410014,NSA,I15,MT,,,,,,,,,144.0,77.8,114.7,125.7,128.9,165.6,181.8,186.7,110.6,90.2,83.5,78.6,70.2,64.1,71.7,100.0,162.7,172.2,230.1,234.7,152.7,146.1,178.0,,,
A,BPRM_SQM,CPA_F41001_X_410014,NSA,I15,NL,,,,,,,,,162.9,134.9,140.3,154.5,159.2,172.5,200.4,184.8,183.0,147.4,124.4,115.0,70.4,48.8,74.5,100.0,99.4,129.9,129.7,106.4,124.6,142.2,117.3,84.0,,
A,BPRM_SQM,CPA_F41001_X_410014,NSA,I15,NO,,,,,,,,,77.5,79.5,73.1,70.9,86.0,95.5,103.5,102.7,88.2,71.3,77.9,93.8,98.4,100.7,88.6,100.0,111.9,114.2,101.3,97.8,94.4,103.9,95.6,65.5,,
A,BPRM_SQM,CPA_F41001_X_410014,NSA,I15,PL,,,,,,,,,87.0,88.5,48.7,62.5,66.2,70.5,99.0,145.3,135.6,111.8,106.9,108.4,93.5,81.0,84.8,100.0,111.4,129.8,135.7,141.7,145.2,182.2,150.1,,,
A,BPRM_SQM,CPA_F41001_X_410014,NSA,I15,PT,,,,,,,,,1136.0,1118.6,940.8,790.7,747.2,727.4,699.0,636.0,465.6,295.0,272.9,200.5,133.5,91.6,83.7,100.0,130.4,160.7,223.6,245.9,258.8,286.0,307.0,308.2,,
A,BPRM_SQM,CPA_F41001_X_410014,NSA,I15,RO,,,,,,,,,59.6,61.9,54.0,56.5,69.6,92.6,121.0,152.7,189.9,112.1,93.4,86.2,84.3,87.4,91.1,100.0,113.1,123.7,135.5,139.3,133.1,153.5,144.6,110.0,,
A,BPRM_SQM,CPA_F41001_X_410014,NSA,I15,RS,,,,,,,,,59.5,57.3,78.1,116.1,119.6,111.8,108.8,121.6,134.0,118.2,96.4,102.1,93.0,68.7,72.6,100.0,118.5,163.1,186.1,237.9,259.6,302.6,354.4,,,
A,BPRM_SQM,CPA_F41001_X_410014,NSA,I15,SE,,,,,,,,,40.4,42.4,39.9,52.2,62.1,74.6,98.2,71.7,61.5,51.7,66.3,65.2,54.7,64.9,78.4,100.0,121.7,128.8,106.0,94.9,111.2,141.5,111.4,,,
A,BPRM_SQM,CPA_F41001_X_410014,NSA,I15,SI,,,,,,,,,136.0,122.6,137.6,155.7,186.8,203.4,241.7,313.9,255.2,189.5,174.1,125.3,109.9,113.2,97.0,100.0,103.8,112.5,127.9,115.2,121.1,140.1,164.3,170.1,,
A,BPRM_SQM,CPA_F41001_X_410014,NSA,I15,SK,,,,,,,,,,,,63.0,88.6,103.3,104.7,101.3,152.8,107.1,91.4,75.3,74.8,82.5,84.3,100.0,118.8,110.8,121.6,121.3,113.3,132.3,116.8,,,
A,BPRM_SQM,CPA_F41001_X_410014,NSA,I15,UK,,,,,,,92.9,94.4,93.8,96.6,96.9,104.7,116.1,115.5,114.9,120.4,72.8,57.0,57.8,56.2,56.5,66.1,82.7,100.0,106.8,110.5,124.5,126.1,,,,,,
A,BPRM_SQM,CPA_F41001_X_410014,NSA,I21,AL,,,,,,,,,,,,,,,,,,,,,,,,3.3,13.4,34.0,55.9,71.4,74.3,100.0,97.3,53.1,60.3,26.0
A,BPRM_SQM,CPA_F41001_X_410014,NSA,I21,AT,,,,,,,,,,,,,,61.1,65.3,65.4,67.4,66.6,71.3,81.4,73.3,78.6,81.0,84.0,94.0,103.8,90.6,101.1,96.2,100.0,79.9,54.1,48.6,45.1
A,BPRM_SQM,CPA_F41001_X_410014,NSA,I21,BE,,,,63.0,100.0,103.9,82.1,98.4,92.3,88.4,87.2,93.1,105.0,119.6,123.3,108.7,107.2,94.2,100.6,88.4,92.5,94.7,99.8,86.9,91.5,84.2,98.0,91.9,89.4,100.0,89.2,80.9,70.1,66.6
A,BPRM_SQM,CPA_F41001_X_410014,NSA,I21,BG,,,,,,,,,13.5,16.0,20.7,32.2,67.4,98.1,141.9,169.4,141.3,58.0,36.0,33.0,29.9,33.9,43.1,48.5,51.4,68.4,94.5,87.2,79.4,100.0,120.8,114.9,98.6,125.5
A,BPRM_SQM,CPA_F41001_X_410014,NSA,I21,CY,,,,,,,,,65.4,77.8,86.0,108.9,132.2,153.2,150.3,162.0,160.6,137.0,123.1,82.2,59.0,41.4,29.9,34.1,41.8,55.7,65.7,107.5,91.0,100.0,91.0,97.9,95.2,138.6
A,BPRM_SQM,CPA_F41001_X_410014,NSA,I21,CZ,,,,,,,,,56.1,59.1,71.6,80.8,90.7,90.1,96.6,99.7,100.6,85.8,69.0,67.4,56.9,52.8,56.5,59.8,62.3,73.2,74.3,87.8,82.3,100.0,90.7,74.6,73.7,72.2
A,BPRM_SQM,CPA_F41001_X_410014,NSA,I21,DE,,,148.3,132.9,125.6,121.7,118.2,113.3,102.0,87.7,85.7,94.9,84.5,74.7,76.6,53.9,51.3,53.0,56.4,68.6,70.2,76.3,78.0,83.3,92.6,89.1,90.4,93.4,97.8,100.0,90.5,59.6,47.7,52.8
A,BPRM_SQM,CPA_F41001_X_410014,NSA,I21,DK,,,,,,,60.8,53.7,48.2,55.7,62.3,69.4,79.2,103.1,115.4,77.4,56.7,32.3,51.1,48.7,37.2,35.7,45.6,63.7,76.9,78.0,97.0,88.4,90.1,100.0,83.7,52.6,50.9,56.1
A,BPRM_SQM,CPA_F41001_X_410014,NSA,I21,EA19,,,,,,,,,,,,,,189.3,201.8,180.7,128.4,94.7,91.5,90.4,79.7,71.3,70.5,75.4,85.7,91.3,94.5,94.3,87.8,100.0,95.1,74.6,,
A,BPRM_SQM,CPA_F41001_X_410014,NSA,I21,EA20,,,,,,,,,,,,,,188.7,201.2,180.3,128.5,94.7,91.4,90.2,79.3,70.9,69.7,74.6,85.0,90.7,94.0,94.1,87.9,100.0,95.5,75.4,71.1,75.5
A,BPRM_SQM,CPA_F41001_X_410014,NSA,I21,EA21,,,,,,,,,,,,,,186.1,199.5,180.0,128.9,93.7,89.8,88.6,77.9,69.8,69.0,73.8,84.0,90.1,94.0,93.9,87.6,100.0,96.3,76.6,71.9,77.0
A,BPRM_SQM,CPA_F41001_X_410014,NSA,I21,EE,,,,,,,19.2,16.0,17.1,21.3,43.0,52.1,119.1,115.9,165.4,126.7,76.7,34.5,36.1,39.1,41.1,45.5,52.9,65.8,71.5,87.9,78.2,87.7,94.4,100.0,78.5,69.3,59.8,75.7
A,BPRM_SQM,CPA_F41001_X_410014,NSA,I21,EL,,,,,,,,,,420.2,505.8,473.1,440.0,729.7,462.8,381.9,288.0,222.0,180.8,103.2,56.5,32.3,25.9,24.8,26.1,31.4,41.8,51.4,63.9,100.0,101.4,127.3,167.9,127.7
A,BPRM_SQM,CPA_F41001_X_410014,NSA,I21,ES,,,,226.1,212.2,241.1,296.1,335.4,646.5,585.0,601.9,700.1,801.7,870.3,1048.2,908.5,419.8,213.1,159.5,133.0,102.0,54.4,61.2,67.6,102.2,115.0,142.0,133.6,66.3,100.0,130.7,128.5,153.7,173.5
A,BPRM_SQM,CPA_F41001_X_410014,NSA,I21,EU27_2020,,,,,,,,,,,,,,149.0,162.6,152.0,115.5,84.3,80.4,79.1,69.5,62.9,63.5,69.5,79.8,86.7,90.1,90.4,85.8,100.0,93.5,72.5,70.7,74.9
A,BPRM_SQM,CPA_F41001_X_410014,NSA,I21,FI,,,,54.3,70.0,89.4,96.5,109.6,105.1,89.7,95.2,111.0,111.5,121.9,119.5,105.7,82.8,78.3,96.9,98.0,87.0,71.6,72.6,74.0,84.1,99.6,87.8,84.2,89.3,100.0,82.0,49.8,41.7,38.9
A,BPRM_SQM,CPA_F41001_X_410014,NSA,I21,FR,,,84.9,74.7,76.4,79.0,103.3,91.3,99.5,96.8,97.4,104.5,120.9,131.7,141.0,134.6,109.1,84.9,105.1,113.6,104.7,91.8,77.6,81.8,92.8,99.6,94.5,92.9,82.0,100.0,99.9,72.0,59.8,66.2
A,BPRM_SQM,CPA_F41001_X_410014,NSA,I21,HR,,,,,,,,,68.1,99.4,109.8,113.4,111.8,131.1,145.8,138.5,139.9,106.2,84.7,78.7,53.8,44.5,42.8,39.4,53.0,71.5,70.5,87.6,83.2,100.0,116.0,116.3,124.7,129.6
A,BPRM_SQM,CPA_F41001_X_410014,NSA,I21,HU,,,,,,,61.0,78.2,112.4,122.1,117.1,148.0,146.0,126.0,115.5,112.3,111.6,78.6,47.9,36.2,31.7,23.7,29.3,38.5,91.9,113.4,109.2,107.7,70.4,100.0,112.7,69.6,65.2,86.8
A,BPRM_SQM,CPA_F41001_X_410014,NSA,I21,IE,,,,,,,,,251.8,219.2,183.7,201.1,267.5,275.6,231.9,254.6,204.6,123.4,59.6,41.3,25.0,27.0,27.9,44.0,51.2,64.4,82.8,96.7,96.1,100.0,87.3,95.0,80.6,85.8
A,BPRM_SQM,CPA_F41001_X_410014,NSA,I21,IT,,,,,,,,,291.3,292.5,315.9,339.9,385.1,396.4,370.5,355.8,276.2,207.1,169.1,161.5,122.8,85.9,75.3,72.0,75.4,86.7,92.8,94.4,83.2,100.0,99.4,90.9,89.8,86.5
A,BPRM_SQM,CPA_F41001_X_410014,NSA,I21,LT,,,,,,,,23.9,21.4,19.7,23.7,35.1,45.9,63.8,88.9,106.2,88.8,50.9,52.4,44.8,55.5,66.0,59.0,68.1,84.8,73.4,71.6,67.7,71.9,100.0,78.6,60.4,59.5,70.9
A,BPRM_SQM,CPA_F41001_X_410014,NSA,I21,LU,,,,,,,,,54.0,48.2,50.3,55.5,68.0,78.6,75.1,89.3,68.5,62.4,64.6,74.5,78.0,65.7,105.5,84.2,74.0,85.2,92.6,94.2,89.6,100.0,68.6,56.4,49.9,42.4
A,BPRM_SQM,CPA_F41001_X_410014,NSA,I21,LV,,,,,,,,,44.7,49.2,58.6,100.1,161.4,224.7,295.1,311.7,137.7,126.1,59.7,65.7,66.3,90.9,62.3,48.7,52.8,76.3,88.8,85.4,92.9,100.0,100.7,92.6,102.6,121.1
A,BPRM_SQM,CPA_F41001_X_410014,NSA,I21,ME,,,,,,,,,303.3,231.0,294.0,229.6,375.2,251.7,296.8,417.9,532.7,669.1,518.4,574.8,608.0,587.3,528.1,508.5,536.4,737.5,333.4,222.3,185.2,100.0,340.4,369.8,256.8,420.0
A,BPRM_SQM,CPA_F41001_X_410014,NSA,I21,MK,,,,,,,,,,,,,,,,,46.4,44.2,48.6,55.5,62.0,43.0,49.6,51.6,66.9,69.2,58.9,48.7,53.8,100.0,63.8,70.0,74.0,77.9
A,BPRM_SQM,CPA_F41001_X_410014,NSA,I21,MT,,,,,,,,,71.5,44.7,70.2,79.2,84.6,113.0,127.8,137.1,81.9,64.4,56.4,53.1,48.0,42.3,47.9,68.7,107.0,121.1,163.0,164.3,106.1,100.0,123.1,102.9,112.6,154.2
A,BPRM_SQM,CPA_F41001_X_410014,NSA,I21,NL,,,,,,,,,114.6,94.9,98.7,108.6,112.0,121.3,140.9,130.0,128.8,103.7,87.5,80.9,49.5,34.3,52.4,70.3,69.9,91.4,91.2,74.8,87.6,100.0,82.5,59.7,72.5,62.0
A,BPRM_SQM,CPA_F41001_X_410014,NSA,I21,NO,,,,,,,,,74.7,76.6,70.4,68.3,82.8,91.9,99.7,98.8,84.9,68.6,75.0,90.3,94.7,96.9,85.3,96.3,107.7,109.9,97.5,94.1,90.9,100.0,92.1,63.1,51.4,56.8
A,BPRM_SQM,CPA_F41001_X_410014,NSA,I21,PL,,,,,,,,,47.8,48.6,26.7,34.3,36.4,38.7,54.3,79.8,74.4,61.3,58.7,59.5,51.3,44.5,46.5,54.9,61.2,71.2,74.5,77.8,79.7,100.0,82.4,64.4,75.5,73.5
A,BPRM_SQM,CPA_F41001_X_410014,NSA,I21,PT,,,,,,,,,397.2,391.2,329.0,276.5,261.3,254.4,244.4,222.4,162.8,103.2,95.4,70.1,46.7,32.0,29.3,35.0,45.6,56.2,78.2,86.0,90.5,100.0,107.3,108.1,114.1,130.6
A,BPRM_SQM,CPA_F41001_X_410014,NSA,I21,RO,,,,,,,,,38.8,40.3,35.2,36.8,45.3,60.3,78.9,99.5,123.7,73.0,60.9,56.2,54.9,57.0,59.3,65.2,73.7,80.6,88.3,90.7,86.7,100.0,94.2,71.7,72.7,80.3
A,BPRM_SQM,CPA_F41001_X_410014,NSA,I21,RS,,,,,,,,,19.7,18.9,25.8,38.4,39.5,36.9,35.9,40.2,44.3,39.1,31.8,33.7,30.7,22.7,24.0,33.0,39.1,53.9,61.5,78.6,85.8,100.0,117.1,122.6,117.4,119.2
A,BPRM_SQM,CPA_F41001_X_410014,NSA,I21,SE,,,,,,,,,28.4,29.7,28.0,36.6,43.6,52.3,68.9,50.3,43.1,36.2,46.5,45.7,38.4,45.5,54.9,70.1,85.3,90.2,74.3,66.8,78.3,100.0,79.2,37.2,37.1,40.4
A,BPRM_SQM,CPA_F41001_X_410014,NSA,I21,SI,,,,,,,,,97.1,87.5,98.2,111.1,133.3,145.2,172.5,224.0,182.1,135.2,124.2,89.4,78.5,80.8,69.3,71.4,74.1,80.3,91.3,82.2,86.4,100.0,117.3,111.5,99.5,99.0
A,BPRM_SQM,CPA_F41001_X_410014,NSA,I21,SK,,,,,,,,,,,,47.6,67.0,78.1,79.2,76.6,115.5,80.9,69.0,56.9,56.5,62.3,63.7,75.6,89.8,83.8,91.9,91.7,85.6,100.0,88.2,77.1,60.9,63.4
A,BPRM_SQM,CPA_F41001_X_410014,NSA,I21,UA,,,,,,,,,,,,,,,,,,,,,,,,,,,101.3,115.3,,100.0,,,,
A,BPRM_SQM,CPA_F41001_X_410014,NSA,I21,XK,,,,,,,,,,,,,,,,,,,,,,,,,,,,,98.0,100.0,127.5,88.1,77.1,
A,BPRM_SQM,CPA_F41001_X_410014,NSA,MIO_M2,EA19,,,,,,,,,,,,,,292.16,311.39,278.98,198.41,146.43,141.63,139.97,123.5,110.59,109.33,116.79,132.75,141.35,146.31,145.98,135.95,154.8,147.12,115.36,,
A,BPRM_SQM,CPA_F41001_X_410014,NSA,MIO_M2,EA20,,,,,,,,,,,,,,294.4,313.9,281.3,200.7,148.2,143.0,141.2,124.2,111.2,109.4,116.9,133.1,142.1,147.2,147.3,137.6,156.6,149.4,118.0,111.2,118.0
A,BPRM_SQM,CPA_F41001_X_410014,NSA,MIO_M2,EA21,,,,,,,,,,,,,,298.9,320.5,289.2,207.3,150.9,144.7,142.7,125.6,112.8,111.5,119.1,135.5,145.3,151.6,151.4,141.4,161.3,155.1,123.4,115.8,123.9
A,BPRM_SQM,CPA_F41001_X_410014,NSA,MIO_M2,EU27_2020,,,,,,,,,,,,,,336.4,367.0,343.0,260.8,190.6,181.8,178.9,157.3,142.6,143.9,157.5,180.8,196.3,203.9,204.7,194.2,226.4,211.4,164.0,159.8,169.3
A,BPRM_SQM,CPA_F41001_X_410014,NSA,PCH_SM,AL,,,,,,,,,,,,,,,,,,,,,,,,,306.1,153.7,64.4,27.7,4.1,34.6,-2.7,-45.4,13.6,-56.9
A,BPRM_SQM,CPA_F41001_X_410014,NSA,PCH_SM,AT,,,,,,,,,,,,,,,6.9,0.2,3.1,-1.2,7.1,14.2,-10.0,7.2,3.1,3.7,11.9,10.4,-12.7,11.6,-4.8,4.0,-20.1,-32.3,-10.2,-7.2
A,BPRM_SQM,CPA_F41001_X_410014,NSA,PCH_SM,BE,,,,,58.7,3.9,-21.0,19.9,-6.2,-4.2,-1.4,6.8,12.8,13.9,3.1,-11.8,-1.4,-12.1,6.8,-12.1,4.6,2.4,5.4,-12.9,5.3,-8.0,16.4,-6.2,-2.7,11.9,-10.8,-9.3,-13.3,-5.0
A,BPRM_SQM,CPA_F41001_X_410014,NSA,PCH_SM,BG,,,,,,,,,,18.5,29.4,55.6,109.3,45.5,44.6,19.4,-16.6,-59.0,-37.9,-8.3,-9.4,13.4,27.1,12.5,6.0,33.1,38.2,-7.7,-8.9,25.9,20.8,-4.9,-14.2,27.3
A,BPRM_SQM,CPA_F41001_X_410014,NSA,PCH_SM,CY,,,,,,,,,,19.0,10.5,26.6,21.4,15.9,-1.9,7.8,-0.9,-14.7,-10.1,-33.2,-28.2,-29.8,-27.8,14.0,22.6,33.3,18.0,63.6,-15.3,9.9,-9.0,7.6,-2.8,45.6
A,BPRM_SQM,CPA_F41001_X_410014,NSA,PCH_SM,CZ,,,,,,,,,,5.3,21.2,12.8,12.3,-0.7,7.2,3.2,0.9,-14.7,-19.6,-2.3,-15.6,-7.2,7.0,5.8,4.2,17.5,1.5,18.2,-6.3,21.5,-9.3,-17.8,-1.2,-2.0
A,BPRM_SQM,CPA_F41001_X_410014,NSA,PCH_SM,DE,,,,-10.4,-5.5,-3.1,-2.9,-4.1,-10.0,-14.0,-2.3,10.7,-11.0,-11.6,2.5,-29.6,-4.8,3.3,6.4,21.6,2.3,8.7,2.2,6.8,11.2,-3.8,1.5,3.3,4.7,2.2,-9.5,-34.1,-20.0,10.7
A,BPRM_SQM,CPA_F41001_X_410014,NSA,PCH_SM,DK,,,,,,,,-11.7,-10.2,15.6,11.8,11.4,14.1,30.2,11.9,-32.9,-26.7,-43.0,58.2,-4.7,-23.6,-4.0,27.7,39.7,20.7,1.4,24.4,-8.9,1.9,11.0,-16.3,-37.2,-3.2,10.2
A,BPRM_SQM,CPA_F41001_X_410014,NSA,PCH_SM,EA19,,,,,,,,,,,,,,7.3,6.6,-10.5,-28.9,-26.2,-3.4,-1.2,-11.8,-10.5,-1.1,7.0,13.7,6.5,3.5,-0.2,-6.9,13.9,-4.9,-21.6,,
A,BPRM_SQM,CPA_F41001_X_410014,NSA,PCH_SM,EA20,,,,,,,,,,,,,,7.3,6.6,-10.4,-28.7,-26.3,-3.5,-1.3,-12.1,-10.6,-1.7,7.0,13.9,6.7,3.6,0.1,-6.6,13.8,-4.5,-21.0,-5.7,6.2
A,BPRM_SQM,CPA_F41001_X_410014,NSA,PCH_SM,EA21,,,,,,,,,,,,,,7.8,7.2,-9.8,-28.4,-27.3,-4.2,-1.3,-12.1,-10.4,-1.1,7.0,13.8,7.3,4.3,-0.1,-6.7,14.2,-3.7,-20.5,-6.1,7.1
A,BPRM_SQM,CPA_F41001_X_410014,NSA,PCH_SM,EE,,,,,,,,-16.7,6.9,24.6,101.9,21.2,128.6,-2.7,42.7,-23.4,-39.5,-55.0,4.6,8.3,5.1,10.7,16.3,24.4,8.7,22.9,-11.0,12.1,7.6,5.9,-21.5,-11.7,-13.7,26.6
A,BPRM_SQM,CPA_F41001_X_410014,NSA,PCH_SM,EL,,,,,,,,,,,20.4,-6.5,-7.0,65.8,-36.6,-17.5,-24.6,-22.9,-18.6,-42.9,-45.3,-42.8,-19.8,-4.2,5.2,20.3,33.1,23.0,24.3,56.5,1.4,25.5,31.9,-23.9
A,BPRM_SQM,CPA_F41001_X_410014,NSA,PCH_SM,ES,,,,,-6.1,13.6,22.8,13.3,92.8,-9.5,2.9,16.3,14.5,8.6,20.4,-13.3,-53.8,-49.2,-25.2,-16.6,-23.3,-46.7,12.5,10.5,51.2,12.5,23.5,-5.9,-50.4,50.8,30.7,-1.7,19.6,12.9
A,BPRM_SQM,CPA_F41001_X_410014,NSA,PCH_SM,EU27_2020,,,,,,,,,,,,,,8.1,9.1,-6.5,-24.0,-27.0,-4.6,-1.6,-12.1,-9.5,1.0,9.4,14.8,8.6,3.9,0.3,-5.1,16.6,-6.5,-22.5,-2.5,5.9
A,BPRM_SQM,CPA_F41001_X_410014,NSA,PCH_SM,FI,,,,,28.9,27.7,7.9,13.6,-4.1,-14.7,6.1,16.6,0.5,9.3,-2.0,-11.5,-21.7,-5.4,23.8,1.1,-11.2,-17.7,1.4,1.9,13.6,18.4,-11.8,-4.1,6.1,12.0,-18.0,-39.3,-16.3,-6.7
A,BPRM_SQM,CPA_F41001_X_410014,NSA,PCH_SM,FR,,,,-12.0,2.3,3.4,30.8,-11.6,9.0,-2.7,0.6,7.3,15.7,8.9,7.1,-4.5,-18.9,-22.2,23.8,8.1,-7.8,-12.3,-15.5,5.4,13.4,7.3,-5.1,-1.7,-11.7,22.0,-0.1,-27.9,-16.9,10.7
A,BPRM_SQM,CPA_F41001_X_410014,NSA,PCH_SM,HR,,,,,,,,,,46.0,10.5,3.3,-1.4,17.3,11.2,-5.0,1.0,-24.1,-20.2,-7.1,-31.6,-17.3,-3.8,-7.9,34.5,34.9,-1.4,24.3,-5.0,20.2,16.0,0.3,7.2,3.9
A,BPRM_SQM,CPA_F41001_X_410014,NSA,PCH_SM,HU,,,,,,,,28.2,43.7,8.6,-4.1,26.4,-1.4,-13.7,-8.3,-2.8,-0.6,-29.6,-39.1,-24.4,-12.4,-25.2,23.6,31.4,138.7,23.4,-3.7,-1.4,-34.6,42.0,12.7,-38.2,-6.3,33.1
A,BPRM_SQM,CPA_F41001_X_410014,NSA,PCH_SM,IE,,,,,,,,,,-12.9,-16.2,9.5,33.0,3.0,-15.9,9.8,-19.6,-39.7,-51.7,-30.7,-39.5,8.0,3.3,57.7,16.4,25.8,28.6,16.8,-0.6,4.1,-12.7,8.8,-15.2,6.5
A,BPRM_SQM,CPA_F41001_X_410014,NSA,PCH_SM,IT,,,,,,,,,,0.4,8.0,7.6,13.3,2.9,-6.5,-4.0,-22.4,-25.0,-18.3,-4.5,-24.0,-30.0,-12.3,-4.4,4.7,15.0,7.0,1.7,-11.9,20.2,-0.6,-8.6,-1.2,-3.7
A,BPRM_SQM,CPA_F41001_X_410014,NSA,PCH_SM,LT,,,,,,,,,-10.5,-7.9,20.3,48.1,30.8,39.0,39.3,19.5,-16.4,-42.7,2.9,-14.5,23.9,18.9,-10.6,15.4,24.5,-13.4,-2.5,-5.4,6.2,39.1,-21.4,-23.2,-1.5,19.2
A,BPRM_SQM,CPA_F41001_X_410014,NSA,PCH_SM,LU,,,,,,,,,,-10.7,4.4,10.3,22.5,15.6,-4.5,18.9,-23.3,-8.9,3.5,15.3,4.7,-15.8,60.6,-20.2,-12.1,15.1,8.7,1.7,-4.9,11.6,-31.4,-17.8,-11.5,-15.0
A,BPRM_SQM,CPA_F41001_X_410014,NSA,PCH_SM,LV,,,,,,,,,,10.1,19.1,70.8,61.2,39.2,31.3,5.6,-55.8,-8.4,-52.7,10.1,0.9,37.1,-31.5,-21.8,8.4,44.5,16.4,-3.8,8.8,7.6,0.7,-8.0,10.8,18.0
A,BPRM_SQM,CPA_F41001_X_410014,NSA,PCH_SM,ME,,,,,,,,,,-23.8,27.3,-21.9,63.4,-32.9,17.9,40.8,27.5,25.6,-22.5,10.9,5.8,-3.4,-10.1,-3.7,5.5,37.5,-54.8,-33.3,-16.7,-46.0,240.4,8.6,-30.6,63.6
A,BPRM_SQM,CPA_F41001_X_410014,NSA,PCH_SM,MK,,,,,,,,,,,,,,,,,,-4.7,10.0,14.2,11.7,-30.6,15.3,4.0,29.7,3.4,-14.9,-17.3,10.5,85.9,-36.2,9.7,5.7,5.3
A,BPRM_SQM,CPA_F41001_X_410014,NSA,PCH_SM,MT,,,,,,,,,,-37.5,57.0,12.8,6.8,33.6,13.1,7.3,-40.3,-21.4,-12.4,-5.9,-9.6,-11.9,13.2,43.4,55.7,13.2,34.6,0.8,-35.4,-5.7,23.1,-16.4,9.4,36.9
A,BPRM_SQM,CPA_F41001_X_410014,NSA,PCH_SM,NL,,,,,,,,,,-17.2,4.0,10.0,3.1,8.3,16.2,-7.7,-0.9,-19.5,-15.6,-7.5,-38.8,-30.7,52.8,34.2,-0.6,30.8,-0.2,-18.0,17.1,14.2,-17.5,-27.6,21.4,-14.5
A,BPRM_SQM,CPA_F41001_X_410014,NSA,PCH_SM,NO,,,,,,,,,,2.5,-8.1,-3.0,21.2,11.0,8.5,-0.9,-14.1,-19.2,9.3,20.4,4.9,2.3,-12.0,12.9,11.8,2.0,-11.3,-3.5,-3.4,10.0,-7.9,-31.5,-18.5,10.5
A,BPRM_SQM,CPA_F41001_X_410014,NSA,PCH_SM,PL,,,,,,,,,,1.7,-45.1,28.5,6.1,6.3,40.3,47.0,-6.8,-17.6,-4.2,1.4,-13.8,-13.3,4.5,18.1,11.5,16.3,4.6,4.4,2.4,25.5,-17.6,-21.8,17.2,-2.6
A,BPRM_SQM,CPA_F41001_X_410014,NSA,PCH_SM,PT,,,,,,,,,,-1.5,-15.9,-16.0,-5.5,-2.6,-3.9,-9.0,-26.8,-36.6,-7.6,-26.5,-33.4,-31.5,-8.4,19.5,30.3,23.2,39.1,10.0,5.2,10.5,7.3,0.7,5.6,14.5
A,BPRM_SQM,CPA_F41001_X_410014,NSA,PCH_SM,RO,,,,,,,,,,3.9,-12.7,4.5,23.1,33.1,30.8,26.1,24.3,-41.0,-16.6,-7.7,-2.3,3.8,4.0,9.9,13.0,9.4,9.6,2.7,-4.4,15.3,-5.8,-23.9,1.4,10.5
A,BPRM_SQM,CPA_F41001_X_410014,NSA,PCH_SM,RS,,,,,,,,,,-4.1,36.5,48.8,2.9,-6.6,-2.7,12.0,10.2,-11.7,-18.7,6.0,-8.9,-26.1,5.7,37.5,18.5,37.9,14.1,27.8,9.2,16.6,17.1,4.7,-4.2,1.5
A,BPRM_SQM,CPA_F41001_X_410014,NSA,PCH_SM,SE,,,,,,,,,,4.6,-5.7,30.7,19.1,20.0,31.7,-27.0,-14.3,-16.0,28.5,-1.7,-16.0,18.5,20.7,27.7,21.7,5.7,-17.6,-10.1,17.2,27.7,-20.8,-53.0,-0.3,8.9
A,BPRM_SQM,CPA_F41001_X_410014,NSA,PCH_SM,SI,,,,,,,,,,-9.9,12.2,13.1,20.0,8.9,18.8,29.9,-18.7,-25.8,-8.1,-28.0,-12.2,2.9,-14.2,3.0,3.8,8.4,13.7,-10.0,5.1,15.7,17.3,-4.9,-10.8,-0.5
A,BPRM_SQM,CPA_F41001_X_410014,NSA,PCH_SM,SK,,,,,,,,,,,,,40.8,16.6,1.4,-3.3,50.8,-30.0,-14.7,-17.5,-0.7,10.3,2.2,18.7,18.8,-6.7,9.7,-0.2,-6.7,16.8,-11.8,-12.6,-21.0,4.1
A,BPRM_SQM,CPA_F41001_X_410014,NSA,PCH_SM,UA,,,,,,,,,,,,,,,,,,,,,,,,,,,,13.8,,,,,,
A,BPRM_SQM,CPA_F41001_X_410014,NSA,PCH_SM,UK,,,,,,,,1.6,-0.6,3.0,0.3,8.0,10.9,-0.5,-0.5,4.8,-39.5,-21.7,1.4,-2.8,0.5,17.0,25.1,20.9,6.8,3.5,12.7,1.3,,,,,,
A,BPRM_SQM,CPA_F41001_X_410014,NSA,PCH_SM,XK,,,,,,,,,,,,,,,,,,,,,,,,,,,,,,2.0,27.5,-30.9,-12.5,
A,BPRM_SQM,CPA_F41002,NSA,I15,AL,,,,,,,,,,,,,,,,,,,,,,,,100.0,62.7,118.7,188.4,276.3,148.2,196.7,210.7,,,
A,BPRM_SQM,CPA_F41002,NSA,I15,AT,,,,,,,,,,,,,,54.5,75.4,77.8,86.5,80.3,89.5,96.6,81.0,77.9,87.4,100.0,87.9,95.3,99.5,104.4,95.8,107.5,80.8,,,
A,BPRM_SQM,CPA_F41002,NSA,I15,BE,,,,114.1,123.3,118.5,132.5,146.2,135.9,138.6,107.3,87.7,115.3,110.3,110.3,128.8,124.9,119.3,109.0,113.9,116.4,110.1,106.3,100.0,92.7,104.1,137.5,171.3,150.6,160.4,126.8,,,
A,BPRM_SQM,CPA_F41002,NSA,I15,BG,,,,,,,,,36.7,45.8,55.4,82.0,110.6,132.1,168.8,217.4,180.2,114.6,87.9,96.1,81.5,88.3,78.7,100.0,115.0,127.4,135.3,100.3,78.3,102.6,99.6,118.0,,
A,BPRM_SQM,CPA_F41002,NSA,I15,CY,,,,,,,,,174.6,230.4,239.3,217.9,195.9,192.3,265.5,199.6,255.7,208.9,231.5,316.9,168.1,97.5,92.9,100.0,106.7,192.8,190.6,217.2,201.6,175.1,198.0,,,
A,BPRM_SQM,CPA_F41002,NSA,I15,CZ,,,,,,,,,89.1,106.9,107.5,124.1,116.0,123.5,158.9,150.1,145.9,88.8,111.8,92.4,108.1,84.5,77.0,100.0,120.9,115.9,132.5,117.3,106.1,132.1,134.3,,,
A,BPRM_SQM,CPA_F41002,NSA,I15,DE,,,161.5,159.1,153.7,146.9,152.8,153.7,134.3,133.1,112.1,101.9,94.5,92.5,104.6,113.8,130.1,107.6,104.8,113.2,111.0,106.4,98.6,100.0,112.8,113.0,119.5,119.7,121.0,122.1,117.9,,,
A,BPRM_SQM,CPA_F41002,NSA,I15,DK,,,,,,,157.2,157.2,171.2,170.8,154.6,149.8,152.8,168.7,201.9,172.6,160.6,102.8,101.8,99.7,96.3,97.3,97.3,100.0,105.2,99.8,112.9,110.3,119.3,129.4,109.1,,,
A,BPRM_SQM,CPA_F41002,NSA,I15,EA19,,,,,,,,,,,,,,182.4,205.8,222.9,198.8,155.3,133.7,131.3,118.0,108.8,96.2,100.0,109.1,123.0,127.7,129.7,110.4,127.3,127.0,,,
A,BPRM_SQM,CPA_F41002,NSA,I15,EA20,,,,,,,,,,,,,,181.9,205.2,222.4,198.2,154.9,133.4,130.9,117.6,108.4,95.9,100.0,109.0,122.7,127.3,129.3,110.1,127.0,126.9,,,
A,BPRM_SQM,CPA_F41002,NSA,I15,EE,,,,,,,30.3,23.4,29.6,35.3,57.9,48.4,69.8,79.3,96.0,107.2,105.4,66.0,46.8,57.5,79.3,66.4,71.2,100.0,94.1,111.4,85.3,75.8,106.0,99.3,77.2,80.8,,
A,BPRM_SQM,CPA_F41002,NSA,I15,EL,,,,,,,,,,531.6,595.2,660.8,563.4,607.7,600.7,674.8,611.4,395.4,321.0,168.6,123.4,94.5,82.1,100.0,66.6,95.1,121.7,126.9,120.0,174.7,159.6,,,
A,BPRM_SQM,CPA_F41002,NSA,I15,ES,,,,128.5,115.4,155.2,201.3,223.8,334.4,361.7,331.1,337.5,365.8,382.0,503.6,501.1,351.9,256.1,161.8,139.2,125.4,127.9,97.6,100.0,110.0,178.5,133.5,126.5,68.4,149.9,208.9,,,
A,BPRM_SQM,CPA_F41002,NSA,I15,EU27_2020,,,,,,,,,,,,,,167.8,189.9,206.3,186.4,143.5,126.4,125.9,113.6,105.7,96.4,100.0,110.7,122.3,127.4,127.9,110.9,129.8,129.6,,,
A,BPRM_SQM,CPA_F41002,NSA,I15,FI,,,,79.9,93.2,110.8,121.3,124.8,130.0,127.8,124.7,120.4,119.8,130.0,143.6,163.5,139.4,118.6,115.0,122.1,109.1,112.4,96.2,100.0,106.7,106.2,110.6,118.1,101.6,106.9,86.4,,,
A,BPRM_SQM,CPA_F41002,NSA,I15,FR,,,84.4,84.5,80.1,83.2,99.3,120.9,134.2,133.6,116.2,114.8,110.7,124.0,133.8,136.7,135.6,125.2,121.3,127.6,124.0,115.9,101.5,100.0,106.2,113.8,110.1,118.2,95.4,106.9,112.5,105.4,,
A,BPRM_SQM,CPA_F41002,NSA,I15,HR,,,,,,,,,40.2,59.2,68.5,93.9,100.8,110.1,113.2,143.3,119.8,97.8,94.0,62.2,56.0,43.2,60.2,100.0,89.1,84.6,68.5,72.4,67.7,83.3,103.6,112.7,,
A,BPRM_SQM,CPA_F41002,NSA,I15,HU,,,,,,,116.2,99.1,101.0,109.8,106.4,123.9,104.7,119.6,121.2,100.7,142.3,105.4,94.4,71.8,83.3,84.0,76.4,100.0,137.6,143.2,148.4,124.7,127.0,150.3,154.2,,,
A,BPRM_SQM,CPA_F41002,NSA,I15,IE,,,,,,,,,194.2,220.8,219.8,216.1,233.6,272.1,341.6,511.1,283.0,168.1,83.7,73.2,67.7,71.6,58.5,100.0,113.1,99.8,127.3,140.7,139.0,150.8,113.9,,,
A,BPRM_SQM,CPA_F41002,NSA,I15,IT,,,,,,,,,359.5,388.2,521.0,402.5,404.9,339.1,327.4,335.4,310.5,240.2,208.6,175.2,137.3,106.1,84.1,100.0,106.4,131.4,163.8,161.2,115.9,131.4,138.5,,,
A,BPRM_SQM,CPA_F41002,NSA,I15,LT,,,,,,,,27.1,36.5,34.9,53.7,54.4,78.1,105.9,92.7,138.0,122.4,107.3,82.7,62.0,78.1,98.6,87.2,100.0,89.2,96.6,106.9,83.7,91.0,92.1,93.4,102.6,,
A,BPRM_SQM,CPA_F41002,NSA,I15,LU,,,,,,,,,75.0,79.5,72.3,81.4,70.1,37.2,65.4,55.2,79.8,68.8,63.2,80.7,68.9,84.1,91.2,100.0,74.4,103.8,76.9,84.0,66.9,61.9,50.9,,,
A,BPRM_SQM,CPA_F41002,NSA,I15,LV,,,,,,,,,67.2,146.6,146.8,119.4,154.5,187.2,255.6,328.2,254.3,135.4,183.8,232.8,164.0,225.4,153.5,100.0,88.9,69.9,105.7,166.2,119.8,161.5,115.2,129.1,,
A,BPRM_SQM,CPA_F41002,NSA,I15,ME,,,,,,,,,31.1,24.6,29.1,24.4,37.0,23.5,28.3,41.4,58.7,90.4,54.1,25.4,75.1,51.7,84.4,100.0,123.1,127.9,81.2,16.3,41.6,22.8,34.4,,,
A,BPRM_SQM,CPA_F41002,NSA,I15,MK,,,,,,,,,,,,,,,,,87.4,63.6,71.6,82.8,100.6,84.7,93.2,100.0,123.9,102.6,56.3,96.5,76.7,94.0,98.0,100.9,,
A,BPRM_SQM,CPA_F41002,NSA,I15,MT,,,,,,,,,100.0,83.9,109.6,122.9,133.2,177.9,201.8,160.9,110.3,69.5,102.5,80.1,127.4,76.4,100.4,100.0,173.9,141.1,277.3,235.5,189.5,234.9,247.2,,,
A,BPRM_SQM,CPA_F41002,NSA,I15,NL,,,,,,,,,288.5,273.5,181.8,180.8,194.3,198.7,237.3,301.8,268.9,175.8,135.4,151.0,120.6,98.7,91.8,100.0,123.8,144.5,155.0,127.4,136.4,150.0,131.3,121.6,,
A,BPRM_SQM,CPA_F41002,NSA,I15,NO,,,,87.7,94.3,97.2,91.5,80.0,79.0,78.6,74.0,75.8,82.6,89.7,95.3,117.3,122.1,98.5,113.4,109.2,108.3,103.9,105.1,100.0,112.7,109.8,109.2,109.4,104.8,107.2,117.9,89.7,,
A,BPRM_SQM,CPA_F41002,NSA,I15,PL,,,,,,,,,69.1,138.3,68.8,65.9,92.0,95.4,97.5,107.1,110.2,91.6,87.9,94.4,86.7,90.1,85.6,100.0,120.4,113.0,120.3,97.7,87.9,112.4,112.2,,,
A,BPRM_SQM,CPA_F41002,NSA,I15,PT,,,,,,,,,259.0,265.0,270.2,217.6,214.9,189.6,215.1,240.8,241.9,185.7,164.8,148.8,122.0,112.5,100.3,100.0,129.2,135.7,159.1,139.3,136.8,152.2,149.0,146.4,,
A,BPRM_SQM,CPA_F41002,NSA,I15,RO,,,,,,,,,123.1,83.9,81.7,100.9,112.1,138.7,189.5,261.3,238.6,163.5,129.1,160.1,127.5,119.2,144.1,100.0,92.2,117.4,132.0,135.0,116.4,122.6,142.4,151.7,,
A,BPRM_SQM,CPA_F41002,NSA,I15,RS,,,,,,,,,38.1,45.0,54.5,74.9,70.8,71.2,84.2,86.7,82.4,62.9,47.4,58.7,64.4,62.5,49.4,100.0,121.7,179.3,193.9,195.4,202.1,200.1,191.9,,,
A,BPRM_SQM,CPA_F41002,NSA,I15,SE,,,,,,,,,136.9,102.2,95.5,84.2,76.3,88.5,97.0,119.3,116.5,80.6,94.4,113.4,99.7,97.8,107.7,100.0,123.4,133.9,132.5,150.3,140.7,185.3,181.7,,,
A,BPRM_SQM,CPA_F41002,NSA,I15,SI,,,,,,,,,161.1,147.4,172.8,170.1,180.8,185.0,297.3,248.4,188.3,160.4,155.3,150.2,99.2,104.6,70.8,100.0,162.6,178.7,166.1,145.2,133.6,166.5,182.3,162.2,,
A,BPRM_SQM,CPA_F41002,NSA,I15,SK,,,,,,,,,,,,158.6,343.9,245.5,304.8,394.3,362.9,191.3,143.1,166.7,147.8,140.3,151.8,100.0,226.2,147.7,134.8,169.5,147.8,159.4,149.1,,,
A,BPRM_SQM,CPA_F41002,NSA,I15,UK,,,,,,,153.1,147.5,143.5,144.5,140.3,142.1,149.9,141.7,141.8,152.0,142.3,130.7,122.2,120.6,126.1,99.0,101.0,100.0,98.3,95.1,87.9,74.7,,,,,,
A,BPRM_SQM,CPA_F41002,NSA,I21,AL,,,,,,,,,,,,,,,,,,,,,,,,50.8,31.9,60.3,95.8,140.5,75.3,100.0,107.1,104.5,91.7,82.7
A,BPRM_SQM,CPA_F41002,NSA,I21,AT,,,,,,,,,,,,,,45.3,62.6,64.6,71.9,66.7,76.0,82.4,70.7,66.9,75.4,86.7,76.6,83.0,89.3,95.6,86.0,100.0,84.3,75.9,59.6,57.9
A,BPRM_SQM,CPA_F41002,NSA,I21,BE,,,,70.2,75.9,73.0,81.6,90.0,83.7,85.3,66.1,54.0,71.0,67.9,67.9,79.3,76.9,73.4,67.1,70.1,71.7,67.8,65.4,61.6,57.1,64.1,84.6,107.2,94.3,100.0,82.1,91.6,79.5,76.4
A,BPRM_SQM,CPA_F41002,NSA,I21,BG,,,,,,,,,35.7,44.6,53.9,79.9,107.8,128.7,164.5,211.8,175.5,111.6,85.6,93.6,79.4,86.1,76.6,97.4,112.0,124.1,131.8,97.7,76.3,100.0,97.0,114.9,86.4,99.0
A,BPRM_SQM,CPA_F41002,NSA,I21,CY,,,,,,,,,99.7,131.6,136.7,124.5,111.9,109.9,151.7,114.0,146.0,119.3,132.2,181.0,96.0,55.7,53.1,57.1,60.9,110.1,108.8,124.0,115.1,100.0,113.1,97.9,121.2,145.2
A,BPRM_SQM,CPA_F41002,NSA,I21,CZ,,,,,,,,,67.4,80.9,81.3,93.9,87.8,93.5,120.3,113.6,110.5,67.2,84.6,70.0,81.8,64.0,58.3,75.7,91.5,87.7,100.3,88.8,80.3,100.0,101.7,104.3,104.4,83.4
A,BPRM_SQM,CPA_F41002,NSA,I21,DE,,,132.2,130.2,125.9,120.3,125.1,125.8,109.9,109.0,91.8,83.4,77.4,75.7,85.6,93.2,106.5,88.1,85.8,92.7,90.9,87.1,80.8,81.9,92.4,92.5,97.8,98.0,99.0,100.0,96.5,80.3,76.3,73.1
A,BPRM_SQM,CPA_F41002,NSA,I21,DK,,,,,,,116.5,116.4,126.8,126.5,114.6,111.0,113.2,124.9,149.7,127.8,119.0,76.5,75.5,73.9,71.7,72.4,74.0,74.1,80.1,74.2,83.2,81.4,89.0,100.0,85.4,81.1,73.3,69.5
A,BPRM_SQM,CPA_F41002,NSA,I21,EA19,,,,,,,,,,,,,,121.7,137.1,149.4,138.6,111.9,100.2,101.8,94.5,88.6,79.1,81.4,88.2,96.3,99.4,101.6,89.8,100.0,98.8,94.0,,
A,BPRM_SQM,CPA_F41002,NSA,I21,EA20,,,,,,,,,,,,,,122.1,137.5,149.8,138.9,112.2,100.5,101.5,94.5,88.4,79.1,81.0,87.9,96.1,99.3,101.7,90.4,100.0,98.9,95.4,98.6,95.4
A,BPRM_SQM,CPA_F41002,NSA,I21,EA21,,,,,,,,,,,,,,122.3,138.0,151.1,139.7,112.1,100.2,101.4,94.2,88.3,79.1,81.4,88.4,96.6,100.0,101.6,90.1,100.0,98.8,95.8,98.4,95.4
A,BPRM_SQM,CPA_F41002,NSA,I21,EE,,,,,,,30.5,23.6,29.9,35.6,58.4,48.7,70.3,79.9,96.7,108.0,106.1,66.5,47.2,58.0,79.9,66.9,71.7,100.7,94.8,112.2,86.0,76.3,106.8,100.0,77.7,81.4,86.9,83.8
A,BPRM_SQM,CPA_F41002,NSA,I21,EL,,,,,,,,,,304.3,340.7,378.3,322.6,347.9,343.9,386.3,350.0,226.4,183.8,96.5,70.6,54.1,47.0,57.2,38.1,54.5,69.7,72.6,68.7,100.0,91.4,99.5,102.8,102.0
A,BPRM_SQM,CPA_F41002,NSA,I21,ES,,,,85.8,77.0,103.6,134.3,149.3,223.1,241.3,220.9,225.2,244.0,254.9,336.0,334.4,234.8,170.9,108.0,92.9,83.7,85.3,65.1,66.7,73.4,119.1,89.1,84.4,45.7,100.0,140.4,173.5,228.6,259.9
A,BPRM_SQM,CPA_F41002,NSA,I21,EU27_2020,,,,,,,,,,,,,,113.9,128.2,139.4,131.1,103.8,94.2,95.8,89.2,84.6,77.5,80.7,89.6,95.5,99.5,98.0,88.0,100.0,99.1,94.7,94.4,92.4
A,BPRM_SQM,CPA_F41002,NSA,I21,FI,,,,74.0,86.4,102.7,112.4,115.7,116.5,114.3,112.6,108.3,108.7,115.5,129.1,144.6,123.6,103.7,100.0,101.9,95.6,95.3,81.6,85.5,92.0,91.2,96.4,103.6,92.5,100.0,80.3,78.3,72.5,77.8
A,BPRM_SQM,CPA_F41002,NSA,I21,FR,,,80.1,80.3,76.1,79.0,94.3,114.8,127.5,126.9,110.4,109.0,105.2,117.8,127.1,129.8,128.8,118.9,115.3,121.2,117.7,110.1,96.4,92.3,99.0,106.6,103.6,111.6,91.7,100.0,104.9,98.9,100.0,99.2
A,BPRM_SQM,CPA_F41002,NSA,I21,HR,,,,,,,,,48.3,71.0,82.2,112.6,120.9,132.1,135.8,171.9,143.7,117.3,112.8,74.6,67.2,51.8,72.3,120.0,106.9,101.6,82.2,86.8,81.2,100.0,124.3,135.3,138.4,96.2
A,BPRM_SQM,CPA_F41002,NSA,I21,HU,,,,,,,77.3,65.9,67.2,73.1,70.8,82.4,69.7,79.6,80.7,67.0,94.7,70.2,62.8,47.8,55.4,55.9,50.8,66.5,91.5,95.3,98.7,83.0,84.5,100.0,102.6,93.4,60.7,60.6
A,BPRM_SQM,CPA_F41002,NSA,I21,IE,,,,,,,,,128.8,146.4,145.7,143.3,154.9,180.4,226.5,338.9,187.6,111.5,55.5,48.5,44.9,47.5,38.8,66.3,75.0,66.2,84.4,93.3,92.1,100.0,75.5,85.8,79.0,66.7
A,BPRM_SQM,CPA_F41002,NSA,I21,IT,,,,,,,,,273.6,295.4,396.5,306.3,308.1,258.1,249.2,255.3,236.3,182.8,158.8,133.4,104.5,80.7,64.0,76.1,81.0,100.0,124.6,122.7,88.2,100.0,105.4,105.5,108.6,106.7
A,BPRM_SQM,CPA_F41002,NSA,I21,LT,,,,,,,,29.5,39.8,38.0,58.5,59.2,85.1,115.3,100.9,150.3,133.2,116.8,90.0,67.5,85.0,107.4,94.9,108.9,97.1,105.2,116.4,91.2,99.1,100.0,93.0,105.4,148.9,99.1
A,BPRM_SQM,CPA_F41002,NSA,I21,LU,,,,,,,,,121.2,128.5,116.9,131.5,113.3,60.2,105.7,89.3,129.1,111.3,102.2,130.5,111.3,136.0,147.4,161.6,120.2,167.8,124.3,135.8,108.0,100.0,82.2,75.3,57.4,82.4
A,BPRM_SQM,CPA_F41002,NSA,I21,LV,,,,,,,,,41.6,90.8,90.9,73.9,95.7,115.9,158.3,203.3,157.5,83.8,113.8,144.2,101.6,139.6,95.1,61.9,55.1,43.3,65.5,102.9,74.2,100.0,71.3,80.0,91.3,112.8
A,BPRM_SQM,CPA_F41002,NSA,I21,ME,,,,,,,,,136.3,107.6,127.2,106.9,162.0,102.7,123.9,181.2,257.1,395.7,236.8,111.1,328.6,226.2,369.7,437.7,538.9,559.8,355.5,71.4,182.3,100.0,150.6,228.5,85.7,274.4
A,BPRM_SQM,CPA_F41002,NSA,I21,MK,,,,,,,,,,,,,,,,,92.9,67.6,76.1,88.0,106.9,90.1,99.0,106.3,131.7,109.1,59.9,102.6,81.6,100.0,104.2,107.2,83.1,113.7
A,BPRM_SQM,CPA_F41002,NSA,I21,MT,,,,,,,,,48.6,40.7,53.1,59.5,64.4,86.2,97.7,82.8,55.5,33.2,51.0,38.6,55.4,38.4,46.2,47.1,79.2,65.6,132.5,107.8,92.0,100.0,123.9,107.5,92.4,142.2
A,BPRM_SQM,CPA_F41002,NSA,I21,NL,,,,,,,,,192.4,182.4,121.3,120.6,129.6,132.5,158.3,201.3,179.3,117.2,90.3,100.7,80.4,65.8,61.2,66.7,82.6,96.3,103.3,85.0,90.9,100.0,87.5,81.3,87.1,62.0
A,BPRM_SQM,CPA_F41002,NSA,I21,NO,,,,81.7,88.0,90.6,85.3,74.6,73.7,73.3,69.0,70.7,77.0,83.6,88.8,109.4,113.9,91.8,105.7,101.8,101.0,96.9,98.0,93.3,105.1,102.4,101.8,102.0,97.7,100.0,109.9,83.7,75.2,78.5
A,BPRM_SQM,CPA_F41002,NSA,I21,PL,,,,,,,,,61.5,123.1,61.2,58.7,81.8,84.9,86.8,95.3,98.1,81.5,78.3,84.0,77.1,80.2,76.2,89.0,107.2,100.6,107.0,87.0,78.2,100.0,99.8,85.1,82.6,85.1
A,BPRM_SQM,CPA_F41002,NSA,I21,PT,,,,,,,,,170.1,174.0,177.5,142.9,141.2,124.6,141.3,158.2,158.9,122.0,108.2,97.8,80.1,73.9,65.9,65.7,84.9,89.2,104.5,91.5,89.8,100.0,97.9,96.7,139.8,108.5
A,BPRM_SQM,CPA_F41002,NSA,I21,RO,,,,,,,,,100.4,68.4,66.6,82.3,91.5,113.2,154.6,213.2,194.7,133.4,105.4,130.6,104.0,97.2,117.5,81.6,75.2,95.8,107.7,110.1,95.0,100.0,116.2,123.8,107.9,120.3
A,BPRM_SQM,CPA_F41002,NSA,I21,RS,,,,,,,,,19.1,22.5,27.2,37.4,35.4,35.6,42.1,43.3,41.2,31.5,23.7,29.3,32.2,31.2,24.7,50.0,60.8,89.6,96.9,97.7,101.0,100.0,95.9,100.3,107.3,84.6
A,BPRM_SQM,CPA_F41002,NSA,I21,SE,,,,,,,,,71.3,53.2,49.7,43.8,39.7,46.1,50.5,62.1,60.7,42.0,49.2,59.0,51.9,50.9,56.1,52.1,64.3,70.6,69.1,77.5,73.8,100.0,101.6,94.5,76.8,86.5
A,BPRM_SQM,CPA_F41002,NSA,I21,SI,,,,,,,,,96.7,88.6,103.8,102.2,108.6,111.1,178.5,149.2,113.1,96.4,93.3,90.2,59.6,62.9,42.5,60.1,97.7,107.3,99.7,87.2,80.2,100.0,109.5,93.3,108.9,94.1
A,BPRM_SQM,CPA_F41002,NSA,I21,SK,,,,,,,,,,,,99.5,215.8,154.0,191.2,247.4,227.7,120.0,89.8,104.6,92.7,88.0,95.2,62.7,141.9,92.7,84.6,106.4,92.7,100.0,93.5,129.2,140.1,101.6
A,BPRM_SQM,CPA_F41002,NSA,I21,TR,26.8,28.9,26.7,29.4,34.6,38.0,37.8,28.7,27.2,29.7,21.2,25.4,35.6,46.3,55.2,65.7,52.5,41.5,83.2,66.6,90.4,101.1,124.0,116.6,108.4,126.5,106.2,57.9,74.1,100.0,106.6,112.7,105.1,100.9
A,BPRM_SQM,CPA_F41002,NSA,I21,UA,,,,,,,,,,,,,,,,,,,,,,,,,,,61.4,85.0,60.8,100.0,40.7,45.9,70.7,66.3
A,BPRM_SQM,CPA_F41002,NSA,MIO_M2,AL,,,,,,,,,,,,,,,,,,,,,,,,0.3,0.2,0.3,0.5,0.8,0.4,0.6,0.6,0.6,0.5,0.5
A,BPRM_SQM,CPA_F41002,NSA,MIO_M2,AT,,,,,,,,,,,,,,2.1,2.9,3.0,3.3,3.1,3.5,3.8,3.2,3.1,3.5,4.0,3.5,3.8,4.1,4.4,3.9,4.6,3.9,3.5,2.7,2.7
A,BPRM_SQM,CPA_F41002,NSA,MIO_M2,BE,,,,,,,,,,,,,,6.2,6.2,7.2,7.0,6.7,6.1,6.4,6.5,6.2,6.0,5.6,5.2,5.8,7.7,9.8,8.6,9.1,7.5,8.3,7.2,7.0
A,BPRM_SQM,CPA_F41002,NSA,MIO_M2,BG,,,,,,,,,,,,,,3.5,4.5,5.8,4.8,3.0,2.3,2.6,2.2,2.3,2.1,2.7,3.1,3.4,3.6,2.7,2.1,2.7,2.6,3.1,2.4,2.7
A,BPRM_SQM,CPA_F41002,NSA,MIO_M2,CY,,,,,,,,,,,,,,0.4,0.5,0.4,0.5,0.4,0.4,0.6,0.3,0.2,0.2,0.2,0.2,0.4,0.4,0.4,0.4,0.3,0.4,0.3,0.4,0.5
A,BPRM_SQM,CPA_F41002,NSA,MIO_M2,CZ,,,,,,,,,,,,,,3.3,4.3,4.0,3.9,2.4,3.0,2.5,2.9,2.3,2.1,2.7,3.3,3.1,3.6,3.2,2.9,3.6,3.6,3.7,3.7,3.0
A,BPRM_SQM,CPA_F41002,NSA,MIO_M2,DE,,,,,,,,,,,,,,25.1,28.3,30.8,35.2,29.1,28.4,30.7,30.1,28.8,26.7,27.1,30.6,30.6,32.4,32.4,32.8,33.1,31.9,26.6,25.2,24.2
A,BPRM_SQM,CPA_F41002,NSA,MIO_M2,DK,,,,,,,,,,,,,,6.9,8.3,7.1,6.6,4.2,4.2,4.1,4.0,4.0,4.1,4.1,4.4,4.1,4.6,4.5,4.9,5.5,4.7,4.5,4.1,3.9
A,BPRM_SQM,CPA_F41002,NSA,MIO_M2,EA19,,,,,,,,,,,,,,156.82,176.67,192.42,178.59,144.26,129.16,131.21,121.77,114.22,102.03,104.95,113.66,124.15,128.17,131.09,115.81,128.99,127.34,121.13,,
A,BPRM_SQM,CPA_F41002,NSA,MIO_M2,EA20,,,,,,,,,,,,,,158.1,178.1,194.1,180.0,145.3,130.2,131.6,122.4,114.5,102.6,105.1,114.0,124.5,128.8,131.9,117.3,129.8,128.2,123.6,127.7,123.5
A,BPRM_SQM,CPA_F41002,NSA,MIO_M2,EA21,,,,,,,,,,,,,,161.6,182.5,199.9,184.8,148.4,132.6,134.2,124.6,116.8,104.7,107.8,117.0,127.9,132.3,134.6,119.4,132.5,130.8,126.8,130.1,126.2
A,BPRM_SQM,CPA_F41002,NSA,MIO_M2,EE,,,,,,,,,,,,,,1.0,1.2,1.3,1.3,0.8,0.6,0.7,1.0,0.8,0.9,1.2,1.2,1.4,1.0,0.9,1.3,1.2,0.9,1.0,1.1,1.0
A,BPRM_SQM,CPA_F41002,NSA,MIO_M2,EL,,,,,,,,,,,,,,5.2,5.2,5.8,5.3,3.4,2.8,1.5,1.1,0.8,0.7,0.9,0.6,0.8,1.0,1.1,1.0,1.5,1.4,1.5,1.5,1.5
A,BPRM_SQM,CPA_F41002,NSA,MIO_M2,ES,,,,,,,,,,,,,,19.4,25.6,25.5,17.9,13.0,8.2,7.1,6.4,6.5,5.0,5.1,5.6,9.1,6.8,6.4,3.5,7.6,10.7,13.2,17.4,19.8
A,BPRM_SQM,CPA_F41002,NSA,MIO_M2,EU27_2020,,,,,,,,,,,,,,199.2,224.4,243.9,229.4,181.6,164.8,167.6,156.0,148.0,135.6,141.3,156.8,167.1,174.3,171.7,154.2,175.3,173.6,165.8,165.2,161.7
A,BPRM_SQM,CPA_F41002,NSA,MIO_M2,FI,,,,,,,,,,,,,,5.6,6.3,7.1,6.0,5.1,4.9,5.0,4.7,4.7,4.0,4.2,4.5,4.5,4.7,5.1,4.5,4.9,3.9,3.8,3.5,3.7
A,BPRM_SQM,CPA_F41002,NSA,MIO_M2,FR,,,,,,,,,,,,,,44.2,47.7,48.7,48.3,44.6,43.2,45.5,44.2,41.3,36.2,34.6,37.1,40.0,38.9,41.9,34.4,37.5,39.3,37.1,37.5,37.2
A,BPRM_SQM,CPA_F41002,NSA,MIO_M2,HR,,,,,,,,,,,,,,1.5,1.6,2.0,1.7,1.4,1.3,0.9,0.8,0.6,0.8,1.4,1.3,1.2,1.0,1.0,1.0,1.2,1.5,1.6,1.6,1.1
A,BPRM_SQM,CPA_F41002,NSA,MIO_M2,HU,,,,,,,,,,,,,,3.8,3.9,3.2,4.5,3.4,3.0,2.3,2.7,2.7,2.4,3.2,4.4,4.6,4.7,4.0,4.1,4.8,4.9,4.5,2.9,2.9
A,BPRM_SQM,CPA_F41002,NSA,MIO_M2,IE,,,,,,,,,,,,,,5.0,6.2,9.3,5.2,3.1,1.5,1.3,1.2,1.3,1.1,1.8,2.1,1.8,2.3,2.6,2.5,2.7,2.1,2.4,2.2,1.8
A,BPRM_SQM,CPA_F41002,NSA,MIO_M2,IT,,,,,,,,,,,,,,19.3,18.6,19.1,17.6,13.6,11.8,10.0,7.8,6.0,4.8,5.7,6.0,7.5,9.3,9.2,6.6,7.5,7.9,7.9,8.1,8.0
A,BPRM_SQM,CPA_F41002,NSA,MIO_M2,LT,,,,,,,,,,,,,,1.7,1.5,2.2,2.0,1.7,1.3,1.0,1.3,1.6,1.4,1.6,1.5,1.6,1.7,1.4,1.5,1.5,1.4,1.6,2.2,1.5
A,BPRM_SQM,CPA_F41002,NSA,MIO_M2,LU,,,,,,,,,,,,,,0.4,0.7,0.6,0.9,0.8,0.7,0.9,0.8,0.9,1.0,1.1,0.8,1.1,0.8,0.9,0.7,0.7,0.6,0.5,0.4,0.6
A,BPRM_SQM,CPA_F41002,NSA,MIO_M2,LV,,,,,,,,,,,,,,1.0,1.4,1.7,1.4,0.7,1.0,1.2,0.9,1.2,0.8,0.5,0.5,0.4,0.6,0.9,0.6,0.9,0.6,0.7,0.8,1.0
A,BPRM_SQM,CPA_F41002,NSA,MIO_M2,ME,,,,,,,,,,,,,,0.0,0.0,0.1,0.1,0.1,0.1,0.0,0.1,0.1,0.1,0.2,0.2,0.2,0.1,0.0,0.1,0.0,0.1,0.1,0.0,0.1
A,BPRM_SQM,CPA_F41002,NSA,MIO_M2,MK,,,,,,,,,,,,,,,,,0.4,0.3,0.3,0.4,0.5,0.4,0.4,0.5,0.6,0.5,0.3,0.5,0.4,0.4,0.5,0.5,0.4,0.5
A,BPRM_SQM,CPA_F41002,NSA,MIO_M2,MT,,,,,,,,,,,,,,0.4,0.4,0.4,0.2,0.1,0.2,0.2,0.2,0.2,0.2,0.2,0.3,0.3,0.6,0.5,0.4,0.4,0.5,0.5,0.4,0.6
A,BPRM_SQM,CPA_F41002,NSA,MIO_M2,NL,,,,,,,,,,,,,,13.8,16.5,21.0,18.7,12.3,9.4,10.5,8.4,6.9,6.4,7.0,8.6,10.1,10.8,8.9,9.5,10.4,9.1,8.5,9.1,6.5
A,BPRM_SQM,CPA_F41002,NSA,MIO_M2,NO,,,,,,,,,,,,,,4.1,4.3,5.3,5.6,4.5,5.2,5.0,4.9,4.7,4.8,4.6,5.1,5.0,5.0,5.0,4.8,4.9,5.4,4.1,3.7,3.8
A,BPRM_SQM,CPA_F41002,NSA,MIO_M2,PL,,,,,,,,,,,,,,17.4,17.7,19.5,20.1,16.7,16.0,17.2,15.8,16.4,15.6,18.2,21.9,20.6,21.9,17.8,16.0,20.4,20.4,17.4,16.9,17.4
A,BPRM_SQM,CPA_F41002,NSA,MIO_M2,PT,,,,,,,,,,,,,,3.7,4.2,4.7,4.7,3.6,3.2,2.9,2.4,2.2,2.0,2.0,2.5,2.7,3.1,2.7,2.7,3.0,2.9,2.9,4.2,3.2
A,BPRM_SQM,CPA_F41002,NSA,MIO_M2,RO,,,,,,,,,,,,,,3.7,5.0,6.9,6.3,4.3,3.4,4.3,3.4,3.2,3.8,2.7,2.5,3.1,3.5,3.6,3.1,3.3,3.8,4.0,3.5,3.9
A,BPRM_SQM,CPA_F41002,NSA,MIO_M2,RS,,,,,,,,,,,,,,1.0,1.1,1.2,1.1,0.9,0.6,0.8,0.9,0.8,0.7,1.4,1.6,2.4,2.6,2.6,2.7,2.7,2.6,2.7,2.9,2.3
A,BPRM_SQM,CPA_F41002,NSA,MIO_M2,SE,,,,,,,,,,,,,,2.4,2.6,3.2,3.1,2.2,2.5,3.1,2.7,2.6,2.9,2.7,3.3,3.7,3.6,4.0,3.8,5.2,5.3,4.9,4.0,4.5
A,BPRM_SQM,CPA_F41002,NSA,MIO_M2,SI,,,,,,,,,,,,,,1.0,1.6,1.3,1.0,0.9,0.8,0.8,0.5,0.6,0.4,0.5,0.9,1.0,0.9,0.8,0.7,0.9,1.0,0.8,1.0,0.8
A,BPRM_SQM,CPA_F41002,NSA,MIO_M2,SK,,,,,,,,,,,,,,1.2,1.5,1.9,1.8,0.9,0.7,0.8,0.7,0.7,0.7,0.5,1.1,0.7,0.7,0.8,0.7,0.8,0.7,1.0,1.1,0.8
A,BPRM_SQM,CPA_F41002,NSA,MIO_M2,TR,,,,,,,,,,,,,,21.9,26.2,31.1,24.9,19.7,39.4,31.5,42.8,47.9,58.7,55.2,51.3,60.0,50.3,27.4,35.1,47.4,50.5,53.4,49.8,47.8
A,BPRM_SQM,CPA_F41002,NSA,MIO_M2,UA,,,,,,,,,,,,,,,,,,,,,,,,,,,3.8,5.3,3.8,6.2,2.5,2.9,4.4,4.1
A,BPRM_SQM,CPA_F41002,NSA,MIO_M2,UK,,,,,,,,,,,,,,32.3,32.3,34.6,32.4,29.8,27.8,27.5,28.7,22.5,23.0,22.8,22.4,21.7,20.0,17.0,,,,,,
A,BPRM_SQM,CPA_F41002,NSA,MIO_M2,XK,,,,,,,,,,,,,,,,,,,,,,,,,,,,,0.0,0.0,0.0,0.0,0.0,
A,BPRM_SQM,CPA_F41002,NSA,PCH_SM,AL,,,,,,,,,,,,,,,,,,,,,,,,,-37.2,89.0,58.9,46.7,-46.4,32.8,7.1,-2.4,-12.2,-9.8
A,BPRM_SQM,CPA_F41002,NSA,PCH_SM,AT,,,,,,,,,,,,,,,38.2,3.2,11.3,-7.2,13.9,8.4,-14.2,-5.4,12.7,15.0,-11.6,8.4,7.6,7.1,-10.0,16.3,-15.7,-10.0,-21.5,-2.9
A,BPRM_SQM,CPA_F41002,NSA,PCH_SM,BE,,,,,8.1,-3.8,11.8,10.3,-7.0,1.9,-22.5,-18.3,31.5,-4.4,0.0,16.8,-3.0,-4.6,-8.6,4.5,2.3,-5.4,-3.5,-5.8,-7.3,12.3,32.0,26.7,-12.0,6.0,-17.9,11.6,-13.2,-3.9
A,BPRM_SQM,CPA_F41002,NSA,PCH_SM,BG,,,,,,,,,,24.9,20.9,48.2,34.9,19.4,27.8,28.8,-17.1,-36.4,-23.3,9.3,-15.2,8.4,-11.0,27.2,15.0,10.8,6.2,-25.9,-21.9,31.1,-3.0,18.5,-24.8,14.6
A,BPRM_SQM,CPA_F41002,NSA,PCH_SM,CY,,,,,,,,,,32.0,3.9,-8.9,-10.1,-1.8,38.0,-24.9,28.1,-18.3,10.8,36.9,-47.0,-42.0,-4.7,7.5,6.7,80.8,-1.2,14.0,-7.2,-13.1,13.1,-13.4,23.8,19.8
A,BPRM_SQM,CPA_F41002,NSA,PCH_SM,CZ,,,,,,,,,,20.0,0.5,15.5,-6.5,6.5,28.7,-5.6,-2.7,-39.2,25.9,-17.3,16.9,-21.8,-8.9,29.8,20.9,-4.2,14.4,-11.5,-9.6,24.5,1.7,2.6,0.1,-20.1
A,BPRM_SQM,CPA_F41002,NSA,PCH_SM,DE,,,,-1.5,-3.3,-4.4,4.0,0.6,-12.6,-0.8,-15.8,-9.2,-7.2,-2.2,13.1,8.9,14.3,-17.3,-2.6,8.0,-1.9,-4.2,-7.2,1.4,12.8,0.1,5.7,0.2,1.0,1.0,-3.5,-16.8,-5.0,-4.2
A,BPRM_SQM,CPA_F41002,NSA,PCH_SM,DK,,,,,,,,-0.1,8.9,-0.2,-9.4,-3.1,2.0,10.3,19.9,-14.6,-6.9,-35.7,-1.3,-2.1,-3.0,1.0,2.2,0.1,8.1,-7.4,12.1,-2.2,9.3,12.4,-14.6,-5.0,-9.6,-5.2
A,BPRM_SQM,CPA_F41002,NSA,PCH_SM,EA19,,,,,,,,,,,,,,1.5,12.7,9.0,-7.2,-19.3,-10.5,1.6,-7.2,-6.2,-10.7,2.9,8.4,9.2,3.2,2.2,-11.6,11.4,-1.2,-4.9,,
A,BPRM_SQM,CPA_F41002,NSA,PCH_SM,EA20,,,,,,,,,,,,,,1.6,12.6,8.9,-7.3,-19.2,-10.4,1.0,-6.9,-6.5,-10.5,2.4,8.5,9.3,3.3,2.4,-11.1,10.6,-1.1,-3.5,3.4,-3.2
A,BPRM_SQM,CPA_F41002,NSA,PCH_SM,EA21,,,,,,,,,,,,,,1.9,12.8,9.5,-7.5,-19.8,-10.6,1.2,-7.1,-6.3,-10.4,2.9,8.6,9.3,3.5,1.6,-11.3,11.0,-1.2,-3.0,2.7,-3.0
A,BPRM_SQM,CPA_F41002,NSA,PCH_SM,EE,,,,,,,,-22.6,26.7,19.1,64.0,-16.6,44.4,13.7,21.0,11.7,-1.8,-37.3,-29.0,22.9,37.8,-16.3,7.2,40.4,-5.9,18.4,-23.4,-11.3,40.0,-6.4,-22.3,4.8,6.8,-3.6
A,BPRM_SQM,CPA_F41002,NSA,PCH_SM,EL,,,,,,,,,,,12.0,11.0,-14.7,7.8,-1.1,12.3,-9.4,-35.3,-18.8,-47.5,-26.8,-23.4,-13.1,21.7,-33.4,43.0,27.9,4.2,-5.4,45.6,-8.6,8.9,3.3,-0.8
A,BPRM_SQM,CPA_F41002,NSA,PCH_SM,ES,,,,,-10.3,34.5,29.6,11.2,49.4,8.2,-8.5,1.9,8.3,4.5,31.8,-0.5,-29.8,-27.2,-36.8,-14.0,-9.9,1.9,-23.7,2.5,10.0,62.3,-25.2,-5.3,-45.9,118.8,40.4,23.6,31.8,13.7
A,BPRM_SQM,CPA_F41002,NSA,PCH_SM,EU27_2020,,,,,,,,,,,,,,3.2,12.6,8.7,-6.0,-20.8,-9.2,1.7,-6.9,-5.2,-8.4,4.1,11.0,6.6,4.2,-1.5,-10.2,13.6,-0.9,-4.4,-0.3,-2.1
A,BPRM_SQM,CPA_F41002,NSA,PCH_SM,FI,,,,,16.8,18.9,9.4,2.9,0.7,-1.9,-1.5,-3.8,0.4,6.3,11.8,12.0,-14.5,-16.1,-3.6,1.9,-6.2,-0.3,-14.4,4.8,7.6,-0.9,5.7,7.5,-10.7,8.1,-19.7,-2.5,-7.4,7.3
A,BPRM_SQM,CPA_F41002,NSA,PCH_SM,FR,,,,0.2,-5.2,3.8,19.4,21.7,11.1,-0.5,-13.0,-1.3,-3.5,12.0,7.9,2.1,-0.8,-7.7,-3.0,5.1,-2.9,-6.5,-12.4,-4.3,7.3,7.7,-2.8,7.7,-17.8,9.1,4.9,-5.7,1.1,-0.8
A,BPRM_SQM,CPA_F41002,NSA,PCH_SM,HR,,,,,,,,,,47.0,15.8,37.0,7.4,9.3,2.8,26.6,-16.4,-18.4,-3.8,-33.9,-9.9,-22.9,39.6,66.0,-10.9,-5.0,-19.1,5.6,-6.5,23.2,24.3,8.8,2.3,-30.5
A,BPRM_SQM,CPA_F41002,NSA,PCH_SM,HU,,,,,,,,-14.7,2.0,8.8,-3.1,16.4,-15.4,14.2,1.4,-17.0,41.3,-25.9,-10.5,-23.9,15.9,0.9,-9.1,30.9,37.6,4.2,3.6,-15.9,1.8,18.3,2.6,-9.0,-35.0,-0.2
A,BPRM_SQM,CPA_F41002,NSA,PCH_SM,IE,,,,,,,,,,13.7,-0.5,-1.6,8.1,16.5,25.6,49.6,-44.6,-40.6,-50.2,-12.6,-7.4,5.8,-18.3,70.9,13.1,-11.7,27.5,10.5,-1.3,8.6,-24.5,13.6,-7.9,-15.6
A,BPRM_SQM,CPA_F41002,NSA,PCH_SM,IT,,,,,,,,,,8.0,34.2,-22.7,0.6,-16.2,-3.4,2.4,-7.4,-22.6,-13.1,-16.0,-21.7,-22.8,-20.7,18.9,6.4,23.5,24.6,-1.5,-28.1,13.4,5.4,0.1,2.9,-1.7
A,BPRM_SQM,CPA_F41002,NSA,PCH_SM,LT,,,,,,,,,34.9,-4.5,53.9,1.2,43.8,35.5,-12.5,49.0,-11.4,-12.3,-22.9,-25.0,25.9,26.4,-11.6,14.8,-10.8,8.3,10.6,-21.6,8.7,0.9,-7.0,13.3,41.3,-33.4
A,BPRM_SQM,CPA_F41002,NSA,PCH_SM,LU,,,,,,,,,,6.0,-9.0,12.5,-13.8,-46.9,75.6,-15.5,44.6,-13.8,-8.2,27.7,-14.7,22.2,8.4,9.6,-25.6,39.6,-25.9,9.3,-20.5,-7.4,-17.8,-8.4,-23.8,43.6
A,BPRM_SQM,CPA_F41002,NSA,PCH_SM,LV,,,,,,,,,,118.3,0.1,-18.7,29.5,21.1,36.6,28.4,-22.5,-46.8,35.8,26.7,-29.5,37.4,-31.9,-34.9,-11.0,-21.4,51.3,57.1,-27.9,34.8,-28.7,12.2,14.1,23.5
A,BPRM_SQM,CPA_F41002,NSA,PCH_SM,ME,,,,,,,,,,-21.1,18.2,-16.0,51.5,-36.6,20.6,46.2,41.9,53.9,-40.2,-53.1,195.8,-31.2,63.4,18.4,23.1,3.9,-36.5,-79.9,155.3,-45.1,50.6,51.7,-62.5,220.2
A,BPRM_SQM,CPA_F41002,NSA,PCH_SM,MK,,,,,,,,,,,,,,,,,,-27.2,12.6,15.6,21.5,-15.7,9.9,7.4,23.9,-17.2,-45.1,71.3,-20.5,22.5,4.2,2.9,-22.5,36.8
A,BPRM_SQM,CPA_F41002,NSA,PCH_SM,MT,,,,,,,,,,-16.3,30.5,12.1,8.2,33.9,13.3,-15.3,-33.0,-40.2,53.6,-24.3,43.5,-30.7,20.3,1.9,68.2,-17.2,102.0,-18.6,-14.7,8.7,23.9,-13.2,-14.0,53.9
A,BPRM_SQM,CPA_F41002,NSA,PCH_SM,NL,,,,,,,,,,-5.2,-33.5,-0.6,7.5,2.2,19.5,27.2,-10.9,-34.6,-23.0,11.5,-20.2,-18.2,-7.0,9.0,23.8,16.6,7.3,-17.7,6.9,10.0,-12.5,-7.1,7.1,-28.8
A,BPRM_SQM,CPA_F41002,NSA,PCH_SM,NO,,,,,7.7,3.0,-5.8,-12.5,-1.2,-0.5,-5.9,2.5,8.9,8.6,6.2,23.2,4.1,-19.4,15.1,-3.7,-0.8,-4.1,1.1,-4.8,12.6,-2.6,-0.6,0.2,-4.2,2.4,9.9,-23.8,-10.2,4.4
A,BPRM_SQM,CPA_F41002,NSA,PCH_SM,PL,,,,,,,,,,100.2,-50.3,-4.1,39.4,3.8,2.2,9.8,2.9,-16.9,-3.9,7.3,-8.2,4.0,-5.0,16.8,20.4,-6.2,6.4,-18.7,-10.1,27.9,-0.2,-14.7,-2.9,3.0
A,BPRM_SQM,CPA_F41002,NSA,PCH_SM,PT,,,,,,,,,,2.3,2.0,-19.5,-1.2,-11.8,13.4,12.0,0.4,-23.2,-11.3,-9.6,-18.1,-7.7,-10.8,-0.3,29.2,5.1,17.2,-12.4,-1.9,11.4,-2.1,-1.2,44.6,-22.4
A,BPRM_SQM,CPA_F41002,NSA,PCH_SM,RO,,,,,,,,,,-31.9,-2.6,23.6,11.2,23.7,36.6,37.9,-8.7,-31.5,-21.0,23.9,-20.4,-6.5,20.9,-30.6,-7.8,27.4,12.4,2.2,-13.7,5.3,16.2,6.5,-12.8,11.5
A,BPRM_SQM,CPA_F41002,NSA,PCH_SM,RS,,,,,,,,,,17.8,20.9,37.5,-5.3,0.6,18.3,2.9,-4.8,-23.5,-24.8,23.6,9.9,-3.1,-20.8,102.4,21.6,47.4,8.1,0.8,3.4,-1.0,-4.1,4.6,7.0,-21.2
A,BPRM_SQM,CPA_F41002,NSA,PCH_SM,SE,,,,,,,,,,-25.4,-6.6,-11.9,-9.4,16.1,9.5,23.0,-2.3,-30.8,17.1,19.9,-12.0,-1.9,10.2,-7.1,23.4,9.8,-2.1,12.2,-4.8,35.5,1.6,-7.0,-18.7,12.6
A,BPRM_SQM,CPA_F41002,NSA,PCH_SM,SI,,,,,,,,,,-8.4,17.2,-1.5,6.3,2.3,60.7,-16.4,-24.2,-14.8,-3.2,-3.3,-33.9,5.5,-32.4,41.4,62.6,9.8,-7.1,-12.5,-8.0,24.7,9.5,-14.8,16.7,-13.6
A,BPRM_SQM,CPA_F41002,NSA,PCH_SM,SK,,,,,,,,,,,,,116.9,-28.6,24.2,29.4,-8.0,-47.3,-25.2,16.5,-11.4,-5.1,8.2,-34.1,126.3,-34.7,-8.7,25.8,-12.9,7.9,-6.5,38.2,8.4,-27.5
A,BPRM_SQM,CPA_F41002,NSA,PCH_SM,TR,,7.8,-7.6,10.1,17.7,9.8,-0.5,-24.1,-5.2,9.2,-28.6,19.8,40.2,30.1,19.2,19.0,-20.1,-21.0,100.5,-20.0,35.7,11.8,22.7,-6.0,-7.0,16.7,-16.0,-45.5,28.0,35.0,6.6,5.7,-6.7,-4.0
A,BPRM_SQM,CPA_F41002,NSA,PCH_SM,UA,,,,,,,,,,,,,,,,,,,,,,,,,,,,38.4,-28.5,64.5,-59.3,12.8,54.0,-6.2
A,BPRM_SQM,CPA_F41002,NSA,PCH_SM,UK,,,,,,,,-3.7,-2.7,0.7,-2.9,1.3,5.5,-5.5,0.1,7.2,-6.4,-8.2,-6.5,-1.3,4.6,-21.5,2.0,-1.0,-1.7,-3.3,-7.6,-15.0,,,,,,
A,BPRM_SQM,CPA_F410023,NSA,I15,AT,,,,,,,,,,,,,,76.8,141.8,121.4,134.3,94.4,91.7,95.8,67.1,76.1,111.8,100.0,88.4,81.5,90.9,93.6,83.0,65.4,58.7,,,
A,BPRM_SQM,CPA_F410023,NSA,I15,BA,,,,,,,,,,,,,,,,,,,,,,94.8,86.0,100.0,160.6,138.5,188.0,175.6,143.2,178.9,111.2,147.6,,
A,BPRM_SQM,CPA_F410023,NSA,I15,BE,,,,,290.2,274.9,362.7,419.4,455.1,556.7,380.6,301.6,331.2,381.4,209.2,221.5,251.8,179.4,230.3,230.9,235.9,205.9,145.2,100.0,127.6,86.7,238.5,212.9,189.7,190.4,190.6,,,
A,BPRM_SQM,CPA_F410023,NSA,I15,BG,,,,,,,,,71.1,63.7,62.8,113.1,112.4,130.2,180.2,204.6,296.4,177.1,87.3,86.9,48.5,79.6,101.2,100.0,165.3,127.2,292.1,121.1,91.5,104.8,66.5,121.7,,
A,BPRM_SQM,CPA_F410023,NSA,I15,CY,,,,,,,,,412.9,499.3,372.5,374.9,297.4,446.3,228.9,256.9,438.0,351.3,584.1,626.1,304.4,177.0,132.5,100.0,108.6,32.7,102.6,224.8,347.1,170.0,383.4,,,
A,BPRM_SQM,CPA_F410023,NSA,I15,CZ,,,,,,,,,88.0,105.6,106.2,122.6,114.6,132.3,182.4,178.9,168.1,92.3,96.8,65.3,80.2,75.1,78.4,100.0,155.7,148.8,137.6,110.2,113.9,152.7,144.8,,,
A,BPRM_SQM,CPA_F410023,NSA,I15,DE,,,284.0,256.1,200.8,174.2,183.6,197.8,220.8,235.8,193.5,131.9,113.6,101.6,95.5,117.6,131.2,123.0,77.6,98.1,102.7,113.9,104.4,100.0,127.9,134.0,156.1,173.4,169.5,192.5,155.8,,,
A,BPRM_SQM,CPA_F410023,NSA,I15,EA19,,,,,,,,,,,,,,157.3,173.3,193.0,200.2,151.2,125.9,127.8,117.7,107.8,98.5,100.0,112.2,112.1,130.6,142.0,121.5,124.4,125.5,,,
A,BPRM_SQM,CPA_F410023,NSA,I15,EA20,,,,,,,,,,,,,,157.8,173.9,194.1,200.4,151.1,126.2,127.8,117.5,107.9,98.6,100.0,112.5,112.2,130.3,141.8,121.3,124.3,125.5,,,
A,BPRM_SQM,CPA_F410023,NSA,I15,EE,,,,,,,,19.3,16.6,34.9,62.5,49.0,82.6,57.9,172.6,298.8,122.8,102.7,26.6,69.5,92.9,84.9,82.1,100.0,161.1,256.5,110.1,96.7,148.4,258.2,99.5,144.5,,
A,BPRM_SQM,CPA_F410023,NSA,I15,EL,,,,,,,,,,1060.9,833.6,979.8,576.1,969.1,619.5,806.2,620.4,429.6,334.5,216.5,164.6,78.9,108.2,100.0,76.2,35.7,51.3,71.5,118.7,89.8,112.2,,,
A,BPRM_SQM,CPA_F410023,NSA,I15,ES,,,,478.5,262.0,393.7,587.3,722.8,260.8,262.0,263.3,251.9,268.4,260.8,259.5,268.4,254.4,251.9,207.6,187.3,122.8,102.5,103.8,100.0,120.3,130.4,139.2,192.4,87.3,231.6,659.5,,,
A,BPRM_SQM,CPA_F410023,NSA,I15,EU27_2020,,,,,,,,,,,,,,145.6,163.9,179.0,193.5,144.2,119.3,125.3,116.8,106.3,104.7,100.0,115.1,121.4,137.4,142.8,126.5,125.2,128.6,,,
A,BPRM_SQM,CPA_F410023,NSA,I15,FI,,,,173.1,106.6,311.9,217.8,347.7,671.7,467.3,296.6,236.8,221.3,267.2,374.5,478.3,289.2,201.8,263.1,297.8,274.5,147.4,143.2,100.0,233.8,250.6,211.7,253.9,187.8,261.5,283.6,,,
A,BPRM_SQM,CPA_F410023,NSA,I15,FR,,,78.1,68.3,62.8,64.9,69.6,82.2,115.8,143.7,106.8,102.7,97.9,112.2,133.4,138.8,144.8,114.9,107.8,119.8,135.7,116.5,100.8,100.0,107.5,120.7,132.3,139.0,114.0,110.7,126.8,103.4,,
A,BPRM_SQM,CPA_F410023,NSA,I15,HR,,,,,,,,,50.0,115.0,128.8,161.7,488.5,291.3,320.8,481.8,250.2,133.3,205.0,111.6,49.2,139.4,112.2,100.0,204.8,123.6,49.2,84.8,73.8,107.2,131.5,63.2,,
A,BPRM_SQM,CPA_F410023,NSA,I15,HU,,,,,,,211.8,292.3,198.9,195.7,250.9,172.6,77.0,296.4,186.5,187.6,309.1,342.4,226.6,169.2,39.1,70.6,59.7,100.0,174.1,700.2,470.6,222.9,365.7,241.0,292.1,,,
A,BPRM_SQM,CPA_F410023,NSA,I15,IE,,,,,,,,,126.4,299.3,231.4,174.7,171.3,126.4,163.5,195.3,231.4,169.3,55.4,53.7,32.1,37.5,64.5,100.0,103.4,63.2,103.0,99.0,78.7,69.9,44.9,,,
A,BPRM_SQM,CPA_F410023,NSA,I15,IT,,,,,,,,,243.8,269.8,370.0,287.0,298.3,299.5,313.3,371.1,341.6,195.3,229.4,154.4,94.0,98.2,47.4,100.0,55.8,72.7,77.6,92.6,70.1,49.0,58.3,,,
A,BPRM_SQM,CPA_F410023,NSA,I15,LT,,,,,,,,19.0,36.6,8.5,37.3,20.5,77.1,48.6,108.4,222.2,152.6,38.9,67.9,54.8,60.1,75.5,27.4,100.0,107.8,106.3,124.7,120.9,99.5,54.5,68.5,114.7,,
A,BPRM_SQM,CPA_F410023,NSA,I15,LU,,,,,,,,,111.5,114.0,126.4,87.3,23.5,8.1,18.2,49.7,88.5,71.0,50.0,69.8,41.2,94.7,55.0,100.0,42.8,141.4,63.2,76.2,70.3,60.3,33.2,,,
A,BPRM_SQM,CPA_F410023,NSA,I15,LV,,,,,,,,,345.5,175.7,591.3,238.5,707.2,1225.9,2188.3,2455.5,2607.1,2828.9,66.9,758.4,144.4,525.4,163.7,100.0,269.4,114.9,814.3,69.8,195.0,1169.2,182.6,727.2,,
A,BPRM_SQM,CPA_F410023,NSA,I15,ME,,,,,,,,,103.0,88.1,2.4,79.1,142.2,2.1,40.4,15.3,73.9,508.9,194.3,220.7,6.1,78.1,29.9,100.0,580.2,0.0,6.9,28.1,114.7,30.5,7.0,,,
A,BPRM_SQM,CPA_F410023,NSA,I15,MK,,,,,,,,,,,,,,,,,44.3,48.2,82.0,72.7,64.1,86.1,128.5,100.0,77.5,46.3,21.8,127.2,44.3,114.3,136.3,42.8,,
A,BPRM_SQM,CPA_F410023,NSA,I15,MT,,,,,,,,,215.6,183.3,243.3,273.5,301.8,396.8,451.7,40.1,110.9,17.7,47.7,116.7,95.8,23.6,37.6,100.0,250.8,218.0,471.0,362.5,226.3,187.5,192.3,,,
A,BPRM_SQM,CPA_F410023,NSA,I15,NL,,,,,,,,,1269.6,1338.6,748.3,571.5,494.2,449.8,532.4,565.7,633.3,498.1,338.6,279.2,189.4,120.8,122.7,100.0,96.1,84.5,110.6,204.3,131.9,103.4,108.2,107.2,,
A,BPRM_SQM,CPA_F410023,NSA,I15,NO,,,,,,,,,123.5,127.8,83.2,92.8,61.7,81.2,105.7,162.5,174.8,110.7,161.1,209.5,128.8,129.1,164.5,100.0,101.2,178.6,131.0,97.7,81.8,103.9,144.3,63.6,,
A,BPRM_SQM,CPA_F410023,NSA,I15,PL,,,,,,,,,50.7,87.5,31.3,28.2,50.4,58.7,63.0,52.0,123.3,101.1,105.1,87.4,91.0,76.8,124.9,100.0,89.0,117.3,94.7,86.2,96.4,51.3,62.1,,,
A,BPRM_SQM,CPA_F410023,NSA,I15,PT,,,,,,,,,4036.3,4493.4,549.7,434.7,782.5,486.8,554.9,466.1,627.9,531.7,282.5,179.0,163.9,20.8,29.6,100.0,172.3,46.1,294.9,102.2,407.3,184.5,379.9,356.8,,
A,BPRM_SQM,CPA_F410023,NSA,I15,RO,,,,,,,,,79.4,167.6,138.4,98.6,90.9,212.0,154.6,297.1,302.2,335.6,251.5,144.0,162.2,91.5,81.5,100.0,153.2,137.5,202.6,315.2,133.3,99.8,167.7,63.6,,
A,BPRM_SQM,CPA_F410023,NSA,I15,RS,,,,,,,,,69.0,43.6,98.3,132.0,123.9,110.9,154.8,208.0,180.5,73.3,102.0,114.7,165.6,57.3,49.3,100.0,137.6,173.8,131.9,153.7,116.3,115.7,96.6,,,
A,BPRM_SQM,CPA_F410023,NSA,I15,SE,,,,,,,,,313.5,151.0,99.7,60.9,26.0,67.9,114.6,84.1,149.5,86.5,47.0,154.3,145.9,131.4,173.5,100.0,119.2,165.2,192.4,171.4,191.2,161.5,177.4,,,
A,BPRM_SQM,CPA_F410023,NSA,I15,SI,,,,,,,,,2994.5,1679.7,2820.7,973.0,1223.4,1167.6,1540.7,2229.5,2128.9,1941.4,2979.7,2104.3,436.3,111.1,208.4,100.0,200.3,455.6,435.7,585.2,406.7,1124.3,743.8,1166.6,,
A,BPRM_SQM,CPA_F410023,NSA,I15,SK,,,,,,,,,,,,225.0,296.1,375.7,486.6,609.7,656.2,323.3,186.1,241.8,219.2,54.2,224.4,100.0,536.6,125.5,152.5,280.9,103.9,182.3,150.8,,,
A,BPRM_SQM,CPA_F410023,NSA,I15,TR,22.5,28.2,26.4,23.9,23.2,29.0,30.5,29.1,24.3,23.5,20.2,22.9,21.4,35.2,64.2,66.2,50.8,47.1,58.6,57.6,80.4,61.7,97.5,100.0,87.1,122.6,29.5,16.2,18.1,47.2,79.2,90.8,,
A,BPRM_SQM,CPA_F410023,NSA,I15,UK,,,,,,,378.2,364.8,364.8,369.3,351.5,333.7,320.4,298.1,284.8,280.3,263.4,192.9,137.9,142.4,122.7,100.0,100.0,100.0,96.0,88.0,80.0,61.1,,,,,,
A,BPRM_SQM,CPA_F410023,NSA,I21,AL,,,,,,,,,,,,,,,,,,,,,,,,0.0,27.3,139.7,63.5,28.6,94.8,100.0,48.5,14.7,59.6,10.4
A,BPRM_SQM,CPA_F410023,NSA,I21,AT,,,,,,,,,,,,,,92.2,170.2,145.7,161.2,113.3,111.3,115.9,90.4,91.6,135.0,121.9,108.4,98.7,120.2,116.9,110.3,100.0,84.6,105.5,49.7,57.7
A,BPRM_SQM,CPA_F410023,NSA,I21,BA,,,,,,,,,,,,,,,,,,,,,,53.0,48.0,55.9,89.8,77.4,105.1,98.2,80.0,100.0,62.2,82.5,,
A,BPRM_SQM,CPA_F410023,NSA,I21,BE,,,,,146.0,138.3,182.4,210.9,228.9,280.0,191.5,151.7,166.6,191.9,105.2,111.4,126.7,90.2,115.8,116.2,118.7,103.6,73.0,50.3,64.2,43.6,120.0,108.4,105.7,100.0,118.4,95.2,92.2,100.6
A,BPRM_SQM,CPA_F410023,NSA,I21,BG,,,,,,,,,67.8,60.8,60.0,107.9,107.2,124.2,171.9,195.3,282.8,169.1,83.3,82.9,46.3,75.9,96.6,95.4,157.8,121.4,278.8,115.5,87.3,100.0,63.5,116.1,95.3,30.8
A,BPRM_SQM,CPA_F410023,NSA,I21,CY,,,,,,,,,243.0,293.8,219.2,220.6,175.0,262.6,134.7,151.1,257.7,206.7,343.7,368.4,179.1,104.1,78.0,58.8,63.9,19.2,60.4,132.3,204.3,100.0,225.6,117.2,222.4,243.4
A,BPRM_SQM,CPA_F410023,NSA,I21,CZ,,,,,,,,,57.7,69.2,69.5,80.3,75.1,86.7,119.5,117.2,110.1,60.4,63.4,42.8,52.5,49.2,51.3,65.5,102.0,97.5,90.2,72.2,74.6,100.0,94.8,82.1,60.1,30.1
A,BPRM_SQM,CPA_F410023,NSA,I21,DE,,,147.6,133.1,104.3,90.5,95.4,102.8,114.7,122.5,100.6,68.6,59.0,52.8,49.6,61.1,68.2,63.9,40.3,51.0,53.4,59.2,54.2,52.0,66.4,69.6,81.1,90.1,88.1,100.0,80.9,65.3,57.8,50.3
A,BPRM_SQM,CPA_F410023,NSA,I21,DK,,,,,,,54.0,62.0,73.1,71.7,60.0,52.6,52.4,59.7,91.9,105.1,106.5,50.5,52.9,46.9,38.9,39.7,45.0,52.7,48.6,57.7,59.5,52.6,76.5,100.0,88.6,73.2,61.2,59.4
A,BPRM_SQM,CPA_F410023,NSA,I21,EA19,,,,,,,,,,,,,,103.6,114.4,129.5,133.5,104.5,86.1,91.7,89.7,83.4,73.5,75.3,84.7,89.9,102.2,109.9,96.9,100.0,99.7,88.1,,
A,BPRM_SQM,CPA_F410023,NSA,I21,EA20,,,,,,,,,,,,,,105.0,116.0,131.9,134.6,105.0,87.0,92.2,90.2,84.1,73.8,75.0,84.0,89.6,102.7,110.8,98.5,100.0,100.0,88.7,80.9,70.4
A,BPRM_SQM,CPA_F410023,NSA,I21,EA21,,,,,,,,,,,,,,105.3,116.8,132.8,136.7,106.0,86.9,92.0,89.6,84.0,74.2,75.3,85.0,90.1,105.2,110.9,98.3,100.0,99.4,89.1,81.1,69.8
A,BPRM_SQM,CPA_F410023,NSA,I21,EE,,,,,,,,7.5,6.4,13.5,24.2,19.0,32.0,22.4,66.8,115.7,47.5,39.8,10.3,26.9,36.0,32.9,31.8,38.7,62.4,99.3,42.6,37.5,57.5,100.0,38.5,56.0,64.5,46.9
A,BPRM_SQM,CPA_F410023,NSA,I21,EL,,,,,,,,,,1181.1,928.0,1090.8,641.4,1078.9,689.7,897.5,690.7,478.3,372.4,241.1,183.3,87.8,120.4,111.3,84.9,39.7,57.1,79.6,132.2,100.0,124.9,112.0,184.4,111.7
A,BPRM_SQM,CPA_F410023,NSA,I21,ES,,,,206.6,113.1,169.9,253.6,312.0,112.6,113.1,113.7,108.7,115.8,112.6,112.0,115.8,109.8,108.7,89.6,80.9,53.0,44.3,44.8,43.2,51.9,56.3,60.1,83.1,37.7,100.0,284.7,367.2,448.6,483.6
A,BPRM_SQM,CPA_F410023,NSA,I21,EU27_2020,,,,,,,,,,,,,,104.0,115.4,128.8,139.7,108.6,90.6,93.2,91.1,84.2,80.5,79.2,89.6,99.9,110.4,112.9,102.6,100.0,101.6,90.8,80.0,68.7
A,BPRM_SQM,CPA_F410023,NSA,I21,FI,,,,74.3,45.7,133.8,93.5,149.2,282.8,185.2,123.7,93.2,98.7,105.4,158.1,197.6,114.5,78.7,97.1,111.5,97.2,55.8,48.9,41.8,71.4,100.7,92.7,104.5,81.7,100.0,120.6,84.0,102.8,48.4
A,BPRM_SQM,CPA_F410023,NSA,I21,FR,,,72.1,63.0,58.0,59.9,64.3,75.9,106.8,132.6,98.6,94.8,90.4,103.6,123.2,128.1,133.6,106.1,99.5,110.6,125.2,107.5,92.9,90.2,95.6,108.6,121.3,128.8,107.1,100.0,115.3,93.4,87.0,70.2
A,BPRM_SQM,CPA_F410023,NSA,I21,HR,,,,,,,,,46.6,107.3,120.2,150.9,455.8,271.8,299.3,449.5,233.5,124.4,191.2,104.1,45.9,130.1,104.7,93.3,191.0,115.3,45.9,79.1,68.9,100.0,122.6,59.0,123.3,99.3
A,BPRM_SQM,CPA_F410023,NSA,I21,HU,,,,,,,87.9,121.3,82.5,81.2,104.1,71.6,31.9,123.0,77.4,77.8,128.3,142.0,94.0,70.2,16.2,29.3,24.7,41.5,72.2,290.5,195.2,92.5,151.7,100.0,121.2,189.1,67.8,33.2
A,BPRM_SQM,CPA_F410023,NSA,I21,IE,,,,,,,,,180.7,428.0,330.9,249.8,244.9,180.7,233.8,279.2,330.9,242.0,79.2,76.8,45.9,53.6,92.3,143.0,147.8,90.3,147.3,141.5,112.6,100.0,64.3,119.1,74.2,32.3
A,BPRM_SQM,CPA_F410023,NSA,I21,IT,,,,,,,,,497.9,550.9,755.5,585.9,609.1,611.5,639.7,757.7,697.5,398.8,468.3,315.2,192.0,200.6,96.8,204.2,114.0,148.3,158.5,189.2,143.1,100.0,119.1,186.8,120.1,101.6
A,BPRM_SQM,CPA_F410023,NSA,I21,LT,,,,,,,,34.9,67.2,15.5,68.4,37.6,141.4,89.1,198.9,407.6,279.9,71.4,124.5,100.5,110.2,138.4,50.2,183.4,197.6,195.0,228.8,221.9,182.5,100.0,125.6,179.0,176.9,140.0
A,BPRM_SQM,CPA_F410023,NSA,I21,LU,,,,,,,,,184.9,189.1,209.6,144.8,39.0,13.5,30.1,82.5,146.7,117.8,82.9,115.7,68.3,157.0,91.2,165.8,71.0,234.5,104.7,126.4,116.6,100.0,55.0,77.4,62.6,73.2
A,BPRM_SQM,CPA_F410023,NSA,I21,LV,,,,,,,,,29.5,15.0,50.6,20.4,60.5,104.8,187.2,210.0,223.0,241.9,5.7,64.9,12.4,44.9,14.0,8.6,23.0,9.8,69.6,6.0,16.7,100.0,15.6,62.2,50.0,57.5
A,BPRM_SQM,CPA_F410023,NSA,I21,ME,,,,,,,,,337.6,288.9,8.0,259.5,466.2,6.8,132.5,50.2,242.3,1668.9,637.3,723.7,20.1,256.2,97.9,327.9,1902.6,0.0,22.7,92.3,376.0,100.0,23.1,33.3,497.9,1040.3
A,BPRM_SQM,CPA_F410023,NSA,I21,MK,,,,,,,,,,,,,,,,,38.8,42.2,71.7,63.6,56.0,75.3,112.4,87.5,67.8,40.5,19.0,111.3,38.8,100.0,119.2,37.4,38.1,58.6
A,BPRM_SQM,CPA_F410023,NSA,I21,MT,,,,,,,,,115.0,97.7,129.7,145.8,160.9,211.6,240.9,21.4,59.1,9.4,25.4,62.2,51.1,12.6,20.0,53.3,133.7,116.3,251.2,193.3,120.7,100.0,117.8,78.7,92.9,112.2
A,BPRM_SQM,CPA_F410023,NSA,I21,NL,,,,,,,,,1228.0,1294.9,723.8,552.8,478.0,435.0,515.0,547.2,612.6,481.8,327.6,270.1,183.2,116.8,118.7,96.7,93.0,81.8,107.0,197.7,127.6,100.0,104.7,102.8,61.2,79.0
A,BPRM_SQM,CPA_F410023,NSA,I21,NO,,,,,,,,,118.9,123.0,80.1,89.3,59.4,78.2,101.7,156.4,168.2,106.6,155.1,201.6,124.0,124.2,158.4,96.3,97.4,171.9,126.1,94.1,78.8,100.0,138.9,61.2,88.6,88.3
A,BPRM_SQM,CPA_F410023,NSA,I21,PL,,,,,,,,,98.8,170.5,61.1,55.0,98.2,114.4,122.8,101.3,240.3,197.0,204.9,170.4,177.4,149.6,243.4,194.9,173.4,228.6,184.5,167.9,187.9,100.0,121.0,98.0,84.2,108.3
A,BPRM_SQM,CPA_F410023,NSA,I21,PT,,,,,,,,,2187.6,2435.3,297.9,235.6,424.1,263.8,300.7,252.6,340.3,288.2,153.1,97.0,88.8,11.3,16.0,54.2,93.4,25.0,159.8,55.4,220.7,100.0,205.9,193.4,38.3,106.7
A,BPRM_SQM,CPA_F410023,NSA,I21,RO,,,,,,,,,79.5,167.9,138.7,98.8,91.1,212.4,154.8,297.7,302.7,336.2,252.0,144.3,162.5,91.7,81.6,100.2,153.5,137.7,202.9,315.7,133.5,100.0,168.0,63.7,80.8,59.8
A,BPRM_SQM,CPA_F410023,NSA,I21,RS,,,,,,,,,59.6,37.7,85.0,114.1,107.1,95.9,133.8,179.9,156.1,63.4,88.2,99.2,143.2,49.6,42.7,86.5,119.0,150.3,114.1,132.9,100.6,100.0,83.5,69.9,143.8,153.0
A,BPRM_SQM,CPA_F410023,NSA,I21,SE,,,,,,,,,184.3,88.8,58.6,35.8,15.3,39.9,67.4,49.4,87.9,50.8,27.7,90.7,85.8,77.2,102.0,58.8,70.1,97.1,113.1,100.6,114.4,100.0,115.8,103.7,79.8,63.7
A,BPRM_SQM,CPA_F410023,NSA,I21,SI,,,,,,,,,266.3,149.4,250.9,86.5,108.8,103.8,137.0,198.3,189.3,172.7,265.0,187.2,38.8,9.9,18.5,8.9,17.8,40.5,38.7,52.0,36.2,100.0,66.2,88.5,100.6,49.8
A,BPRM_SQM,CPA_F410023,NSA,I21,SK,,,,,,,,,,,,123.4,162.4,206.1,266.9,334.5,360.0,177.3,102.1,132.6,120.2,29.7,123.1,54.9,294.3,68.8,83.6,154.1,57.0,100.0,82.7,84.9,65.0,76.0
A,BPRM_SQM,CPA_F410023,NSA,I21,TR,35.3,44.2,41.4,37.5,36.4,45.4,47.7,45.6,38.1,36.8,31.7,35.9,33.6,55.1,100.5,103.8,79.6,73.9,99.6,96.4,134.5,112.7,170.4,186.5,166.7,214.3,81.5,39.5,44.8,100.0,149.3,164.3,208.7,181.3
A,BPRM_SQM,CPA_F410023,NSA,I21,UA,,,,,,,,,,,,,,,,,,,,,,,,,,,51.2,136.0,59.9,100.0,52.8,39.1,45.1,47.0
A,BPRM_SQM,CPA_F410023,NSA,I21,XK,,,,,,,,,,,,,,,,,,,,,,,,,,,,,62.3,100.0,55.1,90.0,65.7,
A,BPRM_SQM,CPA_F410023,NSA,MIO_M2,EA19,,,,,,,,,,,,,,12.98,14.32,16.12,16.68,13.09,10.78,11.49,11.22,10.43,9.24,9.41,10.57,11.22,12.77,13.73,12.12,12.51,12.46,10.99,,
A,BPRM_SQM,CPA_F410023,NSA,MIO_M2,EA20,,,,,,,,,,,,,,13.1,14.5,16.4,16.8,13.2,10.9,11.5,11.2,10.5,9.3,9.4,10.5,11.2,12.8,13.8,12.3,12.5,12.5,11.1,10.0,8.8
A,BPRM_SQM,CPA_F410023,NSA,MIO_M2,EA21,,,,,,,,,,,,,,13.4,14.8,16.8,17.3,13.5,11.0,11.7,11.3,10.6,9.5,9.6,10.8,11.4,13.3,14.0,12.5,12.7,12.6,11.3,10.2,8.8
A,BPRM_SQM,CPA_F410023,NSA,MIO_M2,EU27_2020,,,,,,,,,,,,,,15.7,17.6,19.5,21.2,16.4,13.7,14.1,13.7,12.7,12.2,12.0,13.5,15.1,16.7,17.0,15.6,15.3,15.5,13.8,12.1,10.5
A,BPRM_SQM,CPA_F410023,NSA,PCH_SM,AL,,,,,,,,,,,,,,,,,,,,,,,,,,411.7,-54.5,-55.0,231.5,5.5,-51.5,-69.7,305.4,-82.6
A,BPRM_SQM,CPA_F410023,NSA,PCH_SM,AT,,,,,,,,,,,,,,,84.6,-14.4,10.6,-29.7,-1.8,4.1,-22.0,1.3,47.4,-9.7,-11.1,-8.9,21.8,-2.7,-5.6,-9.3,-15.4,24.7,-52.9,16.1
A,BPRM_SQM,CPA_F410023,NSA,PCH_SM,BA,,,,,,,,,,,,,,,,,,,,,,,-9.4,16.5,60.6,-13.8,35.8,-6.6,-18.5,25.0,-37.8,32.6,,
A,BPRM_SQM,CPA_F410023,NSA,PCH_SM,BE,,,,,,-5.3,31.9,15.6,8.5,22.3,-31.6,-20.8,9.8,15.2,-45.2,5.9,13.7,-28.8,28.4,0.3,2.2,-12.7,-29.5,-31.1,27.6,-32.1,175.2,-9.7,-2.5,-5.4,18.4,-19.6,-3.2,9.1
A,BPRM_SQM,CPA_F410023,NSA,PCH_SM,BG,,,,,,,,,,-10.3,-1.3,79.8,-0.6,15.9,38.4,13.6,44.8,-40.2,-50.7,-0.5,-44.1,63.9,27.3,-1.2,65.4,-23.1,129.7,-58.6,-24.4,14.5,-36.5,82.8,-17.9,-67.7
A,BPRM_SQM,CPA_F410023,NSA,PCH_SM,CY,,,,,,,,,,20.9,-25.4,0.6,-20.7,50.1,-48.7,12.2,70.5,-19.8,66.3,7.2,-51.4,-41.9,-25.1,-24.6,8.7,-70.0,214.6,119.0,54.4,-51.1,125.6,-48.0,89.8,9.4
A,BPRM_SQM,CPA_F410023,NSA,PCH_SM,CZ,,,,,,,,,,19.9,0.4,15.5,-6.5,15.4,37.8,-1.9,-6.1,-45.1,5.0,-32.5,22.7,-6.3,4.3,27.7,55.7,-4.4,-7.5,-20.0,3.3,34.0,-5.2,-13.4,-26.8,-49.9
A,BPRM_SQM,CPA_F410023,NSA,PCH_SM,DE,,,,-9.8,-21.6,-13.2,5.4,7.8,11.6,6.8,-17.9,-31.8,-14.0,-10.5,-6.1,23.2,11.6,-6.3,-36.9,26.6,4.7,10.9,-8.4,-4.1,27.7,4.8,16.5,11.1,-2.2,13.5,-19.1,-19.3,-11.5,-13.0
A,BPRM_SQM,CPA_F410023,NSA,PCH_SM,DK,,,,,,,,14.8,17.9,-1.9,-16.3,-12.3,-0.4,13.9,53.9,14.4,1.3,-52.6,4.8,-11.3,-17.1,2.1,13.4,17.1,-7.8,18.7,3.1,-11.6,45.4,30.7,-11.4,-17.4,-16.4,-2.9
A,BPRM_SQM,CPA_F410023,NSA,PCH_SM,EA19,,,,,,,,,,,,,,2.6,10.4,13.2,3.1,-21.7,-17.6,6.5,-2.2,-7.0,-11.9,2.4,12.5,6.1,13.7,7.5,-11.8,3.2,-0.3,-11.6,,
A,BPRM_SQM,CPA_F410023,NSA,PCH_SM,EA20,,,,,,,,,,,,,,1.4,10.5,13.7,2.0,-22.0,-17.1,6.0,-2.2,-6.8,-12.2,1.6,12.0,6.7,14.6,7.9,-11.1,1.5,0.0,-11.3,-8.8,-13.0
A,BPRM_SQM,CPA_F410023,NSA,PCH_SM,EA21,,,,,,,,,,,,,,1.6,10.9,13.7,2.9,-22.5,-18.0,5.9,-2.6,-6.2,-11.7,1.5,12.9,6.0,16.8,5.4,-11.4,1.7,-0.6,-10.4,-9.0,-13.9
A,BPRM_SQM,CPA_F410023,NSA,PCH_SM,EE,,,,,,,,,-14.7,110.9,79.3,-21.5,68.4,-30.0,198.2,73.2,-58.9,-16.2,-74.1,161.2,33.8,-8.6,-3.3,21.7,61.2,59.1,-57.1,-12.0,53.3,73.9,-61.5,45.5,15.2,-27.3
A,BPRM_SQM,CPA_F410023,NSA,PCH_SM,EL,,,,,,,,,,,-21.4,17.5,-41.2,68.2,-36.1,30.1,-23.0,-30.8,-22.1,-35.3,-24.0,-52.1,37.1,-7.6,-23.7,-53.2,43.8,39.4,66.1,-24.4,24.9,-10.3,64.6,-39.4
A,BPRM_SQM,CPA_F410023,NSA,PCH_SM,ES,,,,,-45.3,50.2,49.3,23.0,-63.9,0.4,0.5,-4.4,6.5,-2.8,-0.5,3.4,-5.2,-1.0,-17.6,-9.7,-34.5,-16.4,1.1,-3.6,20.1,8.5,6.7,38.3,-54.6,165.3,184.7,29.0,22.2,7.8
A,BPRM_SQM,CPA_F410023,NSA,PCH_SM,EU27_2020,,,,,,,,,,,,,,6.2,11.0,11.6,8.5,-22.3,-16.6,2.9,-2.3,-7.6,-4.4,-1.6,13.1,11.5,10.5,2.3,-9.1,-2.5,1.6,-10.6,-11.9,-14.1
A,BPRM_SQM,CPA_F410023,NSA,PCH_SM,FI,,,,,-38.5,192.8,-30.1,59.6,89.5,-34.5,-33.2,-24.7,5.9,6.8,50.0,25.0,-42.1,-31.3,23.4,14.8,-12.8,-42.6,-12.4,-14.5,70.8,41.0,-7.9,12.7,-21.8,22.4,20.6,-30.3,22.4,-52.9
A,BPRM_SQM,CPA_F410023,NSA,PCH_SM,FR,,,,-12.6,-7.9,3.3,7.3,18.0,40.7,24.2,-25.6,-3.9,-4.6,14.6,18.9,4.0,4.3,-20.6,-6.2,11.2,13.2,-14.1,-13.6,-2.9,6.0,13.6,11.7,6.2,-16.8,-6.6,15.3,-19.0,-6.9,-19.3
A,BPRM_SQM,CPA_F410023,NSA,PCH_SM,HR,,,,,,,,,,130.3,12.0,25.5,202.1,-40.4,10.1,50.2,-48.1,-46.7,53.7,-45.6,-55.9,183.4,-19.5,-10.9,104.7,-39.6,-60.2,72.3,-12.9,45.1,22.6,-51.9,109.0,-19.5
A,BPRM_SQM,CPA_F410023,NSA,PCH_SM,HU,,,,,,,,38.0,-32.0,-1.6,28.2,-31.2,-55.4,285.6,-37.1,0.5,64.9,10.7,-33.8,-25.3,-76.9,80.9,-15.7,68.0,74.0,302.4,-32.8,-52.6,64.0,-34.1,21.2,56.0,-64.1,-51.0
A,BPRM_SQM,CPA_F410023,NSA,PCH_SM,IE,,,,,,,,,,136.9,-22.7,-24.5,-2.0,-26.2,29.4,19.4,18.5,-26.9,-67.3,-3.0,-40.2,16.8,72.2,54.9,3.4,-38.9,63.1,-3.9,-20.4,-11.2,-35.7,85.2,-37.7,-56.5
A,BPRM_SQM,CPA_F410023,NSA,PCH_SM,IT,,,,,,,,,,10.6,37.1,-22.4,4.0,0.4,4.6,18.4,-7.9,-42.8,17.4,-32.7,-39.1,4.5,-51.7,111.0,-44.2,30.1,6.9,19.4,-24.4,-30.1,19.1,56.8,-35.7,-15.4
A,BPRM_SQM,CPA_F410023,NSA,PCH_SM,LT,,,,,,,,,92.6,-76.9,341.3,-45.0,276.1,-37.0,123.2,104.9,-31.3,-74.5,74.4,-19.3,9.7,25.6,-63.7,265.3,7.7,-1.3,17.3,-3.0,-17.8,-45.2,25.6,42.5,-1.2,-20.9
A,BPRM_SQM,CPA_F410023,NSA,PCH_SM,LU,,,,,,,,,,2.3,10.8,-30.9,-73.1,-65.4,123.0,174.1,77.8,-19.7,-29.6,39.6,-41.0,129.9,-41.9,81.8,-57.2,230.3,-55.4,20.7,-7.8,-14.2,-45.0,40.7,-19.1,16.9
A,BPRM_SQM,CPA_F410023,NSA,PCH_SM,LV,,,,,,,,,,-49.2,237.3,-59.7,196.6,73.2,78.6,12.2,6.2,8.5,-97.6,1038.6,-80.9,262.1,-68.8,-38.6,167.4,-57.4,610.2,-91.4,178.3,498.8,-84.4,298.7,-19.6,15.0
A,BPRM_SQM,CPA_F410023,NSA,PCH_SM,ME,,,,,,,,,,-14.4,-97.2,3143.8,79.7,-98.5,1848.5,-62.1,382.7,588.8,-61.8,13.6,-97.2,1174.6,-61.8,234.9,480.2,,,306.6,307.4,-73.4,-76.9,44.2,1395.2,108.9
A,BPRM_SQM,CPA_F410023,NSA,PCH_SM,MK,,,,,,,,,,,,,,,,,,8.8,69.9,-11.3,-11.9,34.5,49.3,-22.2,-22.5,-40.3,-53.1,485.8,-65.1,157.7,19.2,-68.6,1.9,53.8
A,BPRM_SQM,CPA_F410023,NSA,PCH_SM,MT,,,,,,,,,,-15.0,32.8,12.4,10.4,31.5,13.8,-91.1,176.2,-84.1,170.2,144.9,-17.8,-75.3,58.7,166.5,150.8,-13.0,116.0,-23.0,-37.6,-17.1,17.8,-33.2,18.0,20.8
A,BPRM_SQM,CPA_F410023,NSA,PCH_SM,NL,,,,,,,,,,5.4,-44.1,-23.6,-13.5,-9.0,18.4,6.3,12.0,-21.4,-32.0,-17.6,-32.2,-36.2,1.6,-18.5,-3.8,-12.0,30.8,84.8,-35.5,-21.6,4.7,-1.8,-40.5,29.1
A,BPRM_SQM,CPA_F410023,NSA,PCH_SM,NO,,,,,,,,,,3.4,-34.9,11.5,-33.5,31.6,30.1,53.8,7.5,-36.6,45.5,30.0,-38.5,0.2,27.5,-39.2,1.1,76.5,-26.6,-25.4,-16.3,26.9,38.9,-55.9,44.8,-0.3
A,BPRM_SQM,CPA_F410023,NSA,PCH_SM,PL,,,,,,,,,,72.6,-64.2,-10.0,78.5,16.5,7.3,-17.5,137.2,-18.0,4.0,-16.8,4.1,-15.7,62.7,-19.9,-11.0,31.8,-19.3,-9.0,11.9,-46.8,21.0,-19.0,-14.1,28.6
A,BPRM_SQM,CPA_F410023,NSA,PCH_SM,PT,,,,,,,,,,11.3,-87.8,-20.9,80.0,-37.8,14.0,-16.0,34.7,-15.3,-46.9,-36.6,-8.5,-87.3,41.6,238.8,72.3,-73.2,539.2,-65.3,298.4,-54.7,105.9,-6.1,-80.2,178.6
A,BPRM_SQM,CPA_F410023,NSA,PCH_SM,RO,,,,,,,,,,111.2,-17.4,-28.8,-7.8,133.2,-27.1,92.3,1.7,11.1,-25.0,-42.7,12.6,-43.6,-11.0,22.8,53.2,-10.3,47.3,55.6,-57.7,-25.1,68.0,-62.1,26.8,-26.0
A,BPRM_SQM,CPA_F410023,NSA,PCH_SM,RS,,,,,,,,,,-36.7,125.5,34.2,-6.1,-10.5,39.5,34.5,-13.2,-59.4,39.1,12.5,44.4,-65.4,-13.9,102.6,37.6,26.3,-24.1,16.5,-24.3,-0.6,-16.5,-16.3,105.7,6.4
A,BPRM_SQM,CPA_F410023,NSA,PCH_SM,SE,,,,,,,,,,-51.8,-34.0,-38.9,-57.3,160.8,68.9,-26.7,77.9,-42.2,-45.5,227.4,-5.4,-10.0,32.1,-42.4,19.2,38.5,16.5,-11.1,13.7,-12.6,15.8,-10.4,-23.0,-20.2
A,BPRM_SQM,CPA_F410023,NSA,PCH_SM,SI,,,,,,,,,,-43.9,67.9,-65.5,25.8,-4.6,32.0,44.7,-4.5,-8.8,53.4,-29.4,-79.3,-74.5,86.9,-51.9,100.0,127.5,-4.4,34.4,-30.4,176.2,-33.8,33.7,13.7,-50.5
A,BPRM_SQM,CPA_F410023,NSA,PCH_SM,SK,,,,,,,,,,,,,31.6,26.9,29.5,25.3,7.6,-50.8,-42.4,29.9,-9.4,-75.3,314.5,-55.4,436.1,-76.6,21.5,84.3,-63.0,75.4,-17.3,2.7,-23.4,16.9
A,BPRM_SQM,CPA_F410023,NSA,PCH_SM,TR,,25.2,-6.3,-9.4,-2.9,24.7,5.1,-4.4,-16.4,-3.4,-13.9,13.2,-6.4,64.0,82.4,3.3,-23.3,-7.2,34.8,-3.2,39.5,-16.2,51.2,9.4,-10.6,28.6,-62.0,-51.5,13.4,123.2,49.3,10.0,27.0,-13.1
A,BPRM_SQM,CPA_F410023,NSA,PCH_SM,UA,,,,,,,,,,,,,,,,,,,,,,,,,,,,165.6,-56.0,66.9,-47.2,-25.9,15.3,4.2
A,BPRM_SQM,CPA_F410023,NSA,PCH_SM,UK,,,,,,,,-3.5,0.0,1.2,-4.8,-5.1,-4.0,-7.0,-4.5,-1.6,-6.0,-26.8,-28.5,3.3,-13.8,-18.5,0.0,0.0,-4.0,-8.3,-9.1,-23.6,,,,,,
A,BPRM_SQM,CPA_F410023,NSA,PCH_SM,XK,,,,,,,,,,,,,,,,,,,,,,,,,,,,,,60.5,-44.9,63.3,-27.0,
A,BPRM_SQM,CPA_F41002_X_410023,NSA,I15,AL,,,,,,,,,,,,,,,,,,,,,,,,100.0,61.6,113.1,185.9,275.1,144.4,192.7,208.8,,,
A,BPRM_SQM,CPA_F41002_X_410023,NSA,I15,AT,,,,,,,,,,,,,,51.1,65.1,71.1,79.1,78.1,89.1,96.8,83.2,78.2,83.6,100.0,87.8,97.4,100.8,106.1,97.7,114.0,84.2,,,
A,BPRM_SQM,CPA_F41002_X_410023,NSA,I15,BA,,,,,,,,,,,,,,,,,,,,,,106.5,95.6,100.0,143.9,190.4,189.7,182.6,205.0,168.6,193.7,182.2,,
A,BPRM_SQM,CPA_F41002_X_410023,NSA,I15,BE,,,,,115.3,111.1,121.5,133.2,120.8,118.8,94.3,77.5,105.0,97.4,105.6,124.4,118.9,116.4,103.2,108.3,110.7,105.6,104.4,100.0,91.1,105.0,132.7,169.3,148.7,159.0,123.8,,,
A,BPRM_SQM,CPA_F41002_X_410023,NSA,I15,BG,,,,,,,,,34.3,44.6,54.8,79.9,110.5,132.3,168.1,218.3,172.1,110.2,87.9,96.7,83.8,88.9,77.1,100.0,111.5,127.4,124.4,98.9,77.4,102.5,101.9,117.7,,
A,BPRM_SQM,CPA_F41002_X_410023,NSA,I15,CY,,,,,,,,,131.8,182.1,215.3,189.7,177.7,146.7,272.1,189.4,222.9,183.2,168.1,261.3,143.6,83.2,85.8,100.0,106.3,221.6,206.4,215.8,175.4,176.0,164.6,,,
A,BPRM_SQM,CPA_F41002_X_410023,NSA,I15,CZ,,,,,,,,,89.3,107.1,107.7,124.4,116.3,121.7,154.2,144.2,141.5,88.1,114.8,97.9,113.7,86.4,76.7,100.0,113.9,109.2,131.4,118.7,104.5,127.9,132.2,,,
A,BPRM_SQM,CPA_F41002_X_410023,NSA,I15,DE,,,148.8,149.0,148.8,144.0,149.6,149.1,125.3,122.5,103.7,98.7,92.6,91.5,105.5,113.4,130.0,106.0,107.6,114.8,111.9,105.6,98.0,100.0,111.2,110.8,115.7,114.1,115.9,114.8,113.9,,,
A,BPRM_SQM,CPA_F41002_X_410023,NSA,I15,DK,,,,,,,157.2,157.2,171.2,170.8,154.6,149.8,152.8,168.7,201.9,172.6,160.6,102.8,101.8,99.7,96.3,97.3,97.3,100.0,105.2,99.8,112.9,110.3,119.3,129.4,109.1,,,
A,BPRM_SQM,CPA_F41002_X_410023,NSA,I15,EA19,,,,,,,,,,,,,,184.8,208.8,225.6,198.6,155.7,134.3,131.7,118.1,108.9,96.1,100.0,109.0,124.0,127.6,128.7,109.5,127.6,127.5,,,
A,BPRM_SQM,CPA_F41002_X_410023,NSA,I15,EA20,,,,,,,,,,,,,,184.2,208.1,224.9,198.0,155.3,134.0,131.1,117.7,108.5,95.8,100.0,108.8,123.7,127.2,128.3,109.2,127.3,127.3,,,
A,BPRM_SQM,CPA_F41002_X_410023,NSA,I15,EE,,,,,,,,23.7,30.7,35.3,57.6,48.3,68.8,81.1,89.8,91.6,103.9,63.0,48.5,56.6,78.2,64.9,70.3,100.0,88.6,99.6,83.3,74.0,102.6,86.4,75.4,75.6,,
A,BPRM_SQM,CPA_F41002_X_410023,NSA,I15,EL,,,,,,,,,,501.4,581.6,642.6,562.7,587.1,599.6,667.3,610.9,393.5,320.2,165.9,121.0,95.4,80.6,100.0,66.0,98.5,125.8,130.1,120.0,179.5,162.3,,,
A,BPRM_SQM,CPA_F41002_X_410023,NSA,I15,ES,,,,123.0,113.1,151.4,195.2,216.0,335.6,363.2,332.2,338.8,367.3,383.9,507.5,504.8,353.4,256.2,161.1,138.5,125.4,128.3,97.5,100.0,109.8,179.3,133.4,125.4,68.1,148.6,205.0,,,
A,BPRM_SQM,CPA_F41002_X_410023,NSA,I15,EU27_2020,,,,,,,,,,,,,,169.9,192.3,208.8,185.8,143.6,127.1,126.0,113.5,105.7,95.7,100.0,110.4,122.6,126.7,126.7,109.6,130.3,129.9,,,
A,BPRM_SQM,CPA_F41002_X_410023,NSA,I15,FI,,,,77.9,92.9,106.5,119.2,120.1,118.4,120.6,121.0,117.9,117.6,127.1,138.6,156.7,136.2,116.8,111.9,118.3,105.5,111.7,95.2,100.0,104.0,103.1,108.4,115.2,99.7,103.6,82.2,,,
A,BPRM_SQM,CPA_F41002_X_410023,NSA,I15,FR,,,85.2,86.7,82.5,85.7,103.3,126.1,136.7,132.2,117.5,116.4,112.5,125.5,133.9,136.4,134.3,126.6,123.2,128.6,122.4,115.8,101.6,100.0,106.1,112.9,107.1,115.4,92.9,106.3,110.6,105.7,,
A,BPRM_SQM,CPA_F41002_X_410023,NSA,I15,HR,,,,,,,,,39.8,56.6,65.8,90.7,82.8,101.7,103.6,127.6,113.8,96.1,88.9,59.9,56.3,38.7,57.8,100.0,83.7,82.8,69.4,71.8,67.4,82.2,102.3,115.0,,
A,BPRM_SQM,CPA_F41002_X_410023,NSA,I15,HU,,,,,,,113.5,93.5,98.2,107.4,102.2,122.5,105.5,114.6,119.4,98.2,137.5,98.7,90.6,69.0,84.5,84.4,76.9,100.0,136.5,127.3,139.2,121.9,120.1,147.7,150.3,,,
A,BPRM_SQM,CPA_F41002_X_410023,NSA,I15,IE,,,,,,,,,207.4,205.6,217.5,224.1,245.7,300.3,376.1,572.3,293.0,167.9,89.2,76.9,74.6,78.2,57.3,100.0,114.9,106.9,132.0,148.8,150.7,166.5,127.3,,,
A,BPRM_SQM,CPA_F41002_X_410023,NSA,I15,IT,,,,,,,,,367.9,396.8,532.0,410.9,412.7,342.0,328.4,332.8,308.2,243.5,207.1,176.7,140.4,106.6,86.8,100.0,110.1,135.7,170.1,166.2,119.2,137.4,144.4,,,
A,BPRM_SQM,CPA_F41002_X_410023,NSA,I15,LT,,,,,,,,28.3,36.5,39.2,56.4,59.9,78.3,115.1,90.2,124.4,117.5,118.3,85.1,63.2,81.0,102.4,96.8,100.0,86.2,95.1,104.0,77.7,89.6,98.2,97.4,100.7,,
A,BPRM_SQM,CPA_F41002_X_410023,NSA,I15,LU,,,,,,,,,60.4,65.7,50.7,79.0,88.7,48.8,84.2,57.4,76.4,68.0,68.5,85.1,79.9,79.9,105.7,100.0,87.0,88.8,82.4,87.1,65.5,62.5,57.9,,,
A,BPRM_SQM,CPA_F41002_X_410023,NSA,I15,LV,,,,,,,,,60.9,145.9,136.7,116.7,142.0,163.6,211.7,279.9,200.8,74.2,186.5,220.9,164.5,218.6,153.3,100.0,84.8,68.9,89.6,168.4,118.1,138.6,113.7,115.5,,
A,BPRM_SQM,CPA_F41002_X_410023,NSA,I15,ME,,,,,,,,,29.3,22.9,29.7,23.0,34.3,24.0,28.0,42.1,58.3,79.6,50.5,20.3,76.9,51.0,85.9,100.0,111.3,131.2,83.1,16.0,39.8,22.6,35.1,,,
A,BPRM_SQM,CPA_F41002_X_410023,NSA,I15,MK,,,,,,,,,,,,,,,,,91.1,64.9,70.7,83.6,103.7,84.6,90.1,100.0,127.8,107.4,59.3,93.9,79.5,92.3,94.7,105.5,,
A,BPRM_SQM,CPA_F41002_X_410023,NSA,I15,MT,,,,,,,,,88.1,73.6,95.8,107.3,115.7,155.2,175.9,173.4,110.2,74.9,108.2,76.3,130.7,81.8,107.0,100.0,166.0,133.1,257.2,222.4,185.7,239.8,252.9,,,
A,BPRM_SQM,CPA_F41002_X_410023,NSA,I15,NL,,,,,,,,,258.4,240.9,164.5,168.8,185.1,190.9,228.3,293.7,257.7,166.0,129.2,147.0,118.4,98.0,90.8,100.0,124.7,146.3,156.3,125.0,136.5,151.4,132.0,122.0,,
A,BPRM_SQM,CPA_F41002_X_410023,NSA,I15,NO,,,,,,,,81.5,75.5,74.7,73.3,74.5,84.2,90.4,94.4,113.7,117.9,97.5,109.6,101.2,106.7,101.9,100.4,100.0,113.6,104.4,107.5,110.3,106.6,107.5,115.8,91.8,,
A,BPRM_SQM,CPA_F41002_X_410023,NSA,I15,PL,,,,,,,,,70.4,142.0,71.5,68.7,95.0,98.1,100.0,111.1,109.3,90.9,86.7,94.9,86.4,91.0,82.8,100.0,122.7,112.7,122.1,98.5,87.3,116.8,115.8,,,
A,BPRM_SQM,CPA_F41002_X_410023,NSA,I15,PT,,,,,,,,,190.4,188.2,265.2,213.7,204.6,184.2,208.9,236.7,234.9,179.4,162.6,148.3,121.2,114.1,101.6,100.0,128.4,137.3,156.6,140.0,131.9,151.6,144.8,142.6,,
A,BPRM_SQM,CPA_F41002_X_410023,NSA,I15,RO,,,,,,,,,125.5,79.1,78.4,101.0,113.3,134.5,191.5,259.3,235.0,153.7,122.2,161.0,125.5,120.7,147.6,100.0,88.7,116.3,128.0,124.7,115.5,123.9,141.0,156.7,,
A,BPRM_SQM,CPA_F41002_X_410023,NSA,I15,RS,,,,,,,,,33.9,45.2,48.4,67.0,63.4,65.7,74.5,69.9,68.9,61.5,39.8,50.9,50.4,63.2,49.4,100.0,119.5,180.0,202.5,201.2,214.0,211.7,205.1,,,
A,BPRM_SQM,CPA_F41002_X_410023,NSA,I15,SE,,,,,,,,,115.0,96.2,95.0,87.1,82.6,91.1,94.8,123.7,112.4,79.9,100.3,108.3,94.0,93.6,99.6,100.0,123.9,130.0,125.1,147.7,134.4,188.2,182.3,,,
A,BPRM_SQM,CPA_F41002_X_410023,NSA,I15,SI,,,,,,,,,128.7,129.9,142.5,161.0,168.9,173.8,283.1,225.8,166.2,140.1,123.0,127.9,95.3,104.6,69.2,100.0,162.2,175.5,163.0,140.2,130.5,155.6,175.9,150.8,,
A,BPRM_SQM,CPA_F41002_X_410023,NSA,I15,SK,,,,,,,,,,,,152.1,348.5,232.8,287.1,373.4,334.3,178.5,138.9,159.4,140.9,148.7,144.7,100.0,196.0,149.8,133.1,158.7,152.0,157.2,148.9,,,
A,BPRM_SQM,CPA_F41002_X_410023,NSA,I15,TR,32.0,33.9,31.3,35.2,42.4,45.9,45.4,33.5,32.2,35.8,24.9,30.1,44.0,56.0,62.9,76.6,61.6,47.5,76.5,59.3,85.2,97.4,118.9,100.0,97.1,121.3,102.6,53.0,57.2,73.0,76.2,82.1,,
A,BPRM_SQM,CPA_F41002_X_410023,NSA,I15,UK,,,,,,,146.5,141.1,137.0,137.9,134.1,136.5,144.9,137.1,137.6,148.3,138.7,128.9,121.7,120.0,126.2,99.0,101.0,100.0,98.4,95.3,88.1,75.1,,,,,,
A,BPRM_SQM,CPA_F41002_X_410023,NSA,I21,AL,,,,,,,,,,,,,,,,,,,,,,,,51.9,32.0,58.7,96.4,142.7,74.9,100.0,108.3,106.4,92.4,84.2
A,BPRM_SQM,CPA_F41002_X_410023,NSA,I21,AT,,,,,,,,,,,,,,40.5,51.6,56.3,62.7,61.9,72.4,79.0,68.6,64.4,69.3,83.1,73.4,81.4,86.1,93.5,83.5,100.0,84.3,72.9,60.6,57.9
A,BPRM_SQM,CPA_F41002_X_410023,NSA,I21,BA,,,,,,,,,,,,,,,,,,,,,,63.2,56.7,59.3,85.4,112.9,112.5,108.3,121.6,100.0,114.9,108.1,,
A,BPRM_SQM,CPA_F41002_X_410023,NSA,I21,BE,,,,,71.8,69.2,75.6,82.9,75.2,73.9,58.7,48.3,65.4,60.6,65.7,77.4,74.0,72.5,64.2,67.4,68.9,65.7,65.0,62.2,56.7,65.3,82.6,107.2,93.6,100.0,79.9,91.4,78.8,75.0
A,BPRM_SQM,CPA_F41002_X_410023,NSA,I21,BG,,,,,,,,,33.4,43.5,53.5,77.9,107.8,129.1,164.0,213.0,167.9,107.5,85.8,94.4,81.8,86.8,75.2,97.6,108.8,124.3,121.3,96.5,75.5,100.0,99.4,114.8,85.7,103.9
A,BPRM_SQM,CPA_F41002_X_410023,NSA,I21,CY,,,,,,,,,74.9,103.4,122.3,107.8,100.9,83.3,154.6,107.6,126.7,104.1,95.5,148.5,81.6,47.3,48.8,56.8,60.4,125.9,117.2,122.6,99.6,100.0,93.5,94.5,103.7,128.2
A,BPRM_SQM,CPA_F41002_X_410023,NSA,I21,CZ,,,,,,,,,69.8,83.7,84.2,97.2,90.9,95.1,120.5,112.7,110.6,68.9,89.7,76.5,88.9,67.6,59.9,78.2,89.0,85.4,102.7,92.8,81.7,100.0,103.3,109.7,115.1,96.3
A,BPRM_SQM,CPA_F41002_X_410023,NSA,I21,DE,,,129.6,129.7,129.6,125.4,130.2,129.8,109.1,106.6,90.3,86.0,80.6,79.7,91.9,98.7,113.2,92.3,93.7,99.9,97.4,91.9,85.4,87.1,96.9,96.5,100.7,99.3,101.0,100.0,99.2,83.0,79.5,77.1
A,BPRM_SQM,CPA_F41002_X_410023,NSA,I21,DK,,,,,,,121.8,121.1,131.5,131.2,119.3,116.0,118.5,130.6,154.6,129.8,120.1,78.7,77.4,76.2,74.5,75.2,76.5,76.0,82.8,75.6,85.2,83.9,90.1,100.0,85.1,81.7,74.4,70.4
A,BPRM_SQM,CPA_F41002_X_410023,NSA,I21,EA19,,,,,,,,,,,,,,123.6,139.5,151.5,139.2,112.7,101.7,102.8,95.0,89.1,79.7,82.0,88.5,97.0,99.1,100.8,89.0,100.0,98.8,95.8,,
A,BPRM_SQM,CPA_F41002_X_410023,NSA,I21,EA20,,,,,,,,,,,,,,123.9,139.7,151.7,139.4,112.9,101.9,102.5,94.9,88.8,79.7,81.7,88.4,96.8,98.9,100.8,89.6,100.0,98.8,96.1,100.5,98.0
A,BPRM_SQM,CPA_F41002_X_410023,NSA,I21,EA21,,,,,,,,,,,,,,124.0,140.2,153.1,140.0,112.8,101.6,102.4,94.7,88.8,79.6,82.0,88.8,97.4,99.4,100.7,89.3,100.0,98.8,96.5,100.2,98.2
A,BPRM_SQM,CPA_F41002_X_410023,NSA,I21,EE,,,,,,,,27.5,35.6,40.9,66.7,56.0,79.6,93.9,104.0,106.1,120.4,73.0,56.1,65.5,90.5,75.1,81.4,115.8,102.7,115.3,96.5,85.7,118.8,100.0,87.3,87.6,92.4,92.7
A,BPRM_SQM,CPA_F41002_X_410023,NSA,I21,EL,,,,,,,,,,279.3,323.9,357.9,313.4,327.0,334.0,371.7,340.2,219.2,178.4,92.4,67.4,53.1,44.9,55.7,36.8,54.9,70.0,72.4,66.9,100.0,90.4,99.1,100.5,101.7
A,BPRM_SQM,CPA_F41002_X_410023,NSA,I21,ES,,,,82.8,76.1,101.9,131.4,145.3,225.8,244.5,223.6,228.0,247.2,258.4,341.6,339.8,237.9,172.4,108.4,93.2,84.4,86.3,65.6,67.3,73.9,120.7,89.8,84.4,45.9,100.0,136.9,168.8,223.2,254.4
A,BPRM_SQM,CPA_F41002_X_410023,NSA,I21,EU27_2020,,,,,,,,,,,,,,114.9,129.6,140.5,130.3,103.4,94.6,96.0,89.1,84.7,77.2,80.9,89.7,95.1,98.6,96.7,86.6,100.0,98.9,95.1,95.8,94.7
A,BPRM_SQM,CPA_F41002_X_410023,NSA,I21,FI,,,,74.0,88.3,101.2,113.3,114.1,108.7,110.9,112.1,109.0,109.2,116.0,127.8,142.1,124.1,104.9,100.1,101.5,95.6,97.2,83.1,87.5,93.0,90.8,96.5,103.6,93.0,100.0,78.4,78.1,71.1,79.2
A,BPRM_SQM,CPA_F41002_X_410023,NSA,I21,FR,,,81.3,82.7,78.6,81.7,98.5,120.2,130.4,126.1,112.0,111.0,107.2,119.7,127.6,130.1,128.1,120.7,117.4,122.7,116.7,110.5,96.9,92.6,99.5,106.3,101.2,109.2,89.5,100.0,103.4,99.7,101.9,103.3
A,BPRM_SQM,CPA_F41002_X_410023,NSA,I21,HR,,,,,,,,,48.4,68.8,80.0,110.3,100.7,123.7,126.0,155.2,138.3,116.9,108.1,72.8,68.4,47.1,70.3,121.6,101.8,100.7,84.4,87.3,82.0,100.0,124.4,139.9,139.3,96.0
A,BPRM_SQM,CPA_F41002_X_410023,NSA,I21,HU,,,,,,,76.8,63.3,66.5,72.7,69.2,82.9,71.4,77.6,80.8,66.5,93.1,66.8,61.3,46.7,57.2,57.2,52.1,67.7,92.4,86.2,94.2,82.5,81.3,100.0,101.7,89.0,60.4,61.9
A,BPRM_SQM,CPA_F41002_X_410023,NSA,I21,IE,,,,,,,,,124.6,123.5,130.6,134.6,147.6,180.4,225.9,343.7,176.0,100.8,53.6,46.2,44.8,47.0,34.4,60.1,69.0,64.2,79.3,89.4,90.5,100.0,76.5,83.1,79.4,69.5
A,BPRM_SQM,CPA_F41002_X_410023,NSA,I21,IT,,,,,,,,,267.8,288.8,387.2,299.0,300.3,248.9,239.0,242.2,224.3,177.2,150.7,128.6,102.2,77.6,63.2,72.8,80.1,98.8,123.8,121.0,86.7,100.0,105.1,103.3,108.3,106.8
A,BPRM_SQM,CPA_F41002_X_410023,NSA,I21,LT,,,,,,,,29.0,37.3,40.0,57.6,61.2,80.0,117.7,92.2,127.2,120.1,120.9,86.9,64.6,82.8,104.6,99.0,102.2,88.1,97.2,106.3,79.4,91.6,100.0,90.1,98.8,146.3,95.4
A,BPRM_SQM,CPA_F41002_X_410023,NSA,I21,LU,,,,,,,,,96.6,105.1,81.2,126.4,142.0,78.1,134.7,91.9,122.3,108.8,109.6,136.2,127.9,127.9,169.1,160.0,139.1,142.1,131.8,139.4,104.8,100.0,92.7,74.4,55.3,86.0
A,BPRM_SQM,CPA_F41002_X_410023,NSA,I21,LV,,,,,,,,,43.9,105.3,98.6,84.2,102.5,118.1,152.8,202.0,144.9,53.5,134.6,159.4,118.7,157.7,110.6,72.2,61.2,49.7,64.7,121.5,85.2,100.0,82.0,83.4,99.2,123.4
A,BPRM_SQM,CPA_F41002_X_410023,NSA,I21,ME,,,,,,,,,129.3,101.3,131.3,101.6,151.4,106.0,123.6,185.7,257.6,351.3,222.9,89.7,339.4,225.2,379.2,441.6,491.4,579.4,367.1,70.6,175.5,100.0,155.1,235.3,71.3,247.7
A,BPRM_SQM,CPA_F41002_X_410023,NSA,I21,MK,,,,,,,,,,,,,,,,,98.6,70.3,76.6,90.6,112.3,91.6,97.6,108.3,138.5,116.3,64.2,101.7,86.1,100.0,102.6,114.2,87.8,119.5
A,BPRM_SQM,CPA_F41002_X_410023,NSA,I21,MT,,,,,,,,,44.1,36.9,48.0,53.8,58.0,77.8,88.2,86.9,55.2,34.8,52.7,37.0,55.7,40.2,48.0,46.6,75.6,62.2,124.6,102.1,90.1,100.0,124.3,109.4,92.3,144.2
A,BPRM_SQM,CPA_F41002_X_410023,NSA,I21,NL,,,,,,,,,170.7,159.1,108.7,111.5,122.3,126.1,150.8,194.0,170.2,109.7,85.3,97.1,78.2,64.8,60.0,66.1,82.4,96.7,103.3,82.6,90.2,100.0,87.2,80.8,87.7,61.7
A,BPRM_SQM,CPA_F41002_X_410023,NSA,I21,NO,,,,,,,,75.8,70.2,69.5,68.2,69.3,78.3,84.1,87.9,105.8,109.7,90.7,101.9,94.1,99.2,94.8,93.4,93.0,105.7,97.1,100.0,102.6,99.2,100.0,107.7,85.4,74.2,77.8
A,BPRM_SQM,CPA_F41002_X_410023,NSA,I21,PL,,,,,,,,,60.3,121.6,61.2,58.8,81.3,84.0,85.6,95.1,93.6,77.8,74.2,81.3,73.9,77.9,70.9,85.6,105.1,96.5,104.6,84.4,74.7,100.0,99.2,84.6,82.6,84.3
A,BPRM_SQM,CPA_F41002_X_410023,NSA,I21,PT,,,,,,,,,125.5,124.1,174.9,140.9,134.9,121.5,137.8,156.1,154.9,118.3,107.2,97.8,80.0,75.3,67.0,65.9,84.7,90.6,103.3,92.3,87.0,100.0,95.5,94.6,142.0,108.5
A,BPRM_SQM,CPA_F41002_X_410023,NSA,I21,RO,,,,,,,,,101.4,63.9,63.3,81.6,91.5,108.6,154.6,209.4,189.7,124.1,98.7,130.0,101.4,97.5,119.2,80.7,71.6,93.9,103.4,100.7,93.2,100.0,113.8,126.6,109.2,123.0
A,BPRM_SQM,CPA_F41002_X_410023,NSA,I21,RS,,,,,,,,,16.0,21.4,22.9,31.6,30.0,31.0,35.2,33.0,32.5,29.0,18.8,24.0,23.8,29.9,23.3,47.2,56.4,85.0,95.6,95.0,101.1,100.0,96.9,102.6,104.6,79.5
A,BPRM_SQM,CPA_F41002_X_410023,NSA,I21,SE,,,,,,,,,59.0,49.4,48.8,44.7,42.4,46.8,48.7,63.5,57.7,41.0,51.5,55.6,48.3,48.1,51.1,51.3,63.7,67.7,64.3,75.0,69.4,100.0,100.1,93.5,76.4,89.0
A,BPRM_SQM,CPA_F41002_X_410023,NSA,I21,SI,,,,,,,,,82.7,83.5,91.6,103.5,108.6,111.7,182.0,145.2,106.8,90.1,79.1,82.2,61.3,67.2,44.5,64.3,104.3,112.9,104.8,90.1,83.9,100.0,113.1,93.7,109.6,97.7
A,BPRM_SQM,CPA_F41002_X_410023,NSA,I21,SK,,,,,,,,,,,,96.8,221.8,148.1,182.7,237.6,212.7,113.6,88.4,101.4,89.6,94.6,92.1,63.6,124.7,95.4,84.7,101.0,96.7,100.0,94.7,134.2,148.6,104.5
A,BPRM_SQM,CPA_F41002_X_410023,NSA,I21,TR,26.0,27.5,25.4,28.6,34.4,37.3,36.9,27.2,26.2,29.1,20.3,24.5,35.7,45.4,51.1,62.2,50.0,38.6,81.7,63.8,86.3,100.0,119.7,110.2,103.0,118.5,108.5,59.6,76.7,100.0,102.7,108.0,95.6,93.6
A,BPRM_SQM,CPA_F41002_X_410023,NSA,I21,UA,,,,,,,,,,,,,,,,,,,,,,,,,,,62.2,81.2,60.8,100.0,39.7,46.4,72.7,67.8
A,BPRM_SQM,CPA_F41002_X_410023,NSA,I21,XK,,,,,,,,,,,,,,,,,,,,,,,,,,,,,86.3,100.0,147.3,193.9,174.4,
A,BPRM_SQM,CPA_F41002_X_410023,NSA,MIO_M2,EA19,,,,,,,,,,,,,,143.84,162.35,176.29,161.91,131.17,118.38,119.71,110.55,103.78,92.79,95.53,103.09,112.93,115.4,117.35,103.69,116.48,115.04,111.48,,
A,BPRM_SQM,CPA_F41002_X_410023,NSA,MIO_M2,EA20,,,,,,,,,,,,,,145.0,163.6,177.7,163.2,132.2,119.3,120.1,111.2,104.0,93.3,95.7,103.5,113.4,115.9,118.1,105.0,117.3,115.7,112.6,117.7,114.7
A,BPRM_SQM,CPA_F41002_X_410023,NSA,MIO_M2,EA21,,,,,,,,,,,,,,148.3,167.7,183.1,167.5,134.9,121.5,122.5,113.2,106.2,95.2,98.2,106.3,116.6,119.0,120.6,107.0,119.8,118.3,115.5,119.9,117.4
A,BPRM_SQM,CPA_F41002_X_410023,NSA,MIO_M2,EU27_2020,,,,,,,,,,,,,,183.4,206.9,224.4,208.2,165.2,151.1,153.5,142.3,135.3,123.4,129.3,143.3,152.0,157.6,154.7,138.6,160.0,158.1,152.0,153.1,151.3
A,BPRM_SQM,CPA_F41002_X_410023,NSA,PCH_SM,AL,,,,,,,,,,,,,,,,,,,,,,,,,-38.3,83.4,64.2,48.0,-47.5,33.5,8.3,-1.8,-13.2,-8.9
A,BPRM_SQM,CPA_F41002_X_410023,NSA,PCH_SM,AT,,,,,,,,,,,,,,,27.4,9.1,11.4,-1.3,17.0,9.1,-13.2,-6.1,7.6,19.9,-11.7,10.9,5.8,8.6,-10.7,19.8,-15.7,-13.5,-16.9,-4.5
A,BPRM_SQM,CPA_F41002_X_410023,NSA,PCH_SM,BA,,,,,,,,,,,,,,,,,,,,,,,-10.3,4.6,44.0,32.2,-0.4,-3.7,12.3,-17.8,14.9,-5.9,,
A,BPRM_SQM,CPA_F41002_X_410023,NSA,PCH_SM,BE,,,,,,-3.6,9.2,9.7,-9.3,-1.7,-20.6,-17.7,35.4,-7.3,8.4,17.8,-4.4,-2.0,-11.4,5.0,2.2,-4.6,-1.1,-4.3,-8.8,15.2,26.5,29.8,-12.7,6.8,-20.1,14.4,-13.8,-4.8
A,BPRM_SQM,CPA_F41002_X_410023,NSA,PCH_SM,BG,,,,,,,,,,30.2,23.0,45.6,38.4,19.8,27.0,29.9,-21.2,-36.0,-20.2,10.0,-13.3,6.1,-13.4,29.8,11.5,14.2,-2.4,-20.4,-21.8,32.5,-0.6,15.5,-25.3,21.2
A,BPRM_SQM,CPA_F41002_X_410023,NSA,PCH_SM,CY,,,,,,,,,,38.1,18.3,-11.9,-6.4,-17.4,85.6,-30.4,17.8,-17.8,-8.3,55.5,-45.1,-42.0,3.2,16.4,6.3,108.4,-6.9,4.6,-18.8,0.4,-6.5,1.1,9.7,23.6
A,BPRM_SQM,CPA_F41002_X_410023,NSA,PCH_SM,CZ,,,,,,,,,,19.9,0.6,15.4,-6.5,4.6,26.7,-6.5,-1.9,-37.7,30.2,-14.7,16.2,-24.0,-11.4,30.6,13.8,-4.0,20.3,-9.6,-12.0,22.4,3.3,6.2,4.9,-16.3
A,BPRM_SQM,CPA_F41002_X_410023,NSA,PCH_SM,DE,,,,0.1,-0.1,-3.2,3.8,-0.3,-15.9,-2.3,-15.3,-4.8,-6.3,-1.1,15.3,7.4,14.7,-18.5,1.5,6.6,-2.5,-5.6,-7.1,2.0,11.3,-0.4,4.4,-1.4,1.7,-1.0,-0.8,-16.3,-4.2,-3.0
A,BPRM_SQM,CPA_F41002_X_410023,NSA,PCH_SM,DK,,,,,,,,-0.6,8.6,-0.2,-9.1,-2.8,2.2,10.2,18.4,-16.0,-7.5,-34.5,-1.7,-1.6,-2.2,0.9,1.7,-0.7,8.9,-8.7,12.7,-1.5,7.4,11.0,-14.9,-4.0,-8.9,-5.4
A,BPRM_SQM,CPA_F41002_X_410023,NSA,PCH_SM,EA19,,,,,,,,,,,,,,1.4,12.9,8.6,-8.1,-19.0,-9.8,1.1,-7.6,-6.2,-10.5,2.9,7.9,9.6,2.2,1.7,-11.7,12.4,-1.2,-3.0,,
A,BPRM_SQM,CPA_F41002_X_410023,NSA,PCH_SM,EA20,,,,,,,,,,,,,,1.6,12.8,8.6,-8.1,-19.0,-9.7,0.6,-7.4,-6.4,-10.2,2.5,8.2,9.5,2.2,1.9,-11.1,11.6,-1.2,-2.7,4.6,-2.5
A,BPRM_SQM,CPA_F41002_X_410023,NSA,PCH_SM,EA21,,,,,,,,,,,,,,1.9,13.1,9.2,-8.6,-19.4,-9.9,0.8,-7.5,-6.2,-10.4,3.0,8.3,9.7,2.1,1.3,-11.3,12.0,-1.2,-2.3,3.8,-2.0
A,BPRM_SQM,CPA_F41002_X_410023,NSA,PCH_SM,EE,,,,,,,,,29.5,14.9,63.1,-16.0,42.1,18.0,10.8,2.0,13.5,-39.4,-23.2,16.8,38.2,-17.0,8.4,42.3,-11.3,12.3,-16.3,-11.2,38.6,-15.8,-12.7,0.3,5.5,0.3
A,BPRM_SQM,CPA_F41002_X_410023,NSA,PCH_SM,EL,,,,,,,,,,,16.0,10.5,-12.4,4.3,2.1,11.3,-8.5,-35.6,-18.6,-48.2,-27.1,-21.2,-15.4,24.1,-33.9,49.2,27.5,3.4,-7.6,49.5,-9.6,9.6,1.4,1.2
A,BPRM_SQM,CPA_F41002_X_410023,NSA,PCH_SM,ES,,,,,-8.1,33.9,28.9,10.6,55.4,8.3,-8.5,2.0,8.4,4.5,32.2,-0.5,-30.0,-27.5,-37.1,-14.0,-9.4,2.3,-24.0,2.6,9.8,63.3,-25.6,-6.0,-45.6,117.9,36.9,23.3,32.2,14.0
A,BPRM_SQM,CPA_F41002_X_410023,NSA,PCH_SM,EU27_2020,,,,,,,,,,,,,,2.9,12.8,8.4,-7.3,-20.6,-8.5,1.5,-7.2,-4.9,-8.9,4.8,10.9,6.0,3.7,-1.9,-10.4,15.5,-1.1,-3.8,0.7,-1.1
A,BPRM_SQM,CPA_F41002_X_410023,NSA,PCH_SM,FI,,,,,19.3,14.6,12.0,0.7,-4.7,2.0,1.1,-2.8,0.2,6.2,10.2,11.2,-12.7,-15.5,-4.6,1.4,-5.8,1.7,-14.5,5.3,6.3,-2.4,6.3,7.4,-10.2,7.5,-21.6,-0.4,-9.0,11.4
A,BPRM_SQM,CPA_F41002_X_410023,NSA,PCH_SM,FR,,,,1.7,-5.0,3.9,20.6,22.0,8.5,-3.3,-11.2,-0.9,-3.4,11.7,6.6,2.0,-1.5,-5.8,-2.7,4.5,-4.9,-5.3,-12.3,-4.4,7.5,6.8,-4.8,7.9,-18.0,11.7,3.4,-3.6,2.2,1.4
A,BPRM_SQM,CPA_F41002_X_410023,NSA,PCH_SM,HR,,,,,,,,,,42.1,16.3,37.9,-8.7,22.8,1.9,23.2,-10.9,-15.5,-7.5,-32.7,-6.0,-31.1,49.3,73.0,-16.3,-1.1,-16.2,3.4,-6.1,22.0,24.4,12.5,-0.4,-31.1
A,BPRM_SQM,CPA_F41002_X_410023,NSA,PCH_SM,HU,,,,,,,,-17.6,5.1,9.3,-4.8,19.8,-13.9,8.7,4.1,-17.7,40.0,-28.2,-8.2,-23.8,22.5,0.0,-8.9,29.9,36.5,-6.7,9.3,-12.4,-1.5,23.0,1.7,-12.5,-32.1,2.5
A,BPRM_SQM,CPA_F41002_X_410023,NSA,PCH_SM,IE,,,,,,,,,,-0.9,5.7,3.1,9.7,22.2,25.2,52.1,-48.8,-42.7,-46.8,-13.8,-3.0,4.9,-26.8,74.7,14.8,-7.0,23.5,12.7,1.2,10.5,-23.5,8.6,-4.5,-12.5
A,BPRM_SQM,CPA_F41002_X_410023,NSA,PCH_SM,IT,,,,,,,,,,7.8,34.1,-22.8,0.4,-17.1,-4.0,1.3,-7.4,-21.0,-15.0,-14.7,-20.5,-24.1,-18.6,15.2,10.0,23.3,25.3,-2.3,-28.3,15.3,5.1,-1.7,4.8,-1.4
A,BPRM_SQM,CPA_F41002_X_410023,NSA,PCH_SM,LT,,,,,,,,,28.6,7.2,44.0,6.3,30.7,47.1,-21.7,38.0,-5.6,0.7,-28.1,-25.7,28.2,26.3,-5.4,3.2,-13.8,10.3,9.4,-25.3,15.4,9.2,-9.9,9.7,48.1,-34.8
A,BPRM_SQM,CPA_F41002_X_410023,NSA,PCH_SM,LU,,,,,,,,,,8.8,-22.7,55.7,12.3,-45.0,72.5,-31.8,33.1,-11.0,0.7,24.3,-6.1,0.0,32.2,-5.4,-13.1,2.2,-7.2,5.8,-24.8,-4.6,-7.3,-19.7,-25.7,55.5
A,BPRM_SQM,CPA_F41002_X_410023,NSA,PCH_SM,LV,,,,,,,,,,139.9,-6.4,-14.6,21.7,15.2,29.4,32.2,-28.3,-63.1,151.6,18.4,-25.5,32.9,-29.9,-34.7,-15.2,-18.8,30.2,87.8,-29.9,17.4,-18.0,1.7,18.9,24.4
A,BPRM_SQM,CPA_F41002_X_410023,NSA,PCH_SM,ME,,,,,,,,,,-21.7,29.6,-22.6,49.0,-30.0,16.6,50.2,38.7,36.4,-36.5,-59.8,278.4,-33.6,68.4,16.5,11.3,17.9,-36.6,-80.8,148.6,-43.0,55.1,51.7,-69.7,247.4
A,BPRM_SQM,CPA_F41002_X_410023,NSA,PCH_SM,MK,,,,,,,,,,,,,,,,,,-28.7,9.0,18.3,24.0,-18.4,6.6,11.0,27.9,-16.0,-44.8,58.4,-15.3,16.1,2.6,11.3,-23.1,36.1
A,BPRM_SQM,CPA_F41002_X_410023,NSA,PCH_SM,MT,,,,,,,,,,-16.3,30.1,12.1,7.8,34.1,13.4,-1.5,-36.5,-37.0,51.4,-29.8,50.5,-27.8,19.4,-2.9,62.2,-17.7,100.3,-18.1,-11.8,11.0,24.3,-12.0,-15.6,56.2
A,BPRM_SQM,CPA_F41002_X_410023,NSA,PCH_SM,NL,,,,,,,,,,-6.8,-31.7,2.6,9.7,3.1,19.6,28.6,-12.3,-35.5,-22.2,13.8,-19.5,-17.1,-7.4,10.2,24.7,17.4,6.8,-20.0,9.2,10.9,-12.8,-7.3,8.5,-29.6
A,BPRM_SQM,CPA_F41002_X_410023,NSA,PCH_SM,NO,,,,,,,,,-7.4,-1.0,-1.9,1.6,13.0,7.4,4.5,20.4,3.7,-17.3,12.3,-7.7,5.4,-4.4,-1.5,-0.4,13.7,-8.1,3.0,2.6,-3.3,0.8,7.7,-20.7,-13.1,4.9
A,BPRM_SQM,CPA_F41002_X_410023,NSA,PCH_SM,PL,,,,,,,,,,101.7,-49.7,-3.9,38.3,3.3,1.9,11.1,-1.6,-16.9,-4.6,9.6,-9.1,5.4,-9.0,20.7,22.8,-8.2,8.4,-19.3,-11.5,33.9,-0.8,-14.7,-2.4,2.1
A,BPRM_SQM,CPA_F41002_X_410023,NSA,PCH_SM,PT,,,,,,,,,,-1.1,40.9,-19.4,-4.3,-9.9,13.4,13.3,-0.8,-23.6,-9.4,-8.8,-18.2,-5.9,-11.0,-1.6,28.5,7.0,14.0,-10.6,-5.7,14.9,-4.5,-0.9,50.1,-23.6
A,BPRM_SQM,CPA_F41002_X_410023,NSA,PCH_SM,RO,,,,,,,,,,-37.0,-0.9,28.9,12.1,18.7,42.4,35.4,-9.4,-34.6,-20.5,31.7,-22.0,-3.8,22.3,-32.3,-11.3,31.1,10.1,-2.6,-7.4,7.3,13.8,11.2,-13.7,12.6
A,BPRM_SQM,CPA_F41002_X_410023,NSA,PCH_SM,RS,,,,,,,,,,33.8,7.0,38.0,-5.1,3.3,13.5,-6.3,-1.5,-10.8,-35.2,27.7,-0.8,25.6,-22.1,102.6,19.5,50.7,12.5,-0.6,6.4,-1.1,-3.1,5.9,1.9,-24.0
A,BPRM_SQM,CPA_F41002_X_410023,NSA,PCH_SM,SE,,,,,,,,,,-16.3,-1.2,-8.4,-5.1,10.4,4.1,30.4,-9.1,-28.9,25.6,8.0,-13.1,-0.4,6.2,0.4,24.2,6.3,-5.0,16.6,-7.5,44.1,0.1,-6.6,-18.3,16.5
A,BPRM_SQM,CPA_F41002_X_410023,NSA,PCH_SM,SI,,,,,,,,,,1.0,9.7,13.0,4.9,2.9,62.9,-20.2,-26.4,-15.6,-12.2,3.9,-25.4,9.6,-33.8,44.5,62.2,8.2,-7.2,-14.0,-6.9,19.2,13.1,-17.2,17.0,-10.9
A,BPRM_SQM,CPA_F41002_X_410023,NSA,PCH_SM,SK,,,,,,,,,,,,,129.1,-33.2,23.4,30.0,-10.5,-46.6,-22.2,14.7,-11.6,5.6,-2.6,-30.9,96.1,-23.5,-11.2,19.2,-4.3,3.4,-5.3,41.7,10.7,-29.7
A,BPRM_SQM,CPA_F41002_X_410023,NSA,PCH_SM,TR,,5.8,-7.6,12.6,20.3,8.4,-1.1,-26.3,-3.7,11.1,-30.2,20.7,45.7,27.2,12.6,21.7,-19.6,-22.8,111.7,-21.9,35.3,15.9,19.7,-7.9,-6.5,15.0,-8.4,-45.1,28.7,30.4,2.7,5.2,-11.5,-2.1
A,BPRM_SQM,CPA_F41002_X_410023,NSA,PCH_SM,UA,,,,,,,,,,,,,,,,,,,,,,,,,,,,30.5,-25.1,64.5,-60.3,16.9,56.7,-6.7
A,BPRM_SQM,CPA_F41002_X_410023,NSA,PCH_SM,UK,,,,,,,,-3.7,-2.9,0.7,-2.8,1.8,6.2,-5.4,0.4,7.8,-6.5,-7.1,-5.6,-1.4,5.2,-21.6,2.0,-1.0,-1.6,-3.2,-7.6,-14.8,,,,,,
A,BPRM_SQM,CPA_F41002_X_410023,NSA,PCH_SM,XK,,,,,,,,,,,,,,,,,,,,,,,,,,,,,,15.9,47.3,31.6,-10.1,
