year,country,population_Mio,gdp_per_capita_USD,gdp_growth_rate_Percent,hdd_DegreesC,cdd_DegreesC,industry_va_MioEUR,energy_intensity_KGOE_per_EUR_PPS,eii_share_Percent,demand_ind_TWh,demand_tra_TWh,demand_oth_TWh,demand_tot_TWh
1990,Austria,7.644818,43177.35409,3.299014032531944,3647.948555965075,25.64684200596804,76647.33446857157,192.02739416218614,21.727864602020563,17.98,2.77,22.017,42.767
1990,Belgium,9.947782,41647.81322,3.299014032531944,2276.9519201528847,46.29613192140583,88330.30543010878,355.1891309292665,32.90430749958854,30.523,1.249,26.212,57.984
1990,Bulgaria,8.767308,13688.68504,3.299014032531944,2416.96324001172,129.4818368893318,3161.449729083576,527.3737154435761,17.535800106614815,18.552,1.305,15.415,35.272
1990,Croatia,4.772556,17519.10144,3.299014032531944,1947.345517636787,106.44144552182476,6163.843646374042,286.2600818457004,13.400260628649214,5.984,0.369,6.95,13.303
1990,Czechia,10.362102,30937.81727,3.299014032531944,3008.033596077541,32.228258351825374,20501.510613963805,406.66088462968327,32.21456816809193,26.922,3.167,18.088,48.177
1990,Denmark,5.135409,45847.80893,3.299014032531944,2573.852049640807,14.158591496563346,43392.29211928347,280.58335998017213,15.334004658087714,8.409,0.204,19.757,28.37
1990,Estonia,1.570599,14705.16522,3.299014032531944,3506.8052039747963,20.208395724590908,1038.6422862705947,947.8910172816256,14.077448450480782,2.73,0.348,3.727,6.805
1990,Finland,4.974383,38802.53778,3.299014032531944,4890.330549689824,18.547222025091763,54287.2,404.637477236263,27.82588690010583,32.518,0.425,26.0,58.943
1990,France,58.313439,38727.40359,3.299014032531944,2069.89262003016,85.4037122106147,399014.1,271.9059237691602,5.926657199773701,114.666,7.473,180.091,302.23
1990,Germany,79.112831,42535.21319,3.299014032531944,2608.1747159771594,50.55400411291648,868458.3171352934,248.16054972867363,21.664185458425187,216.479,13.668,224.932,455.079
1990,Greece,10.120892,26724.27702,3.299014032531944,1043.869206118426,245.4371373743552,24964.083895085012,232.7848829287845,23.872785294463803,12.109,0.125,16.237,28.471
1990,Hungary,10.374823,18754.21025,3.299014032531944,2430.097173160619,83.88911182087358,12225.123717557468,421.95404949479064,20.354193101903668,13.751,1.186,16.656,31.593
1990,Ireland,3.50697,30571.04033,3.299014032531944,2050.52539052318,2.1263176698253243,20561.528718315345,246.98204716370606,8.613261431729304,4.484999,0.016,7.367,11.867999
1990,Italy,56.69436,42772.65308,3.299014032531944,1784.2036414655834,164.1732077299312,350567.74787250836,164.97582912516515,19.48489559324563,110.917,6.725,96.985,214.627
1990,Latvia,2.66814,10705.53465,3.299014032531944,3365.839424517238,26.05017478396619,1436.125110520037,555.945460985204,7.869305817074212,3.19,0.255,4.875,8.32
1990,Lithuania,3.693708,12158.20805,3.299014032531944,3193.9037667718903,24.440139759581257,1833.5295821528337,640.3879651015573,20.63147607960091,5.46,0.212,6.341,12.013
1990,Luxembourg,0.3793,81250.08532,3.299014032531944,2640.352230276592,49.13023609603988,4167.898069724952,298.29295357077666,3.192524022036901,2.81,0.055,1.284,4.149
1990,Netherlands,14.892574,43126.41654,3.299014032531944,2106.6987448080145,32.52914874224106,112002.70362710804,347.78634051536085,25.280371243347066,33.2503,1.286,36.841,71.3773
1990,Norway,4.233116,57044.26115,3.299014032531944,4862.298188574206,6.00965586083403,37587.2,326.0651485653992,20.7534563396207,45.81,0.652,50.346,96.808
1990,Poland,38.038403,12956.48788,3.299014032531944,2863.4035092084655,27.994553653609767,45634.453059405336,517.9631347534987,24.512010877520353,42.744,5.481,48.01,96.235
1990,Portugal,9.995995,27190.11916,3.299014032531944,1002.9689509983536,208.95483460540524,30296.913000840173,191.26318305141834,21.02371080585732,12.219,0.31,11.015,23.544
1990,Romania,23.211395,15660.11506,3.299014032531944,2758.8253306003626,92.9969240547302,13498.90220638514,586.3287372596988,24.00865224283506,38.553,2.614,13.069,54.236
1990,Slovakia,5.287663,13945.31316,3.299014032531944,3036.980111222753,34.72718668354044,5595.708823067794,576.4546307304614,35.014005516990736,15.008,1.164,7.242,23.414
1990,Slovenia,1.996377,25336.07451,3.299014032531944,2628.5301750423314,52.95243139558367,6498.5660246894195,318.6004899666197,14.841803660377295,5.969,0.224,3.049,9.242
1990,Spain,38.853227,31382.34495,3.299014032531944,1430.4734084238569,223.53531884751413,164366.5521494196,216.9612349885242,23.673549502979633,63.279,3.669,58.851,125.799
1990,Sweden,8.527039,40149.61196,3.299014032531944,4556.330220608388,13.795529529861897,62551.25796350295,365.0521085357331,17.576020895036283,53.955,2.474,63.918,120.347
1991,Austria,7.710882,44219.64941,3.299014032531944,3670.064970801799,35.07519999080047,78741.89869143232,188.22855621243087,21.673885809759657,18.275,3.162,23.381,44.818
1991,Belgium,9.986975,42250.18247,1.8460263659373588,2261.670942748939,35.74839870293866,90139.09276370071,344.4423672669211,32.70554893158223,31.081,1.276,28.159,60.516
1991,Bulgaria,8.669269,13688.68504,-14.243441383105571,2276.3160272391133,107.23715156450844,3319.5222155377555,507.1666546397029,17.804371066753074,13.998,1.206,14.974,30.178
1991,Croatia,4.782179,17519.10144,-14.243441383105571,1986.7406168495304,116.04969443247668,6472.035828692745,277.7465038319399,13.510774140270284,4.7,0.329,6.5,11.529
1991,Czechia,10.304607,26679.23942,-14.243441383105571,3090.6938804733304,39.43953614814119,21526.586144661997,393.9483621345801,30.87893630163234,23.074,2.361,19.031,44.466
1991,Denmark,5.146469,46362.29198,1.3399382776611901,2518.215944899072,7.989316483212603,45002.61458024815,266.8115060354468,15.384007489270648,8.609,0.199,20.449,29.257
1991,Estonia,1.567749,14705.16522,-5.939293064961449,3614.6457571243423,25.94565013920012,1090.5744005841245,900.4964664175463,14.020666913751752,2.881,0.344,3.49,6.715
1991,Finland,4.998478,36322.00421,-5.939293064961449,4998.676028494385,10.713897152402437,45110.3,393.7317548386338,26.913376852724287,31.377,0.425,27.285,59.087
1991,France,58.313439,39037.67936,0.8011788584766366,2034.422308324758,81.80043051404583,405862.9,263.97993191892414,5.878177648292332,116.946,7.475,196.941,321.362
1991,Germany,79.753227,44376.3367,5.172978443970955,2650.484593918791,41.627884999652686,878868.7,240.55423492631988,21.307449658100154,214.513,15.317,225.493,455.323
1991,Greece,10.272691,27321.4495,3.7679425444966608,1004.3390061305264,214.52902639521992,26212.288089839265,226.07846184679238,23.780878668332726,11.896,0.123,17.313,29.332
1991,Hungary,10.373153,18754.21025,1.756281844516261,2452.1494354515808,117.09448307954445,12836.379903435343,400.85634702005194,19.779032596975984,10.67,1.1,17.754,29.524
1991,Ireland,3.520977,30984.20163,1.756281844516261,2002.5839497225709,2.5182021706655338,21589.605154231118,234.63294480552125,8.182598360142856,4.626,0.017,7.822,12.465
1991,Italy,56.744119,43384.98662,1.5206241397163867,1763.4844103774285,185.63265423843768,361512.97363069636,162.53553018802776,19.237108050234987,110.97,7.051,101.416,219.437
1991,Latvia,2.658161,10705.53465,8.625936034957626,3485.6288043091813,35.303037254403336,1507.931366046039,528.148187935945,8.134545304363845,3.002,0.218,4.793,8.013
1991,Lithuania,3.701968,12158.20805,8.625936034957626,3334.997417908775,35.09295377403478,1925.2060612604757,608.3685668464807,19.61559924429957,5.22,0.231,6.44,11.891
1991,Luxembourg,0.3844,87087.70006,8.625936034957626,2625.461612526165,33.63936785570842,4326.258565744101,288.7283489849568,3.249901687085321,2.79,0.059,1.362,4.211
1991,Netherlands,15.010445,43828.70958,2.4328159006197003,2097.763480430851,29.654430381702227,115663.57657861247,334.31981029402624,25.110544867060526,33.298846,1.368,38.661,73.32784600000001
1991,Norway,4.24983,58514.03683,2.981565510650208,4804.6922586694545,4.158499459306864,37807.2,312.986125035887,18.619227672520104,45.286,0.637,53.082,99.005
1991,Poland,38.18316,12022.85688,-6.852763181661581,2952.108304215911,37.38724782634827,47868.39486118326,492.0649780158248,24.14394141226944,37.717,4.983,46.697,89.397
1991,Portugal,9.970441,28443.32088,4.3416085425979745,946.0743024791202,297.4816297675706,31548.161222604096,187.97544276834233,20.793984276656605,12.512,0.323,12.031,24.866
1991,Romania,23.192274,15660.11506,-8.904973928034032,2706.7818564882245,78.97823313281086,14173.847316704401,557.012300396715,23.069715108015526,30.881,1.786,12.951,45.618
1991,Slovakia,5.310711,13945.31316,-8.904973928034032,3070.200768040626,57.17256134017392,5875.4942642211845,548.4570014027859,34.45860743629871,11.082,1.439,9.332,21.853
1991,Slovenia,1.999945,23038.728,-8.904973928034032,2630.5633772734745,66.60684983456636,6823.494325923892,307.7868312310613,14.97628593860424,5.257,0.178,3.434,8.869
1991,Spain,38.881416,32123.42984,2.4357365677152076,1366.018537848115,286.0525043610413,172584.8797568906,212.49701686777973,23.603221692965754,64.707,3.752,60.178,128.637
1991,Sweden,8.59063,39422.36216,-1.079100664567878,4473.934621244056,11.627117655169029,65678.8208616781,351.3814218280451,17.28366424849514,51.764,2.403,67.85,122.017
1992,Austria,7.798899,44651.27403,2.1286988620701663,3725.4820069909256,29.425028703474457,80893.70168605402,184.5048698827411,21.620041117653887,17.831,3.243,23.264,44.338
1992,Belgium,10.021997,42721.83244,1.4709179226591207,2438.7794785086608,24.16601517520699,91984.91961167257,334.0207625668201,32.507990965301275,32.212,1.305,29.066,62.583
1992,Bulgaria,8.595465,13688.68504,-6.398124165993558,2383.4222791129337,210.4678020130162,3485.498326314644,487.7338556057621,18.07705534708145,11.952,1.04,13.177,26.169
1992,Croatia,4.595865,17519.10144,-6.398124165993558,1966.8398502136856,161.46462824309413,6795.637620127382,269.48612567101424,13.622199069705523,3.412,0.219,5.875,9.506
1992,Czechia,10.312548,24953.03909,-6.398124165993558,3150.415129334192,40.651591049384194,22602.9154518951,381.6332425722345,29.598680390342913,19.675,2.701,21.009,43.385
1992,Denmark,5.162126,47145.01516,1.9976396330520396,2725.9832421043825,5.903415586994791,46672.697388077846,253.7156150597631,15.514748077585221,8.744,0.195,20.811,29.75
1992,Estonia,1.554878,14705.16522,-3.2682282811664853,3980.1962297367927,22.795320076762295,1145.103120613331,855.4716430966708,13.964114405949708,2.029,0.368,3.347,5.744
1992,Finland,5.029002,34921.66351,-3.2682282811664853,5309.652825427863,15.777782209088894,38510.299999999996,383.1199616682911,29.426848046015046,31.664,0.435,27.659,59.758
1992,France,58.604851,39398.45551,1.4285264439491074,2130.738232500179,34.023043018818754,421427.2,256.28498081226104,5.838326970473107,121.052,7.625,201.65,330.327
1992,Germany,80.274564,44790.41546,1.592894387884214,2789.3937816430152,31.282505032054413,917321.5,233.18105961747287,20.9565880888407,211.912,14.895,224.119,450.926
1992,Greece,10.367163,27312.77974,0.887617929872575,1015.5355644837704,282.6603440446814,27522.902494331232,219.56524954693043,23.689325868863353,11.746,0.13,18.825,30.701
1992,Hungary,10.373647,18186.56013,-3.022169502516847,2541.4028389007517,176.0707753758544,13478.198898607112,380.8135296690502,19.220124743517687,9.062,1.064,18.206,28.332
1992,Ireland,3.547492,31758.88381,3.2721353177959767,2196.2758706320064,0.262671384372354,22669.085411942677,222.90129756524567,7.773468442135731,4.879001000000001,0.017,8.311,13.207001
1992,Italy,56.772923,43671.79992,0.7121856131722559,1749.318188995911,147.7503885790481,372799.92496867257,160.13132780475632,18.99247159757417,111.305,7.191,104.99,223.486
1992,Latvia,2.643,10705.53465,1.8031821645813295,3844.5931381531936,31.58886676887878,1583.3279343483414,501.7407785391488,8.40872484141822,2.31,0.207,3.827,6.344
1992,Lithuania,3.706299,12158.20805,1.8031821645813295,3658.752348458643,39.99977324735643,2021.4663643234996,577.9501385041578,18.64974334499552,3.655,0.141,5.376,9.172
1992,Luxembourg,0.3896,87474.72894,1.8031821645813295,2837.9869986628505,20.23454159467515,4490.636014740482,279.4704283478832,3.308310572705202,2.767,0.063,1.401,4.231
1992,Netherlands,15.12915,44191.22786,1.624482183444309,2257.323496828298,23.425092349340808,119444.1072734842,321.37471353651017,24.9418593362863,33.605,1.398,39.922,74.925
1992,Norway,4.273634,60266.19628,3.571314655322877,5051.301414383459,1.770428208147005,38429.9,300.4317232184412,17.112299465240643,44.808,0.67,53.905,99.383
1992,Poland,38.309226,12304.56496,2.681001605769473,3103.461400302532,64.5778153835429,50211.694738694045,467.4617291150346,23.781398834711545,36.341,4.5,44.825,85.666
1992,Portugal,9.950029,28775.57116,0.9609969622671688,1042.6754100938551,185.3662893000513,32851.085405955586,184.7442174715617,20.566767974061815,12.8,0.332,12.521,25.653
1992,Romania,22.810035,15660.11506,-5.231503744835853,2835.8818386105177,182.18385479448756,14882.539682539624,529.1616853768804,22.16749819114986,25.489,2.827,13.098,41.414
1992,Slovakia,5.295877,13945.31316,-5.231503744835853,3172.607904406991,80.80234775184593,6169.268977432244,521.8191794323361,33.91201917394886,11.235,0.95,8.142,20.327
1992,Slovenia,1.998912,21844.7392,-5.231503744835853,2676.5293341798497,66.63976635834987,7164.669042220087,297.3402002275152,15.111986767053935,4.66,0.147,3.664,8.471
1992,Spain,39.051336,32346.76085,1.1352871988986823,1438.0107427154048,172.6645151170214,181214.12374473515,208.12465498776248,23.533102808143266,64.876,4.107,61.786,130.769
1992,Sweden,8.64412,38736.35513,-1.1283269088809944,4783.085468561797,8.721440812869425,68962.76190476202,338.22268306063233,16.996170614423377,50.626,2.472,66.948,120.046
1993,Austria,7.882519,44517.88214,0.7702580038706275,3756.632067792468,38.091876849219304,83104.30763316434,180.8548484642698,21.566330192556645,17.657,3.239,24.062,44.958
1993,Belgium,10.068319,42147.29712,-0.8888409128989361,2493.64047084027,19.796885642946144,93868.5444521488,323.9144786717263,32.31162634850737,31.255,1.36,30.685,63.3
1993,Bulgaria,8.484863,13688.68504,-0.9360205194506643,2325.5276914083947,146.22186724231628,3659.773242630377,469.04565142015247,18.353915945487035,10.914,0.726,14.569,26.209
1993,Croatia,4.555771,17519.10144,-0.9360205194506643,1926.2806310776105,158.50562357602615,7135.419501133753,261.47141701958776,13.734542933523803,3.078,0.196,6.097,9.371
1993,Czechia,10.325697,24687.99513,-0.9360205194506643,3159.6625436666964,47.06643506739383,23733.06122448986,369.70310283062753,28.371504519842244,17.156,2.66,23.207,43.023
1993,Denmark,5.180614,46941.87508,-0.07427966059559976,2817.053420459387,2.419853441469053,48404.75829675774,241.2625088087505,14.83971960214126,8.794,0.212,21.157,30.163
1993,Estonia,1.511303,14705.16522,-0.7498598582244331,3749.714275867106,9.653007869219424,1202.3582766439977,812.6980609418275,13.907790003284058,1.325,0.137,3.078,4.54
1993,Finland,5.054982,34481.66648,-0.7498598582244331,5060.823491282374,3.772987822935933,35609.9,372.794175793284,31.067266475416893,33.617,0.45,28.2,62.267
1993,France,58.885929,39067.0857,-0.36549142808149915,2169.648460531425,57.4631891186449,423174.6,248.81433566743365,15.70639617637805,120.648,7.49,204.46,332.598
1993,Germany,80.974632,44101.57247,-0.6792451673702349,2855.028250984459,37.49616401661882,910554.3999999999,226.03387789444503,20.61150402194599,202.2,14.997,228.869,446.066
1993,Greece,10.430958,26728.39149,-1.537424564520784,1026.5178465506888,242.53771449019212,28899.0476190478,213.23967977664375,23.598125533876374,11.353,0.125,19.701,31.179
1993,Hungary,10.365035,18102.73501,-0.5435533594555952,2421.3114250626595,175.14896573201997,14152.10884353747,361.7728531855933,18.677010280718335,8.671,1.023,17.51,27.204
1993,Ireland,3.569367,32440.64464,2.7765474930458334,2311.5300373362716,1.2163040910356322,23802.539682539813,211.75623268698084,7.3847950200288555,5.053999,0.018,8.481,13.552999
1993,Italy,56.82125,43270.69205,-0.834118169296516,1801.0320726958053,163.60624065459763,384439.27104708477,157.7626880402738,18.750946163150303,109.846,7.158,107.359,224.363
1993,Latvia,2.585675,10705.53465,4.092523416002014,3659.791324353944,19.14092905007226,1662.4943310657586,476.65373961218563,8.692145757766287,1.511,0.191,3.029,4.731
1993,Lithuania,3.693929,12158.20805,4.092523416002014,3536.685199401994,26.25449713517469,2122.539682539675,549.0526315789434,17.731445392129768,2.764,0.093,3.835,6.692
1993,Luxembourg,0.39475,89866.7326,4.092523416002014,2859.171884972789,23.356836423742312,4661.259032587626,270.5093580021737,3.3677692125169822,2.819,0.071,1.495,4.385
1993,Netherlands,15.239182,44433.60286,1.279742253489058,2367.3033102529353,15.150182163629212,123348.20679406448,308.930859974586,24.774306987147245,33.674313000000005,1.449,41.017,76.14031299999999
1993,Norway,4.299167,61607.15712,2.835810801454297,5074.947876767905,0.1530804509376596,38905.1,288.3808996505929,18.246944394166007,46.027,0.613,54.174,100.814
1993,Poland,38.418108,12748.51737,3.902503560139925,3100.396524345306,48.0943845873809,52669.706094036206,444.0886426592775,23.424300153752636,37.723,4.692,44.146,86.561
1993,Portugal,9.954958,28153.14947,-2.1145551127146445,1038.1663706510212,206.37018051224703,34207.81974374362,181.56853569027862,20.342034468774,12.515,0.325,13.142,25.982
1993,Romania,22.778533,15660.11506,1.8639430580184468,2720.287136517416,131.5428260859115,15626.666666666606,502.7036011080303,21.300565427611378,23.559,2.207,10.697,36.463
1993,Slovakia,5.314155,14156.38701,1.8639430580184468,3038.1220290386273,79.63653593512475,6477.732426303857,496.47512079704416,33.37410098711169,8.106,1.125,10.99,20.221
1993,Slovenia,1.994084,22524.66445,2.8634862995654764,2662.3804948650295,75.7551627073415,7522.902494331092,287.24813962221435,15.248917187067132,4.553,0.146,3.804,8.503
1993,Spain,39.264034,31943.26134,-0.7095502740271153,1502.0388400710926,231.65412872390155,190274.82993197194,203.84225930440823,23.463192227851117,63.253,4.197,63.233,130.683
1993,Sweden,8.692013,37745.54124,-2.0179586096100155,4770.065189339819,1.3951802613432578,72410.9,325.5567205050347,16.713459102270004,50.183,2.34,68.607,121.13
1994,Austria,7.928746,45412.13454,2.6069786318958066,3504.234699632894,29.18230975425237,85375.32345831949,177.2770346594161,21.512752702148966,18.371,3.239,23.995,45.605
1994,Belgium,10.100631,43378.35293,3.2511428917685326,2386.537351269274,16.910851619617794,95790.74129502173,314.1139750921534,32.116447872769356,33.608,1.384,31.455,66.447
1994,Bulgaria,8.459763,13688.68504,2.6478655372422777,2239.2592651496793,179.76549135352025,3842.7619047618964,451.0735118908551,18.63501682470587,11.461,0.636,14.4,26.497
1994,Croatia,4.645155,17519.10144,2.6478655372422777,1768.0455508974617,140.14404716445395,7492.190476190442,253.69507149208016,13.84781331028416,3.054,0.147,6.392,9.593
1994,Czechia,10.334013,25321.30704,2.6478655372422777,3019.3350528472183,33.40361837815317,24919.714285714355,358.1459081534887,27.195207965489022,17.474,2.539,24.955,44.968
1994,Denmark,5.196642,49272.65933,5.290001853231319,3006.4216530780404,6.901329383028026,50201.0973628887,229.42063752356097,15.300721985539225,9.087,0.226,21.443,30.756
1994,Estonia,1.476952,14705.16522,3.987926297457678,4396.910806171976,11.623115687951405,1262.4761904761976,772.0631578947377,13.851692785690329,1.714,0.16,2.912,4.786
1994,Finland,5.077912,35694.85382,3.987926297457678,5523.472877078117,9.680844111465271,42891.3,362.74668879226977,31.69171904892047,35.528,0.48,29.044,65.052
1994,France,59.10432,39861.35069,2.411491094310003,2031.706304356693,43.43830650227182,426471.3,241.56145801995646,16.244615489086307,120.918,7.791,208.784,337.493
1994,Germany,81.338093,45162.63559,2.8656102008607576,2782.5187089421115,31.212735673700543,939242.7,219.1057628772043,20.27210232150887,201.403,15.405,226.765,443.573
1994,Greece,10.489871,27139.83247,2.1128245596635287,977.0072264303252,311.7289327387516,30344.000000000193,207.09634664444533,23.50727630643666,11.652,0.138,20.913,32.703
1994,Hungary,10.35001,18661.47489,2.9370616334847277,2283.1863513304243,124.0257326096356,14859.714285714346,343.6842105263144,18.149242925372008,8.154,1.001,18.429,27.584
1994,Ireland,3.583154,34193.06598,5.809055718125622,2228.776501106102,1.252657027127865,24992.66666666681,201.16842105263223,7.015555269027428,5.372001,0.018,8.764,14.154001000000001
1994,Italy,56.842392,44248.77541,2.2984319356931016,1677.5790494975697,164.4441478375273,396442.0141330027,155.42908485739406,18.51249218444372,114.426,7.332,109.794,231.552
1994,Latvia,2.540904,10705.53465,3.7424693752214244,4216.279554926631,14.062641492268613,1745.6190476190468,452.82105263157734,8.985119539422401,1.41,0.186,2.806,4.402
1994,Lithuania,3.671296,12158.20805,3.7424693752214244,3943.851650122313,14.401319914052683,2228.6666666666592,521.5999999999973,16.858363671715182,2.795,0.102,3.614,6.511
1994,Luxembourg,0.4002,91960.34405,3.7424693752214244,2662.8734075640477,17.133192882731688,4838.364921485556,261.8356196014412,3.4282964732368226,3.065,0.075,1.504,4.644
1994,Netherlands,15.341553,45499.45781,3.0866345032112275,2376.3661609859264,15.030908044386337,127379.91405867084,296.9688411213271,24.607880207249988,35.903868,1.456,41.982,79.341868
1994,Norway,4.324815,64348.52334,5.072879886619819,5167.087160415436,3.994219306128796,40995.6,276.8134549586758,19.770133578332025,46.293,0.605,54.906,101.804
1994,Poland,38.504707,13412.39274,5.444621391169502,3199.1304102628915,25.3567304991022,55248.04439421607,421.8842105263146,23.072563624483408,39.421,4.656,41.247,85.324
1994,Portugal,9.974391,28348.3937,0.8900706483008447,1100.3618264417614,141.5516383374509,35620.58656997366,178.44744265290313,20.119756631215022,12.65,0.43,13.875,26.955
1994,Romania,22.748027,15660.11506,6.231767892758233,2729.75605308797,115.6015980480833,16407.999999999938,477.56842105262984,20.46753691479209,21.878,1.88,10.441,34.199
1994,Slovakia,5.336455,14975.73691,6.231767892758233,2946.830053358772,49.11047287390714,6801.619047619051,472.36198914456526,32.84471534958247,10.128,1.467,8.729,20.324
1994,Slovenia,1.989408,23745.81297,5.174177414570935,2413.699816678142,54.79961696290238,7899.047619047648,277.4986148973062,15.387088340030484,4.956,0.147,4.12,9.223
1994,Spain,39.458489,32645.68861,2.7051243356123633,1502.1824129595336,163.04301904685292,199788.57142857055,199.6479786634063,23.39348933327199,63.201,4.998,68.766,136.965
1994,Sweden,8.745109,38884.26575,3.6461334335250895,4947.975304838756,13.54209166953452,81433.4,313.36508038697013,16.261607499888925,50.476,2.469,69.524,122.469
1995,Austria,7.943489,46552.39365,2.701525361085344,3687.957887064201,43.00945775173591,87708.4,173.77,21.459308314937456,18.93,3.215,24.567,46.712
1995,Belgium,10.130574,44320.8149,2.4755426300700156,2345.675387085618,31.12712616483855,97752.29999999999,304.61,31.922448373198634,34.605,1.464,32.379,68.448
1995,Bulgaria,8.427418,13688.68504,5.984254011384871,2387.6392575793293,194.25815075104137,4034.9,433.79,18.920422927100724,12.167,0.803,15.719,28.689
1995,Croatia,4.658893,17519.10144,5.984254011384871,1959.6218788086044,182.7856180066342,7866.8,246.15,13.962017841046842,2.747,0.152,7.022,9.921
1995,Czechia,10.333161,26838.81113,5.984254011384871,3090.000253703688,42.49114927497777,26165.699999999997,346.95,26.06768124577119,18.406,2.383,27.293,48.082
1995,Denmark,5.215718,50529.50612,2.9272463473464017,2729.9647982426795,2.2992700826522423,52064.1,218.16,15.314588227381691,9.381,0.237,21.267,30.885
1995,Estonia,1.448075,14705.16522,4.260915642068697,3761.4411040697128,3.8993274237113895,1325.6,733.46,13.795821836815136,1.751,0.146,2.659,4.556
1995,Finland,5.098754,37063.65577,4.260915642068697,4885.979554965012,6.463510344020794,53090.8,352.97,33.669583660162225,36.274,0.465,28.478,65.217
1995,France,59.315139,40697.93592,2.462913432702152,1969.6430720029405,103.02112672590792,449073.89999999997,234.52,17.152509916106702,123.607,7.734,211.509,342.85
1995,Germany,81.538603,45786.11905,1.630446859517587,2724.071460623279,34.19992324128584,982222.0,212.39,19.938289418189083,204.724,16.191,230.294,451.209
1995,Greece,10.535973,27635.97594,2.275625669644188,997.920900544938,285.66677170313073,31861.2,201.13,23.41677683483304,12.066,0.149,21.872,34.087
1995,Hungary,10.3367,18966.02978,1.501300321471577,2484.3626419506336,150.31791894054226,15602.7,326.5,17.63638900516255,8.381,1.025,18.338,27.744
1995,Ireland,3.597617,37328.10655,9.609291238363271,1978.7591772254025,0.3138035458262018,26242.3,191.11,6.664777505576072,5.766999,0.018,9.066,14.850999
1995,Italy,56.844408,45558.40367,2.963345413327989,1710.419640647804,244.91211005515655,408819.5,153.13,18.277070602047505,119.574,7.751,110.947,238.272
1995,Latvia,2.50058,10705.53465,1.3824193150918207,3605.380641093938,7.462246593525589,1832.9,430.18,9.287968171216903,1.425,0.188,2.852,4.465
1995,Lithuania,3.642991,12158.20805,1.3824193150918207,3452.2991498930887,6.712797054479552,2340.1,495.52,16.028271773825807,2.705,0.096,3.554,6.355
1995,Luxembourg,0.40565,91979.03357,1.3824193150918207,2753.2644163023688,35.49051068933407,5022.2,253.44,3.489911560663031,3.367,0.077,1.552,4.996
1995,Netherlands,15.424122,46740.64101,3.2807943711373078,2167.1758072397197,20.806604553586688,131543.4,285.47,24.442571435339076,36.301759,1.487,42.544,80.33275900000001
1995,Norway,4.34841,66684.33688,4.195317597687653,4953.723869935165,0.543679508123453,46019.7,265.71,21.623215196328406,47.671,0.641,55.454,103.766
1995,Poland,38.580597,14336.37033,7.099654478066375,3035.5950582805044,22.887685437728106,57952.600000000006,400.79,22.726108729466215,44.019,4.682,40.99,89.691
1995,Portugal,10.008659,29460.3236,4.279409084909136,938.3600770394556,293.7048517033894,37091.7,175.38,19.899907628251967,13.227,0.299,15.278,28.804
1995,Romania,22.712394,15660.11506,5.924853052288892,2842.4601457280555,149.96290864291467,17228.4,453.69,19.667086715704947,23.343,2.173,10.838,36.354
1995,Slovakia,5.356207,15804.52948,5.924853052288892,3106.5450589138973,70.24486829893469,7141.7,449.42,32.32372691662003,9.146,1.379,11.205,21.73
1995,Slovenia,1.989477,24737.82105,4.181225886189588,2647.750987144341,92.60679190307042,8294.0,268.08,15.526511468283475,4.943,0.17,4.23,9.343
1995,Spain,39.639726,33497.63412,3.0809693957200013,1293.5428659362228,342.1346911307793,209778.0,195.54,23.32399350742699,60.609,3.937,76.365,140.911
1995,Sweden,8.816381,40364.52596,4.652854092177061,4664.169498179988,1.913560799295295,94163.8,301.63,19.25181933000541,52.013,2.718,69.835,124.566
1996,Austria,7.953067,47464.98915,2.0833026189397863,3856.421667246801,44.67781996765527,88029.6,176.43,20.405391039346082,18.152,3.255,26.904,48.311
1996,Belgium,10.143047,44818.07374,1.246457005407331,2591.6928212777707,51.268257617766814,96738.4,314.53,30.71660569421021,34.498,1.278,34.1,69.876
1996,Bulgaria,8.384715,14361.6599,4.384658994992607,2390.877124408055,135.25537165616757,2474.6000000000004,481.38,18.98547435315479,12.258,0.811,16.821,29.89
1996,Croatia,4.581167,18846.05671,5.779632481636288,2022.0253710520124,130.99807056969055,8046.4,244.45,13.108626096873317,2.627,0.154,7.503,10.284
1996,Czechia,10.321344,28002.36239,4.21601299998704,3370.065801650644,63.73404030199823,31032.9,333.21,26.50916201682372,18.177,2.488,29.619,50.284
1996,Denmark,5.251027,51675.45993,2.9602163375194612,2996.8024640680824,21.108485323401975,53910.1,228.57,15.77269907915454,9.532,0.257,21.92,31.709
1996,Estonia,1.425192,15660.64744,4.814682781864144,4223.18428689477,21.9770246368166,1616.4,721.45,13.461225816940336,1.907,0.155,2.817,4.879
1996,Finland,5.116826,38294.10111,3.686022724315019,5381.918244333817,14.234913901656515,52314.4,364.89,28.824255481496444,36.151,0.47,29.88,66.501
1996,France,59.522297,41104.50691,1.3517353711914204,2175.8832454102394,67.09858503487632,450019.7,237.55,16.47771987781725,124.54,8.563,222.731,355.834
1996,Germany,81.817499,46180.65574,1.2066840079825614,2991.8083654082416,75.40265406778217,950237.5,211.41,19.375753293711814,201.129,16.545,240.684,458.358
1996,Greece,10.588332,27894.82583,1.4382502880511128,977.6221153994408,236.8831381563019,33474.0,192.58,21.07814844742006,12.127,0.159,23.278,35.564
1996,Hungary,10.321229,19017.86915,0.12324779134982311,2680.694201017417,146.85018358305473,15981.9,326.23,15.00075289865984,8.488,1.034,19.162,28.684
1996,Ireland,3.620065,39737.81306,7.1197235186061025,2319.386479314224,5.720864422317954,29094.0,187.84,6.421529661468363,6.181997999999999,0.019,9.652,15.852998
1996,Italy,56.844197,46001.09574,0.9713275345456518,1751.5164991557028,156.08072474588155,462284.19999999995,146.62,16.38391791079194,119.069,8.123,113.502,240.694
1996,Latvia,2.469531,11074.7302,2.164149116545966,4098.364114300843,48.05338352641701,2049.1,399.74,8.938130212871904,1.382,0.178,2.574,4.134
1996,Lithuania,3.615212,12866.84837,5.02151618765414,3934.942925515198,67.4432697046705,2898.1000000000004,493.17,15.3690596562184,2.712,0.085,3.727,6.524
1996,Luxembourg,0.4116,92136.57899,1.6405781282688991,2973.7652058726326,53.10307090228676,4862.799999999999,242.94,3.636666481594581,3.225,0.083,1.599,4.907
1996,Netherlands,15.493889,48057.67679,3.282822262111962,2448.029086230553,47.8997663716796,131389.4,281.64,22.77934253410051,37.510365,1.573,44.563,83.646365
1996,Norway,4.369957,69685.44841,5.018289383486763,5135.221693532078,4.009762270018662,52797.5,232.87,19.77543361082367,44.695,0.618,57.831,103.144
1996,Poland,38.609399,15235.5146,6.351106914424176,3371.938709792794,81.34464506565524,64201.799999999996,382.66,21.13857703817745,46.204,4.863,43.836,94.903
1996,Portugal,10.043693,30378.24991,3.476748623305781,1069.9523694629245,175.48570512336684,40598.100000000006,165.39,18.614829429099448,13.568,0.32,16.341,30.229
1996,Romania,22.656145,16324.84583,3.986567305378874,2946.8590649534517,120.65906443349056,18395.7,435.46,18.009350957327836,24.512,2.326,12.889,39.727
1996,Slovakia,5.36779,16736.23315,6.124170970874032,3333.151697688734,77.91864045193259,7889.0,418.03,28.124375124975007,10.501,0.984,11.994,23.479
1996,Slovenia,1.990266,25437.53579,2.8693025365075453,2769.5038773574393,79.80000877608009,8708.6,263.74,15.815531059383463,4.785,0.16,4.551,9.496
1996,Spain,39.808374,34228.51692,2.616628686578193,1475.9053290413888,208.5083714884544,225144.69999999998,184.8,21.401580295904196,63.764,3.471,79.947,147.182
1996,Sweden,8.837496,41000.05024,1.817730548471852,5028.161143571487,13.6909553941131,103593.1,293.56,15.182367012188177,52.169,3.067,70.768,126.004
1997,Austria,7.964966,48469.52761,2.2691593902064655,3647.514201480489,26.67863707877678,88360.9,171.07,20.550643157285705,18.483,3.291,27.13,48.904
1997,Belgium,10.170226,46408.65061,3.826429684381605,2335.9408627194243,15.224674019391912,99270.40000000001,308.79,31.43105700249532,36.421,1.264,34.144,71.829
1997,Bulgaria,8.340936,12409.77693,-14.04209531436964,2486.0957856539303,112.06553998037884,3488.8,525.16,18.98704902867715,11.812,0.62,14.484,26.916
1997,Croatia,4.533028,20106.32667,5.566110030598792,1936.0447420057096,112.21757248688522,9235.0,234.49,14.039353792833586,2.89,0.158,8.007,11.055
1997,Czechia,10.309137,27860.70565,-0.623545433755146,3137.8451711204243,26.590359259056857,32287.300000000003,337.72,24.934981260459963,18.547,2.28,28.808,49.635
1997,Denmark,5.275121,53086.24678,3.2014609733292287,2830.911510639504,3.3952117037510106,56762.0,204.21,15.632691165238054,9.834,0.282,21.769,31.885
1997,Estonia,1.405996,17949.95065,13.074390520639255,4186.919012430458,11.953585425092136,1941.9,618.21,13.653871696108379,2.214,0.108,2.836,5.158
1997,Finland,5.13232,40623.28247,6.40357282179651,5334.629354135806,3.8529104736250464,56784.6,352.62,27.451101604807004,39.607,0.495,30.39,70.492
1997,France,59.726386,41993.81014,2.5138140357760186,2041.0382335534853,58.098454902289895,458771.7,223.11,16.434365630925452,127.699,8.754,219.005,355.458
1997,Germany,82.012162,47049.99715,2.1248818608841313,2742.230886840572,26.70481505479131,939819.3999999999,208.09,18.707679483899177,206.297,16.859,238.571,461.727
1997,Greece,10.629267,28757.55794,3.49136508672927,1100.147393856968,230.89357335256577,34430.6,190.46,22.410835065492098,12.447,0.167,24.599,37.213
1997,Hungary,10.301247,19623.69218,2.985778091563196,2492.448803022082,116.91394492808664,19836.0,309.59,14.328553911153737,8.821,1.027,18.99,28.838
1997,Ireland,3.654955,43457.79245,10.41532745867919,2169.171066098118,0.1391825366937343,37645.7,182.6,5.971367062707514,6.612998999999999,0.023,10.08,16.715999
1997,Italy,56.876364,46862.14148,1.9294411994446925,1730.2997736003376,144.31463610436515,483867.8,145.39,16.09147566495851,123.545,8.11,116.55,248.205
1997,Latvia,2.444912,12208.26834,9.136409476304785,4051.8609305337513,18.813771565030756,2650.8,354.11,11.221374045801527,1.533,0.176,2.482,4.191
1997,Lithuania,3.588013,14038.0739,8.281828111639268,3852.5125182890015,20.085972024475655,3879.6000000000004,428.26,13.568081587651596,2.777,0.089,3.87,6.736
1997,Luxembourg,0.41685,95876.53092,5.386424066974227,2692.2649399162783,18.098039537256067,5075.3,224.34,3.722728235543317,3.408,0.081,1.568,5.057
1997,Netherlands,15.567107,49916.46273,4.358661441704426,2215.4708207356407,11.698221118231558,131097.9,263.63,22.403556667348173,38.397631999999994,1.578,46.973,86.948632
1997,Norway,4.392714,72968.2943,5.256241958861163,5079.034883743756,1.3671930362034714,59071.899999999994,233.57,19.65910762699397,45.818,0.611,57.468,103.897
1997,Poland,38.639341,16298.68346,7.061190191474287,3225.064377015629,23.32689584970346,69515.3,354.17,20.783286661160023,48.832,4.709,43.032,96.573
1997,Portugal,10.084196,31573.87643,4.35493770798403,1036.8323873081365,220.78075892474752,43641.4,165.76,18.94234429445697,13.932,0.338,17.67,31.94
1997,Romania,22.581862,15575.74103,-4.901566574640926,2905.6571863219733,79.7119567832016,18853.2,428.76,17.121950571705554,25.125,2.23,11.074,38.429
1997,Slovakia,5.378932,17621.79099,5.5098159802901225,3181.102623753207,42.127053835342466,8479.5,396.38,28.472952086553317,10.053,1.01,11.777,22.84
1997,Slovenia,1.986989,26800.5281,5.184719492395651,2608.971519385625,50.48658930831392,9643.9,260.3,15.34484464674451,4.884,0.164,4.802,9.85
1997,Spain,39.971329,35309.72184,3.581062993981976,1449.989817758523,234.44143600250723,233109.50000000003,189.28,21.857936082061105,68.82,3.604,86.604,159.028
1997,Sweden,8.844499,42318.48545,3.2974817719474636,4827.81232929445,4.091262500060318,107133.0,281.12,14.249902573376477,53.496,2.955,68.91,125.361
1998,Austria,7.971116,50084.5539,3.411830537808669,3233.922233980104,63.81989818761826,91305.29999999999,166.71,20.519944489509818,18.93,3.34,27.44,49.71
1998,Belgium,10.192264,47217.06575,1.9624152505024695,2120.1459591826388,100.135246614504,101023.0,309.16,30.725113049365092,37.395,1.369,35.196,73.96
1998,Bulgaria,8.2832,12966.23544,3.760794147781321,2129.91860710293,131.13043175871883,4403.2,475.87,19.786061588330636,10.688,0.552,14.901,26.141
1998,Croatia,4.536812,20571.6854,2.399897312666188,1628.9070030898042,154.09710240654596,9379.5,231.07,14.313383163293139,2.844,0.225,8.021,11.09
1998,Czechia,10.299125,27776.43202,-0.39930600498636615,2675.883839662776,105.25286447457154,34456.600000000006,325.85,23.549910318825727,18.837,2.311,27.727,48.875
1998,Denmark,5.29486,54133.58193,2.3544664198720477,2466.0280910100214,25.29749761406639,58292.200000000004,195.1,15.187636816245174,9.853,0.325,21.879,32.057
1998,Estonia,1.393074,18949.72583,4.599539738984593,4127.673817593134,65.21930493039156,2031.1000000000001,547.62,13.480457325179472,1.922,0.108,3.125,5.155
1998,Finland,5.147349,42725.11788,5.481948933997849,5409.422230761542,29.168620666859745,63985.100000000006,330.97,28.14376278193159,40.8,0.515,31.518,72.833
1998,France,59.934884,43293.63015,3.4551595321373973,1844.3096463514553,110.91212162928154,478180.39999999997,219.72,16.247147370118714,131.987,8.969,226.481,367.437
1998,Germany,82.057379,47974.10295,2.020310610046283,2426.020321872734,120.92820032661756,964119.6,201.43,18.50222043994403,208.293,16.082,241.752,466.127
1998,Greece,10.69325,29581.52223,3.4844078882330765,919.2033912739598,243.9920223585089,35243.3,192.5,23.601375588244974,12.908,0.18,26.224,39.312
1998,Hungary,10.279724,20426.30562,3.8725411800864418,2122.0507383911217,199.62902067427123,20867.6,291.1,14.283408092432229,8.287,0.943,19.744,28.974
1998,Ireland,3.693386,46726.19674,8.651427389056199,2081.708477125795,0.6284402940524891,43935.1,173.2,5.663450293959023,7.087,0.024,10.587,17.698
1998,Italy,56.904379,47694.04449,1.8253437491648983,1538.5708527555685,151.75203148172466,496395.4,143.67,15.675196385314676,127.048,8.275,119.837,255.16
1998,Latvia,2.420789,13134.01979,6.521507721115305,3783.777984432364,88.38217576914296,2592.5,318.22,10.9058277027027,1.471,0.17,2.864,4.505
1998,Lithuania,3.562261,15195.40977,7.467369836470206,3411.4721911280553,96.80306950372214,4352.700000000001,413.66,13.486594838386369,2.62,0.081,4.052,6.753
1998,Luxembourg,0.42205,100989.116,6.6464387885067255,2434.0615456432943,97.1403237020072,5375.5,209.01,4.779874213836478,3.527,0.087,1.678,5.292
1998,Netherlands,15.654192,51872.89687,4.5007592233905935,2010.6425483762655,82.69494693449109,137896.6,249.41,21.01368723532971,39.150766000000004,1.638,49.181,89.969766
1998,Norway,4.417599,74476.05005,2.6445283636407524,4890.60063946668,6.69494639510308,52466.6,247.2,19.358535373060143,49.218,0.638,59.584,109.44
1998,Poland,38.659979,17103.68619,4.995115912451098,2706.931586198818,110.00941701647368,75753.9,312.87,20.292368497443263,43.338,4.736,48.679,96.753
1998,Portugal,10.133758,32925.1155,4.792126373183581,1025.4863163195237,230.58610207854397,45750.7,168.65,18.640334777182293,14.574,0.366,18.906,33.846
1998,Romania,22.526093,15288.83256,-2.0844358842957322,2461.7641995635563,147.34591295476213,19867.5,397.14,16.730781358390615,22.686,1.996,11.913,36.595
1998,Slovakia,5.38765,18271.49723,3.855000297571509,2689.0966091974033,106.97263980325816,9351.1,366.76,24.94498844757399,9.441,1.012,10.542,20.995
1998,Slovenia,1.984923,27677.02222,3.1630591022681065,2261.1399543283233,101.35665635027829,10492.400000000001,245.54,15.739512329017792,5.029,0.16,4.901,10.09
1998,Spain,40.143449,36678.45982,4.323677788829938,1393.2163414628103,226.75527761406175,245839.59999999998,186.73,21.970366394592556,71.423,3.75,90.0,165.173
1998,Sweden,8.847625,44055.33413,4.141026267888193,4613.625793302025,24.637511541459236,110249.70000000001,276.33,13.598486288323217,54.369,2.796,69.274,126.439
1999,Austria,7.982461,51816.03225,3.604357205717368,3346.6482337739485,36.8660446664678,95791.90000000001,159.56,20.57517626541988,19.377,3.33,28.156,50.863
1999,Belgium,10.213752,48779.88619,3.527668167413034,2193.2509615773774,51.84277348569843,101849.0,291.45,30.76277410555031,37.633,1.404,35.471,74.508
1999,Bulgaria,8.230371,11944.35677,-8.468595072484064,2224.4117553325364,214.00708691706677,4346.2,459.89,19.28124369069251,8.465,0.603,14.725,23.793
1999,Croatia,4.52746,20485.40706,-0.6246747586610035,1684.9253384296169,167.27373098488255,8869.6,235.44,14.981083065108136,2.826,0.208,8.671,11.705
1999,Czechia,10.289621,28155.33773,1.27058814851575,2767.952955603118,37.46911216150872,34428.399999999994,294.79,22.33117363134322,18.799,2.182,27.141,48.122
1999,Denmark,5.313577,55558.78448,2.9955516180431463,2524.796347167354,3.376696371804207,61615.5,180.03,15.025477947817466,9.844,0.341,22.001,32.186
1999,Estonia,1.379237,19042.11837,-0.5105472223291052,3584.760283674256,1.447379016625177,2072.5,517.83,11.285586620707265,1.83,0.092,2.906,4.828
1999,Finland,5.159646,44497.10977,4.396232084421126,4840.296601176189,2.6341188841018788,67599.0,312.76,27.896862379621002,41.577,0.52,32.165,74.262
1999,France,60.158533,44479.91433,3.1234674600669976,1870.7905585644965,131.87239956307906,492812.6,209.24,15.852499943658303,132.61,9.102,233.247,374.959
1999,Germany,82.037011,48943.26522,1.9948548955067702,2518.772661415498,47.35193395519363,976647.0,188.25,17.908904710816348,212.367,15.835,245.279,473.481
1999,Greece,10.747768,30251.94299,2.7877400694529264,1007.5878617245444,284.0896014942521,39327.4,186.45,23.352234033103365,12.9,0.197,27.52,40.617
1999,Hungary,10.253416,21116.4031,3.113906769433261,2163.8945902487267,133.76839708404748,21571.1,276.01,12.77618646447627,8.504,0.995,19.44,28.939
1999,Ireland,3.732006,50889.43966,10.048688271808203,2149.83585296801,1.9332872082943051,50944.3,164.36,5.287840622853216,7.271001,0.025,11.558,18.854001
1999,Italy,56.909109,48486.1672,1.6692922161852364,1536.584649261138,215.7048501879707,500003.0,141.42,15.942198776384243,133.847,8.289,119.297,261.433
1999,Latvia,2.399248,13615.85004,2.7460885008203872,3412.0277362592497,2.135378986164655,2691.9,280.3,11.54410224177666,1.425,0.154,2.882,4.461
1999,Lithuania,3.536401,15135.72168,-1.1158953329144627,3221.113449074506,4.683851251739899,4311.7,352.77,12.815165876777252,2.408,0.074,4.061,6.543
1999,Luxembourg,0.42735,107688.6132,7.972962446617982,2538.3293312275996,59.444560322557166,5559.7,192.14,3.6388006354249405,3.683,0.094,1.718,5.495
1999,Netherlands,15.760225,54072.51384,4.94646527319591,2080.101637182604,32.29541204409185,142718.0,232.16,19.692132687509172,39.764566,1.648,50.819,92.231566
1999,Norway,4.445329,75491.07442,1.9991585701693682,4794.155585367466,0.8464171594026009,60542.899999999994,235.65,18.56198893737882,49.376,0.59,59.301,109.267
1999,Poland,38.666983,17871.08059,4.50564914477265,2730.0216029313538,20.07141636820292,75642.7,286.93,19.724147708194984,38.935,4.649,52.017,95.601
1999,Portugal,10.186634,34018.39711,3.859616111684594,996.6905336068448,276.52793487008626,48437.100000000006,170.3,18.294105060447198,15.094,0.365,20.661,36.12
1999,Romania,22.488595,15261.61306,-0.3442035409873423,2559.018634316084,139.91326928478566,16786.5,346.25,14.30953765184664,20.345,1.494,12.084,33.923
1999,Slovakia,5.393382,18166.47976,-0.4689811905955743,2817.7671621314694,47.561226416965575,8914.9,364.53,24.876182567691806,9.525,0.903,12.319,22.747
1999,Slovenia,1.978334,29115.06059,4.846584325983927,2309.0659464770115,84.72074851553124,11192.7,229.3,16.452862677572107,5.121,0.16,5.08,10.361
1999,Spain,40.303568,38147.9572,4.421278941986806,1323.311141839945,316.3522345176729,263365.0,185.13,22.643238012887817,76.452,3.566,97.234,177.252
1999,Sweden,8.854322,45770.56537,3.9719961701938367,4436.268758782615,4.8400801800405935,116027.20000000001,254.33,13.367776946257559,55.971,3.016,67.593,126.58
2000,Austria,8.002186,53455.26978,3.418493647577958,3097.586370708307,75.82743923701432,100549.70000000001,150.4,20.441563926711048,20.683,3.462,27.396,51.541
2000,Belgium,10.239085,50469.49154,3.7203530719418065,2201.702099993119,66.50988032034806,108908.2,273.73,30.884534711208882,39.868,1.443,36.231,77.542
2000,Bulgaria,8.190876,12554.12227,4.6006843908110495,1994.3364315178965,291.70435547821876,5002.6,428.96,20.76388888888889,8.584,0.519,15.148,24.251
2000,Croatia,4.497735,21297.81509,3.2832025489056393,1551.422256465394,336.26732772350454,9660.0,214.28,14.938970233714825,2.866,0.244,8.723,11.833
2000,Czechia,10.278098,29391.17879,4.272464711002688,2596.2013882867464,83.86533964783166,38114.3,296.81,22.084604875059057,18.944,2.335,28.102,49.381
2000,Denmark,5.33002,57433.76214,3.6946594960172385,2500.874592219023,4.528888945164471,67309.9,163.64,13.903061730944094,9.993,0.348,22.116,32.457
2000,Estonia,1.40125,20591.6983,9.863551071705313,3299.7537742507457,5.950170776044346,2490.2,440.11,12.23549130525875,1.833,0.091,3.091,5.015
2000,Finland,5.171302,46959.55048,5.772342566574262,4552.077612206984,4.688484388403242,76053.0,290.42,28.372431792661832,42.898,0.538,32.249,75.685
2000,France,60.545022,46108.02277,4.326289400793759,1891.1529254867871,183.9963795581756,523342.1,196.62,16.16364153498488,134.656,9.38,240.867,384.903
2000,Germany,82.163475,50442.47322,3.2220316577251884,2394.0193763968086,83.27787076804972,1012391.0,183.71,17.80309782143196,211.59,15.91,255.953,483.453
2000,Greece,10.775627,31375.1768,3.981762630127106,816.9317835161366,368.8356233454438,39465.6,186.49,24.09513431285791,13.547,0.227,29.377,43.151
2000,Hungary,10.221644,22104.85063,4.356574298478133,2012.0719257905855,289.97730413862445,23648.4,250.59,13.777886736945328,8.799,1.015,19.627,29.441
2000,Ireland,3.777565,54470.22471,8.343063277337448,2387.517177102881,0.271365523250432,59260.600000000006,152.1,5.041621483702238,7.727,0.026,12.535,20.288
2000,Italy,56.923524,50345.62694,3.8613326790461144,1413.6406025732513,326.6880098244634,519992.5,137.2,15.688128486350529,141.847,8.514,122.614,272.975
2000,Latvia,2.381715,14548.10626,6.066040152733665,3219.853569098378,12.52719397425158,3213.6,251.11,10.880299676485613,1.433,0.152,2.892,4.477
2000,Lithuania,3.512074,15763.64467,3.4321749209874852,3094.4979728125904,21.917281559199367,5435.299999999999,302.33,11.839562614884292,2.294,0.076,3.827,6.197
2000,Luxembourg,0.4336,113661.9531,7.09048747077301,2501.482681143507,79.83431385424068,6044.6,183.0,3.379353907236961,3.242229,0.059705,2.473123,5.775056999999999
2000,Netherlands,15.86395,56003.92029,4.2535344038202805,2054.045555605116,39.96726457769996,152890.0,216.72,19.962073104960073,40.314327,1.639,53.016,94.969327
2000,Norway,4.478497,77492.92141,3.4176836237206354,4654.406188459187,0.8308279861041388,85148.1,191.2,19.983946712670114,51.566,0.624,57.343,109.533
2000,Poland,38.263303,18677.42952,3.420935616951448,2579.6835465823133,77.27116309252254,83821.5,262.71,19.578232568106937,39.88,4.653,53.54,98.073
2000,Portugal,10.249022,35069.24355,3.720421866301571,976.2375474726264,392.8619847645802,50737.7,161.38,18.553206902796827,15.954,0.36,22.059,38.373
2000,Romania,22.455485,15653.13839,2.414418344620839,2390.205175750437,261.6898775088678,20328.4,337.07,15.485515354967053,19.909,1.859,12.171,33.939
2000,Slovakia,5.398657,18334.6543,1.024451409376037,2594.0117564094407,128.1384265974149,10992.5,348.43,27.749060685415003,9.741,0.965,11.304,22.01
2000,Slovenia,1.987755,30047.43072,3.6938224009667175,2161.935061425463,191.61333582155447,11320.5,221.99,16.983297207701135,5.529,0.265,4.727,10.521
2000,Spain,40.470182,39949.05703,5.154268889677871,1315.0262648160312,420.804660284533,286794.0,178.82,23.14958088493559,85.64,4.163,98.656,188.459
2000,Sweden,8.861426,47898.33396,4.732732413963525,4250.5230405501,2.9824400517166905,130795.9,224.67,15.094932574390626,56.938,3.194,68.593,128.725
2001,Austria,8.020946,53936.29963,1.1364191477164054,3507.982545025083,51.63283659156196,103777.6,156.78,21.341641679613222,21.543,3.388,28.683,53.614
2001,Belgium,10.263414,50845.90664,0.9852082858778921,2412.2204514014365,17.199727182128314,109309.6,261.62,29.90979950759367,39.224,1.467,37.451,78.142
2001,Bulgaria,8.149468,13296.21719,5.375743998280136,2057.8595331662027,267.9081095558593,5886.5,423.54,20.856053660184337,9.035,0.5,15.058,24.593
2001,Croatia,4.295406,22821.87184,2.3355588695137097,1749.5547998140091,206.90398167331836,10416.0,212.96,15.13637113693689,2.921,0.228,8.852,12.001
2001,Czechia,10.232027,30388.0604,2.9283236080061226,3005.7484097286733,62.376480584337685,43556.3,282.83,20.561667113853858,19.939,2.117,28.825,50.881
2001,Denmark,5.349212,57776.0029,0.958107093135685,2803.706817891346,4.380379211706055,68014.6,161.96,12.882647633416507,9.998,0.348,22.22,32.566
2001,Estonia,1.39272,21930.26088,5.85218281226596,3963.720871705827,20.86645530793266,2893.4,428.15,12.814339218833599,1.816,0.084,3.268,5.168
2001,Finland,5.181115,48090.32152,2.602296314125141,5293.506367972857,3.1290675114045285,78892.0,286.37,28.22909037644646,42.466,0.565,34.355,77.386
2001,France,60.979315,46622.83824,1.8418569630658022,2084.0479796024606,58.87560391623547,530837.9,192.05,15.762789161352318,134.661,9.547,251.569,395.777
2001,Germany,82.25954,51288.13279,1.7953626440341042,2781.647968342924,34.54286686205508,1024542.0,181.36,17.457970712150967,219.227,16.399,259.641,495.267
2001,Greece,10.835989,32663.90172,4.690647079609445,808.2814073975618,353.1103332845094,43577.3,176.75,22.53629471241289,13.762,0.214,30.566,44.542
2001,Hungary,10.200298,23055.57954,4.083183554109415,2247.5260489751677,224.6357024845339,27792.4,231.53,14.100480589569555,9.436,1.031,20.078,30.545
2001,Ireland,3.832783,56617.43365,5.4613432442872645,2274.6799989991687,1.0616654920793265,72439.20000000001,146.86,4.262441853675626,7.633716000000001,0.026,13.364284,21.024
2001,Italy,56.960692,51321.7996,2.005502953441418,1584.3641597966418,222.47322842135023,537083.9,133.11,15.081106181221939,143.205,8.567,125.952,277.724
2001,Latvia,2.353384,15686.17453,6.540218454726943,3814.0674459572288,34.761231355607165,3410.2,253.04,10.875872343762252,1.545,0.173,2.865,4.583
2001,Lithuania,3.486998,16924.66674,6.598606955038533,3633.8019776527062,47.945451890984735,6108.7,312.77,10.684908510995468,2.346,0.09,4.01,6.446
2001,Luxembourg,0.439,115858.7349,3.20219022231667,2759.3766192209155,18.15916158893059,6076.2,187.96,3.3983031414813114,2.966072,0.06937900000000001,2.8071010000000003,5.8425519999999995
2001,Netherlands,15.987075,56884.8393,2.36129855579994,2327.2859371067366,13.240382303690616,163244.0,214.07,20.303762284504153,40.562071,1.586,54.67,96.818071
2001,Norway,4.503436,78691.78716,2.1125407808209484,4960.5292732178,1.0418565986031898,86867.9,198.54,18.643181521078095,49.322,0.636,62.228,112.186
2001,Poland,38.253955,18918.65585,1.2667929819527135,3004.193148352755,73.29007955811248,89291.70000000001,254.69,19.808380356226827,38.475,4.638,55.115,98.228
2001,Portugal,10.330774,35499.63556,2.034709398717238,1141.3955853842028,230.70707647890217,52710.3,155.37,17.99697926127383,16.161,0.358,23.418,39.937
2001,Romania,22.430457,16489.659,5.226695532432446,2542.250267583322,214.00099289449832,24539.2,309.67,14.59209335076954,20.754,1.785,13.755,36.294
2001,Slovakia,5.378783,18905.54063,2.7341100697618748,2831.055199992535,114.52758522836004,12149.0,335.91,27.763573169270106,9.68,0.767,13.005,23.452
2001,Slovenia,1.990094,30857.73194,2.8175841588224504,2457.1530363303473,96.58165059097992,12102.0,225.39,16.979975884085473,5.685,0.255,5.002,10.942
2001,Spain,40.665545,41299.23414,3.8787954836253524,1506.3545588217098,262.9950446950312,307148.0,172.65,23.17772170151406,90.267,4.558,106.128,200.953
2001,Sweden,8.882792,48492.42112,1.4844115829226956,4693.244643600403,3.950300606329148,120836.9,235.92,16.001199904942595,57.909,2.862,71.524,132.295
2002,Austria,8.06364,54464.47872,1.5167583994067257,3549.8658138145393,37.93049129023652,103444.29999999999,151.3,20.11504583857631,21.644,3.271,28.939,53.854
2002,Belgium,10.309725,51483.57531,1.7110029884754852,2215.7455858422136,37.90459344721111,110892.5,247.95,30.176805644532188,38.933,1.456,38.058,78.447
2002,Bulgaria,7.868815,14385.87099,4.469168221697695,2316.726519301116,157.3227122471595,6545.1,381.61,20.93973442288049,8.479,0.489,15.113,24.081
2002,Croatia,4.305494,24132.08894,5.98939764117028,1896.2925963061673,139.03352662781123,10967.7,200.61,15.453673245614034,2.953,0.244,9.505,12.702
2002,Czechia,10.201182,30900.04571,1.3782895051971389,2903.6713739783536,44.47985195935129,48546.600000000006,279.99,19.15236958448385,20.558,2.153,28.112,50.823
2002,Denmark,5.368354,57842.29152,0.47299149975859045,2455.9141084578414,4.294651141870231,69490.8,152.93,12.291491058637646,9.859,0.364,22.291,32.514
2002,Estonia,1.38351,23618.72779,6.987045180449569,3188.723588801175,9.021836774612089,3219.9,360.07,12.35011012317481,1.884,0.097,3.354,5.335
2002,Finland,5.194901,48783.2831,1.7108743581112362,4266.926332739778,5.678478713467156,78664.0,295.43,25.277573258724782,43.656,0.593,35.435,79.684
2002,France,61.424036,46808.3796,1.1301628428051602,1939.103287062625,101.40711000226136,533853.1000000001,186.11,14.960586555651897,133.35,9.668,250.468,393.486
2002,Germany,82.440309,51152.89539,-0.04450666196652575,2570.18009330621,40.90034173200259,1006620.0,173.78,17.711284925489977,220.58,16.19,271.738,508.508
2002,Greece,10.888274,34068.59745,4.803715674402342,1038.5294130172306,235.49302129019284,46562.1,164.79,21.089530853916898,14.13,0.222,32.247,46.599
2002,Hungary,10.174853,24214.97792,4.76671284289083,2353.1581634631734,151.63919857057334,32551.0,213.21,12.916985836374833,10.256,1.015,20.214,31.485
2002,Ireland,3.899702,58739.71094,5.559862253381942,2065.3582211476996,1.3267344798440486,84115.2,136.89,3.504816786169885,7.819688,0.023,13.925310999999999,21.767999
2002,Italy,56.99327,51361.17918,0.13396842048685187,1729.4300845003834,166.06271184116508,549560.6,131.92,15.445947403166121,143.107,8.967,130.677,282.751
2002,Latvia,2.320956,17088.33828,7.4377490383402245,3135.0442729205456,14.806895077043984,3675.8999999999996,233.86,10.056636654080743,1.526,0.144,3.212,4.882
2002,Lithuania,3.454637,18207.55623,6.581604973577471,3054.704363091366,18.5522752330368,6501.7,306.84,10.7129974750511,2.546,0.082,4.095,6.723
2002,Luxembourg,0.44405,118317.8828,3.297298067964638,2589.595084541741,44.39202464596501,6209.3,187.65,4.13207979821142,3.434235,0.071248,2.400223,5.905706
2002,Netherlands,16.105285,56665.61886,0.3511844352201976,2061.211992293306,25.964308143177643,163040.0,208.33,21.723521848753528,41.222536,1.567,55.643,98.432536
2002,Norway,4.524066,79353.89636,1.3033446077326039,4466.917583355436,0.915727618688722,88868.7,182.8,16.8350347558574,47.397,0.63,61.086,109.113
2002,Poland,38.242197,19201.24004,1.4624842607538824,2736.320020202891,40.99425219753961,86161.4,240.05,19.833697796144175,37.597,4.651,54.708,96.956
2002,Portugal,10.394669,35577.92751,0.8403989048414662,975.8150746498644,353.3557799655939,53731.0,155.79,17.905520605284877,16.47,0.411,24.592,41.473
2002,Romania,21.833483,18019.17062,6.367272521869172,2642.828066319315,134.22775451249748,26849.0,300.3,14.142859833148151,22.684,1.97,10.933,35.587
2002,Slovakia,5.378951,19747.82382,4.458481281710491,2903.117101749775,62.73998197780751,12717.5,318.18,27.828153710953103,9.019,0.72,13.021,22.76
2002,Slovenia,1.994026,31821.44385,3.3268299738658635,2539.8046761529877,73.05567220118422,12747.2,213.63,16.761358309426036,5.827,0.172,5.69,11.689
2002,Spain,41.035278,41763.65494,2.043955253675156,1366.0980189012666,349.5282036762148,322047.0,166.37,22.5411599420468,91.865,4.794,108.851,205.51
2002,Sweden,8.909128,49418.55813,2.212005063497613,4056.865868116958,2.5964037087344236,125233.79999999999,233.41,14.939623276469998,57.273,2.867,70.787,130.927
2003,Austria,8.100273,54821.45892,1.1127129276612413,3307.0787046094065,48.73748325805675,105263.8,153.23,20.32848407569479,22.344,3.443,29.83,55.617
2003,Belgium,10.355844,51802.39381,1.0693676443140454,2252.3980433111537,39.99521785904878,110868.5,253.35,29.719614269313425,40.026,1.494,38.212,79.732
2003,Bulgaria,7.805506,15259.67768,5.220636853895755,2003.6858704610725,210.81683211169275,7180.9,364.88,19.96627577220817,9.197,0.46,15.477,25.134
2003,Croatia,4.305384,25468.60168,5.535625416946099,1604.4320954519603,198.6675107324841,11843.0,199.92,14.421635711958295,3.21,0.248,9.514,12.972
2003,Czechia,10.192649,31916.87456,3.204303634776551,2853.6144487224215,65.4090859144249,47834.5,273.22,18.824106034851347,20.55,2.213,29.644,52.407
2003,Denmark,5.383507,57947.09503,0.46396510049708795,2707.5732443673037,8.135867449269305,68564.29999999999,159.74,12.445143144697267,9.657,0.353,22.356,32.366
2003,Estonia,1.37519,25616.43214,7.805903388448621,3894.732974650488,10.69123765826732,3660.4,344.43,13.449527959331881,2.031,0.097,3.468,5.596
2003,Finland,5.206295,49646.06738,1.9918159740938135,5239.535453019142,12.31470488691022,78115.0,305.08,24.12850923284792,44.302,0.627,35.939,80.868
2003,France,61.864088,46947.25687,1.0152353551665438,1916.3720124349893,86.35600106342356,533993.1000000001,191.22,14.748604200114624,133.84,9.787,264.773,408.4
2003,Germany,82.53668,50892.99438,-0.3917826363603827,2588.664613483795,56.030294623785515,1012257.0,169.39,17.05827979321914,220.502,13.064,281.337,514.903
2003,Greece,10.91577,35957.45247,5.810799387181698,795.6587341100966,311.408890669171,53103.0,159.32,22.877435741252594,14.156,0.237,34.232,48.625
2003,Hungary,10.142362,25240.94707,3.904063531061186,2137.0050081777335,184.1020186883086,33918.0,204.87,12.90693193657499,9.585,1.045,20.766,31.396
2003,Ireland,3.964191,60279.84536,4.319014227874551,2124.8135684142317,5.333311482229237,80966.29999999999,125.16,4.0300311427537965,7.9571570000000005,0.023,15.051844,23.032001
2003,Italy,57.186378,51118.32461,-0.13561295092072712,1505.9359751698091,204.05845734516257,549631.7,135.49,15.519501744620202,144.368,9.464,137.604,291.436
2003,Latvia,2.29939,18709.21629,8.467965424430957,3670.98701569694,20.516803707440463,3531.7,229.88,12.962392108508016,1.605,0.136,3.46,5.201
2003,Lithuania,3.431497,20292.96657,10.70700034069767,3484.107837854736,31.41671317638913,7465.799999999999,279.64,10.4741179408512,2.63,0.09,4.459,7.179
2003,Luxembourg,0.4483,119940.9519,2.3420155907847295,2573.7189232755613,46.174861386529955,6575.5,189.81,4.4209618287686006,3.5625839999999998,0.070237,2.548406,6.181227
2003,Netherlands,16.192572,56500.07061,0.24824461341919069,2187.0584055132567,31.185766488250582,162128.0,212.99,21.823391773203568,40.530076,1.595,57.845,99.970076
2003,Norway,4.552252,79629.95294,0.9730713108970779,5046.483166004638,5.743568493517591,87022.5,191.82,17.19289806271046,47.763,0.62,54.771,103.154
2003,Poland,38.218531,19908.84117,3.6210194642766647,2909.051479551563,59.12783575222973,82888.5,236.35,18.84352826445169,39.703,4.764,56.236,100.703
2003,Portugal,10.444592,35114.79475,-0.8277187246008455,1169.385006507886,203.79197009331816,52739.299999999996,147.92,17.625961411458704,16.82,0.435,25.909,43.164
2003,Romania,21.627509,18527.7077,1.8521901206716151,2471.6481652239463,165.15606709561916,27136.7,298.11,13.274829881381772,22.337,1.829,13.335,37.501
2003,Slovakia,5.374873,20720.55018,4.846191067750372,2762.5558037081687,89.48894881755308,15020.6,298.3,25.057653254397135,10.25,0.726,12.009,22.985
2003,Slovenia,1.995033,32817.65256,3.1827025416039767,2267.630361838815,101.58045033313604,13532.5,207.13,16.36839499186532,6.588,0.179,5.28,12.047
2003,Spain,41.827838,42203.93959,3.006002022374732,1480.8626280031308,234.23494923201036,337257.0,164.09,21.284746514683548,96.255,5.124,116.519,217.898
2003,Sweden,8.940788,50225.33171,1.9936989321345022,4788.721109450907,11.756066822958946,126598.90000000001,223.3,14.469129360429392,56.107,2.838,70.498,129.443
2004,Austria,8.142573,55822.19872,2.3571899166334953,3647.4380902579,54.68244349634124,109246.5,147.87,20.553508292582677,24.583,3.507,28.687,56.777
2004,Belgium,10.396421,53420.66836,3.52800528041024,2535.813414641315,50.0363376835102,115907.9,246.79,30.236336872698036,39.5764,1.6616,40.1079,81.3459
2004,Bulgaria,7.745147,16376.28894,6.487525425237228,2216.9930608235177,206.9888863439565,7573.3,328.9,22.18798722993541,9.713,0.498,14.695,24.906
2004,Croatia,4.305725,26523.3637,4.149669335553141,1901.6607325323944,207.12736419609303,13238.0,187.39,14.02758620689655,3.293,0.242,10.167,13.702
2004,Czechia,10.195347,33367.41307,4.572411626693729,3113.1360780832156,64.51393288581619,54307.9,262.93,18.985961502488784,22.358,1.812,28.184,52.354
2004,Denmark,5.39764,59406.89426,2.7883306440815048,2835.2753836020547,5.624828828678921,70799.79999999999,144.68,12.178469171293775,9.975,0.37,22.628,32.973
2004,Estonia,1.36625,27488.61074,6.610902466459523,3702.316575996171,11.216149718560898,3945.3999999999996,342.44,13.661913901837126,2.144,0.079,3.69,5.913
2004,Finland,5.219732,51484.7367,3.9712047805720463,4858.842328983288,4.1700385837679885,80833.0,287.01,24.987573462764246,46.111,0.63,36.378,83.119
2004,France,62.292241,47784.20999,2.4871765961266057,2166.535347518766,116.63870983243436,546755.8,188.0,14.98135616757118,136.588,10.024,273.548,420.16
2004,Germany,82.531671,51308.07714,0.8094806991662207,2885.291316778329,58.03545331750613,1046274.0,163.67,17.077287872644252,227.104,12.898,281.619,521.621
2004,Greece,10.940369,37797.54588,5.354303847446795,915.0883839950972,281.3008478446369,56914.0,152.07,21.427983742245484,13.987,0.238,35.513,49.738
2004,Hungary,10.116742,26552.41938,4.930083902132187,2412.872237685916,203.70449507282717,38423.2,196.96,12.365408805031446,9.497,1.093,21.228,31.818
2004,Ireland,4.028851,63057.30255,6.313861807755838,2234.527018512445,3.14144524502393,81088.7,118.32,4.30307509632394,7.433146,0.0505,15.573084999999999,23.056731
2004,Italy,57.61199,51487.0103,1.4708617981089578,1713.5040433281588,218.2622832294844,567341.6,134.6,15.651657446383602,144.197,9.602,141.732,295.531
2004,Latvia,2.27652,20567.132,8.837102531472052,3605.290503608781,18.76883222949581,3945.3999999999996,215.59,13.677176863645855,1.634,0.139,3.631,5.404
2004,Lithuania,3.398929,21856.49587,6.682568790724686,3481.528805406646,28.070150842426106,8747.6,265.84,10.639444377918812,2.744,0.092,4.814,7.65
2004,Luxembourg,0.45496,123355.0023,4.374342057473801,2904.3084921575796,54.932554877917994,6690.5,194.34,4.430569216952486,3.858908,0.07534600000000001,2.4566860000000004,6.39094
2004,Netherlands,16.258032,57291.7908,1.8111971338461208,2433.190084503192,35.64371867074229,167410.0,207.85,22.946489712068345,41.204608,1.657,59.569,102.43060799999999
2004,Norway,4.577457,82339.78186,3.975551103056696,4924.900704460435,1.10804519362495,94410.5,184.04,18.49559667124505,51.238,0.591,56.086,107.915
2004,Poland,38.190608,20897.44631,4.888969485791361,3039.2782703852304,53.69167070749352,94788.5,219.19,19.499302889443214,41.952,4.287,57.954,104.193
2004,Portugal,10.47305,35657.53601,1.8222975706378763,1119.2341444460176,282.20260858578234,53727.9,148.96,17.692791546106427,17.086,0.464,27.118,44.668
2004,Romania,21.521142,20576.65353,10.512617697605586,2600.916675500532,173.46603213482268,32059.5,249.68,13.843467959409535,25.156,1.617,12.002,38.775
2004,Slovakia,5.371875,21841.73083,5.352163654820763,2998.8327442208115,87.81872779764974,18079.1,274.25,25.46646495209279,10.724,0.708,12.595,24.027
2004,Slovenia,1.996433,34292.49236,4.567372105970446,2608.886676212805,118.65736140887086,14219.7,197.96,16.49949169772958,6.755,0.19,5.601,12.546
2004,Spain,42.547451,42845.21487,3.266025428629926,1553.014267964387,284.71826165932237,352496.0,162.18,21.366124751161248,101.525,5.235,123.909,230.669
2004,Sweden,8.97567,51847.64607,3.632818500324042,4686.6503960080445,4.502382901736785,129790.9,219.65,14.115105774857515,57.194,2.989,70.178,130.361
2005,Austria,8.201359,56784.77305,2.4587652796051573,4012.313315291205,49.39969842715962,114237.4,146.78,21.142959894508305,24.408644,3.422451,29.668415,57.49951
2005,Belgium,10.445852,54358.41449,2.2392074232979953,2588.050615975892,77.24956754068135,119193.1,234.99,29.82081417065839,39.3708,1.6714,40.8228,81.865
2005,Bulgaria,7.688573,17664.36606,7.077603079283756,3075.9129252188536,220.7171371241832,9076.0,312.77,21.88586371327488,9.838,0.5,15.378,25.716
2005,Croatia,4.310861,27635.45112,4.317144089479741,2489.38080546208,181.15675721249983,14019.5,180.59,14.569121140142517,3.343,0.261,10.813,14.417
2005,Czechia,10.198855,35419.76189,6.187282170311148,3514.680788762754,69.12403153604747,61924.8,246.17,19.25580834956525,23.145,1.8,28.656,53.601
2005,Denmark,5.411405,60634.50615,2.3267355306576087,2757.673822184336,8.056124640438831,72880.1,135.49,12.461571987827561,10.261,0.375,22.826,33.462
2005,Estonia,1.35885,30220.37701,9.34235675243924,3578.5580753373456,5.785945153952185,4642.5,304.05,14.834405241329566,2.168,0.103,3.769,6.04
2005,Finland,5.236611,52733.81703,2.7573321465141465,4781.243907967305,2.9060282314299863,83113.0,256.72,23.603995535075416,43.056,0.648,37.048,80.752
2005,France,62.77287,48376.36681,2.0203639252389882,2312.5495722849314,133.38431691529007,555053.5,177.61,15.340241891431559,139.547,9.861,273.363,422.771
2005,Germany,82.500849,51924.90969,1.1644187062550104,3068.029764710196,79.54117198704242,1057185.0,159.87,17.06867227227053,230.561,13.136,278.71,522.407
2005,Greece,10.969912,38132.85342,1.1595467086514155,1372.251085870234,295.1869712123867,54408.799999999996,150.77,20.68490126069653,14.419,0.199,36.286,50.904
2005,Hungary,10.097549,27749.38141,4.309653338282371,3104.6696348805935,189.37877408335495,42081.2,201.89,11.763619148788766,9.271,1.096,21.971,32.338
2005,Ireland,4.111672,65436.54836,5.906411029540526,2097.7734141054084,3.3179053096539572,84516.79999999999,112.96,4.459249668830507,7.6207780000000005,0.0589,16.672327000000003,24.352005000000002
2005,Italy,58.044368,51577.64909,0.9278632748541682,1955.2785736329192,207.851223565133,575872.6,133.49,15.762056479441823,144.763,9.918,146.199,300.88
2005,Latvia,2.249724,23204.7287,11.4963193930123,3580.3593281000635,15.514350009283852,4355.4,198.16,11.879173290937997,1.7,0.148,3.881,5.729
2005,Lithuania,3.35522,23932.88649,8.091975719774936,3586.8460380294728,28.200053933782748,10089.099999999999,230.98,11.66099758523096,2.833,0.103,5.041,7.977
2005,Luxembourg,0.46123,124451.152,2.2790034075518717,2972.024903550977,82.89169014973108,6752.1,183.22,3.4870973182661498,3.430247,0.094469,2.627903,6.152619
2005,Netherlands,16.305526,58353.70156,2.15105392505881,2483.4637560674064,55.64136889184776,176289.0,196.67,22.603989581546237,41.431216,1.618,61.245,104.294216
2005,Norway,4.606363,83983.73135,2.640637301435711,4534.983011638735,2.8635935611414913,116693.90000000001,167.16,18.42661799640767,52.025,0.601,58.101,110.727
2005,Poland,38.173835,21578.82009,3.215208835819472,3476.0475789916227,65.33701173716197,112152.2,213.25,18.548584694354865,40.906,3.989,60.11,105.005
2005,Portugal,10.494672,35869.71196,0.8027203564628271,1174.9331273778982,291.0468169403585,53828.8,143.29,17.802258469259726,17.172,0.472,28.678,46.322
2005,Romania,21.382354,21670.72984,4.637895221644772,3414.7136908981693,197.57021299832013,42411.600000000006,230.71,12.35184844474251,23.684,1.61,13.565,38.859
2005,Slovakia,5.372685,23255.87529,6.490562108396336,3591.132723797981,85.22807584779345,20528.699999999997,256.41,25.08836589139486,11.034,0.572,11.244,22.85
2005,Slovenia,1.99759,35551.12125,3.7303557460560244,3189.4597097874957,94.46020853564424,14590.5,195.44,17.309528196023916,7.172,0.198,5.372,12.742
2005,Spain,43.296338,43550.30738,3.4347616394637015,1612.905631458849,309.71245017561336,377132.0,154.24,21.0316320342175,105.036,5.363,131.823,242.222
2005,Sweden,9.011392,53097.60362,2.8184097483400894,4322.344443297909,6.64835310413621,130913.4,210.9,13.68220560390599,57.558,2.818,70.322,130.698
2006,Austria,8.254298,58426.40573,3.5551249364524917,3392.8494400491454,78.64963105743684,121981.3,141.19,21.206884491789385,25.231298,3.5154389999999998,29.886612,58.633349
2006,Belgium,10.511382,55381.16383,2.520625743429261,2232.781486803061,65.89241208238248,120821.3,226.19,30.005324268425042,41.595800000000004,1.7426,41.1157,84.45410000000001
2006,Bulgaria,7.629371,19009.83441,6.788200894881102,2326.215597531422,259.61030443143466,10638.0,301.66,23.438560299666133,10.034,0.466,16.388,26.888
2006,Croatia,4.312487,29032.90689,5.0963763682831065,1777.102909326818,295.8917465857154,15101.5,162.07,14.13708033894669,3.539,0.266,11.274,15.079
2006,Czechia,10.223577,37699.507,6.69436635879983,2941.052748935746,85.02657684667807,71589.4,239.15,17.880911592171522,23.613,1.791,29.821,55.225
2006,Denmark,5.427459,62737.9241,3.7759726571921615,2427.236141747122,9.144251456102822,78553.6,137.6,12.290476190476191,10.138,0.376,23.272,33.786
2006,Estonia,1.3507,33403.52176,9.870160862888543,3345.4739644061065,9.951279011287838,5619.7,273.09,15.52567237163814,2.339,0.083,4.068,6.49
2006,Finland,5.25558,54643.36106,3.9964546842685023,4571.015076392226,2.072405436529276,89996.0,266.98,24.497480774330416,47.175,0.675,38.186,86.036
2006,France,63.229635,49455.72618,2.9750530007449427,1943.8313806535948,131.92577209758895,565951.7,168.12,15.146305251350888,134.264,9.982,282.679,426.925
2006,Germany,82.437995,54132.34379,4.171779804760112,2581.694771144638,73.53116350772967,1130573.0,158.02,16.734588829421813,231.803,12.682,283.651,528.136
2006,Greece,11.004716,40468.2101,6.460962305686091,939.3302516548912,330.3436777854486,63498.0,139.34,22.064731800570442,14.156,0.217,38.15,52.523
2006,Hungary,10.076581,28885.96831,3.8797402854475305,2384.179256945863,309.2423023318605,43188.0,191.76,12.603712422336278,9.394,1.199,22.645,33.238
2006,Ireland,4.208156,67013.95589,4.81374557130676,2121.2948831214912,7.203404645982063,89968.1,104.35,4.866558352695912,7.716743,0.056609,18.104105,25.877457
2006,Italy,58.288996,52296.11741,1.82030459580369,1549.8655147461495,258.0873833797436,601744.7999999999,126.25,15.34359123825567,147.362,10.219,151.196,308.777
2006,Latvia,2.227874,26417.78373,12.740840720888013,3308.540513542622,21.73407974114688,5431.3,187.24,13.691904865808421,1.759,0.15,4.234,6.143
2006,Lithuania,3.289835,26116.44568,6.99712417050482,3218.120066263419,37.642052640330235,11489.099999999999,210.7,14.250406044770848,2.933,0.091,5.408,8.432
2006,Luxembourg,0.469086,129927.0742,6.178274081421731,2600.3760969028244,63.02016976090251,7041.0,159.39,3.2476654821915543,3.86389,0.11088200000000001,2.6381390000000002,6.612911
2006,Netherlands,16.33421,60392.8384,3.6765061005516797,2077.9178057097915,55.25129688885555,186320.0,186.14,24.309308627397552,41.509103,1.614,62.453,105.576103
2006,Norway,4.640219,85349.41818,2.3730677247865817,4564.973081820152,1.2853865704996696,134358.5,151.44,19.09065915183174,49.896,0.648,56.855,107.399
2006,Poland,38.157055,22948.27871,6.299562641201462,2874.234445619386,81.81027253058451,126005.3,212.14,20.181474098337624,42.382,3.547,64.705,110.634
2006,Portugal,10.511988,36386.93073,1.6093145169405743,1177.8300497455718,351.2396487016683,55682.1,129.55,17.845326212485197,17.644,0.508,29.611,47.763
2006,Romania,21.257016,23549.72312,8.033650542870973,2726.5562929139687,247.99941185377315,52577.7,205.91,12.816251334213876,24.277,1.347,15.341,40.965
2006,Slovakia,5.372928,25330.45273,8.925585812818483,2928.396634981399,151.16165888639887,24825.9,229.52,25.535952460989602,11.845,0.597,11.212,23.654
2006,Slovenia,2.003358,37519.83707,5.842441824833289,2420.9077241969917,189.31152606609376,15833.7,184.82,16.81153540050873,7.44,0.198,5.527,13.165
2006,Spain,44.009971,44598.45071,4.094663260428555,1525.8115558983452,340.5654110043534,401693.0,140.85,20.957760202178598,93.724,3.789,148.612,246.125
2006,Sweden,9.047752,55358.53372,4.678734397529216,4177.854073195524,5.219898389683172,140414.2,191.88,13.53563451812443,57.342,2.885,70.579,130.806
2007,Austria,8.282984,60395.86074,3.7300729583443104,3650.966146290665,74.04693640106522,130706.0,132.92,20.945439957207807,25.929097000000002,3.479155,29.716308,59.124559999999995
2007,Belgium,10.584534,56996.01524,3.632109538321493,2304.6354420437124,27.634948175764528,128315.1,216.54,30.01230915495815,41.3804,1.7275999999999998,41.4465,84.5545
2007,Bulgaria,7.572673,20424.45064,6.6430407333671,2847.3604364707485,270.4951467187795,13077.3,267.1,25.969860726681603,10.179,0.451,16.583,27.213
2007,Croatia,4.31353,30505.41086,5.097257006340161,2147.4767699414506,282.86271390259344,16340.8,152.89,14.311732661191966,3.774,0.277,11.333,15.384
2007,Czechia,10.254233,39548.95862,5.220337524185403,3322.2193538792235,83.18931866020803,79596.9,217.54,17.124230959346157,24.173,1.77,29.423,55.366
2007,Denmark,5.447084,63082.92616,0.913485565756611,2669.598164836414,4.4646115371424315,79587.6,129.5,12.486418870621872,9.894,0.356,23.226,33.476
2007,Estonia,1.34292,36015.645,7.198863626832552,3773.4085595348106,11.468595232237336,6677.6,281.59,16.805134291617215,2.392,0.077,4.326,6.795
2007,Finland,5.276955,57302.1994,5.292303387859798,4571.928177396314,9.230136305379268,98774.0,239.69,23.000555568975095,46.763,0.724,38.599,86.086
2007,France,63.645065,50381.83514,2.541923284400127,1892.2234020852052,98.85118155773868,590641.8,158.77,15.77993499241994,132.599,10.028,283.388,426.015
2007,Germany,82.314906,55874.8982,3.064945873399716,2849.240022975041,49.38508049295768,1194579.0,142.86,17.148577833555272,239.307,12.241,277.985,529.533
2007,Greece,11.036008,41780.80982,3.5371067588301663,1250.7837113267249,364.02282063382944,63670.0,136.4,22.96998786753866,15.328,0.251,39.611,55.19
2007,Hungary,10.066158,29026.90434,0.3839622733397885,2885.7607158772175,283.1721154347363,46858.5,182.08,13.959792763107325,9.471,1.222,23.051,33.744
2007,Ireland,4.340118,68409.71487,5.283964744976455,1911.0914125503305,0.1697194731068327,91636.0,99.87,4.745220052627417,7.37375,0.050988,18.437641,25.862379
2007,Italy,58.510725,52739.08447,1.2306543033948847,1726.343151982574,272.2797273599817,638363.0,120.08,15.472694891997902,146.17,10.404,152.744,309.318
2007,Latvia,2.20884,29402.80702,10.348401457824874,3750.742843620595,17.66951005622404,7196.5,168.68,12.41352132410894,1.816,0.14,4.65,6.606
2007,Lithuania,3.249983,29356.28109,11.043703747299416,3690.731591991704,27.58350345860201,13237.2,199.36,17.492440604751618,3.081,0.07,5.708,8.859
2007,Luxembourg,0.476187,138154.2591,7.941806669807061,2719.657185445282,33.01682346030715,8447.7,143.65,2.174420543605136,3.576663,0.117753,2.999335,6.693751
2007,Netherlands,16.357992,62594.12803,3.7958546153674,2273.246293785898,16.602866767622398,197863.0,174.59,24.138370479453993,42.177993,1.59,63.983,107.75099300000001
2007,Norway,4.681134,86941.19686,2.7632059813886167,4455.340851647643,3.438118203369972,136169.0,138.08,19.33876265972741,49.658,0.639,60.353,110.65
2007,Poland,38.125479,24516.06112,6.743402076950655,3438.517175950726,68.83345541248646,144315.3,192.26,21.31082639554298,45.349,3.679,65.064,114.092
2007,Portugal,10.532588,37225.85029,2.506036717782445,839.280086279585,316.97182152567206,58606.100000000006,124.58,18.102906611435618,17.991,0.498,30.535,49.024
2007,Romania,21.130503,25629.07206,8.181901987023753,3273.6609678601944,234.23774113544945,70593.5,176.33,13.962777353428843,22.837,1.463,16.674,40.974
2007,Slovakia,5.37318,28062.67112,10.791495157841236,3418.9390224403905,143.55634878917627,30029.800000000003,197.07,24.247561769980994,12.186,0.586,11.801,24.573
2007,Slovenia,2.010377,39979.10133,6.927897184787146,2718.0618297884757,165.3321455185625,17800.0,174.88,17.167611358809545,7.468,0.195,5.601,13.264
2007,Spain,44.784666,45280.65395,3.3168544802523403,1180.4035602280826,341.02812573906266,418880.0,133.7,20.01354504832785,97.292,2.765,150.728,250.785
2007,Sweden,9.113257,56834.72119,3.4098921587062403,4209.788501215458,9.589531412051016,149989.0,176.15,14.368162532583028,57.983,2.929,70.17,131.082
2008,Austria,8.307989,61034.02979,1.3617174839873458,3590.486337191368,64.96106246042012,132217.6,129.74,20.173471400583345,25.247418000000003,3.4642150000000003,30.704026000000002,59.415659
2008,Belgium,10.666866,56801.72132,0.43430993163788845,2311.52733165412,49.00473566547545,125179.0,219.2,28.613224702093724,40.2655,1.8107,42.6237,84.6999
2008,Bulgaria,7.518002,21829.06582,6.105525233986753,2497.4374499624787,226.86796550098373,13903.1,241.64,22.911362103109834,10.441,0.425,17.792,28.658
2008,Croatia,4.311967,31109.6328,1.9437516250992992,1934.3647371834556,238.09106444378816,17584.3,141.4,13.999724505257358,3.792,0.276,12.069,16.137
2008,Czechia,10.343422,40111.17085,2.303701933285751,3125.456285323179,69.25701485684141,89903.1,202.58,16.17238444673644,24.346,1.728,30.062,56.136
2008,Denmark,5.475791,62450.03746,-0.4815360944351865,2555.149574859226,5.351540254834523,83538.9,119.58,12.415263255216784,9.564,0.378,23.181,33.123
2008,Estonia,1.33844,34468.50433,-4.615016849024045,3549.739884930531,8.63956582947982,6626.9,246.88,15.23138216365308,2.335,0.08,4.589,7.004
2008,Finland,5.300484,57483.75171,0.7641279011271429,4673.198600259479,3.4848954493309643,97817.0,220.09,21.443074332689545,43.202,0.734,38.626,82.562
2008,France,64.007193,50242.5359,0.29092029779236306,1967.774172593906,129.92472045645513,591059.7,156.79,16.113400652977237,128.644,10.42,293.672,432.736
2008,Germany,82.217837,56394.67128,0.8112233987439321,2706.3492994888984,56.77438064732273,1185936.0,141.56,17.19399612590231,234.966,11.103,281.693,527.762
2008,Greece,11.060937,41694.01,0.017668107145873968,1084.122532263579,292.31132172896463,61018.2,131.87,21.744068771149294,15.485,0.239,40.922,56.646
2008,Hungary,10.045401,29366.6436,0.9618095651050318,2467.81063604242,260.2449941609357,47695.100000000006,168.42,13.556212569175953,9.905,1.194,23.228,34.327
2008,Ireland,4.457765,64052.24487,-3.8316404954427674,2036.0815062516235,4.647737215773508,81439.20000000001,104.16,3.9300473466706802,7.143425000000001,0.054088000000000004,19.477324,26.674837
2008,Italy,59.001769,51798.36846,-0.9594490206442874,1632.1689878589668,231.83949103026316,635992.2,115.23,14.645770355943103,141.646,10.839,156.832,309.317
2008,Latvia,2.19181,28710.35733,-3.107881881875396,3564.7226424951546,13.620002845486106,7692.299999999999,155.6,14.41300012728584,1.685,0.138,4.805,6.628
2008,Lithuania,3.212605,30430.75731,2.4679304170049265,3513.145643735854,24.45567925675234,14676.800000000001,188.84,18.836570493463984,2.795,0.083,6.167,9.045
2008,Luxembourg,0.483799,135336.6658,-0.4735241904951115,2692.214837689964,57.56718646825488,7797.6,134.46,3.6981640055341582,3.60123,0.11328700000000001,2.882828,6.597345000000001
2008,Netherlands,16.405399,63686.14202,2.0394603491031837,2166.669168381155,30.086518755683656,205710.0,165.3,22.99917550393768,41.881571,1.624,64.918,108.423571
2008,Norway,4.737171,86279.15933,0.42648886708458456,4565.571890362699,2.2474260513128126,156008.0,137.98,20.80467784362818,50.656,0.684,60.681,112.021
2008,Poland,38.115641,25570.49023,4.2740586571582195,3126.153285132699,67.44872431380742,166530.9,181.31,17.3462439553591,43.812,3.544,69.833,117.189
2008,Portugal,10.553339,37290.88382,0.37206121229369504,1070.350308801982,346.6999668875656,57828.59999999999,119.53,17.16675580075248,17.617,0.502,30.233,48.352
2008,Romania,20.63546,28485.26382,8.540466319615426,2895.3466679405074,208.86610758314717,86077.3,148.38,14.388339374195674,22.987,1.439,17.387,41.813
2008,Slovakia,5.376064,29542.43846,5.329585122321778,3087.9239372228863,131.2557522657535,33985.600000000006,184.48,21.552879273155106,12.562,0.55,11.653,24.765
2008,Slovenia,2.010269,41263.78752,3.2078496123733258,2617.599294410695,152.09639136899096,18474.2,174.93,16.27829928216455,6.311,0.196,6.299,12.806
2008,Spain,45.668939,44886.63713,1.0871521422401553,1448.931109474002,369.2741800028916,429200.0,126.5,19.356289162218612,94.19,3.12,157.784,255.094
2008,Sweden,9.182927,55787.20167,-1.0926974780616439,4344.269294469715,4.203050796224971,140053.80000000002,172.23,13.098715512073166,57.664,2.372,68.613,128.649
2009,Austria,8.335003,58709.80211,-3.495310257510398,3575.017853008296,31.03755937366854,123379.20000000001,127.41,19.10767575784636,24.029536,3.295073,29.870044,57.194652999999995
2009,Belgium,10.75308,55274.95243,-1.9013754441488784,2327.276131394444,30.229990300825207,115904.0,205.96,27.485645954443253,34.3232,1.6990999999999998,43.331300000000006,79.3536
2009,Bulgaria,7.467119,21234.78814,-3.3808043625235595,2204.55102837733,183.94778641872625,14759.900000000001,222.94,21.731822709163346,8.393,0.467,17.987,26.847
2009,Croatia,4.309796,29020.29935,-6.763000633590643,1863.8619424337392,143.5183770255291,16482.2,144.64,12.526951626973023,3.392,0.267,11.852,15.511
2009,Czechia,10.425783,38008.16072,-4.488436990592803,2936.1866150089913,34.48420662720588,79605.1,196.07,13.864206719844026,21.821,1.651,29.652,53.124
2009,Denmark,5.511451,59022.58926,-4.872815851104095,2409.1439967096057,5.044300015042989,72019.5,118.07,12.024317891626453,8.398,0.395,22.652,31.445
2009,Estonia,1.33574,29619.30378,-14.241844524820468,3230.6387212990303,21.78456209406641,5026.3,225.49,11.066328880700139,1.941,0.09,4.619,6.65
2009,Finland,5.326314,52589.21958,-8.068814871106621,4491.521257964311,15.08578551694944,76932.0,221.18,17.96666116520878,36.164,0.716,40.209,77.089
2009,France,64.350226,48627.01948,-2.6967392859303607,2126.452202704714,62.34711960068621,552517.8,155.77,15.422411710758103,111.722,10.079,296.154,417.955
2009,Germany,82.002356,53480.85218,-5.4153780322422795,2628.6057915439,37.84432460170583,1026942.0,139.62,17.145321638103077,202.021,11.598,283.873,497.492
2009,Greece,11.094745,39871.57074,-4.078693599051297,981.046063891176,276.461936096933,56858.8,131.1,19.67861208886475,14.067,0.232,40.414,54.713
2009,Hungary,10.030975,27429.74124,-6.72972264441003,2305.138410568813,146.7273959514418,39937.7,165.05,9.759875587042785,8.561,1.201,23.388,33.15
2009,Ireland,4.521322,59674.89986,-5.505700182795314,2159.911326863422,3.5501317581551275,77979.8,107.65,2.423414769636719,6.382712000000001,0.044812,18.842203,25.269727
2009,Italy,59.420592,48766.80671,-5.18431666142164,1738.781116093012,159.6970574931419,555097.9,112.77,14.0594681790239,120.607,10.535,158.874,290.016
2009,Latvia,2.162834,24507.38134,-15.767712530953936,3116.547250779031,26.713314825882332,5803.0,178.56,13.17475833604866,1.506,0.121,4.476,6.103
2009,Lithuania,3.183856,26204.60807,-14.6583580572618,3055.9531286391048,30.61927739956054,10814.3,206.63,14.973064718470964,2.43,0.077,5.864,8.371
2009,Luxembourg,0.4935,128565.1301,-3.0986312826316365,2678.4495550745764,27.97112759326621,6115.0,133.75,4.2051959489211805,3.0969279999999997,0.112274,2.9032649999999998,6.112467
2009,Netherlands,16.485787,61035.78156,-3.6919796175826636,2179.137231055961,25.438897215545634,185400.0,169.65,20.29616724738676,36.4758,1.678,66.502,104.6558
2009,Norway,4.799252,83536.28919,-1.9102185127599425,4422.492041641806,1.928574284864076,119336.3,153.27,14.52131541159577,41.289,0.66,65.338,107.287
2009,Poland,38.135876,26167.76734,2.3901347393560535,2823.439378922226,40.26015703858693,148251.0,170.01,16.104423807179277,39.389,3.22,69.696,112.305
2009,Portugal,10.563014,36092.20983,-3.1256585060725484,1136.012068622793,249.9949130340573,54362.1,121.47,17.41835386647823,16.173,0.483,31.199,47.855
2009,Romania,20.44029,27138.99296,-5.627299883621129,2632.169126348798,152.16839415176824,71912.6,136.04,10.826654906552715,18.183,1.383,18.041,37.607
2009,Slovakia,5.382401,27878.85201,-5.519938508744627,2880.712167840692,56.511012657030584,28166.5,177.86,19.33025035879445,10.768,0.503,11.827,23.098
2009,Slovenia,2.032362,37763.91568,-7.475910217627513,2521.449578529696,67.50857417815074,15958.9,169.24,15.056282126358253,4.966,0.156,6.171,11.293
2009,Spain,46.239273,42837.16588,-3.374059158040066,1543.7349461850235,270.83978812291065,387457.0,123.24,17.987280640410706,76.796,2.985,159.997,239.778
2009,Sweden,9.256347,53007.45601,-4.223077257101126,4115.260528375038,3.74557096647323,113047.2,166.77,11.421582833891701,51.431,2.438,69.517,123.386
2010,Austria,8.351643,59595.26217,1.7108489645246472,3913.126160608797,26.59203016372892,126601.29999999999,131.9,19.539251193245867,26.076846,3.2127440000000003,30.644606,59.934196
2010,Belgium,10.839905,56252.04416,2.5894096750721296,2814.2015789360894,38.28586924975214,122733.2,207.74,27.337446108939623,39.8529,1.7518,43.722699999999996,85.3274
2010,Bulgaria,7.421766,21707.49126,1.6051888359731814,2287.3527890938713,150.78000034215128,13551.5,215.13,20.86306718728962,7.818,0.399,18.886,27.103
2010,Croatia,4.302847,28698.16467,-1.2694797873633812,2098.3590977285135,102.94106672082862,15783.3,144.72,11.563575325220311,3.478,0.267,12.117,15.862
2010,Czechia,10.462088,38893.27089,2.6850696300418697,3488.360840143502,33.04197872686563,85305.2,203.65,12.696955929123128,21.793,1.629,30.801,54.223
2010,Denmark,5.534738,59689.08318,1.5565098590614168,3208.92438164561,14.407912598779909,73624.7,116.29,11.546494544383302,8.514,0.404,23.14,32.058
2010,Estonia,1.33329,30320.92583,2.181036183120688,4183.829609608942,34.23203753413074,5569.9,281.81,12.749161239392144,2.095,0.089,4.724,6.908
2010,Finland,5.351427,54006.78119,3.1797349569230082,5247.221929863136,37.59157294405241,81326.0,233.99,21.918961913971117,40.36,0.74,42.405,83.505
2010,France,64.658856,49288.26344,1.8459599597082654,2428.113363277318,59.84599180285258,556348.5,153.87,15.23788029381815,117.444,10.037,316.608,444.089
2010,Germany,81.802257,55762.97983,4.0127576143409005,3215.8354401072256,47.611261956411326,1189024.0,138.7,15.97173701250775,228.505,12.08,291.438,532.023
2010,Greece,11.119289,37552.83478,-5.607155281718756,977.17251437243,309.3246395544857,51626.3,132.5,21.764430472878068,14.142,0.183,38.795,53.12
2010,Hungary,10.014324,27785.40531,1.1284884305160947,2662.415882683672,102.95093314144864,43172.5,161.94,10.092987965285971,9.784,1.106,23.317,34.207
2010,Ireland,4.549428,59856.34894,0.9275851441647998,2302.400225850892,3.295857454333724,71697.70000000001,102.05,2.296088803349127,6.5968230000000005,0.045562,18.757174,25.399559
2010,Italy,59.690316,49294.08361,1.5400522499353198,1886.0285455717924,153.56083808690758,574890.7,113.53,14.625608987618632,127.868,10.666,160.779,299.313
2010,Latvia,2.120504,24113.31148,-3.5336479884609306,4077.7944181087273,30.91410513399979,5799.4,177.24,16.047994000749906,1.59,0.126,4.499,6.215
2010,Lithuania,3.141976,26874.22379,1.2063371020871294,3934.2965480208104,33.675528659890524,11928.3,155.32,16.161033074637075,2.654,0.076,5.602,8.332
2010,Luxembourg,0.502066,130947.375,3.6208756815150567,3144.5847164071665,39.262841046747525,6769.2,133.95,3.818026403267167,3.6253670000000002,0.119607,2.847997,6.5929709999999995
2010,Netherlands,16.574989,61493.02976,1.2942855650925011,2717.6498027959383,37.30203411720771,184711.0,175.51,20.69958782246129,39.102048,1.756,66.784,107.64204799999999
2010,Norway,4.858199,83160.52859,0.7729118019718317,5102.422100485647,8.171032845125195,139761.4,153.21,16.396764495822744,44.524,0.571376,68.473454,113.56883
2010,Poland,38.022869,27111.66908,3.3000999287217336,3514.476209967499,44.1672128695663,165531.1,168.39,15.72325535167148,41.452,3.338,73.9,118.69
2010,Portugal,10.573479,36702.50301,1.791675057441311,1162.0229717202349,202.8972403672961,56689.6,113.71,17.863810223111663,17.468,0.475,31.945,49.888
2010,Romania,20.294683,26234.39214,-4.021823052290586,2823.1183207140266,99.65046254416556,79120.3,131.65,10.547881214547882,20.381,1.355,19.581,41.317
2010,Slovakia,5.39041,29744.25032,6.849843328106542,3341.220852265445,51.82909160246039,32365.4,177.88,17.122915463777467,10.927,0.538,12.67,24.135
2010,Slovenia,2.046976,38050.44275,1.4832530065886251,2840.5148975648644,44.69197466794216,15807.5,170.02,15.237415774871188,5.487,0.173,6.285,11.945
2010,Spain,46.486619,42697.97938,0.20826819351875692,1647.8299047469798,212.20978043565623,367308.0,123.53,19.00831968993284,73.49,3.222,168.09,244.802
2010,Sweden,9.340682,55414.31841,5.493085319418678,5017.514829967739,19.81275836287715,144406.2,175.99,13.82137380398707,54.386,2.404,74.427,131.217
2011,Austria,8.375164,61211.20946,3.000806300695058,3210.1926067329277,121.75155427416853,132517.2,122.51,19.47015380189347,26.642251,3.126274,30.125426,59.893951
2011,Belgium,11.000638,56600.73339,2.111850546175309,1870.6728932049257,92.93620543960247,127642.5,186.84,28.694341992321696,39.259699999999995,1.7094,42.0897,83.0588
2011,Bulgaria,7.369431,22303.77659,2.0223847647901305,2380.891458564854,290.8474037001265,15851.8,223.53,21.513849529207423,8.422,0.367,19.632,28.421
2011,Croatia,4.289857,28769.27049,-0.05486983146386626,1764.546672414266,315.9149262533923,16092.2,137.35,10.993282149712092,3.349,0.261,12.125,15.735
2011,Czechia,10.486731,39658.45177,2.2075661012681103,2642.942888127086,171.33230426397617,91899.20000000001,190.73,12.992804965123304,22.494,1.606,29.551,53.651
2011,Denmark,5.560628,60223.42494,1.3671688848693409,2232.7482002347874,23.810998581250963,76458.0,106.47,11.984187632259582,8.648,0.397,22.614,31.659
2011,Estonia,1.32966,32632.53113,7.330779933963472,3111.193697257532,43.28752935842451,6679.9,244.11,12.415859464784107,2.046,0.08,4.501,6.627
2011,Finland,5.375276,55042.4862,2.3719347490574805,4348.1782099335915,24.410922269406424,81818.0,217.27,23.37365050886256,39.241,0.73,40.143,80.114
2011,France,64.978721,50274.98831,2.506546823631828,1729.718327692072,138.13404500859474,577261.2,146.4,16.06694737733015,119.173777,10.527757,294.790665,424.492199
2011,Germany,80.222065,57908.6261,1.8417465151209012,2242.330954377746,140.6238908972246,1274633.0,124.64,15.437677971191732,234.234,12.107,278.536,524.877
2011,Greece,11.123392,33893.92254,-9.710067050113135,1090.6966936863796,358.60290861911204,45838.7,142.46,21.371964826363346,14.64,0.184,36.97,51.794
2011,Hungary,9.985722,28398.32644,1.9139991333711137,2206.724766567573,369.550196827554,44461.5,152.54,10.041325386960725,9.878,1.117,23.545,34.54
2011,Ireland,4.570881,60647.81936,1.8000722191179097,1822.8775039411623,3.154266180729151,77730.2,90.17,2.113375174572193,6.073761999999999,0.045579999999999996,18.755442,24.874784
2011,Italy,59.948497,49465.40679,0.7815906652611115,1575.0556262044674,271.6045456333248,586252.8,106.69,14.442040689634265,128.076,10.793,162.959,301.828
2011,Latvia,2.074605,25309.63726,2.6893462370427113,2992.9955724155807,68.60552684853796,6389.3,160.68,16.087782961810955,1.67,0.124,4.397,6.191
2011,Lithuania,3.052588,29226.32005,5.658279802692356,2855.4425898888944,96.4875205684007,14492.3,146.14,17.384190432625488,2.768,0.074,5.738,8.58
2011,Luxembourg,0.51184,129271.1057,0.6417262750768593,2228.5105803406695,84.41098163862776,6904.799999999999,125.22,4.095816151600797,3.576294,0.129472,2.778524,6.48429
2011,Netherlands,16.655799,62294.50156,1.7972500941503045,1729.9660132867982,82.40449143073141,193014.0,163.29,20.797995955693718,39.01068,1.741,67.014,107.76567999999999
2011,Norway,4.920305,82993.53112,1.0749944397474342,4323.639498506453,6.100087366593519,161489.3,125.45,16.12497999679949,44.195,0.546511,63.228075,107.96958599999999
2011,Poland,38.062718,28526.23945,5.327841085306417,2555.5234591776248,178.4105814209428,176611.90000000002,157.38,17.027216315096066,44.132,3.317,74.043,121.492
2011,Portugal,10.572721,36068.69669,-1.7339200035951463,921.3072242905092,213.50936158929872,54060.399999999994,115.37,17.497634507652176,16.957,0.404,31.003,48.364
2011,Romania,20.199059,27548.67686,4.514995123987986,2626.487266788584,312.38762347814907,91597.4,126.67,8.942928620380329,21.083,1.424,20.207,42.714
2011,Slovakia,5.392446,30467.1158,2.4689583362608847,2717.857628639085,221.37536642679203,33908.3,169.49,16.10357741441391,11.241,0.536,13.035,24.812
2011,Slovenia,2.050189,38224.8763,0.616109932379838,2344.7087915447755,192.71285653786953,16458.4,165.54,15.718938624275383,5.864,0.164,6.472,12.5
2011,Spain,46.667174,42267.00319,-0.6248779682117234,1282.2702126297384,265.0699767363018,353615.0,123.85,18.687817958549484,73.451,3.99,166.068,243.509
2011,Sweden,9.41557,56763.74668,3.256425563738019,3978.16312276748,23.583029797140025,157958.90000000002,168.37,14.03479234033703,53.802,2.64,68.186,124.628
2012,Austria,8.408121,61332.62624,0.5926463647233149,3450.497019014299,58.675375520836,136976.5,117.43,18.652918974524184,26.881871,3.064395,30.879093,60.825359
2012,Belgium,11.075889,56370.48748,0.27448801503699993,2141.97352693644,47.94976058428611,126533.6,173.29,27.18126767898537,38.279300000000006,1.6396,42.6402,82.5591
2012,Bulgaria,7.327224,22728.86991,1.3222786903516415,2253.4836952324117,229.9249387762739,16663.199999999997,209.55,19.73254286387981,8.267,0.302,19.276,27.845
2012,Croatia,4.275984,28254.5724,-2.10666015678469,1823.3878152430943,207.8995394314184,15504.2,128.34,10.933016721084398,3.039,0.249,12.062,15.35
2012,Czechia,10.505445,39339.53272,-0.6271451233906267,2933.3758699822056,59.50596870654483,88963.1,189.07,12.644376386814821,22.377,1.614,29.893,53.884
2012,Denmark,5.580516,59998.72682,-0.016784510288081478,2443.8403852557803,4.351942816000874,78983.8,101.1,12.61529285877173,8.543,0.385,22.253,31.181
2012,Estonia,1.325217,33939.4764,3.657509765386169,3382.6113151448867,2.0948734260610435,6964.9,221.57,10.251404438423842,2.187,0.079,4.712,6.978
2012,Finland,5.401267,53946.71395,-1.5168726645655606,4488.346500345147,2.7732136426897487,76052.0,210.56,22.82705327224236,38.165,0.737,41.823,80.725
2012,France,65.276983,50149.94238,0.20914926634734154,1834.605717306556,147.74404567846705,578779.4,146.48,15.173719696955533,119.710048,10.713790000000001,313.37346,443.797298
2012,Germany,80.3279,58175.77033,0.5938564218958442,2550.509946093269,47.23431004057831,1304250.0,124.21,15.329840692825831,230.592,12.025,281.907,524.524
2012,Greece,11.072725,31238.76638,-8.253540426215178,1004.3744025437088,317.0935130672839,42638.3,147.18,18.53558560047602,11.573,0.189,40.255,52.017
2012,Hungary,9.931925,28182.24861,-1.2955223076947853,2297.5909835634916,213.62267148630747,43534.899999999994,145.71,10.134667387777176,14.802,0.983,19.219,35.004
2012,Ireland,4.589287,59948.98711,-0.7542397784421118,1948.3399091185145,1.6383308141815254,77129.70000000001,89.32,2.0160277236300628,6.24316,0.045469,18.541741000000002,24.83037
2012,Italy,60.105185,47788.59935,-3.1373478752452666,1634.2550810110351,259.0894388201176,564216.5,103.5,14.000970363841931,120.323,10.759,165.66,296.742
2012,Latvia,2.044813,27494.77026,7.0735869186851374,3273.483101885483,5.57067080775513,7068.0,155.2,14.016794683010309,1.993,0.129,4.726,6.848
2012,Lithuania,3.003641,30905.07258,4.0484136560954065,3140.424458976346,12.294472311364505,15579.7,139.02,16.681169228785976,2.908,0.075,5.938,8.921
2012,Luxembourg,0.524853,128391.2694,1.8444789060383826,2513.6174007265577,45.78374039795008,6971.200000000001,117.73,3.4481132075471694,3.206788,0.128729,2.900443,6.23596
2012,Netherlands,16.730348,61454.04756,-0.9076152195948151,2008.4186757665152,30.39922008194041,193411.0,160.17,19.94624224212132,34.959343000000004,1.763,67.49330499999999,104.215648
2012,Norway,4.98587,84128.24405,2.717988801605964,4537.081395504301,2.416044594258756,177618.5,126.6,14.499336870026525,43.492,0.622396,66.50469199999999,110.619088
2012,Poland,38.063792,28987.22967,1.6188889583639732,2834.5475734527595,37.62860403959765,181365.5,146.81,16.4476831056247,44.714,3.2,74.255,122.169
2012,Portugal,10.55895,34749.2737,-3.783568983026664,838.4734583868114,324.60291270401746,51340.399999999994,111.71,16.08612649829437,15.932,0.401,29.908,46.241
2012,Romania,20.095996,28195.52127,1.8257883387004847,2647.278365174875,183.6048144866158,77602.8,119.29,13.341362372817315,20.405,1.228,20.753,42.386
2012,Slovakia,5.404322,30898.62711,1.6396714360437548,2906.290973011991,95.65988999295888,34906.8,160.33,15.525945933213464,11.908,0.56,11.469,23.937
2012,Slovenia,2.055496,37039.52405,-2.8501698313635804,2407.056358214192,118.66047420565248,16453.8,160.32,15.397653775815154,5.922,0.159,6.348,12.429
2012,Spain,46.818219,41044.54829,-2.5779171743255835,1233.0455036122737,359.5061164061539,327480.0,124.88,18.03280152133349,72.466,3.915,163.867,240.248
2012,Sweden,9.482855,56309.9669,-0.09051686138354942,4169.281377140707,4.3381733027814535,159097.7,164.88,14.109960900208366,54.077,2.685,70.524,127.286
2013,Austria,8.45186,60789.93037,-0.36924389943859826,3471.437131063439,53.9525308722292,138357.1,117.36,18.51693442267897,26.880596,3.10679,31.163508,61.150894
2013,Belgium,11.137974,56279.22483,0.39773648071557144,2290.1946850710847,71.43271718691555,128564.3,177.29,27.33848650444116,37.7785,1.725,42.7603,82.2638
2013,Bulgaria,7.202556,22936.65066,-0.8028186087797873,2237.8827397940413,221.09466500991644,15255.300000000001,196.72,17.896854221377886,8.511,0.277,18.744,27.532
2013,Croatia,4.247803,28395.38993,-0.1639491584502495,1810.645987615558,210.39514644564687,14836.300000000001,124.87,10.936255332707862,3.148,0.238,11.686,15.072
2013,Czechia,10.516125,39343.40976,0.11152691405384996,3014.8293791590577,72.6620248209215,86873.29999999999,184.59,12.568618972483684,21.286,1.592,30.339,53.217
2013,Denmark,5.602628,60590.54339,1.3865260387162737,2567.8457432711866,22.219251893727016,81841.1,99.49,11.507201797265573,8.359,0.386,22.361,31.106
2013,Estonia,1.320174,34657.8022,1.7278949437230517,3463.7995178314313,33.40162605601727,7326.5,237.74,10.464310464310463,2.156,0.063,4.601,6.82
2013,Finland,5.426674,53173.39664,-0.9698369494015591,4463.962796546367,24.544283598757616,77210.0,208.04,23.24910231886976,38.705,0.734,40.522,79.961
2013,France,65.60035,50359.63757,0.9155845580662181,1978.5255650923416,130.05546087721626,589952.8,142.52,15.520698266063988,118.137069,10.832804,321.948517,450.91839
2013,Germany,80.523746,58312.78198,0.4798956462225279,2695.359966362334,86.00076070475191,1308204.0,124.72,15.056901440279088,227.85,11.925,282.535,522.31
2013,Greece,10.980006,30751.14958,-2.385228056344235,1016.6021267832224,313.6806310163707,40689.700000000004,128.6,19.189499282008356,11.366,0.267,37.158,48.791
2013,Hungary,9.89525,28873.94963,2.0760585684513666,2378.1260486901965,189.93264550684663,44731.0,136.49,10.739557238414509,14.84,1.227,18.806,34.873
2013,Ireland,4.609779,61528.68137,3.093348340101665,2029.6148018176937,4.903234676323054,78496.7,82.65,2.505739154359608,6.464905,0.042461,18.354251,24.861617
2013,Italy,60.277309,46826.11662,-1.7334388998463068,1601.7678603524528,249.16368700567915,557057.1,101.17,13.759997202733253,114.981,10.775,161.642,287.398
2013,Latvia,2.023825,28361.69759,2.0942976226176357,3424.6690318142414,45.657669665935344,7111.3,148.26,10.745466756212222,1.808,0.124,4.644,6.576
2013,Lithuania,2.974637,32458.61724,4.012658906609112,3324.7181160107502,61.62944574683681,15793.800000000001,125.1,15.41371081638285,2.986,0.074,5.895,8.955
2013,Luxembourg,0.537039,129073.9093,2.865824799030081,2628.5177451878717,68.77817170187701,7362.9,109.65,3.8729874776386404,3.051146,0.136069,3.0113220000000003,6.198537
2013,Netherlands,16.779575,61282.6318,0.014483795701125679,2198.2203689917264,56.56400040740215,188590.0,153.25,19.461185081367283,34.790587,1.75,68.011277,104.551864
2013,Norway,5.051275,83962.67892,1.1124246325252996,4549.990779617538,9.220983822593166,171446.19999999998,130.57,14.048140206400113,43.348,0.62717,67.458659,111.433829
2013,Poland,38.062535,29208.32623,0.759410268124272,2988.889739983356,72.97809003568568,172594.90000000002,146.99,15.913647258440475,47.29,3.156,73.111,123.557
2013,Portugal,10.503889,34595.95935,-0.9603637280303223,1053.7577532661865,350.95815972078407,51967.8,109.15,15.700896701960586,15.993,0.301,28.963,45.257
2013,Romania,20.020074,28375.24221,0.2572047678914835,2647.9015862579,175.39774183000804,74738.20000000001,112.42,11.044855666570918,18.823,1.126,20.679,40.628
2013,Slovakia,5.410836,31077.09119,0.6988086519197356,2953.8649571074748,90.9546378453465,33308.8,159.09,14.647065442795828,11.785,0.567,12.732,25.084
2013,Slovenia,2.058821,36684.83416,-0.7973859824190521,2467.564441000584,107.08798487186166,16689.1,155.27,15.496178786475218,5.878,0.154,6.447,12.479
2013,Spain,46.71265,40604.78463,-1.294501206720955,1381.2545633952586,362.14186965662265,316867.0,116.64,17.095558546433377,70.828,3.819,155.44,230.087
2013,Sweden,9.555893,56453.47737,1.0270320515546771,4213.4451068521885,23.833888013956887,155456.8,161.22,14.29475726172852,52.014,2.75,70.252,125.016
2014,Austria,8.507786,60850.93231,0.7627132674719039,3462.037774390106,32.3345740631637,141858.0,111.2,19.054249602103777,26.93967,3.064586,30.194812000000002,60.199068
2014,Belgium,11.18084,57017.36721,1.7014829815561239,2241.2400900876055,17.423077905173564,130408.1,162.67,28.36058721602226,37.9435,1.5582,40.9818,80.4835
2014,Bulgaria,7.117453,23437.34948,0.9756041414136885,2185.964491834811,260.9322156372484,15691.699999999999,196.85,18.63336306868867,8.706,0.306,18.662,27.674
2014,Croatia,4.217632,28454.42104,-0.5038598696071261,1835.2353049558217,153.88670924160283,14783.1,119.28,11.13889923553096,3.291,0.231,11.311,14.833
2014,Czechia,10.512419,40221.27656,2.1952656818831073,2844.667883597642,35.74280647822119,90616.8,170.08,13.237926783512892,22.13,1.559,29.527,53.216
2014,Denmark,5.627235,61037.77196,1.1805625651926999,2374.327056580079,3.4582440583423653,82968.2,93.34,12.409978646282513,8.214,0.385,22.176,30.775
2014,Estonia,1.315819,35844.61975,3.0832106446017526,3336.210501352917,14.964201660491373,7752.7,212.97,10.262722892413745,2.117,0.05,4.739,6.906
2014,Finland,5.45127,52691.27932,-0.4575558358246523,4504.194347873172,6.447394227771644,77534.0,211.78,23.220226214238192,38.173,0.724,40.254,79.151
2014,France,66.16598,50614.11631,1.3719161484399445,2046.3400450555132,40.22713055956278,592774.5,134.92,15.655937574532919,117.114065,10.545144,297.742985,425.402194
2014,Germany,80.767463,59326.31788,2.0460278436744916,2563.2181749476813,27.27851551201392,1375727.0,114.62,15.03805499646775,232.862,11.523,267.372,511.757
2014,Greece,10.894294,31202.03481,0.6741739992354168,949.3090342213676,377.8806285163679,38625.8,125.23,19.847395002077,12.869,0.343,36.288,49.5
2014,Hungary,9.850217,30247.06523,4.278812168958779,2208.112971005412,157.16904267519888,47968.8,131.04,11.605500145250314,14.696,1.156,18.885,34.737
2014,Ireland,4.637852,66566.19007,8.8461001842854,2009.0186480451337,2.556114472892874,88292.2,77.13,2.805351088848844,6.538145999999999,0.040346,18.235984000000002,24.814476
2014,Italy,60.345917,46818.40812,0.09733990428157924,1665.8571091687952,191.05465827632608,556577.3,95.73,13.904225760318313,112.918,10.463,158.117,281.498
2014,Latvia,2.001468,29225.37908,1.9069082105102275,3264.8186107012366,22.812618955943904,6955.299999999999,142.68,11.875528360371966,1.667,0.117,4.798,6.582
2014,Lithuania,2.947862,33958.31951,3.6786536211913523,3112.911043696549,30.435047200129823,16431.4,119.93,15.348316025377986,3.119,0.063,6.055,9.237
2014,Luxembourg,0.54968,129365.1314,2.5847678909267424,2620.7697195829983,14.298558947639869,8047.900000000001,100.56,4.132636393335511,3.0770560000000002,0.129863,2.9750900000000002,6.182009
2014,Netherlands,16.829289,62046.66246,1.5467034346926312,2070.7432381498365,16.953172329518253,185565.0,146.22,19.368318311448657,33.173622,1.716,66.688502,101.578124
2014,Norway,5.109056,84731.60617,2.0701615833348397,4329.788624660507,1.7925011407791656,158398.3,121.29,15.618595047595914,44.446,0.652869,63.92646,109.025329
2014,Poland,38.017856,30349.16301,3.783893571280994,2719.224782929051,45.6752520316331,191455.2,136.87,16.463717280290105,47.585,3.007,74.754473,125.346473
2014,Portugal,10.444092,35034.3593,0.6907015075134915,1086.6235132414122,245.32319765347737,53387.5,108.75,14.817704396842192,15.395,0.302,29.498,45.195
2014,Romania,19.947311,29650.32225,4.113853458417949,2518.6075305064196,194.19499766079963,81410.90000000001,107.55,10.60101223763807,19.855,1.062,20.988,41.905
2014,Slovakia,5.415949,31885.91511,2.699592089292202,2761.254617725845,68.07540068331706,37078.399999999994,142.69,13.501571507096447,12.237,0.574,11.346,24.157
2014,Slovenia,2.061085,37657.18062,2.763421238603292,2453.9109523043385,61.44100923613032,17672.5,146.31,16.47452533806857,6.057,0.136,6.266,12.459
2014,Spain,46.495744,41353.6313,1.3713280286698826,1494.076935111692,271.47903554979285,320694.0,112.14,17.133880044460394,71.657,3.906,151.334,226.897
2014,Sweden,9.644864,57239.9882,2.337232252787702,4024.5619132340175,4.2857324564126715,150959.5,156.79,14.9974042886431,50.73,2.615,68.846,122.191
2015,Austria,8.584926,61005.76372,1.163449690615237,3839.3481155820978,70.7780240224497,146268.7,109.58,19.913300285495346,27.2847,3.1634450000000003,30.705908,61.154053
2015,Belgium,11.237274,57524.33112,1.3983657505299396,2453.6694543570275,39.925056164759,133157.09999999998,159.32,28.990094535622717,38.093900000000005,1.5735999999999999,41.3867,81.0542
2015,Bulgaria,7.02969,24543.65957,3.429014874002867,2540.951872572706,194.95977449164343,17247.0,197.78,19.84652109133437,9.033,0.352,18.941,28.326
2015,Croatia,4.180915,29465.21949,2.650857502549009,2194.9760941307422,270.6435504853962,15060.0,120.01,11.263181512227957,3.429,0.245,11.669,15.343
2015,Czechia,10.538275,42227.28679,5.245659153830573,3299.3866939987315,80.3229488998631,97625.20000000001,162.66,13.746976371843875,22.645,1.609,30.223,54.477
2015,Denmark,5.659715,61893.39724,1.9870803368845502,2770.088823417985,4.95581432230236,87235.1,90.23,12.711141192395974,8.363689,0.397,22.048305,30.808994
2015,Estonia,1.31487,36734.8645,2.409708059058735,3837.6205237357744,27.31745928359983,7725.8,182.75,11.000348553502963,2.059,0.047,4.746,6.852
2015,Finland,5.471753,52763.22092,0.5127944947032947,4724.331159743634,12.486078794400136,80178.0,197.96,24.808462894694664,37.893,0.706,39.898,78.497
2015,France,66.458153,50886.65922,0.9824257598660235,2180.033468287337,115.13523835845189,606626.0,133.92,15.961426640320763,115.907879,10.701378,308.42238000000003,435.031637
2015,Germany,81.197537,59642.71864,1.0686468522096204,2890.3986719137074,71.12754803633572,1420394.0,112.36,15.298110718795492,228.825,11.148,274.975,514.948
2015,Greece,10.818041,31336.40509,-0.272303567631782,1150.8087050941388,276.91512211378085,39868.1,124.97,19.581150392585563,12.668,0.388,37.731,50.787
2015,Hungary,9.815858,31466.96227,3.6702260437498024,2637.464446870083,272.8282165334642,52589.3,132.81,12.803658814656306,15.403,1.171,19.717,36.291
2015,Ireland,4.677627,80686.67286,22.252235365390028,2062.4582773040374,1.1669700031870185,199669.1,59.25,1.1175424801927516,6.618385,0.04405,19.126382000000003,25.788816999999998
2015,Italy,60.295497,47304.51116,0.953854190417669,1954.098276420625,263.3395273249261,574693.6,97.36,13.722565828522097,112.665,10.856,163.962,287.483
2015,Latvia,1.986096,30590.90265,3.8684676830658127,3702.8607803589016,42.43009263490931,7272.7,135.06,11.454976119287073,1.703,0.106,4.652,6.461
2015,Lithuania,2.926644,35233.90404,3.0095110645083523,3580.155769240199,50.46352545962677,16550.2,120.24,14.868005205428519,3.313,0.067,5.962,9.342
2015,Luxembourg,0.562958,129742.2102,2.7141124122498805,2857.9567134562944,61.230810532558195,9214.5,94.58,3.518942968855332,3.146099,0.138317,2.9393119999999997,6.223728
2015,Netherlands,16.900726,63067.73425,2.077117100034287,2268.6367767972224,28.641900524757,192718.0,142.48,19.26491727500775,34.276665,1.8062529999999999,67.482262,103.56518
2015,Norway,5.165802,85424.02707,1.9369641126279813,4621.799544194393,1.1790155157201831,136187.1,117.68,17.21368320887699,45.012,0.7957380000000001,65.724128,111.531866
2015,Poland,38.005614,31686.49982,4.372883522184945,3218.5266230335073,89.54125034154364,210461.69999999998,130.28,16.86055793575809,49.482,3.107,75.22962,127.81862
2015,Portugal,10.395121,35720.81582,1.4813064469192172,961.0138237739354,328.9909286073369,57127.9,109.88,15.198380198380198,15.481,0.308,30.023,45.812
2015,Romania,19.870647,30731.74861,3.2489166650066625,2894.653662215008,213.34369185450072,81779.09999999999,103.59,11.88285707229124,20.525,1.082,21.423,43.03
2015,Slovakia,5.421349,33513.20716,5.208276322121663,3209.3477289735756,145.27220508080205,39192.1,143.32,14.592405130204376,11.605,0.602,12.164,24.371
2015,Slovenia,2.062874,38530.43815,2.4077786181153638,2815.0030416252607,163.15674386458903,18327.3,141.3,16.594085147871304,6.199,0.152,6.437,12.788
2015,Spain,46.425722,43078.1015,4.013178707726417,1442.9660226111805,323.3344799720255,336318.0,110.9,17.453980556576354,76.055,3.978,152.005,232.038
2015,Sweden,9.747355,58970.26866,4.117623349411814,4410.456472748003,6.243114137462929,162985.59999999998,142.19,13.596431320433936,50.281,2.595,71.983,124.859
2016,Austria,8.700471,61543.50625,2.2392310910677837,3126.819044175284,69.85649263632347,155001.5,107.58,19.816740346086398,28.15433,3.206605,30.777257000000002,62.138192000000004
2016,Belgium,11.311117,57918.03345,1.3460330926298614,2042.0769339169608,111.11978934037036,134309.5,165.7,27.72577952911944,38.3633,1.6262,41.412,81.4015
2016,Bulgaria,6.938759,25616.92488,3.0227898275033693,2082.915059885494,211.04201638275833,18945.7,184.91,19.455363755483393,9.083,0.354,19.461,28.898
2016,Croatia,4.131115,30818.02739,3.345388653425685,1609.715535910096,242.79122355754376,15772.0,116.6,11.130519957554485,3.426,0.251,11.623,15.3
2016,Czechia,10.553843,43256.44512,2.588516489126902,2785.1480420461544,99.09275975098232,101731.9,155.73,12.820259825686565,23.006,1.636,31.21,55.852
2016,Denmark,5.707251,63279.78315,3.0986720632143028,2648.7814476139456,24.313962763077036,93633.4,89.31,12.526009155222638,8.420997,0.44727,22.225984,31.094251
2016,Estonia,1.315944,37771.38174,2.9056029648875104,3823.2533426085593,30.68950677723558,8175.4,215.5,11.668874172185431,2.152,0.048,5.099,7.299
2016,Finland,5.487308,53974.49901,2.586490724424517,4974.219841189611,20.739694915484677,82456.0,200.76,24.097067236664255,38.503,0.708,41.742,80.953
2016,France,66.638391,51066.73474,0.626040676495565,1759.9534169201538,150.2235610468319,605014.7,129.62,15.467695980422233,117.705933,10.520408,314.517017,442.743358
2016,Germany,82.175684,60472.09987,2.611985276553974,2475.5800936293226,108.84750968549947,1488529.0,109.47,14.890707240750707,230.574,11.738,275.242,517.554
2016,Greece,10.735415,31457.05693,-0.3816990861561953,895.3686301803087,315.6851642652448,39099.2,123.24,19.720301474851173,11.285,0.186,41.892,53.363
2016,Hungary,9.779652,32359.8343,2.4581721286094593,2173.887270726822,267.61891013130776,52474.2,133.58,13.40537127019489,16.002,1.177,19.973,37.152
2016,Ireland,4.726286,81197.9328,1.6804772458803408,1896.698806379128,18.209171885782624,190796.8,62.63,1.3836790957489937,6.850338,0.049664,19.477379,26.377381
2016,Italy,60.163712,47980.43611,1.207192250487621,1457.4514243436993,258.8227038721257,602266.3,92.57,14.079203896994292,113.257,11.162,161.608,286.027
2016,Latvia,1.968957,31659.27411,2.5993610229767317,3688.03509874699,41.92158651599193,7277.1,134.01,11.588365157442194,1.667,0.105,4.71,6.482
2016,Lithuania,2.895573,36600.0777,2.774615559663496,3565.6027998485165,64.37261932250055,16617.1,122.24,14.4435759498521,3.417,0.072,6.261,9.75
2016,Luxembourg,0.576249,132783.762,4.760573302626092,2346.7782632871417,101.58245525114624,10056.099999999999,91.43,3.1775758320029475,3.431906,0.138232,2.796343,6.366480999999999
2016,Netherlands,16.97912,64252.71184,2.3514618763158524,2033.3070232139592,88.145291612647,196111.0,143.19,20.239383283743575,35.472765,1.9212449999999999,67.134692,104.52870200000001
2016,Norway,5.213985,85659.75459,1.2112540619985124,4742.760032012883,7.857655161855289,118890.6,137.13,17.869279315062446,46.058741999999995,0.851971,67.62385400000001,114.534567
2016,Poland,37.967209,32716.49981,3.146260051022143,3008.030006563659,115.05520452090136,209333.3,134.68,16.80918169546609,51.21,3.287,78.3415,132.8385
2016,Portugal,10.368554,36525.8002,1.9922129746489547,885.9591500389395,263.2014116438521,59067.3,107.18,15.65408683763081,15.643578,0.43164800000000003,30.318334999999998,46.393561
2016,Romania,19.760585,31796.4603,2.89145121518688,2551.4591830732543,204.9889662057413,84160.1,97.28,10.976753017123736,20.817,1.048,21.392,43.257
2016,Slovakia,5.426252,34112.75458,1.881045177598395,2833.5879754260955,141.15285208590356,37903.4,150.91,15.641183001082604,12.085,0.607,12.295,24.987
2016,Slovenia,2.064188,39673.94196,3.0333813767359885,2197.452887890883,137.75376311812184,19138.6,142.06,15.983940704138359,6.234,0.166,6.625,13.025
2016,Spain,46.418884,44293.06294,2.8052247318848478,1244.988235029944,302.0019077619076,345273.0,108.28,17.91440372044619,77.899,3.902,150.714,232.515
2016,Sweden,9.851017,59514.36102,1.9959562254369567,4582.58088763537,22.377564123499095,164775.59999999998,147.74,13.642113860825424,50.289,2.664,74.543,127.496
2017,Austria,8.772865,62628.32939,2.609429837633259,3478.592940665917,28.795109027410312,158836.8,106.98,19.43349223147307,28.282874,3.263199,31.53665,63.082723
2017,Belgium,11.351727,58544.69092,1.4448848722721674,2266.2686348385405,18.89165685899797,140118.4,162.79,28.681343174046898,38.5839,1.7042,41.062,81.35010000000001
2017,Bulgaria,6.849518,26671.12263,2.776188852970285,2023.9997206199257,205.3173232324673,19955.0,182.33,20.61301016249117,9.73728,0.37758800000000003,19.793756000000002,29.908624
2017,Croatia,4.078769,32344.70125,3.623947474182998,1761.740998091008,128.9000343931687,16332.6,114.81,10.577418398089321,3.6069,0.26739999999999997,12.1044,15.9787
2017,Czechia,10.57882,45536.43243,5.5199982605486975,2946.8008416324683,33.02243980393672,109026.70000000001,151.79,13.079684009042094,23.902485000000002,1.697558,31.807169000000002,57.407212
2017,Denmark,5.748769,64802.72024,3.1516405735117825,2589.5068117221153,4.998090141529037,98426.9,84.08,12.627580986191234,8.572702,0.43924599999999997,22.061521,31.073469
2017,Estonia,1.315635,39787.43172,5.31277200961584,3726.373518855676,9.890463185842552,8880.7,199.66,12.228729963008634,2.281,0.046,4.905492000000001,7.232492000000001
2017,Finland,5.503297,55627.39409,3.362667639257566,5041.048727291133,9.008657138629932,89534.0,193.66,24.76915506411555,38.709,0.775,41.555,81.039
2017,France,66.809816,52024.92533,2.138423282624924,1941.0242507288467,60.34150743376198,613216.0,126.16,16.112012987012985,116.738123,10.57951,312.047776,439.365409
2017,Germany,82.521653,62058.57909,3.055546141741816,2606.7263362028652,30.023575069396,1535502.0,105.49,14.885674567089387,232.227,11.957,274.769,518.953
2017,Greece,10.707527,31983.65277,1.4098905740663081,858.3221155418341,313.75165698267904,38245.7,125.21,21.344846256073467,12.284003,0.18809700000000001,41.497327,53.969427
2017,Hungary,9.739857,33808.72507,4.052299953217919,2293.065498882751,120.24612170095924,56311.399999999994,134.21,14.598128687694931,16.735,1.208,20.55,38.493
2017,Ireland,4.799157,88921.39248,11.200372366274557,1970.1080970262833,1.2356235053550029,210964.5,56.22,1.4044782365368038,6.8209979999999995,0.054077,19.754974999999998,26.63005
2017,Italy,60.066734,48841.6204,1.630782156400734,1559.1492656145413,177.68106274279916,621203.3,93.16,14.20780756243481,115.609428,11.382861,164.973037,291.965326
2017,Latvia,1.950116,33041.87174,3.3684256584889827,3497.912976267069,13.32930624110923,7974.599999999999,130.44,10.935567101403175,1.762644,0.104649,4.617348,6.484641
2017,Lithuania,2.859077,38755.35617,4.554097741611662,3284.3349978033084,15.661337637500932,17938.1,119.97,13.997367266344888,3.6353,0.07429999999999999,6.349600000000001,10.0592
2017,Luxembourg,0.590667,131646.4539,1.624101668903788,2664.739637460747,19.52558981666004,9071.0,91.94,3.9559411108311435,3.007682,0.142434,3.243159,6.393275
2017,Netherlands,17.081507,65650.8034,2.792064476192402,2093.011554196232,14.273086872911245,207771.0,138.17,20.413805291860232,35.655052000000005,1.997076,67.999269,105.651397
2017,Norway,5.258317,87088.26365,2.5320858992686324,4741.844693873618,3.346241684223993,132835.6,132.68,18.86155248263497,46.162648999999995,1.048747,67.84143300000001,115.052829
2017,Poland,37.972964,34419.84582,5.22232915228984,2871.207004093225,30.894802763127228,214341.8,134.02,16.199892180838237,54.543193,3.3259499999999997,77.918758,135.787901
2017,Portugal,10.344478,37796.35153,3.238224493406805,971.0139920818042,292.28404296008995,61937.9,108.97,15.436396254052898,16.142587,0.48544099999999996,30.013293,46.641321000000005
2017,Romania,19.643949,34601.60094,8.179860775333637,2521.478054101554,137.858433270901,91231.0,92.58,11.603596974386166,21.723913,1.089212,21.885772,44.698896999999995
2017,Slovakia,5.435343,35044.45999,2.9033655871538278,2918.439198348946,51.69258142405851,38399.3,158.26,15.4794398113454,12.356,0.586,12.861,25.803
2017,Slovenia,2.065895,41702.87586,5.2009464901357605,2404.0012967046137,59.04955557645096,20746.6,137.7,15.577049851105906,6.446225999999999,0.23274,6.850883,13.529849
2017,Spain,46.497393,45494.16141,2.885425814067899,1335.2596931888052,312.1184115669997,362933.0,107.65,18.359311919903416,81.019,3.987,154.095,239.101
2017,Sweden,9.995153,59889.46337,2.102652448273834,4567.046364628521,10.383786313355865,168728.5,148.31,13.384592085917829,50.939,2.476,73.839,127.254
2018,Austria,8.822267,63808.01587,2.4573606841444384,3561.1904429771657,22.272953100012735,164944.9,100.22,19.206845383810002,28.456461,3.2807820000000003,31.707712,63.444955
2018,Belgium,11.398589,59372.72359,1.8330169443806055,2354.131093275583,17.73890394400729,143857.9,157.39,29.04425830361094,39.0095,1.7475,41.064099999999996,81.8211
2018,Bulgaria,6.757418,27728.78705,2.5676367967727876,2036.3828321324545,94.51143928684463,19931.2,173.46,19.754192633803196,9.871654000000001,0.353259,19.698184,29.923097000000002
2018,Croatia,4.014341,33723.39788,2.6155869382178176,1720.0886432311145,103.76359725407418,16753.2,107.93,10.744017048154905,3.683,0.282,12.2102,16.1752
2018,Czechia,10.610055,46759.79605,2.989752194855,2969.441143440657,24.526338284328872,114334.20000000001,145.39,13.226357806679742,24.301942,1.7533789999999998,32.047341,58.102661999999995
2018,Denmark,5.78119,65680.35101,1.9259136681039957,2637.8583629229634,5.418108585155305,101081.3,82.23,12.225477899007032,8.639508,0.43965499999999996,21.612856,30.692019000000002
2018,Estonia,1.319133,41167.47645,3.743645740648849,3363.03987866809,12.49575333311456,9650.7,181.02,11.862029483326177,2.36,0.043,5.088,7.491
2018,Finland,5.51313,56209.37318,1.226753537790759,4567.659040682403,14.84028195778926,90213.0,191.29,26.29522726610105,39.487,0.843,42.439,82.769
2018,France,67.026224,52610.48516,1.4530993624196409,2067.0339661051107,58.13553269830578,626797.1,121.61,15.650401965163018,116.923494,10.089521000000001,310.089238,437.102253
2018,Germany,82.792351,62573.10069,1.1598425831742087,2668.626429038987,25.682867843256744,1567844.0,99.97,14.58364271273663,230.724,12.087,266.583,509.394
2018,Greece,10.667336,32710.3293,1.8881439364470287,792.5363134958982,222.15198932112153,39486.5,120.01,22.968546990038977,12.4135,0.2022,36.85445,49.470150000000004
2018,Hungary,9.713655,35776.8877,5.536784491813473,2256.4171503541725,78.7898695356481,59238.299999999996,125.76,14.425135072768217,17.234,1.207,20.977,39.418
2018,Ireland,4.855733,94138.32315,7.11493874845448,2224.996187782251,1.0385634439292712,233350.0,52.55,1.2900359921134126,6.465063,0.06625,21.336671,27.867984
2018,Italy,59.937769,49348.25792,0.8203769493291935,1596.4402349880531,150.77117560815535,638825.7,90.25,14.082829548597587,116.070141,11.539995999999999,165.47092999999998,293.08106699999996
2018,Latvia,1.934379,34732.69801,4.268950547683681,3293.3633963073917,20.733410086571936,8526.7,123.98,12.070252897445055,1.8419670000000001,0.103559,4.716615,6.662140999999999
2018,Lithuania,2.8262,40999.54951,4.574161881651717,3184.129963051783,26.331872722819575,19341.199999999997,115.16,15.21532865953297,3.6856999999999998,0.0798,6.6328000000000005,10.398299999999999
2018,Luxembourg,0.602005,131214.619,1.5852021007639605,2689.375502424965,20.695507518293876,9589.6,93.68,3.473920471675991,3.175409,0.15059299999999998,3.1327089999999997,6.458711
2018,Netherlands,17.181084,66737.38612,2.247694807569567,2214.6215516016127,14.45822484305291,220307.0,129.78,20.821268127599232,36.189463,2.1638290000000002,69.34288400000001,107.69617600000001
2018,Norway,5.295619,87231.59072,0.8751347595608916,4735.215991811933,4.422143126756297,145620.9,123.06,18.641227835309767,46.756942,1.20685,69.10242,117.066212
2018,Poland,37.976687,36542.60152,6.177652489968843,2886.0540068304977,23.546783428363828,228524.5,132.39,16.356411950855172,56.424095,3.46937,80.575287,140.468752
2018,Portugal,10.33577,38930.61244,2.914273485505703,1055.068264239393,275.4995860673611,64992.799999999996,102.08,15.82495714585453,16.396898,0.49056299999999997,31.071458,47.958919
2018,Romania,19.533481,36925.13744,6.114998892925749,2511.127986053953,63.76602389474559,98658.1,86.62,11.347835550491018,22.224841,1.0562829999999999,22.28537,45.566494
2018,Slovakia,5.44312,36416.96812,4.065162578263748,2910.81403420151,36.63626013300497,42158.899999999994,150.65,14.507870282571592,12.794,0.588,12.553,25.935
2018,Slovenia,2.06688,43400.14917,4.119538693895586,2439.5674949611257,46.18365489761524,22039.4,130.4,15.068124002931919,6.498823000000001,0.233152,6.980193,13.712168
2018,Spain,46.64507,46379.58828,2.2700269374340776,1443.7185352173324,288.54549911289405,370074.0,105.49,18.21650304309264,78.659,4.046,155.76,238.465
2018,Sweden,10.120242,60385.47928,2.0900807252062004,4418.19825936126,14.070641823449296,166278.1,144.61,15.016069458435268,50.719,2.573,74.27,127.562
2019,Austria,8.858775,64654.12271,1.7453234958378472,3406.9146635794677,33.116923451642975,168724.09999999998,99.79,18.696887620077753,28.090984,3.2783870000000004,32.142989,63.51236
2019,Belgium,11.455519,60494.90396,2.3989481031836624,2123.6384057446717,37.04580483124611,151768.09999999998,151.75,26.22595762055425,38.2654,1.7459,40.745,80.7563
2019,Bulgaria,6.664177,29188.5546,3.811975620241248,2131.5226753117536,179.80525028304393,21352.699999999997,162.77,19.907816024320876,9.830298,0.455686,19.9292,30.215184
2019,Croatia,3.968676,35115.70231,2.944089299578123,1791.4481455561,123.11090219367564,17606.199999999997,103.78,12.40413221904947,3.6126,0.2729,12.2699,16.1554
2019,Czechia,10.6498,48326.42466,3.7375231132328546,2811.7930090513364,41.11962665935221,121457.0,135.61,12.779525651052698,24.276996999999998,1.767266,32.372189999999996,58.416453000000004
2019,Denmark,5.806081,66539.43346,1.744157816169123,2259.252321515619,9.244927641224557,105037.4,79.01,12.567982259924987,8.316136,0.462188,21.9716,30.749924
2019,Estonia,1.32482,42475.8788,3.623061212401768,3221.4978047633576,18.45481386529448,10020.4,145.61,10.787227660676791,2.13194,0.056,5.129,7.31694
2019,Finland,5.517919,56912.3325,1.3385604173378418,4362.506740176742,20.708843483563214,92685.0,184.01,25.285685788378785,38.563,0.859,41.888,81.31
2019,France,67.290471,53493.44732,2.079161539062846,1962.876702658429,61.79896941678752,652268.1,113.18,15.23184769604256,115.65608999999999,10.081128000000001,305.967582,431.7048
2019,Germany,83.019213,63073.49324,1.0758972503490893,2447.994345001487,47.76613634891133,1586507.0,96.56,14.421621305067127,223.267,11.605,261.643,496.515
2019,Greece,10.635213,33490.52714,2.0768558859076025,904.969840727059,289.3267723775398,39357.6,117.11,23.084712138537203,12.30784,0.202784,37.68668,50.197303999999995
2019,Hungary,9.700272,37640.42139,5.063812617811614,2223.936529922646,122.94951081542264,61837.6,118.88,13.470222173485656,17.751,1.2,21.271,40.222
2019,Ireland,4.940311,97617.64494,5.502161814284401,1866.9186355692948,2.1062594897298847,246665.1,50.75,1.3928003492117338,6.558902,0.086363,21.758683,28.403948
2019,Italy,59.816673,49682.93581,0.4747895401663982,1640.2120677342996,167.24343981837382,646137.0,87.21,13.657398999704563,119.53482000000001,11.541596,160.856277,291.93269300000003
2019,Latvia,1.919968,35206.00809,0.6075760895354554,3130.600832423086,30.124133455273103,9053.8,123.25,12.396440625958883,1.8460940000000001,0.100737,4.689683,6.636514
2019,Lithuania,2.8122,43041.07436,4.4593526992087185,2982.736779271935,42.20306830180361,20315.699999999997,107.83,15.396720645718055,3.794,0.0775,6.6696,10.5411
2019,Luxembourg,0.613894,132072.676,2.641749081656797,2524.736202927328,37.23014452732969,10387.9,92.88,3.1612390786338365,3.006279,0.157215,3.2334560000000003,6.3969499999999995
2019,Netherlands,17.282163,67825.56446,2.2284461726037375,1920.5897259093335,32.329279695083144,228464.0,124.63,18.428782902345375,35.593732,2.3485970000000003,69.544455,107.486784
2019,Norway,5.328212,87618.05427,1.0612293896457459,4310.4052397265705,3.3536480477900774,132903.9,120.27,16.969618894256577,46.319533,1.424075,68.463703,116.207311
2019,Poland,37.972812,38201.70896,4.529533779059491,2674.504385609275,46.91409296663061,244945.1,120.06,15.720537647113904,56.675415,3.4131810000000002,80.322967,140.411563
2019,Portugal,10.333496,39922.98612,2.5265210510454494,1121.1858140607378,191.4136376187524,66114.0,98.13,15.899833237650018,16.695502,0.49445100000000003,30.689655,47.879608
2019,Romania,19.414458,38551.11191,3.767275591357211,2501.3859290423593,128.07503864901332,100542.0,78.93,10.465880202233711,21.948745,1.060139,22.564378,45.573262
2019,Slovakia,5.450421,37196.38041,2.277248261050513,2773.6398673047916,54.46372787451477,45239.8,141.16,12.510815900646408,12.246,0.53,12.416,25.192
2019,Slovenia,2.080908,44554.62447,3.356830347185169,2417.749983116553,59.567110994053266,23659.6,120.48,15.312023738632808,6.491688,0.231016,6.956595999999999,13.6793
2019,Spain,46.918951,46915.22405,1.748836148577615,1491.2172177954326,219.8861352515968,384571.0,99.29,18.251979777191178,75.925,3.937,154.667,234.529
2019,Sweden,10.230185,61278.30645,2.580975879050973,3968.1748936566846,10.129069627739602,168629.9,136.06,14.500815712869072,49.478,2.722,72.342,124.542
2020,Austria,8.901064,60165.76723,-6.4978734416942014,3663.0139274986022,60.39854507524092,160691.2,96.9,18.310399128046058,26.381227,3.093345,32.996756,62.471328
2020,Belgium,11.52244,57345.81219,-4.651777379119837,2478.402080749562,43.51367721477554,144194.9,139.78,25.437028101203108,36.504,1.5774000000000001,40.035,78.1164
2020,Bulgaria,6.569275,28534.68198,-3.632328304332788,2362.586059516399,205.72187897984995,21480.9,155.5,20.37492471391287,9.456858,0.422741,18.730392,28.609991
2020,Croatia,3.933511,32486.42299,-8.307194647623051,1956.7973864097764,212.8007606992191,16357.9,105.36,14.177506731112338,3.5753000000000004,0.262,11.3781,15.215399999999999
2020,Czechia,10.693939,45964.8092,-4.492594729053312,3224.138271813447,58.29697834259082,111190.1,131.57,12.401784467104344,23.122018,1.644099,32.333898,57.100015
2020,Denmark,5.822763,65211.87926,-1.7135519914115882,2854.976298395879,4.616842633564016,101101.9,71.02,13.310954151795743,8.540897000000001,0.5246470000000001,21.192546999999998,30.258091
2020,Estonia,1.328976,41270.14246,-2.533839670985505,4067.2093136508897,20.77056556854043,9573.4,138.67,10.259407069555301,2.12902,0.06788,4.98316,7.18006
2020,Finland,5.525292,55403.82686,-2.520500248330493,5169.103032489493,11.509340029011684,91601.0,172.27,22.923888031225424,36.089,0.816,39.993,76.898
2020,France,67.473651,49263.02973,-7.657596583260151,2071.397846166381,128.3648133770879,591585.1,105.22,15.09913450632896,105.803333,8.338397,297.217685,411.35941499999996
2020,Germany,83.166711,60211.79205,-4.367483675127836,2888.271563378761,54.77313712737585,1510133.0,91.77,15.342107074258758,211.629,11.534,259.064,482.227
2020,Greece,10.612591,30475.95647,-9.194825752182723,999.3549464384035,334.2616571087687,38069.7,109.37,24.134145477725053,11.85705,0.174485,35.49783,47.529365
2020,Hungary,9.689376,36098.17763,-4.205031745803323,2535.0493093231216,226.56493488963983,57851.9,118.91,13.956172145148523,17.48,1.214,21.352,40.046
2020,Ireland,5.0126,102284.9281,6.314396633056396,2180.367641250024,2.893100360295981,270247.0,44.34,1.0784849309026185,6.536900999999999,0.09589,21.988312999999998,28.621104
2020,Italy,59.641488,45498.00085,-8.691484945622886,1702.5370057433906,264.58601936530135,591876.6,85.37,14.373878850271682,117.30454399999999,10.114184999999999,147.781442,275.20017099999995
2020,Latvia,1.907675,34205.00129,-3.4653503763910742,3982.4398674547247,31.145381280071728,9298.3,114.92,11.756116458563044,1.863597,0.094307,4.565852,6.5237560000000006
2020,Lithuania,2.809977,43070.53398,-0.010657172854955377,3905.282089019211,35.73362187994916,20230.7,105.49,18.451461807700227,3.739,0.0727,6.5436000000000005,10.3553
2020,Luxembourg,0.626108,129431.7082,-0.049822506826346924,2839.8188404036064,48.46924957454067,10493.3,80.71,4.33072105246593,2.850232,0.148698,3.1205760000000002,6.119506
2020,Netherlands,17.407585,64868.48117,-3.6657456323748394,2402.0754337463354,29.234773014077284,227495.0,120.07,17.030771747003435,35.670077,2.300195,68.32731600000001,106.297588
2020,Norway,5.36758,85999.64346,-1.1219083683950082,4875.982108241558,0.8411939043320209,109009.1,128.19,18.856381255611197,46.841222,1.766681,67.58192600000001,116.189829
2020,Poland,37.958138,38216.7415,0.0006917943267126248,3332.004392338809,52.39715677486464,238127.4,116.18,16.00361946856457,54.306567,3.173884,79.84108,137.321531
2020,Portugal,10.375395,36540.17237,-8.102237401136703,1046.3774682894243,283.47777603870566,63294.200000000004,93.35,16.43824907734654,16.066922,0.429869,29.757187000000002,46.253978000000004
2020,Romania,19.328838,37323.48066,-3.611392869004071,2826.213389785324,177.86956364267024,93516.3,76.67,10.095225030579465,20.243662,1.086239,22.694551,44.024452
2020,Slovakia,5.457873,36186.4479,-2.5821253668154465,3175.8997703260884,112.02727537743505,43461.3,133.5,12.612122530886582,10.501,0.505,12.807,23.813
2020,Slovenia,2.095861,42454.39944,-4.029112572371241,2617.9850791076224,134.18827073876903,23118.1,115.11,14.986913042118104,5.951656,0.209784,6.789714,12.951154
2020,Spain,47.31805,41555.7603,-10.670277896673374,1417.8859602953903,330.57626628985736,349747.0,99.31,19.021508534873853,68.885,3.335,147.435,219.655
2020,Sweden,10.327589,59531.9921,-1.924818594404687,4639.017482260702,4.51610488596215,164820.5,124.71,15.293752096930673,47.479,2.645,72.861,122.985
2021,Austria,8.932664,62941.66549,4.985143474943965,3908.193335782021,24.322729524897525,173480.4,94.99,18.24941755018782,26.92663,3.3154850000000002,34.908915,65.15103
2021,Belgium,11.554767,60658.54056,6.073521248552649,2702.7145203942173,17.432041124278122,145444.7,143.13,26.49787213694831,37.7682,1.8529,40.2587,79.8798
2021,Bulgaria,6.532117,30959.9497,7.88565987612011,2411.9728216684666,188.34840300818004,22807.6,150.74,19.04143135588985,9.693335999999999,0.450421,20.826003,30.969759999999997
2021,Croatia,3.893026,36922.28422,12.484738115170613,2060.3255655358103,144.41077160164616,18243.1,95.41,13.6166649527699,3.7864,0.2845,12.4245,16.4954
2021,Czechia,10.494836,47796.08711,2.0480795613121883,3463.1178280373165,27.88316509913403,118473.09999999999,133.4,12.236750608453782,24.569830999999997,1.7253859999999999,33.6946,59.989817
2021,Denmark,5.840045,69730.26275,7.246138948130509,3028.0008238419628,2.540687774241466,109681.7,67.26,12.92112803498718,9.063375,0.681125,22.504284,32.248784
2021,Estonia,1.330068,44187.97041,7.158047872376061,4120.213350901822,16.762077169598705,11279.8,130.69,10.671676385195306,2.20965,0.029935,5.644,7.883585
2021,Finland,5.533793,56775.97888,2.634304202517357,4902.358850876228,21.362781440003964,97448.0,169.32,23.61567023623742,38.104,0.927,43.063,82.094
2021,France,67.728568,52437.67035,6.846414763686193,2322.437160391321,74.90452363997686,631629.2999999999,107.16,14.826903300974958,112.49929700000001,9.65301,310.68506199999996,432.837369
2021,Germany,83.155031,62368.36807,3.5671035239736693,3108.3088969120877,28.35728445269826,1610275.0,89.58,14.221085615441865,219.328,12.868,267.5415,499.7375
2021,Greece,10.555344,33294.56026,8.659300040887686,991.1404090828162,358.85807244988536,43258.399999999994,103.16,22.45709462627778,12.170474,0.194714,36.87725,49.242438
2021,Hungary,9.651461,38864.21195,7.241243016169219,2685.4312687471866,93.7571026940031,62646.8,114.59,15.93147015875247,18.775,1.245,21.696,41.716
2021,Ireland,5.066893,117022.4061,15.647450394313257,2271.5630668876156,0.7070803184437773,324499.0,37.97,0.822519768548123,6.727263,0.147875,23.044327000000003,29.919465
2021,Italy,59.236213,49817.66073,8.750141848984306,1825.9383743549524,225.3995292894669,698726.3,83.24,14.898017285349558,117.55084699999999,8.590244,166.058982,292.200073
2021,Latvia,1.893223,36892.40349,7.039660329013464,4042.0117338929335,24.13723734024267,10957.199999999999,107.9,10.798235251573086,1.946,0.097704,4.695276,6.73898
2021,Lithuania,2.810761,45850.89118,6.485059757595102,3901.164919154997,27.61554508254163,23112.100000000002,98.96,20.496109596329052,3.9279,0.079,7.1473,11.154200000000001
2021,Luxembourg,0.63473,136241.5987,6.7109093106096696,3037.585237693611,22.613155447080615,11129.2,75.6,4.836713039377505,2.9461939999999998,0.166223,3.2804409999999997,6.392858
2021,Netherlands,17.475415,68537.02792,6.0670552231496755,2610.9027193122984,11.936992584296249,253745.0,111.77,18.187222326512735,35.310831,2.696726,69.24759,107.255147
2021,Norway,5.391369,88881.91328,3.8095420292973525,4835.849450013686,6.559249985924879,186784.2,97.16,19.22156033503925,49.121911,2.2280610000000003,70.90476799999999,122.25474
2021,Poland,37.073357,41043.82536,4.894130948729969,3473.343082437515,21.62479707772913,266936.6,113.5,17.11988959259509,56.306949,3.3923829999999997,83.987624,143.686956
2021,Portugal,10.394297,38486.62822,5.518778509863265,1182.2423160460648,185.0905158991896,68749.3,86.9,18.264768989761752,16.629223000000003,0.47179000000000004,30.219786,47.320799
2021,Romania,19.201662,39713.68124,5.703917350436094,2926.1777516502543,97.6496792218951,101010.5,74.97,13.396689390677786,21.103334,1.32468,23.620241999999998,46.048256
2021,Slovakia,5.459781,38388.47044,6.122299282179311,3344.749419956665,39.61779158065893,44873.5,133.59,16.174691150343232,11.608,0.586,13.355,25.549
2021,Slovenia,2.108977,45908.54281,8.81284698754714,2830.9475455061256,55.55955722850375,25013.9,107.41,14.340561815094922,6.061894000000001,0.236348,7.160372000000001,13.458613999999999
2021,Spain,47.400798,44331.13397,6.86522938009877,1640.1624552938797,259.79441859874,390072.0,93.65,20.28677031050005,75.844,3.662,148.374,227.88
2021,Sweden,10.379295,62572.14507,5.6329813674974805,4664.43787543486,13.093562197422422,189428.8,120.32,12.845567172261998,46.914,3.259,77.358,127.531
2022,Austria,8.978929,65572.62693,4.71957981271145,3265.6686747485683,67.5758933891373,190969.6,81.14,18.7960047681921,25.767539,3.6020909999999997,34.570618,63.940248
2022,Belgium,11.617623,62733.24955,3.9828973025219483,2179.826374901886,81.58919890972692,182623.0,120.35,27.680887689786196,35.7526,2.2681,38.1849,76.2056
2022,Bulgaria,6.482484,32420.62163,3.9222616832609303,2058.65038040325,215.31681212280677,33126.0,135.46,22.107536359629794,9.608362999999999,0.454158,20.65667,30.719191
2022,Croatia,3.862305,39852.95384,7.085635219809094,1618.5915794812083,229.2249840145633,21865.4,85.04,10.969864202142402,3.4229000000000003,0.2886,12.5332,16.2447
2022,Czechia,10.516707,47976.78062,0.5872364219550619,2658.589323491475,76.9843635843011,139509.9,119.97,13.669054407798876,23.989329,1.796327,32.185253,57.970909
2022,Denmark,5.87342,70181.28646,1.2219937622876875,2247.29252946956,14.175837993357426,127463.29999999999,59.48,12.061207596036423,8.793395,0.8854529999999999,21.134428,30.813277
2022,Estonia,1.331796,44113.81345,-0.0381214635338023,3000.11919502425,12.463723944527349,12736.800000000001,129.11,9.872318927111559,2.0885599999999998,0.032451999999999995,5.020747999999999,7.1417600000000006
2022,Finland,5.548241,57050.64827,0.7461272861040591,4240.464420050686,7.919490795976568,108945.0,154.06,27.476746959217746,34.766,1.004,41.098,76.868
2022,France,68.091703,53651.3893,2.8631657830168633,1928.6211722339128,152.4826449091913,665370.7999999999,92.3,16.172583498441817,106.879533,10.970508,296.426124,414.276165
2022,Germany,83.237124,62815.47646,0.8163138172070594,2413.361300244666,88.92898981442576,1750629.0,79.31,14.43536769061753,206.135,15.408908,255.656092,477.2
2022,Greece,10.461627,35410.63725,5.411331488553217,866.1632922479428,300.10772675875216,54735.5,93.64,22.915113748173763,11.892821,0.221122,36.01419,48.128133
2022,Hungary,9.610403,40632.94389,4.106288107089462,2033.3056492582823,220.4512911406325,69091.5,98.3,11.739493302024245,18.164,1.307,21.834,41.305
2022,Ireland,5.154277,124525.9985,8.247289575494786,2069.5727410826516,1.2388460024297063,405402.6,33.19,0.7140109837490417,6.577195,0.221639,23.522361,30.321195
2022,Italy,59.030133,52325.16723,4.667962463974895,1530.8220218550496,268.75078909650176,772482.7999999999,71.87,14.457069269227194,111.637749,9.00851,166.341553,286.98781199999996
2022,Latvia,1.875757,37529.59573,0.7886760291929695,2889.2933940691673,28.50122907814906,11752.8,95.25,10.588860888262085,1.84827,0.101248,4.51497,6.464488
2022,Lithuania,2.805998,46628.21114,1.5229926681548545,2748.6887507373904,50.032748487845666,27932.699999999997,82.29,18.758183192874398,3.594,0.09179999999999999,6.977,10.662799999999999
2022,Luxembourg,0.645397,131859.801,-1.5896895586269721,2520.8468324235855,94.0960423342553,9995.2,64.47,4.073950699533644,3.116708,0.19115700000000002,2.8577649999999997,6.16563
2022,Netherlands,17.590672,71284.565,4.694813827542044,2004.279372381467,52.39392777264612,288247.0,91.7,14.777898790306896,33.856452,3.33259,65.977204,103.166246
2022,Norway,5.42527,90943.2375,2.9625560591099998,4385.299115710752,2.149055731907171,309287.7,65.42,23.146341115970316,47.892871,2.91433,64.145767,114.952968
2022,Poland,36.889761,42386.26647,2.7593293763741533,2444.154049673529,75.39037154540314,309898.5,98.52,16.169467727159873,53.184041,3.5024699999999998,83.169204,139.855715
2022,Portugal,10.421117,40934.6862,6.635240018986055,975.7764416397996,289.5711753810746,75298.6,79.9,18.481971936610684,17.013701,0.49804899999999996,31.152159,48.663909
2022,Romania,19.043098,41478.5873,3.581594613602146,2375.861020132478,176.12177567491702,116303.4,64.16,13.082082187827709,18.096424,1.204098,23.429779999999997,42.730302
2022,Slovakia,5.434712,38439.70443,-0.3263084907063285,2598.0682217622775,113.67020726582362,48268.9,119.4,17.207147237495214,9.925,0.667,12.278,22.87
2022,Slovenia,2.10718,47110.55401,2.530835331507686,2267.6801158142807,125.53754488020512,27261.1,93.46,14.964018625652605,5.504152,0.274663,7.263081000000001,13.041896000000001
2022,Spain,47.486843,46642.40316,5.404638428977382,1356.863485309243,330.76863147502684,443736.0,84.61,17.941079549199234,71.019,3.98,149.367,224.366
2022,Sweden,10.452326,62877.1476,1.1944930992583647,4011.5231862357737,7.699081563570057,204897.7,111.27,14.793108789471434,45.136,3.966,73.168,122.27
2023,Austria,9.104772,64458.06279,-0.32202557308250723,3543.6749044247335,29.620234894043335,200844.0,75.61,17.65420964398567,23.540212,3.6417710000000003,35.167654,62.349637
2023,Belgium,11.742796,62948.15793,1.423706674798919,2205.4068757808327,46.27637452968098,189324.3,104.52,23.98886523661372,33.564099999999996,2.6806,37.7259,73.9706
2023,Bulgaria,6.44771,33127.13756,1.6310975631697477,2392.521800401018,251.82614083435195,34174.0,111.24,16.59273242095328,9.111424999999999,0.42519,20.798828,30.335442999999998
2023,Croatia,3.850894,41132.28064,2.9051884077223367,1912.7883111877768,144.6111388054019,26431.7,77.0,12.181440657830853,3.6269,0.293,12.3941,16.314
2023,Czechia,10.827529,47484.75349,1.8996439931595832,2911.7725324401927,41.51262395294948,161007.2,101.04,11.960577714998228,22.784699,1.806114,31.064605,55.655418
2023,Denmark,5.932654,71429.32205,2.8047463990231725,2270.2602990908417,14.42869831897272,149556.69999999998,58.43,10.159428958024884,8.429718000000001,1.10025,20.933172,30.46314
2023,Estonia,1.365884,41677.14071,-3.1054331814164504,2920.3466435172477,24.801314394629607,12563.6,107.38,8.681943841531679,1.7833189999999999,0.059627,4.158854,6.0018
2023,Finland,5.56397,56301.99786,-1.0324806731631608,4102.060820097848,9.6262855192013,103617.0,150.99,23.26417004048583,33.125,1.224,39.835,74.184
2023,France,68.27721,54082.01635,1.0772628371078508,1980.472249754812,83.75719548778387,788031.0,86.71,14.579715446197529,101.76722,11.424957000000001,284.307593,397.49977
2023,Germany,83.118501,62244.34507,-1.0504372017428043,2534.276220829232,47.5049081648032,1929748.0,68.26,14.27983302216861,190.458,17.266,256.263,463.987
2023,Greece,10.401868,36343.10672,2.047040394260957,1037.1670136312289,313.55399353159237,53465.5,83.04,24.01528000915209,11.407772000000001,0.196571,34.212179,45.816522
2023,Hungary,9.599744,40344.73381,-0.819425866622181,2436.8395714816343,176.88852536415314,83905.5,87.36,10.68444796575395,17.559,1.308,21.33,40.197
2023,Ireland,5.271395,115358.9252,-5.25659824008522,1947.5908525206185,4.408396928770129,334820.30000000005,32.8,1.1235789814256512,6.803436,0.330582,24.431683,31.565701
2023,Italy,58.997201,52717.53219,0.6936521787956229,1679.110084291878,165.32462562008132,838563.8,64.49,14.16449954295127,106.732849,8.846396,163.28547500000002,278.86472
2023,Latvia,1.895239,38696.92733,4.181355692782529,2891.2073587153745,37.71361200310899,12271.5,87.84,11.065430980419482,1.7508130000000002,0.107296,4.422884,6.2809930000000005
2023,Lithuania,2.857279,46136.93062,0.7546819328552612,2880.78728849106,45.25656594850463,29295.6,77.41,14.174407070069439,3.38,0.10479999999999999,6.732600000000001,10.2174
2023,Luxembourg,0.660809,128478.7423,-0.237375097423842,2601.5843477851186,38.13073636502251,10952.2,57.57,3.634122880846459,2.986091,0.226913,2.84435,6.057354
2023,Netherlands,17.811291,70642.72105,0.3424923381941891,1995.1554224073884,41.28897926949994,300711.0,84.54,12.6467512390306,32.128859,3.872675,65.448156,101.44969
2023,Norway,5.488984,89612.99156,-0.30550605063358605,4137.906576701972,5.323352507567198,202106.0,80.96,19.243529685752133,45.646615,3.368688,66.307981,115.323284
2023,Poland,36.753736,42613.42684,0.1652192750235315,2742.331957445702,57.65691381686405,352266.80000000005,88.71,13.82671903662037,42.081948,3.7285399999999997,87.51703,133.327518
2023,Portugal,10.516621,41570.32819,2.483497624296005,983.2820812829286,333.40153301501226,83249.3,68.92,16.278030200972406,16.660806,0.5842670000000001,32.294662,49.539735
2023,Romania,19.055228,42447.92777,2.4021521805358326,2792.4236347174265,192.93403102015037,131727.1,56.25,11.1228894277531,16.715812000000003,1.15986,23.848291,41.723963000000005
2023,Slovakia,5.428792,39270.85335,2.050929945450375,2973.6934127507216,86.25607628715683,56895.899999999994,105.74,13.6393993993994,8.853,0.706,11.714,21.273
2023,Slovenia,2.116972,47852.83985,2.047644143644356,2538.2044769349477,57.155614969098295,31451.7,81.76,14.382723455308938,4.7000839999999995,0.281265,7.387524,12.368872999999999
2023,Spain,48.085361,47295.36032,2.677953219718754,1375.0898280055017,308.2661492294641,462936.0,74.37,17.79843921472991,67.1622,4.31466,151.1961,222.67296
2023,Sweden,10.521556,62521.5236,0.09300905702043227,3822.7544898734905,13.086400196532727,192564.1,104.21,10.753142686548841,44.625,4.412,71.28,120.317
2024,Austria,9.15875,63250.52123,-1.2916279415111975,3444.953087698039,43.03463444460362,196237.6,72.86,18.292454596517505,24.763221,3.944066,34.553343,63.26063
2024,Belgium,11.817096,63213.91362,1.0575814573078546,2212.880703912421,16.821981103412128,187156.6,102.83,24.412913920353628,34.959199999999996,3.2393,38.7217,76.9202
2024,Bulgaria,6.445481,34110.79533,2.933744351711165,2238.8650800674827,351.1186013487577,35231.2,102.23,17.00414753935579,9.063236000000002,0.472327,21.897213999999998,31.432776999999998
2024,Croatia,3.861967,42960.49484,4.745042899526686,1804.8361774635869,205.0844889773752,25487.5,75.14,12.434312124343121,3.4701999999999997,0.2926,12.95022,16.71302
2024,Czechia,10.900555,47906.43138,1.5684647597496326,2985.554537174831,39.60637923187582,157470.1,96.22,11.725675510415261,22.118423999999997,1.886825,30.947973,54.953222000000004
2024,Denmark,5.961249,73664.65871,3.626515511796846,2535.870584277955,1.635446168226037,164806.7,57.19,8.83289760597308,8.646533,1.418445,21.79784,31.862817
2024,Estonia,1.374687,41567.25073,0.3791220413276619,3454.1626119788034,3.700102046667397,12345.8,103.93,9.300009265264524,1.7973119999999998,0.06618600000000001,4.954988,6.818486
2024,Finland,5.603851,55839.0089,-0.1114531832721588,4627.807617943412,2.228182575826543,102153.0,142.3,20.21030119408305,33.528,1.466,41.317,76.311
2024,France,68.669303,54507.39696,1.3653304101947983,1916.4313829714265,57.50064172900487,781850.6000000001,81.45,14.241143587457913,100.032693,12.754522999999999,285.47715500000004,398.26437
2024,Germany,83.456045,61968.58799,-0.03872290330986239,2594.7598888208813,30.014417683373797,1888715.0,65.2,14.63967517847865,196.583,17.488,257.723,471.794
2024,Greece,10.375764,37228.20388,2.1783254665304286,926.1939697540472,487.5522745163675,56969.0,84.69,25.06919141560511,11.593675,0.21459999999999999,37.710800000000006,49.519074999999994
2024,Hungary,9.584627,40678.28495,0.6679777495680828,2337.4941358205906,183.51281439877,81726.9,83.82,9.945493252419464,18.676,1.408,21.881,41.965
2024,Ireland,5.351681,114832.3342,1.0596174209182685,2090.3235169050386,0.238104307845302,355672.30000000005,30.93,1.2068025681816406,6.932918,0.42811099999999996,25.496829,32.857858
2024,Italy,58.97123,53150.56798,0.7770441894020541,1594.418267539214,250.2504499049898,832559.1000000001,61.79,14.63067476082784,106.632852,8.981826,168.379231,283.993909
2024,Latvia,1.878575,38951.1177,-0.22815665648879824,3410.051536156486,5.128863873166738,11583.0,85.64,11.778376641036418,1.781051,0.12242,4.609477,6.512948000000001
2024,Lithuania,2.885891,47145.73278,3.209807071113535,3320.799763231064,7.574091048760248,28850.1,76.01,15.21840451909991,3.548,0.1189,7.1496,10.8165
2024,Luxembourg,0.67205,127630.4265,1.0295875659111164,2605.028458021166,24.057581398310543,11740.2,55.2,2.8635844581735133,3.21474,0.265571,2.715717,6.196028
2024,Netherlands,17.942942,70867.61795,1.0598548325672086,2073.8581005844217,9.71078729085498,309706.0,80.4,12.742009698085159,32.287252,4.454204,68.896123,105.637579
2024,Norway,5.550203,90494.35913,2.109802477845224,4593.5359994569735,0.4763034229343042,193174.6,80.92,18.881297012196946,46.049853000000006,3.769116,66.73519,116.554159
2024,Poland,36.62097,43999.3827,2.879412445552032,2934.3637395072415,25.86291702253062,358158.30000000005,83.59,13.305667105045165,53.352316,3.93915,82.187299,139.478765
2024,Portugal,10.639726,41833.45013,1.8109409647268038,953.2542764589324,209.13540359807163,88205.0,63.59,15.617078150013953,16.994151000000002,0.918926,32.62099,50.534067
2024,Romania,19.067576,42788.02854,0.8665390949174068,2665.7104593121726,232.4049967863477,135974.1,52.28,9.62780102815975,17.070291,1.156512,24.743164,42.969967
2024,Slovakia,5.424687,40058.05158,1.927404499914509,2964.3966177392153,65.30855805729519,58939.0,96.67,13.23647002380034,9.153,0.72,11.539,21.412
2024,Slovenia,2.123949,48474.697,1.63337723605812,2444.807004879717,89.37951442280001,32653.0,82.2,13.131754091706302,4.838247999999999,0.302825,7.236503,12.377576
2024,Spain,48.619695,48336.54351,3.3371315258686307,1305.5240344408949,243.63798568319444,483053.0,72.08,16.884716823986675,68.201448,4.692386000000001,157.070536,229.96437
2024,Sweden,10.551707,62611.68841,0.4311913760745245,4331.56164805704,1.0145863702163749,194097.59999999998,100.01,10.621621360922367,44.594,4.979,72.26463000000001,121.83763
2025,Austria,9.197213,62963.14442,-0.03629595915419781,3379.147460837651,27.660343725848723,201073.90000000002,70.67419999999943,18.164937960151466,,,,
2025,Belgium,11.883495,63587.69763,1.156511989250375,2096.058322001106,12.210902176912796,191184.2,99.74510000000008,24.218652106654282,,,,
2025,Bulgaria,6.43736,35153.67259,2.9274758683521807,2362.44873343445,297.38033623335417,37454.8,99.16309999999991,16.79216911433887,,,,
2025,Croatia,3.87435,44491.65593,3.8961818647847313,1798.9250307420527,190.9545884568845,27051.100000000002,72.88579999999966,12.35825667732844,,,,
2025,Czechia,10.9095,48882.03249,2.120203273511634,2848.255318642082,24.297312183321957,166805.2,93.3334000000002,11.51561073639283,,,,
2025,Denmark,5.992734,75514.80721,3.0530085897926496,2445.380602176915,0.4295928858911937,178831.2,55.47429999999953,8.78340763630656,,,,
2025,Estonia,1.369995,42598.22788,2.130483478589018,3466.778435340972,2.1284322918355265,12700.0,100.81209999999962,9.07390267239077,,,,
2025,Finland,5.635971,56146.12949,1.1263406225166417,4710.484351242258,5.196213646091496,103150.0,138.03099999999964,20.293549274120608,,,,
2025,France,68.8826,54692.6456,0.6515300621127595,1802.1605475427857,38.15282851160542,782403.7,79.00649999999987,14.210284433481725,,,,
2025,Germany,83.57714,62128.11189,0.40290089855226086,2461.934004246895,17.40312277931705,1911868.0,63.24399999999963,14.493272719820837,,,,
2025,Greece,10.372335,38121.54839,2.3658031936796498,1031.8446173471611,494.5171679076042,60341.100000000006,82.14930000000024,25.249457582723466,,,,
2025,Hungary,9.539502,41154.00537,0.6931582526233715,2325.981260890376,160.63406997662355,83409.4,81.30540000000018,9.984137858403923,,,,
2025,Ireland,5.440278,117578.7317,4.086751089152929,1914.8329564038263,0.0,457815.1,30.00209999999983,1.1705984911361849,,,,
2025,Italy,58.943464,53591.80314,0.7826859126478292,1556.592752263757,250.49065993479908,849970.4,59.93629999999988,14.586832970844304,,,,
2025,Latvia,1.860565,39737.03186,1.0396443362718388,3330.4155980350756,5.584177393699175,12336.599999999999,83.07080000000023,11.632634337886284,,,,
2025,Lithuania,2.890664,48663.11751,3.3892125231365755,3187.4396940404854,12.053633092100114,29726.7,73.72969999999997,15.298006402662248,,,,
2025,Luxembourg,0.681973,128279.3783,1.9924962897674536,2506.586507820286,12.102587886159592,11279.0,53.543999999999805,2.8819001601713077,,,,
2025,Netherlands,18.044027,71334.06052,1.2252657648221588,1929.8209273778175,9.038477121392608,327416.0,77.98800000000031,12.409657900615443,,,,
2025,Norway,5.59434,89931.79009,0.16862652133047273,4622.771020869983,1.0866894331973795,191052.19999999998,78.49239999999998,19.00374684961115,,,,
2025,Poland,36.497495,45532.2777,3.1349842675582273,2772.44129316799,23.3986995898426,365524.5,81.0822999999993,13.133787723565096,,,,
2025,Portugal,10.749635,42248.92627,2.036432684932965,876.5855516299484,225.24766469518028,90652.5,61.68229999999984,15.552483689193945,,,,
2025,Romania,19.043151,43500.46193,1.5347998244582994,2729.120833273456,212.07859367520896,141262.8,50.711599999999684,9.564141492584781,,,,
2025,Slovakia,5.419451,40605.53833,1.268892457072135,2913.521406386275,57.370168237775125,60578.9,93.76989999999913,12.847405513605722,,,,
2025,Slovenia,2.13085,49197.0243,1.819867264457109,2398.306514405968,77.66917297194401,33087.5,79.73400000000021,13.01621354257151,,,,
2025,Spain,49.128297,49206.70747,2.865133691188948,1174.2149677680943,271.4887953900196,509049.0,69.91759999999994,16.78774315253204,,,,
2025,Sweden,10.58771,63330.042,1.4924356336812439,4375.947011075906,2.023274993497972,198804.4,97.00969999999931,10.582358966431485,,,,
2026,Austria,9.219116,63580.49807,1.2209833039249718,3732.4068119930553,33.3475823203149,207473.54142735363,68.5539739999993,18.03831024180701,,,,
2026,Belgium,11.933176,64080.79235,1.1967653346052654,2528.9450818544656,9.14859705551266,197390.8387629549,96.75274699999987,24.025936099915235,,,,
2026,Bulgaria,6.410522,36201.30633,2.550819854887676,1995.5499848599231,274.15487828562755,39327.54000000012,96.18820699999971,16.582833271231404,,,,
2026,Croatia,3.876167,45958.63,3.3456337019078353,1861.6616523643297,168.56895366048911,28214.929662045015,70.69922599999951,12.28266642943075,,,,
2026,Czechia,10.915838,50009.43019,2.365800268591789,3192.315965337089,36.4091204395662,174904.9083085407,90.53339799999999,11.309309260207367,,,,
2026,Denmark,6.025601,76331.68964,1.6361316696349437,2734.8636205548096,4.767504866656841,187772.75999999943,53.810070999999425,8.73419495470642,,,,
2026,Estonia,1.364632,44074.8942,3.061465790284501,3637.8940975113537,25.88352972437896,13334.999999999913,97.78773699999941,8.853293298915636,,,,
2026,Finland,5.656904,56720.47267,1.3981606994728946,4565.102358424744,22.26918243037776,105781.52342844257,133.89006999999935,20.377140260617807,,,,
2026,France,69.05683,55037.42622,0.8849287933729855,2295.6490500326336,34.22529707963355,799295.0252367654,76.63630499999971,14.179492148249501,,,,
2026,Germany,83.499996,62924.90581,1.1890148887025553,2912.5110385918683,23.29861944434014,1970129.067688845,61.34667999999951,14.34833434282049,,,,
2026,Greece,10.35871,39068.19492,2.3486111158152134,803.6146717151883,369.3852608269531,61789.70660988841,79.68482100000006,25.431019997912593,,,,
2026,Hungary,9.489006,42271.7628,2.1723228267789496,2366.9451722549084,197.46091143703717,87561.11322959106,78.866238,10.022932623413551,,,,
2026,Ireland,5.528338,119148.1033,2.9750133496767583,2176.391160273085,0.9379189754327812,480705.85500000254,29.102036999999772,1.1354805364020968,,,,
2026,Italy,58.942829,54080.34429,0.9105096525378498,1756.6041877092998,168.03447171144543,877363.9204008195,58.13821099999976,14.543122555700284,,,,
2026,Latvia,1.841333,40877.6204,1.8070073525129127,3576.720817772562,31.010671438883797,12953.43000000007,80.57867600000004,11.48869540879824,,,,
2026,Lithuania,2.886877,50217.23153,3.0584260204892466,3458.660111921702,40.24692752848851,31213.03499999981,71.51780899999982,15.37802465443578,,,,
2026,Luxembourg,0.690899,129542.2558,2.3062090481116515,2938.5089384915564,10.317583398026844,11697.525805328274,51.937679999999695,2.9003330107793786,,,,
2026,Netherlands,18.131239,71698.37136,0.996508253557149,2400.9685938115526,7.811027357589581,341552.7673297215,75.64836000000012,12.08597488616345,,,,
2026,Norway,5.627392,90731.7914,1.4856316108191159,4475.941974648038,3.5530447863290924,195158.6291589607,76.13762799999981,19.12699080422365,,,,
2026,Poland,37.414458,46914.8989,5.625264464219315,3099.370200720971,52.254633672820034,383800.7250000007,78.64983099999914,12.964128638259883,,,,
2026,Portugal,10.871014,42822.23451,2.5014446238595056,1213.3821651302592,213.8207766132205,94404.76672821539,59.83183099999971,15.488156400269274,,,,
2026,Romania,19.000103,44798.82235,2.7519028011340207,2467.3751234357633,229.78973039408405,147237.92656944043,49.19025199999958,9.50090287726542,,,,
2026,Slovakia,5.54096,41118.8736,3.534635219466198,3013.743727230888,81.90728499633681,63182.064470176185,90.95680299999896,12.46977692196195,,,,
2026,Slovenia,2.134802,50314.68899,2.461492935649656,2638.378219742969,67.60404909084644,34741.8749999999,77.34198000000002,12.901689584091802,,,,
2026,Spain,49.570728,49988.74246,2.5041603109747568,1609.3214332836556,227.210938914944,524937.0313946968,67.8200719999998,16.69132642811142,,,,
2026,Sweden,10.605527,64473.31334,1.9765769956456625,4287.836694183222,9.652483600348484,202781.60590407738,94.09940899999913,10.54324170379655,,,,
2027,Austria,9.234675,64983.96,2.3798722654384985,3906.6582793442817,60.98789842927525,214076.86622882285,66.49735477999917,17.912565244839797,,,,
2027,Belgium,11.976143,64967.62,1.7489675681946704,2650.4522977187953,29.899190838741845,203798.97097952044,93.85016458999966,23.834753599627824,,,,
2027,Bulgaria,6.377196,37657.48,3.4816587935120102,2436.782955415877,291.2745612276083,41293.917000000125,93.3025607899995,16.376107066873473,,,,
2027,Croatia,3.875123,47352.36,3.0048245534515905,2161.72313612401,257.06218056013086,29428.831205907936,68.57824921999938,12.207538535223122,,,,
2027,Czechia,10.894076,50962.73,1.7030780851365668,3525.8945491029526,61.650937611573625,183397.92135028902,87.8173960599998,11.106703662603646,,,,
2027,Denmark,6.054421,77349.77,1.818430255146053,2967.30003242014,2.5574672454530663,197161.39799999943,52.19576886999933,8.685258007551335,,,,
2027,Estonia,1.357873,45783.64,3.362413469195946,4034.851449271032,4.759826970571366,14001.749999999909,94.85410488999922,8.638047493623041,,,,
2027,Finland,5.67257,57718.63,2.0415925737353957,5093.914709040231,0.3898657076656061,108480.18127815844,129.8733678999991,20.461075566037696,,,,
2027,France,69.201003,55804.6,1.6055974518841332,2326.9681530094613,83.35392549324871,816551.0175478989,74.33721584999955,14.148766586863243,,,,
2027,Germany,83.377681,63547.13,0.8409025747799781,3141.458421541869,46.628866455449966,2030165.5466551664,59.50627959999939,14.204845406090419,,,,
2027,Greece,10.326251,40319.45,2.879360448962265,993.3420746692584,392.3640197473164,63273.08986637704,77.29427636999988,25.613887982161973,,,,
2027,Hungary,9.432688,44163.46,3.8550168461640943,2791.674815814721,226.1467516507762,91919.478500087,76.50025085999984,10.061878130912264,,,,
2027,Ireland,5.605476,121288.6,3.2168876889498765,2090.1323352094732,3.1702030133733294,504741.14775000274,28.228975889999717,1.1014161203100314,,,,
2027,Italy,58.917036,54799.76,1.2859305895255524,1845.2724319219792,278.51062903751193,905640.3009106035,56.394064669999636,14.499543121722366,,,,
2027,Latvia,1.822938,42048.21,1.8360317255585734,3958.033363347374,13.511598349039293,13601.101500000073,78.16131571999988,11.346537539331324,,,,
2027,Lithuania,2.877618,52262.46,3.7389726275474544,3847.572629659033,24.563093362505093,32773.686749999804,69.37227472999966,15.458461452289654,,,,
2027,Luxembourg,0.699848,131262.4,2.6403317178331775,3098.303215703484,35.98664307121591,12131.581697519368,50.37954959999959,2.918883759289061,,,,
2027,Netherlands,18.205866,72813.27,1.9729783185198135,2510.099163553251,19.254079901478026,356299.9146974839,73.37890919999997,11.770734545529205,,,,
2027,Norway,5.654871,91023.81,0.8117276740598367,4861.794169598201,0.0681634122015934,199353.32089975823,73.85349915999964,19.251034026078973,,,,
2027,Poland,37.268937,48090.51,2.1071479255034387,3494.5373836136587,48.67133378575824,402990.7612500008,76.290336069999,12.79666116788199,,,,
2027,Portugal,10.971534,43410.79,2.3117850793632266,1106.8397035216703,206.22749623689043,98312.3463887779,58.03687606999959,15.424095178178884,,,,
2027,Romania,18.938928,46777.29,4.080147215022789,2919.4710800914945,254.00832900843395,153465.7887318396,47.71454443999949,9.438082399054403,,,,
2027,Slovakia,5.52314,42181.43,2.2541931829696216,3413.63029868922,100.6993186873822,65897.09074799188,88.22809890999879,12.103248108641274,,,,
2027,Slovenia,2.136627,51343.12,2.131232944423145,2855.7428422698335,133.46114397471175,36478.9687499999,75.02172059999987,12.788173271731525,,,,
2027,Spain,49.976787,50664.05,2.181136075690815,1523.1159743646783,252.42932573145396,541320.9473537483,65.78546983999965,16.595463452021562,,,,
2027,Sweden,10.623097,65837.55,2.285144901933722,4713.355303585091,0.4652022778831615,206838.3782906023,91.27642672999895,10.504269036543498,,,,
2028,Austria,9.251146,66031.0,1.79246252821732,3633.1064167616055,53.175922182090545,220890.3570983798,64.50243413659952,17.78769681580216,,,,
2028,Belgium,12.017863,65836.86,1.6909789539607534,2260.4485411657015,74.14122235955828,210415.1379699505,91.03465965230012,23.645092403162423,,,,
2028,Bulgaria,6.34031,38968.6,2.883155735814147,2247.9557230986984,186.067302797835,43358.61285000014,90.50348396629997,16.17195796878377,,,,
2028,Croatia,3.87025,48828.11,2.9868590246300064,1918.991885907211,211.67625415310175,30694.95889301683,66.52090174339972,12.132870166682844,,,,
2028,Czechia,10.870364,51932.4,1.680903194536465,3181.06126749586,68.75117921288422,192303.33717263892,85.18287417820021,10.907727732138298,,,,
2028,Denmark,6.08085,78324.68,1.7024174948814697,2660.9502143477407,14.181777364452516,207019.46789999944,50.62989580389959,8.636595249924795,,,,
2028,Estonia,1.351469,47306.16,2.8381638301261614,3648.728328759065,20.06723109843598,14701.837499999907,92.0084817432997,8.428034854693777,,,,
2028,Finland,5.684913,58608.76,1.7631350024954306,4784.295952086133,8.175081594565786,111247.68625688019,125.97716686299974,20.545356608661386,,,,
2028,France,69.337129,56588.0,1.6032994286075741,1933.95231960178,141.39082271769936,834179.5497363495,72.10709937449992,14.118107604738963,,,,
2028,Germany,83.25017,64127.54,0.7590249785052627,2745.4218628300814,78.19053875265104,2092031.5396699768,57.72109121199969,14.062791414662849,,,,
2028,Greece,10.288906,41521.93,2.6099450382923273,875.4518508205501,311.32274172477787,64792.08465116639,74.97544807890026,25.79807092348607,,,,
2028,Hungary,9.377987,45774.75,3.0474019411352637,2524.8009292169654,169.79941909849882,96494.78194245585,74.2052433342002,10.100974966631101,,,,
2028,Ireland,5.675542,123383.0,2.998330900571622,1985.1044306091192,2.7634863567476677,529978.205137503,27.382106613299857,1.0683736367007357,,,,
2028,Italy,58.873875,55518.25,1.236901141786917,1665.3451612220615,262.29050451537785,934827.995045362,54.702242729899915,14.456094276416762,,,,
2028,Latvia,1.80512,43234.93,1.8172651565764308,3608.1621113969713,28.18178395900336,14281.156575000081,75.81647624840025,11.206138691157317,,,,
2028,Lithuania,2.865918,53968.35,2.8442252679269586,3530.9018291687835,40.03629636139729,34412.3710874998,67.2911064881,15.539318985484664,,,,
2028,Luxembourg,0.709419,132501.8,2.324711159470816,2618.0017353809267,87.08273948063417,12581.743945933245,48.86816311199984,2.9375531597842146,,,,
2028,Netherlands,18.27758,73787.13,1.736650391160821,2167.7958028880084,52.28524877279185,371683.79634553555,71.17754192400031,11.463716667153836,,,,
2028,Norway,5.682487,91193.69,0.6759016569742204,4735.897616412734,2.7087334328760666,203638.17231669129,71.63789418520001,19.37588169862107,,,,
2028,Poland,37.105502,49358.39,2.186355008573382,3138.5357117900844,59.40748454107512,423140.29931250087,74.00162598789939,12.631357001681131,,,,
2028,Portugal,11.049616,44075.22,2.2531349218417818,932.045909850386,266.9564471572697,102381.66765765985,56.29576978789988,15.360298922432431,,,,
2028,Romania,18.869465,48370.49,3.0266605481207742,2753.0747852957297,147.86032664615368,159957.07668416403,46.28310810679973,9.375677293206795,,,,
2028,Slovakia,5.504563,43211.46,2.0973421030580752,3128.0952502579444,83.90712563875073,68728.78569991699,85.58125594269924,11.74749281371102,,,,
2028,Slovenia,2.137713,52290.74,1.897426998106888,2604.897549998499,112.10856634442132,38302.9171874999,72.77106898200022,12.675655739654085,,,,
2028,Spain,50.34156,51422.71,2.238246987778081,1336.605171710091,313.8646781422519,558216.2250306765,63.81190574479998,16.500151043930263,,,,
2028,Sweden,10.64549,67021.84,2.0133935070362874,4522.219077549051,7.92004015589726,210976.30893663995,88.53813392809941,10.465440430181355,,,,
2029,Austria,9.268632,66898.02,1.5045462052945657,3350.720557069407,72.93112179612119,227920.70305670463,62.567361112501395,17.66369884414222,,,,
2029,Belgium,12.058341,66721.75,1.6854070122963138,2187.1771683070724,78.39829937366737,217246.09341311353,88.30361986273093,23.45694040498994,,,,
2029,Bulgaria,6.300267,40189.81,2.4824765584938735,2047.353129085828,271.0538333132986,45526.543492500154,87.78837944731077,15.970353850039928,,,,
2029,Croatia,3.861586,50350.26,2.8865240715973295,1687.27834751588,253.77783003740353,32015.559668398713,64.5252746910976,12.05865851308509,,,,
2029,Czechia,10.846174,52954.23,1.740705378606866,2714.5660361941364,76.85374557519145,201641.18118384492,82.62738795285402,10.71231644354223,,,,
2029,Denmark,6.105245,79288.43,1.6365688504199172,2316.0269834022743,6.9930557134122715,217370.44129499944,49.1109989297825,8.588205145566327,,,,
2029,Estonia,1.345409,48739.33,2.5675776163277764,3074.866834717426,9.943670507855284,15436.929374999905,89.2482272910005,8.223128150704337,,,,
2029,Finland,5.69388,59478.06,1.643298199173815,4314.131021756958,11.169328532225098,114085.79476628383,122.19785185710947,20.62998481261213,,,,
2029,France,69.466605,57386.45,1.6003569981665189,1953.0744316306257,151.52848328649938,852188.6645711269,69.94388639326476,14.087515057605984,,,,
2029,Germany,83.122146,64683.7,0.7121557115026933,2464.020375895927,77.26742394861914,2155782.79819824,55.98945847563958,13.92215801852538,,,,
2029,Greece,10.246897,42708.69,2.4381885008046167,844.5048590718545,329.781189517528,66347.54588893108,72.72618463653309,25.98357827740616,,,,
2029,Hungary,9.326264,47216.34,2.580406792014145,2053.2866746933046,280.83210357342165,101297.82168110494,71.97908603417403,10.140223718577053,,,,
2029,Ireland,5.738411,125466.4,2.8149857674253154,2061.778681561066,2.540422191430192,556477.1153943782,26.560643414900802,1.0363224275997114,,,,
2029,Italy,58.816636,56225.75,1.1758936726762315,1568.6486239063547,288.5558129802988,964956.3733436456,53.0611754480028,14.412775628465814,,,,
2029,Latvia,1.787946,44459.04,1.8529566676077414,2967.8972102569446,18.5961388310176,14995.214403750086,73.54198196094808,11.067477098643925,,,,
2029,Lithuania,2.851866,55489.98,2.3153474303192034,2854.7836498419833,26.236047887387237,36132.989641874796,65.27237329345685,15.620599454732822,,,,
2029,Luxembourg,0.719584,133338.9,2.07367999378949,2545.198164968148,87.93547044586975,13048.610203350208,47.40211821863974,2.9563419711718892,,,,
2029,Netherlands,18.346641,74693.64,1.6110350168081933,2028.4876787873975,52.56973389027805,387731.9044073437,69.04221566628016,11.164706783290407,,,,
2029,Norway,5.710128,91415.45,0.7307819227022838,4387.224551493819,2.119680754683154,208015.1212797431,69.48875735964386,19.501539038909772,,,,
2029,Poland,36.927388,50699.22,2.2234586112573007,2551.1771834986275,62.00959555792616,444297.314278126,71.78157720826225,12.468188194618435,,,,
2029,Portugal,11.106391,44835.25,2.2470719963142427,1061.8536930052624,382.6340345513537,106619.42530506023,54.60689669426276,15.296766537091358,,,,
2029,Romania,18.79214,49695.88,2.3190621576297366,2329.676218658299,267.2598605322074,166722.93279678366,44.89461486359564,9.313684813258305,,,,
2029,Slovakia,5.485845,44243.67,2.0405733618954702,2580.863015137046,144.0444996267756,71682.16275054691,83.01381826441809,11.402194367118904,,,,
2029,Slovenia,2.138205,53167.98,1.7010215264404716,2314.090651437182,153.25022522745675,40218.06304687491,70.58793691254006,12.564128200029499,,,,
2029,Spain,50.665174,52172.77,2.110829415828608,1433.7429533378568,354.9613800413161,575638.8246395901,61.89754857245584,16.405386041770885,,,,
2029,Sweden,10.672797,68128.85,1.912464558011151,4031.532664602972,5.2587256224560885,215197.0214637415,85.88198991025624,10.426755352194833,,,,
2030,Austria,9.286656,67696.05,1.3896873668433285,2990.509588406021,116.780432581281,235174.80601801944,60.69034027912622,17.540565261904614,,,,
2030,Belgium,12.097616,67631.11,1.693061169134058,2076.489654324029,90.1699084044727,224298.81024054132,85.6545112668488,23.270285595909076,,,,
2030,Bulgaria,6.256722,41354.33,2.186362471200032,1739.805880388758,310.0334471483517,47802.87066712517,85.15472806389127,15.771262984222721,,,,
2030,Croatia,3.849276,51910.67,2.770449805475095,1318.586231582493,351.9571599454548,33392.97714824442,62.58951645036452,11.98490078089703,,,,
2030,Czechia,10.8203,54025.3,1.7792542650519438,2477.3399855683974,162.12583522789308,211432.4511836949,80.14856631426822,10.520405936469913,,,,
2030,Denmark,6.127181,80268.1,1.5993145193819114,2367.023342803404,16.208385371800034,228238.96335974944,47.63766896188891,8.540086166822999,,,,
2030,Estonia,1.339781,50120.53,2.4036852380763474,3031.1933577155796,33.53760308357772,16208.775843749903,86.5707804722703,8.02320324354698,,,,
2030,Finland,5.69942,60366.33,1.5921919767730497,4274.513759888119,15.513535721922365,116996.30801669447,118.53191630139592,20.714961607879133,,,,
2030,France,69.590234,58207.46,1.6111838523582112,1789.6728105168286,158.04779934290156,870586.5784567018,67.84556980146668,14.0569888015062,,,,
2030,Germany,82.990067,65264.19,0.7371050868608897,2373.45840467953,117.09523240349316,2221476.7726401193,54.30977472137027,13.78293101117133,,,,
2030,Greece,10.20001,43885.52,2.285300380854527,718.4710575052226,355.58282798095564,67940.34902849206,70.54439909743694,26.17041956743563,,,,
2030,Hungary,9.27674,48549.94,2.2784311773556887,1764.2767425266095,385.3715607571231,106339.93331842877,69.81971345314867,10.17962497704186,,,,
2030,Ireland,5.794004,127546.2,2.642501461857094,2186.309001688191,1.1886918480310862,584300.9711640972,25.763824112453722,1.005232754771718,,,,
2030,Italy,58.747265,56940.87,1.1524281369952094,1344.0392186902666,318.68891368973334,996055.752920969,51.469340184562604,14.369586787724518,,,,
2030,Latvia,1.771424,45715.7,1.8763600689452709,2939.981527250957,58.927745023956575,15744.975123937593,71.33572250211948,10.930531265480639,,,,
2030,Lithuania,2.835357,56889.93,1.9293991768164043,2860.943979981069,79.74718373279822,37939.63912396854,63.31420209465301,15.702305072257259,,,,
2030,Luxembourg,0.730362,134143.5,2.1102728088737033,2416.373993402165,106.45864469240652,13532.8002994378,45.98005467208045,2.975250957213143,,,,
2030,Netherlands,18.412287,75585.49,1.5560922766624241,2001.5968427631449,64.62411660660484,404472.91803806735,66.9709491962916,10.873496020187194,,,,
2030,Norway,5.737759,91705.01,0.802179034873518,4438.481504176516,1.9971427266579411,212486.1473109934,67.40409463885439,19.62801129783874,,,,
2030,Poland,36.731448,52089.29,2.19664050366426,2467.351705497826,157.88811029724465,466512.17999203235,69.62812989201423,12.307127162642395,,,,
2030,Portugal,11.142299,45608.84,2.0542935344079583,1043.6013212323944,301.93717717329764,111032.59120951449,52.96868979343476,15.233496930750063,,,,
2030,Romania,18.706751,50823.15,1.803643128535537,2065.2754603264234,321.9373012676226,173774.97073946177,43.54777641768767,9.25210223090441,,,,
2030,Slovakia,5.466655,45295.79,2.0198846094620304,2298.724950379508,223.8913280656633,74762.45075870883,80.52340371648536,11.06704540681375,,,,
2030,Slovenia,2.138066,53996.68,1.5520427796986258,1927.3505742170328,232.78067630726852,42228.96619921866,68.47029880516371,12.453581942348048,,,,
2030,Spain,50.947559,52941.79,2.039557873722897,1411.9845827085194,338.29268120646765,593605.2045320552,60.040622115282034,16.31116530163735,,,,
2030,Sweden,10.705212,69209.69,1.8949988926461492,4036.6324605496097,11.594058569875656,219502.171975025,83.30553021294837,10.38821327203711,,,,
2035,Austria,9.376463,71902.67,1.5272582473911278,3573.238711685226,31.24021304957744,275059.01753342093,52.11686022899708,16.93765375813978,,,,
2035,Belgium,12.277743,72529.29,1.7082801566836503,2158.142996805981,25.81237188332135,263149.13196447736,73.55444327954731,22.35905571170874,,,,
2035,Bulgaria,6.018874,46663.96,1.4342374260438273,2351.674990376315,244.9123337638824,61009.92246702398,73.12526243769435,14.81242443569249,,,,
2035,Croatia,3.752962,59563.69,1.948681842957778,1866.7477092251293,155.1535062834404,41221.648022563735,53.74774742803807,11.622824357698775,,,,
2035,Czechia,10.683962,59629.35,1.6302216814703785,3014.39972079553,29.269820875903385,267999.32744030654,68.82630100513518,9.611208958143427,,,,
2035,Denmark,6.20323,85827.26,1.6296365273647861,2361.1382026249535,11.660462521562632,291297.1807801615,40.90808724260694,8.303505285954133,,,,
2035,Estonia,1.317244,57237.38,2.373141277540469,3446.1024838117332,31.64816015891806,20686.9617600734,74.34127482294386,7.094168034568825,,,,
2035,Finland,5.692044,65277.74,1.549765919503887,4556.3703570124035,20.484150985493063,132701.27086318197,101.7873896594335,21.145124917262752,,,,
2035,France,70.160114,62593.78,1.5986555765354016,1864.1071449226224,57.485906265652375,968708.341472492,58.26129928152401,13.905346869771016,,,,
2035,Germany,82.331992,69040.8,1.163004275069368,2556.8679232453997,30.099022891427115,2581223.7306025117,46.63765148134253,13.107404444194946,,,,
2035,Greece,9.934432,49563.42,1.693340469823701,1033.954561430117,361.947584809849,76496.63373908114,60.57887582752966,27.124973203552827,,,,
2035,Hungary,9.068641,54621.73,1.6357395645677508,2417.4495687034787,167.36629956445597,135574.42468316175,59.956563606842984,10.37893968841693,,,,
2035,Ireland,5.997143,137171.7,1.8918727824047021,1940.026252736676,3.661253189621399,745732.5564475821,22.124272397514183,0.8632275702706209,,,,
2035,Italy,58.236856,60487.69,1.0122586660775923,1659.53606449065,175.4606893557698,1167248.957054236,44.198473696812364,14.155576118727263,,,,
2035,Latvia,1.700059,52119.18,1.7379690283219285,3460.6708667793155,30.54468689568887,20095.021452702716,61.25841216046333,10.270804555123613,,,,
2035,Lithuania,2.734513,63409.09,1.4653387141861707,3382.7413159386624,29.684700851157256,48421.661901824744,54.370059648724926,16.117288625224255,,,,
2035,Luxembourg,0.787827,137816.0,2.0754341413515176,2550.5760820125197,21.78468066921012,16236.961073185916,39.48463745046186,3.071625582571025,,,,
2035,Netherlands,18.698556,80341.16,1.603866237636331,1998.18706316828,24.85947017811248,499665.07875678,57.51023280828184,9.52749194602393,,,,
2035,Norway,5.869913,93914.37,0.9829905589977095,4415.700068125819,9.913872411522927,236324.74684441858,57.8821895378874,20.272782549509085,,,,
2035,Poland,35.610872,59054.77,1.6712420523375737,2961.8618826895085,36.89419775185097,595400.8940055128,59.792044284132075,11.532497873837709,,,,
2035,Portugal,11.109773,49848.16,1.6047334205034236,880.6864041065235,264.03770678113926,135994.44373513391,45.48601622237088,14.921052699795395,,,,
2035,Romania,18.272835,54971.49,0.8851363962605552,2787.8673697347804,182.92344154619576,213769.94124073035,37.39595735344458,8.950243548516562,,,,
2035,Slovakia,5.363446,50673.09,1.6801389285968416,3083.0512071681123,72.78824158300148,92266.8461039814,69.14818663652403,9.5334029821638,,,,
2035,Slovenia,2.13239,58086.02,1.394736081765413,2525.9698335200683,68.15555134855352,53896.050963498514,58.79777533384031,11.91527034244843,,,,
2035,Spain,51.977041,56694.29,1.6154841050833202,1286.5605249136988,278.9761208046108,692206.7204680585,51.55892513458875,15.848116752799502,,,,
2035,Sweden,10.91251,74965.16,2.0843070891025883,4084.2603539059983,27.421217421606514,242354.8145903883,71.53729332283835,10.197629406415635,,,,
2040,Austria,9.443147,77148.44,1.4946832102340712,3318.2890649199485,37.63053533543387,321707.34785533627,44.754521191291026,16.355465775877498,,,,
2040,Belgium,12.434514,77557.69,1.4829219166864194,2290.291847337307,21.955107496598316,308728.635606203,63.163703185568174,21.483508238815197,,,,
2040,Bulgaria,5.803606,51399.78,1.1305817962179887,1934.0974090197408,278.3788374782698,77865.83917421728,62.79515099349045,13.911879973252034,,,,
2040,Croatia,3.648026,66067.42,1.2559784661106521,1596.1590609725065,203.34863716525865,50885.677492982744,46.1550195211861,11.271686643016553,,,,
2040,Czechia,10.626197,63914.13,1.0907364116111262,2827.8827079524126,29.612182506367752,339700.1695168139,59.10348653617988,8.780586813372784,,,,
2040,Denmark,6.253086,92265.98,1.5715223919725574,2451.238013117276,2.217504100933998,371777.2210379498,35.12916644153078,8.073478263219654,,,,
2040,Estonia,1.303275,64766.18,2.2098530396801097,3469.239661473591,4.022508206571092,26402.38787852425,63.83938220437683,6.272709113180702,,,,
2040,Finland,5.665869,70810.76,1.503749440197355,4618.3390393185655,2.5024736439661326,150514.38448972965,87.40829488774015,21.584220923517446,,,,
2040,France,70.646627,67138.55,1.485934158505109,1886.1722937007987,94.95582729949452,1077889.1773198447,50.03096007453579,13.755340798730103,,,,
2040,Germany,81.721963,74568.03,1.4595172795583977,2551.776110877412,27.03824988420974,2999228.274400199,40.049338205766965,12.464986665350859,,,,
2040,Greece,9.687426,54673.47,1.3434284898863336,748.9219411624458,409.86173295482024,86130.48147511123,52.02114191175512,28.1143437306212,,,,
2040,Hungary,8.883635,59307.32,1.125783905814548,2144.0656120910435,116.01018635672249,172845.929601361,51.48674123324255,10.58215693591294,,,,
2040,Ireland,6.167777,144081.5,1.3590925658755415,2032.0743260173515,0.9849720912954578,951764.7123500402,18.998865501600807,0.7412828865137222,,,,
2040,Italy,57.640414,64189.31,0.9655892723791748,1452.7665080247043,283.42495957926576,1367865.3265629862,37.954733247459366,13.944752776347077,,,,
2040,Latvia,1.640306,58604.9,1.5554657643187753,3352.0244327717564,5.055109958300909,25646.905378126467,52.60468288254467,9.650896525285164,,,,
2040,Lithuania,2.645463,70821.71,1.562433974041677,3224.894549702906,4.630159921500493,61799.67431090765,46.68942019969883,16.54323944372584,,,,
2040,Luxembourg,0.837509,143232.6,1.9344890259234138,2626.631285169757,25.5397171967864,19481.47456983513,33.90680167114021,3.1711219843929577,,,,
2040,Netherlands,18.920461,86554.55,1.8151944778451279,2135.312520625426,12.504687317168615,617260.5872849112,49.38599373840024,8.34810649794933,,,,
2040,Norway,5.988729,97008.05,1.077644533560429,4436.909476315292,0.2623108254974851,262837.7740283357,49.705405638200624,20.938734243796475,,,,
2040,Poland,34.660633,64551.23,0.9906922190276779,2812.2532468159397,14.371595316032035,759899.1833152534,51.34546289294557,10.806624929803348,,,,
2040,Portugal,11.014188,53893.04,1.3123373294765983,955.0560920689333,329.73509077782205,166568.10874502672,39.06038982369217,14.615016806854054,,,,
2040,Romania,17.896346,58258.47,0.7719956683323703,2419.868584947341,158.66533959787228,262969.9063312079,32.113181003029084,8.65823329428685,,,,
2040,Slovakia,5.273647,54990.18,1.0948909598056389,2814.780736622994,44.991124287040506,113869.60704981965,59.37990068023741,8.212288743694243,,,,
2040,Slovenia,2.125158,62066.6,1.138899048398101,2270.8612979956333,92.91237789698565,68786.53613627357,50.49165031463301,11.400227500077971,,,,
2040,Spain,52.872036,59734.61,1.22390750498651,1300.3377873021843,365.6681726313398,807186.5613760304,44.275403341590454,15.398213430229415,,,,
2040,Sweden,11.108521,81496.18,1.943838105074569,4191.824255278468,1.80583179388916,267586.6740937054,61.431507882802904,10.010542023671833,,,,
2045,Austria,9.480586,82108.34,1.227225212412697,3372.970376541699,56.18192234086598,376266.95024292334,38.43223015087315,15.79328899773652,,,,
2045,Belgium,12.552813,82239.26,1.2674408128701131,2120.931327972852,42.78953046765442,362202.86850931135,54.24082111466266,20.64224590690313,,,,
2045,Bulgaria,5.611168,55909.55,0.9247541287534133,2106.5367425264503,240.4923209598408,99378.73488664381,53.924332807079196,13.066085516953633,,,,
2045,Croatia,3.542619,71401.37,0.8655800201038399,1712.6877424162458,217.67401643471732,62815.348200114146,39.63488571969007,10.931157166992827,,,,
2045,Czechia,10.603857,67785.06,1.1722897378984465,2860.3900471832544,68.66757393509897,430583.9356834026,50.75417492611929,8.021748889545474,,,,
2045,Denmark,6.279032,99547.82,1.685831997933751,2428.334722698218,12.787831689369854,474492.4125682228,30.16661051782095,7.849823541021611,,,,
2045,Estonia,1.291063,72293.62,1.8311352077373222,3177.4622716794615,13.28009197865525,33696.88085533401,54.82104967856524,5.546369838837865,,,,
2045,Finland,5.63402,76399.65,1.3835202305665373,4192.212900122505,6.924189487313275,170718.63585752356,75.06047694852154,22.032435121481253,,,,
2045,France,70.888632,71956.43,1.4405034177056297,1840.0824546653369,82.83526582998215,1199375.5280533382,42.96328775444192,13.606952941284293,,,,
2045,Germany,81.05046,80540.13,1.3050192494183044,2468.586279315934,57.40284748362235,3484924.6639545993,34.391729424058944,11.854054952594948,,,,
2045,Greece,9.444922,59342.05,1.0557437301987216,852.347956149173,393.83934320123507,96977.5985756153,44.6723246153923,29.13980107821782,,,,
2045,Hungary,8.720462,63795.45,1.1387156797222575,2242.1242622509067,206.79634258004063,220363.9473269235,44.21341656939639,10.789353130287882,,,,
2045,Ireland,6.319525,148977.5,1.0597071936937263,1883.01578907714,2.364388731353573,1214719.7542104733,16.314972255922445,0.6365648373184424,,,,
2045,Italy,56.854019,68384.8,1.0266161739789448,1525.8013792504007,261.90557903023546,1602961.853429485,32.593020875960285,13.737069290749787,,,,
2045,Latvia,1.586358,64739.97,1.1367514733720663,3160.2874385547757,25.19041441638558,32732.672469284924,45.17343110239929,9.06840386669594,,,,
2045,Lithuania,2.56314,78256.61,1.198198278176199,3130.289223639949,30.87825128615316,78873.78489151639,40.093793765686115,16.98044737277509,,,,
2045,Luxembourg,0.878414,149328.6,1.705354137993087,2432.4539118337584,44.44928582502039,23374.315532596407,29.116924297669602,3.2738412835731108,,,,
2045,Netherlands,19.057529,94272.17,1.8246415774447522,2008.585784934328,38.50422529817461,762532.0415893551,42.409433216171266,7.314714354619594,,,,
2045,Norway,6.088442,100797.1,1.0973628531091295,4290.143918412647,3.2847230968269825,292325.27011507103,42.68372308274333,21.626562148615946,,,,
2045,Poland,33.797303,68242.52,0.3770758079514325,2860.160434050454,63.508746920876646,969845.3170240662,44.092096051488944,10.126439532096347,,,,
2045,Portugal,10.863536,58275.83,1.3408552616758218,899.554560294606,282.9534898718501,204015.208922298,33.54248579871036,14.315257814722086,,,,
2045,Romania,17.537482,61043.84,0.4115710048919752,2531.1064201587988,188.98441343018737,323493.4305285258,27.57668120076382,8.375750153829319,,,,
2045,Slovakia,5.188236,58582.03,0.8428314973774942,2862.5379794727237,99.41294788939445,140530.29833780148,50.99154115680624,7.074251087044722,,,,
2045,Slovenia,2.115219,65677.18,1.0501393425609518,2386.622104921966,106.06382900471986,87790.98781896601,43.358898138921305,10.907447612877942,,,,
2045,Spain,53.552939,62277.05,1.0801319094553286,1288.0052048883254,326.7589526855211,941265.2688859954,38.02079535101505,14.96108216145073,,,,
2045,Sweden,11.293147,87990.98,1.8341702638030144,4059.818220879165,8.479975115783425,295445.45369791327,52.75332606902041,9.826886976756967,,,,
2050,Austria,9.486695,86650.98,1.02073521384487,2877.7943210161393,103.08838524914908,440079.52814547805,33.00306371408833,15.250435590400889,,,,
2050,Belgium,12.623315,86532.72,1.0805625512940065,1765.9206182015982,38.21616859332349,424939.26000344014,46.57843867306797,19.833926160681838,,,,
2050,Bulgaria,5.433547,60496.15,0.8610867151608748,1811.8936277449063,393.83307094104936,126835.24704039913,46.306659394609845,12.271712454721346,,,,
2050,Croatia,3.441967,76342.01,0.7502885388018354,1383.8936270981694,365.85646822456414,77541.81852144377,34.035824972229,10.600915443611076,,,,
2050,Czechia,10.561597,71924.81,1.0171353256328342,2328.2153803373003,122.97303527506416,545782.8470687055,43.58433695538856,7.32849143395761,,,,
2050,Denmark,6.287777,107586.6,1.519629277316148,2017.7848619495708,6.897839129950172,605585.9177069665,25.90509489169243,7.6323645913432605,,,,
2050,Estonia,1.277067,78899.08,1.3970932348572829,2948.90944866947,18.207223116721696,43006.707749422065,47.07670068357417,4.904135969661085,,,,
2050,Finland,5.59858,82308.14,1.3285066426934389,4276.803825163155,10.790038617869849,193634.9985940542,64.45698554096616,22.489956857945906,,,,
2050,France,70.900505,77088.3,1.413781767685851,1635.147327931189,121.93897767814391,1334554.3192761678,36.894037050679536,13.460165840705173,,,,
2050,Germany,80.277587,86404.64,1.1780259969913276,2047.8384062464077,80.6417668609449,4049274.947525571,29.533348259107374,11.273066116447874,,,,
2050,Greece,9.182676,64554.1,1.2028447567184797,733.2368986616267,552.4324013919082,109190.78199058722,38.36164515435315,30.202661495998665,,,,
2050,Hungary,8.553183,69255.4,1.2044075401703047,1744.5298898891851,365.4632733591342,280945.40261086624,37.96756520058896,11.000606178404782,,,,
2050,Ireland,6.44918,154111.0,1.165226048620216,1780.3661429767112,1.5849796094569173,1550324.4259033601,14.010221804512137,0.5466398853695333,,,,
2050,Italy,55.772064,73350.95,0.9995615266285895,1343.600857868468,372.95662993166104,1878464.6804421619,27.9887360265376,13.532478899084072,,,,
2050,Latvia,1.535556,69794.81,0.7063392179556649,2822.53345050138,36.453480282013544,41776.10636389973,38.791962345245054,8.521068325004759,,,,
2050,Lithuania,2.485856,84523.48,0.7595692431298096,2686.642161370718,65.7740598292927,100665.15742163351,34.429904925993306,17.429209917464988,,,,
2050,Luxembourg,0.910321,155717.5,1.4820390863822475,2072.5625378505706,45.03704922162738,28045.03451003409,25.00369361814004,3.3798878765237315,,,,
2050,Netherlands,19.125683,102433.0,1.7060198191022113,1649.5022884371554,29.48758272502065,941992.9385221638,36.41842331337816,6.409243353905651,,,,
2050,Norway,6.166413,104882.5,1.0306600358985119,4202.674070883559,2.2036651614664726,325120.9376725156,36.65396535470831,22.336984887542382,,,,
2050,Poland,32.946342,70585.09,0.09198961088605628,2282.4204323171048,125.01535350362138,1237795.696594784,37.86338314384629,9.489066037111895,,,,
2050,Portugal,10.661668,63721.3,1.4781091944712443,938.4804122517636,278.55960961762014,249880.9993413678,28.804073861911718,14.021646982017632,,,,
2050,Romania,17.148348,64174.05,0.5275380561966525,2125.9126004908767,344.5153979790502,397946.6740323875,23.681034462977497,8.10248329594704,,,,
2050,Slovakia,5.091007,61770.23,0.5837479536083823,2282.9344830291866,188.72205665500047,173433.15097478844,43.7881714142316,6.093919734736537,,,,
2050,Slovenia,2.098768,69782.43,1.1033844856577657,1932.999124886915,211.15399712205632,112046.0191070085,37.23376114875225,10.43596835474227,,,,
2050,Spain,53.877467,65644.06,1.2637241615544248,1280.3269055480291,330.23619282047326,1097615.2835110053,32.649750652093104,14.536360367771886,,,,
2050,Sweden,11.457559,94148.38,1.5437033763486374,3827.886324074235,7.947360221547941,326204.64530381904,45.3010760643148,9.646601295474614,,,,
2055,Austria,9.453914,91261.13,0.9620932581113184,3158.772629643662,80.58280105096546,514714.32972710795,28.34085376363255,14.72624136304342,,,,
2055,Belgium,12.646069,90874.28,0.9875736973192328,1968.3432185566264,35.31718736403468,498542.08895541023,39.998490152544065,19.05725901733516,,,,
2055,Bulgaria,5.272295,65078.6,0.9397808381171213,2199.663366535155,458.3772237220229,161877.48727279424,39.765104038651884,11.525634542645664,,,,
2055,Croatia,3.349029,81683.97,0.8282482171757977,1701.1354130318157,373.2351222782239,95720.77194346576,29.227720996422683,10.280650669073427,,,,
2055,Czechia,10.483569,76329.34,1.1099285515453028,2791.1567639952955,91.97481308701748,691802.2050257095,37.42735313116595,6.695146836070206,,,,
2055,Denmark,6.283193,115367.5,1.2860309451500518,2560.043209036022,6.14852548517439,772898.1412790442,22.245586422483456,7.420929776417492,,,,
2055,Estonia,1.260817,85275.82,1.3235634404359597,3762.3761470091777,7.438166446956217,54888.6681644133,40.42636469467943,4.33626864197051,,,,
2055,Finland,5.557768,88385.8,1.2988897315347803,4779.2015757392755,5.8837474139547625,219627.5321213972,55.35140667808034,22.95697941164585,,,,
2055,France,70.666277,83163.14,1.4540177834066137,1614.935327460807,123.71737673897648,1484968.7937100024,31.68216496085487,13.314962228581505,,,,
2055,Germany,79.415128,92169.8,1.0567806197992802,2462.24129229796,55.92037222925303,4705016.37244911,25.36129104294326,10.720552601958865,,,,
2055,Greece,8.893184,71009.87,1.2920341687676418,903.8546983136335,583.5634528646709,122942.07164162483,32.94244997587245,31.30428924320132,,,,
2055,Hungary,8.390984,74657.07,1.1256130148997512,2263.4880779697096,320.4463527775402,358181.63635943463,32.60404011072885,11.215995512525106,,,,
2055,Ireland,6.537342,162254.4,1.348790061915417,1729.9206047026112,4.3255149165816835,1978650.4806738573,12.031054171138578,0.46941826937156406,,,,
2055,Italy,54.395562,79113.11,1.0253124205737318,1408.7103697636046,407.1812420024597,2201318.48310631,24.034879962323163,13.330935534952117,,,,
2055,Latvia,1.487144,74478.67,0.7109525340650347,3644.447504284302,16.964316526197788,53318.07430528418,33.31197798953497,8.006767945796643,,,,
2055,Lithuania,2.412771,89597.76,0.4811559800411258,3517.122443652025,23.543995029304817,128477.08440339098,29.566130861566375,17.889832445410654,,,,
2055,Luxembourg,0.933017,162338.1,1.2480184900929725,2324.3918621297976,41.91263253347479,33649.06919187277,21.47152247807471,3.4893695412760493,,,,
2055,Netherlands,19.140557,110468.5,1.4147894742565947,1923.446029515395,21.201047663761813,1163689.7177148187,31.273739261543838,5.615858443418297,,,,
2055,Norway,6.223572,109246.7,0.9763263916469089,4467.137717483678,3.5976367193101666,361595.9170120549,31.47600722691687,23.07074469060853,,,,
2055,Poland,32.063901,73155.17,0.2703354040665573,2995.306008768804,64.75034952111866,1579775.825705768,32.51457543373652,8.891809798624267,,,,
2055,Portugal,10.42726,70211.43,1.5429400513738756,797.882431634999,290.28842510014294,306058.1324386555,24.7350383039995,13.734058207888499,,,,
2055,Romania,16.753913,67409.47,0.5809322586542986,2609.530760286274,373.37954859800607,489535.61472548934,20.335710057133024,7.838132030608176,,,,
2055,Slovakia,4.979274,64976.34,0.5997624300005722,2834.3868666925264,147.41511146749255,214039.66413521217,37.60239271658461,5.249440156487997,,,,
2055,Slovenia,2.075585,74974.53,1.3064335622260836,2272.6310228689067,163.5332864232562,143002.26833779778,31.97389760322015,9.984868996537552,,,,
2055,Spain,53.819505,70148.7,1.3555294219893765,1073.4594109601012,395.31481209697273,1279936.0078618426,28.037451815572997,14.123695763544923,,,,
2055,Sweden,11.584352,100097.0,1.4052887137050218,4362.8395419036115,8.167765666675798,360166.21439229127,38.901575417250804,9.469623164889885,,,,
2060,Austria,9.392821,96652.66,1.1273872761431214,3210.0985178456276,97.3870463735028,602006.7380613157,24.33725544421925,14.220064954676475,,,,
2060,Belgium,12.637926,95839.99,1.1208374047089853,2090.151997638954,55.60930854128204,584893.5079757246,34.34806447061608,18.311005007861528,,,,
2060,Bulgaria,5.120715,71240.9,1.4252653166683338,2137.3923320603176,360.0212309771155,206601.25239009585,34.14764787349097,10.824915601694878,,,,
2060,Croatia,3.265212,87369.46,0.8215093628573422,1631.9048195602415,344.9681874190638,118161.61080771085,25.098838513294545,9.970061429290796,,,,
2060,Czechia,10.357747,82451.06,1.41800557293148,2831.464713870425,106.12648332487804,876887.7465622879,32.14014162562174,6.116537292905591,,,,
2060,Denmark,6.273573,122689.5,1.1692346404715837,2660.0490741717063,13.164031477808097,986435.6474049651,19.103041982636537,7.215352213255286,,,,
2060,Estonia,1.240526,93528.42,1.6875810782166933,3593.781356988484,25.24545449974746,70053.39516842146,34.71549489867852,3.8341566897126826,,,,
2060,Finland,5.516127,94992.24,1.3280925678878175,4657.233913808663,18.872650960251164,249109.16526438584,47.53213628482594,23.433700074908344,,,,
2060,France,70.262804,89915.06,1.4557977400551092,1769.342285582613,115.31115597466923,1652336.1293293552,27.20655305972647,13.171325022787702,,,,
2060,Germany,78.505228,98654.39,1.2239143054514123,2497.037922184554,92.5411020944456,5466948.861682489,21.778603554256087,10.19511878171978,,,,
2060,Greece,8.589605,78604.73,1.4300274667941038,794.44966267495,461.5130488870072,138425.17384697613,28.288802684201904,32.44609833977173,,,,
2060,Hungary,8.220534,80759.63,1.212628638350477,2276.91995382825,355.80935243341,456651.30460532533,27.99819861837055,11.43560212017566,,,,
2060,Ireland,6.580861,172883.7,1.4312262466849912,2146.6033908305512,1.5063127857600829,2525315.127115809,10.33147558179664,0.4031054401945715,,,,
2060,Italy,52.82884,85707.31,1.0415305371253014,1395.3349198346966,314.3712426815756,2579661.5259888233,20.639569227262097,13.132393818037084,,,,
2060,Latvia,1.439369,80620.08,1.1204335348076855,3502.303983301717,43.18795176008493,68048.87518383925,28.606128962983245,7.523508848029428,,,,
2060,Lithuania,2.340899,94399.67,0.43338238776400306,3414.456355988057,51.53183064204568,163972.93402780435,25.389442579125983,18.362628394541517,,,,
2060,Luxembourg,0.947757,169767.2,1.2322027082208198,2431.6845129758076,64.96831393493474,40372.917247591045,18.438326935505195,3.602397547018018,,,,
2060,Netherlands,19.136214,117965.3,1.2677108638923906,2041.0702857470244,46.715451045491264,1437562.5376127304,26.85582401475777,4.920684754042629,,,,
2060,Norway,6.263911,114082.6,1.039608759268984,4703.7883902106405,3.415038535253861,402162.9862900155,27.0295183989327,23.82860816976643,,,,
2060,Poland,31.150906,77049.31,0.6023802748044593,2965.4678927868913,98.95113433964188,2016238.759231487,27.921372256138973,8.332145775536688,,,,
2060,Portugal,10.184206,77416.83,1.4516433409523577,864.1181537717752,329.64517206389627,374864.75833991216,21.240819018637254,13.452367977854184,,,,
2060,Romania,16.333523,72256.62,1.0077199666437497,2543.820864782607,360.3081192156832,602204.0984947704,17.462966162829872,7.582405478080642,,,,
2060,Slovakia,4.850265,69326.4,0.8880310203658315,2855.3110133290247,182.3769552982599,264153.5229315732,32.29045407346516,4.5219863660938575,,,,
2060,Slovenia,2.047613,81846.32,1.6172575263472266,2240.8308814752104,195.7649204551087,182511.15847520897,27.457073806132904,9.553268608055166,,,,
2060,Spain,53.468132,75910.47,1.5172628637296182,1176.4244357534312,363.3980747455048,1492541.3383284807,24.07671386795685,13.722746063962134,,,,
2060,Sweden,11.6671,106829.7,1.5374956425738828,4526.4025317312835,11.973011778580126,397663.56444389734,33.406106464128044,9.295891904134832,,,,
