nuts0,country,year,hdd_annual,cdd_annual,tas_annual
AT,Austria,1950,3932.643884927661,58.85032290969174,278.65245134842326
AT,Austria,1951,4025.19387938027,47.400667061468646,278.2750958159107
AT,Austria,1952,3773.5050771694832,32.05178203325079,278.8747988844994
AT,Austria,1953,3750.3449507148075,49.81847829163296,279.06003220947275
AT,Austria,1954,3594.851857756675,41.20213689609904,279.4351853125983
AT,Austria,1955,3901.6283037953367,85.89168321626148,278.9110662482773
AT,Austria,1956,3732.057363157463,53.6349217320456,279.2170062211466
AT,Austria,1957,3777.875251328055,43.54032942549862,278.9876842157512
AT,Austria,1958,4129.591802747757,36.84759014448234,277.9546132113559
AT,Austria,1959,3413.1222141072726,59.52565191806982,280.11455784922464
AT,Austria,1960,4008.7930903219285,34.71625853877022,278.2932262153273
AT,Austria,1961,4211.693735549448,17.610365895829574,277.4738514456245
AT,Austria,1962,4079.4365738811275,23.755017569985746,277.9574709755846
AT,Austria,1963,3795.303785587618,38.8950692656233,278.8371534049347
AT,Austria,1964,3488.2308538274665,26.615811624055347,279.60453932256615
AT,Austria,1965,3727.6804033184544,42.68314018062189,279.13232386682307
AT,Austria,1966,3720.1417773447824,48.90250216871747,279.25754161065004
AT,Austria,1967,4027.415439475954,16.040016689138824,278.0029702030291
AT,Austria,1968,3867.8889117699914,13.350870692033824,278.4662000021242
AT,Austria,1969,3879.5048221890056,34.30551036415133,278.5890418198406
AT,Austria,1970,3797.8449870340564,24.253416174371154,278.7399123488793
AT,Austria,1971,3900.255042951155,58.2546507879069,278.6904137956026
AT,Austria,1972,3515.7371454263907,30.153187422107447,279.5958127550875
AT,Austria,1973,3586.7477486674934,26.36729169878589,279.38741835367557
AT,Austria,1974,3604.266194241934,50.06138046673336,279.4874117072781
AT,Austria,1975,3852.03984434048,37.9751838178207,278.72892070267847
AT,Austria,1976,3730.083016681344,34.89004318924998,279.1198349717623
AT,Austria,1977,3968.4601044430883,18.29608003827924,278.1702494452272
AT,Austria,1978,3733.0512080011467,73.20348143211936,279.3547217163839
AT,Austria,1979,3471.1239765604205,98.66225603171962,280.202460946234
AT,Austria,1980,3409.28632455571,40.915610028303874,280.00754187590866
AT,Austria,1981,3381.703613900689,48.753377970990144,280.1429553645377
AT,Austria,1982,3428.2293321682337,37.31154542402249,279.8725099838967
AT,Austria,1983,3613.14197400422,37.90334202708559,279.2810641668285
AT,Austria,1984,3916.4889071412317,28.63194952460653,278.4923188721858
AT,Austria,1985,3487.2496698409477,37.23260268366472,279.74712102768774
AT,Austria,1986,3482.124470856398,66.95505908558398,280.0035757501626
AT,Austria,1987,3483.632720557649,61.6847502085686,279.96576351769534
AT,Austria,1988,3554.922999745741,33.986923627763254,279.59017683559745
AT,Austria,1989,3555.7159566404293,19.361736409340136,279.393138831371
AT,Austria,1990,3647.948555965075,25.64684200596804,279.17606270147223
AT,Austria,1991,3670.064970801799,35.07519999080047,279.22204848252466
AT,Austria,1992,3725.4820069909256,29.425028703474457,279.0323135532759
AT,Austria,1993,3756.6320677924678,38.091876849219304,278.9664630598565
AT,Austria,1994,3504.234699632894,29.18230975425237,279.59289606877036
AT,Austria,1995,3687.957887064201,43.00945775173591,279.1772323914211
AT,Austria,1996,3856.4216672468006,44.67781996765527,278.75153423674897
AT,Austria,1997,3647.514201480489,26.67863707877678,279.168110971429
AT,Austria,1998,3233.922233980104,63.81989818761826,280.7603995276466
AT,Austria,1999,3346.6482337739485,36.8660446664678,280.0994907460157
AT,Austria,2000,3097.586370708307,75.82743923701432,281.1879448389653
AT,Austria,2001,3507.982545025083,51.63283659156196,279.7825445191583
AT,Austria,2002,3549.8658138145393,37.93049129023652,279.518912538432
AT,Austria,2003,3307.0787046094065,48.737483258056756,280.32759136955053
AT,Austria,2004,3647.4380902579,54.68244349634124,279.4825031535237
AT,Austria,2005,4012.313315291205,49.39969842715962,278.390544215329
AT,Austria,2006,3392.8494400491454,78.64963105743684,280.3303846559204
AT,Austria,2007,3650.966146290665,74.04693640106522,279.59054458245157
AT,Austria,2008,3590.486337191368,64.96106246042012,279.66470704100084
AT,Austria,2009,3575.017853008296,31.03755937366854,279.40863707660515
AT,Austria,2010,3913.1261606087965,26.59203016372892,278.490002833945
AT,Austria,2011,3210.1926067329277,121.75155427416853,281.0731528808676
AT,Austria,2012,3450.4970190142994,58.675375520836,279.9908003032576
AT,Austria,2013,3471.437131063439,53.952530872229204,280.000518123981
AT,Austria,2014,3462.0377743901054,32.3345740631637,279.74191296030733
AT,Austria,2015,3839.3481155820973,70.7780240224497,279.0702755783165
AT,Austria,2016,3126.819044175284,69.85649263632347,281.1349850453833
AT,Austria,2017,3478.5929406659166,28.795109027410312,279.67549085309554
AT,Austria,2018,3561.1904429771657,22.272953100012735,279.33447629383267
AT,Austria,2019,3406.9146635794677,33.116923451642975,279.85525202801244
AT,Austria,2020,3663.0139274986027,60.39854507524092,279.5066743380863
AT,Austria,2021,3908.193335782021,24.322729524897525,278.47433324648875
AT,Austria,2022,3265.6686747485683,67.5758933891373,280.59544715205374
AT,Austria,2023,3543.6749044247335,29.620234894043335,279.51690409984565
AT,Austria,2024,3444.953087698039,43.03463444460362,279.87910435031614
AT,Austria,2025,3379.147460837651,27.660343725848723,279.9678750839332
AT,Austria,2026,3732.4068119930553,33.3475823203149,279.0181873036882
AT,Austria,2027,3906.6582793442817,60.98789842927525,278.7258199705523
AT,Austria,2028,3633.1064167616055,53.175922182090545,279.5246701095913
AT,Austria,2029,3350.720557069407,72.93112179612119,280.3710000710472
AT,Austria,2030,2990.509588406021,116.780432581281,281.64868580573636
AT,Austria,2031,3207.463852430654,132.8334620957977,281.19911619366195
AT,Austria,2032,3493.8160978043898,51.93700911543712,279.8793492324627
AT,Austria,2033,3352.6571614876275,87.70261746871319,280.53161837683473
AT,Austria,2034,3125.309149258901,110.36882910180742,281.30169316241006
AT,Austria,2035,3573.238711685226,31.24021304957744,279.41457369773246
AT,Austria,2036,3264.824535290105,64.0316369880739,280.6476298164422
AT,Austria,2037,3036.595757061859,71.40010465640484,281.2961356318799
AT,Austria,2038,3297.2488583133672,60.88508901747397,280.40053112825836
AT,Austria,2039,3065.554361470564,95.11462189552378,281.3643705626538
AT,Austria,2040,3318.2890649199485,37.63053533543387,280.1956850032394
AT,Austria,2041,3389.9292805652517,67.32855523565782,280.2741305574624
AT,Austria,2042,3110.7305325553025,125.62399730594679,281.4055781773357
AT,Austria,2043,3342.469790853551,68.43604776952584,280.4147289708471
AT,Austria,2044,3419.4119424473165,75.04128824474051,280.3704322334002
AT,Austria,2045,3372.970376541699,56.18192234086598,280.14264911947384
AT,Austria,2046,3433.3187236574586,55.31975602729099,280.0525669064165
AT,Austria,2047,3464.0375753938188,93.33433599293079,280.2901846865908
AT,Austria,2048,3394.411455370948,96.22700259978197,280.4738036594644
AT,Austria,2049,3248.6513193427754,85.02395330588203,280.7860943458347
AT,Austria,2050,2877.7943210161393,103.08838524914907,281.92791699779735
AT,Austria,2051,3300.536938054156,62.85132791273898,280.4047958679273
AT,Austria,2052,3443.7053079543393,53.64733257913272,279.959157861617
AT,Austria,2053,3427.6445911650826,26.199273826381887,279.7940500920674
AT,Austria,2054,3373.6132890148715,45.92143110216855,280.05134756159
AT,Austria,2055,3158.7726296436626,80.58280105096546,281.02624062655207
AT,Austria,2056,3359.5919541490357,30.312680783777914,280.05409012954993
AT,Austria,2057,3338.346848607511,158.31648523889422,280.9825789356287
AT,Austria,2058,2979.1069896559366,109.03886752817792,281.7465474625136
AT,Austria,2059,3810.8817727922697,62.007379683664475,279.05484003184046
AT,Austria,2060,3210.0985178456276,97.3870463735028,280.98783699696975
AT,Austria,2061,3302.7671063339512,67.90066667072705,280.54118997266215
AT,Austria,2062,2950.8189371381786,183.88601798735166,282.1966850680301
AT,Austria,2063,3037.769128522292,165.63452776016476,281.7632396349134
AT,Austria,2064,3500.6946174710756,39.182588236124566,279.7778086194428
AT,Austria,2065,2950.2102393761447,60.302552111041365,281.4193540857936
AT,Austria,2066,3402.1240269214913,35.84948488009747,279.8928753687702
AT,Austria,2067,3232.223278826241,89.63926173073372,280.79268660611876
AT,Austria,2068,3443.1210727081802,57.04640505768931,279.96062269113213
AT,Austria,2069,3199.4191245672973,91.69751300055249,280.9776588018082
AT,Austria,2070,3771.735389273204,67.41330120120202,279.18966154996406
AT,Austria,2071,3259.2483688555467,137.67094506643235,280.9949906386802
AT,Austria,2072,3256.9733191754895,69.79764083889087,280.68368107893724
AT,Austria,2073,3561.95681079076,60.47467598710817,279.7102517071526
AT,Austria,2074,2960.7913096732073,118.93396745266922,281.773125263328
AT,Austria,2075,3115.718284658102,59.65765805299816,280.9721369522565
AT,Austria,2076,3235.361427472235,65.17675411856852,280.63047153705804
AT,Austria,2077,3137.5215758160266,74.3290870111978,281.01949190185076
AT,Austria,2078,3125.4281516037654,65.73805237598123,280.9720074306511
AT,Austria,2079,3461.0381322611256,54.780292855887936,279.8833674866805
AT,Austria,2080,3290.885370917933,72.79865227990783,280.65282125714384
AT,Austria,2081,3251.414949172511,54.89417046784108,280.5521969218926
AT,Austria,2082,3439.3833682028257,57.227450267815904,280.135458892948
AT,Austria,2083,3247.2898731822816,68.09657847882934,280.6960759274358
AT,Austria,2084,3460.261450740173,96.55510505172714,280.3130750269542
AT,Austria,2085,3299.459944558168,59.161574974003905,280.4797019793273
AT,Austria,2086,3254.822144655985,189.03138574925146,281.4911607768908
AT,Austria,2087,3104.6062970738994,50.211617514941594,281.05776060326906
AT,Austria,2088,2928.2262128791253,121.5804028860322,282.05504537012996
AT,Austria,2089,2867.6920240998343,105.36076363448461,282.08179929808875
AT,Austria,2090,3185.31376486332,126.38664894341758,281.2278301423837
AT,Austria,2091,2977.8067730067814,134.79801933538948,281.8946497505023
AT,Austria,2092,3163.9429246460327,109.00702659243049,281.1443110217569
AT,Austria,2093,3078.5980887755886,101.58582705611727,281.46971468529426
AT,Austria,2094,3273.7200104196518,66.87678262025764,280.55257844450546
AT,Austria,2095,3093.7451360984314,51.39123654194623,280.9389489135711
AT,Austria,2096,2888.28303366828,125.31490545972473,282.0330269191139
AT,Austria,2097,3030.460438457776,121.570819266698,281.6628579166277
AT,Austria,2098,3232.8064673980225,70.31374074623629,280.70793349282155
AT,Austria,2099,3015.2617801158435,126.19096961585726,281.7332233507617
AT,Austria,2100,2886.0125830250645,109.43736607159656,282.04063378261105
BE,Belgium,1950,2735.1141014423056,35.66893387353879,281.86369319156506
BE,Belgium,1951,2619.5730796210273,40.382546164579594,282.1118680142335
BE,Belgium,1952,2558.247518322459,51.37342264649347,282.4481779171007
BE,Belgium,1953,2638.472932625266,8.870757913497371,281.81581869089484
BE,Belgium,1954,2442.3437644079054,12.984132405107868,282.4308448801064
BE,Belgium,1955,2695.5634727339884,52.87886519227874,282.17027691973
BE,Belgium,1956,2633.399685393764,29.124335223105042,281.97485183319645
BE,Belgium,1957,2558.003531192916,43.88869783430994,282.3529639078585
BE,Belgium,1958,2753.4879615638183,9.758240384821516,281.4857571836655
BE,Belgium,1959,2423.2324544902813,38.662330607020564,282.7234545320867
BE,Belgium,1960,2817.393066181924,24.80619725928264,281.45044165703234
BE,Belgium,1961,2806.507248026576,17.370990622425904,281.33919090905636
BE,Belgium,1962,2617.2444468723115,18.419993773441497,281.97710719656425
BE,Belgium,1963,2503.140840651674,42.796994230139504,282.5221243315979
BE,Belgium,1964,2394.8655102542602,15.29164851186118,282.51803177735894
BE,Belgium,1965,2539.745995262488,27.203297923177416,282.28910856536277
BE,Belgium,1966,2492.6791069979413,48.45004314342644,282.7024827473012
BE,Belgium,1967,2898.742317263451,27.66592767840558,281.24388012736074
BE,Belgium,1968,2487.397961630737,23.942724709748223,282.458893800187
BE,Belgium,1969,2675.0329864306173,16.295975777280713,281.8702317615532
BE,Belgium,1970,2447.4797034506037,28.459202610562294,282.69351136084657
BE,Belgium,1971,2691.9225099770106,37.3334616739484,281.90790543792406
BE,Belgium,1972,2367.8939980654723,13.414608820330452,282.63917398032106
BE,Belgium,1973,2341.4001165021896,19.01861863616935,282.7848510538574
BE,Belgium,1974,2438.886544798556,9.806739943848317,282.3461776336725
BE,Belgium,1975,2425.4472626728857,60.086875075952875,282.90051422592285
BE,Belgium,1976,2391.15505376852,42.42970112093806,283.00805108482166
BE,Belgium,1977,2535.8774811764793,18.69040406723513,282.25062603197216
BE,Belgium,1978,2347.0822258770604,61.455318171262334,283.2027070683839
BE,Belgium,1979,2246.9395488443865,70.02041001615316,283.5813731108574
BE,Belgium,1980,2176.824483658571,17.19618598929293,283.28031474195524
BE,Belgium,1981,2123.571578531535,23.254977114159438,283.44302403070964
BE,Belgium,1982,2201.9906448909283,7.538159717521966,283.12093876800395
BE,Belgium,1983,2435.5688349460142,14.162061791269677,282.4241792109772
BE,Belgium,1984,2870.5478308247984,18.47614324429403,281.33844645184814
BE,Belgium,1985,2143.6193079957684,27.951691128717272,283.49882811830264
BE,Belgium,1986,2370.35780943603,72.21396491982927,283.2698880793479
BE,Belgium,1987,2202.042244577605,76.83092383010084,283.84563918090356
BE,Belgium,1988,2249.8127839537965,35.1343324723295,283.2534223773392
BE,Belgium,1989,2313.427827206153,24.63818995608572,282.97510577537656
BE,Belgium,1990,2276.9519201528847,46.29613192140583,283.21701233099594
BE,Belgium,1991,2261.670942748939,35.74839870293866,283.25625272588286
BE,Belgium,1992,2438.7794785086608,24.16601517520699,282.54360701552355
BE,Belgium,1993,2493.64047084027,19.796885642946144,282.34790200375693
BE,Belgium,1994,2386.537351269274,16.910851619617794,282.71790115362523
BE,Belgium,1995,2345.675387085618,31.12712616483855,282.87095539305994
BE,Belgium,1996,2591.6928212777707,51.268257617766814,282.333055074051
BE,Belgium,1997,2335.9408627194243,15.224674019391912,282.82576441146557
BE,Belgium,1998,2120.1459591826388,100.135246614504,284.19691100256017
BE,Belgium,1999,2193.2509615773774,51.84277348569843,283.5079123103186
BE,Belgium,2000,2201.702099993119,66.50988032034806,283.64530906905804
BE,Belgium,2001,2412.2204514014365,17.199727182128314,282.56092874142576
BE,Belgium,2002,2215.7455858422136,37.90459344721111,283.28946829611243
BE,Belgium,2003,2252.3980433111537,39.99521785904878,283.2135716145459
BE,Belgium,2004,2535.813414641315,50.0363376835102,282.65844602434163
BE,Belgium,2005,2588.050615975892,77.24956754068135,282.6597838986711
BE,Belgium,2006,2232.781486803061,65.89241208238248,283.5575919991588
BE,Belgium,2007,2304.6354420437124,27.634948175764528,283.102155935023
BE,Belgium,2008,2311.52733165412,49.00473566547545,283.25923141617005
BE,Belgium,2009,2327.276131394444,30.229990300825207,283.00439144301697
BE,Belgium,2010,2814.2015789360894,38.28586924975214,281.7703980009033
BE,Belgium,2011,1870.6728932049255,92.93620543960249,284.80393201412215
BE,Belgium,2012,2141.97352693644,47.94976058428611,283.76207963600234
BE,Belgium,2013,2290.1946850710847,71.43271718691555,283.53605747050415
BE,Belgium,2014,2241.2400900876055,17.423077905173564,283.08840643684846
BE,Belgium,2015,2453.6694543570275,39.925056164759,282.7708242544558
BE,Belgium,2016,2042.0769339169606,111.11978934037037,284.5103587092766
BE,Belgium,2017,2266.2686348385405,18.89165685899797,282.9842984161832
BE,Belgium,2018,2354.131093275583,17.73890394400729,282.7729751705933
BE,Belgium,2019,2123.6384057446717,37.04580483124611,283.57666822976034
BE,Belgium,2020,2478.4020807495626,43.51367721477554,282.7462938822691
BE,Belgium,2021,2702.7145203942173,17.432041124278122,281.8796838923173
BE,Belgium,2022,2179.826374901886,81.58919890972692,283.79822784061105
BE,Belgium,2023,2205.4068757808327,46.27637452968098,283.4435226068216
BE,Belgium,2024,2212.880703912421,16.821981103412128,283.0471627128736
BE,Belgium,2025,2096.058322001106,12.210902176912796,283.3268805576553
BE,Belgium,2026,2528.9450818544656,9.14859705551266,282.15986443090503
BE,Belgium,2027,2650.4522977187953,29.899190838741845,282.0609826380542
BE,Belgium,2028,2260.4485411657015,74.14122235955828,283.55286237174846
BE,Belgium,2029,2187.1771683070724,78.39829937366737,283.69962925637935
BE,Belgium,2030,2076.489654324029,90.1699084044727,284.0356766196928
BE,Belgium,2031,2094.361465562163,102.75308249310677,284.2145543816028
BE,Belgium,2032,2182.236883415111,54.3555601526201,283.6906128038419
BE,Belgium,2033,2277.3018077150414,90.18901202548227,283.7048093174243
BE,Belgium,2034,1981.0506842122923,76.77535077998385,284.35615459864573
BE,Belgium,2035,2158.142996805981,25.81237188332135,283.41042224944084
BE,Belgium,2036,2152.829226476218,24.70212849152456,283.4017522842404
BE,Belgium,2037,1881.6831617496666,52.6119226422321,284.4118277231598
BE,Belgium,2038,2054.5569228030995,20.795387791588382,283.7307666606792
BE,Belgium,2039,1961.106607659573,51.299473073620405,284.1820822218894
BE,Belgium,2040,2290.2918473373074,21.955107496598316,282.9610828448457
BE,Belgium,2041,2175.583511622222,55.974932378702945,283.52437954071416
BE,Belgium,2042,1957.155843957095,94.02714498181467,284.53763075059544
BE,Belgium,2043,1950.4374589704757,70.80066485285225,284.4163701682618
BE,Belgium,2044,2353.2725630433083,39.75777017830409,283.0820469718164
BE,Belgium,2045,2120.931327972852,42.78953046765442,283.74605943165886
BE,Belgium,2046,2091.1689616801486,20.872478501790106,283.6299692738121
BE,Belgium,2047,2479.0645550231293,73.95206490816221,283.0915839888353
BE,Belgium,2048,2160.046626215204,97.93890661491128,284.05718146204595
BE,Belgium,2049,2127.4407006626707,57.96688664942063,283.8181989291417
BE,Belgium,2050,1765.9206182015982,38.21616859332349,284.73324389245005
BE,Belgium,2051,2146.777401885788,64.59169379152257,283.6313556951467
BE,Belgium,2052,2208.743797641601,47.70306616835411,283.4164398012137
BE,Belgium,2053,2182.366132859762,40.948056583027224,283.3623754909509
BE,Belgium,2054,2249.4339007266935,17.53403960740431,283.02545473762973
BE,Belgium,2055,1968.3432185566264,35.31718736403468,284.0609966300847
BE,Belgium,2056,2141.9239378934003,7.533623090814358,283.2117626714073
BE,Belgium,2057,2182.773291920329,76.43879286222646,283.85591244492883
BE,Belgium,2058,1996.0749749502374,48.87747150777769,284.1144419378957
BE,Belgium,2059,2601.9424341789586,40.04313658034661,282.32060545776983
BE,Belgium,2060,2090.151997638954,55.60930854128204,283.944792516658
BE,Belgium,2061,2149.8051172053706,35.964583287617366,283.5295431346576
BE,Belgium,2062,1914.308779299747,172.17167536849865,285.26235906762895
BE,Belgium,2063,1992.4627232938192,124.81898033028456,284.49066843391836
BE,Belgium,2064,2383.6301587562307,26.533491338674374,282.804493792393
BE,Belgium,2065,1953.8462681868614,35.31269134423672,284.12295154229867
BE,Belgium,2066,2219.769287398918,10.365447499897057,282.9493754411925
BE,Belgium,2067,2059.405904223956,35.04717431403717,283.8074589558509
BE,Belgium,2068,2250.6619429559405,69.39448133769712,283.428218625577
BE,Belgium,2069,1935.0491672363119,84.2485145050821,284.66288843202204
BE,Belgium,2070,2312.3422476571795,95.6698730515332,283.40940241901956
BE,Belgium,2071,1990.6074284332985,104.55664127527402,284.5705872116871
BE,Belgium,2072,2116.0187969420854,66.60422926028937,283.8094818325974
BE,Belgium,2073,2180.4891323070783,99.22776224046626,283.9690049932742
BE,Belgium,2074,1760.9905803475385,105.53705719339183,285.236591255684
BE,Belgium,2075,1933.63046422272,86.74850443079193,284.55864345542227
BE,Belgium,2076,2007.8831095126898,53.28859817291723,284.02803631379294
BE,Belgium,2077,1916.0667634264134,27.935280951693805,284.0619821466321
BE,Belgium,2078,1877.3648348366596,53.754644917416925,284.45385605503134
BE,Belgium,2079,2202.2592364906855,92.49076477496374,283.607544009023
BE,Belgium,2080,2061.744214386589,29.47460740896113,283.8159532100161
BE,Belgium,2081,2096.920918671609,50.48747977718308,283.81726507078235
BE,Belgium,2082,2213.61554083911,68.03316870773943,283.7092783114422
BE,Belgium,2083,2025.7037631306257,83.14626872384703,284.30352455811067
BE,Belgium,2084,2129.3027629170583,46.153898485167446,283.79999905933016
BE,Belgium,2085,2199.8172406745193,68.06259765814919,283.69959887344635
BE,Belgium,2086,2031.6583782473333,147.0335003072056,284.88164720739405
BE,Belgium,2087,1882.4829064885216,40.35141750132209,284.5367280741387
BE,Belgium,2088,1764.4553286352152,85.51953965029531,285.18948745302066
BE,Belgium,2089,1776.85744497522,62.274193640607976,285.0528565692741
BE,Belgium,2090,2044.8326393968268,91.98639135952132,284.36985130819505
BE,Belgium,2091,1872.7744671719452,122.55521565352048,284.93058182393884
BE,Belgium,2092,2045.1453489681453,40.769436407442335,283.969186659729
BE,Belgium,2093,2055.1386187511416,50.22578040258111,284.0036283311255
BE,Belgium,2094,2082.481246956071,50.859722822343855,283.89180208613465
BE,Belgium,2095,1950.2122128311453,45.343384286147696,284.18792638398645
BE,Belgium,2096,1791.0305060823366,97.44470596390586,285.11217458191624
BE,Belgium,2097,1891.216027465368,89.1262514752616,284.90566203655123
BE,Belgium,2098,1961.6399612882344,45.80568642699397,284.1074453272495
BE,Belgium,2099,1863.1670366877997,121.08249333678913,285.00518242498754
BE,Belgium,2100,1769.0620098530283,143.78650484517908,285.5084812701729
BG,Bulgaria,1950,2465.6816738458665,176.52451393158233,283.7696008559858
BG,Bulgaria,1951,2666.251350418037,143.10246088224417,283.02320438091454
BG,Bulgaria,1952,2668.630587385382,76.49960199558893,282.57959785571586
BG,Bulgaria,1953,2500.4970726171427,196.7980177832031,283.8589565552684
BG,Bulgaria,1954,2184.4886286630963,189.72194756543414,284.6791131014967
BG,Bulgaria,1955,2309.8560916995248,190.2524389419561,284.3505576236414
BG,Bulgaria,1956,2250.0512875649238,197.64633660736328,284.59779283601017
BG,Bulgaria,1957,2799.686704319258,109.29386972667062,282.5725007539541
BG,Bulgaria,1958,2686.9335371494103,148.76631917952903,283.13114857268687
BG,Bulgaria,1959,2286.709034074508,168.31621786224503,284.41932879869614
BG,Bulgaria,1960,2677.4261807372577,193.48749194348673,283.3614553440714
BG,Bulgaria,1961,2654.847727784439,117.94919922543596,282.8656313522862
BG,Bulgaria,1962,3012.281498790179,116.16202107299212,281.9816589482517
BG,Bulgaria,1963,2683.7056142251026,83.96215904633068,282.60700352531205
BG,Bulgaria,1964,2265.251945940319,169.35716659821406,284.26903352263344
BG,Bulgaria,1965,2537.822389809922,251.89391088950558,284.0032939496798
BG,Bulgaria,1966,2388.239915676085,126.89396976311589,283.7777145067355
BG,Bulgaria,1967,2456.7193275024124,122.16293989709129,283.5736787893789
BG,Bulgaria,1968,2621.4398628021922,49.4761149465428,282.5340910500594
BG,Bulgaria,1969,2490.4545554618953,214.02383263359468,284.01431968018414
BG,Bulgaria,1970,2986.6312462479,164.5188975373888,282.1978434398681
BG,Bulgaria,1971,2340.008367444004,167.68450862043127,284.14324728541095
BG,Bulgaria,1972,2035.9993955520406,170.5578673953361,285.10743601153956
BG,Bulgaria,1973,2314.247378495435,176.11289099279173,284.2143328968959
BG,Bulgaria,1974,2382.8598982669555,187.20256378764483,284.11599765626687
BG,Bulgaria,1975,2790.4096364905818,148.6725674817151,282.8676560855718
BG,Bulgaria,1976,2616.153280558253,110.96681041386454,283.12975294509374
BG,Bulgaria,1977,2538.0543283305656,121.82821681436089,283.3016652928023
BG,Bulgaria,1978,2429.4653861176207,178.056071740732,283.99022015910606
BG,Bulgaria,1979,2349.8695965766037,208.83659712459433,284.2596927748109
BG,Bulgaria,1980,2298.5473073067055,164.2554745515826,284.22233373022914
BG,Bulgaria,1981,2469.051185443155,179.39349260721244,283.8780414505063
BG,Bulgaria,1982,2327.2620454539506,162.26500480292486,284.21474029306125
BG,Bulgaria,1983,1855.814201422201,170.3047295530027,285.48894527454894
BG,Bulgaria,1984,2294.720914199776,199.02429073555558,284.4751680300071
BG,Bulgaria,1985,2583.3270075195746,161.57275248659107,283.4340933649442
BG,Bulgaria,1986,2257.032704761566,201.2119372763221,284.5958853566519
BG,Bulgaria,1987,2341.824844353266,170.78453261934564,284.21918766478103
BG,Bulgaria,1988,2265.4961563605602,114.98296566947607,284.0947911175277
BG,Bulgaria,1989,2062.545991828646,89.84403477973704,284.5171835604058
BG,Bulgaria,1990,2416.96324001172,129.4818368893318,283.71787347584916
BG,Bulgaria,1991,2276.3160272391133,107.23715156450845,283.9274888545104
BG,Bulgaria,1992,2383.4222791129337,210.4678020130162,284.2383675528518
BG,Bulgaria,1993,2325.5276914083947,146.22186724231628,284.10629840357944
BG,Bulgaria,1994,2239.2592651496793,179.76549135352025,284.4500822007528
BG,Bulgaria,1995,2387.6392575793293,194.25815075104137,284.10418218167
BG,Bulgaria,1996,2390.877124408055,135.25537165616757,283.82282522465533
BG,Bulgaria,1997,2486.0957856539303,112.06553998037884,283.3520199893935
BG,Bulgaria,1998,2129.91860710293,131.13043175871883,284.6325277135216
BG,Bulgaria,1999,2224.4117553325364,214.00708691706677,284.72725000889596
BG,Bulgaria,2000,1994.3364315178965,291.70435547821876,285.77708286438303
BG,Bulgaria,2001,2057.8595331662027,267.9081095558593,285.46301881458555
BG,Bulgaria,2002,2316.7265193011162,157.3227122471595,284.07929632640685
BG,Bulgaria,2003,2003.6858704610725,210.81683211169275,285.313699238751
BG,Bulgaria,2004,2216.9930608235177,206.9888863439565,284.64135577543993
BG,Bulgaria,2005,3075.9129252188536,220.71713712418318,282.4299245073161
BG,Bulgaria,2006,2326.2155975314226,259.61030443143466,284.7738210089443
BG,Bulgaria,2007,2847.3604364707485,270.4951467187795,283.4187754041704
BG,Bulgaria,2008,2497.4374499624787,226.86796550098373,284.00556639990316
BG,Bulgaria,2009,2204.55102837733,183.94778641872622,284.7016036287922
BG,Bulgaria,2010,2287.3527890938713,150.78000034215128,284.35380735319734
BG,Bulgaria,2011,2380.891458564854,290.8474037001265,284.69654622562996
BG,Bulgaria,2012,2253.4836952324117,229.9249387762739,284.7691236683363
BG,Bulgaria,2013,2237.8827397940413,221.09466500991644,284.8849176992764
BG,Bulgaria,2014,2185.964491834811,260.9322156372484,285.0865193541685
BG,Bulgaria,2015,2540.9518725727066,194.95977449164346,283.75145906543753
BG,Bulgaria,2016,2082.915059885494,211.04201638275833,285.33171765662536
BG,Bulgaria,2017,2023.9997206199257,205.3173232324673,285.2893865375937
BG,Bulgaria,2018,2036.3828321324545,94.51143928684463,284.49950483026873
BG,Bulgaria,2019,2131.5226753117536,179.80525028304393,284.8637168158479
BG,Bulgaria,2020,2362.586059516399,205.72187897984995,284.37240066653703
BG,Bulgaria,2021,2411.9728216684666,188.34840300818004,284.0109986923879
BG,Bulgaria,2022,2058.65038040325,215.31681212280677,285.18170629641344
BG,Bulgaria,2023,2392.521800401018,251.82614083435197,284.51910551729816
BG,Bulgaria,2024,2238.8650800674827,351.1186013487577,285.32846400827714
BG,Bulgaria,2025,2362.44873343445,297.38033623335417,284.8754095248882
BG,Bulgaria,2026,1995.5499848599234,274.15487828562755,285.7078999696076
BG,Bulgaria,2027,2436.782955415877,291.2745612276083,284.55086794550766
BG,Bulgaria,2028,2247.9557230986984,186.067302797835,284.4785434340988
BG,Bulgaria,2029,2047.3531290858282,271.0538333132986,285.411561861713
BG,Bulgaria,2030,1739.805880388758,310.0334471483517,286.72513717794425
BG,Bulgaria,2031,1999.0270750377586,308.04499120267064,285.7710625909906
BG,Bulgaria,2032,2287.173836041316,176.03341645786648,284.4111713875218
BG,Bulgaria,2033,2092.1036615310923,176.45126782986256,285.00831887750184
BG,Bulgaria,2034,2165.528438359844,241.06413653183571,285.16052191143217
BG,Bulgaria,2035,2351.674990376315,244.9123337638824,284.4502771000854
BG,Bulgaria,2036,2083.3822429073666,361.2227060477933,285.7947089502546
BG,Bulgaria,2037,1907.9732635436076,337.41208989997034,286.20434223095765
BG,Bulgaria,2038,2160.918890239571,266.8185318871163,285.19692216888234
BG,Bulgaria,2039,1769.672720995421,256.57079905561244,286.4318415352245
BG,Bulgaria,2040,1934.0974090197408,278.3788374782698,285.90228074147313
BG,Bulgaria,2041,2021.2639511919062,368.36397452784155,286.03060767732796
BG,Bulgaria,2042,2001.5382246536167,318.27424156754705,285.8577445214072
BG,Bulgaria,2043,2156.5910246910826,227.11324862977224,285.11281792008384
BG,Bulgaria,2044,2236.540495586967,319.24402183782956,285.19457304324334
BG,Bulgaria,2045,2106.5367425264503,240.49232095984078,285.13378161406786
BG,Bulgaria,2046,2308.600813096215,332.679613213638,285.05384982975136
BG,Bulgaria,2047,2029.2199549500006,235.54174596839852,285.4053417446018
BG,Bulgaria,2048,2072.818475965989,325.3901758429601,285.81522825172374
BG,Bulgaria,2049,2133.3855428954435,279.06006032008486,285.2505582858306
BG,Bulgaria,2050,1811.8936277449066,393.83307094104936,286.75685315118454
BG,Bulgaria,2051,2051.3473611176964,218.53383791695018,285.2335472365931
BG,Bulgaria,2052,2099.101564408073,221.59308057316096,285.07103127633394
BG,Bulgaria,2053,2154.9025685971155,265.81899918162657,285.1771201773495
BG,Bulgaria,2054,2056.4586908592155,333.83445647544835,285.80620110226704
BG,Bulgaria,2055,2199.663366535155,458.37722372202285,286.0014119689513
BG,Bulgaria,2056,2231.4274727614315,349.7749203923177,285.24673890572933
BG,Bulgaria,2057,2199.534283665136,342.914921051386,285.3844636144256
BG,Bulgaria,2058,1854.7513966366546,396.82587061428086,286.6866766517937
BG,Bulgaria,2059,2366.3827394491987,267.10567050327376,284.58357076298034
BG,Bulgaria,2060,2137.3923320603176,360.0212309771155,285.65431093195235
BG,Bulgaria,2061,2121.466225320357,239.73864028579527,285.14927942824335
BG,Bulgaria,2062,2182.726348433434,360.6325350584098,285.43103605471237
BG,Bulgaria,2063,1719.272829551131,340.2546754956548,286.75343287897095
BG,Bulgaria,2064,2004.258728230462,346.85353025683276,286.0946588540137
BG,Bulgaria,2065,1651.9915054197236,329.9691935959887,286.9230219390563
BG,Bulgaria,2066,2173.310238875374,277.1849204534052,285.25039870880767
BG,Bulgaria,2067,1972.3666685871174,377.7062575316048,286.1387095918459
BG,Bulgaria,2068,1953.370660710486,200.06281892554725,285.49737141456063
BG,Bulgaria,2069,2265.928866371744,330.28007115721607,285.13760051018886
BG,Bulgaria,2070,2503.7140489317912,194.89413982653278,283.84778872911124
BG,Bulgaria,2071,2233.794376378812,325.2462876823078,285.1439811058989
BG,Bulgaria,2072,2088.8041080131516,375.9210069962912,286.0532294832991
BG,Bulgaria,2073,2402.609478492485,213.73291320681923,284.2449038011284
BG,Bulgaria,2074,2037.7352399509994,353.4606322059029,285.95431991368673
BG,Bulgaria,2075,2121.9718430295875,328.1147741096509,285.7473460137419
BG,Bulgaria,2076,2140.8259256586757,255.11131039686532,285.1760307801291
BG,Bulgaria,2077,2119.9018365083575,461.53516957228425,286.3930836348813
BG,Bulgaria,2078,2070.2692879816686,318.6155787668568,285.7440246067913
BG,Bulgaria,2079,2266.8705330856837,237.16345597984397,284.70665812648105
BG,Bulgaria,2080,2414.7578024965783,339.5152876337136,284.9030869906515
BG,Bulgaria,2081,2156.8748460947377,286.67514021245387,285.1944281454836
BG,Bulgaria,2082,2230.5076232270326,323.7991825869709,285.19353279029144
BG,Bulgaria,2083,2264.4436343466623,311.9792117127597,285.15144784582253
BG,Bulgaria,2084,2170.773194964208,265.6278146007231,285.2387086850581
BG,Bulgaria,2085,2198.0578417240254,273.91270282371835,285.22993164362856
BG,Bulgaria,2086,2226.9239997086565,313.18674457172114,285.2438866544612
BG,Bulgaria,2087,2418.534859855358,335.0078618923799,284.9215172444408
BG,Bulgaria,2088,2055.2245290758874,369.6186095581945,286.05849973334233
BG,Bulgaria,2089,1882.4572359031547,292.6910777740148,286.1405382208165
BG,Bulgaria,2090,2003.1687240693243,330.96102589188905,285.96362138573943
BG,Bulgaria,2091,1862.026898035758,460.454224990847,287.0062210890775
BG,Bulgaria,2092,1772.5300792308294,416.2857730939215,287.0610764708873
BG,Bulgaria,2093,1775.582933516467,370.01751002721824,286.9218435228944
BG,Bulgaria,2094,2029.592426089372,299.9945455995531,285.7475762046266
BG,Bulgaria,2095,2177.244242597002,207.5601097741691,284.9759291122961
BG,Bulgaria,2096,1777.6014298087641,306.168616078856,286.48726039091974
BG,Bulgaria,2097,2028.2797162122756,332.8521810256609,285.9503096714749
BG,Bulgaria,2098,1963.16731900264,286.1734417623608,285.8749715113223
BG,Bulgaria,2099,2100.8453424299264,368.02554345611543,285.8439894546898
BG,Bulgaria,2100,1880.224912528348,293.43111502396874,286.24442303390566
HR,Croatia,1950,2072.9247315349335,228.75098138641027,285.2917681110094
HR,Croatia,1951,2232.3275836639295,171.85175378340472,284.53034504698815
HR,Croatia,1952,2002.3978366335502,102.01340517980353,284.81151907939727
HR,Croatia,1953,1981.469999061775,188.49981888485956,285.430426724369
HR,Croatia,1954,1819.2989492186161,176.30924260710907,285.7001185927812
HR,Croatia,1955,2074.2919397182823,273.1906498989813,285.42834049263666
HR,Croatia,1956,1973.226544447074,176.91245503421746,285.35490191160784
HR,Croatia,1957,2131.2046196619126,128.1905612440332,284.7174413186054
HR,Croatia,1958,2337.682756254683,96.6636280072706,283.88415530871004
HR,Croatia,1959,1740.2198034924124,204.37893973757195,286.1895149695481
HR,Croatia,1960,2246.7704606447987,174.25290980681416,284.6100117792192
HR,Croatia,1961,2311.1376707009968,91.99701329087415,283.7787099726927
HR,Croatia,1962,2438.3958318087475,102.02814780269075,283.5406234762113
HR,Croatia,1963,2120.148478333449,115.61261595253276,284.52211165275764
HR,Croatia,1964,1693.0528018336036,144.9554014516418,285.75813094260354
HR,Croatia,1965,1997.0588215319533,195.46296920808877,285.40607556305895
HR,Croatia,1966,1989.0293426540256,148.9804498377148,285.2506243361116
HR,Croatia,1967,2157.5111051512263,70.99808077146146,284.2464661052026
HR,Croatia,1968,2028.5067267030267,61.05644197992287,284.44705544765293
HR,Croatia,1969,2033.9066668210844,152.60412068532034,285.00856485415807
HR,Croatia,1970,2215.4229058199044,136.96153047919404,284.44973221177344
HR,Croatia,1971,2039.7347278205648,184.40391096221254,285.13199910977625
HR,Croatia,1972,1806.3040341387014,100.23203278523002,285.5590160671071
HR,Croatia,1973,1855.2721714008578,158.08424630298012,285.55269778492783
HR,Croatia,1974,1980.9752580444604,178.11339631800547,285.34969463791964
HR,Croatia,1975,2198.017713367749,162.87912870113905,284.63969219107076
HR,Croatia,1976,2104.1611029410433,118.75436629733997,284.79760100938495
HR,Croatia,1977,2097.566417085026,98.98962017066017,284.4553513860893
HR,Croatia,1978,2068.229810948087,239.04041525826514,285.4906408293796
HR,Croatia,1979,1811.5937097192186,285.04773134558366,286.35584155349585
HR,Croatia,1980,1748.0365916782466,170.02106729716215,285.9950894682357
HR,Croatia,1981,1872.675344209962,177.31681846217157,285.7119833391324
HR,Croatia,1982,1796.7561333849344,153.44714695417076,285.80895121376716
HR,Croatia,1983,1717.0399324094833,138.50514435440957,285.75479899772733
HR,Croatia,1984,2036.548319461905,131.8436576441147,284.95323761163013
HR,Croatia,1985,1899.9985296665516,154.77690127268903,285.50333608368504
HR,Croatia,1986,1749.6058938073613,208.3863740575262,286.1760282191485
HR,Croatia,1987,1879.5292342597463,186.0159470703091,285.69469037210075
HR,Croatia,1988,1875.1096168075678,147.82430782203977,285.5941277806443
HR,Croatia,1989,1738.5116350547282,82.81720649099933,285.49425606534453
HR,Croatia,1990,1947.345517636787,106.44144552182476,285.0406766724634
HR,Croatia,1991,1986.7406168495304,116.04969443247667,284.9610585295121
HR,Croatia,1992,1966.8398502136854,161.46462824309413,285.3141747286439
HR,Croatia,1993,1926.2806310776105,158.50562357602615,285.34915240824154
HR,Croatia,1994,1768.0455508974615,140.14404716445395,285.8020249850164
HR,Croatia,1995,1959.6218788086044,182.7856180066342,285.27576912177756
HR,Croatia,1996,2022.0253710520124,130.99807056969055,284.8576973167666
HR,Croatia,1997,1936.0447420057094,112.21757248688522,285.1614614018181
HR,Croatia,1998,1628.9070030898042,154.09710240654596,286.3222201854213
HR,Croatia,1999,1684.9253384296167,167.27373098488255,286.1524042676904
HR,Croatia,2000,1551.422256465394,336.26732772350454,287.40322649272133
HR,Croatia,2001,1749.5547998140091,206.90398167331836,286.1653405131313
HR,Croatia,2002,1896.2925963061673,139.03352662781123,285.31586952961766
HR,Croatia,2003,1604.4320954519603,198.66751073248406,286.5051096681533
HR,Croatia,2004,1901.6607325323944,207.12736419609305,285.68629727048625
HR,Croatia,2005,2489.38080546208,181.15675721249983,283.95342481424336
HR,Croatia,2006,1777.102909326818,295.8917465857154,286.68017258524475
HR,Croatia,2007,2147.4767699414506,282.86271390259344,285.40890471337696
HR,Croatia,2008,1934.3647371834556,238.09106444378818,285.74756496145113
HR,Croatia,2009,1863.8619424337394,143.5183770255291,285.5001353853645
HR,Croatia,2010,2098.3590977285135,102.94106672082862,284.69420199660254
HR,Croatia,2011,1764.546672414266,315.9149262533923,286.53497184985093
HR,Croatia,2012,1823.3878152430943,207.89953943141842,286.0576601093238
HR,Croatia,2013,1810.645987615558,210.39514644564687,286.10597955222056
HR,Croatia,2014,1835.2353049558214,153.88670924160283,285.6738814957529
HR,Croatia,2015,2194.9760941307422,270.6435504853962,285.223210393468
HR,Croatia,2016,1609.715535910096,242.79122355754376,286.96382626387356
HR,Croatia,2017,1761.740998091008,128.9000343931687,285.6680512158441
HR,Croatia,2018,1720.0886432311145,103.76359725407418,285.5188654320348
HR,Croatia,2019,1791.4481455561,123.11090219367563,285.62667734174363
HR,Croatia,2020,1956.7973864097764,212.8007606992191,285.5785455698983
HR,Croatia,2021,2060.3255655358103,144.41077160164616,284.9465140060078
HR,Croatia,2022,1618.5915794812083,229.2249840145633,286.66348233274937
HR,Croatia,2023,1912.7883111877768,144.6111388054019,285.4390264464059
HR,Croatia,2024,1804.8361774635869,205.0844889773752,286.061848238127
HR,Croatia,2025,1798.9250307420527,190.9545884568845,286.06988350288844
HR,Croatia,2026,1861.6616523643295,168.56895366048911,285.6866910262627
HR,Croatia,2027,2161.72313612401,257.06218056013086,285.2348430778559
HR,Croatia,2028,1918.9918859072113,211.67625415310175,285.68888798247735
HR,Croatia,2029,1687.2783475158801,253.77783003740353,286.4938525721314
HR,Croatia,2030,1318.586231582493,351.9571599454548,288.15524248598786
HR,Croatia,2031,1681.0870640153303,388.9176868082696,287.18673325572746
HR,Croatia,2032,1815.3478424330715,174.04158997691735,285.829671684236
HR,Croatia,2033,1686.108393603392,272.721366564942,286.65803214245585
HR,Croatia,2034,1671.2229516112789,315.9669172105655,286.94588246794734
HR,Croatia,2035,1866.7477092251293,155.1535062834404,285.5189112767662
HR,Croatia,2036,1617.1329282746779,324.13056919278654,287.0341896104322
HR,Croatia,2037,1442.1624712380035,339.07094657977905,287.6684136229758
HR,Croatia,2038,1681.3900637049978,223.0546012344723,286.4257426313414
HR,Croatia,2039,1455.891331290728,343.3120774913383,287.7439328039766
HR,Croatia,2040,1596.1590609725063,203.34863716525865,286.6062649683743
HR,Croatia,2041,1670.6513538031286,310.0118003978342,286.87098326286
HR,Croatia,2042,1620.7236881759618,390.34744497926386,287.306450800617
HR,Croatia,2043,1766.3722234752474,267.4031762724293,286.41305433725427
HR,Croatia,2044,1803.658977364475,356.09717858417616,286.75178126137115
HR,Croatia,2045,1712.6877424162458,217.67401643471732,286.2790505471848
HR,Croatia,2046,1845.120010900684,271.6208023292272,286.158085823678
HR,Croatia,2047,1762.7139520102032,303.90085767752663,286.6719885787698
HR,Croatia,2048,1812.8587264244393,305.5122788373572,286.5431982044992
HR,Croatia,2049,1655.2537975465655,294.4487326822911,286.7824636931813
HR,Croatia,2050,1383.8936270981694,365.85646822456414,287.99242633205574
HR,Croatia,2051,1646.238333729912,193.95396430993253,286.313776180699
HR,Croatia,2052,1680.8999566356383,172.42242893332968,286.0953331844611
HR,Croatia,2053,1747.4408755145575,172.25481928825334,285.89620017203714
HR,Croatia,2054,1719.349780378559,226.79630152264173,286.32692655846716
HR,Croatia,2055,1701.1354130318157,373.2351222782239,287.27197761709783
HR,Croatia,2056,1692.9491974747764,251.98075032499025,286.54213781369316
HR,Croatia,2057,1804.3149510985431,435.00871106337127,286.9104463595323
HR,Croatia,2058,1464.2344058878423,422.10486200030743,288.1434619553008
HR,Croatia,2059,2018.1327296646714,273.8512431449378,285.67512972622427
HR,Croatia,2060,1631.9048195602415,344.9681874190638,287.1328720545033
HR,Croatia,2061,1684.6670139470316,275.0681494145108,286.6578089982672
HR,Croatia,2062,1654.0883694723939,502.0775965392436,287.70435528248436
HR,Croatia,2063,1497.9832711824029,422.89179827871686,287.6752952656884
HR,Croatia,2064,1745.919361985369,221.43726312467737,286.2500305107742
HR,Croatia,2065,1352.5904162985084,288.46075024831214,287.7202563141941
HR,Croatia,2066,1731.4068413746545,171.45431222441363,285.98251826349775
HR,Croatia,2067,1602.4041358571267,336.4704723526976,287.06618085814364
HR,Croatia,2068,1649.343024062971,205.23352492247727,286.33078516921506
HR,Croatia,2069,1688.7659542163274,317.6663332326349,286.9240116010238
HR,Croatia,2070,2099.3664011370174,208.3981172778918,285.141091217602
HR,Croatia,2071,1661.5317350821176,372.10823969974325,287.0076783458087
HR,Croatia,2072,1649.2618089263144,308.67663941417084,286.9681728774504
HR,Croatia,2073,1971.4692927753777,161.21839697239375,285.2564110373751
HR,Croatia,2074,1523.6734207323077,378.8755469068632,287.6270379598916
HR,Croatia,2075,1614.0650272741264,245.8254228597811,286.84018328758447
HR,Croatia,2076,1629.8288680165608,227.45372676566444,286.54951896330914
HR,Croatia,2077,1616.316037406958,361.3700143597854,287.4546913426708
HR,Croatia,2078,1574.1858569572569,308.9806784804425,287.12824395453583
HR,Croatia,2079,1710.256070733803,182.0040671946864,286.0529172622679
HR,Croatia,2080,1767.6414066620569,312.65828870508335,286.7067624451707
HR,Croatia,2081,1662.1124791233046,275.07784691176784,286.8351504096056
HR,Croatia,2082,1790.059039205759,251.5899467917337,286.3214551075306
HR,Croatia,2083,1792.3504222765393,229.08382928660495,286.23027234682297
HR,Croatia,2084,1794.8686142088545,314.1429582549389,286.55633753030725
HR,Croatia,2085,1782.6088826006167,255.99403625968148,286.47282675623444
HR,Croatia,2086,1798.2424818987633,505.9414277763957,287.29816948893335
HR,Croatia,2087,1748.2980080273883,260.10774223652487,286.6993547474947
HR,Croatia,2088,1491.9423744345825,431.96909877471813,288.1019979701343
HR,Croatia,2089,1428.6990032778483,371.3084269322941,287.9473119923272
HR,Croatia,2090,1652.8891045899045,396.587973026013,287.34764906323517
HR,Croatia,2091,1479.90737297179,495.5598791547521,288.2360763211138
HR,Croatia,2092,1476.7748527808365,387.7134794550283,287.75433568819864
HR,Croatia,2093,1471.9122501326726,427.28840593165654,288.15959596417406
HR,Croatia,2094,1686.493111774822,290.83400950275205,286.74981679562967
HR,Croatia,2095,1613.4198075648865,157.35882495044083,286.42107199986515
HR,Croatia,2096,1336.356014986155,355.09598021973494,287.99039183528964
HR,Croatia,2097,1629.2085272420384,432.8151950246559,287.4802138943625
HR,Croatia,2098,1575.7325109052813,287.01850295187694,287.0591408313031
HR,Croatia,2099,1585.7408330568983,440.2564359242284,287.71221130795243
HR,Croatia,2100,1486.4856531150263,370.0073424587695,287.7972187984613
CZ,Czechia,1950,3424.8760038346763,61.74432035759874,280.2029360612686
CZ,Czechia,1951,3473.501979051135,55.549856928763504,279.92693761440034
CZ,Czechia,1952,3251.4110377617008,39.91633805121408,280.44194682690147
CZ,Czechia,1953,3201.99112260312,55.21798349807757,280.70333426707447
CZ,Czechia,1954,2955.58435862075,52.031341979625566,281.4258127994109
CZ,Czechia,1955,3565.441127189054,97.88122544715168,280.0315835362221
CZ,Czechia,1956,3134.7507488385527,65.75991382737648,281.0785014344657
CZ,Czechia,1957,3274.3162734285206,56.73341711904233,280.63360994460396
CZ,Czechia,1958,3558.5130566787466,47.52127105316092,279.76290729628954
CZ,Czechia,1959,2939.3270430215935,76.6254727718521,281.69550831521883
CZ,Czechia,1960,3552.9434282961447,38.57103565276468,279.6807384565716
CZ,Czechia,1961,3747.0267644922396,18.78129702210673,278.8532472491208
CZ,Czechia,1962,3526.3115838829954,35.000348968536215,279.6971096156535
CZ,Czechia,1963,3372.1808347364854,51.788601690721265,280.1994699970416
CZ,Czechia,1964,2940.5167679706196,31.698771233541862,281.23226633828773
CZ,Czechia,1965,3240.8388019776166,50.87420614541261,280.70794970850903
CZ,Czechia,1966,3137.1924459201205,74.4341998555654,281.2532883278295
CZ,Czechia,1967,3646.782553504214,14.724058515206549,279.0932613016768
CZ,Czechia,1968,3327.145841338972,18.95394986099565,280.1213709886591
CZ,Czechia,1969,3385.728433644709,42.784025054077965,280.1277348457419
CZ,Czechia,1970,3469.98268849253,24.95741706346673,279.75609139958294
CZ,Czechia,1971,3386.7335686973493,65.53848864016734,280.2426394560359
CZ,Czechia,1972,2947.6449496838345,46.42373401100807,281.45451601270287
CZ,Czechia,1973,3089.982247717903,23.137488823723583,280.7818572866318
CZ,Czechia,1974,2931.6918088640714,66.81702544164106,281.6065008407679
CZ,Czechia,1975,3459.7558393405575,45.085488757678604,279.9617848103322
CZ,Czechia,1976,3244.565452585104,47.98363541670503,280.7481986644175
CZ,Czechia,1977,3474.8001660948066,18.555402020029945,279.5774091895357
CZ,Czechia,1978,3227.6487780770003,93.47405907020041,281.02929422891503
CZ,Czechia,1979,2940.850726669059,124.43327854257092,281.9351883851785
CZ,Czechia,1980,2808.426206203661,52.52169566699808,281.9062988973901
CZ,Czechia,1981,2771.8325908409547,55.725939847545284,282.0078162032887
CZ,Czechia,1982,2845.4413258510094,41.67726953842377,281.6473799559185
CZ,Czechia,1983,2906.4932913816288,41.3629606704764,281.3259224722901
CZ,Czechia,1984,3366.510686243538,30.414531786849572,280.1208269431697
CZ,Czechia,1985,2868.6658963808,39.99329928744265,281.6155169728556
CZ,Czechia,1986,2960.790246710708,85.9140245765315,281.7376948235396
CZ,Czechia,1987,2954.4055604589134,95.72992912183386,281.81707770072154
CZ,Czechia,1988,2910.4242137872475,37.72920048868073,281.53407066213833
CZ,Czechia,1989,2961.4522637144014,30.204196527275737,281.2724585718786
CZ,Czechia,1990,3008.033596077541,32.228258351825374,281.07083984375424
CZ,Czechia,1991,3090.6938804733304,39.43953614814119,280.9625684370974
CZ,Czechia,1992,3150.415129334192,40.651591049384194,280.8656199873764
CZ,Czechia,1993,3159.6625436666964,47.06643506739383,280.7846861722786
CZ,Czechia,1994,3019.3350528472183,33.40361837815317,281.0750347960658
CZ,Czechia,1995,3090.000253703688,42.49114927497777,280.89088466888285
CZ,Czechia,1996,3370.065801650644,63.73404030199823,280.2933340219709
CZ,Czechia,1997,3137.8451711204243,26.590359259056857,280.6600259919573
CZ,Czechia,1998,2675.883839662776,105.25286447457154,282.77205142328387
CZ,Czechia,1999,2767.952955603118,37.46911216150872,281.7742281219413
CZ,Czechia,2000,2596.2013882867464,83.86533964783166,282.77672850615
CZ,Czechia,2001,3005.7484097286733,62.376480584337685,281.3493019123873
CZ,Czechia,2002,2903.6713739783536,44.47985195935129,281.4460727604068
CZ,Czechia,2003,2853.6144487224215,65.4090859144249,281.8060776974737
CZ,Czechia,2004,3113.1360780832156,64.51393288581619,281.16808094840854
CZ,Czechia,2005,3514.680788762754,69.12403153604747,280.08381266768623
CZ,Czechia,2006,2941.052748935746,85.02657684667807,281.7480562189262
CZ,Czechia,2007,3322.2193538792235,83.18931866020803,280.6695533604825
CZ,Czechia,2008,3125.456285323179,69.25701485684141,281.09077722667877
CZ,Czechia,2009,2936.1866150089913,34.48420662720588,281.26323977357987
CZ,Czechia,2010,3488.3608401435026,33.04197872686563,279.8708315348934
CZ,Czechia,2011,2642.942888127086,171.33230426397617,283.0874231597953
CZ,Czechia,2012,2933.3758699822056,59.50596870654483,281.5424715014705
CZ,Czechia,2013,3014.8293791590577,72.6620248209215,281.51285693997943
CZ,Czechia,2014,2844.667883597642,35.74280647822119,281.6178401939203
CZ,Czechia,2015,3299.3866939987315,80.3229488998631,280.76507707784447
CZ,Czechia,2016,2785.1480420461544,99.09275975098231,282.4348455432979
CZ,Czechia,2017,2946.8008416324683,33.02243980393672,281.2671554855286
CZ,Czechia,2018,2969.441143440657,24.526338284328872,281.0772773458009
CZ,Czechia,2019,2811.7930090513364,41.11962665935221,281.65279583860985
CZ,Czechia,2020,3224.138271813447,58.29697834259082,280.8077614129021
CZ,Czechia,2021,3463.1178280373165,27.88316509913403,279.8611227294641
CZ,Czechia,2022,2658.589323491475,76.9843635843011,282.44595239341385
CZ,Czechia,2023,2911.7725324401927,41.51262395294948,281.49417781595287
CZ,Czechia,2024,2985.554537174831,39.60637923187582,281.1839940481925
CZ,Czechia,2025,2848.255318642082,24.297312183321957,281.4975200548789
CZ,Czechia,2026,3192.315965337089,36.4091204395662,280.6598843121816
CZ,Czechia,2027,3525.8945491029526,61.650937611573625,279.8448667287754
CZ,Czechia,2028,3181.06126749586,68.75117921288422,280.9418840179974
CZ,Czechia,2029,2714.5660361941364,76.85374557519145,282.22376235947155
CZ,Czechia,2030,2477.3399855683974,162.12583522789308,283.4822724301822
CZ,Czechia,2031,2653.8988365674086,162.74578593553926,283.1088865975605
CZ,Czechia,2032,2956.1057981821505,72.35059509126265,281.63205067751517
CZ,Czechia,2033,2879.6514479045527,122.64889599636304,282.185579477564
CZ,Czechia,2034,2570.9838892710104,141.84143469407002,283.19258695291734
CZ,Czechia,2035,3014.39972079553,29.269820875903385,281.0483613169431
CZ,Czechia,2036,2773.537101076181,62.41813392604732,282.1166158678444
CZ,Czechia,2037,2425.666777662818,68.35998550307983,283.0957023375268
CZ,Czechia,2038,2799.399715715754,66.76883848327618,281.9256319936018
CZ,Czechia,2039,2441.6504555625606,117.37025963278708,283.3119747734383
CZ,Czechia,2040,2827.8827079524126,29.612182506367752,281.5139610059217
CZ,Czechia,2041,2775.6134101898892,77.72631915726983,282.1616790486238
CZ,Czechia,2042,2670.2434223467394,156.7419921764494,282.94381992724453
CZ,Czechia,2043,2718.822300072112,74.56588015794182,282.29111127046514
CZ,Czechia,2044,3070.6035012840516,96.09125127112591,281.6936948661721
CZ,Czechia,2045,2860.3900471832544,68.66757393509897,281.75009021936796
CZ,Czechia,2046,2965.63210088518,59.46991669295975,281.53214118367225
CZ,Czechia,2047,3010.5034986255423,115.74412733710791,281.87197862401376
CZ,Czechia,2048,2854.537066378346,115.98550061468913,282.249791651279
CZ,Czechia,2049,2973.769539583653,95.27355559147378,281.7578845298716
CZ,Czechia,2050,2328.2153803373003,122.97303527506416,283.7412571369798
CZ,Czechia,2051,2777.27333065744,78.07702503564119,282.01797325171157
CZ,Czechia,2052,2860.2907243014056,66.46933182267496,281.72008614592124
CZ,Czechia,2053,2922.7485679567744,29.983010234256525,281.27599401812796
CZ,Czechia,2054,2762.323673756466,43.13696607928479,281.770275597197
CZ,Czechia,2055,2791.1567639952955,91.97481308701748,282.2685023382056
CZ,Czechia,2056,2853.9885398954025,28.3634017550431,281.4978444248145
CZ,Czechia,2057,2863.294697200878,180.47944744476996,282.5940655561742
CZ,Czechia,2058,2503.049724745708,115.43569895584433,283.2234451485088
CZ,Czechia,2059,3357.667353467964,65.14897034220535,280.44097432868324
CZ,Czechia,2060,2831.464713870425,106.12648332487805,282.2454859992458
CZ,Czechia,2061,2957.2937211020508,62.78652247817075,281.5859930900174
CZ,Czechia,2062,2612.8851186056504,250.0408892459334,283.6619235241779
CZ,Czechia,2063,2526.7635919744994,167.16817615445584,283.32722609471284
CZ,Czechia,2064,2910.8167649294624,37.006403779422,281.4644285388653
CZ,Czechia,2065,2420.5922321672665,60.89839450309058,282.96759876957844
CZ,Czechia,2066,2868.602577922594,36.138954965488125,281.44202703602116
CZ,Czechia,2067,2796.7414315466117,95.40818440821695,282.13379122292537
CZ,Czechia,2068,2966.6140287066028,65.4122553170343,281.3812638764636
CZ,Czechia,2069,2659.3373960641666,103.29485684822454,282.7155577961428
CZ,Czechia,2070,3330.782194169363,70.5448952682311,280.5361214331606
CZ,Czechia,2071,2728.5867574322,168.29778147063308,282.81138644300177
CZ,Czechia,2072,2643.712134926304,77.20395764956653,282.5521385793262
CZ,Czechia,2073,3056.6419469543557,100.3114621565062,281.4765875921673
CZ,Czechia,2074,2504.0521143725273,126.95730601227505,283.1883790540777
CZ,Czechia,2075,2603.532099862078,61.406891452592646,282.4877238916993
CZ,Czechia,2076,2816.340633154541,72.36264266722765,281.9157656857657
CZ,Czechia,2077,2678.0838331817276,66.15008933608308,282.36226343424835
CZ,Czechia,2078,2539.4798841360193,62.58120439728878,282.6692950728198
CZ,Czechia,2079,2883.652713341253,73.88396819869376,281.68051278634806
CZ,Czechia,2080,2915.1828569024715,69.88947700542913,281.78507121496096
CZ,Czechia,2081,2913.162492945504,53.712907029538684,281.5589345883643
CZ,Czechia,2082,2795.45889555316,67.25255759472887,282.110941891763
CZ,Czechia,2083,2763.5887922199418,74.7545934111929,282.2101398953983
CZ,Czechia,2084,2985.3829954343346,115.40988946401757,281.8977422810938
CZ,Czechia,2085,2870.3932789673145,69.48442859402374,281.84480645115997
CZ,Czechia,2086,2782.989963421895,214.57309397280193,283.11023498373527
CZ,Czechia,2087,2809.506133098412,50.954975276800724,282.073576617412
CZ,Czechia,2088,2473.2723243408527,128.27948553817865,283.52338017230807
CZ,Czechia,2089,2385.38803338915,128.20370406062807,283.7940618812172
CZ,Czechia,2090,2672.638117016344,128.9614613115578,282.7723010502447
CZ,Czechia,2091,2480.104238468256,158.47290177004123,283.4987810837555
CZ,Czechia,2092,2647.6743438161666,119.63106180636662,282.6871150158871
CZ,Czechia,2093,2555.9648267736634,105.20638864971312,283.1269597690482
CZ,Czechia,2094,2867.342541441064,74.39590091834154,281.82248503754846
CZ,Czechia,2095,2608.9699042503075,56.94894527843568,282.4114317347115
CZ,Czechia,2096,2360.069857251227,147.21109037156054,283.75241550242947
CZ,Czechia,2097,2538.2739237541205,146.3257445868464,283.3288705436827
CZ,Czechia,2098,2616.9552927402206,70.0487661450886,282.51828553502617
CZ,Czechia,2099,2476.546046825925,161.20760038868227,283.5349716349261
CZ,Czechia,2100,2376.4473102608854,134.12561070640874,283.7622706626021
DK,Denmark,1950,3050.348837395658,3.6344715816390485,280.61713911773836
DK,Denmark,1951,2957.4808249338626,3.0812804948933468,280.72339986802507
DK,Denmark,1952,3034.0209272190787,7.773229252335681,280.67131765229936
DK,Denmark,1953,2986.9897349002185,0.7828306383442315,280.5621822990467
DK,Denmark,1954,2689.8695793954384,3.4509528548517086,281.6154666276576
DK,Denmark,1955,3298.1062550340016,11.552983287770045,280.05581311353995
DK,Denmark,1956,3037.268470044724,2.7652693918064726,280.5556590605024
DK,Denmark,1957,2957.8885180470247,14.045397791603532,281.0600360326962
DK,Denmark,1958,2918.2993891770307,3.5720248222018087,280.9241585841149
DK,Denmark,1959,3057.0332486661073,8.301232175168131,280.6506823929286
DK,Denmark,1960,3009.260921081852,0.5729390498925354,280.5727754014494
DK,Denmark,1961,3142.16751598302,3.212704536898859,280.26025445522623
DK,Denmark,1962,2868.508015549073,1.8872762285874312,281.02371532223145
DK,Denmark,1963,3012.395268198183,7.787045448126218,280.7369253978793
DK,Denmark,1964,2821.6045537339924,1.7022303428866552,281.1379979920828
DK,Denmark,1965,2792.354601874409,5.936014638960177,281.24903141542603
DK,Denmark,1966,2815.405786376184,6.736326424464076,281.3718541251281
DK,Denmark,1967,3263.612875404631,1.3414452740995815,279.91007125569485
DK,Denmark,1968,3069.6544584056364,9.224136147490151,280.681930463591
DK,Denmark,1969,3180.356458991996,3.1215117054305557,280.2432874286746
DK,Denmark,1970,2949.1779856041912,2.0984344793190424,280.78331461764185
DK,Denmark,1971,2890.227205463397,2.8044263828775042,280.96756070107136
DK,Denmark,1972,2687.5797755986737,9.503622805572348,281.89030785506645
DK,Denmark,1973,2701.802828897894,1.1514112700714754,281.4491942067066
DK,Denmark,1974,2478.0374888580336,2.6014969286478444,282.18657500762333
DK,Denmark,1975,2929.8597882922654,7.398527944565891,280.9810386803498
DK,Denmark,1976,2877.0795600120673,6.265967966610635,281.2428707844933
DK,Denmark,1977,2861.6328804756977,3.594493155162663,281.11552410936923
DK,Denmark,1978,2600.097724598522,10.605861426044052,281.99947597135014
DK,Denmark,1979,2512.1084735304294,9.663650916688175,282.29505927079197
DK,Denmark,1980,2587.049874197118,4.131443955618047,281.91903646977227
DK,Denmark,1981,2164.102536421792,5.049483160665259,283.1219816306538
DK,Denmark,1982,2348.7235226883663,2.3350810979057774,282.4998291045589
DK,Denmark,1983,2680.4041078209266,1.7245735965570979,281.5052287505457
DK,Denmark,1984,2993.6427474290754,2.548068844397,280.6739112952496
DK,Denmark,1985,2364.8389701718106,4.108094176502577,282.5377971396522
DK,Denmark,1986,2605.6598516755757,20.930345340280827,282.28142969193055
DK,Denmark,1987,2522.1184099546763,21.834789822228245,282.5091969292891
DK,Denmark,1988,2426.1113784399445,5.365391313303565,282.37100696105347
DK,Denmark,1989,2615.463987260515,6.385760162834263,281.95245700891434
DK,Denmark,1990,2573.852049640807,14.158591496563346,282.13357233312735
DK,Denmark,1991,2518.215944899072,7.989316483212603,282.18715873445876
DK,Denmark,1992,2725.9832421043825,5.903415586994791,281.5609875294335
DK,Denmark,1993,2817.053420459387,2.419853441469053,281.18889249878566
DK,Denmark,1994,3006.4216530780404,6.901329383028026,280.87103230913203
DK,Denmark,1995,2729.9647982426795,2.2992700826522423,281.3752679348584
DK,Denmark,1996,2996.8024640680824,21.108485323401975,281.04281269821234
DK,Denmark,1997,2830.911510639504,3.3952117037510106,281.213625547922
DK,Denmark,1998,2466.0280910100214,25.297497614066394,282.69257825116995
DK,Denmark,1999,2524.7963471673534,3.376696371804207,282.02072916816496
DK,Denmark,2000,2500.874592219023,4.528888945164471,282.0531917663201
DK,Denmark,2001,2803.706817891346,4.380379211706055,281.2651201561573
DK,Denmark,2002,2455.9141084578414,4.294651141870231,282.1800652599078
DK,Denmark,2003,2707.5732443673037,8.135867449269305,281.5954345007715
DK,Denmark,2004,2835.2753836020547,5.624828828678921,281.30837327736117
DK,Denmark,2005,2757.673822184336,8.056124640438831,281.5109885190484
DK,Denmark,2006,2427.236141747122,9.144251456102822,282.4942409820953
DK,Denmark,2007,2669.598164836414,4.4646115371424315,281.79049556253324
DK,Denmark,2008,2555.149574859226,5.351540254834523,282.01573456801236
DK,Denmark,2009,2409.1439967096057,5.044300015042989,282.4964205083445
DK,Denmark,2010,3208.92438164561,14.407912598779907,280.4656644240891
DK,Denmark,2011,2232.7482002347874,23.810998581250963,283.3771510037822
DK,Denmark,2012,2443.8403852557803,4.351942816000874,282.37940232358517
DK,Denmark,2013,2567.8457432711866,22.219251893727016,282.3958481256323
DK,Denmark,2014,2374.327056580079,3.4582440583423653,282.53572105737106
DK,Denmark,2015,2770.088823417985,4.95581432230236,281.4383170525702
DK,Denmark,2016,2648.7814476139456,24.313962763077036,282.2276347238022
DK,Denmark,2017,2589.5068117221153,4.998090141529037,281.93199646061726
DK,Denmark,2018,2637.8583629229634,5.418108585155305,281.84491061390446
DK,Denmark,2019,2259.252321515619,9.244927641224557,282.9783534786138
DK,Denmark,2020,2854.9762983958794,4.616842633564016,281.15060183405495
DK,Denmark,2021,3028.0008238419628,2.540687774241466,280.62042351415283
DK,Denmark,2022,2247.29252946956,14.175837993357426,283.0702631956011
DK,Denmark,2023,2270.2602990908417,14.428698318972721,283.0124748752013
DK,Denmark,2024,2535.870584277955,1.635446168226037,281.9062319523041
DK,Denmark,2025,2445.380602176915,0.42959288589119377,282.1501330099093
DK,Denmark,2026,2734.8636205548096,4.767504866656841,281.5536621148417
DK,Denmark,2027,2967.30003242014,2.5574672454530663,280.78366200570264
DK,Denmark,2028,2660.9502143477407,14.181777364452515,281.94810392805687
DK,Denmark,2029,2316.0269834022743,6.9930557134122715,282.7139942218121
DK,Denmark,2030,2367.023342803404,16.208385371800034,282.65936948090655
DK,Denmark,2031,2275.421011005912,10.868228177712647,282.9345042933261
DK,Denmark,2032,2573.8981673226276,5.378393749825407,282.0354739607436
DK,Denmark,2033,2666.3548100112666,13.768848784371825,281.92335768028624
DK,Denmark,2034,2222.948937935691,15.563017381553284,283.21262519515665
DK,Denmark,2035,2361.1382026249535,11.660462521562632,282.859270150274
DK,Denmark,2036,2416.218854563886,5.09994127061233,282.41959714213715
DK,Denmark,2037,2167.071873365355,4.5801942758842324,283.0918745147285
DK,Denmark,2038,2324.940010497228,4.514417971999833,282.7178787111038
DK,Denmark,2039,2197.6518142511873,12.994259902710976,283.2387677946757
DK,Denmark,2040,2451.238013117276,2.217504100933998,282.1923328250859
DK,Denmark,2041,2334.4780409657587,14.021414147014678,282.78281181426735
DK,Denmark,2042,2296.1958308559047,26.489909863023293,283.09120435477786
DK,Denmark,2043,2215.668747288325,10.665461017653277,283.1105025116938
DK,Denmark,2044,2609.9655994580494,5.0009108948332575,282.0018413496017
DK,Denmark,2045,2428.334722698218,12.787831689369854,282.69160823234705
DK,Denmark,2046,2490.578517415481,7.676979898338434,282.33391812612047
DK,Denmark,2047,2707.275125600111,14.410323495946393,281.88016723933197
DK,Denmark,2048,2476.4054725066453,16.603569462739593,282.58321103199563
DK,Denmark,2049,2735.080333056276,11.071265393204255,281.67283042798175
DK,Denmark,2050,2017.7848619495708,6.897839129950172,283.64515469688405
DK,Denmark,2051,2312.439977965732,10.011345758530897,282.7803846533641
DK,Denmark,2052,2545.011722697221,4.071165102555367,282.0373727177122
DK,Denmark,2053,2508.481663091778,18.097041961054394,282.28774166519895
DK,Denmark,2054,2402.6998671971764,3.7213977566745307,282.4459980242034
DK,Denmark,2055,2560.043209036022,6.14852548517439,282.0502500729453
DK,Denmark,2056,2306.216090214217,2.563123089259403,282.6934421158026
DK,Denmark,2057,2490.390769798065,20.78901796617332,282.5482115187669
DK,Denmark,2058,2270.316280914259,5.880115468197144,282.85524494207476
DK,Denmark,2059,2673.886990455112,7.4295236201662505,281.7869387269852
DK,Denmark,2060,2660.0490741717063,13.164031477808095,281.93547113357744
DK,Denmark,2061,2595.3119462048967,4.473415343744027,281.8564872631038
DK,Denmark,2062,2125.550131903936,36.91873838032153,283.85653231473793
DK,Denmark,2063,2229.581179491578,16.263582064324744,283.1343518979898
DK,Denmark,2064,2361.6883640308192,9.119442643916253,282.6991622054895
DK,Denmark,2065,2158.1781928030346,7.748114427408741,283.11494662198527
DK,Denmark,2066,2297.9830610042222,2.342917350346984,282.6078553812166
DK,Denmark,2067,2320.3155428269997,6.038743309994529,282.7928018620376
DK,Denmark,2068,2621.5519056983294,7.131667585704461,281.86597595718274
DK,Denmark,2069,2204.143275963619,22.317912052064244,283.49017548006765
DK,Denmark,2070,2659.0472204023745,22.903155181604014,282.1136796949105
DK,Denmark,2071,2122.3783808230964,31.160305755430265,283.8488290757008
DK,Denmark,2072,2271.9439188969955,14.081170102676047,283.0024873829187
DK,Denmark,2073,2485.7963688011987,18.891787715506922,282.4464606605852
DK,Denmark,2074,2115.2550670855258,8.659452911165479,283.4575135293654
DK,Denmark,2075,2162.906407774918,7.965842849725223,283.2555147472164
DK,Denmark,2076,2481.5924999054,7.261770282404725,282.24897966846555
DK,Denmark,2077,2177.9606281211386,2.9998071662890293,283.0997305848229
DK,Denmark,2078,2052.8039805432973,2.000376284311654,283.39690205861217
DK,Denmark,2079,2471.8313153834556,31.143210040062936,282.54480245362106
DK,Denmark,2080,2456.38193724966,2.3841974626509304,282.2252838979828
DK,Denmark,2081,2472.0348094016745,4.9059710559257335,282.1802755947328
DK,Denmark,2082,2366.202055095713,42.331769936076896,283.0813082943107
DK,Denmark,2083,2340.9254990235995,30.14591232144156,283.00237955340623
DK,Denmark,2084,2568.708175665935,6.21079591752145,282.0916726697432
DK,Denmark,2085,2359.170610585228,17.273430436419932,282.7863486468119
DK,Denmark,2086,2362.6507228940454,34.22326439269226,283.1644815687916
DK,Denmark,2087,2422.6286067211777,11.168665326228913,282.8208470642981
DK,Denmark,2088,2118.4215450385313,12.058696945424668,283.41328789731546
DK,Denmark,2089,2182.127316990826,30.674536824985484,283.7641562412797
DK,Denmark,2090,2233.6950622356608,28.353833798069175,283.35594621281507
DK,Denmark,2091,2263.4461190623715,10.506330817350968,282.9219545919347
DK,Denmark,2092,2283.568898329364,1.767216014269175,282.6881162698811
DK,Denmark,2093,2314.0715352307807,9.707697683802587,282.84809271972523
DK,Denmark,2094,2359.05436140207,3.729522401550322,282.54959892968435
DK,Denmark,2095,2201.0690571545597,7.702115007230086,283.1252778162964
DK,Denmark,2096,2054.698578726473,19.490132694678035,283.7978694611895
DK,Denmark,2097,1980.2993667150647,19.466971351953276,284.1396814365899
DK,Denmark,2098,2162.35293480855,6.541158851780735,283.2406925015399
DK,Denmark,2099,2062.395443582752,18.717239096718814,283.6720194077908
DK,Denmark,2100,2116.411411024842,44.53305829334823,283.921776719153
EE,Estonia,1950,3961.4893786668254,21.62109815762055,278.4742638946981
EE,Estonia,1951,4136.366921147851,2.734265877617048,277.529511400067
EE,Estonia,1952,4013.3579652800972,9.452126804805133,278.0330550687203
EE,Estonia,1953,3923.5974394235745,2.526322541701065,278.13377111086925
EE,Estonia,1954,3441.3664182951707,11.400017730300076,279.77315762172003
EE,Estonia,1955,4538.315535041498,11.48012147233176,276.66876433519286
EE,Estonia,1956,4012.387763261371,8.753416295008869,278.1650729359852
EE,Estonia,1957,4217.6156932353115,26.62815456253836,277.77141589156696
EE,Estonia,1958,3727.0768054228693,16.1231122288213,278.97655613408796
EE,Estonia,1959,4157.740672991288,16.753999788085594,277.7969807755509
EE,Estonia,1960,4112.622583646332,3.007399095350456,277.69471022252293
EE,Estonia,1961,4475.1607752809205,5.258491022409762,276.6580770131883
EE,Estonia,1962,4036.519458105836,3.4744124798945144,277.9093197004918
EE,Estonia,1963,4054.0059157132196,5.201230788983384,277.9254881808195
EE,Estonia,1964,3904.33247193517,23.059920484859834,278.682555085172
EE,Estonia,1965,3723.3486501879,5.0163961687079865,278.75462807084114
EE,Estonia,1966,3998.072225174241,18.632757415255014,278.33144956173135
EE,Estonia,1967,4009.4568434245766,1.1182525276920443,277.8966663332752
EE,Estonia,1968,4771.707617980048,11.906027415860898,276.04894119779306
EE,Estonia,1969,5083.579964211918,2.4502002135905205,275.0149824690858
EE,Estonia,1970,4183.287289211242,9.382340291391234,277.52488768976775
EE,Estonia,1971,3610.774173391163,8.789212492458727,279.0928400296489
EE,Estonia,1972,3615.2071149901203,77.37004600476787,280.05518790790416
EE,Estonia,1973,3591.9361030371215,7.223309476679216,279.26891193252663
EE,Estonia,1974,3184.343761404055,14.637203363328908,280.59596149267736
EE,Estonia,1975,4209.0007577741,9.200753374661463,277.51924782603413
EE,Estonia,1976,4146.399004769017,32.29361559312065,278.22421846526856
EE,Estonia,1977,3937.586293312481,11.030603338123328,278.36035179826604
EE,Estonia,1978,3449.475860125819,22.225038844570797,279.8222738278572
EE,Estonia,1979,3645.8028077147937,19.09443534107993,279.2250993288694
EE,Estonia,1980,3684.794756420857,18.830441086222006,279.26038507412494
EE,Estonia,1981,2965.9656966717043,24.17379517980733,281.3522091598463
EE,Estonia,1982,3402.688789374088,26.742572251979325,280.0481377301104
EE,Estonia,1983,3246.7347927551828,2.999526216443858,280.04876849981554
EE,Estonia,1984,3785.5082666515627,3.006950809750333,278.6203805033282
EE,Estonia,1985,3446.298884232792,26.86084613927796,279.96367705421943
EE,Estonia,1986,3782.8722426407576,33.03578135663161,279.13205785070375
EE,Estonia,1987,3487.86029854524,17.44621973317761,279.6624851533452
EE,Estonia,1988,3389.1643184486793,20.637794815487176,280.0384937590708
EE,Estonia,1989,3685.6755248266704,23.728312070673798,279.2693052696868
EE,Estonia,1990,3506.8052039747963,20.208395724590908,279.7199695012726
EE,Estonia,1991,3614.6457571243427,25.94565013920012,279.37017902039486
EE,Estonia,1992,3980.1962297367927,22.795320076762298,278.40451629912343
EE,Estonia,1993,3749.714275867106,9.653007869219424,278.8406212374099
EE,Estonia,1994,4396.910806171976,11.623115687951403,277.1537110135988
EE,Estonia,1995,3761.4411040697128,3.8993274237113895,278.70153845467706
EE,Estonia,1996,4223.18428689477,21.9770246368166,277.7792686941543
EE,Estonia,1997,4186.919012430458,11.953585425092136,277.62157933237734
EE,Estonia,1998,4127.673817593134,65.21930493039156,278.4382268282924
EE,Estonia,1999,3584.7602836742562,1.447379016625177,279.0540545333043
EE,Estonia,2000,3299.7537742507457,5.950170776044346,279.9815078921166
EE,Estonia,2001,3963.720871705827,20.86645530793266,278.403274381437
EE,Estonia,2002,3188.723588801175,9.021836774612089,280.36262120791037
EE,Estonia,2003,3894.732974650488,10.691237658267319,278.3657489930412
EE,Estonia,2004,3702.316575996171,11.216149718560898,279.0127493201153
EE,Estonia,2005,3578.5580753373456,5.785945153952185,279.2827716710349
EE,Estonia,2006,3345.4739644061065,9.951279011287838,280.03170945695996
EE,Estonia,2007,3773.4085595348106,11.468595232237337,278.8694364012787
EE,Estonia,2008,3549.739884930531,8.63956582947982,279.32766143761233
EE,Estonia,2009,3230.6387212990303,21.78456209406641,280.4654150080411
EE,Estonia,2010,4183.829609608942,34.23203753413074,278.02717956547565
EE,Estonia,2011,3111.193697257532,43.28752935842451,281.04299523464925
EE,Estonia,2012,3382.6113151448867,2.0948734260610435,279.6976447822295
EE,Estonia,2013,3463.7995178314313,33.40162605601727,280.01141910742354
EE,Estonia,2014,3336.210501352917,14.964201660491373,280.13585862891136
EE,Estonia,2015,3837.6205237357744,27.31745928359983,278.86398630686057
EE,Estonia,2016,3823.2533426085593,30.68950677723558,278.88146312547053
EE,Estonia,2017,3726.373518855676,9.890463185842552,278.94209348208074
EE,Estonia,2018,3363.03987866809,12.49575333311456,280.09634522684945
EE,Estonia,2019,3221.4978047633576,18.45481386529448,280.5795994260896
EE,Estonia,2020,4067.2093136508897,20.770565568540434,278.06302077028556
EE,Estonia,2021,4120.213350901822,16.762077169598705,277.9974253738126
EE,Estonia,2022,3000.11919502425,12.463723944527349,281.03160274163497
EE,Estonia,2023,2920.3466435172477,24.801314394629607,281.51624588653596
EE,Estonia,2024,3454.1626119788034,3.7001020466673964,279.53410570350275
EE,Estonia,2025,3466.778435340972,2.1284322918355265,279.51530451335003
EE,Estonia,2026,3637.8940975113537,25.88352972437896,279.3617801245954
EE,Estonia,2027,4034.851449271032,4.759826970571366,277.8998310067665
EE,Estonia,2028,3648.728328759065,20.06723109843598,279.32673317539434
EE,Estonia,2029,3074.866834717426,9.943670507855284,280.7686872204262
EE,Estonia,2030,3031.1933577155796,33.53760308357772,281.2113126398185
EE,Estonia,2031,2773.7433863633037,9.207292603368451,281.5663399151774
EE,Estonia,2032,3432.1218729984466,26.225519673652734,279.994380943999
EE,Estonia,2033,3494.1104690353245,33.68347095227606,279.8136764067133
EE,Estonia,2034,2987.5608338747297,13.81647194859208,281.05840612666424
EE,Estonia,2035,3446.1024838117332,31.64816015891806,280.06232891817774
EE,Estonia,2036,3466.4797874799974,30.2232772514393,279.99805338455855
EE,Estonia,2037,3044.449215761457,1.9223578108402983,280.6259344563341
EE,Estonia,2038,3183.3063138382786,6.740529273441322,280.3943590152356
EE,Estonia,2039,2648.3644399613827,51.982047775723046,282.67899842249284
EE,Estonia,2040,3469.239661473591,4.022508206571092,279.4847417706747
EE,Estonia,2041,3326.892864913236,26.373628034027853,280.355670863127
EE,Estonia,2042,3103.0745503682774,37.432801490619404,281.07011252781734
EE,Estonia,2043,3056.494023152117,17.285632661929984,280.95399987617753
EE,Estonia,2044,3544.3267075363724,49.3503170900394,280.0150530154008
EE,Estonia,2045,3177.4622716794615,13.28009197865525,280.7090672879321
EE,Estonia,2046,3607.8913528852872,13.473273307555317,279.45045773021735
EE,Estonia,2047,3824.5035014436417,35.780246682113216,279.1021993932556
EE,Estonia,2048,3304.8193576931694,47.29081202440378,280.61571717913387
EE,Estonia,2049,3968.6393425936085,48.58208373654606,278.6186838842689
EE,Estonia,2050,2948.90944866947,18.207223116721696,281.23055580296904
EE,Estonia,2051,3367.690124107719,18.822371249092285,280.1430039633448
EE,Estonia,2052,3382.9300173222355,17.217337049879134,280.07065498753076
EE,Estonia,2053,3847.248121557184,7.614427978438389,278.5083392948983
EE,Estonia,2054,3091.8369273133458,1.991363607834474,280.5651706068931
EE,Estonia,2055,3762.3761470091777,7.438166446956217,278.77429573791517
EE,Estonia,2056,3315.3960403045603,8.567560425416884,280.06117054417973
EE,Estonia,2057,3573.6041681249003,18.99190262005678,279.49265244462856
EE,Estonia,2058,3013.0028754701434,15.671146016581393,281.0707708779783
EE,Estonia,2059,3520.711545112706,22.83039308997265,279.75002326353814
EE,Estonia,2060,3593.781356988484,25.24545449974746,279.58559665462434
EE,Estonia,2061,3616.6632254022466,7.82264292891393,279.12029405988693
EE,Estonia,2062,3068.0741067798094,58.50394788813419,281.43676769107583
EE,Estonia,2063,3032.0753797173493,11.34600138321072,280.85173220203666
EE,Estonia,2064,2960.7996614120784,26.096887997869295,281.4229405371693
EE,Estonia,2065,2783.9288450363433,4.733435979474947,281.46968085784283
EE,Estonia,2066,3052.1380387447125,15.92887522353198,280.90032307970756
EE,Estonia,2067,3269.804517095445,17.112903962122335,280.34174378045293
EE,Estonia,2068,3702.2400632624767,4.5347533893661875,278.8914242130146
EE,Estonia,2069,3238.130303040424,16.144837336576146,280.53291293950576
EE,Estonia,2070,3764.5801479983274,18.53584930265034,279.02842314513646
EE,Estonia,2071,3106.7459737617073,31.97611738779262,281.153400957866
EE,Estonia,2072,2948.402794865699,18.83762729034401,281.4115663093874
EE,Estonia,2073,3394.8898670385597,12.54202299139866,279.8924493417899
EE,Estonia,2074,3077.0031799906656,7.999913111198497,280.78025585055303
EE,Estonia,2075,3282.25852449613,1.7503681861659337,280.02096269935424
EE,Estonia,2076,3581.8087768670066,29.909926901832577,279.70376192092647
EE,Estonia,2077,3235.7590297921734,25.227826254775582,280.66408649736604
EE,Estonia,2078,2770.101622933817,5.651354883763231,281.5481072670475
EE,Estonia,2079,3616.263554205666,37.94454191527378,279.56495936079267
EE,Estonia,2080,3451.429726377314,7.362905674592509,279.690055674939
EE,Estonia,2081,3446.899355298062,3.2125518575433105,279.5651247818809
EE,Estonia,2082,2923.3223385419515,48.525597548881784,281.61716552689137
EE,Estonia,2083,3014.9107751162637,10.131781031743344,280.9989822455133
EE,Estonia,2084,3368.3294532492987,13.164367799621724,280.09752326894346
EE,Estonia,2085,3131.384536298354,23.709522993448413,280.81397177847356
EE,Estonia,2086,3609.4256565367473,48.09671555226287,279.88187794877706
EE,Estonia,2087,3703.043397422891,27.7872317994042,279.44261985179185
EE,Estonia,2088,3044.63351157324,11.509602180325178,280.9634656132838
EE,Estonia,2089,3148.1590183874355,58.226259270336826,281.2968822115622
EE,Estonia,2090,3004.6334823195257,23.696819007097005,281.17062804265913
EE,Estonia,2091,3025.5808391929986,10.076449536286274,280.9096538373697
EE,Estonia,2092,3241.212108753901,9.470051822244045,280.27577713158064
EE,Estonia,2093,3053.6203026264993,9.88704722207014,280.9250691324746
EE,Estonia,2094,3217.6812888980644,8.566865026495293,280.34358898610117
EE,Estonia,2095,3234.485523880292,18.10835588365265,280.4389364958878
EE,Estonia,2096,3181.2567764275423,23.916654048981947,280.7973089987929
EE,Estonia,2097,2544.6262740690836,49.47716401635993,282.9251366458971
EE,Estonia,2098,2989.623799575891,16.73663565776144,281.30643313856666
EE,Estonia,2099,2641.3721788393937,14.826437380212989,282.1500592152398
EE,Estonia,2100,2952.519990129462,39.758687790331265,281.5879989514455
FI,Finland,1950,5099.419650430089,17.77810079652002,275.2059049194269
FI,Finland,1951,5144.817433203118,2.5551081737075223,274.7371139509301
FI,Finland,1952,5448.915530667624,4.532001720678421,273.9721197804334
FI,Finland,1953,5242.580958660941,0.9979923375306844,274.4294979928204
FI,Finland,1954,4846.789692572642,7.099791756802505,275.7079638505354
FI,Finland,1955,5923.895990402388,3.454442734933618,272.6482212360381
FI,Finland,1956,5208.554590892588,4.020814402351554,274.7082188938425
FI,Finland,1957,5183.338220466847,18.68857520669859,274.9085973982889
FI,Finland,1958,4870.613627199281,6.073924953043047,275.6119743154618
FI,Finland,1959,5201.0598788553225,16.621266083181656,274.8356383325191
FI,Finland,1960,5367.555315497499,2.0809648460764643,274.16752745020347
FI,Finland,1961,5563.941868516842,2.1046726068610155,273.5818001463206
FI,Finland,1962,5147.519325544121,3.3590131208324623,274.7845643485539
FI,Finland,1963,5175.361860831128,3.4434867778159273,274.69974015094556
FI,Finland,1964,5039.088277568424,16.66468885441019,275.3343124198583
FI,Finland,1965,4694.214204844819,11.82409800640825,276.10949093178203
FI,Finland,1966,5161.191459053474,9.90392542677834,274.9087379969334
FI,Finland,1967,5476.505199416761,1.9340258848945602,273.8603122926778
FI,Finland,1968,6341.9275698153415,10.096910702420612,271.6472235941619
FI,Finland,1969,6492.400043969811,10.169630010450952,271.1947486534592
FI,Finland,1970,5270.436194509739,3.127167996099114,274.38434037147647
FI,Finland,1971,4686.440852158674,5.466024049047121,276.059072907735
FI,Finland,1972,5129.797826006641,37.8411283373318,275.36670653426677
FI,Finland,1973,4930.180905158297,5.646482633873152,275.4646317400483
FI,Finland,1974,4185.855657712615,14.718560606549328,277.6508196235994
FI,Finland,1975,5317.202799594848,15.081772330342252,274.4784902649589
FI,Finland,1976,5377.870874953646,34.16975084921922,274.60221836160935
FI,Finland,1977,4878.026547420113,9.193234620598005,275.7170705238819
FI,Finland,1978,4558.3727123516155,30.926645930187508,276.707775590976
FI,Finland,1979,4820.899552322666,8.095160942627425,275.75912139758873
FI,Finland,1980,5117.789513667825,4.649567160154247,274.9413151439659
FI,Finland,1981,4089.4687862540727,11.978543406407416,277.88242460964403
FI,Finland,1982,4629.262156656552,11.498419601023988,276.3739591393397
FI,Finland,1983,4429.505126239461,1.2218735093303243,276.6828216801562
FI,Finland,1984,4778.604000661603,4.027651902332423,275.9068583195522
FI,Finland,1985,4529.645105521675,13.631479259183832,276.68666022559114
FI,Finland,1986,4970.901743319882,20.355432281602713,275.61180265450537
FI,Finland,1987,4482.6846273673855,3.873058011112896,276.6286876896723
FI,Finland,1988,4695.640900777242,7.918907192873461,276.19619976033397
FI,Finland,1989,4861.011223895182,22.29772802775663,275.8836336655587
FI,Finland,1990,4890.330549689824,18.547222025091763,275.776493158314
FI,Finland,1991,4998.676028494385,10.713897152402435,275.258918545386
FI,Finland,1992,5309.652825427863,15.777782209088894,274.57893572813884
FI,Finland,1993,5060.823491282374,3.7729878229359324,275.0285053483641
FI,Finland,1994,5523.472877078117,9.680844111465273,273.9465886253376
FI,Finland,1995,4885.979554965012,6.463510344020794,275.5936802818267
FI,Finland,1996,5381.918244333817,14.234913901656515,274.39718498985576
FI,Finland,1997,5334.629354135806,3.8529104736250464,274.2899390064483
FI,Finland,1998,5409.422230761542,29.168620666859745,274.4542155903103
FI,Finland,1999,4840.296601176189,2.6341188841018788,275.6076092577725
FI,Finland,2000,4552.077612206984,4.688484388403242,276.46530493806773
FI,Finland,2001,5293.506367972857,3.1290675114045285,274.42804113475154
FI,Finland,2002,4266.926332739778,5.678478713467156,277.29039339139365
FI,Finland,2003,5239.535453019142,12.31470488691022,274.59366443815344
FI,Finland,2004,4858.842328983288,4.1700385837679885,275.6344774287094
FI,Finland,2005,4781.243907967305,2.9060282314299863,275.78155338756915
FI,Finland,2006,4571.015076392226,2.072405436529276,276.3865281434149
FI,Finland,2007,4571.928177396314,9.230136305379267,276.52736628860623
FI,Finland,2008,4673.198600259479,3.4848954493309643,276.1217779971761
FI,Finland,2009,4491.521257964311,15.085785516949441,276.8326212298523
FI,Finland,2010,5247.221929863136,37.59157294405241,274.99737748058874
FI,Finland,2011,4348.1782099335915,24.410922269406424,277.2709950491121
FI,Finland,2012,4488.346500345147,2.7732136426897487,276.65164119363124
FI,Finland,2013,4463.962796546367,24.544283598757616,276.97279164641463
FI,Finland,2014,4504.194347873172,6.447394227771644,276.6908623758052
FI,Finland,2015,4724.331159743634,12.486078794400136,276.12028774817634
FI,Finland,2016,4974.219841189611,20.739694915484677,275.5224630355432
FI,Finland,2017,5041.048727291133,9.008657138629932,275.1986078568
FI,Finland,2018,4567.659040682403,14.840281957789259,276.6665819104318
FI,Finland,2019,4362.506740176742,20.708843483563214,277.31198361504835
FI,Finland,2020,5169.103032489493,11.509340029011685,274.8740978137255
FI,Finland,2021,4902.358850876228,21.362781440003964,275.77453540602363
FI,Finland,2022,4240.464420050686,7.919490795976568,277.4129978109098
FI,Finland,2023,4102.060820097848,9.6262855192013,277.92562517520435
FI,Finland,2024,4627.807617943412,2.228182575826543,276.24943495517203
FI,Finland,2025,4710.484351242258,5.196213646091496,276.0192133079929
FI,Finland,2026,4565.102358424744,22.26918243037776,276.64840429955603
FI,Finland,2027,5093.914709040231,0.38986570766560613,274.8077994729893
FI,Finland,2028,4784.295952086133,8.175081594565786,275.9853529807367
FI,Finland,2029,4314.131021756958,11.169328532225098,277.2838889325135
FI,Finland,2030,4274.513759888119,15.513535721922363,277.4055525547658
FI,Finland,2031,3919.0532479898334,4.025482299208543,278.2130196973611
FI,Finland,2032,4705.38871990663,7.553638206736517,276.1746565480893
FI,Finland,2033,4735.635080666985,12.968422347174993,276.0616697868462
FI,Finland,2034,4204.597790424861,13.597984067983756,277.58396017508846
FI,Finland,2035,4556.3703570124035,20.484150985493066,276.7316693700952
FI,Finland,2036,4762.742419106837,21.56543041302613,276.20663675410117
FI,Finland,2037,4337.092869506335,0.9728419986237367,276.96980658605554
FI,Finland,2038,4272.515024339054,11.002141844965521,277.4113137033497
FI,Finland,2039,3808.4001745861224,44.97590108584338,279.1350790534669
FI,Finland,2040,4618.3390393185655,2.5024736439661326,276.3202535114375
FI,Finland,2041,4478.968756121134,10.404108134935107,276.8271822017807
FI,Finland,2042,4212.102944936428,21.438591929611256,277.74857912070695
FI,Finland,2043,4125.961955661216,18.055593418690265,277.88605646255405
FI,Finland,2044,4504.380423125218,26.062951811533335,276.92337253753686
FI,Finland,2045,4192.212900122505,6.924189487313275,277.65465600921
FI,Finland,2046,4724.065300073643,9.43424738791731,276.14153776007396
FI,Finland,2047,5005.082314652928,10.358021903420003,275.4008981562392
FI,Finland,2048,4471.414682534722,14.950315008546632,276.96533066686544
FI,Finland,2049,4826.0069441723645,36.199875636443416,276.11001049336954
FI,Finland,2050,4276.803825163155,10.790038617869849,277.34905015328695
FI,Finland,2051,4313.39653197415,13.016216414480134,277.3268268341595
FI,Finland,2052,4350.007211697604,11.277115783102959,277.20900031271907
FI,Finland,2053,5261.0635867587625,4.892771937749509,274.49447417250695
FI,Finland,2054,4047.208936006631,5.123930208109252,277.90673092900965
FI,Finland,2055,4779.2015757392755,5.8837474139547625,275.8560052977045
FI,Finland,2056,4384.1452393829695,5.973838016774657,276.9847322335403
FI,Finland,2057,4805.309332800114,6.602052290553742,275.8042090634919
FI,Finland,2058,4186.818773653844,4.959767443085055,277.51549951078823
FI,Finland,2059,4416.440133270571,26.07600163411541,277.09101993413265
FI,Finland,2060,4657.233913808663,18.872650960251164,276.4834621852578
FI,Finland,2061,4827.125822760321,3.5497693385717928,275.65493200932315
FI,Finland,2062,4047.494125321916,52.99487865975432,278.3418394495078
FI,Finland,2063,4172.45113419358,3.618972231381354,277.4618694217425
FI,Finland,2064,3976.8224283988784,23.60107124684101,278.4182322460567
FI,Finland,2065,3939.505767923106,4.906433521418242,278.1942547769645
FI,Finland,2066,3903.5159321687233,15.614207181696734,278.4967113515208
FI,Finland,2067,4200.829943845591,11.670826722446344,277.5948129072272
FI,Finland,2068,4876.007795555057,2.1658019199440397,275.5732380993767
FI,Finland,2069,4189.829674631484,8.679433648664169,277.62118266076834
FI,Finland,2070,4615.961097737081,17.175386666527444,276.53427933461
FI,Finland,2071,4039.9783611817097,28.547341323520264,278.2419104919168
FI,Finland,2072,4024.540073443117,10.28045965512491,278.1712978089473
FI,Finland,2073,4623.847139994736,4.579800826301651,276.2401905354633
FI,Finland,2074,4245.921881527078,5.143449414227662,277.3640637524479
FI,Finland,2075,4157.15858973065,1.0044525162935187,277.47809522047135
FI,Finland,2076,4498.62035756343,25.65526953262868,277.0487708803121
FI,Finland,2077,3990.038706597633,38.578834300568786,278.5268081090825
FI,Finland,2078,3863.009695535021,4.974903608011145,278.39541973951503
FI,Finland,2079,4601.168509589019,29.356746351287804,276.67534199893987
FI,Finland,2080,4534.322658498583,5.690724192000304,276.6160674254039
FI,Finland,2081,4611.077851974149,5.106895341655558,276.34277195549214
FI,Finland,2082,4262.76451580154,26.337723669328447,277.5698347240056
FI,Finland,2083,4254.42476622074,10.581343035773834,277.4475563131852
FI,Finland,2084,4493.023092833118,6.347184169628255,276.7233700984499
FI,Finland,2085,3841.501085720809,18.973914770959944,278.7474626253536
FI,Finland,2086,4346.695574055981,21.782405812086864,277.3385869929959
FI,Finland,2087,4273.814471377479,23.233063098154048,277.6457273034158
FI,Finland,2088,3990.374477178496,11.603142304299954,278.2395454931351
FI,Finland,2089,4383.191764924741,24.26191046720865,277.29735454002036
FI,Finland,2090,4151.972159035544,12.10141115837092,277.72355582599295
FI,Finland,2091,4014.825655727964,2.2364872000845537,277.94616172151575
FI,Finland,2092,4421.492529422827,5.564151308456438,276.9245035619897
FI,Finland,2093,4175.145050015612,3.440788927470054,277.5313328961256
FI,Finland,2094,4437.358935574177,1.8764524163514036,276.7385226164851
FI,Finland,2095,4237.477758993227,12.630669412739211,277.45876780681505
FI,Finland,2096,4330.4252804955095,9.512824159005042,277.3066025621254
FI,Finland,2097,3428.752379823886,24.347360889926733,280.0506942354043
FI,Finland,2098,3852.922731734722,10.375634197607383,278.6642473836664
FI,Finland,2099,3608.3864385220045,6.433346159716801,279.1950507116978
FI,Finland,2100,4017.191359985587,20.957047758381016,278.2603929163413
FR,France,1950,2340.4557666295373,81.36030227020946,283.39466495703516
FR,France,1951,2355.166670148993,96.69060000571044,283.35973777052504
FR,France,1952,2170.6691549871794,108.72748458441029,284.05826741989364
FR,France,1953,2316.5753441608576,59.74571294533713,283.3216347583421
FR,France,1954,2173.2769378336516,33.167652517633655,283.41803763237135
FR,France,1955,2296.611268333757,116.21741036667478,283.7894547696865
FR,France,1956,2365.837237591606,59.821409700059085,283.0852534460927
FR,France,1957,2180.540987570045,69.48713085847021,283.7069088134366
FR,France,1958,2502.560697542458,26.45610324948243,282.4344832562044
FR,France,1959,2049.9870137167086,77.42809803757049,284.16711676320904
FR,France,1960,2460.2229424989255,57.54482154666621,282.8392213272413
FR,France,1961,2433.1122031825394,51.84365760670501,282.82769206139426
FR,France,1962,2341.3571017725335,39.20463045104963,283.004540325733
FR,France,1963,2105.657224096608,90.33754868459567,284.0517301056018
FR,France,1964,2073.5874934508465,51.23856157539585,283.8219911212418
FR,France,1965,2232.357668514575,51.348109030635314,283.49128205470737
FR,France,1966,2298.970829267466,74.96110683655884,283.5390683836237
FR,France,1967,2389.2550321898198,63.215506779452355,283.0087577009981
FR,France,1968,2118.165369153912,45.48986760938494,283.7337292765284
FR,France,1969,2211.653930782315,47.55817042926955,283.4425469116644
FR,France,1970,2031.3337173740388,62.613781584964805,284.2151830031819
FR,France,1971,2283.536792576041,85.72438346117441,283.46567168115473
FR,France,1972,2228.5814822850675,21.222340902740378,283.2191654452715
FR,France,1973,1949.6079993228452,109.04286829622131,284.6546403573683
FR,France,1974,2270.5190812166466,39.44063153436404,283.19302111167076
FR,France,1975,2117.292255961884,130.9778071337788,284.27328947805614
FR,France,1976,2078.2348537970547,62.5797411686125,284.04036638337715
FR,France,1977,2328.0916253304786,57.55334649682151,283.20910338660553
FR,France,1978,2120.148277344663,104.62985558328506,284.18835764297415
FR,France,1979,1958.7302816642743,128.07834345965335,284.8135836102896
FR,France,1980,1909.630165302416,63.85587173953777,284.5237907938177
FR,France,1981,1879.0910892902011,66.56965558695492,284.5994345443514
FR,France,1982,1938.2742224226142,44.29085837191667,284.30856000695735
FR,France,1983,2149.096089116748,36.67837249035781,283.577765026708
FR,France,1984,2457.3725803911548,69.79169049784363,282.9574980411022
FR,France,1985,1967.8801989903423,70.80059852495202,284.3802757311198
FR,France,1986,2031.269630795614,118.01949002236248,284.5757738611167
FR,France,1987,1950.7441610094281,110.50503366227086,284.80543467160123
FR,France,1988,2063.1042548835444,78.39784141088698,284.1950632301539
FR,France,1989,2038.4312852378534,64.97564594214256,284.138596201246
FR,France,1990,2069.89262003016,85.4037122106147,284.11052006035743
FR,France,1991,2034.422308324758,81.80043051404583,284.3863794179707
FR,France,1992,2130.738232500179,34.023043018818754,283.6167132984371
FR,France,1993,2169.648460531425,57.4631891186449,283.6446974503099
FR,France,1994,2031.706304356693,43.43830650227182,284.041401237591
FR,France,1995,1969.6430720029405,103.02112672590793,284.53948312640404
FR,France,1996,2175.8832454102394,67.09858503487632,283.743232406115
FR,France,1997,2041.0382335534853,58.098454902289895,284.1316112987416
FR,France,1998,1844.3096463514553,110.91212162928154,285.0841600353963
FR,France,1999,1870.7905585644965,131.87239956307906,284.98805192195977
FR,France,2000,1891.1529254867871,183.99637955817562,285.29999562021266
FR,France,2001,2084.0479796024606,58.87560391623547,284.0057322843432
FR,France,2002,1939.103287062625,101.40711000226135,284.6340654870954
FR,France,2003,1916.3720124349893,86.35600106342356,284.6758378059015
FR,France,2004,2166.535347518766,116.63870983243436,284.20066578914793
FR,France,2005,2312.5495722849314,133.38431691529007,283.8590608037865
FR,France,2006,1943.8313806535948,131.92577209758895,284.90250844792814
FR,France,2007,1892.2234020852052,98.85118155773867,284.8051945334659
FR,France,2008,1967.7741725939059,129.92472045645513,284.8814299298691
FR,France,2009,2126.4522027047146,62.34711960068621,283.9011372562641
FR,France,2010,2428.113363277318,59.84599180285258,283.0536714143358
FR,France,2011,1729.718327692072,138.13404500859474,285.49413754748633
FR,France,2012,1834.605717306556,147.74404567846705,285.416100113237
FR,France,2013,1978.5255650923414,130.05546087721626,284.9355137990723
FR,France,2014,2046.3400450555132,40.22713055956278,283.95300031902633
FR,France,2015,2180.033468287337,115.13523835845187,284.1513984737196
FR,France,2016,1759.9534169201538,150.2235610468319,285.65887368497647
FR,France,2017,1941.0242507288467,60.34150743376198,284.3443540758855
FR,France,2018,2067.0339661051107,58.13553269830578,283.98417244126716
FR,France,2019,1962.876702658429,61.79896941678752,284.33762167998583
FR,France,2020,2071.397846166381,128.3648133770879,284.5078319664507
FR,France,2021,2322.437160391321,74.90452363997686,283.48249293222153
FR,France,2022,1928.6211722339126,152.48264490919127,285.0021943253365
FR,France,2023,1980.4722497548119,83.75719548778387,284.42554616657037
FR,France,2024,1916.4313829714263,57.50064172900487,284.34070184628246
FR,France,2025,1802.1605475427855,38.15282851160542,284.55307015861865
FR,France,2026,2295.6490500326336,34.22529707963355,283.13239522431707
FR,France,2027,2326.9681530094613,83.35392549324871,283.48251162578146
FR,France,2028,1933.9523196017801,141.39082271769936,284.99113012689855
FR,France,2029,1953.0744316306257,151.52848328649938,284.88891344650347
FR,France,2030,1789.6728105168286,158.04779934290156,285.327388554642
FR,France,2031,1898.6385857265122,175.7790602162582,285.1987183942744
FR,France,2032,1903.2763997707352,122.56318289280041,284.96936760538506
FR,France,2033,1924.783565939534,196.40054241738662,285.30646489540237
FR,France,2034,1743.751567429096,152.66730593274121,285.5158660420592
FR,France,2035,1864.1071449226222,57.485906265652375,284.56295937863575
FR,France,2036,1888.0660748040489,90.32902637220342,284.72972400730936
FR,France,2037,1688.3541970784943,127.99218355200324,285.56287194137803
FR,France,2038,1775.8509242996263,94.37100733205936,285.1169686455819
FR,France,2039,1749.9664285768297,156.08381862190822,285.50158370832844
FR,France,2040,1886.1722937007987,94.95582729949452,284.7542280244653
FR,France,2041,1886.2093592822496,103.27879406028582,284.82905335261336
FR,France,2042,1670.3299405342043,187.16977466649598,285.9812116669632
FR,France,2043,1775.1697619418028,170.0462755552259,285.623872088087
FR,France,2044,1919.9186346494423,109.21349136502066,284.84029607990186
FR,France,2045,1840.0824546653369,82.83526582998215,284.91847738745605
FR,France,2046,1907.8269394901758,91.66516538580676,284.6978190720334
FR,France,2047,2101.502640282694,137.66509869813183,284.52316505423397
FR,France,2048,1909.963091539288,162.42675817456944,285.2233560035272
FR,France,2049,1800.2191121009737,157.32382286048954,285.47677716972487
FR,France,2050,1635.147327931189,121.93897767814393,285.7671228916746
FR,France,2051,1947.247122347378,118.3118891889558,284.68152884228067
FR,France,2052,1906.8209914448264,107.52375729017626,284.75707324008977
FR,France,2053,1830.5798630414802,85.29918985602357,284.8708497634803
FR,France,2054,2005.4704377195008,77.96794173318524,284.3051268103005
FR,France,2055,1614.935327460807,123.71737673897647,285.77161231585023
FR,France,2056,1796.4212985560087,62.93707044935391,284.8345186969004
FR,France,2057,1885.5080003234682,144.7636848543701,285.12008019588393
FR,France,2058,1656.7852340362629,158.71773101757017,285.92808407050927
FR,France,2059,2195.5070727012385,100.76163382888798,283.94279422196036
FR,France,2060,1769.342285582613,115.31115597466923,285.3344748820477
FR,France,2061,1776.2064066213238,138.51998145147817,285.4199405801752
FR,France,2062,1530.6352597999971,221.3450213727064,286.7358011771893
FR,France,2063,1782.9341875293983,209.91883610514896,285.6271390488554
FR,France,2064,2096.3703376978638,73.44148002615096,284.0232618989017
FR,France,2065,1662.7845559681207,142.8241998784718,285.8048076876847
FR,France,2066,1976.7284043943957,49.548928832380504,284.1415296746655
FR,France,2067,1682.5825617887072,101.74918837941146,285.43120028670796
FR,France,2068,1920.4863047758213,155.30114639105736,284.9962187509018
FR,France,2069,1699.4220861400347,128.07230585530147,285.7499733887294
FR,France,2070,2002.501477083882,155.52580239498397,284.7865442266616
FR,France,2071,1750.1326087956352,161.13264674844837,285.6424765538127
FR,France,2072,1871.7842961612887,137.9319746870548,285.0323971244697
FR,France,2073,1867.2236863657708,178.9904660697275,285.4201897092514
FR,France,2074,1524.7409171608247,215.27165872731086,286.54922665883913
FR,France,2075,1700.4485846317548,198.6480434162895,285.8768454459789
FR,France,2076,1710.632495696396,148.36263078883755,285.61344729659294
FR,France,2077,1634.7387266320036,108.36022470211465,285.5543727456027
FR,France,2078,1751.7007598914668,160.54163660072453,285.52876363686505
FR,France,2079,1937.7819130077887,131.28858039061777,284.78142698633326
FR,France,2080,1707.9655142688816,129.21874971612388,285.57714957746873
FR,France,2081,1684.3316012684977,142.82919793691192,285.75547664520326
FR,France,2082,1919.907640495818,145.08116493554073,285.1373872685939
FR,France,2083,1743.9064889408671,153.70990345175363,285.61275618487014
FR,France,2084,1912.6196204079906,139.2907851416156,285.00804074264516
FR,France,2085,1923.7833105971629,174.96654021663602,285.182258031997
FR,France,2086,1837.2536491532671,304.2334001461152,286.18276705020475
FR,France,2087,1583.5691514391963,110.09237698353859,285.86413281180154
FR,France,2088,1558.3453710538442,197.33544001508403,286.43989885454886
FR,France,2089,1501.7516443969002,136.2519448250464,286.3220831694917
FR,France,2090,1746.4158874449122,223.14879528067056,286.0030548455699
FR,France,2091,1640.2307858488466,258.4445329651297,286.35452726208416
FR,France,2092,1801.7258071424928,204.05932596928665,285.723785061139
FR,France,2093,1788.6864507084665,131.08023857910638,285.3495067898703
FR,France,2094,1762.0283601814594,177.71560746447634,285.73498892931633
FR,France,2095,1602.7579866362423,138.08947183283675,285.91193260785974
FR,France,2096,1580.1333087804176,200.46375697890807,286.2589912592126
FR,France,2097,1645.5981706171294,217.28998186293998,286.27479295841596
FR,France,2098,1766.8411522119538,152.69382010254816,285.3721395295185
FR,France,2099,1652.7731362964992,210.45686541398774,286.24390609057593
FR,France,2100,1509.0999016725357,194.9973812350198,286.5882120240441
DE,Germany,1950,3112.2442378518135,59.14974943973951,281.01820198818837
DE,Germany,1951,3046.915818400413,51.14721601574632,280.99414195761227
DE,Germany,1952,2947.270222823417,48.55846503755215,281.3016433280334
DE,Germany,1953,2941.623733249543,24.14645007246129,281.12089503371
DE,Germany,1954,2756.1195902401787,28.355185740798923,281.75840667849167
DE,Germany,1955,3214.2103274171463,86.14768637393607,280.8762042042802
DE,Germany,1956,2939.032950369482,40.79588992856989,281.31990275924204
DE,Germany,1957,2915.9247161332114,58.33603495368411,281.5465540117715
DE,Germany,1958,3124.6129384362093,23.12425726806221,280.653749776997
DE,Germany,1959,2727.64416370067,58.47574096453389,282.08360759713867
DE,Germany,1960,3177.1164172951217,33.54883504494321,280.5779846761481
DE,Germany,1961,3300.258368306363,15.48553023907224,280.005749975337
DE,Germany,1962,3051.598445237163,26.08278723440977,280.8734501451193
DE,Germany,1963,3029.8934927363243,53.93246366450775,281.1182434269434
DE,Germany,1964,2720.1002764227837,28.056241741036388,281.7969596250037
DE,Germany,1965,2904.560187118101,40.99279869152093,281.43837607738385
DE,Germany,1966,2824.8576548500687,56.10408968236224,281.8973215701105
DE,Germany,1967,3301.8760600643973,17.993921075025018,280.05107057157096
DE,Germany,1968,2984.616484631424,21.532366778788056,281.07072686573395
DE,Germany,1969,3061.408711739341,33.58804460450687,280.97000099836373
DE,Germany,1970,2977.063504388596,27.511913782159585,281.1434803481786
DE,Germany,1971,3049.6641776160177,54.3325643557818,281.04897461084516
DE,Germany,1972,2653.8559048532106,38.31980512580896,282.17015536552185
DE,Germany,1973,2710.7166539784653,26.735377647599375,281.8548837940439
DE,Germany,1974,2669.4931290605973,29.58109811765039,281.96861504088554
DE,Germany,1975,2930.959794612463,56.36184711509704,281.4837040798077
DE,Germany,1976,2842.965473984339,46.99549874112566,281.77226791025214
DE,Germany,1977,3039.600327080909,17.35607309874363,280.7756165434734
DE,Germany,1978,2799.889923637321,77.97630457168293,282.0483555957379
DE,Germany,1979,2600.4884051590666,99.92747878548907,282.74266748065764
DE,Germany,1980,2543.5489168898425,34.66832735084232,282.4380048366705
DE,Germany,1981,2424.0629608227246,42.57360876901478,282.80516243495344
DE,Germany,1982,2517.2144905752098,26.901505276213936,282.449591411025
DE,Germany,1983,2751.3630042184523,26.342278721224087,281.63193379217046
DE,Germany,1984,3153.416498046845,26.848845558181278,280.62212607376034
DE,Germany,1985,2491.351196735508,42.11418504041886,282.67132470063063
DE,Germany,1986,2688.3108828235845,90.80641549073808,282.5026149509203
DE,Germany,1987,2609.7280124442154,97.235184294225,282.7658109129865
DE,Germany,1988,2562.60688222722,40.25633060617926,282.45203720996284
DE,Germany,1989,2638.599991390735,38.395015061731605,282.2134913242247
DE,Germany,1990,2608.1747159771594,50.55400411291648,282.31290520641954
DE,Germany,1991,2650.484593918791,41.627884999652686,282.1761871767826
DE,Germany,1992,2789.3937816430152,31.282505032054413,281.6782608472967
DE,Germany,1993,2855.028250984459,37.49616401661882,281.5153831459736
DE,Germany,1994,2782.5187089421115,31.212735673700543,281.7254345905444
DE,Germany,1995,2724.071460623279,34.19992324128584,281.82438890918786
DE,Germany,1996,2991.8083654082416,75.40265406778217,281.3664877276112
DE,Germany,1997,2742.230886840572,26.70481505479131,281.74886561448915
DE,Germany,1998,2426.020321872734,120.92820032661757,283.46516186436634
DE,Germany,1999,2518.772661415498,47.35193395519363,282.5370734482022
DE,Germany,2000,2394.0193763968086,83.27787076804972,283.20655125500355
DE,Germany,2001,2781.647968342924,34.54286686205508,281.6995754076165
DE,Germany,2002,2570.18009330621,40.90034173200259,282.27445087560267
DE,Germany,2003,2588.664613483795,56.030294623785515,282.40669268747286
DE,Germany,2004,2885.2913167783286,58.03545331750613,281.724722434842
DE,Germany,2005,3068.029764710196,79.54117198704242,281.3182706169161
DE,Germany,2006,2581.694771144638,73.53116350772967,282.6360839881509
DE,Germany,2007,2849.240022975041,49.38508049295768,281.7415004916659
DE,Germany,2008,2706.3492994888984,56.77438064732273,282.15396877877936
DE,Germany,2009,2628.6057915439,37.84432460170583,282.1933754634635
DE,Germany,2010,3215.8354401072256,47.611261956411326,280.7306713520624
DE,Germany,2011,2242.330954377746,140.6238908972246,284.05102733257195
DE,Germany,2012,2550.509946093269,47.23431004057831,282.5311026289566
DE,Germany,2013,2695.359966362334,86.00076070475191,282.43998723343
DE,Germany,2014,2563.2181749476813,27.278515512013918,282.30985589282227
DE,Germany,2015,2890.3986719137074,71.12754803633572,281.7732536871532
DE,Germany,2016,2475.5800936293226,108.84750968549947,283.2825546099486
DE,Germany,2017,2606.7263362028652,30.023575069396,282.1422686984919
DE,Germany,2018,2668.626429038987,25.682867843256744,281.94249282017074
DE,Germany,2019,2447.994345001487,47.76613634891133,282.764541600278
DE,Germany,2020,2888.271563378761,54.77313712737585,281.6499720757544
DE,Germany,2021,3108.3088969120877,28.35728445269826,280.8156837900686
DE,Germany,2022,2413.361300244666,88.92898981442576,283.1898105607033
DE,Germany,2023,2534.276220829232,47.5049081648032,282.5263302812979
DE,Germany,2024,2594.7598888208813,30.014417683373797,282.09199824876936
DE,Germany,2025,2461.934004246895,17.40312277931705,282.40772944883554
DE,Germany,2026,2912.5110385918683,23.29861944434014,281.2843036663381
DE,Germany,2027,3141.458421541869,46.628866455449966,280.79247628488906
DE,Germany,2028,2745.4218628300814,78.19053875265104,282.1647012330911
DE,Germany,2029,2464.020375895927,77.26742394861914,282.8676070464646
DE,Germany,2030,2373.45840467953,117.09523240349316,283.387395016993
DE,Germany,2031,2365.0982817064137,121.01779190026076,283.5936900927259
DE,Germany,2032,2583.275907339132,66.86092572918305,282.61291983286606
DE,Germany,2033,2613.6088587959484,112.56348509325284,282.8365516810533
DE,Germany,2034,2256.5832794172193,102.36408263895456,283.7571792563312
DE,Germany,2035,2556.8679232453997,30.099022891427115,282.34485981746184
DE,Germany,2036,2455.300455721869,47.050082707763536,282.7973293797642
DE,Germany,2037,2155.4120781683114,65.23822448402508,283.72178777541603
DE,Germany,2038,2419.56914111432,40.139777345722734,282.7882685368268
DE,Germany,2039,2228.7467864628816,89.78805025210389,283.7185851752306
DE,Germany,2040,2551.776110877412,27.03824988420974,282.24695212743376
DE,Germany,2041,2469.873371796747,68.13274412110937,282.8266933686556
DE,Germany,2042,2332.4284755488434,127.06127090133765,283.6655240124861
DE,Germany,2043,2312.7296695471955,80.62739033370629,283.4182181966795
DE,Germany,2044,2726.1749190883856,72.63654198488773,282.38289036909123
DE,Germany,2045,2468.586279315934,57.40284748362235,282.847843464927
DE,Germany,2046,2525.6155860183108,47.565259645152736,282.65189778211743
DE,Germany,2047,2790.4138742015975,100.67840828263823,282.3550214279919
DE,Germany,2048,2557.4044794299525,108.15277200514782,282.95323607156365
DE,Germany,2049,2628.626614208586,72.05790975103477,282.49673529086806
DE,Germany,2050,2047.8384062464077,80.6417668609449,284.2049278713627
DE,Germany,2051,2481.9270491908114,67.95545901768008,282.7328640540534
DE,Germany,2052,2576.658430642525,63.296324279603944,282.45688177806653
DE,Germany,2053,2516.1836423307177,42.55493733838128,282.45113667271374
DE,Germany,2054,2519.5458482110457,29.44910100795355,282.3533358687182
DE,Germany,2055,2462.24129229796,55.92037222925303,282.85018710316405
DE,Germany,2056,2477.7070455742805,17.53931877145926,282.41075670179697
DE,Germany,2057,2518.016719122861,129.41690972205544,283.26837565500443
DE,Germany,2058,2273.8568861699428,75.0908909887174,283.5546561619057
DE,Germany,2059,2960.7309453080056,53.0482996003235,281.4471975712382
DE,Germany,2060,2497.0379221845546,92.54110209444559,283.0576263829981
DE,Germany,2061,2608.021540411871,52.986864542322714,282.39332554482417
DE,Germany,2062,2222.1682808673454,237.0098857761607,284.66689578185316
DE,Germany,2063,2259.467060065277,152.97055642656977,283.9121252394033
DE,Germany,2064,2626.3478307484597,34.05217142031447,282.1942620085332
DE,Germany,2065,2166.6653946937217,54.009195694886245,283.6249789627217
DE,Germany,2066,2493.2143317332207,19.111139870872886,282.27477216207666
DE,Germany,2067,2416.26276556469,62.42625545067616,282.9893504312742
DE,Germany,2068,2651.2794640055,69.55526668328491,282.2652858375248
DE,Germany,2069,2287.80189466921,96.71951974665349,283.7131637142395
DE,Germany,2070,2833.3483132056144,87.28584097456367,281.94829060332296
DE,Germany,2071,2381.848018986221,144.22503509604704,283.6533325464937
DE,Germany,2072,2411.6225539037546,74.47320920430616,283.06675514831375
DE,Germany,2073,2658.3948540398355,97.42150841197859,282.5336533607002
DE,Germany,2074,2106.8186597013905,106.57527179897721,284.2069935614452
DE,Germany,2075,2270.2845654940966,69.41934836772268,283.4190335398292
DE,Germany,2076,2413.1148198940086,68.14842325223924,282.9676383117456
DE,Germany,2077,2306.524927024431,44.09980345172753,283.1424762968587
DE,Germany,2078,2209.026658929861,53.616402766216794,283.4666857875577
DE,Germany,2079,2553.9399347688295,89.62278132537267,282.6097040324417
DE,Germany,2080,2528.6883122756017,42.88970717902028,282.6002956352903
DE,Germany,2081,2491.3669213451494,55.74533953618474,282.7136119506821
DE,Germany,2082,2484.443125257549,82.11952124564064,283.00603126625776
DE,Germany,2083,2399.0358954873273,83.7421609320822,283.2566073667017
DE,Germany,2084,2586.8181563486783,77.67258749665527,282.7116627708048
DE,Germany,2085,2516.2464815184476,68.12796202553928,282.786116370014
DE,Germany,2086,2453.254033725777,178.27048362333497,283.8308699358641
DE,Germany,2087,2363.054717193863,49.4303229090368,283.3038028682353
DE,Germany,2088,2109.00165480491,110.0787144003407,284.3117472823433
DE,Germany,2089,2076.296848908489,128.44171833764625,284.65724822875666
DE,Germany,2090,2330.1929253165804,121.16265375723049,283.69544116146506
DE,Germany,2091,2211.851520879105,140.32170083349732,284.0539638889262
DE,Germany,2092,2366.1365210059325,76.71012795504191,283.2131990237651
DE,Germany,2093,2322.101207705049,68.31226041406879,283.43299561344935
DE,Germany,2094,2503.5863698725097,63.23545613294321,282.73865692443655
DE,Germany,2095,2259.9405086386078,58.74537731982054,283.39581956398314
DE,Germany,2096,2080.6922898985986,130.20444911247455,284.43471822301865
DE,Germany,2097,2208.286241047861,125.96999600448547,284.172869221996
DE,Germany,2098,2320.097567740117,55.29416218355736,283.18852970724424
DE,Germany,2099,2152.413938816442,149.22553427079112,284.3300891256898
DE,Germany,2100,2050.9693006657244,152.53213794631858,284.73032902377435
EL,Greece,1950,991.7506988147425,221.48341880952793,288.68280888015295
EL,Greece,1951,1190.500400578123,212.45273904759762,288.1503134762521
EL,Greece,1952,1229.7326311782826,132.79465083355592,287.5997000626199
EL,Greece,1953,1162.6624830937733,236.74629974177134,288.4283157960125
EL,Greece,1954,1044.0848811964806,248.75606762672058,288.72091091299876
EL,Greece,1955,1037.2167327583238,254.97197249701262,288.9492180707686
EL,Greece,1956,999.3346277376304,258.4479179528447,288.9875529799181
EL,Greece,1957,1314.8374875280163,164.37176288315263,287.72172728141845
EL,Greece,1958,1283.3412800270976,200.07589349668623,287.95768959833777
EL,Greece,1959,1034.2259709663679,208.71286273285722,288.7779012655158
EL,Greece,1960,1227.267452603081,253.64885938077197,288.27606243736267
EL,Greece,1961,1146.759589211509,177.6808229619433,288.0284750815685
EL,Greece,1962,1432.8160267039618,201.87886120480587,287.4366697894908
EL,Greece,1963,1226.2909202676326,146.56301409096884,287.7116398686384
EL,Greece,1964,1016.7303675110531,244.32094144790497,288.75507640306193
EL,Greece,1965,1194.799424735889,313.4956859065295,288.54322066333
EL,Greece,1966,1061.1481751437434,195.89943785438356,288.5149580605069
EL,Greece,1967,1112.2129123460866,226.2675817167577,288.5374490557604
EL,Greece,1968,1122.8619594212669,145.66358445615708,288.13934612490834
EL,Greece,1969,1071.609525576982,274.71216721476327,288.8897117324036
EL,Greece,1970,1385.693704725519,229.83601175837973,287.6695081145547
EL,Greece,1971,1094.5828152163203,255.4785941179625,288.7322207721634
EL,Greece,1972,915.1701257586094,256.633428493138,289.3105740006921
EL,Greece,1973,1017.2042670854119,307.84622849071684,289.1318703300951
EL,Greece,1974,1111.7657444653903,284.93260081304254,288.7358325438669
EL,Greece,1975,1237.8583769546676,287.9435133344335,288.4129188832822
EL,Greece,1976,1159.2313544628137,218.50624470453758,288.4182248412139
EL,Greece,1977,1127.3100020971995,246.40633202937968,288.5736521166195
EL,Greece,1978,1141.3851898377502,214.57615030356928,288.45624260229573
EL,Greece,1979,1024.9021387913062,257.22213879138127,288.8884421469411
EL,Greece,1980,1060.9770372810465,284.81801415222554,288.82986179024783
EL,Greece,1981,1190.2891399504592,271.7315535363758,288.3880819420227
EL,Greece,1982,1135.580410426113,248.61206380198345,288.61998707153833
EL,Greece,1983,798.2948180504592,269.56941402228966,289.600802472648
EL,Greece,1984,993.6427109653405,253.1737576808246,288.9675705249394
EL,Greece,1985,1251.0569066879652,257.5390799977365,288.247155728487
EL,Greece,1986,959.1651810131159,285.2993095149387,289.21556243006756
EL,Greece,1987,1057.5300651982689,279.5337321118727,289.0082299749934
EL,Greece,1988,981.5395717416226,240.70233205848552,288.94537709586035
EL,Greece,1989,904.4708488985782,201.45508901604546,289.1451505231121
EL,Greece,1990,1043.869206118426,245.43713737435522,288.79344168074147
EL,Greece,1991,1004.3390061305264,214.52902639521994,288.73890962262516
EL,Greece,1992,1015.5355644837703,282.6603440446814,288.9491050793038
EL,Greece,1993,1026.5178465506888,242.53771449019212,288.81817971824626
EL,Greece,1994,977.0072264303252,311.7289327387516,289.3540939069474
EL,Greece,1995,997.9209005449379,285.66677170313073,289.0738812516432
EL,Greece,1996,977.6221153994409,236.8831381563019,288.95745651318384
EL,Greece,1997,1100.147393856968,230.89357335256577,288.51007695236467
EL,Greece,1998,919.2033912739598,243.9920223585089,289.2330383115229
EL,Greece,1999,1007.5878617245445,284.0896014942521,289.14761570773345
EL,Greece,2000,816.9317835161366,368.8356233454438,290.0573882585865
EL,Greece,2001,808.2814073975618,353.1103332845094,290.04460614186524
EL,Greece,2002,1038.5294130172306,235.49302129019284,288.72131451075313
EL,Greece,2003,795.6587341100966,311.408890669171,289.92330750581567
EL,Greece,2004,915.0883839950973,281.3008478446369,289.2741805077213
EL,Greece,2005,1372.251085870234,295.1869712123867,288.0961185408311
EL,Greece,2006,939.3302516548911,330.3436777854486,289.7845957068823
EL,Greece,2007,1250.7837113267249,364.02282063382944,288.816966102399
EL,Greece,2008,1084.122532263579,292.31132172896463,288.79386476769923
EL,Greece,2009,981.046063891176,276.461936096933,289.2404779188865
EL,Greece,2010,977.1725143724299,309.3246395544857,289.46297796116136
EL,Greece,2011,1090.6966936863796,358.60290861911204,289.10380048219406
EL,Greece,2012,1004.3744025437088,317.0935130672839,289.3995440360331
EL,Greece,2013,1016.6021267832224,313.6806310163707,289.44398854350675
EL,Greece,2014,949.3090342213677,377.8806285163679,289.66010241327626
EL,Greece,2015,1150.8087050941388,276.91512211378085,288.68406575695894
EL,Greece,2016,895.3686301803087,315.6851642652448,289.8707403019438
EL,Greece,2017,858.3221155418341,313.75165698267904,289.77503547838444
EL,Greece,2018,792.5363134958982,222.15198932112153,289.60240601678476
EL,Greece,2019,904.969840727059,289.3267723775398,289.47360601187484
EL,Greece,2020,999.3549464384037,334.2616571087687,289.4325252413541
EL,Greece,2021,991.1404090828162,358.85807244988536,289.43221091391933
EL,Greece,2022,866.1632922479428,300.10772675875216,289.6860256044106
EL,Greece,2023,1037.1670136312287,313.55399353159237,289.2361338549858
EL,Greece,2024,926.1939697540472,487.55227451636756,290.1608240768857
EL,Greece,2025,1031.8446173471611,494.5171679076042,289.9857391664899
EL,Greece,2026,803.6146717151883,369.3852608269531,290.1978511594171
EL,Greece,2027,993.3420746692583,392.36401974731643,289.71643562256264
EL,Greece,2028,875.4518508205501,311.32274172477787,289.6383405264439
EL,Greece,2029,844.5048590718545,329.781189517528,289.74050733660044
EL,Greece,2030,718.4710575052226,355.58282798095564,290.5729459143612
EL,Greece,2031,843.2810527661765,365.419353963331,289.9383060304561
EL,Greece,2032,958.9187575763627,276.7291542934927,289.27123495396893
EL,Greece,2033,839.6979246520747,295.6707150692105,289.74805165581125
EL,Greece,2034,932.7347998477352,389.4205033128732,289.9724930310832
EL,Greece,2035,1033.9545614301173,361.947584809849,289.30465360111083
EL,Greece,2036,821.7951075224564,479.6097881749909,290.35847995320023
EL,Greece,2037,763.2830595179414,450.6937474225999,290.576374784005
EL,Greece,2038,880.4331503726038,392.38343373373885,290.0127694256101
EL,Greece,2039,743.2627886286627,430.89100040041075,290.73707040377764
EL,Greece,2040,748.9219411624458,409.86173295482024,290.5519823952108
EL,Greece,2041,800.8082852543423,463.85753524954407,290.4525129959574
EL,Greece,2042,817.3838205749306,409.6226571611754,290.1355668946564
EL,Greece,2043,962.0872093305921,355.91740871016407,289.75059694595893
EL,Greece,2044,861.8422646985713,428.2666191765848,290.0730603893279
EL,Greece,2045,852.347956149173,393.83934320123507,290.14925103921985
EL,Greece,2046,971.1726466711729,452.457683494722,289.84910643087443
EL,Greece,2047,782.8362437142257,408.65930610026277,290.352932145746
EL,Greece,2048,812.471905817629,462.30019794810346,290.61935086817124
EL,Greece,2049,826.1521959935468,410.55911738692123,290.11615715206955
EL,Greece,2050,733.2368986616267,552.4324013919082,291.1102346724325
EL,Greece,2051,799.5884430643397,382.55140206745995,290.19696601562856
EL,Greece,2052,800.6727839303579,370.29912842754726,290.05784168644226
EL,Greece,2053,870.6915003488474,418.30748011143163,290.1310289848203
EL,Greece,2054,868.3366108567527,497.66046175533563,290.45400804404
EL,Greece,2055,903.8546983136337,583.5634528646709,290.7689267826284
EL,Greece,2056,922.3984450086115,468.32663901150875,290.13962032912025
EL,Greece,2057,880.1273731961084,476.29593674104945,290.345469894779
EL,Greece,2058,760.1680977842782,551.5326817023483,290.9971077288781
EL,Greece,2059,923.3827307627188,420.4366883632441,289.9429605726562
EL,Greece,2060,794.44966267495,461.51304888700724,290.53269068804525
EL,Greece,2061,825.7495616138519,388.4789858360352,290.13471691310184
EL,Greece,2062,858.77069529102,470.2297653914642,290.29159568179557
EL,Greece,2063,654.300100479577,502.4171203987271,291.1753086278418
EL,Greece,2064,844.0296288358969,485.9616510885484,290.5055171040452
EL,Greece,2065,656.9981086760666,484.2391525654302,291.2320147721638
EL,Greece,2066,885.041146854836,452.0669294592993,290.2723790110526
EL,Greece,2067,733.3780783830815,486.24742381663987,290.6769941216279
EL,Greece,2068,750.688805931227,295.77907513962265,290.07579146874565
EL,Greece,2069,976.060928191338,467.0667752260154,289.9297859263562
EL,Greece,2070,996.5436112841032,330.6414690952965,289.34958474758787
EL,Greece,2071,891.3800538653363,427.8183759556189,289.9362575581133
EL,Greece,2072,873.7848293987482,549.4712228549555,290.6879580002032
EL,Greece,2073,956.8072538243536,327.4523761829031,289.44783503774823
EL,Greece,2074,770.4855562240173,465.7739238301634,290.7615108120967
EL,Greece,2075,898.6104155620416,454.7325974041226,290.40619528873094
EL,Greece,2076,788.7650888384146,389.391709597592,290.1780576168981
EL,Greece,2077,927.1140059276008,571.9183460715676,290.8271482187402
EL,Greece,2078,868.5260887638285,462.8429879516023,290.3232631348877
EL,Greece,2079,867.2455567714993,369.7293513407935,289.8432083880272
EL,Greece,2080,1025.304899991843,520.7645891530809,290.03273966466054
EL,Greece,2081,900.557325688186,455.7935409836544,290.18348465183027
EL,Greece,2082,924.886096498113,459.9317115228484,290.0639742379119
EL,Greece,2083,964.0534043328745,467.0223895647258,290.04296383319934
EL,Greece,2084,894.7529946589966,397.5241054689218,289.9497070251438
EL,Greece,2085,877.9078894309247,467.75004329849475,290.3314531455173
EL,Greece,2086,931.8379009791155,393.36170731492,289.8305906371886
EL,Greece,2087,937.2608501739087,517.0812210264742,290.4110894423936
EL,Greece,2088,856.4005561874427,506.22891597140836,290.52965292198576
EL,Greece,2089,692.498745946953,464.6701843728961,290.75996295099225
EL,Greece,2090,766.1613603693193,491.23883237841954,290.8433802312903
EL,Greece,2091,715.765541633466,549.0994475584846,291.2269138725372
EL,Greece,2092,705.2685585512716,557.4259787409111,291.3787837851065
EL,Greece,2093,703.9125141758689,524.1579802749951,291.25102617154323
EL,Greece,2094,745.5853735741998,457.6939732829026,290.75341777474824
EL,Greece,2095,892.0373200995751,352.86069107996974,289.9405118001215
EL,Greece,2096,685.0970893077792,463.08869657985156,290.9212713587034
EL,Greece,2097,859.0536176418674,498.6103439026548,290.65184098585036
EL,Greece,2098,764.9397363405699,478.01020637988915,290.68656499568647
EL,Greece,2099,854.1724517235572,501.5146884108875,290.5754439064706
EL,Greece,2100,730.5774443564333,482.151975553476,290.92711874747806
HU,Hungary,1950,2667.349452798633,230.3759221203834,283.4815169144879
HU,Hungary,1951,2801.7562678015693,151.3516731953992,282.6707668383772
HU,Hungary,1952,2544.3734872527075,103.50604895045655,283.0380267843274
HU,Hungary,1953,2442.524011603241,228.050026393846,284.1924110873333
HU,Hungary,1954,2213.6347505925396,187.13703274534438,284.51177726647836
HU,Hungary,1955,2732.3815665496863,275.7291540576431,283.4528350920793
HU,Hungary,1956,2489.259464416421,204.44765741724274,283.93324490136746
HU,Hungary,1957,2737.989917873084,149.84745353149344,282.9735017338468
HU,Hungary,1958,2892.6101161342776,158.44144720775103,282.5920379361868
HU,Hungary,1959,2254.8084600808866,225.04574746379194,284.71131900258274
HU,Hungary,1960,2907.143855536785,179.98015732071457,282.62900610021205
HU,Hungary,1961,2929.258379161247,110.3689005127828,281.98370359281466
HU,Hungary,1962,3049.033090421045,113.96982897100833,281.8379281837198
HU,Hungary,1963,2702.6563768424926,133.877505671726,282.828046757007
HU,Hungary,1964,2205.3859267075486,125.09513906016778,284.068580133678
HU,Hungary,1965,2551.058627456666,201.23500990638667,283.76555127409154
HU,Hungary,1966,2506.7656094777562,197.12313115169235,283.92594696616766
HU,Hungary,1967,2795.6332033652516,80.42625905466679,282.31767983009735
HU,Hungary,1968,2680.513280804326,62.08780729189829,282.4635175993868
HU,Hungary,1969,2680.950598133274,132.28592933163608,282.93103090878526
HU,Hungary,1970,2916.826218667386,122.26287971950043,282.19306513225746
HU,Hungary,1971,2598.4540446414944,185.84004900404892,283.4126536597007
HU,Hungary,1972,2260.8277670560037,150.34402393070948,284.33779665796425
HU,Hungary,1973,2379.5347550804245,109.90259566790243,283.66549919848535
HU,Hungary,1974,2344.899722811778,202.8780880008097,284.31205262422895
HU,Hungary,1975,2999.950225016946,141.99560129382084,282.1531598443031
HU,Hungary,1976,2709.2187643333123,125.47447544240525,282.99079759298843
HU,Hungary,1977,2664.8603308971046,93.21967630720462,282.62646141946766
HU,Hungary,1978,2542.107647267344,274.92317316448595,284.1795571419929
HU,Hungary,1979,2350.304152735768,313.00394934300505,284.733541054521
HU,Hungary,1980,2216.948442474058,175.6217190096228,284.5887215758254
HU,Hungary,1981,2338.5492405793707,168.65961996398187,284.24476020255383
HU,Hungary,1982,2219.4323080588592,182.2362744044122,284.58277295188077
HU,Hungary,1983,2105.0145879453503,118.18523157363566,284.3326291240348
HU,Hungary,1984,2512.7711923081115,135.90581916121013,283.4719652479372
HU,Hungary,1985,2360.2487289512596,157.01979924580203,284.09905615292416
HU,Hungary,1986,2264.7021454804903,223.37961057428413,284.6755946966823
HU,Hungary,1987,2361.547476194967,243.5960093788494,284.4837190543544
HU,Hungary,1988,2327.1032910949584,138.88648594789282,284.10098592908196
HU,Hungary,1989,2237.62302948181,104.57851608009341,284.059793978058
HU,Hungary,1990,2430.097173160619,83.88911182087358,283.33494833751377
HU,Hungary,1991,2452.1494354515808,117.09448307954443,283.4264162831522
HU,Hungary,1992,2541.4028389007517,176.0707753758544,283.6301257953147
HU,Hungary,1993,2421.3114250626595,175.14896573201997,283.9423910132693
HU,Hungary,1994,2283.1863513304243,124.02573260963561,284.0179474169204
HU,Hungary,1995,2484.3626419506336,150.31791894054226,283.4455724208681
HU,Hungary,1996,2680.694201017417,146.85018358305473,282.9704535969904
HU,Hungary,1997,2492.448803022082,116.91394492808665,283.37311262428886
HU,Hungary,1998,2122.0507383911217,199.62902067427123,285.0728944052507
HU,Hungary,1999,2163.8945902487267,133.76839708404748,284.451765313466
HU,Hungary,2000,2012.0719257905855,289.97730413862445,285.7706397812496
HU,Hungary,2001,2247.5260489751677,224.6357024845339,284.68011344175443
HU,Hungary,2002,2353.1581634631734,151.63919857057334,283.92293737877213
HU,Hungary,2003,2137.0050081777335,184.1020186883086,284.74477876382014
HU,Hungary,2004,2412.872237685916,203.70449507282717,284.1091896099749
HU,Hungary,2005,3104.6696348805935,189.37877408335498,282.1816683335072
HU,Hungary,2006,2384.179256945863,309.2423023318605,284.7879518002929
HU,Hungary,2007,2885.7607158772175,283.1721154347363,283.20482219905915
HU,Hungary,2008,2467.81063604242,260.2449941609357,284.1756689204393
HU,Hungary,2009,2305.138410568813,146.7273959514418,284.07434131172874
HU,Hungary,2010,2662.415882683672,102.95093314144864,282.9215251440512
HU,Hungary,2011,2206.724766567573,369.55019682755403,285.44678533051365
HU,Hungary,2012,2297.5909835634916,213.62267148630747,284.47573314961284
HU,Hungary,2013,2378.1260486901965,189.93264550684665,284.1635728074605
HU,Hungary,2014,2208.112971005412,157.16904267519888,284.48628325425716
HU,Hungary,2015,2637.464446870083,272.8282165334642,283.86244372536567
HU,Hungary,2016,2173.887270726822,267.61891013130776,285.3258723023441
HU,Hungary,2017,2293.065498882751,120.24612170095924,283.9718570483092
HU,Hungary,2018,2256.4171503541725,78.7898695356481,283.70296221052183
HU,Hungary,2019,2223.936529922646,122.94951081542263,284.17125851225285
HU,Hungary,2020,2535.0493093231216,226.56493488963983,283.8806090827501
HU,Hungary,2021,2685.4312687471866,93.7571026940031,282.7494568270378
HU,Hungary,2022,2033.3056492582823,220.4512911406325,285.2065167328125
HU,Hungary,2023,2436.8395714816343,176.88852536415314,283.9558656533329
HU,Hungary,2024,2337.4941358205906,183.51281439877,284.21807986536953
HU,Hungary,2025,2325.981260890376,160.63406997662355,284.1874144615696
HU,Hungary,2026,2366.9451722549084,197.46091143703717,284.16104596694277
HU,Hungary,2027,2791.674815814721,226.1467516507762,283.10568893307965
HU,Hungary,2028,2524.8009292169654,169.79941909849882,283.60049851145055
HU,Hungary,2029,2053.2866746933046,280.83210357342165,285.4394738310913
HU,Hungary,2030,1764.2767425266097,385.3715607571231,286.8881178945195
HU,Hungary,2031,2125.3148491548354,390.107122202705,285.7934421724733
HU,Hungary,2032,2365.5991615604194,160.9877688154863,284.0880225376389
HU,Hungary,2033,2204.1114395591694,275.41114056609604,285.03042681056644
HU,Hungary,2034,2133.8005769674646,324.06409604206067,285.5605934176972
HU,Hungary,2035,2417.4495687034787,167.36629956445597,283.81774272929465
HU,Hungary,2036,2141.512237883446,285.7248269452774,285.250999393921
HU,Hungary,2037,1907.3879545908499,291.75660131620896,285.9682806069801
HU,Hungary,2038,2211.820156919164,222.49928443500153,284.75416300284155
HU,Hungary,2039,1848.7643618585107,257.16183203262403,286.0482335428321
HU,Hungary,2040,2144.0656120910435,116.01018635672247,284.3493661189074
HU,Hungary,2041,2158.6696491341118,318.67324594844547,285.41871671353334
HU,Hungary,2042,2117.729466475857,385.6249832254177,285.7636623536759
HU,Hungary,2043,2218.386364411357,245.1247803041519,284.88501173727656
HU,Hungary,2044,2416.594543630208,320.6440273508374,284.79397890239466
HU,Hungary,2045,2242.1242622509067,206.79634258004063,284.55909413568395
HU,Hungary,2046,2400.002417778056,229.50249674633167,284.31504342024596
HU,Hungary,2047,2280.6858916834235,310.5164423910461,285.1797026930893
HU,Hungary,2048,2280.515488131844,293.01889799231526,285.0253689430162
HU,Hungary,2049,2264.7068768292324,278.74957046926033,284.87616723151643
HU,Hungary,2050,1744.5298898891851,365.4632733591342,286.8064644259842
HU,Hungary,2051,2158.4345384581848,162.44081035550755,284.4915839547179
HU,Hungary,2052,2227.7813460608695,147.8848463056468,284.2593321620859
HU,Hungary,2053,2334.1683244543174,140.89385305703658,283.8522034473849
HU,Hungary,2054,2125.2544906152766,198.50511039418967,284.8194331707083
HU,Hungary,2055,2263.4880779697096,320.4463527775402,285.2795906565335
HU,Hungary,2056,2244.781243385603,180.47983035136753,284.45168113639306
HU,Hungary,2057,2320.534004028547,432.73706232139875,285.332441856558
HU,Hungary,2058,1919.8830276308663,354.2895826044836,286.38196577499104
HU,Hungary,2059,2631.4627807020493,261.76919106673677,283.7405684875147
HU,Hungary,2060,2276.91995382825,355.80935243341,285.24215174779897
HU,Hungary,2061,2280.199166206575,242.4287081340292,284.69056182850255
HU,Hungary,2062,2141.6062060475015,501.47251525582624,286.2010938633134
HU,Hungary,2063,1911.2007879686098,374.04955992666714,286.2104841123786
HU,Hungary,2064,2228.008667330074,183.45182163016995,284.48552516086863
HU,Hungary,2065,1755.7741337630964,208.99078557855734,285.87525189552537
HU,Hungary,2066,2220.6188505011914,172.53946940380644,284.3818192949692
HU,Hungary,2067,2198.359133601334,294.58502554954055,285.03361662887363
HU,Hungary,2068,2215.753461713853,149.83512886239436,284.26426253036016
HU,Hungary,2069,2180.796032532567,283.9656276009755,285.25009642883333
HU,Hungary,2070,2706.134068548451,195.246877248712,283.2953356675023
HU,Hungary,2071,2187.9969111016353,391.1812151455164,285.51128548693623
HU,Hungary,2072,2082.3826282529362,279.21459154069225,285.52562507266623
HU,Hungary,2073,2515.0971147888795,163.4331792534939,283.5878310212428
HU,Hungary,2074,2048.52374262047,352.8759800756586,285.8489871935139
HU,Hungary,2075,2130.795217977258,205.5670154972291,285.11909570969374
HU,Hungary,2076,2237.082855520844,191.0124587095142,284.4543754069465
HU,Hungary,2077,2152.710804029882,291.7463135451712,285.46906219234006
HU,Hungary,2078,2039.9690704806767,231.11413722062173,285.32500165962057
HU,Hungary,2079,2257.5294406424046,191.24248372397017,284.36561818528037
HU,Hungary,2080,2371.9478055958875,267.9544846697031,284.6063165026991
HU,Hungary,2081,2219.7747043564646,181.00660357858902,284.57200706366035
HU,Hungary,2082,2243.976572391345,209.89686902799093,284.7078685367208
HU,Hungary,2083,2234.2309860803903,251.16460583304203,284.91241776784415
HU,Hungary,2084,2369.714564916193,307.43534887410715,284.820928786335
HU,Hungary,2085,2365.8391971236274,219.79375373073066,284.4640701649418
HU,Hungary,2086,2281.769344813458,512.724239777073,285.9289216820564
HU,Hungary,2087,2395.7730735350456,220.55439316216277,284.53328202534
HU,Hungary,2088,1965.1815458959522,413.50688017492735,286.67260804706007
HU,Hungary,2089,1907.4079042688873,356.62510777872376,286.39911674476014
HU,Hungary,2090,2133.7476635817325,354.52291232285194,285.64838241968414
HU,Hungary,2091,1918.8623543838748,439.9353657378342,286.71974723364957
HU,Hungary,2092,1962.6573656665673,302.07792743990234,285.81332050907076
HU,Hungary,2093,1830.758257085669,407.0376744474712,286.9339965077964
HU,Hungary,2094,2229.168534145104,253.63254264336513,284.8224052105913
HU,Hungary,2095,2105.8489269148313,133.1449088154572,284.6349863870682
HU,Hungary,2096,1795.5692378047943,315.24365989867266,286.41205460893514
HU,Hungary,2097,2098.201419279535,415.57722326381315,286.0156707099371
HU,Hungary,2098,2041.0546986057604,243.25395787086364,285.3798329804899
HU,Hungary,2099,2070.2546149276145,416.0669623253501,286.0708538699946
HU,Hungary,2100,1937.6407847305945,339.73072130083335,286.2797355899457
IE,Ireland,1950,2580.5009425518606,0.287878819001708,281.6471354699179
IE,Ireland,1951,2451.9804632013343,0.014449688402700816,281.9939757060945
IE,Ireland,1952,2427.149894378144,4.2731655150931465,282.2601225991897
IE,Ireland,1953,2540.6495252917944,0.14189287685642085,281.74639356339986
IE,Ireland,1954,2319.9612115644945,0.0870284360655428,282.3788115336435
IE,Ireland,1955,2459.0935864005246,1.1792714364895054,282.02908248069036
IE,Ireland,1956,2587.029898784779,0.2835825668042704,281.6139635701128
IE,Ireland,1957,2439.06260773641,8.680198139353509,282.18173079200767
IE,Ireland,1958,2406.4518014419973,1.0134044800434943,282.13348181624286
IE,Ireland,1959,2499.6592938798317,2.149392478743811,281.90650495429156
IE,Ireland,1960,2432.10076015694,0.3510083827604855,282.0542310850644
IE,Ireland,1961,2301.682906333211,3.812773647000976,282.4982230799729
IE,Ireland,1962,2164.526042089119,0.46735925634863007,282.81556612710256
IE,Ireland,1963,2145.408625403421,7.8954176402948395,283.0153034236776
IE,Ireland,1964,2274.324996155112,0.04018334664932381,282.4692271989221
IE,Ireland,1965,2443.7198844057602,0.34522684042353513,282.00256729332756
IE,Ireland,1966,2327.7509089912783,3.7604885999743365,282.4590241916344
IE,Ireland,1967,2631.182725223724,5.947751361680831,281.66119835302334
IE,Ireland,1968,2182.1645688752524,3.138888460836011,282.94331747494937
IE,Ireland,1969,2486.1820036131267,0.5303313279751076,281.9461122267672
IE,Ireland,1970,2235.101720116272,0.18959878344041176,282.5918209240093
IE,Ireland,1971,2376.926743027536,0.13898296152879164,282.24359147390277
IE,Ireland,1972,2323.540061645419,0.11419613030116806,282.4132774519209
IE,Ireland,1973,2244.3035901675803,0.188817636495709,282.57744834478217
IE,Ireland,1974,2252.08391031926,0.008931130993997262,282.50690250371963
IE,Ireland,1975,2098.3388703103133,0.7013104412382257,283.0945799974854
IE,Ireland,1976,2026.0708171930332,1.021297748732395,283.3106833273973
IE,Ireland,1977,2262.5657628993567,2.8996035402403413,282.6364453164311
IE,Ireland,1978,2063.8920987871625,0.8013810577054705,283.1403905273208
IE,Ireland,1979,2098.592199054761,1.053311111377432,283.0708135605081
IE,Ireland,1980,2065.5185805712977,0.25419974472096996,283.09977318868283
IE,Ireland,1981,1923.9529374064302,0.35115167416744675,283.47575067766047
IE,Ireland,1982,2101.2336868959947,0.004231380663416044,282.95325089210223
IE,Ireland,1983,2188.48038560433,0.5522680843778951,282.81657115389515
IE,Ireland,1984,2361.172976111323,0.1032724111583734,282.26345230121666
IE,Ireland,1985,1904.3635129446704,1.6574653322700361,283.54322995080656
IE,Ireland,1986,2161.460303015794,0.049569963133605364,282.84212528545976
IE,Ireland,1987,1946.902363874668,5.093913198265869,283.6427511015339
IE,Ireland,1988,2233.124577559052,0.020734202204878996,282.59285201552206
IE,Ireland,1989,2196.4833437306365,6.1580814252601055,282.8674764679855
IE,Ireland,1990,2050.5253905231802,2.1263176698253243,283.2257039566374
IE,Ireland,1991,2002.5839497225707,2.5182021706655338,283.33805283527397
IE,Ireland,1992,2196.2758706320064,0.26267138437235404,282.72492675932756
IE,Ireland,1993,2311.5300373362716,1.2163040910356322,282.4006977603293
IE,Ireland,1994,2228.776501106102,1.252657027127865,282.734103580634
IE,Ireland,1995,1978.7591772254025,0.3138035458262018,283.32422739943945
IE,Ireland,1996,2319.386479314224,5.720864422317954,282.5675219773839
IE,Ireland,1997,2169.171066098118,0.13918253669373434,282.85698037709176
IE,Ireland,1998,2081.708477125795,0.6284402940524891,283.1332535966079
IE,Ireland,1999,2149.83585296801,1.9332872082943053,282.9329066524648
IE,Ireland,2000,2387.517177102881,0.27136552325043206,282.2195354015829
IE,Ireland,2001,2274.6799989991687,1.0616654920793263,282.49709382976823
IE,Ireland,2002,2065.3582211476996,1.3267344798440486,283.1494994923925
IE,Ireland,2003,2124.8135684142317,5.333311482229237,283.11906013010923
IE,Ireland,2004,2234.5270185124446,3.14144524502393,282.728985394058
IE,Ireland,2005,2097.7734141054084,3.3179053096539572,283.16804590379
IE,Ireland,2006,2121.2948831214912,7.203404645982063,283.1115441161721
IE,Ireland,2007,1911.0914125503305,0.1697194731068327,283.5325115459342
IE,Ireland,2008,2036.0815062516235,4.647737215773508,283.33679129638284
IE,Ireland,2009,2159.911326863422,3.5501317581551275,282.94094310335595
IE,Ireland,2010,2302.400225850892,3.2958574543337242,282.6683573190643
IE,Ireland,2011,1822.8775039411626,3.1542661807291514,283.91760192409157
IE,Ireland,2012,1948.3399091185142,1.6383308141815254,283.56347013491205
IE,Ireland,2013,2029.6148018176937,4.903234676323054,283.4771555661706
IE,Ireland,2014,2009.0186480451337,2.556114472892874,283.3021078111272
IE,Ireland,2015,2062.4582773040374,1.1669700031870183,283.1003110962577
IE,Ireland,2016,1896.6988063791282,18.209171885782624,283.9188526870129
IE,Ireland,2017,1970.1080970262833,1.2356235053550029,283.45086131555064
IE,Ireland,2018,2224.996187782251,1.0385634439292712,282.71250882913677
IE,Ireland,2019,1866.9186355692948,2.1062594897298847,283.74630879103165
IE,Ireland,2020,2180.367641250024,2.893100360295981,282.9110745452674
IE,Ireland,2021,2271.5630668876156,0.7070803184437773,282.59642770451205
IE,Ireland,2022,2069.5727410826516,1.2388460024297063,283.16530525639007
IE,Ireland,2023,1947.5908525206182,4.408396928770129,283.5736944131767
IE,Ireland,2024,2090.3235169050386,0.23810430784530204,283.00666599011447
IE,Ireland,2025,1914.8329564038265,0.0,283.48631266449866
IE,Ireland,2026,2176.391160273085,0.9379189754327812,282.82860370867417
IE,Ireland,2027,2090.1323352094732,3.1702030133733294,283.1310103647195
IE,Ireland,2028,1985.1044306091194,2.7634863567476677,283.50488737812475
IE,Ireland,2029,2061.778681561066,2.540422191430192,283.2081354454463
IE,Ireland,2030,2186.309001688191,1.1886918480310862,282.74177400120357
IE,Ireland,2031,2132.705737039926,2.56607195190768,283.0003081392442
IE,Ireland,2032,2032.3663056366197,2.7524724446979216,283.3138181908246
IE,Ireland,2033,2172.086681113463,2.0365013362161353,283.00282310457
IE,Ireland,2034,1989.951641469048,1.5952482101461951,283.3531860038823
IE,Ireland,2035,1940.0262527366758,3.661253189621399,283.6184852019346
IE,Ireland,2036,2146.5650202553625,0.34780553448780793,282.9037612234783
IE,Ireland,2037,2009.8227587829658,1.4053587198289066,283.3344732548847
IE,Ireland,2038,1882.25916080088,5.016942641770289,283.7987316119899
IE,Ireland,2039,2081.4182853775847,0.9275095081012106,283.0699716567363
IE,Ireland,2040,2032.0743260173515,0.9849720912954578,283.24786927461474
IE,Ireland,2041,2008.4734503930076,0.724156214685188,283.25682838329783
IE,Ireland,2042,1896.2519648753985,4.402205510285578,283.70187461110584
IE,Ireland,2043,1767.7643976218899,4.480968366961267,284.1102910347065
IE,Ireland,2044,2056.6476419828437,0.2977767770013645,283.16102744030934
IE,Ireland,2045,1883.0157890771402,2.364388731353573,283.79054111749304
IE,Ireland,2046,1850.2561853705738,1.3949273581066723,283.7115973925406
IE,Ireland,2047,2204.3588314915132,5.246073171648215,282.8416829312381
IE,Ireland,2048,1931.3506356431512,9.392860137036116,283.82978215359543
IE,Ireland,2049,1896.6386115216364,4.364128240334251,283.76190828568434
IE,Ireland,2050,1780.3661429767112,1.5849796094569173,283.96700611778544
IE,Ireland,2051,2011.1835974455087,1.5497600213346752,283.3458373470896
IE,Ireland,2052,2130.965530481928,0.7292167427430383,282.958978514473
IE,Ireland,2053,2006.6657584843956,20.080399968360418,283.61825406099985
IE,Ireland,2054,2048.47852378173,4.2341042998127145,283.2676401510221
IE,Ireland,2055,1729.9206047026112,4.3255149165816835,284.22990721491385
IE,Ireland,2056,2021.6087090174553,0.21469494593296343,283.24229159089674
IE,Ireland,2057,2019.7200874708874,4.431845718192855,283.36355747922323
IE,Ireland,2058,2098.595408541441,0.5782974034345254,283.07545688218636
IE,Ireland,2059,2116.7393915104863,2.1681334729116877,283.03238009972085
IE,Ireland,2060,2146.6033908305512,1.5063127857600827,282.9254654598469
IE,Ireland,2061,2011.0913670112216,1.7488313500684773,283.30224155215654
IE,Ireland,2062,1904.2946731241868,2.354317348261588,283.6472917642599
IE,Ireland,2063,2021.5728771689814,3.5920774094756207,283.3824528107805
IE,Ireland,2064,2020.4338004717938,3.979146688188161,283.39214220242224
IE,Ireland,2065,1976.8632524246684,1.0279034621495913,283.41507870115606
IE,Ireland,2066,2025.1726343507617,0.46446748073872557,283.22726820121255
IE,Ireland,2067,1884.9363105769562,0.5302482346025142,283.70044404123814
IE,Ireland,2068,2098.882233969692,4.050846585826272,283.1736070211182
IE,Ireland,2069,1663.6983241863384,10.162603167119768,284.58347881693777
IE,Ireland,2070,1802.5425603151755,11.163060519745951,284.1521189904572
IE,Ireland,2071,1699.121497721798,8.3713570483851,284.28712309202353
IE,Ireland,2072,1868.1376352417292,0.7495448651632717,283.7390169552212
IE,Ireland,2073,1737.3232647082505,20.436015649018103,284.5307326068697
IE,Ireland,2074,1667.1837054913149,4.392408481309143,284.45114565927963
IE,Ireland,2075,1624.6084914559272,11.29763554177922,284.702536453599
IE,Ireland,2076,1852.8846651859635,0.9382291182446614,283.794499676393
IE,Ireland,2077,1831.2602511362988,0.12224722159107318,283.74665104397957
IE,Ireland,2078,1707.0880555444953,3.7095411692911413,284.2356611118347
IE,Ireland,2079,2146.7598807096915,8.420232124655676,283.0340104524425
IE,Ireland,2080,1855.7442857883188,4.920008933505729,283.8050723595274
IE,Ireland,2081,1993.4349409463377,0.8821593700419315,283.32953106582596
IE,Ireland,2082,1875.1614853862857,18.793614962421106,284.0307375551037
IE,Ireland,2083,1881.7750077420865,18.578215034252935,283.9150928623929
IE,Ireland,2084,1948.4193109550188,3.026993941144844,283.54168447984114
IE,Ireland,2085,1975.4557401616735,8.91980800658466,283.58354494648285
IE,Ireland,2086,1996.7331859772303,2.703897926964406,283.4046523386263
IE,Ireland,2087,1666.1088497729643,4.482280912728565,284.491906857754
IE,Ireland,2088,1745.6664697425042,4.527398759256588,284.17733240859735
IE,Ireland,2089,1847.2644963448456,1.4844785829565876,283.8347069300317
IE,Ireland,2090,1909.5715762080247,3.779191428510018,283.7116325501598
IE,Ireland,2091,1864.3260205680538,1.2046855143612123,283.74483673387203
IE,Ireland,2092,1940.4867148732287,0.29399971548277015,283.46836940327336
IE,Ireland,2093,2029.2510564143226,3.499579761668542,283.30624286802913
IE,Ireland,2094,1856.332482345506,3.418013920559052,283.8437572578126
IE,Ireland,2095,1776.1859508004836,4.037315700624834,284.06633677091816
IE,Ireland,2096,1751.8327792195696,5.970492825248513,284.203785968787
IE,Ireland,2097,1616.796724822154,0.9761091188333952,284.5166294071041
IE,Ireland,2098,1710.7780028869852,2.520268076586356,284.23963698406953
IE,Ireland,2099,1734.5246144537023,1.5461309795654385,284.1507680692752
IE,Ireland,2100,1687.5606500419253,13.212401152159629,284.5211337800453
IT,Italy,1950,1869.662304051785,192.66836180687528,285.75811935866443
IT,Italy,1951,2004.371698792676,194.05867280476198,285.3761093960028
IT,Italy,1952,1836.6156389219611,150.10826948451995,285.70431714489735
IT,Italy,1953,1865.1652991271253,192.0099158376968,285.87236264325065
IT,Italy,1954,1777.444533403887,173.1547832658519,285.8625534953718
IT,Italy,1955,1856.4154586946624,247.2917241814991,286.1256601970423
IT,Italy,1956,1818.890469453952,169.6537102157001,285.76424784648964
IT,Italy,1957,1880.8093516700624,134.33474354144664,285.524531440724
IT,Italy,1958,2078.6821887923993,92.1254900463392,284.57298960913977
IT,Italy,1959,1643.4028655121824,189.63831644412522,286.46049699606476
IT,Italy,1960,1896.5028024753265,186.4900494639892,285.69000910411654
IT,Italy,1961,1978.2134823716594,118.24945827431314,284.99807933120246
IT,Italy,1962,2086.708250905895,131.69822517101306,284.6985029519234
IT,Italy,1963,1827.953125416096,126.97270961082518,285.5089144146268
IT,Italy,1964,1615.3332737471187,167.7950337878522,286.23576017709433
IT,Italy,1965,1818.9845218083428,177.6794306160648,285.82669829508285
IT,Italy,1966,1852.3438314246785,151.179014271229,285.70365088321205
IT,Italy,1967,1902.0192978725877,106.24270026734371,285.21127846457534
IT,Italy,1968,1827.516569303947,84.59228086766659,285.2458124055059
IT,Italy,1969,1824.9653985701939,155.77485874294783,285.6564489535775
IT,Italy,1970,1799.175460227136,179.94662124492626,285.9839327706288
IT,Italy,1971,1846.6960584978701,193.87887516276345,285.7661973500582
IT,Italy,1972,1744.3847363426316,106.5837637687874,285.7748005401038
IT,Italy,1973,1667.9663620048425,239.25834349621334,286.5593804471741
IT,Italy,1974,1863.799574714481,191.36600506032053,285.7849506541396
IT,Italy,1975,1832.1770784983441,215.42771408938762,285.97943979341846
IT,Italy,1976,1840.2582364384766,124.97225605375361,285.57731759142
IT,Italy,1977,1886.10136222397,150.62189615725492,285.43525805316926
IT,Italy,1978,1838.6336411933635,190.2797192802608,285.96256117306865
IT,Italy,1979,1638.1381512282514,265.2040698760445,286.88459762205076
IT,Italy,1980,1644.3280566105257,207.57293722397645,286.52001380627166
IT,Italy,1981,1663.6555403952939,204.54430586223688,286.44342119150974
IT,Italy,1982,1674.359868509451,146.12751452076176,286.1996172820172
IT,Italy,1983,1706.2803092971926,173.3706007128393,286.0580980646163
IT,Italy,1984,1901.8406281761265,171.28421432406824,285.612232497282
IT,Italy,1985,1713.7456802846007,191.64136497170648,286.22715308407885
IT,Italy,1986,1639.6455118707727,221.03669934905668,286.63138280527323
IT,Italy,1987,1674.4834198330777,182.58905186237865,286.3031029401414
IT,Italy,1988,1750.8323785210391,216.88037124991513,286.29077608687703
IT,Italy,1989,1635.5811445022675,120.09687363231916,286.09951664433765
IT,Italy,1990,1784.2036414655834,164.1732077299312,285.8819530489752
IT,Italy,1991,1763.4844103774285,185.63265423843768,286.09337548009296
IT,Italy,1992,1749.318188995911,147.7503885790481,285.8804809529512
IT,Italy,1993,1801.0320726958053,163.60624065459763,285.75012201984464
IT,Italy,1994,1677.5790494975695,164.4441478375273,286.2752707869353
IT,Italy,1995,1710.419640647804,244.91211005515655,286.4719032204081
IT,Italy,1996,1751.5164991557028,156.08072474588155,285.8818932407829
IT,Italy,1997,1730.2997736003376,144.31463610436515,286.0038161811667
IT,Italy,1998,1538.5708527555685,151.75203148172466,286.61141722801676
IT,Italy,1999,1536.584649261138,215.7048501879707,286.9193960496983
IT,Italy,2000,1413.6406025732513,326.6880098244634,287.8203750925383
IT,Italy,2001,1584.3641597966418,222.47322842135026,286.8443200003458
IT,Italy,2002,1729.4300845003834,166.06271184116508,286.0496647813459
IT,Italy,2003,1505.9359751698091,204.05845734516257,287.00219370888027
IT,Italy,2004,1713.5040433281588,218.2622832294844,286.3399210101224
IT,Italy,2005,1955.2785736329192,207.851223565133,285.62500568688813
IT,Italy,2006,1549.8655147461495,258.0873833797436,287.21642076080684
IT,Italy,2007,1726.343151982574,272.2797273599817,286.63178050657797
IT,Italy,2008,1632.1689878589668,231.83949103026316,286.70654201419075
IT,Italy,2009,1738.781116093012,159.6970574931419,285.9858910859482
IT,Italy,2010,1886.0285455717924,153.56083808690758,285.61782242884476
IT,Italy,2011,1575.0556262044674,271.6045456333248,286.9259793830705
IT,Italy,2012,1634.2550810110351,259.0894388201176,287.040999293507
IT,Italy,2013,1601.7678603524528,249.16368700567915,287.0171580598878
IT,Italy,2014,1665.8571091687952,191.05465827632608,286.4086340412754
IT,Italy,2015,1954.098276420625,263.3395273249261,285.94217914364594
IT,Italy,2016,1457.4514243436993,258.8227038721257,287.5144726979951
IT,Italy,2017,1559.1492656145413,177.68106274279916,286.5970251333673
IT,Italy,2018,1596.4402349880531,150.77117560815537,286.2759335546257
IT,Italy,2019,1640.2120677342996,167.24343981837382,286.3800690118449
IT,Italy,2020,1702.5370057433906,264.58601936530135,286.6566322428192
IT,Italy,2021,1825.9383743549524,225.3995292894669,286.06667410417117
IT,Italy,2022,1530.8220218550496,268.75078909650176,287.2183611240646
IT,Italy,2023,1679.1100842918781,165.32462562008132,286.2712967731006
IT,Italy,2024,1594.418267539214,250.2504499049898,286.93910721504955
IT,Italy,2025,1556.5927522637567,250.49065993479908,287.0585168974273
IT,Italy,2026,1756.6041877092998,168.03447171144543,286.05349304220215
IT,Italy,2027,1845.2724319219792,278.51062903751193,286.3169224323856
IT,Italy,2028,1665.3451612220615,262.29050451537785,286.73386766013004
IT,Italy,2029,1568.6486239063547,288.5558129802988,287.1443018722075
IT,Italy,2030,1344.0392186902666,318.68891368973334,287.9858005721778
IT,Italy,2031,1510.3616528286293,379.00304763576486,287.6750284960906
IT,Italy,2032,1595.8271782428922,245.39426808261317,286.8879551880951
IT,Italy,2033,1526.6100035594018,301.887558549924,287.3540404929941
IT,Italy,2034,1501.9434780378133,333.717889920722,287.55584557634904
IT,Italy,2035,1659.53606449065,175.4606893557698,286.3209270539594
IT,Italy,2036,1480.0788164084365,312.78693106756805,287.4520066320275
IT,Italy,2037,1352.6832203684323,336.4790998705145,288.0416425381833
IT,Italy,2038,1474.3157321792164,260.26309638935913,287.32233727768005
IT,Italy,2039,1443.477408415435,407.6072728832744,288.11624343700765
IT,Italy,2040,1452.7665080247043,283.42495957926576,287.4925068081998
IT,Italy,2041,1542.1133772177586,284.4805911188125,287.24498043306335
IT,Italy,2042,1398.7518904300723,360.8153036982967,287.94287620499676
IT,Italy,2043,1542.346411963889,300.50505828278375,287.3298815264923
IT,Italy,2044,1508.0087614321471,351.0052513437262,287.5733882966291
IT,Italy,2045,1525.8013792504007,261.90557903023546,287.1220640519074
IT,Italy,2046,1614.9113095616663,309.1561798330794,286.9842408300134
IT,Italy,2047,1579.6530282688518,310.6703359434654,287.2149762169323
IT,Italy,2048,1592.0993155772026,316.23636807566686,287.2719848927638
IT,Italy,2049,1450.834666202497,306.6560156725626,287.5436792760409
IT,Italy,2050,1343.600857868468,372.95662993166104,288.22098091950795
IT,Italy,2051,1472.0275222402,248.845325211716,287.2520055662834
IT,Italy,2052,1543.8407247733846,225.88455047682302,286.8826572162024
IT,Italy,2053,1516.9758300689089,239.13446050495375,287.0017542439782
IT,Italy,2054,1547.9002377224324,275.21913429288014,287.13635844296124
IT,Italy,2055,1408.7103697636046,407.1812420024597,288.26928995994365
IT,Italy,2056,1466.627016857782,286.2867153562471,287.47474070750076
IT,Italy,2057,1534.1592479991027,394.3354254106746,287.62514051923415
IT,Italy,2058,1346.220441655222,448.7673448201423,288.65735113338013
IT,Italy,2059,1745.5481618974236,299.5689979799602,286.61886086936545
IT,Italy,2060,1395.3349198346966,314.3712426815756,287.8411351851651
IT,Italy,2061,1422.9599446201894,329.70461574184446,287.77811312997767
IT,Italy,2062,1292.4744260542611,389.71912713877293,288.43992141574955
IT,Italy,2063,1392.6188942600857,403.0811698761977,288.0682614562959
IT,Italy,2064,1631.658386297503,268.03946807385466,286.8825141618372
IT,Italy,2065,1290.7376610730798,359.3033744797606,288.35550423782485
IT,Italy,2066,1510.3507606856265,208.64424554112767,286.8915868976809
IT,Italy,2067,1365.5753701108542,338.1366034910042,287.8871004622882
IT,Italy,2068,1474.1699888449805,269.3732798758953,287.29588254760506
IT,Italy,2069,1484.1444887355196,347.1259332511926,287.77075754004943
IT,Italy,2070,1696.424490775798,246.84392467508377,286.55444407541677
IT,Italy,2071,1414.0445577891523,346.658057645579,287.754001639308
IT,Italy,2072,1514.0075787416467,325.8734650968546,287.4832031303182
IT,Italy,2073,1609.154936387871,225.43179990599697,286.7267453260981
IT,Italy,2074,1299.6783560819315,389.080527505921,288.47461876608827
IT,Italy,2075,1403.3645557881346,319.36508879364453,287.7648690184308
IT,Italy,2076,1390.332239786344,276.7355741303786,287.64237015774216
IT,Italy,2077,1391.0626232757184,381.11557160564826,288.2036842017957
IT,Italy,2078,1468.2395150051639,320.9297214586737,287.5550227628149
IT,Italy,2079,1548.2395915485642,239.5816834194784,286.9104272960403
IT,Italy,2080,1462.5955828938343,373.6023937735713,287.9469028773988
IT,Italy,2081,1440.6016293836665,351.8313392234801,287.9161816334585
IT,Italy,2082,1587.0503117727894,306.327599781371,287.193901316522
IT,Italy,2083,1481.4298133041937,304.5171952303183,287.54371778602064
IT,Italy,2084,1583.1831453092059,313.5112672648137,287.21186217850607
IT,Italy,2085,1477.7533268029379,335.0634062620497,287.7635118050458
IT,Italy,2086,1572.6474760777762,491.1071936921328,287.9719566749991
IT,Italy,2087,1336.2116123949202,328.1189095897602,288.13785767956233
IT,Italy,2088,1320.7554566156912,432.26841757637976,288.57813934610385
IT,Italy,2089,1228.958932563884,362.82402985460294,288.57897338430354
IT,Italy,2090,1412.851145852018,462.2146657199178,288.4906568064267
IT,Italy,2091,1345.4549271000374,477.84387558023684,288.60411666013795
IT,Italy,2092,1352.6052324378823,479.16074238836836,288.670083963634
IT,Italy,2093,1388.5931959338927,405.520380350016,288.3199128114656
IT,Italy,2094,1404.4026473362944,346.0398702555571,287.9549731254383
IT,Italy,2095,1343.0024379062816,256.8714119674771,287.8072093109238
IT,Italy,2096,1263.1796262413552,399.1935874283688,288.5103719460203
IT,Italy,2097,1407.8324546884683,416.2598730001298,288.13254520535475
IT,Italy,2098,1482.4543099845641,341.0056990521525,287.6222585109309
IT,Italy,2099,1372.9338953039407,450.390918161901,288.5298181189334
IT,Italy,2100,1305.2762173721533,404.6321709506585,288.5038695090368
LV,Latvia,1950,3822.4466149963296,34.08399819308284,279.0126677366751
LV,Latvia,1951,4078.673752619423,5.007896830241525,277.7499443846873
LV,Latvia,1952,3818.4867423574597,14.396257763794157,278.64546416052065
LV,Latvia,1953,3781.1263837492643,4.37927351837631,278.5960336126527
LV,Latvia,1954,3398.9353132930883,19.093188716981118,279.94883499502004
LV,Latvia,1955,4402.887548055867,21.590514952304847,277.15976156781153
LV,Latvia,1956,3875.7924207279675,17.879285050901395,278.6762299871418
LV,Latvia,1957,4079.88283204364,42.051753311495965,278.3100517153937
LV,Latvia,1958,3662.8351944414844,33.00584699626104,279.3533344610508
LV,Latvia,1959,4110.366261880206,28.21595732598481,278.05341534636136
LV,Latvia,1960,4029.298224875693,7.4714912036961145,278.05207872722633
LV,Latvia,1961,4359.083559696201,9.07850966098154,277.0427282781984
LV,Latvia,1962,3970.752449175938,6.681992227989445,278.18130051082755
LV,Latvia,1963,4040.1102910535874,13.71817986892137,278.08455439118546
LV,Latvia,1964,3763.914500848457,27.488214148491505,279.13149532288514
LV,Latvia,1965,3669.650138161675,9.672342559695963,279.01361593216984
LV,Latvia,1966,3898.6327997977432,28.23178140211528,278.72032852391607
LV,Latvia,1967,3926.8115553687744,2.6427228479756013,278.189039386296
LV,Latvia,1968,4534.4628496418645,13.5282219067814,276.7219682121172
LV,Latvia,1969,4744.1791927331615,5.411597946987246,276.05015346277827
LV,Latvia,1970,4058.734692897138,12.88893873214549,277.95601397734293
LV,Latvia,1971,3564.315505558213,15.834678585778105,279.372913296637
LV,Latvia,1972,3394.8880772396124,88.57732243534497,280.7514977945433
LV,Latvia,1973,3472.965987604125,8.814281908712452,279.6193329845454
LV,Latvia,1974,3154.9409923262156,22.136966290622,280.76166447702155
LV,Latvia,1975,4096.3190411956,11.767097451917529,277.8702692657621
LV,Latvia,1976,4050.8347613715014,40.44810222155171,278.565136889776
LV,Latvia,1977,3902.136167635267,17.001732738441774,278.47452879415505
LV,Latvia,1978,3427.8963209191966,27.589630575946956,279.98172600688076
LV,Latvia,1979,3542.9088716434558,32.54179458481917,279.67356811818155
LV,Latvia,1980,3516.8781892768275,28.953681486727465,279.8691908181014
LV,Latvia,1981,2902.8134992852506,35.26513109799778,281.6318024317171
LV,Latvia,1982,3284.6553912162017,41.09540071504833,280.5072692079788
LV,Latvia,1983,3219.4566739085863,6.491928732595187,280.1453781968699
LV,Latvia,1984,3743.621518210164,6.356552657512403,278.7905600728142
LV,Latvia,1985,3351.1652054523715,35.26344892831275,280.34075804004453
LV,Latvia,1986,3692.642616743972,40.391335365262414,279.38751885503115
LV,Latvia,1987,3417.572247350067,30.760022961355567,279.99081298358647
LV,Latvia,1988,3318.1437119066163,33.646406831867324,280.36766326624223
LV,Latvia,1989,3542.091999987925,33.27900462068715,279.7474836295719
LV,Latvia,1990,3365.839424517238,26.05017478396619,280.1738567514623
LV,Latvia,1991,3485.6288043091813,35.303037254403336,279.82653192480336
LV,Latvia,1992,3844.5931381531936,31.58886676887878,278.88325321249636
LV,Latvia,1993,3659.791324353944,19.14092905007226,279.2258379907885
LV,Latvia,1994,4216.279554926631,14.062641492268611,277.6562720141081
LV,Latvia,1995,3605.380641093938,7.462246593525589,279.2167712626258
LV,Latvia,1996,4098.364114300843,48.05338352641701,278.3625522770215
LV,Latvia,1997,4051.8609305337513,18.813771565030756,278.0694819036863
LV,Latvia,1998,3783.777984432364,88.38217576914296,279.57113565769447
LV,Latvia,1999,3412.0277362592497,2.135378986164655,279.5789814778189
LV,Latvia,2000,3219.853569098378,12.527193974251581,280.32955955192745
LV,Latvia,2001,3814.0674459572288,34.761231355607165,278.9445868527813
LV,Latvia,2002,3135.0442729205456,14.806895077043983,280.5942565663938
LV,Latvia,2003,3670.98701569694,20.516803707440463,279.146275565439
LV,Latvia,2004,3605.2905036087805,18.76883222949581,279.40476432459354
LV,Latvia,2005,3580.3593281000635,15.514350009283852,279.4596762176859
LV,Latvia,2006,3308.5405135426226,21.73407974114688,280.2557836582648
LV,Latvia,2007,3750.7428436205955,17.66951005622404,278.988066677746
LV,Latvia,2008,3564.7226424951546,13.620002845486106,279.3854808495061
LV,Latvia,2009,3116.547250779031,26.713314825882332,280.82960951183844
LV,Latvia,2010,4077.7944181087273,30.91410513399979,278.2999816043784
LV,Latvia,2011,2992.9955724155807,68.60552684853796,281.58192458371684
LV,Latvia,2012,3273.483101885483,5.57067080775513,280.10377647718593
LV,Latvia,2013,3424.6690318142414,45.657669665935344,280.22118954148954
LV,Latvia,2014,3264.8186107012366,22.812618955943904,280.4295806695843
LV,Latvia,2015,3702.8607803589016,42.43009263490931,279.40573278840844
LV,Latvia,2016,3688.03509874699,41.92158651599193,279.342628917193
LV,Latvia,2017,3497.912976267069,13.32930624110923,279.6546423265887
LV,Latvia,2018,3293.3633963073917,20.733410086571936,280.32649842378805
LV,Latvia,2019,3130.600832423086,30.124133455273103,280.8992685761135
LV,Latvia,2020,3982.4398674547247,31.145381280071728,278.4357755582077
LV,Latvia,2021,4042.0117338929335,24.13723734024267,278.2663838987183
LV,Latvia,2022,2889.2933940691673,28.50122907814906,281.504960487874
LV,Latvia,2023,2891.2073587153745,37.71361200310899,281.654550276686
LV,Latvia,2024,3410.051536156486,5.128863873166738,279.6682479150028
LV,Latvia,2025,3330.4155980350756,5.584177393699175,279.94646228736343
LV,Latvia,2026,3576.720817772562,31.010671438883797,279.586406972517
LV,Latvia,2027,3958.033363347374,13.511598349039293,278.262828792522
LV,Latvia,2028,3608.1621113969713,28.18178395900336,279.48681196757906
LV,Latvia,2029,2967.8972102569446,18.596138831017598,281.13056231600774
LV,Latvia,2030,2939.981527250957,58.927745023956575,281.65362572293634
LV,Latvia,2031,2731.1325783319644,21.675983496298628,281.8538549034018
LV,Latvia,2032,3286.4701470583504,46.460129170761235,280.6016086296029
LV,Latvia,2033,3407.5801349270832,63.21771723418297,280.31209393081866
LV,Latvia,2034,2879.9227376305453,22.637320097199396,281.46601547079877
LV,Latvia,2035,3460.6708667793155,30.54468689568887,279.9699555184259
LV,Latvia,2036,3303.4098903058893,38.61560179426196,280.4852515358855
LV,Latvia,2037,2906.2234286130706,7.985220411473216,281.16782641074326
LV,Latvia,2038,3139.748812092997,12.360961733300563,280.61190739540524
LV,Latvia,2039,2598.276385843472,48.838951255229645,282.7391142468899
LV,Latvia,2040,3352.0244327717564,5.055109958300909,279.8144774581642
LV,Latvia,2041,3246.6999877749263,40.309027262969096,280.6740802618791
LV,Latvia,2042,3018.4716459419287,60.954298529630094,281.49462237789766
LV,Latvia,2043,3001.3525677021516,27.442513122688723,281.1814179758482
LV,Latvia,2044,3545.5054217352827,75.73815235440536,280.25322923893077
LV,Latvia,2045,3160.2874385547757,25.19041441638558,280.87746581700964
LV,Latvia,2046,3502.9897340556836,23.51433645967205,279.84679393097065
LV,Latvia,2047,3634.9034088379944,55.87163183108017,279.820061809594
LV,Latvia,2048,3204.6523920866725,73.48121623189905,281.0853122583798
LV,Latvia,2049,3847.631122775958,56.79844609618095,279.0045650792597
LV,Latvia,2050,2822.53345050138,36.453480282013544,281.7596828922003
LV,Latvia,2051,3307.2072134843784,27.679783119301042,280.34137793120476
LV,Latvia,2052,3287.0778291048277,25.946763607755337,280.4150620729986
LV,Latvia,2053,3652.678240026118,12.18618716751601,279.10797950678227
LV,Latvia,2054,3064.918547208921,5.820422662930794,280.68456056737807
LV,Latvia,2055,3644.447504284302,16.964316526197788,279.2372436729385
LV,Latvia,2056,3247.1026498343754,13.954218222535365,280.3060862208589
LV,Latvia,2057,3531.230459552742,37.84907618332427,279.80114053855374
LV,Latvia,2058,2883.0095588840604,25.446836736518247,281.54922637003256
LV,Latvia,2059,3493.5601713954375,31.595751908473535,279.9031320805285
LV,Latvia,2060,3502.303983301717,43.18795176008493,279.9852975258616
LV,Latvia,2061,3498.0040693249935,12.64235065661288,279.5526056753352
LV,Latvia,2062,2994.317678605093,86.37670342928187,281.8191831238853
LV,Latvia,2063,2922.380747162202,17.719777989716953,281.2758758698391
LV,Latvia,2064,2861.1589649623184,30.030131765015526,281.72728432026025
LV,Latvia,2065,2711.496540326057,10.685704124500688,281.7493624334361
LV,Latvia,2066,3046.2035390825026,20.35118542586642,280.9407889640948
LV,Latvia,2067,3211.963389109167,23.526186550869596,280.5605064020683
LV,Latvia,2068,3609.966984552757,8.788930832372927,279.21040839384256
LV,Latvia,2069,3235.3129383001515,23.126712960314066,280.6148531996266
LV,Latvia,2070,3736.1690891895423,22.812474972863118,279.1296445341246
LV,Latvia,2071,3026.1055819290946,66.14734312730599,281.6419223561073
LV,Latvia,2072,2896.5843390590107,31.663377612247785,281.6403975851415
LV,Latvia,2073,3324.835032853939,24.874027969173312,280.2368859692212
LV,Latvia,2074,3001.517848997798,16.646302567364994,281.1302979724662
LV,Latvia,2075,3274.1512611345006,4.489145049423415,280.0574492782498
LV,Latvia,2076,3467.4028695059633,40.6516254945781,280.0929260654178
LV,Latvia,2077,3231.2186696273357,24.236680381554947,280.63111315920435
LV,Latvia,2078,2726.0469542095398,9.47063852635518,281.72866429836614
LV,Latvia,2079,3535.562680292784,63.18259555954664,279.9504745177628
LV,Latvia,2080,3413.677397311957,16.70479286410567,279.89113936705473
LV,Latvia,2081,3347.8905026174407,4.598336565462345,279.90541769847914
LV,Latvia,2082,2824.8425692786896,59.97585633899236,282.00819291887177
LV,Latvia,2083,2985.1233881660464,12.631018951510121,281.0665328341193
LV,Latvia,2084,3342.764677657011,27.325288515726882,280.294446918651
LV,Latvia,2085,3186.040800520335,35.131655895536255,280.74525325470074
LV,Latvia,2086,3560.8206549235333,80.1939206117076,280.2184967287922
LV,Latvia,2087,3773.3649078808585,45.68652412471361,279.403806822113
LV,Latvia,2088,2977.8674795212046,27.969131119896545,281.3318851280525
LV,Latvia,2089,3085.0990894576353,100.60980958595349,281.7493385393675
LV,Latvia,2090,2970.170354043381,36.502698427875984,281.4083165647709
LV,Latvia,2091,3000.072929902265,27.114915693447838,281.1788945449459
LV,Latvia,2092,3075.2046700516757,18.91995461518661,280.82020345537575
LV,Latvia,2093,3007.9650469422277,17.609445042953915,281.1676690828758
LV,Latvia,2094,3113.575699399765,17.19858359787493,280.73890092644535
LV,Latvia,2095,3126.781198044181,28.30182143864255,280.892853499809
LV,Latvia,2096,3002.5294375714457,40.72287568376756,281.39814922778817
LV,Latvia,2097,2551.293695424488,80.13453569983602,283.0792338847804
LV,Latvia,2098,2983.885400597029,24.91470556516099,281.33268027423287
LV,Latvia,2099,2614.013420990518,32.41520499939671,282.3541039730164
LV,Latvia,2100,2907.6497183111824,66.13079509461075,281.8821291646947
LT,Lithuania,1950,3718.010621152239,41.917184840785815,279.40986764730945
LT,Lithuania,1951,3969.2532458040314,7.122072520716691,278.11163922682874
LT,Lithuania,1952,3669.459939144322,15.712983861145323,279.09164167291743
LT,Lithuania,1953,3619.80710208293,9.088310109990518,279.1362455264025
LT,Lithuania,1954,3242.139167408231,22.954265314304628,280.45278285211333
LT,Lithuania,1955,4214.636729703416,33.73093349266547,277.80815236853425
LT,Lithuania,1956,3642.226756445974,32.05187811147608,279.49302095454374
LT,Lithuania,1957,3894.5244207944097,55.42044800938231,278.9414108248075
LT,Lithuania,1958,3573.6192020902945,52.52526556085273,279.8030513634805
LT,Lithuania,1959,3946.857788704769,35.41738499046683,278.60459862386745
LT,Lithuania,1960,3914.9851828022115,16.108092680034503,278.5350871064292
LT,Lithuania,1961,4219.626937806823,11.191146555674603,277.46692131138605
LT,Lithuania,1962,3851.5415692291986,12.326292196458928,278.62404414759357
LT,Lithuania,1963,3960.9991999375297,19.858109086414178,278.3812094460938
LT,Lithuania,1964,3574.8052698535375,25.264683516713188,279.6081862327073
LT,Lithuania,1965,3565.7263751820565,14.065126411010901,279.3844857556983
LT,Lithuania,1966,3770.993702511738,43.618578877608634,279.2675775721375
LT,Lithuania,1967,3844.5497405090973,5.8915291019081195,278.5029713344369
LT,Lithuania,1968,4240.821451610571,16.809115674513258,277.5808337443634
LT,Lithuania,1969,4412.602950605572,11.289497335300105,277.08742645819945
LT,Lithuania,1970,3942.9919833811073,17.69752993482261,278.3579084273661
LT,Lithuania,1971,3505.180937427472,22.734821360529956,279.66584039452573
LT,Lithuania,1972,3210.855311631112,95.65317345649271,281.3273918692062
LT,Lithuania,1973,3342.7630461539684,10.00845751800772,280.01497267037104
LT,Lithuania,1974,3063.2340082234973,35.328102571115004,281.14855774798593
LT,Lithuania,1975,3948.37321079351,15.380239651409013,278.3506889808351
LT,Lithuania,1976,3936.406627620382,51.64673366855172,279.0000410882734
LT,Lithuania,1977,3813.5961790370066,19.41334235889237,278.7232575960912
LT,Lithuania,1978,3352.006816776231,34.62639568994591,280.2532303326316
LT,Lithuania,1979,3417.817773230394,48.915223396823436,280.17439672255034
LT,Lithuania,1980,3313.275813279961,34.38251283966673,280.5072155953235
LT,Lithuania,1981,2830.539467724611,33.968419666935446,281.80468601405823
LT,Lithuania,1982,3119.758858368566,45.13841560471546,280.9777703946139
LT,Lithuania,1983,3144.3298570675274,14.458879543503368,280.41729071788166
LT,Lithuania,1984,3657.7579764718357,14.788771058567415,279.15275646473424
LT,Lithuania,1985,3234.5616085294537,40.873657554444016,280.75050009322524
LT,Lithuania,1986,3506.9122276328626,52.40310850109208,280.03789791179713
LT,Lithuania,1987,3322.377821961025,40.25286072365216,280.3764678797506
LT,Lithuania,1988,3191.6674247568735,41.2845365052819,280.7992371380706
LT,Lithuania,1989,3366.671902847422,39.80131309426823,280.305612620182
LT,Lithuania,1990,3193.9037667718903,24.440139759581257,280.64578888260075
LT,Lithuania,1991,3334.997417908775,35.09295377403478,280.25018538684554
LT,Lithuania,1992,3658.7523484586436,39.99977324735643,279.5141221244544
LT,Lithuania,1993,3536.685199401994,26.25449713517469,279.65961579971
LT,Lithuania,1994,3943.851650122313,14.401319914052685,278.4340113534782
LT,Lithuania,1995,3452.2991498930887,6.712797054479552,279.6408254527109
LT,Lithuania,1996,3934.942925515198,67.4432697046705,278.95219150797686
LT,Lithuania,1997,3852.5125182890015,20.085972024475655,278.6424095270627
LT,Lithuania,1998,3411.4721911280553,96.80306950372214,280.6843134539468
LT,Lithuania,1999,3221.113449074506,4.683851251739899,280.17177311592553
LT,Lithuania,2000,3094.4979728125904,21.917281559199367,280.81591627209673
LT,Lithuania,2001,3633.8019776527062,47.945451890984735,279.58049724031093
LT,Lithuania,2002,3054.704363091366,18.552275233036802,280.89371848086665
LT,Lithuania,2003,3484.107837854736,31.41671317638913,279.80025966171445
LT,Lithuania,2004,3481.528805406646,28.070150842426102,279.88513308781876
LT,Lithuania,2005,3586.8460380294728,28.200053933782748,279.6069429942134
LT,Lithuania,2006,3218.120066263419,37.642052640330235,280.6608600512066
LT,Lithuania,2007,3690.731591991704,27.58350345860201,279.2753666235685
LT,Lithuania,2008,3513.145643735854,24.45567925675234,279.68645115574753
LT,Lithuania,2009,3055.9531286391048,30.61927739956054,281.0377063858812
LT,Lithuania,2010,3934.2965480208104,33.675528659890524,278.7654379049952
LT,Lithuania,2011,2855.4425898888944,96.4875205684007,282.15126329500276
LT,Lithuania,2012,3140.424458976346,12.294472311364505,280.6150498833335
LT,Lithuania,2013,3324.7181160107502,61.62944574683681,280.61287620801596
LT,Lithuania,2014,3112.911043696549,30.435047200129826,280.96100659954817
LT,Lithuania,2015,3580.155769240199,50.46352545962677,279.84962645180735
LT,Lithuania,2016,3565.6027998485165,64.37261932250055,279.8562805244363
LT,Lithuania,2017,3284.3349978033084,15.661337637500932,280.2999537630088
LT,Lithuania,2018,3184.129963051783,26.331872722819575,280.66541973573
LT,Lithuania,2019,2982.736779271935,42.20306830180361,281.39716138193876
LT,Lithuania,2020,3905.282089019211,35.73362187994916,278.72678130302313
LT,Lithuania,2021,3901.164919154997,27.61554508254163,278.6815874820859
LT,Lithuania,2022,2748.6887507373904,50.032748487845666,282.07843636184356
LT,Lithuania,2023,2880.78728849106,45.25656594850463,281.7304199612411
LT,Lithuania,2024,3320.799763231064,7.5740910487602475,279.9751219770316
LT,Lithuania,2025,3187.4396940404854,12.053633092100114,280.44414463906395
LT,Lithuania,2026,3458.660111921702,40.24692752848851,280.02842683516764
LT,Lithuania,2027,3847.572629659033,24.563093362505093,278.72242691843456
LT,Lithuania,2028,3530.9018291687835,40.03629636139729,279.79217441492847
LT,Lithuania,2029,2854.7836498419833,26.236047887387237,281.5163642625354
LT,Lithuania,2030,2860.943979981069,79.74718373279822,282.02934807826387
LT,Lithuania,2031,2693.263016946183,36.81594743968197,282.13670220376935
LT,Lithuania,2032,3128.0609373721495,67.21269939806497,281.24591929846827
LT,Lithuania,2033,3313.874319191179,88.71628531951984,280.75898990037615
LT,Lithuania,2034,2753.9910008071256,33.56089575022318,281.9574300191883
LT,Lithuania,2035,3382.7413159386624,29.684700851157256,280.1683032464919
LT,Lithuania,2036,3133.331004762283,46.993494610007005,281.0264631401782
LT,Lithuania,2037,2737.937978583316,20.38546754449862,281.833415279745
LT,Lithuania,2038,3046.8277344868943,19.702137130627143,280.98635924576024
LT,Lithuania,2039,2516.381610286881,66.34308190413658,283.0839733849544
LT,Lithuania,2040,3224.8945497029054,4.630159921500493,280.15270543922907
LT,Lithuania,2041,3127.064575975245,56.375660000939774,281.15583412107685
LT,Lithuania,2042,2901.109829370064,83.88896308246876,281.9634702687263
LT,Lithuania,2043,2931.855424192127,34.03765950886786,281.45621293397363
LT,Lithuania,2044,3502.6454610149112,98.1312117167937,280.59182026609915
LT,Lithuania,2045,3130.289223639949,30.878251286153162,281.00386311725674
LT,Lithuania,2046,3410.3965725656653,30.20447535036795,280.17037529697933
LT,Lithuania,2047,3424.0000524713064,63.4681417672133,280.5027977011815
LT,Lithuania,2048,3089.521581763064,104.96463939425354,281.62426133148057
LT,Lithuania,2049,3688.0765258888687,59.37866610795936,279.50341168316135
LT,Lithuania,2050,2686.642161370718,65.7740598292927,282.4045807374407
LT,Lithuania,2051,3201.6807639907515,40.491195198525716,280.7136624394071
LT,Lithuania,2052,3156.6828411067,35.78111271934826,280.8637166291632
LT,Lithuania,2053,3448.9924328347943,18.605315073316916,279.76796935680545
LT,Lithuania,2054,2979.2485011679587,10.791103738638155,281.0247302448163
LT,Lithuania,2055,3517.122443652025,23.543995029304817,279.6998066435711
LT,Lithuania,2056,3132.0408950422884,20.749287427509504,280.70299261172863
LT,Lithuania,2057,3369.652867128567,63.538090645751694,280.489970796598
LT,Lithuania,2058,2755.352539316282,39.412645890401116,282.0718008120699
LT,Lithuania,2059,3432.1782194296875,40.8970967612994,280.16925203981583
LT,Lithuania,2060,3414.456355988057,51.531830642045676,280.3108800173931
LT,Lithuania,2061,3413.556322071053,18.989282535709517,279.88618312492235
LT,Lithuania,2062,2904.828412333143,115.43634520696597,282.2715643692308
LT,Lithuania,2063,2763.2842900938276,30.349607813490337,281.8595567244601
LT,Lithuania,2064,2755.919004383196,36.296206760810705,282.043631372078
LT,Lithuania,2065,2614.6724781271046,14.607886798223893,282.079123273887
LT,Lithuania,2066,2980.940325452825,29.12963344876305,281.20078761891244
LT,Lithuania,2067,3120.5747176723344,32.34584678477415,280.91533262980266
LT,Lithuania,2068,3460.0874913266816,14.651453384272198,279.70210216701514
LT,Lithuania,2069,3141.5289123113516,34.5120176965347,280.9915836708731
LT,Lithuania,2070,3644.796959569426,31.318318519482343,279.48943818099775
LT,Lithuania,2071,2928.6758986793725,86.78037712401557,282.03573598042004
LT,Lithuania,2072,2822.1941245233634,38.74278840872458,281.9302662555994
LT,Lithuania,2073,3221.410514705712,45.86597096513897,280.7158260700398
LT,Lithuania,2074,2899.119322307933,30.82980608839688,281.6118055296845
LT,Lithuania,2075,3133.2170305444433,11.683451939428476,280.5550100292501
LT,Lithuania,2076,3330.7845743628004,53.21602508870398,280.5709286583334
LT,Lithuania,2077,3179.3903309459033,24.739831779989196,280.782958586596
LT,Lithuania,2078,2634.366981534678,16.613104045535103,282.09304174976455
LT,Lithuania,2079,3414.3582601556654,79.72320388563314,280.38963898684597
LT,Lithuania,2080,3343.1935372214098,26.38885060429412,280.1969660366716
LT,Lithuania,2081,3260.678332541143,7.871721596527862,280.22183881189113
LT,Lithuania,2082,2744.55392147036,67.9391539129318,282.3100943606461
LT,Lithuania,2083,2927.7155342381157,16.92932496593762,281.28957446565283
LT,Lithuania,2084,3264.079914480268,45.33504994915904,280.70268956752375
LT,Lithuania,2085,3161.8725617760856,46.61294735332208,280.92731802274716
LT,Lithuania,2086,3376.387382108287,106.61661676741534,280.87821188192345
LT,Lithuania,2087,3721.564667549665,60.72226937608097,279.7148815654532
LT,Lithuania,2088,2835.3871646032067,50.76838355308165,281.9962191753447
LT,Lithuania,2089,2998.794500270915,126.5065053101186,282.1516683509467
LT,Lithuania,2090,2881.7150759508913,53.999889091483965,281.79219628877286
LT,Lithuania,2091,2928.6628044107674,42.08524406350931,281.5375551794713
LT,Lithuania,2092,2882.7772268759286,29.33468152544735,281.43169638785355
LT,Lithuania,2093,2857.139199074795,30.05811499819713,281.77421897964416
LT,Lithuania,2094,3028.9985201184018,20.29370541784484,281.03296979310227
LT,Lithuania,2095,2992.786058579975,38.92389276515924,281.3840678956277
LT,Lithuania,2096,2780.5020881812175,67.07362864379445,282.23303889623605
LT,Lithuania,2097,2536.217449285068,113.51779554970373,283.30504329348304
LT,Lithuania,2098,2886.6244700875923,33.33164178937749,281.6570876337229
LT,Lithuania,2099,2581.7312512967014,53.85728907068245,282.60384578276296
LT,Lithuania,2100,2811.0780759455292,93.79850364926193,282.37394274737505
LU,Luxembourg,1950,3151.470879242273,35.76549760640229,280.6629520637848
LU,Luxembourg,1951,3035.082262157569,47.70224993366921,280.99306768133323
LU,Luxembourg,1952,2905.787810603602,55.663733482234655,281.46643713125997
LU,Luxembourg,1953,2994.399664892223,9.774032685865778,280.82387387133633
LU,Luxembourg,1954,2773.0095502931727,11.984586403883275,281.4564021705998
LU,Luxembourg,1955,3053.009139897309,60.25546489870679,281.1545027871599
LU,Luxembourg,1956,2997.756911960076,36.306061799631784,281.0281403072728
LU,Luxembourg,1957,2899.0932786201824,46.22869568803776,281.4148652997541
LU,Luxembourg,1958,3182.070341446869,8.529277698822396,280.25629100222443
LU,Luxembourg,1959,2684.4368153797996,42.73060004052596,282.02093706964854
LU,Luxembourg,1960,3199.9849908857955,25.954795212350465,280.38416797744577
LU,Luxembourg,1961,3246.0893899165894,14.046691803586887,280.074100426391
LU,Luxembourg,1962,3068.089710401955,19.923002314256912,280.7170648137402
LU,Luxembourg,1963,2877.1468515946144,46.49789406057113,281.47159530207955
LU,Luxembourg,1964,2734.3762190441694,22.79147939432946,281.6165493089929
LU,Luxembourg,1965,2924.7093452816025,22.044009227964935,281.16484649243625
LU,Luxembourg,1966,2843.59192220102,49.86000639202844,281.70233409356723
LU,Luxembourg,1967,3277.8242148703193,30.148070812898442,280.1724065629812
LU,Luxembourg,1968,2857.1458456277132,17.928562332449197,281.32504156384846
LU,Luxembourg,1969,3045.161930252908,20.55629970010766,280.83139300198036
LU,Luxembourg,1970,2845.2164935142764,26.648421823210104,281.51456668300676
LU,Luxembourg,1971,3095.7616586024915,43.17726204852562,280.8162688724532
LU,Luxembourg,1972,2728.013898289634,12.82888163436436,281.60332471687036
LU,Luxembourg,1973,2679.171369107884,26.392655540083833,281.88845375033804
LU,Luxembourg,1974,2829.6267746710405,11.479934236899652,281.26451308906337
LU,Luxembourg,1975,2822.760598409118,62.31901321168787,281.76178075564894
LU,Luxembourg,1976,2776.678857784077,31.156686816970982,281.75367871084967
LU,Luxembourg,1977,2951.315774944221,17.23737731267969,281.0043544475538
LU,Luxembourg,1978,2766.1071245966964,64.39913853580384,282.0468776106751
LU,Luxembourg,1979,2586.1874354319084,76.2951157283094,282.60816256558564
LU,Luxembourg,1980,2503.126409247662,19.821732301625755,282.3625129782723
LU,Luxembourg,1981,2502.492882652,25.199631882993117,282.35967580764896
LU,Luxembourg,1982,2560.053458500886,7.525676171254574,282.06462630159035
LU,Luxembourg,1983,2824.661882390426,12.7854835936225,281.2763816877415
LU,Luxembourg,1984,3243.683351419823,17.963324576807572,280.2782765913671
LU,Luxembourg,1985,2572.1020784242114,26.27043115206972,282.2361919302705
LU,Luxembourg,1986,2667.458551254417,69.23684898479166,282.3613884721169
LU,Luxembourg,1987,2550.2522649790435,64.56866896538607,282.7197100666513
LU,Luxembourg,1988,2631.6997997587173,32.49627439531377,282.139428381005
LU,Luxembourg,1989,2655.1317167625607,24.967854475742012,281.9757413725521
LU,Luxembourg,1990,2640.352230276592,49.13023609603988,282.16600522593643
LU,Luxembourg,1991,2625.461612526165,33.63936785570842,282.158660453655
LU,Luxembourg,1992,2837.9869986628505,20.23454159467515,281.3590655214373
LU,Luxembourg,1993,2859.171884972789,23.356836423742312,281.3491238999289
LU,Luxembourg,1994,2662.8734075640477,17.133192882731688,281.83378304104946
LU,Luxembourg,1995,2753.2644163023688,35.49051068933407,281.69958233663937
LU,Luxembourg,1996,2973.7652058726326,53.10307090228676,281.268051179115
LU,Luxembourg,1997,2692.2649399162783,18.098039537256067,281.7877219469243
LU,Luxembourg,1998,2434.0615456432943,97.1403237020072,283.28484662765334
LU,Luxembourg,1999,2538.3293312275996,59.444560322557166,282.541046443975
LU,Luxembourg,2000,2501.482681143507,79.83431385424068,282.8543750861181
LU,Luxembourg,2001,2759.3766192209155,18.15916158893059,281.5641015591159
LU,Luxembourg,2002,2589.595084541741,44.39202464596501,282.228633689485
LU,Luxembourg,2003,2573.7189232755613,46.174861386529955,282.3342226270218
LU,Luxembourg,2004,2904.3084921575796,54.932554877917994,281.60945581796
LU,Luxembourg,2005,2972.024903550977,82.89169014973108,281.5564157877783
LU,Luxembourg,2006,2600.3760969028244,63.02016976090251,282.47836123152183
LU,Luxembourg,2007,2719.6571854452814,33.01682346030715,281.9305627317019
LU,Luxembourg,2008,2692.214837689964,57.56718646825488,282.1868770797984
LU,Luxembourg,2009,2678.4495550745764,27.97112759326621,281.9164197472748
LU,Luxembourg,2010,3144.5847164071665,39.262841046747525,280.79322627277514
LU,Luxembourg,2011,2228.5105803406695,84.41098163862776,283.7219333303189
LU,Luxembourg,2012,2513.6174007265577,45.783740397950076,282.6107372847915
LU,Luxembourg,2013,2628.5177451878717,68.77817170187701,282.49532517995715
LU,Luxembourg,2014,2620.7697195829983,14.298558947639869,281.9063346273836
LU,Luxembourg,2015,2857.9567134562944,61.230810532558195,281.74806291098827
LU,Luxembourg,2016,2346.7782632871417,101.58245525114624,283.583214918612
LU,Luxembourg,2017,2664.739637460747,19.52558981666004,281.844832330149
LU,Luxembourg,2018,2689.375502424965,20.695507518293876,281.7881327207755
LU,Luxembourg,2019,2524.736202927328,37.23014452732969,282.36557448307934
LU,Luxembourg,2020,2839.8188404036064,48.469249574540676,281.7452431657689
LU,Luxembourg,2021,3037.585237693611,22.613155447080615,280.94671945020536
LU,Luxembourg,2022,2520.8468324235855,94.0960423342553,282.8838592516448
LU,Luxembourg,2023,2601.5843477851186,38.13073636502251,282.21361436160157
LU,Luxembourg,2024,2605.028458021166,24.057581398310546,281.96114474832814
LU,Luxembourg,2025,2506.586507820286,12.102587886159592,282.13109036051833
LU,Luxembourg,2026,2938.5089384915564,10.317583398026843,280.99632153733955
LU,Luxembourg,2027,3098.303215703484,35.98664307121591,280.7952633049679
LU,Luxembourg,2028,2618.0017353809267,87.08273948063417,282.542315894882
LU,Luxembourg,2029,2545.198164968148,87.93547044586975,282.6770890344758
LU,Luxembourg,2030,2416.373993402165,106.45864469240652,283.15657972710034
LU,Luxembourg,2031,2402.6497569904927,117.9852812525248,283.36653047959624
LU,Luxembourg,2032,2533.7980035865335,58.33287358452813,282.69264364146215
LU,Luxembourg,2033,2594.9472927024485,110.17152906970769,282.8401083462321
LU,Luxembourg,2034,2310.6627540275676,105.5083088318825,283.52639392465164
LU,Luxembourg,2035,2550.5760820125197,21.784680669210122,282.20163091636397
LU,Luxembourg,2036,2493.3192375963063,32.68593306944474,282.47400058143313
LU,Luxembourg,2037,2191.1371509165765,54.85483974796295,283.52100354727844
LU,Luxembourg,2038,2421.5845972482393,32.77925441417062,282.70047979931036
LU,Luxembourg,2039,2276.2002275978275,61.966822012315426,283.3302925825966
LU,Luxembourg,2040,2626.631285169757,25.5397171967864,282.0008029567896
LU,Luxembourg,2041,2540.507840750942,59.665472366015635,282.4731135561444
LU,Luxembourg,2042,2290.0747532295873,105.87775907909918,283.6176822313031
LU,Luxembourg,2043,2331.062377070116,69.06620906295063,283.29835439733364
LU,Luxembourg,2044,2680.075654355821,44.63404359878311,282.1953059213027
LU,Luxembourg,2045,2432.4539118337584,44.44928582502039,282.77405096089
LU,Luxembourg,2046,2458.2115269649116,24.571809274918195,282.54912825135875
LU,Luxembourg,2047,2791.7747301342592,69.61143945980972,282.11710050241993
LU,Luxembourg,2048,2504.5585103355756,110.87687432984787,283.03760603036835
LU,Luxembourg,2049,2433.757114497822,64.55317143125923,282.9465718926927
LU,Luxembourg,2050,2072.5625378505706,45.03704922162738,283.84964160988335
LU,Luxembourg,2051,2546.816104484272,66.78492838820193,282.4394280554342
LU,Luxembourg,2052,2555.1195565430535,62.97599328647545,282.4847005032646
LU,Luxembourg,2053,2520.746725114268,37.58432030986902,282.37068990063455
LU,Luxembourg,2054,2607.282237244901,20.242186324106385,281.97535840437655
LU,Luxembourg,2055,2324.3918621297976,41.91263253347479,283.0576229071072
LU,Luxembourg,2056,2476.4569026806253,8.51816781523295,282.2244699654647
LU,Luxembourg,2057,2517.4035866345293,74.31395086392584,282.88305332071366
LU,Luxembourg,2058,2301.540713732284,53.247475786284156,283.2151664224282
LU,Luxembourg,2059,2978.958417876616,38.966498199614385,281.25416908441537
LU,Luxembourg,2060,2431.6845129758076,64.96831393493474,283.0035725358325
LU,Luxembourg,2061,2468.807154385494,46.7723797179263,282.68337509312573
LU,Luxembourg,2062,2196.3148382431305,188.1421240380824,284.5120754876908
LU,Luxembourg,2063,2319.0700397245887,138.86444355694562,283.5952588091344
LU,Luxembourg,2064,2768.180665396286,30.300615757741653,281.72429196075785
LU,Luxembourg,2065,2232.1168145842184,47.41239019125617,283.3815763708131
LU,Luxembourg,2066,2578.098916777555,10.589296665039464,281.9048014277828
LU,Luxembourg,2067,2373.89624399219,42.59665405168072,282.88710261382755
LU,Luxembourg,2068,2602.1028456948284,78.74297089162008,282.4363983035243
LU,Luxembourg,2069,2273.6917737241574,77.97168715272277,283.6289030925002
LU,Luxembourg,2070,2724.7322063253323,93.3975833702103,282.15283979710364
LU,Luxembourg,2071,2384.5684691406423,97.23434888290105,283.3429740193295
LU,Luxembourg,2072,2477.6390376835684,69.82195267671753,282.7460736002332
LU,Luxembourg,2073,2572.0017656474874,91.33766817675205,282.7501978689504
LU,Luxembourg,2074,2100.7718232167776,114.45397626782595,284.22912093085176
LU,Luxembourg,2075,2268.9426778583634,89.85454279902191,283.5629776351754
LU,Luxembourg,2076,2342.7583960979496,60.283796313887756,283.0428578744291
LU,Luxembourg,2077,2265.1106072238767,30.583155978761766,283.08789251475264
LU,Luxembourg,2078,2266.3596087738288,55.77845514488256,283.2533000729086
LU,Luxembourg,2079,2561.749536297168,89.21271340237983,282.55209596921935
LU,Luxembourg,2080,2440.9873399194694,31.10089678899632,282.7146431232852
LU,Luxembourg,2081,2397.888498609705,47.88034662110229,282.89240641451573
LU,Luxembourg,2082,2551.463066575718,61.266800495982324,282.6549894533892
LU,Luxembourg,2083,2370.521191982958,72.3516251809673,283.2639286885414
LU,Luxembourg,2084,2503.8140087154825,52.608373394349584,282.74753479533507
LU,Luxembourg,2085,2527.79792768693,64.57419265834184,282.67324894926304
LU,Luxembourg,2086,2387.6087584879974,162.01577271498442,283.90386620451835
LU,Luxembourg,2087,2193.8595470952014,32.94773707507831,283.5033981773467
LU,Luxembourg,2088,2065.360854286386,98.99278499738406,284.38178935120163
LU,Luxembourg,2089,2042.8709626265866,74.08244007075773,284.294767569764
LU,Luxembourg,2090,2352.4848233949647,96.36486234053486,283.46474671628766
LU,Luxembourg,2091,2228.2846663388173,140.48804552162537,284.00679058022143
LU,Luxembourg,2092,2410.320740790422,60.05003768114637,283.0134995141556
LU,Luxembourg,2093,2379.4202964298315,46.62956767913154,283.0342394919915
LU,Luxembourg,2094,2460.9752817092467,54.33960473973434,282.79468958606236
LU,Luxembourg,2095,2278.7012183880793,52.20279216577953,283.26918294419113
LU,Luxembourg,2096,2105.450529144976,109.84572434751651,284.1768243909479
LU,Luxembourg,2097,2241.656948823128,96.93333923117231,283.84455567146193
LU,Luxembourg,2098,2346.2569855918146,44.3837260903862,282.9467898621748
LU,Luxembourg,2099,2182.272441879734,134.5196777315922,284.1264452117582
LU,Luxembourg,2100,2067.978803861073,135.45591395945928,284.5520422371355
NL,Netherlands,1950,2604.287420181632,29.402283235684642,282.1296126284992
NL,Netherlands,1951,2421.0490227163054,27.547603626663985,282.54554019048555
NL,Netherlands,1952,2503.6098291403705,30.82799543073988,282.4041560000211
NL,Netherlands,1953,2510.8435043907957,5.8517923122672535,282.06972342698236
NL,Netherlands,1954,2335.2000295319144,13.522871925834055,282.74503094362603
NL,Netherlands,1955,2678.612019543964,40.53812471093755,282.0881665865618
NL,Netherlands,1956,2499.5696755313747,18.746330338408285,282.23712709447693
NL,Netherlands,1957,2437.4744189896664,40.36553022971285,282.6796757504433
NL,Netherlands,1958,2528.768513254168,10.444783353085178,282.11589777870637
NL,Netherlands,1959,2417.9861177135635,31.40210476921279,282.6569320007484
NL,Netherlands,1960,2638.408488708462,19.05515851662825,281.86335268438035
NL,Netherlands,1961,2652.8240654532365,12.499960623418172,281.70411187156606
NL,Netherlands,1962,2409.5072008870184,13.263677639052311,282.4796205768955
NL,Netherlands,1963,2459.9930687899864,31.197609379580612,282.53047465048087
NL,Netherlands,1964,2270.5519425241273,10.142130069496854,282.8248655775802
NL,Netherlands,1965,2425.8164745489157,22.627562191322497,282.51126741358735
NL,Netherlands,1966,2339.0480738218366,39.87657663240601,283.0584561759482
NL,Netherlands,1967,2823.383331053001,15.129310637081536,281.3352659774754
NL,Netherlands,1968,2469.0973577475634,19.593910787839206,282.447513143047
NL,Netherlands,1969,2602.5021886616532,11.29737275473979,282.01871713808055
NL,Netherlands,1970,2409.6611468419,18.95730835291667,282.6316668854964
NL,Netherlands,1971,2509.4567146139934,26.65913003614595,282.33043543568226
NL,Netherlands,1972,2183.0367735998443,15.282733351635116,283.2100488415502
NL,Netherlands,1973,2245.3580678835524,10.897865107384025,282.93872407137223
NL,Netherlands,1974,2202.0575743981653,9.370232652592282,283.00771827094434
NL,Netherlands,1975,2332.5448022858395,44.0482572482699,283.06585032094995
NL,Netherlands,1976,2306.6007157852882,34.880074335715896,283.18697857524853
NL,Netherlands,1977,2369.798303444436,14.177818348730598,282.6667062874179
NL,Netherlands,1978,2203.9902588293653,50.87449552372591,283.46550079488986
NL,Netherlands,1979,2117.737087788608,53.95095774503441,283.8150862173262
NL,Netherlands,1980,2136.90808614438,11.98992732142648,283.32807077159293
NL,Netherlands,1981,1945.7482371928018,19.51503551253546,283.90581171765285
NL,Netherlands,1982,2057.352397622438,9.273622066679557,283.52255466888005
NL,Netherlands,1983,2282.7185056390326,11.584971145901877,282.8060905595814
NL,Netherlands,1984,2680.2817489903364,13.352006363604021,281.7688102425715
NL,Netherlands,1985,1933.2879274739923,25.299481762827664,284.08257561397755
NL,Netherlands,1986,2302.030199053494,67.20992052958384,283.44902559658453
NL,Netherlands,1987,2088.474706335521,71.45418162220686,284.0936871779337
NL,Netherlands,1988,2066.5140913590985,29.502840414036257,283.6707754469418
NL,Netherlands,1989,2170.747560003585,24.13623535226838,283.3678479507962
NL,Netherlands,1990,2106.6987448080145,32.52914874224106,283.61722049591583
NL,Netherlands,1991,2097.763480430851,29.654430381702227,283.64817685300386
NL,Netherlands,1992,2257.3234968282986,23.425092349340808,283.0264580328402
NL,Netherlands,1993,2367.3033102529353,15.150182163629212,282.62708224488233
NL,Netherlands,1994,2376.3661609859264,15.030908044386335,282.74415482530407
NL,Netherlands,1995,2167.1758072397197,20.806604553586688,283.27107852031077
NL,Netherlands,1996,2448.029086230553,47.899766371679604,282.6858522957792
NL,Netherlands,1997,2215.4708207356407,11.698221118231558,283.1117523593898
NL,Netherlands,1998,2010.6425483762657,82.69494693449109,284.37143176520465
NL,Netherlands,1999,2080.101637182604,32.29541204409185,283.67378872980873
NL,Netherlands,2000,2054.045555605116,39.96726457769996,283.7657771669265
NL,Netherlands,2001,2327.2859371067366,13.240382303690616,282.7230080261606
NL,Netherlands,2002,2061.211992293306,25.964308143177643,283.58677345532226
NL,Netherlands,2003,2187.0584055132567,31.185766488250582,283.3449738675465
NL,Netherlands,2004,2433.190084503192,35.64371867074229,282.8141266378395
NL,Netherlands,2005,2483.4637560674064,55.64136889184776,282.7750690302068
NL,Netherlands,2006,2077.9178057097915,55.251296888855556,283.90830995798865
NL,Netherlands,2007,2273.246293785898,16.602866767622398,283.0811826046545
NL,Netherlands,2008,2166.669168381155,30.086518755683656,283.48214256713493
NL,Netherlands,2009,2179.137231055961,25.438897215545634,283.3988412657965
NL,Netherlands,2010,2717.6498027959383,37.30203411720771,282.0251258023799
NL,Netherlands,2011,1729.9660132867982,82.40449143073141,285.1704887355878
NL,Netherlands,2012,2008.4186757665154,30.39922008194041,283.9774397317925
NL,Netherlands,2013,2198.2203689917264,56.56400040740215,283.6873973233364
NL,Netherlands,2014,2070.7432381498365,16.953172329518253,283.5792324478605
NL,Netherlands,2015,2268.6367767972224,28.641900524757,283.1610290203715
NL,Netherlands,2016,2033.3070232139594,88.145291612647,284.3919015253952
NL,Netherlands,2017,2093.011554196232,14.273086872911245,283.38884773208844
NL,Netherlands,2018,2214.6215516016127,14.45822484305291,283.16547823083863
NL,Netherlands,2019,1920.5897259093338,32.329279695083144,284.1457905128208
NL,Netherlands,2020,2402.0754337463354,29.234773014077284,282.78361547918723
NL,Netherlands,2021,2610.9027193122984,11.936992584296247,282.0431435329953
NL,Netherlands,2022,2004.279372381467,52.39392777264612,284.07522030174454
NL,Netherlands,2023,1995.1554224073884,41.28897926949994,284.0206905368138
NL,Netherlands,2024,2073.8581005844217,9.71078729085498,283.3281961761454
NL,Netherlands,2025,1929.8209273778175,9.038477121392607,283.7743257020127
NL,Netherlands,2026,2400.9685938115526,7.811027357589581,282.51251183894385
NL,Netherlands,2027,2510.099163553251,19.254079901478026,282.3364620397233
NL,Netherlands,2028,2167.7958028880084,52.28524877279185,283.67404429534304
NL,Netherlands,2029,2028.4876787873975,52.569733890278044,283.979617222967
NL,Netherlands,2030,2001.5968427631447,64.62411660660484,284.0665783245092
NL,Netherlands,2031,1950.8158570198057,71.89478665753377,284.40903716565987
NL,Netherlands,2032,2054.6991553730313,40.23169099327389,283.918068877757
NL,Netherlands,2033,2168.203582253981,60.634568421076004,283.86005992138587
NL,Netherlands,2034,1820.590610757559,45.638989397581916,284.62337531787625
NL,Netherlands,2035,1998.1870631682798,24.85947017811248,283.90839573251503
NL,Netherlands,2036,2026.0061481899174,17.700085536485876,283.68807166405304
NL,Netherlands,2037,1762.4017707079447,36.19642191979784,284.5923022947246
NL,Netherlands,2038,1906.2949508107401,14.010993405444264,284.0747197223785
NL,Netherlands,2039,1833.220470577663,37.28307020446635,284.43140063113583
NL,Netherlands,2040,2135.312520625426,12.504687317168615,283.28272350999464
NL,Netherlands,2041,1989.7324193341728,42.13257640220598,283.9328107953218
NL,Netherlands,2042,1872.611036073891,76.32927858451376,284.6751700228318
NL,Netherlands,2043,1740.8656313501995,52.08043924898258,284.83292817854056
NL,Netherlands,2044,2247.6309834648914,34.48659014410905,283.3447912932087
NL,Netherlands,2045,2008.585784934328,38.50422529817461,284.0768124151226
NL,Netherlands,2046,1956.4727074855934,18.368947978317493,284.0105224251566
NL,Netherlands,2047,2354.650941092291,59.02410805772014,283.32561919056695
NL,Netherlands,2048,2092.6160301178907,66.04284721125083,284.09343082363296
NL,Netherlands,2049,2101.358540104024,34.247802297531074,283.7237058799169
NL,Netherlands,2050,1649.5022884371554,29.48758272502065,284.9839468287594
NL,Netherlands,2051,1972.142146863903,45.13946383260075,284.03237583400715
NL,Netherlands,2052,2122.3778595616805,32.94813176965016,283.52508344954236
NL,Netherlands,2053,2047.7553638322615,35.71741824275387,283.68873933357645
NL,Netherlands,2054,2082.0163671112086,12.304911726116426,283.4490173916919
NL,Netherlands,2055,1923.446029515395,21.201047663761813,284.08117845720676
NL,Netherlands,2056,1994.048418620668,7.681921230096505,283.6347288111625
NL,Netherlands,2057,2064.7555550662128,67.50295669962924,284.14507898803777
NL,Netherlands,2058,1884.705329656354,37.742014023474,284.35309529890395
NL,Netherlands,2059,2435.3787648955945,32.8472747072921,282.6908196257432
NL,Netherlands,2060,2041.0702857470244,46.715451045491264,284.0117792860527
NL,Netherlands,2061,2103.3831941295866,26.865306011507986,283.53322687746356
NL,Netherlands,2062,1836.28765280526,146.31407246096154,285.26582336128047
NL,Netherlands,2063,1845.9405895595135,87.36879026930538,284.7144467199805
NL,Netherlands,2064,2165.3946882807277,19.288155730738055,283.3297077252765
NL,Netherlands,2065,1834.0422436458505,26.572352497242726,284.31374186278396
NL,Netherlands,2066,2026.3991034128312,7.3433206812893355,283.45343411229635
NL,Netherlands,2067,1960.1608262377506,23.749621204235886,284.0479260364808
NL,Netherlands,2068,2148.8349358155792,44.233404643293056,283.55313021872485
NL,Netherlands,2069,1772.7369117931935,70.70095204052349,285.06131777274845
NL,Netherlands,2070,2152.177513299938,66.61322722315042,283.7554260344864
NL,Netherlands,2071,1870.010353659493,89.72801785106455,284.82759259223775
NL,Netherlands,2072,1971.2485585704615,47.73294480675241,284.1199479550815
NL,Netherlands,2073,2073.2969142604716,73.80389537648692,284.0540879601083
NL,Netherlands,2074,1658.1760338879803,67.45075064780679,285.2937748582773
NL,Netherlands,2075,1789.178551516854,50.92573678773322,284.75066249879706
NL,Netherlands,2076,1895.1479966275465,36.22868100754422,284.2306501781935
NL,Netherlands,2077,1760.974031320634,19.743476545227107,284.45284758443904
NL,Netherlands,2078,1685.779339451272,31.52593239095057,284.85444544846183
NL,Netherlands,2079,2070.729720248124,83.70820436142267,283.91168622450505
NL,Netherlands,2080,1983.9547939626302,18.087975910756295,283.8831277343504
NL,Netherlands,2081,2048.590258061171,33.67866201736207,283.7819374519015
NL,Netherlands,2082,2009.2670057515952,64.09783863404019,284.23185893509253
NL,Netherlands,2083,1921.8454502593693,74.8884552791063,284.52089504846845
NL,Netherlands,2084,1992.447607067349,34.89185218296563,284.0900639495728
NL,Netherlands,2085,2060.1502340148627,47.44646199170848,283.98141036781806
NL,Netherlands,2086,1935.6939916501094,104.95253239956652,284.9297932315017
NL,Netherlands,2087,1845.270310070144,31.533512777797398,284.66305620186506
NL,Netherlands,2088,1644.7302088807971,62.934078092406,285.3252226177567
NL,Netherlands,2089,1692.2392073909868,62.40431625179188,285.3542028020402
NL,Netherlands,2090,1900.2202526026435,75.65031789635351,284.68176933598784
NL,Netherlands,2091,1779.8691225181558,79.27818093554565,284.9059326159664
NL,Netherlands,2092,1873.934419821569,23.645748516947357,284.2528267396272
NL,Netherlands,2093,1918.8008253927394,42.30332821579264,284.30906803041944
NL,Netherlands,2094,1989.7009253439664,29.678589159518495,283.9780998385209
NL,Netherlands,2095,1816.4483369357845,31.67372058306655,284.44066484346655
NL,Netherlands,2096,1652.4959657824636,64.00810723420803,285.35352363796665
NL,Netherlands,2097,1734.2460950321633,65.53696659305365,285.25602714636983
NL,Netherlands,2098,1824.6078012259622,26.856079014817485,284.38380069132614
NL,Netherlands,2099,1739.7680503944716,87.81132819581617,285.1485438653681
NL,Netherlands,2100,1658.3565854374906,121.96474972994015,285.6769435792894
NO,Norway,1950,5355.080255987731,1.4667496376398836,274.0908884695465
NO,Norway,1951,5217.065505351257,0.3104878270226089,274.3977839607846
NO,Norway,1952,5456.218638482216,2.1362826907865093,273.8313482116622
NO,Norway,1953,5224.212096556263,0.18961736944936897,274.366003355496
NO,Norway,1954,4870.762587913239,1.0381941678499624,275.40899160822295
NO,Norway,1955,5692.08920139052,2.0266002773420224,273.144356276856
NO,Norway,1956,5093.982337883378,0.6150676427143698,274.81049950814986
NO,Norway,1957,4931.27143859177,8.181339867315922,275.3263911971552
NO,Norway,1958,5050.309542882047,1.2847282183365163,274.9057472637127
NO,Norway,1959,5215.727616507478,2.875718416498674,274.4651583282502
NO,Norway,1960,5185.907230213023,0.020371930460658286,274.50889575338863
NO,Norway,1961,5324.947810628409,0.7727410197632985,274.1092280525505
NO,Norway,1962,4964.1553105136845,0.7404870164077669,275.12622979855405
NO,Norway,1963,5014.563097671113,2.309657838849965,274.99212908286586
NO,Norway,1964,4898.917802982966,1.2571165699495293,275.3588060399427
NO,Norway,1965,4931.263929944675,3.4161014019294726,275.2434723816833
NO,Norway,1966,5098.687298942284,1.5617408080436221,274.78884647737084
NO,Norway,1967,5494.04640505114,1.1981726474218917,273.6870021511704
NO,Norway,1968,5646.413874497228,4.7154890313270545,273.3756981699709
NO,Norway,1969,5783.132332509491,3.6648624499406948,272.96410441528576
NO,Norway,1970,5000.390384750749,0.404035180820148,274.99413788555495
NO,Norway,1971,4897.923501319761,0.6330485737714818,275.2807812053726
NO,Norway,1972,4972.05019984487,3.930831906269452,275.2828287344196
NO,Norway,1973,4896.795446635077,0.48637732008922796,275.30599138328444
NO,Norway,1974,4444.692134066283,0.697500172986709,276.57817111976743
NO,Norway,1975,4981.783407247772,1.6687795605409907,275.1103027071932
NO,Norway,1976,5080.452954983453,2.7979565097359558,274.9250654531893
NO,Norway,1977,4746.5521586829245,1.2223029291446226,275.7505898819933
NO,Norway,1978,4617.442487701355,3.231998204947332,276.1414581690987
NO,Norway,1979,4813.409810230492,2.9437441821777197,275.59741778906897
NO,Norway,1980,5040.992053597993,2.6361281896669557,274.9951683870081
NO,Norway,1981,4051.873461756124,2.3351611638273466,277.72480104658496
NO,Norway,1982,4472.0922361622925,0.8389581611744796,276.47823723912245
NO,Norway,1983,4824.642317791022,0.43175293773303297,275.4945578887089
NO,Norway,1984,4865.757663725626,0.6947560217900677,275.4327875189828
NO,Norway,1985,4432.607225306853,1.563005967713988,276.6201440555155
NO,Norway,1986,4804.027427912415,5.026997889377767,275.6809080694211
NO,Norway,1987,4521.505644227706,5.47520820733356,276.455323551354
NO,Norway,1988,4624.779284316051,1.467764420476467,276.1093644656857
NO,Norway,1989,4829.074515790375,3.8572719834879283,275.607374818538
NO,Norway,1990,4862.298188574206,6.00965586083403,275.53871863657423
NO,Norway,1991,4804.6922586694545,4.158499459306864,275.61890826631156
NO,Norway,1992,5051.301414383459,1.770428208147005,274.95080198849206
NO,Norway,1993,5074.947876767905,0.15308045093765962,274.7829750609044
NO,Norway,1994,5167.087160415436,3.994219306128796,274.68985318760554
NO,Norway,1995,4953.723869935165,0.543679508123453,275.14653101849876
NO,Norway,1996,5135.221693532078,4.009762270018662,274.7632084377409
NO,Norway,1997,5079.034883743756,1.3671930362034714,274.8275648181537
NO,Norway,1998,4890.60063946668,6.69494639510308,275.4567167716425
NO,Norway,1999,4794.155585367466,0.8464171594026009,275.6021025230971
NO,Norway,2000,4654.406188459187,0.8308279861041388,276.0048328022923
NO,Norway,2001,4960.5292732178,1.0418565986031898,275.1367826174824
NO,Norway,2002,4466.917583355436,0.9157276186887219,276.50350825203566
NO,Norway,2003,5046.483166004638,5.743568493517591,274.97287327418144
NO,Norway,2004,4924.900704460435,1.10804519362495,275.2704064677565
NO,Norway,2005,4534.983011638735,2.8635935611414913,276.3429584917974
NO,Norway,2006,4564.973081820152,1.2853865704996696,276.2219344532972
NO,Norway,2007,4455.340851647643,3.4381182033699718,276.61719707649246
NO,Norway,2008,4565.571890362699,2.2474260513128126,276.2598480110391
NO,Norway,2009,4422.492041641806,1.928574284864076,276.69077908162774
NO,Norway,2010,5102.422100485647,8.171032845125195,274.94589053386727
NO,Norway,2011,4323.639498506453,6.100087366593519,276.9969923774845
NO,Norway,2012,4537.081395504301,2.416044594258756,276.38207208707684
NO,Norway,2013,4549.990779617538,9.220983822593166,276.4305278359483
NO,Norway,2014,4329.788624660507,1.7925011407791656,276.92264930146234
NO,Norway,2015,4621.799544194393,1.1790155157201831,276.0722627856144
NO,Norway,2016,4742.760032012883,7.857655161855289,275.9423516900274
NO,Norway,2017,4741.844693873618,3.346241684223993,275.814474531141
NO,Norway,2018,4735.215991811933,4.422143126756297,275.8703632696729
NO,Norway,2019,4310.4052397265705,3.3536480477900774,277.0240288828327
NO,Norway,2020,4875.982108241558,0.8411939043320209,275.39965623657093
NO,Norway,2021,4835.849450013686,6.559249985924879,275.6129778800357
NO,Norway,2022,4385.299115710752,2.149055731907171,276.75193530398366
NO,Norway,2023,4137.906576701972,5.323352507567198,277.4985457065688
NO,Norway,2024,4593.5359994569735,0.4763034229343042,276.1648083954834
NO,Norway,2025,4622.771020869983,1.0866894331973795,276.09117098616446
NO,Norway,2026,4475.941974648038,3.5530447863290924,276.5625839181114
NO,Norway,2027,4861.794169598201,0.06816341220159347,275.36880836227465
NO,Norway,2028,4735.897616412734,2.7087334328760666,275.8619914510401
NO,Norway,2029,4387.224551493819,2.119680754683154,276.77021112524886
NO,Norway,2030,4438.481504176516,1.9971427266579411,276.5943674488561
NO,Norway,2031,4176.347258203221,1.3882509679873567,277.2928266860934
NO,Norway,2032,4630.119487669834,2.6270508833344834,276.13014073832164
NO,Norway,2033,4791.051528433713,2.402205455563694,275.63494553993434
NO,Norway,2034,4294.192723879662,5.6315193289463,277.0909978733199
NO,Norway,2035,4415.700068125819,9.913872411522927,276.85491163610243
NO,Norway,2036,4562.068377164048,1.9081926896529362,276.33074193737286
NO,Norway,2037,4274.25788995598,0.6370502677635741,277.0188707623722
NO,Norway,2038,4261.969557923172,4.017112511368401,277.1884840917784
NO,Norway,2039,4189.428494915381,3.8941986437419347,277.36336323927867
NO,Norway,2040,4436.909476315292,0.26231082549748513,276.6017259218896
NO,Norway,2041,4320.019495586617,2.5896142905699087,276.9754480560124
NO,Norway,2042,4244.233431990121,5.439390194503562,277.26074505906786
NO,Norway,2043,4164.948239028832,2.9345788440421217,277.3961958746147
NO,Norway,2044,4406.9397531018185,1.7453721606816803,276.7361140120402
NO,Norway,2045,4290.143918412647,3.2847230968269825,277.09296194360263
NO,Norway,2046,4335.192527494382,1.8268067017170715,276.91786462989614
NO,Norway,2047,4746.200490694339,3.857986012806211,275.822159677503
NO,Norway,2048,4463.548316559934,4.624190850458312,276.6421874685302
NO,Norway,2049,4569.225573433461,6.514929517901592,276.3467535698521
NO,Norway,2050,4202.674070883559,2.2036651614664726,277.2763761424469
NO,Norway,2051,4162.215187868742,4.474172983431252,277.4238064669674
NO,Norway,2052,4516.371353243576,3.822728468599186,276.43698117021546
NO,Norway,2053,4805.630828769863,7.55575059469,275.6437029300838
NO,Norway,2054,4130.799374231134,3.26148184464755,277.48995066012213
NO,Norway,2055,4467.137717483678,3.5976367193101666,276.53880261265044
NO,Norway,2056,4283.702017474315,2.5368986385745216,277.1011573544102
NO,Norway,2057,4760.272549357729,3.559637763234427,275.7385852659631
NO,Norway,2058,4236.150712301995,1.187887938300858,277.1494788248499
NO,Norway,2059,4395.47169619369,3.6077953269909053,276.76382974731143
NO,Norway,2060,4703.7883902106405,3.415038535253861,275.9393995440909
NO,Norway,2061,4656.880593373136,1.5566949346694696,275.9811806130426
NO,Norway,2062,3954.8676351083313,15.10160425434001,278.13514115947635
NO,Norway,2063,4150.526003476171,3.1278400991452946,277.4290896934877
NO,Norway,2064,4052.675401422958,3.4787763304493473,277.75019848510055
NO,Norway,2065,4240.148411943703,2.41969555507736,277.1432623673518
NO,Norway,2066,4092.030353414033,1.0988550434431776,277.5341110725381
NO,Norway,2067,4175.180741861512,2.6850379605264547,277.3520747620485
NO,Norway,2068,4775.010565741266,1.5810932406687603,275.6969851312556
NO,Norway,2069,3990.0308861743806,5.582734145808473,277.94662796869204
NO,Norway,2070,4378.244347077656,6.7317203346067025,276.88225351887286
NO,Norway,2071,3904.2150055177817,10.302255348446984,278.24890521234636
NO,Norway,2072,4017.6634894230424,4.442979269389985,277.8789498265271
NO,Norway,2073,4522.262308301619,4.996757237379932,276.3971392989302
NO,Norway,2074,4210.488490077241,1.9294317208356557,277.2432728140976
NO,Norway,2075,4019.882252802495,2.6327438903669274,277.75391936491485
NO,Norway,2076,4452.081436976076,3.4481106239032844,276.65994600720563
NO,Norway,2077,3863.747512886171,9.091445166611553,278.35795228376844
NO,Norway,2078,3944.823605745103,2.606982275208356,277.97961048847196
NO,Norway,2079,4439.705914371357,17.641048754285436,276.8096396660169
NO,Norway,2080,4415.4595452148,1.972701038588934,276.69381038502877
NO,Norway,2081,4406.017224891401,1.1286101639205863,276.69027538680984
NO,Norway,2082,4369.798122551101,13.662424291545218,276.93234585639584
NO,Norway,2083,4305.81789665581,12.897721936559345,277.1187405771031
NO,Norway,2084,4599.119572009914,1.3763995950035424,276.1811280305852
NO,Norway,2085,3886.8663448124335,5.4445878280045825,278.20424438265115
NO,Norway,2086,4201.948803264591,6.44235655870691,277.37518877608073
NO,Norway,2087,3994.3330510665137,14.618809012416332,278.19492992677937
NO,Norway,2088,4098.533406281749,3.451009885153912,277.59334252176325
NO,Norway,2089,4284.284871925989,8.434438743215951,277.1850260272727
NO,Norway,2090,4195.9891553354555,9.213635643222453,277.3798151759788
NO,Norway,2091,4106.89460286691,0.8513323769473576,277.47176807312565
NO,Norway,2092,4292.557288632483,1.1953549729546922,277.03014817459666
NO,Norway,2093,4363.466727310796,3.122557110320809,276.8415134766865
NO,Norway,2094,4338.886127912743,1.0064457241888307,276.84526056730255
NO,Norway,2095,4139.982988155231,3.1109455774580788,277.4195013030525
NO,Norway,2096,4152.654322758512,1.8790391102098574,277.44606327953545
NO,Norway,2097,3562.592243282481,4.030868463289858,279.1170264373261
NO,Norway,2098,3895.1804234142764,2.7330544617539454,278.1576466249727
NO,Norway,2099,3823.862332894192,2.713409257109233,278.31993818510773
NO,Norway,2100,4086.9725593831754,9.409106467483133,277.7517378687272
PL,Poland,1950,3353.903920326198,56.97981202109172,280.4974268819978
PL,Poland,1951,3400.1129871636617,33.5605391378192,280.0073104195938
PL,Poland,1952,3224.4964889899416,33.07833894378492,280.46905571204456
PL,Poland,1953,3127.4083919290324,48.13924510318461,280.8981048437144
PL,Poland,1954,2843.596417671351,44.691083224358785,281.756979982322
PL,Poland,1955,3656.6104454138467,87.15818476928071,279.7662781243998
PL,Poland,1956,3084.377125824159,69.97116115091242,281.3442572588871
PL,Poland,1957,3371.666660845649,68.68698349171996,280.522251865518
PL,Poland,1958,3369.2814656915602,73.07640166853572,280.5361711684254
PL,Poland,1959,3182.343203546067,69.34181773943098,281.00698657275404
PL,Poland,1960,3504.8854293450763,37.508915169230896,279.8603906547157
PL,Poland,1961,3773.094781569588,17.722117703548697,278.7990083609679
PL,Poland,1962,3464.1670851472486,40.06915018261203,279.998189541452
PL,Poland,1963,3441.8883660215497,45.152732868496585,280.0414739601933
PL,Poland,1964,2999.991464271839,34.77787575649517,281.18889014205865
PL,Poland,1965,3230.8994841787708,41.269260456938696,280.67349053311466
PL,Poland,1966,3191.1800773630102,89.19244740774846,281.2889424129254
PL,Poland,1967,3558.6550889972,16.334911258642283,279.4356602443704
PL,Poland,1968,3424.145471463612,34.45121388810087,280.046073521822
PL,Poland,1969,3553.1626594561963,35.12286048710061,279.68474599939316
PL,Poland,1970,3517.0110774467075,27.078856671156036,279.705135618761
PL,Poland,1971,3226.024687213822,62.91350612144888,280.77302560800047
PL,Poland,1972,2844.391780199951,75.61085911975502,282.1557862875627
PL,Poland,1973,2981.1888827450457,18.440476145059396,281.08610245931425
PL,Poland,1974,2775.930817650464,69.43060534791351,282.17074303307476
PL,Poland,1975,3529.9378770887756,29.460274122317443,279.6634086494315
PL,Poland,1976,3319.932061339859,61.76101283962527,280.749172790355
PL,Poland,1977,3468.9746972862904,20.516038114434867,279.66293192932363
PL,Poland,1978,3058.525645650604,77.55957493337938,281.4708778818178
PL,Poland,1979,2945.7988519586856,114.25456647006277,281.9285308262872
PL,Poland,1980,2798.281229972051,60.51015933501081,282.1090348813903
PL,Poland,1981,2606.119037617674,45.51356099713111,282.4895638108924
PL,Poland,1982,2756.9726635681927,48.547048448408965,281.9992847854092
PL,Poland,1983,2801.481512430985,34.133101717480066,281.5896575726565
PL,Poland,1984,3295.721114260115,37.81512639379795,280.41606113277953
PL,Poland,1985,2816.0762711839134,52.06513374115192,281.9586046109991
PL,Poland,1986,2983.2707026619105,79.51397405613173,281.74370717572083
PL,Poland,1987,2927.497131207736,99.29092246138279,281.96089155548356
PL,Poland,1988,2788.3532340273964,52.632504695644776,282.05852009637516
PL,Poland,1989,2917.472082731562,40.77800673663871,281.5803676073774
PL,Poland,1990,2863.4035092084655,27.994553653609767,281.52702106162707
PL,Poland,1991,2952.108304215911,37.38724782634827,281.3500432711987
PL,Poland,1992,3103.461400302532,64.5778153835429,281.2723505748464
PL,Poland,1993,3100.396524345306,48.0943845873809,281.06218214652847
PL,Poland,1994,3199.1304102628915,25.3567304991022,280.580153965306
PL,Poland,1995,3035.5950582805044,22.887685437728106,280.9537294667899
PL,Poland,1996,3371.9387097927934,81.34464506565524,280.54677521009086
PL,Poland,1997,3225.064377015629,23.32689584970346,280.40161695382335
PL,Poland,1998,2706.931586198818,110.00941701647368,282.75378119761933
PL,Poland,1999,2730.0216029313538,20.07141636820292,281.75591467852763
PL,Poland,2000,2579.6835465823133,77.27116309252254,282.7878950649297
PL,Poland,2001,3004.193148352755,73.29007955811248,281.5247948696392
PL,Poland,2002,2736.320020202891,40.99425219753961,281.98756463004764
PL,Poland,2003,2909.051479551563,59.12783575222973,281.63935146007606
PL,Poland,2004,3039.2782703852304,53.69167070749352,281.3650277060078
PL,Poland,2005,3476.0475789916227,65.33701173716197,280.2519966760163
PL,Poland,2006,2874.234445619386,81.81027253058451,281.9774468349198
PL,Poland,2007,3438.517175950726,68.83345541248646,280.28018376976775
PL,Poland,2008,3126.153285132699,67.44872431380742,281.1356234620441
PL,Poland,2009,2823.439378922226,40.26015703858693,281.74969063963243
PL,Poland,2010,3514.476209967499,44.1672128695663,280.0005954840571
PL,Poland,2011,2555.5234591776248,178.4105814209428,283.4594256473308
PL,Poland,2012,2834.5475734527595,37.62860403959765,281.70528121965975
PL,Poland,2013,2988.889739983356,72.97809003568568,281.60880136938164
PL,Poland,2014,2719.224782929051,45.6752520316331,282.18514427917273
PL,Poland,2015,3218.5266230335073,89.54125034154364,281.0989500124532
PL,Poland,2016,3008.030006563659,115.05520452090137,281.89317599887187
PL,Poland,2017,2871.207004093225,30.894802763127228,281.54563986969083
PL,Poland,2018,2886.0540068304977,23.546783428363828,281.42701758730806
PL,Poland,2019,2674.504385609275,46.91409296663061,282.2440635696359
PL,Poland,2020,3332.004392338809,52.39715677486464,280.49754693065086
PL,Poland,2021,3473.343082437515,21.62479707772913,279.80534534167447
PL,Poland,2022,2444.154049673529,75.39037154540314,283.1106339866866
PL,Poland,2023,2742.331957445702,57.65691381686405,282.1792767654972
PL,Poland,2024,2934.3637395072415,25.86291702253062,281.2811326000188
PL,Poland,2025,2772.44129316799,23.3986995898426,281.70454914255475
PL,Poland,2026,3099.370200720971,52.254633672820034,281.1344196151921
PL,Poland,2027,3494.5373836136587,48.67133378575824,279.8925080555668
PL,Poland,2028,3138.5357117900844,59.40748454107512,281.0275736089557
PL,Poland,2029,2551.1771834986275,62.00959555792616,282.6294021863734
PL,Poland,2030,2467.351705497826,157.88811029724465,283.6067784633469
PL,Poland,2031,2495.461844631111,129.23187706900208,283.4226719989988
PL,Poland,2032,2869.593628606967,89.97609386392405,282.1258823242887
PL,Poland,2033,2887.358127684441,134.51927360797103,282.2576398551732
PL,Poland,2034,2480.669520869195,102.05496824363314,283.28440193826367
PL,Poland,2035,2961.8618826895085,36.89419775185097,281.3559084342863
PL,Poland,2036,2708.5754056034166,64.47383928044835,282.3432041583425
PL,Poland,2037,2355.788954467096,60.856077929107784,283.3035548822601
PL,Poland,2038,2743.1157209286516,48.570741131561014,282.0471527922882
PL,Poland,2039,2312.58416895384,98.32319141946246,283.69466368908235
PL,Poland,2040,2812.2532468159397,14.371595316032037,281.4593685140201
PL,Poland,2041,2723.625021426039,88.65202361695152,282.4700346697889
PL,Poland,2042,2610.3544897449183,139.38071858830511,283.0908224424822
PL,Poland,2043,2615.8310571280676,62.54525208519423,282.5822163672588
PL,Poland,2044,3129.649019694317,141.87709289991426,281.9120321691841
PL,Poland,2045,2860.160434050454,63.508746920876646,281.8981165760034
PL,Poland,2046,2981.7526340288105,62.77044811241153,281.6580234806632
PL,Poland,2047,2972.4683255780865,111.85140142260445,282.0801803195497
PL,Poland,2048,2781.788149028044,113.66562300108737,282.55717590967987
PL,Poland,2049,3096.036984783207,80.54170475566978,281.36338009555806
PL,Poland,2050,2282.4204323171048,125.01535350362138,283.93314103787657
PL,Poland,2051,2772.634518658315,58.32164015414324,281.9977038419809
PL,Poland,2052,2823.82747639517,72.25358127359083,282.0105008859859
PL,Poland,2053,2918.710823665647,34.468754785447956,281.3784834047271
PL,Poland,2054,2632.7824115822395,33.7168513967443,282.1431232412093
PL,Poland,2055,2995.306008768804,64.75034952111866,281.5740006941017
PL,Poland,2056,2783.7914658714344,35.544183482841426,281.8228454957858
PL,Poland,2057,2863.5188280786697,158.46534841105264,282.5125124440808
PL,Poland,2058,2406.2436654749104,99.21037150944186,283.44596057682094
PL,Poland,2059,3199.6995235478034,66.17000528396095,280.9777731069496
PL,Poland,2060,2965.4678927868913,98.95113433964188,281.9386276757772
PL,Poland,2061,2975.6385560726553,52.788602384992885,281.4690950875329
PL,Poland,2062,2606.060125712546,228.91913918501396,283.6420313187416
PL,Poland,2063,2407.6545273082997,113.14419738791787,283.49530119494136
PL,Poland,2064,2640.905350027741,41.03014604522299,282.3257241115026
PL,Poland,2065,2294.5332200123235,36.190837914882984,283.1653192032449
PL,Poland,2066,2732.701527782589,41.43325681823596,281.9528021365678
PL,Poland,2067,2788.0231412205662,68.83074239325413,282.0752419558873
PL,Poland,2068,2932.6481450851,52.05192678093524,281.49566427192855
PL,Poland,2069,2669.776661789461,75.43787103727917,282.6272005567332
PL,Poland,2070,3317.9188535019466,60.4900054019361,280.67645361552206
PL,Poland,2071,2650.352931371513,169.4174840182084,283.17063964624805
PL,Poland,2072,2549.7320024051037,68.40630341713326,282.8622520635687
PL,Poland,2073,2965.9819966947016,107.36224232730375,281.82641915643467
PL,Poland,2074,2541.6167317905183,86.65686229051661,282.9510277352279
PL,Poland,2075,2585.5386784949774,42.50831801819495,282.45784962948017
PL,Poland,2076,2884.1089422207647,62.084015148162955,281.7969382115345
PL,Poland,2077,2745.545199698016,54.483055347215114,282.2118702400228
PL,Poland,2078,2427.5755008739197,33.14555203733192,282.8266858933475
PL,Poland,2079,2862.205805872656,95.05106315893184,281.97365334079586
PL,Poland,2080,2931.1654526350117,51.845373878705075,281.5824970344845
PL,Poland,2081,2868.865774302924,34.91387835271201,281.6029494524519
PL,Poland,2082,2590.649009204858,73.57451289304436,282.78572964528115
PL,Poland,2083,2653.543280877118,59.23981392415691,282.46043040797736
PL,Poland,2084,2965.144477380807,87.86559377895394,281.8304953938938
PL,Poland,2085,2833.9825387237256,66.46791058367812,281.9925511946321
PL,Poland,2086,2836.1160010879858,228.5730094424689,283.05366426704995
PL,Poland,2087,3110.8101444502695,58.659097900937276,281.43627706204
PL,Poland,2088,2432.503341551894,103.96735527062093,283.5456993708924
PL,Poland,2089,2476.5630696551393,152.2379446273327,283.72718502422543
PL,Poland,2090,2565.832941443706,104.34779650106343,283.0113936839119
PL,Poland,2091,2483.259337167676,112.62576220682253,283.27837277637246
PL,Poland,2092,2519.6374350448937,73.99419817555314,282.7917057686428
PL,Poland,2093,2433.8792973594595,84.6654134378037,283.4077910631435
PL,Poland,2094,2808.7879671146948,55.52032023579677,281.94735699830915
PL,Poland,2095,2538.241713483577,68.21185816816718,282.818827049864
PL,Poland,2096,2324.6704078997113,135.34822429240023,283.948775542145
PL,Poland,2097,2436.1561172987076,162.67230345724602,283.8141909757857
PL,Poland,2098,2538.8735613209146,54.06618848933965,282.73886023592263
PL,Poland,2099,2342.8851386428933,161.410863029444,283.97980735223086
PL,Poland,2100,2392.835054741497,142.42010271016898,283.8716860635838
PT,Portugal,1950,1174.1805279141004,213.13475359329837,287.49672003607503
PT,Portugal,1951,1145.1090899951569,243.604562122071,287.760030777048
PT,Portugal,1952,1131.8727478682486,288.0571963745209,288.0390662646786
PT,Portugal,1953,1268.4228887090703,238.81352134479917,287.31895288189565
PT,Portugal,1954,1226.816288170745,127.21567695625488,286.6351576504949
PT,Portugal,1955,1241.788803152822,271.0313849333722,287.61838866360944
PT,Portugal,1956,1347.7783258135923,218.3883947857097,286.88051484595235
PT,Portugal,1957,1135.6089756290849,156.0495230362921,287.2516664672496
PT,Portugal,1958,1327.536479865137,176.53416248406955,286.7101749843132
PT,Portugal,1959,1166.3111071264573,166.7787502784039,287.20641147233954
PT,Portugal,1960,1282.0759160771677,207.69713531394888,287.0524446537343
PT,Portugal,1961,1326.0275324933816,186.4347709316458,286.9991223578501
PT,Portugal,1962,1195.6118508387294,169.45901154406428,287.1681542120514
PT,Portugal,1963,1142.9774679483426,177.87502303939166,287.42459980523904
PT,Portugal,1964,1107.678031994521,199.52677250733134,287.60269128447277
PT,Portugal,1965,1194.3417523078208,166.748639761451,287.2014398383771
PT,Portugal,1966,1271.8752901886044,164.9912269639316,286.98285547851174
PT,Portugal,1967,1135.3864586706668,172.63463509375455,287.29378836514974
PT,Portugal,1968,1048.8380125607775,133.98480239452937,287.37050354824316
PT,Portugal,1969,1192.7191408198523,116.89077406483322,286.79126232187707
PT,Portugal,1970,1201.5118809031612,181.57877347426427,287.3173719638199
PT,Portugal,1971,1157.3041672781023,199.3084975382056,287.441049382496
PT,Portugal,1972,1373.0356052948305,92.2770549022984,286.19420164335713
PT,Portugal,1973,913.4178052894919,271.9997233663688,288.54734963280066
PT,Portugal,1974,1335.8457917552462,128.14816004421718,286.4143308042688
PT,Portugal,1975,1072.2541209864826,232.41864448251707,287.861829282988
PT,Portugal,1976,1012.2297700267175,173.44869298401625,287.73150661018536
PT,Portugal,1977,1236.2075628199716,222.82166248090078,287.36645263381087
PT,Portugal,1978,1113.445083716545,206.15153451143695,287.6274203972278
PT,Portugal,1979,1026.9833128776866,212.0424978671347,288.072283861162
PT,Portugal,1980,991.008796053653,156.67071691955596,287.7999911079694
PT,Portugal,1981,1000.3925914475287,209.0129799798345,288.0636073994177
PT,Portugal,1982,1027.8952321202291,228.53682532585174,287.89609625689127
PT,Portugal,1983,1140.95189010569,110.53601421195377,287.0141617482319
PT,Portugal,1984,1162.724542727068,278.853600202427,287.87702266157095
PT,Portugal,1985,994.6605999008733,226.81994001740787,288.0878178312309
PT,Portugal,1986,1131.0552183852933,242.92999839398226,287.70769717258486
PT,Portugal,1987,1079.5150702134144,275.06629026601775,288.13011262045035
PT,Portugal,1988,1158.4459605889604,199.7308959232146,287.40338694830825
PT,Portugal,1989,1146.378194240174,211.9311249714441,287.545565971512
PT,Portugal,1990,1002.9689509983536,208.95483460540524,287.9943989396772
PT,Portugal,1991,946.0743024791202,297.4816297675706,288.6798153446622
PT,Portugal,1992,1042.6754100938551,185.36628930005133,287.722558733576
PT,Portugal,1993,1038.1663706510212,206.37018051224706,287.82421393134456
PT,Portugal,1994,1100.3618264417614,141.5516383374509,287.2514494484863
PT,Portugal,1995,938.3600770394556,293.7048517033894,288.6342813932929
PT,Portugal,1996,1069.9523694629243,175.48570512336684,287.66999722927585
PT,Portugal,1997,1036.8323873081363,220.78075892474752,288.02473115568904
PT,Portugal,1998,1025.4863163195237,230.58610207854395,288.0440525397974
PT,Portugal,1999,996.6905336068448,276.52793487008626,288.49391367859414
PT,Portugal,2000,976.2375474726265,392.8619847645802,289.0768301524349
PT,Portugal,2001,1141.3955853842028,230.70707647890217,287.75746404576944
PT,Portugal,2002,975.8150746498645,353.3557799655939,288.87968878766225
PT,Portugal,2003,1169.385006507886,203.79197009331816,287.49169116800067
PT,Portugal,2004,1119.2341444460176,282.20260858578234,288.0541651341852
PT,Portugal,2005,1174.9331273778982,291.0468169403585,287.9872658566238
PT,Portugal,2006,1177.8300497455718,351.2396487016683,288.0897272748637
PT,Portugal,2007,839.280086279585,316.97182152567206,289.1711742375107
PT,Portugal,2008,1070.350308801982,346.6999668875656,288.5558641355361
PT,Portugal,2009,1136.012068622793,249.9949130340573,287.7592438429387
PT,Portugal,2010,1162.0229717202349,202.8972403672961,287.51789609706833
PT,Portugal,2011,921.3072242905092,213.50936158929872,288.2792531772876
PT,Portugal,2012,838.4734583868114,324.60291270401746,289.29331309221254
PT,Portugal,2013,1053.7577532661865,350.95815972078407,288.69667614134454
PT,Portugal,2014,1086.6235132414122,245.32319765347734,287.9139539230297
PT,Portugal,2015,961.0138237739354,328.9909286073369,288.7976805092508
PT,Portugal,2016,885.9591500389395,263.2014116438521,288.72423836498274
PT,Portugal,2017,971.0139920818042,292.28404296008995,288.48150300244106
PT,Portugal,2018,1055.068264239393,275.4995860673611,288.21065606406097
PT,Portugal,2019,1121.1858140607378,191.41363761875238,287.46798031291803
PT,Portugal,2020,1046.3774682894245,283.47777603870566,288.2112322192105
PT,Portugal,2021,1182.2423160460648,185.0905158991896,287.3623254838073
PT,Portugal,2022,975.7764416397997,289.5711753810746,288.4796331744579
PT,Portugal,2023,983.2820812829286,333.40153301501226,288.74690876179733
PT,Portugal,2024,953.2542764589324,209.13540359807163,288.02672875492726
PT,Portugal,2025,876.5855516299484,225.24766469518028,288.49874460340874
PT,Portugal,2026,1213.3821651302592,213.82077661322046,287.32322683596374
PT,Portugal,2027,1106.8397035216703,206.22749623689043,287.71951061200747
PT,Portugal,2028,932.0459098503859,266.9564471572697,288.61095100825685
PT,Portugal,2029,1061.8536930052624,382.6340345513537,288.6853740462485
PT,Portugal,2030,1043.6013212323944,301.93717717329764,288.2505469087366
PT,Portugal,2031,1064.7685769583463,222.8239001412423,287.81475509513643
PT,Portugal,2032,814.4719866903074,293.46050083360336,289.168504963774
PT,Portugal,2033,856.327143580966,300.67249577683975,288.9666792905348
PT,Portugal,2034,939.4162888542257,295.2301657703635,288.56424372588253
PT,Portugal,2035,880.6864041065235,264.03770678113926,288.81254459793075
PT,Portugal,2036,975.1643226331807,261.9745632304981,288.32740022237203
PT,Portugal,2037,956.1740482827308,358.6764297181616,288.8366278050835
PT,Portugal,2038,896.5290254527386,351.9493180185288,289.12409925233146
PT,Portugal,2039,920.1837188123919,362.24425187314876,288.9531596931861
PT,Portugal,2040,955.0560920689331,329.73509077782205,288.70602364799095
PT,Portugal,2041,873.1777131894873,297.1306031331904,288.8830985286916
PT,Portugal,2042,818.7538301969887,414.55207388509876,289.6558547965325
PT,Portugal,2043,796.4732410122333,496.60729504927514,290.09555157927207
PT,Portugal,2044,787.0951358517912,312.37285654863524,289.2294220381791
PT,Portugal,2045,899.554560294606,282.9534898718501,288.69560654219055
PT,Portugal,2046,993.4133429689282,291.3682999338538,288.3969012840283
PT,Portugal,2047,1014.0836175269699,333.8428064036844,288.5669561211938
PT,Portugal,2048,949.8944792097004,352.00985782123615,289.0107805477544
PT,Portugal,2049,953.8316782258969,428.35594568910926,289.23394997278496
PT,Portugal,2050,938.4804122517635,278.55960961762014,288.6347829254576
PT,Portugal,2051,1056.323819248464,339.96054750904545,288.4710364695233
PT,Portugal,2052,888.9657280375156,405.89503535406993,289.5477002774368
PT,Portugal,2053,869.1098360135322,304.9780653605883,288.98703195009585
PT,Portugal,2054,1012.208417003262,306.371140645995,288.4197648581019
PT,Portugal,2055,797.882431634999,290.28842510014294,289.1007432969249
PT,Portugal,2056,916.7256038726036,348.796422295891,289.0047066557938
PT,Portugal,2057,915.951996690004,320.1737371743477,288.81536633717343
PT,Portugal,2058,819.7119955690371,413.7330649701431,289.74244687138463
PT,Portugal,2059,1047.3039806809857,344.9144043113791,288.47991446582364
PT,Portugal,2060,864.1181537717752,329.64517206389627,289.1721411148502
PT,Portugal,2061,895.0514518628312,393.37989041344235,289.3132276946129
PT,Portugal,2062,739.5660553816128,373.8835259918178,289.82906321533045
PT,Portugal,2063,959.3257754958045,269.74092622535113,288.6074814106527
PT,Portugal,2064,1018.6501711862531,321.6170825580788,288.55999894624097
PT,Portugal,2065,893.3883248169607,418.1014601585115,289.4624484041491
PT,Portugal,2066,987.7118413293484,305.3698517712995,288.462988653351
PT,Portugal,2067,773.3122652936968,292.54203170497885,289.2718115022499
PT,Portugal,2068,942.2026251245923,435.4814505552447,289.2645256424939
PT,Portugal,2069,742.0553272590178,301.38053872439616,289.53972406280985
PT,Portugal,2070,906.6394481102517,425.18107722928517,289.35118556783766
PT,Portugal,2071,915.7042348307251,399.21082534519763,289.24147962811253
PT,Portugal,2072,909.8754215874947,352.205154992212,288.9987803733418
PT,Portugal,2073,831.9330261818925,356.1061650223391,289.4913199437105
PT,Portugal,2074,770.0069182725076,411.6980092022268,289.73064268270537
PT,Portugal,2075,876.7175457805774,481.5518840530462,289.6460196517707
PT,Portugal,2076,894.6620066528458,467.08265746156655,289.56612882036
PT,Portugal,2077,825.2138451004357,280.36931590656184,288.90681034373864
PT,Portugal,2078,948.7060929085592,399.8253717405146,289.06844967719616
PT,Portugal,2079,962.8324398538073,339.15274555686904,288.94541615533166
PT,Portugal,2080,797.1531642628821,448.3251358066689,289.97721933481745
PT,Portugal,2081,753.9809074395332,410.79043879023953,289.8465001416358
PT,Portugal,2082,793.4006805013796,468.49795735782027,290.0104365004962
PT,Portugal,2083,841.2394839232038,377.5869699389296,289.4258243310775
PT,Portugal,2084,972.5178617172196,383.672412063364,288.83410133794223
PT,Portugal,2085,1034.6046545099214,407.9652463190014,288.87881210020083
PT,Portugal,2086,916.7869044674361,480.89517196744606,289.7778952735751
PT,Portugal,2087,771.568444577871,315.23651796000286,289.2678909881498
PT,Portugal,2088,693.3284490444753,532.3915658666656,290.67037347026286
PT,Portugal,2089,668.6941948790666,398.0766597803927,290.1159490773126
PT,Portugal,2090,785.9139319308418,480.97139386130425,290.1416818846045
PT,Portugal,2091,888.6694038501491,444.15858089671593,289.41236589779624
PT,Portugal,2092,886.3702417888873,489.7951183243533,289.74602240148823
PT,Portugal,2093,808.5480936206884,379.52964568652874,289.5169900198164
PT,Portugal,2094,815.3294803271993,477.5909344760267,290.0735452804928
PT,Portugal,2095,722.6356631907464,462.94976499287606,290.1520993251272
PT,Portugal,2096,807.7426551527706,427.8596822058755,289.7462686390535
PT,Portugal,2097,828.6429347214755,494.38658988838273,289.99555353172144
PT,Portugal,2098,837.1606617518378,418.644252500102,289.5625100953914
PT,Portugal,2099,785.1569062393116,452.4558131467616,290.0193539627683
PT,Portugal,2100,642.3149561911929,370.35093006377474,289.9971115077303
RO,Romania,1950,2934.782307386625,173.3583827583255,282.37881831060537
RO,Romania,1951,3145.271616352722,106.82214339809045,281.35854959431515
RO,Romania,1952,3036.2885840192866,65.51142721515836,281.3611219726258
RO,Romania,1953,2863.3028485688183,194.57341150025883,282.72626555054933
RO,Romania,1954,2447.128022827156,163.81731415045357,283.67657437258305
RO,Romania,1955,2881.0924213562007,184.06010148414168,282.5821764194925
RO,Romania,1956,2717.1482645691594,182.21688193922174,283.13189054406837
RO,Romania,1957,3225.118007081411,100.2803271472699,281.2245482693714
RO,Romania,1958,3099.2667784872983,148.30713336626303,281.9030655022557
RO,Romania,1959,2699.706522124678,164.86466253218293,283.0781440950483
RO,Romania,1960,3162.0291722809898,169.1448644907343,281.8058037978057
RO,Romania,1961,3164.4066713895263,103.88333457547512,281.2879725060262
RO,Romania,1962,3409.2506399769077,89.11207426570523,280.63065957031455
RO,Romania,1963,3108.194693500105,76.61450117220089,281.27583876646054
RO,Romania,1964,2649.292498305772,144.87348276435029,282.95398812106043
RO,Romania,1965,2898.3640318591724,211.70156789567628,282.73821105258685
RO,Romania,1966,2793.5415833428788,137.50644631810863,282.67338968228773
RO,Romania,1967,2911.5496744526176,86.786884025103,281.95102371023484
RO,Romania,1968,3101.9360968008796,38.413622735112455,281.01710086635904
RO,Romania,1969,2984.7479245137692,153.3381359678952,282.1487934786872
RO,Romania,1970,3404.5495123605297,134.98053802211086,280.78422859864935
RO,Romania,1971,2758.557713050578,133.91186265883817,282.6637652976097
RO,Romania,1972,2453.4900642741236,142.2274630533025,283.67750854256604
RO,Romania,1973,2732.936888007127,113.95892470949691,282.57505071495507
RO,Romania,1974,2632.586987233188,168.16853541612562,283.21930847767754
RO,Romania,1975,3383.861985658189,93.88398672758551,280.7125597434747
RO,Romania,1976,3053.719944113913,90.34964045500898,281.7276473156365
RO,Romania,1977,3048.0184215529125,78.76071047284452,281.4647458397661
RO,Romania,1978,2784.6952232211443,185.29955625495893,282.96809760947195
RO,Romania,1979,2746.4931163045185,211.727382596547,283.06349308988706
RO,Romania,1980,2619.350942206576,130.14646257795437,283.09797679697965
RO,Romania,1981,2768.219791043212,154.49876096299676,282.8283754313783
RO,Romania,1982,2632.0915771786867,149.21145008918376,283.17225736695093
RO,Romania,1983,2251.991498558702,125.82682619261632,283.9487069550673
RO,Romania,1984,2764.797144265835,158.89019328168666,282.82639717351697
RO,Romania,1985,2888.159441533637,131.12670049157225,282.31161551400214
RO,Romania,1986,2709.7298131672464,175.25944301243854,283.08611777004717
RO,Romania,1987,2694.4484465211917,143.4679306741881,282.9476109605421
RO,Romania,1988,2667.979589702608,87.35437337095303,282.7057322395429
RO,Romania,1989,2529.582187596541,74.26580859101423,282.9740625005291
RO,Romania,1990,2758.8253306003626,92.99692405473021,282.40509061025375
RO,Romania,1991,2706.7818564882245,78.97823313281086,282.4685029112851
RO,Romania,1992,2835.8818386105177,182.18385479448756,282.75601266242427
RO,Romania,1993,2720.287136517416,131.5428260859115,282.8136646058058
RO,Romania,1994,2729.75605308797,115.6015980480833,282.5653426033134
RO,Romania,1995,2842.4601457280555,149.96290864291467,282.47890215306995
RO,Romania,1996,2946.8590649534517,120.65906443349056,282.1103087233856
RO,Romania,1997,2905.6571863219733,79.7119567832016,281.87965938102883
RO,Romania,1998,2461.7641995635563,147.34591295476213,283.753307037519
RO,Romania,1999,2559.018634316084,139.91326928478566,283.25489706257076
RO,Romania,2000,2390.205175750437,261.6898775088678,284.4598370923269
RO,Romania,2001,2542.250267583322,214.00099289449832,283.7215334667392
RO,Romania,2002,2642.8280663193154,134.22775451249748,282.95739629307906
RO,Romania,2003,2471.6481652239463,165.15606709561916,283.6443196162464
RO,Romania,2004,2600.916675500532,173.46603213482268,283.31349208038915
RO,Romania,2005,3414.7136908981693,197.57021299832013,281.28513212117184
RO,Romania,2006,2726.5562929139687,247.99941185377315,283.434687915159
RO,Romania,2007,3273.6609678601944,234.23774113544945,281.8870487608425
RO,Romania,2008,2895.3466679405074,208.86610758314717,282.6907404365716
RO,Romania,2009,2632.1691263487974,152.16839415176824,283.15343519356105
RO,Romania,2010,2823.1183207140266,99.65046254416555,282.4088382718088
RO,Romania,2011,2626.487266788584,312.38762347814907,284.0140982310393
RO,Romania,2012,2647.278365174875,183.6048144866158,283.2520137843279
RO,Romania,2013,2647.9015862579,175.39774183000804,283.3076831591494
RO,Romania,2014,2518.6075305064196,194.19499766079963,283.69249348254846
RO,Romania,2015,2894.653662215008,213.34369185450072,282.7797148474316
RO,Romania,2016,2551.4591830732543,204.98896620574126,283.8259032077833
RO,Romania,2017,2521.478054101554,137.858433270901,283.37579396413076
RO,Romania,2018,2511.1279860539526,63.76602389474559,282.8615051451247
RO,Romania,2019,2501.3859290423593,128.07503864901332,283.37893344503027
RO,Romania,2020,2826.213389785324,177.86956364267024,282.79179199011236
RO,Romania,2021,2926.1777516502543,97.6496792218951,281.9643789437964
RO,Romania,2022,2375.861020132478,176.12177567491702,283.92463896679413
RO,Romania,2023,2792.4236347174265,192.93403102015037,282.95304716939813
RO,Romania,2024,2665.7104593121726,232.4049967863477,283.4398171808591
RO,Romania,2025,2729.120833273456,212.07859367520894,283.29953542250473
RO,Romania,2026,2467.3751234357633,229.78973039408405,284.0354914658933
RO,Romania,2027,2919.4710800914945,254.00832900843395,282.8600381735301
RO,Romania,2028,2753.0747852957297,147.86032664615368,282.730709930085
RO,Romania,2029,2329.676218658299,267.2598605322074,284.52241480766116
RO,Romania,2030,2065.2754603264234,321.9373012676226,285.7458343401714
RO,Romania,2031,2291.644205835759,301.0131238671521,284.8361666400426
RO,Romania,2032,2688.7243017867772,149.04594898771208,283.03139195552285
RO,Romania,2033,2465.99170442744,175.8352746760348,283.81778794356296
RO,Romania,2034,2496.8671104244168,216.17186635447072,283.97190311516806
RO,Romania,2035,2787.8673697347804,182.92344154619576,282.788423140619
RO,Romania,2036,2474.2492242021644,291.38809832901563,284.2812955854993
RO,Romania,2037,2281.5258998384916,271.29179200901865,284.69744658779507
RO,Romania,2038,2596.9261904738214,219.1580539862466,283.5993086482232
RO,Romania,2039,2071.4628220921486,195.47515388136225,285.05976803527415
RO,Romania,2040,2419.868584947341,158.66533959787228,283.75028284831643
RO,Romania,2041,2461.7704128845853,316.1965539149056,284.48999621585796
RO,Romania,2042,2387.5839033085877,310.0889798452772,284.6691652063047
RO,Romania,2043,2550.126156343389,195.07775537420991,283.71327328552354
RO,Romania,2044,2695.063176058925,284.8549108330201,283.7455245414478
RO,Romania,2045,2531.1064201587988,188.98441343018735,283.59145257491275
RO,Romania,2046,2708.333881122298,235.1887919823574,283.4203391409894
RO,Romania,2047,2426.286436011189,210.97176728333767,284.11037313255
RO,Romania,2048,2557.0746184745913,239.15183208084358,283.91709305454367
RO,Romania,2049,2602.062346458026,233.55064120618368,283.62174234408405
RO,Romania,2050,2125.9126004908767,344.5153979790502,285.52827134649607
RO,Romania,2051,2487.5112243065764,154.88216030476775,283.51967796543204
RO,Romania,2052,2502.892531341671,157.36346078813864,283.50720069870425
RO,Romania,2053,2628.432342557673,164.75102110160864,283.17548600481246
RO,Romania,2054,2444.0940295524515,240.92756323226826,284.1184913000669
RO,Romania,2055,2609.530760286274,373.37954859800607,284.3972365855787
RO,Romania,2056,2624.062279718025,247.2042148559608,283.5752223479184
RO,Romania,2057,2622.2688424871976,332.8332486041716,284.0425102936775
RO,Romania,2058,2154.7225901414436,325.23027682592914,285.44824772623906
RO,Romania,2059,2907.444831514705,222.05871748903292,282.6952569473474
RO,Romania,2060,2543.820864782607,360.3081192156832,284.47259962504927
RO,Romania,2061,2571.789998629645,179.3604542818434,283.46745517846244
RO,Romania,2062,2528.205378993343,388.4128861648314,284.5874929271866
RO,Romania,2063,2104.9265197557006,289.27122798384653,285.261729349037
RO,Romania,2064,2434.3156242144833,241.79401644839092,284.19012705488643
RO,Romania,2065,2004.74927618146,238.51027326892415,285.3173888496458
RO,Romania,2066,2597.2927587822137,188.4360310083172,283.4448023491218
RO,Romania,2067,2461.0909996026585,274.43059701501517,284.1921055710839
RO,Romania,2068,2414.6036755463447,145.27746630105156,283.73578750500474
RO,Romania,2069,2647.8240487443704,234.69040563451276,283.56554426676325
RO,Romania,2070,3007.0343173425126,154.7967928918689,282.16180920822075
RO,Romania,2071,2570.7044529862283,311.14342535109785,284.0558847594425
RO,Romania,2072,2412.2113799090935,281.989570229165,284.55508730642487
RO,Romania,2073,2828.0637751676827,148.07508116087638,282.58396504285986
RO,Romania,2074,2458.7333687091295,293.47674314229016,284.3585046572216
RO,Romania,2075,2483.3959572211334,230.50608460592463,284.10970915255746
RO,Romania,2076,2624.0804124409556,177.79474138599863,283.31250156384067
RO,Romania,2077,2536.4108706122597,318.96972636311574,284.43306229340203
RO,Romania,2078,2396.834297389194,229.91661043633673,284.25836612304636
RO,Romania,2079,2681.139828471762,201.4780133507782,283.2692162173919
RO,Romania,2080,2784.4400472427856,253.50647998238765,283.3054431594017
RO,Romania,2081,2545.939775230191,191.51760514460466,283.56089009467735
RO,Romania,2082,2581.8288570723316,238.5203707724377,283.744321683059
RO,Romania,2083,2537.4972954089144,221.82422997615154,283.7950403270757
RO,Romania,2084,2620.257925075244,226.49842191817265,283.68633388677335
RO,Romania,2085,2672.0061538964032,208.50298404927082,283.4597811325888
RO,Romania,2086,2576.413655830698,347.7679068600205,284.34909101323126
RO,Romania,2087,2922.020192470919,246.86637262987898,282.97466833078454
RO,Romania,2088,2398.696150527631,342.8941997121898,284.91095563970885
RO,Romania,2089,2266.018117012767,252.6939336432638,284.80413541925907
RO,Romania,2090,2425.744028197454,279.5875544400611,284.4111871642108
RO,Romania,2091,2247.9589605276747,409.57329095159207,285.60081329613126
RO,Romania,2092,2161.7985374414093,329.91971711546444,285.3817946643846
RO,Romania,2093,2071.651150595375,327.9489999923911,285.8164694764398
RO,Romania,2094,2520.898026352473,246.16732261983927,283.952963098602
RO,Romania,2095,2535.526002118178,148.26584360515744,283.5112162257729
RO,Romania,2096,2150.395226821264,252.2088451289698,285.05911534844637
RO,Romania,2097,2381.3232308542915,315.31686739981706,284.70740991446695
RO,Romania,2098,2389.7457582897005,206.58663519387989,284.1596666012922
RO,Romania,2099,2448.0066726663035,349.14712527191205,284.66290798438456
RO,Romania,2100,2248.9418097421667,260.2696601411608,284.9398241226864
SK,Slovakia,1950,3359.8602687167318,108.00428454452359,280.73964842779367
SK,Slovakia,1951,3472.7344040049024,71.79247225133504,280.1326067103961
SK,Slovakia,1952,3249.392266397441,47.40300022616395,280.54191218495856
SK,Slovakia,1953,3124.764693487968,105.0028081220748,281.3615355491464
SK,Slovakia,1954,2784.446717211108,85.64102479239111,282.18170317202487
SK,Slovakia,1955,3455.03918073187,147.07386276112226,280.6715362080814
SK,Slovakia,1956,3050.8049207143667,105.41409639019987,281.67316904561864
SK,Slovakia,1957,3387.1545729516793,77.49034675601585,280.50642880315735
SK,Slovakia,1958,3489.3931661665383,82.001121310658,280.2968171751988
SK,Slovakia,1959,2857.644482989529,113.91771190890445,282.20356174340463
SK,Slovakia,1960,3498.485543322106,75.06423830371017,280.211946261877
SK,Slovakia,1961,3621.347571858858,44.788525258994625,279.4977176415616
SK,Slovakia,1962,3591.158537923574,51.39917172507285,279.7146065136259
SK,Slovakia,1963,3278.295114543073,66.26659285763698,280.61846921819927
SK,Slovakia,1964,2866.0330580067034,48.054950619271764,281.6398759263688
SK,Slovakia,1965,3168.5085361061488,83.85258146619705,281.17926575364487
SK,Slovakia,1966,3122.1300321168865,100.36029176884095,281.5054876717291
SK,Slovakia,1967,3495.068287113907,31.618178412140498,279.7771450778406
SK,Slovakia,1968,3389.649735386968,28.239932785248122,280.069977762945
SK,Slovakia,1969,3356.9986579898296,54.66472574787002,280.3386945363674
SK,Slovakia,1970,3519.8427915244492,48.24690281446969,279.85286660278354
SK,Slovakia,1971,3253.1310249862627,103.9661688414237,280.9684975130533
SK,Slovakia,1972,2852.9780532604955,76.27320362642702,282.0002037078653
SK,Slovakia,1973,3081.221080839969,40.65446550205812,281.01615577109806
SK,Slovakia,1974,2867.947903367635,118.29494090604797,282.2069771681807
SK,Slovakia,1975,3611.3479436500043,54.672456845035995,279.66952166193437
SK,Slovakia,1976,3306.597395560711,53.49300073562566,280.6429724786585
SK,Slovakia,1977,3398.2008881339116,39.03744522005459,280.0467635643319
SK,Slovakia,1978,3132.7298923104136,141.83550729412582,281.63634389511094
SK,Slovakia,1979,2988.43191438159,188.08059127930287,282.17687581623505
SK,Slovakia,1980,2802.0796976040624,83.9195752433112,282.24635050246354
SK,Slovakia,1981,2854.6098495481583,85.53563470709818,282.0842995949448
SK,Slovakia,1982,2825.710134976348,82.6678457091213,282.05402246612533
SK,Slovakia,1983,2759.1641793884983,56.74193099941757,281.9063982247194
SK,Slovakia,1984,3168.340983332094,52.17889159900912,280.9082944958913
SK,Slovakia,1985,2982.6615977516685,73.19312117771338,281.61522370170957
SK,Slovakia,1986,2882.6782688836665,111.08806192284194,282.16500452805997
SK,Slovakia,1987,2939.8681364771064,128.1045536724717,282.0829636973639
SK,Slovakia,1988,2925.0562431363296,70.14974941877811,281.7877549341639
SK,Slovakia,1989,2887.225341251661,50.11383745152277,281.69472641286535
SK,Slovakia,1990,3036.980111222753,34.72718668354044,281.0913483714314
SK,Slovakia,1991,3070.200768040626,57.17256134017392,281.1983645964761
SK,Slovakia,1992,3172.607904406991,80.80234775184593,281.18129092048446
SK,Slovakia,1993,3038.1220290386273,79.63653593512475,281.46950449758396
SK,Slovakia,1994,2946.830053358772,49.11047287390714,281.4520635054474
SK,Slovakia,1995,3106.5450589138973,70.24486829893469,281.1064909003221
SK,Slovakia,1996,3333.151697688734,77.91864045193259,280.6188423409866
SK,Slovakia,1997,3181.102623753207,42.127053835342466,280.71129297866537
SK,Slovakia,1998,2689.0966091974033,106.97263980325816,282.772219605045
SK,Slovakia,1999,2817.7671621314694,47.561226416965575,281.790067222268
SK,Slovakia,2000,2594.0117564094407,128.13842659741493,283.09519887602903
SK,Slovakia,2001,2831.055199992535,114.52758522836005,282.2850748191413
SK,Slovakia,2002,2903.1171017497754,62.73998197780751,281.6636009844382
SK,Slovakia,2003,2762.5558037081687,89.48894881755308,282.28898607426845
SK,Slovakia,2004,2998.8327442208115,87.81872779764974,281.68585045513174
SK,Slovakia,2005,3591.132723797981,85.22807584779345,280.0446529196144
SK,Slovakia,2006,2928.396634981399,151.16165888639887,282.2148450278728
SK,Slovakia,2007,3418.9390224403905,143.55634878917627,280.8031808307949
SK,Slovakia,2008,3087.9239372228863,131.2557522657535,281.61953122790106
SK,Slovakia,2009,2880.712167840692,56.511012657030584,281.7019667476834
SK,Slovakia,2010,3341.220852265445,51.82909160246039,280.4671294764676
SK,Slovakia,2011,2717.857628639085,221.37536642679203,283.1965058426631
SK,Slovakia,2012,2906.290973011991,95.65988999295888,281.8827715010177
SK,Slovakia,2013,2953.8649571074748,90.9546378453465,281.79414255303317
SK,Slovakia,2014,2761.254617725845,68.07540068331706,282.1887181722483
SK,Slovakia,2015,3209.3477289735756,145.27220508080205,281.4335207023007
SK,Slovakia,2016,2833.5879754260955,141.15285208590356,282.5674912312693
SK,Slovakia,2017,2918.439198348946,51.69258142405851,281.58297126780985
SK,Slovakia,2018,2910.81403420151,36.63626013300497,281.38503135276426
SK,Slovakia,2019,2773.6398673047916,54.46372787451477,281.97976498193805
SK,Slovakia,2020,3175.8997703260884,112.02727537743503,281.3277046662886
SK,Slovakia,2021,3344.749419956665,39.61779158065893,280.3245412173938
SK,Slovakia,2022,2598.0682217622775,113.67020726582362,282.83710948891604
SK,Slovakia,2023,2973.6934127507216,86.25607628715683,281.73187331945985
SK,Slovakia,2024,2964.3966177392153,65.30855805729519,281.55971120889484
SK,Slovakia,2025,2913.521406386275,57.370168237775125,281.67901050777135
SK,Slovakia,2026,3013.743727230888,81.90728499633681,281.5560651624388
SK,Slovakia,2027,3413.63029868922,100.69931868738219,280.5130476981477
SK,Slovakia,2028,3128.0952502579444,83.90712563875073,281.2474369646556
SK,Slovakia,2029,2580.863015137046,144.0444996267756,283.1038834951082
SK,Slovakia,2030,2298.724950379508,223.8913280656633,284.4329721656289
SK,Slovakia,2031,2592.494264609201,236.42959212505372,283.6349785813999
SK,Slovakia,2032,2979.572677442766,80.7725533739759,281.71264805222376
SK,Slovakia,2033,2788.5252784542263,153.71185725376534,282.6296895717786
SK,Slovakia,2034,2656.9890727032707,181.5534829100101,283.2326044369603
SK,Slovakia,2035,3083.0512071681123,72.78824158300148,281.24162514823945
SK,Slovakia,2036,2734.9343638845558,120.33259207055441,282.6233627219865
SK,Slovakia,2037,2436.6918551951126,128.7538873395472,283.4914655083571
SK,Slovakia,2038,2827.2477332339026,111.32618664966054,282.2528268997395
SK,Slovakia,2039,2364.078059313855,131.6577107001516,283.74319554646115
SK,Slovakia,2040,2814.780736622994,44.991124287040506,281.7748540703344
SK,Slovakia,2041,2736.3111407599567,157.35065083399311,282.8729745865571
SK,Slovakia,2042,2669.3331180127825,220.32372431024055,283.32814360753673
SK,Slovakia,2043,2788.537316074351,109.43249165808257,282.38675141644376
SK,Slovakia,2044,3003.3455938707357,175.91147187702884,282.3557337665606
SK,Slovakia,2045,2862.5379794727237,99.41294788939443,282.0278621115878
SK,Slovakia,2046,2950.427843748531,99.8558465649026,281.9111525801856
SK,Slovakia,2047,2877.380985504162,169.46110852911454,282.6316038212467
SK,Slovakia,2048,2811.053483788523,150.03348673301937,282.6520217510881
SK,Slovakia,2049,2876.380689619275,133.21282191096057,282.29719820554124
SK,Slovakia,2050,2282.9344830291866,188.72205665500047,284.27478556620645
SK,Slovakia,2051,2754.1281232981273,78.9635425503024,282.15893060734106
SK,Slovakia,2052,2830.4634312743347,77.86491059032728,282.01230665577947
SK,Slovakia,2053,2994.376249889593,54.18061029900683,281.31708747321136
SK,Slovakia,2054,2691.450807112161,78.09000777355814,282.30249758669345
SK,Slovakia,2055,2834.3868666925264,147.41511146749255,282.60392854576094
SK,Slovakia,2056,2862.9703358430547,61.2321155665858,281.82787450136493
SK,Slovakia,2057,2836.1574535142436,253.80421979119205,283.0120259390054
SK,Slovakia,2058,2450.767677969492,166.35990764466212,283.7516702551744
SK,Slovakia,2059,3277.2174343404913,123.77532404897096,281.10073665397374
SK,Slovakia,2060,2855.3110133290247,182.3769552982599,282.6600009784029
SK,Slovakia,2061,2895.938290521002,113.73765417704438,282.123287344044
SK,Slovakia,2062,2613.6250405077963,294.3212661065329,283.84388804390863
SK,Slovakia,2063,2465.9973117431737,202.88353009959022,283.74021782361575
SK,Slovakia,2064,2783.1283183505448,72.67819824087769,282.1365817930691
SK,Slovakia,2065,2304.693680381604,83.20053125045047,283.4571347508981
SK,Slovakia,2066,2801.9162395201756,83.69035444456337,282.07672149798327
SK,Slovakia,2067,2782.574450661841,142.0671050964249,282.50233235080265
SK,Slovakia,2068,2857.5733545110065,76.41621794867444,281.86113348728674
SK,Slovakia,2069,2759.400533728437,136.45612856563417,282.6933176871995
SK,Slovakia,2070,3336.1182218757303,92.98247073813177,280.8168602342637
SK,Slovakia,2071,2780.2108000722055,237.11587034933024,283.0486893188424
SK,Slovakia,2072,2603.481486486211,116.92923599962099,283.01378704586546
SK,Slovakia,2073,3107.4767829178727,96.93999328698143,281.36388625627046
SK,Slovakia,2074,2634.8181918542127,178.54502311612026,283.1699982847412
SK,Slovakia,2075,2655.812460240642,90.6593539707776,282.6677464543294
SK,Slovakia,2076,2876.493395687448,96.66157637806008,281.981802238361
SK,Slovakia,2077,2718.8207722459483,121.4746761607297,282.73337964405636
SK,Slovakia,2078,2617.6120098321685,80.74827721699111,282.6500218754584
SK,Slovakia,2079,2871.933295319203,101.20077595035849,282.01896127740827
SK,Slovakia,2080,2960.329827179409,122.84869114719862,282.0289241462558
SK,Slovakia,2081,2854.656448648207,66.7612362680668,281.8967924252212
SK,Slovakia,2082,2816.628080883987,93.12313925189957,282.2835257434358
SK,Slovakia,2083,2742.6243177140627,128.9222008242695,282.6664121822014
SK,Slovakia,2084,2959.496901526467,168.44268991545988,282.3230573842831
SK,Slovakia,2085,2901.4922911905464,102.37088711572322,282.06742434604655
SK,Slovakia,2086,2784.324644056818,314.24394403995046,283.54136463406473
SK,Slovakia,2087,2937.162570750743,87.990697653187,282.0544706453169
SK,Slovakia,2088,2493.680690248055,209.13228776107326,283.98534270897983
SK,Slovakia,2089,2449.601146567905,176.99229125414672,283.855957705977
SK,Slovakia,2090,2659.8087555327384,180.35001830947277,283.14346668875896
SK,Slovakia,2091,2462.0013105412463,228.9189989448534,284.0202330763947
SK,Slovakia,2092,2550.920447701151,157.89193547355794,283.2557737055635
SK,Slovakia,2093,2392.5406384496237,195.60152053249104,284.1807369461442
SK,Slovakia,2094,2823.429467936302,115.65002277566859,282.2769570259776
SK,Slovakia,2095,2647.9816199882184,71.8341735900468,282.52271130248965
SK,Slovakia,2096,2343.2601776875103,175.0044866668463,284.02306041278484
SK,Slovakia,2097,2563.0052093705776,222.49873995086037,283.66707940926506
SK,Slovakia,2098,2595.7426980041955,104.13850629494328,282.8821623667676
SK,Slovakia,2099,2559.2372765681507,230.260508049132,283.70000746878884
SK,Slovakia,2100,2462.1720763445637,178.56653164409272,283.82787934884595
SI,Slovenia,1950,2808.834880879762,135.9975176414419,282.5133433005042
SI,Slovenia,1951,2913.6836905418554,96.63627419961387,281.89929739545926
SI,Slovenia,1952,2649.9312989935884,66.61147919161361,282.5039947215368
SI,Slovenia,1953,2667.290537181809,82.22442527536461,282.5627473643275
SI,Slovenia,1954,2512.2495488664536,83.06233025176897,282.9916763868157
SI,Slovenia,1955,2807.4692720711287,168.39474546321782,282.6228825955686
SI,Slovenia,1956,2714.7078584623514,98.27859401631972,282.58873813368604
SI,Slovenia,1957,2786.8208453998686,69.44453434767318,282.2163849241034
SI,Slovenia,1958,3080.9678978387765,46.12195934157993,281.1726658739443
SI,Slovenia,1959,2375.395995934947,112.55827834360281,283.61108380719804
SI,Slovenia,1960,2978.5772491294288,75.38630998407103,281.71156932224557
SI,Slovenia,1961,3089.8078603146696,42.6394993422852,280.98521370639924
SI,Slovenia,1962,3086.5723567973146,42.748409324533256,281.07496795541624
SI,Slovenia,1963,2799.80282000702,69.75801921032819,282.0560086078151
SI,Slovenia,1964,2354.5297390701935,64.66144517031069,283.22074334115314
SI,Slovenia,1965,2689.9128801843112,77.47970918734416,282.51904165435576
SI,Slovenia,1966,2701.7958831084543,73.12259973455089,282.5612302789856
SI,Slovenia,1967,2897.0401506031603,32.20454603299771,281.5402613918383
SI,Slovenia,1968,2737.047104969446,23.137915856488497,281.9028909611401
SI,Slovenia,1969,2759.013328220248,75.29181462109403,282.2109296604889
SI,Slovenia,1970,2834.481666536767,57.68124619319648,281.9330003274532
SI,Slovenia,1971,2817.9422888279046,108.9163729236645,282.2307239704006
SI,Slovenia,1972,2471.72903001916,46.30888695148363,282.9316365807555
SI,Slovenia,1973,2525.5474103564698,75.18067699722366,282.95883076153507
SI,Slovenia,1974,2661.703266593486,89.74269351392385,282.6291181394172
SI,Slovenia,1975,2869.5875373729027,80.35123063002908,281.99381067000536
SI,Slovenia,1976,2807.077902580434,65.84238102315481,282.16994907228155
SI,Slovenia,1977,2797.8012882934086,43.72754180519749,281.8591349846994
SI,Slovenia,1978,2705.7850768031913,148.35356254250382,282.913254059177
SI,Slovenia,1979,2412.4816677009244,195.47170150950956,283.9875195841475
SI,Slovenia,1980,2360.3705338882155,71.81600024946397,283.41154284405184
SI,Slovenia,1981,2425.129814234835,91.20093490654563,283.3947140364762
SI,Slovenia,1982,2399.3327348126923,67.96740447213398,283.25111189011403
SI,Slovenia,1983,2449.7278583829075,64.95801365282627,282.9231331731305
SI,Slovenia,1984,2768.471703915943,57.47984095944463,282.14348727963215
SI,Slovenia,1985,2446.250193632534,72.034935500374,283.1721377083966
SI,Slovenia,1986,2443.142682561168,123.90698601057849,283.5009004225149
SI,Slovenia,1987,2520.1516177753574,104.98909396588195,283.1886020024449
SI,Slovenia,1988,2539.0221149949525,73.39464423102912,283.0028940388503
SI,Slovenia,1989,2465.061630435041,34.859536647722486,282.83096191351945
SI,Slovenia,1990,2628.5301750423314,52.95243139558367,282.48954160203004
SI,Slovenia,1991,2630.5633772734745,66.60684983456636,282.57816469436204
SI,Slovenia,1992,2676.5293341798497,66.63976635834987,282.49968470927615
SI,Slovenia,1993,2662.3804948650295,75.7551627073415,282.51090211993323
SI,Slovenia,1994,2413.6998166781414,54.79961696290238,283.09268583495566
SI,Slovenia,1995,2647.750987144341,92.60679190307042,282.62852380353456
SI,Slovenia,1996,2769.5038773574393,79.80000877608009,282.2240748654849
SI,Slovenia,1997,2608.9715193856246,50.486589308313924,282.52548803970217
SI,Slovenia,1998,2261.1399543283233,101.35665635027829,283.9622493881003
SI,Slovenia,1999,2309.0659464770115,84.72074851553124,283.5323607100412
SI,Slovenia,2000,2161.935061425463,191.61333582155447,284.74252705220994
SI,Slovenia,2001,2457.1530363303473,96.58165059097992,283.2858624329887
SI,Slovenia,2002,2539.8046761529877,73.05567220118422,282.802498027998
SI,Slovenia,2003,2267.630361838815,101.58045033313604,283.8272433657631
SI,Slovenia,2004,2608.8866762128046,118.65736140887086,283.031221894517
SI,Slovenia,2005,3189.4597097874957,94.46020853564423,281.2339817869163
SI,Slovenia,2006,2420.9077241969917,189.31152606609376,283.9672980276031
SI,Slovenia,2007,2718.0618297884757,165.3321455185625,282.9842342281754
SI,Slovenia,2008,2617.599294410695,152.09639136899096,283.1306780959269
SI,Slovenia,2009,2521.449578529696,67.50857417815074,282.89982109968184
SI,Slovenia,2010,2840.5148975648644,44.69197466794216,281.89281013986556
SI,Slovenia,2011,2344.7087915447755,192.71285653786953,284.12243080647573
SI,Slovenia,2012,2407.056358214192,118.66047420565249,283.591854157452
SI,Slovenia,2013,2467.564441000584,107.08798487186166,283.4511278575048
SI,Slovenia,2014,2453.9109523043385,61.44100923613032,283.051135494641
SI,Slovenia,2015,2815.0030416252607,163.15674386458903,282.6953673202597
SI,Slovenia,2016,2197.452887890883,137.75376311812184,284.46329586809964
SI,Slovenia,2017,2404.0012967046137,59.049555576450956,283.1157322705712
SI,Slovenia,2018,2439.5674949611257,46.18365489761524,282.8513311345771
SI,Slovenia,2019,2417.749983116553,59.567110994053266,283.1310347368559
SI,Slovenia,2020,2617.9850791076224,134.18827073876903,283.09020787196647
SI,Slovenia,2021,2830.9475455061256,55.55955722850375,281.9832189587671
SI,Slovenia,2022,2267.6801158142807,125.53754488020513,283.989997916569
SI,Slovenia,2023,2538.2044769349477,57.155614969098295,282.8197576118505
SI,Slovenia,2024,2444.807004879717,89.37951442280001,283.25750353185214
SI,Slovenia,2025,2398.306514405968,77.66917297194401,283.3791621928591
SI,Slovenia,2026,2638.378219742969,67.60404909084644,282.62278458482126
SI,Slovenia,2027,2855.7428422698335,133.46114397471177,282.3898268774448
SI,Slovenia,2028,2604.897549998499,112.10856634442132,283.02325053808204
SI,Slovenia,2029,2314.0906514371814,153.25022522745675,283.984696581427
SI,Slovenia,2030,1927.3505742170328,232.78067630726852,285.52090452884704
SI,Slovenia,2031,2288.5225284714547,259.4702183487719,284.6775027574028
SI,Slovenia,2032,2442.412322687438,101.6928709341752,283.3964281086503
SI,Slovenia,2033,2376.4619745311447,155.3986746780372,283.93680305821005
SI,Slovenia,2034,2243.0162383200695,199.77707346504,284.5197637774046
SI,Slovenia,2035,2525.9698335200683,68.15555134855352,282.86950827915626
SI,Slovenia,2036,2253.18552453263,147.60712281008452,284.23157049273857
SI,Slovenia,2037,2020.589597193074,167.74740252067699,284.97042376448286
SI,Slovenia,2038,2335.9714448830164,110.34934989768337,283.6910159300179
SI,Slovenia,2039,2075.0318759200677,199.28984092189177,285.0745163544161
SI,Slovenia,2040,2270.8612979956333,92.91237789698563,283.7776060993672
SI,Slovenia,2041,2331.562156607998,164.5598837855935,284.0379331743284
SI,Slovenia,2042,2195.162921433456,248.63567967202823,284.82873828997253
SI,Slovenia,2043,2394.0280440073548,147.11616348631247,283.8024139828858
SI,Slovenia,2044,2439.6649362025546,192.85387140882608,284.00802687560406
SI,Slovenia,2045,2386.6221049219666,106.06382900471986,283.4847819220619
SI,Slovenia,2046,2485.969599885582,133.7451954850109,283.4225634098411
SI,Slovenia,2047,2447.334616321778,173.50559424943725,283.8920817071298
SI,Slovenia,2048,2451.310839191662,178.3174784327286,283.8858613079887
SI,Slovenia,2049,2262.8466178733615,167.79673918460446,284.25403423679364
SI,Slovenia,2050,1932.999124886915,211.15399712205632,285.45172744386207
SI,Slovenia,2051,2301.8606113094233,113.29044221255963,283.76245777270634
SI,Slovenia,2052,2343.029084359872,107.47092961694005,283.6157108925605
SI,Slovenia,2053,2397.9726138581327,71.03749877315072,283.2365842663912
SI,Slovenia,2054,2335.3917473540987,103.52654707449484,283.59456171805436
SI,Slovenia,2055,2272.6310228689067,163.5332864232562,284.3311384333209
SI,Slovenia,2056,2354.6040139923343,95.94921330768433,283.59170822556587
SI,Slovenia,2057,2406.1760928681865,298.3974016979024,284.4309059886548
SI,Slovenia,2058,2019.797236261726,254.44783539410514,285.5606917491062
SI,Slovenia,2059,2746.90071823489,145.23411096564945,282.781560597228
SI,Slovenia,2060,2240.8308814752104,195.7649204551087,284.4813408425623
SI,Slovenia,2061,2321.625378749374,148.75490170580102,283.98947215539204
SI,Slovenia,2062,2188.3171830540327,342.7391203271874,285.30692755807127
SI,Slovenia,2063,2098.2075671701186,299.48568290355524,285.1876671569257
SI,Slovenia,2064,2435.0786928315083,102.2253889858432,283.4059946329879
SI,Slovenia,2065,1969.2621101164646,149.531843691539,284.9819914414261
SI,Slovenia,2066,2387.713598050016,71.70311798698535,283.2705470019933
SI,Slovenia,2067,2218.475031103305,184.07649654730304,284.40076243392286
SI,Slovenia,2068,2334.8166872970532,116.39881330748773,283.6395961236026
SI,Slovenia,2069,2236.562076762217,178.52344434431052,284.46023257338754
SI,Slovenia,2070,2788.7581445489714,111.63120033583168,282.47749316297404
SI,Slovenia,2071,2319.338186443766,252.35823075948173,284.394859952665
SI,Slovenia,2072,2309.012885239321,158.3659928287321,284.1158549984849
SI,Slovenia,2073,2607.3052265037013,96.01511871011459,282.83829956137293
SI,Slovenia,2074,2106.4128790227096,240.31369398845743,285.07089895046977
SI,Slovenia,2075,2220.724630653869,132.17990509252814,284.1769058865102
SI,Slovenia,2076,2265.1302299362283,134.38960848464427,284.00162791086973
SI,Slovenia,2077,2174.347519795365,202.82542644484226,284.72483089494904
SI,Slovenia,2078,2217.833812892435,169.15077747533533,284.34127422298843
SI,Slovenia,2079,2361.601659260311,92.07326891411722,283.4508328168631
SI,Slovenia,2080,2321.912971933351,161.5875403223956,284.1801268206639
SI,Slovenia,2081,2265.5447569289295,125.35710327286546,284.06960093601623
SI,Slovenia,2082,2426.894593288225,142.02028345258924,283.7736276652264
SI,Slovenia,2083,2383.593211632152,122.61676694359588,283.75412634220413
SI,Slovenia,2084,2426.6307721743897,191.127117280982,283.97178716893075
SI,Slovenia,2085,2397.121199789982,128.409891577821,283.7479356493061
SI,Slovenia,2086,2382.1049710695006,399.5150650764526,285.08918677652605
SI,Slovenia,2087,2288.405201193714,112.31157040791172,284.1463486129676
SI,Slovenia,2088,2039.8472098810523,266.8795515795369,285.62185651009423
SI,Slovenia,2089,1987.624084105198,209.12061957130518,285.4336175375557
SI,Slovenia,2090,2274.0236982920505,255.21263825578728,284.6883016566354
SI,Slovenia,2091,2092.9015711950524,273.01887896608116,285.3081455058449
SI,Slovenia,2092,2138.303105720602,212.50086848658088,284.81595306382303
SI,Slovenia,2093,2087.5950439417193,233.11580986601396,285.29551046763606
SI,Slovenia,2094,2337.4519184521196,139.41574663946488,283.86978652022697
SI,Slovenia,2095,2145.4166382940057,88.28663211091933,284.13723150344083
SI,Slovenia,2096,1904.5458898587494,244.29194284041608,285.62077645678846
SI,Slovenia,2097,2192.719492006283,274.28321070534645,285.00694220346315
SI,Slovenia,2098,2197.713118372209,158.39730409852135,284.4166846720107
SI,Slovenia,2099,2151.4707700341405,247.68653592483855,285.08127215619334
SI,Slovenia,2100,2053.3053857353652,219.63249539075747,285.2666176477211
ES,Spain,1950,1606.0148963567112,231.65911469606618,286.4426207356561
ES,Spain,1951,1572.759469792581,256.6323092630116,286.67909819199167
ES,Spain,1952,1578.3661377073067,280.2647842530738,286.82149658786807
ES,Spain,1953,1669.3077260999967,270.3483401953926,286.4902641437252
ES,Spain,1954,1621.720462291326,159.5208992945262,285.859255902599
ES,Spain,1955,1643.3081940690129,276.2879375699888,286.6680237199482
ES,Spain,1956,1742.5279076556806,225.64123583883233,285.9204264157931
ES,Spain,1957,1540.7135001594684,187.22997831677628,286.3983060053416
ES,Spain,1958,1770.0642836858767,176.7862146782622,285.58372724755714
ES,Spain,1959,1493.5175496748166,218.1958739017489,286.70042712330684
ES,Spain,1960,1696.484959378703,234.47359159673584,286.1774871195139
ES,Spain,1961,1764.7221702704635,200.91522896872945,285.83084059919076
ES,Spain,1962,1597.2885555318053,185.44626451630242,286.18721738642057
ES,Spain,1963,1555.336450985394,175.93663313252642,286.2822909836891
ES,Spain,1964,1508.5266988950048,222.074587171163,286.61872130040683
ES,Spain,1965,1588.220691754658,196.1167700249911,286.35207216530483
ES,Spain,1966,1691.943255915452,193.6962330149537,286.0676400488984
ES,Spain,1967,1554.8332305734284,168.0940575507682,286.18795320176
ES,Spain,1968,1434.5067335265107,131.74625655681393,286.39140826830726
ES,Spain,1969,1552.6904597631078,179.90467229391754,286.1880259297846
ES,Spain,1970,1564.6748106138898,228.77267548790627,286.6009191086856
ES,Spain,1971,1581.6477772856392,232.83885632377635,286.4740485349625
ES,Spain,1972,1744.507039126623,109.26292243329654,285.37675850376
ES,Spain,1973,1291.213320164779,325.1098570969914,287.77531964980443
ES,Spain,1974,1714.1350261586495,210.8209035027802,285.9381576415628
ES,Spain,1975,1476.4283123311716,284.8708011107913,287.1016191280371
ES,Spain,1976,1441.1462721121093,176.05343644889132,286.5919976003024
ES,Spain,1977,1642.931538195136,257.9627110687719,286.4639492949706
ES,Spain,1978,1555.5349838529446,221.02170785146922,286.52115993001576
ES,Spain,1979,1413.6229335298397,275.5386697359445,287.34379545899895
ES,Spain,1980,1419.9554229692963,230.88495125466272,287.0054152094797
ES,Spain,1981,1382.1472986781037,254.8745377374303,287.1978351806921
ES,Spain,1982,1445.8257339335341,225.15761445374764,286.80249581419037
ES,Spain,1983,1554.8130821236055,164.45149268331198,286.2013543636938
ES,Spain,1984,1641.2808781840756,276.65296541492125,286.58951170665074
ES,Spain,1985,1375.0510689372077,269.756419881599,287.2864413647773
ES,Spain,1986,1515.326524391419,292.3133834832618,286.9955804835724
ES,Spain,1987,1458.611063068151,277.5055838166135,287.1369689153952
ES,Spain,1988,1554.0404383122268,279.3363755981297,286.8099516821906
ES,Spain,1989,1522.4136036662032,228.45887980237967,286.6432646470353
ES,Spain,1990,1430.4734084238567,223.53531884751413,286.95220195738864
ES,Spain,1991,1366.0185378481153,286.0525043610413,287.4963508720952
ES,Spain,1992,1438.0107427154048,172.6645151170214,286.60523599654084
ES,Spain,1993,1502.0388400710926,231.65412872390155,286.65197068888665
ES,Spain,1994,1502.1824129595336,163.04301904685292,286.35455259322293
ES,Spain,1995,1293.5428659362228,342.1346911307793,287.8626063893516
ES,Spain,1996,1475.9053290413888,208.5083714884544,286.71354012268176
ES,Spain,1997,1449.989817758523,234.44143600250723,286.9857154358791
ES,Spain,1998,1393.2163414628103,226.75527761406175,287.0247092152774
ES,Spain,1999,1323.3111418399453,316.3522345176729,287.76699281623235
ES,Spain,2000,1315.0262648160312,420.804660284533,288.27144097779865
ES,Spain,2001,1506.3545588217098,262.9950446950312,286.99394768924344
ES,Spain,2002,1366.0980189012666,349.5282036762148,287.7817647423799
ES,Spain,2003,1480.8626280031308,234.23494923201036,286.9207385862902
ES,Spain,2004,1553.014267964387,284.71826165932237,286.8996891752446
ES,Spain,2005,1612.905631458849,309.71245017561336,286.8587078940311
ES,Spain,2006,1525.8115558983452,340.5654110043534,287.1834254582949
ES,Spain,2007,1180.4035602280826,341.02812573906266,288.31419942137575
ES,Spain,2008,1448.931109474002,369.2741800028916,287.64375957629335
ES,Spain,2009,1543.7349461850235,270.83978812291065,286.8128270334722
ES,Spain,2010,1647.8299047469798,212.20978043565623,286.2092416394651
ES,Spain,2011,1282.2702126297384,265.0699767363018,287.4953778425362
ES,Spain,2012,1233.0455036122737,359.5061164061539,288.345504298288
ES,Spain,2013,1381.2545633952586,362.14186965662265,287.8699790251721
ES,Spain,2014,1494.076935111692,271.47903554979285,286.92851458196174
ES,Spain,2015,1442.9660226111803,323.3344799720255,287.4095192773974
ES,Spain,2016,1244.988235029944,302.0019077619076,287.9731258304558
ES,Spain,2017,1335.2596931888052,312.1184115669997,287.6203445199735
ES,Spain,2018,1443.7185352173324,288.54549911289405,287.1978151083961
ES,Spain,2019,1491.2172177954326,219.8861352515968,286.651833284611
ES,Spain,2020,1417.8859602953903,330.57626628985736,287.4462573319095
ES,Spain,2021,1640.1624552938797,259.79441859874,286.444211422826
ES,Spain,2022,1356.863485309243,330.76863147502684,287.6567691828378
ES,Spain,2023,1375.0898280055017,308.2661492294641,287.5015873294597
ES,Spain,2024,1305.5240344408949,243.63798568319444,287.3303163537189
ES,Spain,2025,1174.2149677680945,271.4887953900196,287.9901211920203
ES,Spain,2026,1609.3214332836556,227.210938914944,286.4099560540236
ES,Spain,2027,1523.1159743646783,252.42932573145396,286.836306677056
ES,Spain,2028,1336.6051717100913,313.8646781422519,287.6802981956455
ES,Spain,2029,1433.7429533378568,354.9613800413161,287.59100772456867
ES,Spain,2030,1411.9845827085194,338.29268120646765,287.44938406186725
ES,Spain,2031,1411.3183742208362,327.5929100020826,287.4596386107459
ES,Spain,2032,1201.045385512783,343.0172550128557,288.25822515212525
ES,Spain,2033,1213.4499229112275,354.63004644254374,288.225704504563
ES,Spain,2034,1243.84006940394,346.07455331802623,287.9944820443367
ES,Spain,2035,1286.5605249136988,278.9761208046108,287.69705222007656
ES,Spain,2036,1329.9299418033493,302.1446088078612,287.60891092026117
ES,Spain,2037,1247.8918229910091,401.83522499192935,288.3668276426075
ES,Spain,2038,1219.7347375082086,376.2408778847835,288.3452997873405
ES,Spain,2039,1254.1887326243232,443.4096974855072,288.49783605846335
ES,Spain,2040,1300.3377873021843,365.66817263133987,287.960068270613
ES,Spain,2041,1266.4289861265804,339.68992564686283,287.9853105182891
ES,Spain,2042,1125.4854838425463,443.4346432752615,288.98720186728724
ES,Spain,2043,1166.0166850672229,477.1020795930985,289.00553841246057
ES,Spain,2044,1186.3303191206796,398.7395615542059,288.45556380778567
ES,Spain,2045,1288.0052048883254,326.7589526855211,287.8309948239444
ES,Spain,2046,1365.8069252414853,357.95614354140633,287.68073195095565
ES,Spain,2047,1410.0738446094538,365.81433030023493,287.6484372351289
ES,Spain,2048,1325.3299825393958,351.9260804206487,287.95743117766875
ES,Spain,2049,1317.995473095453,422.5263590334671,288.2356888182971
ES,Spain,2050,1280.3269055480291,330.23619282047326,287.9410437559894
ES,Spain,2051,1423.7358263635915,344.58650335666704,287.5497354851733
ES,Spain,2052,1266.0540586699785,377.6329785162123,288.3382827329805
ES,Spain,2053,1215.543124333415,322.92180938140984,288.0913309852692
ES,Spain,2054,1380.2561903147466,365.9789567332272,287.70577842899525
ES,Spain,2055,1073.4594109601012,395.31481209697273,288.7917668292338
ES,Spain,2056,1262.2313793929234,400.8153026064168,288.32477242592586
ES,Spain,2057,1285.564143504911,380.8555556035275,288.0556933585443
ES,Spain,2058,1129.7477621750381,480.13206699470805,289.155715468804
ES,Spain,2059,1496.3852636185761,356.3646958649226,287.28727879852
ES,Spain,2060,1176.4244357534312,363.3980747455048,288.4724789775868
ES,Spain,2061,1214.9854395272573,454.11915523429684,288.75393625493456
ES,Spain,2062,1031.114340692338,359.60340507308786,288.9074497599177
ES,Spain,2063,1286.1251394779279,331.0104570990655,287.9745411243067
ES,Spain,2064,1416.0920393854167,355.4310841721051,287.62750274639734
ES,Spain,2065,1186.8601644993594,453.41597401153064,288.8043362701169
ES,Spain,2066,1357.697964066745,327.0092214293303,287.5713406677426
ES,Spain,2067,1101.0011291554338,351.94736989345097,288.6039815854481
ES,Spain,2068,1299.574172782653,448.0327749799219,288.3415177959504
ES,Spain,2069,1071.3193761171342,353.92720405197895,288.83904567957023
ES,Spain,2070,1307.4930472765868,402.3573434921951,288.12638587573645
ES,Spain,2071,1262.893263763025,440.29705065068674,288.4275518406481
ES,Spain,2072,1307.9627175906764,394.55491033770784,288.04936323922993
ES,Spain,2073,1233.189151077198,329.7716957855034,288.126960171461
ES,Spain,2074,1023.4107577648683,449.46966793380403,289.25017881443995
ES,Spain,2075,1214.3450446790093,448.4160752447291,288.52919413755797
ES,Spain,2076,1244.0665999786033,455.03416777948956,288.54090139558565
ES,Spain,2077,1129.211917361186,389.3088390541812,288.5756094705997
ES,Spain,2078,1243.1380172555828,431.9915813214962,288.4229896945572
ES,Spain,2079,1348.6938244257276,340.4396752797913,287.7866364018244
ES,Spain,2080,1104.2229593168618,474.44242396071235,289.1909898552031
ES,Spain,2081,1075.037114428961,447.74346507324907,289.11379132969745
ES,Spain,2082,1161.371482659786,456.6834513349346,288.87808475245635
ES,Spain,2083,1205.4875234289927,428.85203522329687,288.5860042035996
ES,Spain,2084,1340.2487363165123,406.11495362835234,287.95469468527153
ES,Spain,2085,1412.5355246760023,441.4153180632948,288.0333989382273
ES,Spain,2086,1290.4784855916764,498.4844793397314,288.81613674670723
ES,Spain,2087,1053.0061756588966,413.70096244854915,288.990395048547
ES,Spain,2088,1021.5849104191796,521.0583438877422,289.6148186640658
ES,Spain,2089,962.226309797476,435.2411939395611,289.4655076565006
ES,Spain,2090,1078.255765295844,578.0204364656731,289.6931361024611
ES,Spain,2091,1205.8548626023326,528.0917373856837,288.8957231117091
ES,Spain,2092,1224.0060421790186,585.3925353667544,289.2122633938822
ES,Spain,2093,1173.0796809983651,435.612762109191,288.73551379649604
ES,Spain,2094,1183.3214663549536,507.2149511365671,289.1050165206968
ES,Spain,2095,1049.3572093926466,465.43839122143333,289.2197839713979
ES,Spain,2096,1147.0023856369246,481.3283115494892,288.96967484924744
ES,Spain,2097,1156.4758653826486,533.5374113621365,289.17089633117234
ES,Spain,2098,1205.7696614159458,446.7941998435342,288.6447047095944
ES,Spain,2099,1098.564158960545,508.14500523059365,289.3725537915977
ES,Spain,2100,942.3319040442418,448.7748531622192,289.5082239765011
SE,Sweden,1950,5020.993657437342,9.29996394786031,275.2497869680336
SE,Sweden,1951,4842.585816799722,1.279687103615498,275.4924354988992
SE,Sweden,1952,5034.719117924782,5.6213005001168925,275.0914729045827
SE,Sweden,1953,4880.569968178842,0.1895179719113798,275.3435952975941
SE,Sweden,1954,4450.135001760398,4.316479832102611,276.72028506019376
SE,Sweden,1955,5430.817766248196,8.317580687280909,274.03768448253686
SE,Sweden,1956,4894.1689012488905,2.968644877867537,275.49403389552305
SE,Sweden,1957,4659.7514770741745,18.999069912470823,276.3127267270321
SE,Sweden,1958,4566.751070086026,4.254802262247531,276.38523407958024
SE,Sweden,1959,4867.753079265929,7.7949271224869285,275.58104282413353
SE,Sweden,1960,4910.610253071942,0.3259970651565563,275.33557837571186
SE,Sweden,1961,5124.0622428256265,1.3811357703345228,274.7303891592712
SE,Sweden,1962,4708.468658335147,2.4225479596013524,275.9260499675601
SE,Sweden,1963,4737.935767039673,4.206476457539796,275.8633644878675
SE,Sweden,1964,4599.4231931107915,4.456775656875754,276.3419189408702
SE,Sweden,1965,4529.901585580617,7.534180925534136,276.46530678072025
SE,Sweden,1966,4769.778506181317,3.393097693843263,275.8472502053014
SE,Sweden,1967,5212.151570106889,2.03435848768806,274.5438392187448
SE,Sweden,1968,5550.69479302849,8.883395531872523,273.78735273051785
SE,Sweden,1969,5702.335895427708,8.010487593016197,273.33870366279814
SE,Sweden,1970,4741.403085540859,1.7716950087980157,275.79693411124833
SE,Sweden,1971,4505.80532143857,2.04132067571429,276.48809183850676
SE,Sweden,1972,4735.053717356872,16.705035141156706,276.2493266005097
SE,Sweden,1973,4524.305287307348,1.9011076065093042,276.4378365070094
SE,Sweden,1974,4020.5895312106504,3.512578196748845,277.9117859888804
SE,Sweden,1975,4772.667330290655,6.783282227920565,275.84511084144697
SE,Sweden,1976,4907.383529885372,10.784462629145434,275.64504539686084
SE,Sweden,1977,4507.584023080952,3.8772622393213654,276.5644969671136
SE,Sweden,1978,4284.424935117215,12.797877455004764,277.27589911605315
SE,Sweden,1979,4442.757396028577,9.099874925671724,276.822671240638
SE,Sweden,1980,4669.824972117594,6.517046183629287,276.16400041577765
SE,Sweden,1981,3723.188491560069,6.203453630790605,278.803102199032
SE,Sweden,1982,4144.1140688039995,3.0560220344011766,277.5189861920538
SE,Sweden,1983,4442.407433611445,0.46350760686175124,276.60184267996283
SE,Sweden,1984,4570.06061706491,3.0256153364679244,276.36320723875923
SE,Sweden,1985,4093.2322410565675,7.667185052434261,277.7523528876209
SE,Sweden,1986,4491.7240748616505,19.39858250993546,276.8428991964069
SE,Sweden,1987,4193.09615667405,13.498428255007909,277.57034750661575
SE,Sweden,1988,4256.290386781662,6.510612048421337,277.3080582227974
SE,Sweden,1989,4524.586113486822,9.50150767420206,276.6216788905629
SE,Sweden,1990,4556.330220608388,13.795529529861895,276.5611666846978
SE,Sweden,1991,4473.934621244056,11.627117655169027,276.7134008128194
SE,Sweden,1992,4783.085468561797,8.721440812869425,275.88662277070136
SE,Sweden,1993,4770.065189339819,1.3951802613432578,275.72960833714
SE,Sweden,1994,4947.975304838756,13.542091669534521,275.5274618722341
SE,Sweden,1995,4664.169498179988,1.913560799295295,276.0473341597161
SE,Sweden,1996,5028.161143571487,13.6909553941131,275.2925390013398
SE,Sweden,1997,4827.81232929445,4.091262500060318,275.6535823824962
SE,Sweden,1998,4613.625793302025,24.637511541459236,276.57990657910955
SE,Sweden,1999,4436.268758782615,4.8400801800405935,276.74343191677406
SE,Sweden,2000,4250.5230405501,2.9824400517166905,277.22120788407574
SE,Sweden,2001,4693.244643600403,3.950300606329148,276.0101434152004
SE,Sweden,2002,4056.865868116958,2.5964037087344236,277.7403918839979
SE,Sweden,2003,4788.721109450907,11.756066822958946,275.83036044446914
SE,Sweden,2004,4686.6503960080445,4.502382901736785,276.0901127128128
SE,Sweden,2005,4322.344443297909,6.64835310413621,277.079764413642
SE,Sweden,2006,4177.854073195524,5.219898389683172,277.47922163361875
SE,Sweden,2007,4209.788501215458,9.589531412051015,277.52776243372125
SE,Sweden,2008,4344.269294469715,4.203050796224971,276.98217534011104
SE,Sweden,2009,4115.260528375038,3.74557096647323,277.66386276794447
SE,Sweden,2010,5017.514829967739,19.81275836287715,275.4238030727456
SE,Sweden,2011,3978.1631227674798,23.583029797140025,278.28973829737123
SE,Sweden,2012,4169.281377140707,4.3381733027814535,277.5088026041583
SE,Sweden,2013,4213.4451068521885,23.833888013956887,277.6680819683818
SE,Sweden,2014,4024.5619132340175,4.2857324564126715,277.91801833719853
SE,Sweden,2015,4410.456472748003,6.243114137462929,276.8493003517885
SE,Sweden,2016,4582.58088763537,22.377564123499095,276.6612129910736
SE,Sweden,2017,4567.046364628521,10.383786313355865,276.479447832143
SE,Sweden,2018,4418.19825936126,14.070641823449295,276.98416459906974
SE,Sweden,2019,3968.1748936566846,10.129069627739602,278.1847142494701
SE,Sweden,2020,4639.017482260702,4.51610488596215,276.19723719439884
SE,Sweden,2021,4664.43787543486,13.093562197422422,276.2634481930384
SE,Sweden,2022,4011.5231862357737,7.699081563570057,277.9646787301933
SE,Sweden,2023,3822.7544898734905,13.086400196532727,278.585778539402
SE,Sweden,2024,4331.56164805704,1.0145863702163749,276.96562265178886
SE,Sweden,2025,4375.947011075906,2.023274993497972,276.853250717864
SE,Sweden,2026,4287.836694183222,9.652483600348484,277.26087050465014
SE,Sweden,2027,4713.355303585091,0.4652022778831615,275.8573254712086
SE,Sweden,2028,4522.219077549051,7.92004015589726,276.6305574232936
SE,Sweden,2029,4031.532664602972,5.2587256224560885,277.9121038862076
SE,Sweden,2030,4036.6324605496093,11.594058569875656,277.95264519548726
SE,Sweden,2031,3774.163671461608,6.764288989914872,278.6188779910719
SE,Sweden,2032,4364.032433360333,7.2353640646290796,277.063939255752
SE,Sweden,2033,4481.601568570959,11.793947175124032,276.69859416584336
SE,Sweden,2034,3952.209858571806,13.207208815593123,278.25180078670786
SE,Sweden,2035,4084.2603539059983,27.421217421606514,278.1020067617092
SE,Sweden,2036,4345.677453006846,5.212420006710131,277.1157468107343
SE,Sweden,2037,3965.646152652874,1.0353355119799614,277.9665883374063
SE,Sweden,2038,3954.48771521478,8.876349315380489,278.22149947155884
SE,Sweden,2039,3786.8677528679477,12.680547416432905,278.758237987529
SE,Sweden,2040,4191.824255278468,1.8058317938891602,277.3681418209345
SE,Sweden,2041,4126.895252132143,8.730996894262816,277.7180784628139
SE,Sweden,2042,3990.147954934882,19.614319549790814,278.23440242660365
SE,Sweden,2043,3898.989811626877,11.031063218943311,278.361918099614
SE,Sweden,2044,4197.4428674808705,8.54625643544629,277.57531925413963
SE,Sweden,2045,4059.818220879165,8.479975115783425,277.9731962426805
SE,Sweden,2046,4223.290866759265,4.395143899900675,277.40465764088583
SE,Sweden,2047,4624.514890395369,11.684779941865692,276.40784032397096
SE,Sweden,2048,4164.568698871376,13.059216453937728,277.7242007491777
SE,Sweden,2049,4436.046142555786,16.674834155716233,276.9560967353075
SE,Sweden,2050,3827.886324074235,7.947360221547941,278.5199231128355
SE,Sweden,2051,3939.224356833846,10.434579133119234,278.237890390931
SE,Sweden,2052,4172.797819933161,8.190456755793013,277.5474851517288
SE,Sweden,2053,4624.2912590542865,15.626248905933103,276.30961299127136
SE,Sweden,2054,3813.30724697368,4.347553498126058,278.48735201411057
SE,Sweden,2055,4362.8395419036115,8.167765666675798,276.97507670149196
SE,Sweden,2056,4021.0754585851932,4.244437402646075,277.9339516773549
SE,Sweden,2057,4480.489456379103,14.137950498665411,276.7532156768219
SE,Sweden,2058,3878.3869333156917,3.4741774912897148,278.3077239854423
SE,Sweden,2059,4156.697763185231,14.759470527493459,277.6656291190769
SE,Sweden,2060,4526.4025317312835,11.973011778580126,276.65345805562595
SE,Sweden,2061,4447.001345124145,3.2475262071136988,276.66937920886573
SE,Sweden,2062,3628.7718804702117,47.57097998801882,279.51304318288004
SE,Sweden,2063,3876.7893675854484,8.931780570378077,278.34514559803296
SE,Sweden,2064,3732.71954320563,11.917309317098942,278.8728758722917
SE,Sweden,2065,3796.695020072685,5.986801375480971,278.5114993008137
SE,Sweden,2066,3775.2482865634734,4.957586582195177,278.5940242982509
SE,Sweden,2067,3974.7446084488,9.041035311519607,278.1387246489909
SE,Sweden,2068,4505.247476568499,4.51293644115676,276.57531407018934
SE,Sweden,2069,3822.9327678366567,14.388361680892432,278.66467275977453
SE,Sweden,2070,4294.755018140222,14.278446037159261,277.3386418555526
SE,Sweden,2071,3714.3081545447662,26.42483787796266,279.12057820960564
SE,Sweden,2072,3773.1496592134417,11.314446251259382,278.7643518751368
SE,Sweden,2073,4307.952248157116,12.291866877271001,277.20671551502505
SE,Sweden,2074,3948.825650947342,3.758571110704315,278.1269664994429
SE,Sweden,2075,3727.261974392876,3.118128740339481,278.67663122298944
SE,Sweden,2076,4274.972794357847,11.752495899934964,277.3828577477172
SE,Sweden,2077,3680.9132552851115,16.906027904393174,279.08032354453746
SE,Sweden,2078,3621.052266326048,4.9397194447571025,279.0141496887069
SE,Sweden,2079,4215.158129232412,41.98446064150854,277.74141564853045
SE,Sweden,2080,4195.184543173161,3.84515793506682,277.4351894606014
SE,Sweden,2081,4196.357014600211,3.195929147246087,277.38092353650575
SE,Sweden,2082,4075.5736188531764,33.39799472090559,278.0943555019527
SE,Sweden,2083,4058.2846184532427,14.492637711989953,277.9502371969831
SE,Sweden,2084,4342.689193534555,7.387306313539098,277.10536639745226
SE,Sweden,2085,3709.7632987145726,13.86877933988776,278.9176145462982
SE,Sweden,2086,3902.3377481272755,22.04374243870915,278.5711280953867
SE,Sweden,2087,3945.4172586915774,25.05910886429654,278.54990524643574
SE,Sweden,2088,3760.3339893492084,10.754137375817507,278.7716991712897
SE,Sweden,2089,4015.9467994471856,29.763100454458232,278.35602331897076
SE,Sweden,2090,3884.7066530208044,18.838891988116647,278.5018152669979
SE,Sweden,2091,3785.654635535167,3.2470542151712625,278.5072457694468
SE,Sweden,2092,4032.0644814287634,4.066763274976111,277.89072384062575
SE,Sweden,2093,4067.7715583058975,7.300400694828981,277.85568018815974
SE,Sweden,2094,4048.0192570718546,2.0717411886233927,277.7656019547476
SE,Sweden,2095,3868.741393459364,8.047906099383576,278.3906209909235
SE,Sweden,2096,3810.9287073661994,9.720773504921961,278.66282268279025
SE,Sweden,2097,3318.3897928707424,22.459021178020233,280.2258951940632
SE,Sweden,2098,3653.5812159755415,8.905320276412082,279.07856594044966
SE,Sweden,2099,3533.4692805493687,7.171131028120401,279.3162164140761
SE,Sweden,2100,3816.4527068105895,23.87947193931936,278.8136008301021
