country,year,scenario,hdd_DegreesC,cdd_DegreesC,population_Mio,gdp_per_capita_USD,gdp_growth_rate_Percent,ln_pop,ln_gdp_pc,panel_predictions,ln_total_floor,ln_thermal_index,total_floor_m2,thermal_index,ln_hdd,ln_cdd
Austria,2025,KKO,3187.6809766666665,75.43285250000001,9.197213,62963.14442,-0.0362959591541978,2.322114447660544,11.050320707163715,28.507104485951846,19.995535849271405,5.198034423103453,483004171.0051699,179.91628728719573,8.067362623331245,4.336412610290658
Austria,2026,KKO,3293.199687083333,35.903954999999996,9.219116,63580.49807,1.2209833039249718,2.324260083969892,11.060077796156389,27.666821940933282,20.000489286542138,5.186727740507552,485402637.2946838,177.8822450548296,8.099918530358385,3.6083187268747627
Austria,2027,KKO,3305.00748375,29.4539425,9.234675,64983.96,2.3798722654384985,2.3257814648230624,11.08191113748884,26.750743520369024,20.007937125070463,5.1723845031121725,489031333.96563894,175.3348074724048,8.103496542065642,3.41621546032324
Austria,2028,KKO,3470.53848875,19.409915,9.251146,66031.0,1.79246252821732,2.3273895042127664,11.097894751992364,25.801890891976477,20.013937034069187,5.158129318780318,491974297.400738,172.838953978687,8.152353143197976,3.0160208121878975
Austria,2029,KKO,3134.59462625,31.07149,9.268632,66898.02,1.5045462052945655,2.329093811562737,11.11093959727958,24.516541460137468,20.019267779752425,5.143304886408235,494603889.8855379,170.280897873833,8.050574108526263,3.467967473492645
Austria,2030,KKO,3535.7673070833334,14.638825,9.286656,67696.05,1.3896873668433285,2.3308475213253437,11.12279788335717,23.515186460049183,20.02433978052137,5.127545796838007,497118893.85989904,167.60282428781957,8.17096839882628,2.749756604417687
Austria,2035,KKO,3231.509875833334,18.32756999999999,9.376463,71902.67,1.5272582473911278,2.33954006822369,11.18308258552192,22.258238082750147,20.049872294923837,5.095455223163547,509975015.344972,162.27815570762033,8.081014165810204,2.961532573988368
Austria,2040,KKO,3272.57671125,52.782675000000005,9.443147,77148.44,1.4946832102340712,2.345945973813163,11.253499599177797,21.29713425409194,20.07554119007559,5.063115935821908,523234966.6542959,157.08232408116118,8.093638461622154,3.9849513892839203
Austria,2045,KKO,3499.03283875,48.21810000000001,9.480586,82108.34,1.227225212412697,2.3495245933601874,11.315807052672724,20.433936701356217,20.09594020950434,5.034722680677121,534018055.22291416,152.6569746545574,8.16052762993349,3.896261442023596
Austria,2050,KKO,3220.8930858333333,35.3226625,9.486695,86650.98,1.02073521384487,2.3501073108019828,11.369655145430864,19.390891719244284,20.110794222270627,5.010440261896727,542009572.3583006,148.97074802270222,8.077724380639294,3.592441857764348
Austria,2055,KKO,2718.753472916667,66.79534,9.453914,91261.13,0.9620932581113184,2.346976453740726,11.421491194116978,18.330045865095787,20.12101165603689,4.989537143967188,547575907.6808552,145.86842882272617,7.908296520225339,4.216493461020806
Austria,2060,KKO,2906.3159470833334,57.758645,9.392821,96652.66,1.1273872761431214,2.341115279327011,11.478889352517514,17.664882536674853,20.129675145777288,4.969914255453007,552340434.8634678,143.0145383801441,7.974985579580284,4.073438291135096
Belgium,2025,KKO,2105.0209483333333,30.8380425,11.883495,63587.69763,1.156511989250375,2.555947034798879,11.060191023315756,36.84796633759329,20.371332417745197,5.2758161168449424,703326947.4874889,194.55000305907063,7.652555639621341,3.460661879814898
Belgium,2026,KKO,2168.4339841666665,25.38815,11.933176,64080.79235,1.1967653346052654,2.559795792938671,11.067915551856691,35.72275875853761,20.377542791493703,5.2634961396934825,707708462.0440311,192.1556112012612,7.682221575721119,3.272915045746469
Belgium,2027,KKO,2063.84119125,23.411415,11.976143,64967.62,1.7489675681946704,2.5631125176575864,11.08165966307642,34.34537412565488,20.384763874275137,5.249389162680743,712837379.322064,189.44989901508183,7.632808597474114,3.195050850770669
Belgium,2028,KKO,2244.2351395833334,55.47306291666666,12.017863,65836.86,1.6909789539607534,2.566322491204821,11.09495033178505,33.22474318225059,20.391748669363235,5.234482042926358,717833831.6389252,186.63189590323063,7.7165655339269215,4.033763761928128
Belgium,2029,KKO,1996.4329554166663,56.8946325,12.058341,66721.75,1.6854070122963138,2.569427086682928,11.108301253209609,31.529418482975718,20.39863431842797,5.21862926329922,722793639.6497082,183.68086165617865,7.5996181128301625,4.05862467734567
Belgium,2030,KKO,2342.642314166667,11.6866275,12.097616,67631.11,1.693061169134058,2.5724302289130505,11.121838149254266,30.32496047011794,20.40545833873359,5.201762585588349,727742865.733954,180.5920314617153,7.7594615427076175,2.54054848596444
Belgium,2035,KKO,2196.581780833333,20.0644775,12.277743,72529.29,1.7082801566836503,2.586089174785054,11.191759546694977,28.697606815608136,20.43868948477138,5.163483912454606,752332910.0169146,173.7722875229336,7.69511284426314,3.0475880909458053
Belgium,2040,KKO,2106.79654375,50.855865,12.434514,77557.69,1.4829219166864194,2.5978270672412145,11.258790219064386,27.229852939605134,20.46906596495028,5.127377118799706,775536777.4705698,167.57438709259927,7.653398388755632,3.9484680430326433
Belgium,2045,KKO,2286.7567920833335,85.6495975,12.552813,82239.26,1.2674408128701131,2.60659412725552,11.317400242162591,26.06667733958853,20.49400123168795,5.095446789714153,795118112.2333064,162.2767787153635,7.735327049683369,4.4618723710267645
Belgium,2050,KKO,2100.3358125,19.4749875,12.623315,86532.72,1.0805625512940065,2.611782663176806,11.368289443546924,24.629553930007308,20.513030984401027,5.0679989615587715,810393899.5492005,157.85613186229648,7.650328522675381,3.0192040192383365
Belgium,2055,KKO,1611.8451458333334,73.9704475,12.646069,90874.28,0.9875736973192328,2.61345149480724,11.417243295986507,23.077308864178924,20.527750212790227,5.043743541502554,822410492.9937954,154.04936366929846,7.385755069693443,4.317094002551444
Belgium,2060,KKO,1872.5949908333337,44.853785,12.637926,95839.99,1.1208374047089853,2.6128545880681955,11.47044574301212,22.26035698387457,20.54114554672357,5.020341096162551,833501071.3554912,150.46295841783993,7.535614319288071,3.825457747094607
Bulgaria,2025,KKO,1998.7080445833333,449.0258783333333,6.43736,35153.67259,2.9274758683521807,2.0065159471651715,10.467512821263195,19.503167845168672,19.63759056465475,5.101480451848606,337673686.20442617,163.26491367100766,7.6007564711779665,6.109305088518285
Bulgaria,2026,KKO,2252.8709104166664,292.8724579166667,6.410522,36201.30633,2.550819854887676,2.002900882170968,10.496878106557896,19.15548267290918,19.64116201310719,5.090842302925599,338881826.4932276,161.5267011312718,7.72040442162721,5.683145856603056
Bulgaria,2027,KKO,2132.30548,233.658625,6.377196,37657.48,3.4816587935120102,1.9983936206152295,10.536313440270748,18.53518737938818,19.646356471630035,5.077796081122451,340646713.9391988,159.42011312560473,7.66542792434442,5.458131798436846
Bulgaria,2028,KKO,2169.8166095833335,119.9072275,6.34031,38968.6,2.883155735814147,1.993381076067005,10.5705371339742,17.920807065167427,19.649586973918627,5.065108965603169,341748953.36631286,157.39770103438178,7.682858693525066,4.795023536644533
Bulgaria,2029,KKO,1846.5136270833336,214.0964825,6.300267,40189.81,2.4824765584938735,1.9879109228279497,10.601393641507382,17.034926872342815,19.65139408709684,5.05232547061435,342367090.7592841,155.38571234014327,7.521596028753657,5.37108668328084
Bulgaria,2030,KKO,1978.3005933333336,249.25615916666663,6.256722,41354.33,2.186362471200032,1.9819282117215304,10.629956591782236,16.367382921304063,19.65199598701008,5.039239838719564,342573223.5115294,153.3526375200496,7.590498825595923,5.52248502994707
Bulgaria,2035,KKO,2248.98106375,242.5867825,6.018874,46663.96,1.434237426043827,1.948602806312048,10.75074884082601,16.33049048326493,19.65081014715051,5.027413327669228,342167227.29790545,151.53793629010048,7.718677079051939,5.495473275332468
Bulgaria,2040,KKO,2177.567683333333,252.448975,5.803606,51399.78,1.1305817962179887,1.917452765743471,10.847408626425391,15.98474441286579,19.649625613292457,5.015466435226659,341762158.5870354,149.72642448627684,7.686422913853083,5.535162520720005
Bulgaria,2045,KKO,2268.3035466666665,225.87274708333337,5.611168,55909.55,0.9247541287534132,1.8887603402203583,10.931508371210723,15.653045051031722,19.648442384787735,5.00339649721389,341358015.0022329,147.91810101544775,7.727228255764527,5.4243892747586075
Bulgaria,2050,KKO,1900.2161745833332,287.969185,5.433547,60496.15,0.8610867151608748,1.8615260191264429,11.010351535471326,15.056398302078586,19.647260460985912,4.991200759486514,340954794.173264,146.1129647707152,7.550249052269063,5.666320056129867
Bulgaria,2055,KKO,2040.0314220833336,408.9175783333333,5.272295,65078.6,0.9397808381171212,1.8361423163807975,11.083366415032586,14.706450173415448,19.64607984123431,4.9788763738382755,340552493.7363289,144.31101463144137,7.621210558126581,6.01595611103414
Bulgaria,2060,KKO,1945.0512183333333,444.68200375,5.120715,71240.9,1.4252653166683338,1.8116789197654937,11.17383640745783,14.350334935203668,19.64490052487801,4.967394809276042,340151111.3340442,142.6521581923715,7.573557582200892,6.099605701641243
Croatia,2025,KKO,1862.5632291666664,488.8980270833333,3.87435,44491.65593,3.8961818647847313,1.583986762226798,10.703079419253612,12.152431059522778,19.089724735300457,4.982001034194079,195236993.56051,144.76577230976403,7.530245648671928,6.1941972614540015
Croatia,2026,KKO,1924.2309854166667,282.89823,3.876167,45958.63,3.3456337019078353,1.58435946041727,10.735518681451609,11.802325004785224,19.098754018227936,4.96678381567904,197007826.26605144,142.56441445168198,7.562801231947612,5.648615828869846
Croatia,2027,KKO,1897.6291695833336,244.81349833333337,3.875123,47352.36,3.0048245534515905,1.5841453349007508,10.765393057025866,11.360703697510052,19.106368200291435,4.951334871250009,198513605.09297377,140.36354015653237,7.5488874150626035,5.5045731115449135
Croatia,2028,KKO,2004.1492825,87.994485,3.87025,48828.11,2.9868590246300064,1.5831452704791764,10.7960819303895,10.92192386986123,19.113208389931422,4.9351242171578615,199876130.4582078,138.09041887556563,7.603473792081244,4.488574401520015
Croatia,2029,KKO,1673.6304075,200.575445,3.861586,50350.26,2.8865240715973295,1.5813647221244789,10.826778922659807,10.278732886293389,19.119067892260645,4.918254429970705,201050743.0779952,135.76367413405092,7.423347767673074,5.30616372818368
Croatia,2030,KKO,1875.9123545833336,130.411115,3.849276,51910.67,2.770449805475095,1.5788294154557545,10.857298899369102,9.813253165326575,19.123928900347153,4.900681655185885,202030431.5784984,133.38135021588695,7.537383341081444,4.878330691514154
Croatia,2035,KKO,1848.2024245833336,188.65658,3.752962,59563.69,1.948681842957778,1.5587680026493551,10.994818227821362,9.599630021259248,19.134879102499337,4.878423393349736,204254862.41276956,130.4232976162429,7.522509703265781,5.245214963024728
Croatia,2040,KKO,1890.7333933333337,331.24222375,3.648026,66067.42,1.255978466110652,1.5364426133377516,11.098446150707412,9.386516892638745,19.13401621160484,4.865439015071473,204078688.77122104,128.72787860603498,7.545248827068192,5.805864292503807
Croatia,2045,KKO,2075.77990875,254.01651916666668,3.542619,71401.37,0.8655800201038399,1.5135037179731214,11.176086341054102,9.160233408966677,19.13315438368207,4.8525879336931155,203902883.82562003,127.07140163842509,7.638573852324879,5.541328324105977
Croatia,2050,KKO,1755.6241645833334,277.80985458333333,3.441967,76342.01,0.7502885388018354,1.4910972963586426,11.242991754392763,8.733723555426236,19.132293617701293,4.839584210634184,203727446.67497808,125.41677804910992,7.471149157840256,5.630530024686854
Croatia,2055,KKO,1481.5971879166666,416.5792054166667,3.349029,81683.97,0.8282482171757977,1.469952601792855,11.31062529819605,8.318704348515906,19.13143391263228,4.826424026745093,203552376.4206899,123.7640092277029,7.301550685496597,6.034474239870421
Croatia,2060,KKO,1459.45070625,473.77165833333333,3.265212,87369.46,0.8215093628573422,1.450491886625059,11.377912518243372,8.001808504890828,19.13057526744427,4.813103417062659,203377672.1665272,122.11309655129264,7.2865003699744015,6.16283396915383
Czechia,2025,KKO,2788.94504125,107.1617125,10.9095,48882.03249,2.120203273511634,2.477336400957832,10.79718563140556,28.41762147714899,19.81723454575903,5.083921815802756,404124898.6756419,160.40582018359615,7.933777176144691,4.68362744519446
Czechia,2026,KKO,2758.5092220833335,72.95877,10.915838,50009.43019,2.365800268591789,2.4778684395924575,10.819986866455537,27.544383702301683,19.82383235506745,5.070895084421191,406800053.0754269,158.3168655863195,7.922808124813937,4.303507775769493
Czechia,2027,KKO,2836.9393933333336,58.295365,10.894076,50962.73,1.7030780851365668,2.4760404610403453,10.838869482229926,26.67386620606687,19.82681967837831,5.059514537107331,408017113.3309672,156.51403054246174,7.950833502077347,4.082531141060179
Czechia,2028,KKO,2887.4151758333333,55.3370275,10.870364,51932.4,1.680903194536465,2.474044873694785,10.8577174074469,25.688979754748242,19.82961448422247,5.047093446230336,409159036.9306983,154.5696352092049,7.96846324862545,4.031352001027968
Czechia,2029,KKO,2645.5323241666665,67.19058,10.846174,52954.23,1.740705378606866,2.4720049462493465,10.877202118578696,24.43779397804037,19.83252850129071,5.033353338950558,410353072.22553855,152.44670974269974,7.881005505153801,4.2223064321423776
Czechia,2030,KKO,3080.77971875,20.904795,10.8203,54025.3,1.7792542650519438,2.4698183923665273,10.897226244019404,23.489132614834507,19.8354242667888,5.018357699902054,411543080.6581381,150.162845072737,8.033262539850694,3.0867055626281417
Czechia,2035,KKO,2777.8609275,43.679590000000005,10.683962,59629.35,1.6302216814703785,2.458217132209353,10.995919951628686,22.64747608581679,19.848788214329623,4.99516957356234,417079834.85567737,146.69798893418462,7.929796384409652,3.799516797793633
Czechia,2040,KKO,2849.0281495833333,112.35723,10.626197,63914.13,1.0907364116111262,2.4532609139145416,11.065311388551397,21.812584980746912,19.86167847126128,4.972166974334963,422490901.19410944,143.3393283429179,7.955084150260702,4.730544159656917
Czechia,2045,KKO,3055.0932233333333,85.9432525,10.603857,67785.06,1.1722897378984465,2.4513375428464443,11.124111848069177,20.94875817132835,19.875090678265483,4.9485883800104595,428195607.4656769,139.9758191118488,8.024892654838595,4.465255635718941
Czechia,2050,KKO,2675.7716225,66.1346375,10.561597,71924.81,1.0171353256328342,2.4476890024914937,11.183390450087304,19.87261374327037,19.88674030748255,4.926580512679362,433213096.736373,136.90713345916433,7.892366728898721,4.206700117942059
Czechia,2055,KKO,2286.166169166667,104.2461025,10.483569,76329.34,1.1099285515453028,2.440917231077346,11.24282577912558,18.89906934768363,19.895009263602763,4.9075046580661335,436810168.3499409,134.3013696338669,7.735068849523519,4.6563014409979715
Czechia,2060,KKO,2469.25419,71.68321,10.357747,82451.06,1.41800557293148,2.429900066158724,11.319972312514926,18.357631312586197,19.90329287009553,4.888244976814102,440443559.92152494,131.7204420820198,7.81207633525823,4.286110408760708
Denmark,2025,KKO,2482.357105833333,3.6493475,5.992734,75514.80721,3.0530085897926496,1.9448716099602272,11.232097280342767,19.613367300855696,19.708548689890037,5.062929559213556,362504949.925059,157.05286397918078,7.817366595478468,1.5367268871724855
Denmark,2026,KKO,2320.558269166667,3.733435000000001,6.025601,76331.68964,1.6361316696349435,1.9495607631619032,11.242856561168956,18.823091532795246,19.716857425836636,5.0484263133415785,365529455.35037255,154.7771271083293,7.749993906936783,1.5546511545816772
Denmark,2027,KKO,2426.073554583333,7.73058,6.054421,77349.77,1.818430255146053,1.9536545124826077,11.256105810702795,18.14296963472452,19.725125267760777,5.032758719386252,368564122.9031387,152.35549444889512,7.794441512059009,2.1668318052162254
Denmark,2028,KKO,2316.8221245833333,25.0803175,6.08085,78324.68,1.7024174948814697,1.957393956996599,11.268630797557362,17.291541021208634,19.73278620119689,5.016320524523238,371398511.2912032,149.85521330288805,7.748383284364842,3.2611809110641032
Denmark,2029,KKO,2364.22382625,10.9277375,6.105245,79288.43,1.6365688504199172,1.960833243713168,11.28086010744,16.435062998679122,19.740017117624983,4.998928137657407,374093795.83993155,147.25416585085097,7.768627937568352,2.4788665701780253
Denmark,2030,KKO,2695.2370591666668,3.056187499999999,6.127181,80268.1,1.5993145193819114,1.9639157845772144,11.293140018903802,15.652929348163832,19.746844174625313,4.98050859017838,376656493.4019329,144.54838731300555,7.899612398124548,1.4002434930310603
Denmark,2035,KKO,2470.129043333334,6.964742500000001,6.20323,85827.26,1.629636527364786,1.9745295365372408,11.360103601874826,14.762852894547972,19.776850395192696,4.944347824409711,388129805.77961504,139.3792690583247,7.812430427746574,2.075024613900312
Denmark,2040,KKO,2511.9162470833335,13.225347500000002,6.253086,92265.98,1.5715223919725574,1.981427033473533,11.432441610005531,14.064092383134616,19.80394447371682,4.910216021073535,398789581.5488122,134.66871854542094,7.829199209126421,2.6550254085365115
Denmark,2045,KKO,2652.71360125,6.3968324999999995,6.279032,99547.82,1.685831997933751,1.984997886334728,11.50840345608206,13.442051518783554,19.8281305707552,4.878064688692724,408552330.58524585,130.37616392139154,7.883715296955431,2.0010518680340814
Denmark,2050,KKO,2212.2613995833335,14.3568825,6.287777,107586.6,1.519629277316148,1.986198561245833,11.586060678433306,12.654833751578522,19.8500150754144,4.84740773899044,417591847.89574903,126.40968223949316,7.702222453085974,2.73156374488032
Denmark,2055,KKO,2132.885999166667,12.878775,6.283193,115367.5,1.2860309451500518,1.9855693649533104,11.655886632189938,12.047302287464328,19.867711935256008,4.820343790321573,425047690.23173743,123.00771610491417,7.665700009238234,2.630360694699676
Denmark,2060,KKO,2265.5089783333333,6.352677499999999,6.273573,122689.5,1.1692346404715837,1.984247642614644,11.717420203088686,11.531946516203432,19.882417591460623,4.795587794259312,431344481.19477606,119.9754695750434,7.725996031693743,1.9950645326030998
Estonia,2025,KKO,3537.042932083333,13.462867499999998,1.369995,42598.22788,2.130483478589018,0.862887845440173,10.659591407210575,4.448630406203977,17.160915418089864,5.170143910647836,28372059.05750885,174.94015532400118,8.171329009208948,2.671584502741464
Estonia,2026,KKO,3155.71521125,20.275419999999997,1.364632,44074.8942,3.061465790284501,0.8606224072995677,10.693668295205477,4.278714229835363,17.16598569640478,5.158419326152945,28516278.60602971,172.8893758679969,8.057287275825658,3.0575524157451883
Estonia,2027,KKO,3389.9302379166666,57.983515,1.357873,45783.64,3.362413469195946,0.8577599414620062,10.731703942673748,4.166152149159342,17.17105765092706,5.145627153846711,28661279.28692406,170.67912013612946,8.128859569197022,4.077257998084711
Estonia,2028,KKO,3227.219036666667,64.9154075,1.351469,47306.16,2.838163830126162,0.8550402392414349,10.764416937231294,3.983269972804086,17.174962935860687,5.132665079947275,28773428.597979713,168.46816294532667,8.07968588231289,4.1883722153951775
Estonia,2029,KKO,3350.99860875,12.3963625,1.345409,48739.33,2.5675776163277764,0.8524598003360065,10.79426209777589,3.8023024318568406,17.17834468504851,5.118989234450669,28870897.83552102,166.16631824435288,8.117312046551172,2.5949832148823466
Estonia,2030,KKO,3368.3597929166667,20.59707,1.339781,50120.53,2.4036852380763474,0.8500573352462271,10.822205935279907,3.603464183309686,17.181526894221108,5.104305572620046,28962917.40973045,163.72963803276974,8.12247803287107,3.072557657340929
Estonia,2035,KKO,3413.1541158333334,15.191015000000002,1.317244,57237.38,2.373141277540469,0.8403785484943713,10.95497993138309,3.509408173893064,17.1996000683672,5.0777624529997505,29491128.122224096,159.41471858906138,8.135685044641694,2.7844564587448017
Estonia,2040,KKO,3358.372029583333,14.849885000000002,1.303275,64766.18,2.2098530396801097,0.8343320231757194,11.078554272553816,3.3853550783982334,17.2215486211918,5.048033214303465,30145571.497757457,154.71590330380064,8.119509339532684,2.7631622447764634
Estonia,2045,KKO,3507.73145625,14.687975000000002,1.291063,72293.62,1.8311352077373224,0.8290159020020439,11.188504993206626,3.267297202893987,17.24114892939635,5.019958536316068,30742262.571642935,150.40502585376265,8.163009842660346,2.7528944953180687
Estonia,2050,KKO,2969.3739575,30.764125000000003,1.277067,78899.08,1.3970932348572829,0.8228882113303037,11.27593752077515,3.0813535676324477,17.25332146442788,4.99741613778361,31118760.6712528,147.03017495057406,7.996443135486705,3.4583375082978574
Estonia,2055,KKO,3107.0384004166667,5.8720599999999985,1.260817,85275.82,1.3235634404359595,0.8157262523819923,11.35365794977384,2.945491968514723,17.26102481967654,4.978108202202423,31359405.24259561,144.19943369376708,8.04174706675763,1.9274639157264926
Estonia,2060,KKO,3146.84861875,13.392675,1.240526,93528.42,1.6875810782166931,0.8067106597292836,11.446031318190508,2.8274267392809285,17.269176561450976,4.9582845994534255,31616083.79173581,141.3494000998412,8.054474520309233,2.666719396604554
Finland,2025,KKO,4652.5743225,4.478375,5.635971,56146.12949,1.1263406225166417,1.8925050022161776,10.935730836687055,36.891293182485704,19.836451276600055,5.104434901854656,411965956.552432,163.75094376847167,8.44539087481014,1.7008085241386508
Finland,2026,KKO,4314.269432083333,3.304267499999999,5.656904,56720.47267,1.3981606994728946,1.895654511604264,10.9459081247265,35.49490893861558,19.842844251311856,5.091748033007699,414608081.01998353,161.67397313790642,8.369915042375444,1.4596069724151484
Finland,2027,KKO,4464.90938125,15.0264025,5.67257,57718.63,2.0415925737353957,1.898005093062046,10.96335260261085,34.36553308866489,19.8502131925458,5.077156626782937,417674588.1908104,159.31756457917206,8.404228141385913,2.774237518477906
Finland,2028,KKO,4335.605207916667,26.3226775,5.684913,58608.76,1.7631350024954306,1.899853196258301,10.978656514597734,32.934201349261905,19.856425274469203,5.062288988623086,420277292.6931341,156.95165238282306,8.37484711085101,3.3077170350248517
Finland,2029,KKO,4427.472745,8.266545,5.69388,59478.06,1.643298199173815,1.9011936761271089,10.99337959681774,31.46715665954664,19.861886625074707,5.046787806604503,422578853.4400203,154.52209422968232,8.395810050776594,2.2264106024458865
Finland,2030,KKO,4506.395347083333,12.764500000000002,5.69942,60366.33,1.5921919767730497,1.902020955485588,11.00820334354722,29.95614312059593,19.866770950269864,5.030473418941168,424647914.8567037,152.00543122135292,8.413474737300085,2.622092813924667
Finland,2035,KKO,4532.919425,12.280874999999998,5.692044,65277.74,1.549765919503887,1.9009193581179056,11.086421687981124,28.804127942836782,19.886116890657423,5.002861045865258,432943108.5687048,147.8383839616299,8.419342059625928,2.586325030431949
Finland,2040,KKO,4486.859448333334,2.797155000000001,5.665869,70810.76,1.503749440197355,1.897000327727249,11.167780367583369,27.677594326015388,19.902977379475175,4.976975562102661,440304626.0265814,144.03506809380931,8.409131129495858,1.3342521021178257
Finland,2045,KKO,4234.4238912499995,4.235879999999997,5.63402,76399.65,1.3835202305665373,1.892210955292701,11.243746482971824,26.592842773675187,19.917386878516673,4.953439903138087,446695126.5097803,140.6614283384353,8.351238694462134,1.6555349295268134
Finland,2050,KKO,4059.9988916666666,24.9833,5.59858,82308.14,1.3285066426934389,1.8868544743688207,11.318237437606918,25.631158917721837,19.93073391697299,4.9308555314994065,452697149.066363,137.4979510284302,8.309184254764977,3.257454023961216
Finland,2055,KKO,4216.7141529166665,5.945515000000001,5.557768,88385.8,1.2988897315347805,1.8806503011574691,11.389477916209236,24.745903018668123,19.94221699720452,4.909490738000008,457925467.9126753,134.57035599491113,8.347048590348946,1.9380961275247048
Finland,2060,KKO,3971.2735554166666,14.809174999999998,5.516127,94992.24,1.3280925678878177,1.8742801810348215,11.461561010156098,23.7673282653576,19.953718217954812,4.887937033101446,463222573.0146015,131.67957794858904,8.287093893744391,2.760590467696656
France,2025,KKO,1739.993963333333,79.0537075,68.8826,54692.6456,0.6515300621127595,4.2468166912136605,10.909502813471898,271.6182832901935,21.896316444745032,4.999410024280531,3231836680.922242,147.32562476636178,7.462211472406252,4.382697753173474
France,2026,KKO,1865.49519625,71.65047,69.05683,55037.42622,0.8849287933729855,4.249306769814465,10.9157868788118,263.5833363903055,21.900500925613205,4.987842571867502,3245388573.7305717,145.61976043368148,7.531817724684035,4.285659859369075
France,2027,KKO,1802.9308304166664,53.634945,69.201003,55804.6,1.6055974518841332,4.251362598678984,10.929629501756772,253.0191339089015,21.90623941447656,4.973830327454681,3264065738.0199304,143.57961540072765,7.497723357546389,4.000673696341503
France,2028,KKO,1946.31175375,73.304275,69.337129,56588.0,1.603299428607574,4.253299810176444,10.943569899013834,243.5844057576355,21.911883314069726,4.958580103948384,3282539881.3825846,141.39147120321925,7.574205112610849,4.3081684870806365
France,2029,KKO,1701.8711604166667,113.8931725,69.466605,57386.45,1.6003569981665189,4.255138909649386,10.957580917287222,229.9113282005407,21.91744626965891,4.942033669135373,3300851390.801825,139.05478523021634,7.440071023318457,4.744002761853341
France,2030,KKO,2007.1413029166667,36.29503,69.590234,58207.46,1.6111838523582112,4.256891806319014,10.97178598398041,219.88432755660415,21.922972940755383,4.924102825600865,3319144614.5355954,136.5658656885179,7.6049648483141885,3.6188600738041754
France,2035,KKO,1948.3614454166664,47.05378,70.160114,62593.78,1.5986555765354016,4.26493246481996,11.044437167029866,209.25618993461825,21.95030051827137,4.889765620515942,3411099526.2294927,131.9224161127264,7.575257134040896,3.872320800376243
France,2040,KKO,1846.0446025,99.50714,70.646627,67138.55,1.485934158505109,4.271746077101867,11.114528568098695,198.78861879643853,21.97570723759755,4.856666723378425,3498874692.486102,127.59484473186689,7.521342128527049,4.610228769751689
France,2045,KKO,1984.6967708333336,154.644835,70.888632,71956.43,1.4405034177056295,4.275118143742532,11.183829973140984,190.5534019399532,21.997414790826504,4.826063143666622,3575657064.7746663,123.71899213141316,7.593725149580925,5.047576712912686
France,2050,KKO,1743.56676625,78.02619,70.900505,77088.3,1.413781767685851,4.2752832883462855,11.252719769116323,180.37995486008222,22.01576146519844,4.79814453251414,3641863961.72028,120.28516792610657,7.464261532322088,4.369779316514086
France,2055,KKO,1373.60970125,127.1652375,70.666277,83163.14,1.4540177834066137,4.272020302235469,11.328571524282571,170.51518289380107,22.0324687408714,4.771864789516656,3703220711.7593656,117.13934168293638,7.225925116170239,4.853320349370164
France,2060,KKO,1590.6813575,94.4097075,70.262804,89915.06,1.4557977400551092,4.266374508266861,11.406631847441558,165.4573480642677,22.047341979344445,4.746662625224648,3758711235.5021834,114.19917942904355,7.372546194047058,4.558180329042673
Germany,2025,KKO,2439.8638820833335,52.544875,83.57714,62128.11189,0.4029008985522608,4.437664017332173,11.036969948572828,234.27532156255268,22.07539424009661,5.193595963903149,3865644429.8119183,179.1150771120517,7.800107305660477,3.9805200873651008
Germany,2026,KKO,2431.0367845833334,47.9625075,83.499996,62924.90581,1.1890148887025551,4.436751487025849,11.049713214973409,227.78073516050978,22.077833591856443,5.184268876391155,3875085606.851415,177.4429382406224,7.79648436821153,3.8910548521703907
Germany,2027,KKO,2407.28242125,38.7037775,83.377681,63547.13,0.8409025747799781,4.4353029235027,11.059552850535562,220.42617557134434,22.078964236892716,5.17496289248021,3879469430.966555,175.7900539142893,7.786669084123673,3.681446334300064
Germany,2028,KKO,2535.3845270833335,56.4068225,83.25017,64127.54,0.7590249785052627,4.43379058703459,11.068644785627711,213.4088672520786,22.07983300738396,5.164816865462051,3882841263.993172,174.0054061027451,7.838494931461635,4.050163155147381
Germany,2029,KKO,2362.0285083333333,48.035075,83.122146,64683.7,0.7121557115026933,4.432269861683607,11.077279976480847,203.86547463948676,22.08057273029353,5.153697537689218,3885714553.2190113,172.07024242837213,7.767699341580207,3.892535858362845
Germany,2030,KKO,2759.77975,13.65064,82.990067,65264.19,0.7371050868608897,4.430698541851231,11.086214095026804,196.7003504957236,22.08134010425484,5.141448598588496,3888697493.7580714,169.9632461470852,7.92326843692641,2.6844840205156966
Germany,2035,KKO,2481.341806666667,26.2308675,82.331992,69040.8,1.163004275069368,4.422832533064595,11.142467397259855,188.77258206005587,22.088223535931935,5.12422049558212,3915557415.438507,167.04310024576762,7.816957670491792,3.3043511644227883
Germany,2040,KKO,2484.2364683333335,77.9429475,81.721963,74568.03,1.4595172795583975,4.415485141136192,11.219480552541208,182.94130627454547,22.101109439230697,5.102102142384383,3966339392.813514,163.36706736389883,7.818123092286498,4.368725408022563
Germany,2045,KKO,2707.72499,85.2534975,81.05046,80540.13,1.3050192494183044,4.407334423857984,11.296523264602529,178.13914719602906,22.11318921979286,5.080465084755482,4014542457.3948784,159.8488468818147,7.904233319766873,4.457290605813949
Germany,2050,KKO,2354.1916716666665,32.2614025,80.277587,86404.64,1.1780259969913276,4.397870295889489,11.366808230439425,170.49062128277694,22.122155104711716,5.061108556517627,4050698225.1004663,156.7653111844442,7.7643773923813395,3.5043976406448385
Germany,2055,KKO,1986.2203075,57.5578175,79.415128,92169.8,1.0567806197992802,4.387202317689178,11.4313986565638,162.97588559314605,22.128398127343463,5.043718068340785,4076065928.982282,154.04541412207936,7.594492110839521,4.070014599491319
Germany,2060,KKO,2187.7776733333335,44.11478,78.505228,98654.39,1.2239143054514123,4.375822780504415,11.499388147565886,158.90877578054995,22.134816037336787,5.026526450952187,4102309878.82037,151.40271391758952,7.6910985269619765,3.809209909007665
Greece,2025,KKO,1056.4813441666668,599.52972125,10.372335,38121.54839,2.3658031936796498,2.431183651673543,10.548561207317498,36.85241395735726,20.20610000660993,5.046759219081421,596207909.0773572,154.51764830177316,6.963645269314861,6.397812134466766
Greece,2026,KKO,1212.040229166667,430.11068416666666,10.35871,39068.19492,2.3486111158152134,2.429984850506968,10.573089581745178,36.16868751327198,20.211258380634337,5.034915759071888,599291318.32578,152.68664536086234,7.100885073411965,6.066364864945558
Greece,2027,KKO,1087.4162904166667,382.5364304166667,10.326251,40319.45,2.879360448962265,2.427123128844605,10.604614063397255,34.804478372717284,20.21643899747284,5.021850749635119,602404073.0587604,150.69178768196787,6.9924789741038325,5.949434610863192
Greece,2028,KKO,1229.8046775,297.3894916666667,10.288906,41521.93,2.6099450382923273,2.423820473555045,10.634001083750707,33.855275188087624,20.220570902735425,5.008350377222525,604898299.0266825,148.6576537342648,7.115423443814406,5.698399652115242
Greece,2029,KKO,1020.7992166666668,376.17766083333333,10.246897,42708.69,2.4381885008046167,2.4200922683822617,10.662181105555836,32.07053104091533,20.223916053745786,4.994173997039463,606925163.3797965,146.55101745674145,6.929320290275408,5.932716325339905
Greece,2030,KKO,1061.218078333333,365.67655916666666,10.20001,43885.52,2.285300380854527,2.4159146711577932,10.68936249040681,30.77388318346539,20.226502740910313,4.979933042650143,608497121.1172854,144.46464140063674,6.96811452755099,5.904480149299865
Greece,2035,KKO,1211.8465320833334,393.7981829166667,9.934432,49563.42,1.693340469823701,2.391916709478305,10.811028516592822,30.647131279929823,20.232227222358233,4.9634602290673095,611990440.7862012,142.08805773079473,7.100725381635054,5.978374705007364
Greece,2040,KKO,1172.91041875,367.27246375,9.687426,54673.47,1.3434284898863336,2.3690679102622996,10.909152151853725,29.99339542864091,20.23294308932287,4.950625313572108,612428701.37557,140.26327014912272,7.068095693175187,5.908823054840005
Greece,2045,KKO,1227.8174695833334,372.55479166666663,9.444922,59342.05,1.0557437301987216,2.346115927292757,10.99109029124319,29.39368744774886,20.232025923607537,4.938889104597025,611867260.2732859,138.61506564480226,7.113807579075662,5.923064691716509
Greece,2050,KKO,953.5688295833334,421.57012791666665,9.182676,64554.1,1.2028447567184797,2.320687844947892,11.075274401674308,28.233613152309392,20.231109641220733,4.927026232667278,611306873.8540329,136.96861512580932,6.861259751182335,6.046355416258249
Greece,2055,KKO,1083.2142366666667,529.4394725,8.893184,71009.87,1.2920341687676418,2.2918460351775267,11.170588242896608,27.954645732748777,20.230194241500072,4.9150338155020785,610747539.7577488,135.3239195863892,6.988610797773661,6.273705856351472
Greece,2060,KKO,1037.3754416666666,611.7764324999999,8.589605,78604.73,1.4300274667941038,2.2606796993087985,11.272199876523525,27.394750188413038,20.22927972378274,4.902908870861608,610189255.6301801,133.68098001184268,6.945412695503232,6.418000158972727
Hungary,2025,KKO,2149.428978333334,500.2826666666666,9.539502,41154.00537,0.6931582526233715,2.355130293420117,10.62510083588906,20.325274439925877,19.555496627421864,5.104618897134309,311060076.7156056,163.78125995337544,7.673422626025483,6.2171701469045955
Hungary,2026,KKO,2183.9247695833333,269.63994125,9.489006,42271.7628,2.1723228267789496,2.350327661007142,10.651898252200876,19.82945310839539,19.556813082473173,5.095807042222041,311469842.98643506,162.3356101808308,7.689336676540307,5.600789307394392
Hungary,2027,KKO,2264.5835316666667,265.68455125,9.432688,44163.46,3.8550168461640943,2.344943953929876,10.695675672227996,19.348757582837795,19.56241277522659,5.082511044420824,313218870.85376346,160.17827401715357,7.725587634611165,5.586066503938414
Hungary,2028,KKO,2293.0654429166666,80.53041,9.377987,45774.75,3.0474019411352637,2.339686928294927,10.731509753897836,18.704049787211154,19.56605307851524,5.069577700722707,314361160.4218235,158.1071223312093,7.738080825144944,4.400976079485921
Hungary,2029,KKO,1988.842,184.7083275,9.326264,47216.34,2.580406792014145,2.334690552661726,10.762516476990108,17.808661461701956,19.568704822707744,5.056214534043388,315195872.03768986,155.9950904818915,7.595810517581506,5.224177311187346
Hungary,2030,KKO,2259.422269583333,101.24879,9.27674,48549.94,2.2784311773556887,2.3298830891110733,10.790368835015046,17.15773618350997,19.570730470585648,5.042100838909495,315834994.98951846,153.79487276121213,7.723306919761366,4.62740896111206
Hungary,2035,KKO,2181.8412520833335,227.1413925,9.068641,54621.73,1.6357395645677508,2.309425742310373,10.908205375470342,16.793039637268297,19.579138549297387,5.022908062360319,318501755.95305127,150.8522581581813,7.688382633833944,5.429965579289374
Hungary,2040,KKO,2198.961459583333,334.79541416666666,8.883635,59307.32,1.125783905814548,2.2908803590754134,10.990504878685512,16.34530149865278,19.580244904203862,5.009181685128427,318854326.9329309,148.7821170514948,7.696195120821747,5.816502088107864
Hungary,2045,KKO,2425.23378875,225.02058291666663,8.720462,63795.45,1.1387156797222575,2.2742331482069895,11.063452825151543,15.942532069032097,19.580956454917747,4.995623007789487,319081288.6954228,146.76497544348865,7.794095452853479,5.420626069977731
Hungary,2050,KKO,2064.96385,267.11655333333334,8.553183,69255.4,1.2044075401703047,2.2568743973903755,11.145570838551796,15.293122097262431,19.583257736269204,4.980711714131301,319816430.0761362,144.57795467959625,7.633352151946635,5.591421786466558
Hungary,2055,KKO,1813.8090629166663,405.57295875,8.390984,74657.07,1.1256130148997512,2.239750080062107,11.220673901612075,14.675254242145902,19.58393085535685,4.966891577865162,320031777.08939856,142.5798861004469,7.503735541670147,6.007763393203003
Hungary,2060,KKO,1809.8859775,438.69814541666665,8.220534,80759.63,1.212628638350477,2.221432953461844,11.299244873287876,14.278979669578971,19.58414216619612,4.954242863777364,320099410.4185955,140.775222569525,7.501571494830051,6.086088458339949
Ireland,2025,KKO,1994.12000125,0.6455675000000003,5.440278,117578.7317,4.086751089152929,1.8625717068864271,11.674871950102988,18.081514575123308,19.268211994864355,4.979162901379503,233387796.47791016,144.35265620462087,7.598459478517471,0.49808530952619257
Ireland,2026,KKO,1996.67585875,0.0658899999999995,5.528338,119148.1033,2.9750133496767583,1.8761523932822095,11.688130956690763,17.313534315037867,19.28776793734541,4.955918887132413,237996834.97993088,141.01304039216112,7.599739713189467,0.06381013092581687
Ireland,2027,KKO,1902.00482625,1.1873199999999997,5.605476,121288.6,3.2168876889498765,1.8878990019938149,11.705936353416377,16.47903007985228,19.30632329555903,4.932124595666809,242454177.42982584,137.67382538965992,7.551189403420101,0.7826770501496915
Ireland,2028,KKO,1922.9392533333332,4.792447499999999,5.675542,123383.0,2.998330900571622,1.898450399491766,11.72305672240345,15.671140985390839,19.323263222451512,4.908164799112307,246596318.21594536,134.39071710928903,7.562130057615637,1.756554913839212
Ireland,2029,KKO,1810.135419166667,3.330055,5.738411,125466.4,2.8149857674253154,1.907824140452684,11.73980124285408,14.71984361920063,19.338698156295656,4.883876086509449,250432042.01005524,131.14186581777727,7.501709230994332,1.4655802440122498
Ireland,2030,KKO,2096.14141,1.2580975,5.794004,127546.2,2.642501461857094,1.9160404584930024,11.756241771153388,13.943602196467458,19.352677839734316,4.859135853826374,253957588.28796265,127.91275449727016,7.64833046305846,0.8145226446003867
Ireland,2035,KKO,2213.194095416666,0.9528800000000004,5.997143,137171.7,1.891872782404702,1.9455019228852048,11.82899599488302,13.136560515030569,19.406336303319137,4.805470850351739,267956791.4615747,121.1770045655573,7.702643776732563,0.6693052060743747
Ireland,2040,KKO,2014.830387083333,3.7472025,6.167777,144081.5,1.3590925658755415,1.9695955646976169,11.878141331170708,12.214018245062698,19.44736038490121,4.76082457588941,279178070.38999313,115.84223147484435,7.608786492260643,1.5575554971805035
Ireland,2045,KKO,2154.927329166667,3.188419999999999,6.319525,148977.5,1.0597071936937263,1.9905454351573444,11.911557279214014,11.48760806279414,19.480483964875283,4.722587757513996,288580305.7727944,111.45889279738276,7.675976225137378,1.4323235745128833
Ireland,2050,KKO,2166.736035,11.287555,6.44918,154111.0,1.165226048620216,2.008103959219545,11.945434889788384,10.784674649125197,19.509732747303214,4.687120952733035,297145579.6772946,107.54023706223148,7.681438600072985,2.5085869615568583
Ireland,2055,KKO,1828.80957875,0.4811475000000005,6.537342,162254.4,1.348790061915417,2.019869599976221,11.99692691598477,10.0131532262717,19.536898455743295,4.65288936508135,305328392.62131447,103.88760676348431,7.511967185093466,0.39281712519475465
Ireland,2060,KKO,1995.16594625,1.5395825,6.580861,172883.7,1.4312262466849912,2.025626781594109,12.06038017729896,9.54064066369943,19.56027782109257,4.6209729278532965,312550876.2510902,100.59282655247765,7.598983592819328,0.9319996974414633
Italy,2025,KKO,1467.3199666666667,319.19034750000003,58.943464,53591.80314,0.7826859126478292,4.093401851343132,10.88917006826778,152.41845317812977,21.977111650635475,4.993011257121117,3503792009.887793,146.37955370194578,7.291874146369021,5.768915654886501
Italy,2026,KKO,1569.3103870833334,228.11994416666667,58.942829,54080.34429,0.9105096525378498,4.093391257971962,10.898244567841337,148.14690923215554,21.97949554270532,4.982832713401576,3512154635.7152743,144.88705309812312,7.359028577581719,5.434245640086264
Italy,2027,KKO,1542.2194845833333,165.66094625,58.917036,54799.76,1.2859305895255524,4.092960872030877,10.911459341453078,142.56308573973752,21.98254509270831,4.970883941892847,3522881474.6008787,143.1542550548856,7.341626087602618,5.115961486665052
Italy,2028,KKO,1666.8507325,111.6861025,58.873875,55518.25,1.236901141786917,4.092240266410511,10.92448508644391,137.35913964069678,21.98524960756551,4.957891696551359,3532422055.3977323,141.2934815934256,7.419291090005448,4.724606099333669
Italy,2029,KKO,1407.1885729166668,188.26157666666663,58.816636,56225.75,1.1758936726762317,4.091283816247749,10.937147901287563,129.53276765135482,21.98761848537828,4.943806517215078,3540799850.701459,139.30330131280482,7.25005945737853,5.243130061736851
Italy,2030,KKO,1514.81695125,128.0513675,58.747265,56940.87,1.1524281369952094,4.090123415705379,10.949786201880393,123.3965514263011,21.98977345589684,4.928488692212579,3548438397.4594655,137.17053625870722,7.323709814354059,4.860210522776437
Italy,2035,KKO,1556.7541720833333,161.84803,58.236856,60487.69,1.0122586660775923,4.081543915742736,11.010211684394312,118.72221340930145,21.996992902036936,4.909222917298336,3574148853.314405,134.5340523086991,7.351000429696035,5.092817434627274
Italy,2040,KKO,1549.6695870833332,222.84338458333332,57.640414,64189.31,0.9655892723791748,4.07142411758076,11.069607543706844,113.96917594176597,22.00237234084426,4.891137569495328,3593427576.228354,132.1049040392882,7.346442108298422,5.410946631350272
Italy,2045,KKO,1667.2043933333334,231.67246125,56.854019,68384.8,1.0266161739789448,4.057922924000981,11.132920479719113,110.2391491892675,22.00534286069266,4.874829862620798,3604117794.061563,129.95187150717717,7.419503113381153,5.449631718870096
Italy,2050,KKO,1413.2764808333334,190.71156208333332,55.772064,73350.95,0.9995615266285895,4.039044373752659,11.203024368084831,105.61509424854725,22.00462864478426,4.861947064031087,3601544594.815873,128.27566521838784,7.254373358342352,5.255991961656569
Italy,2055,KKO,1224.9002754166663,262.17470541666665,54.395562,79113.11,1.0253124205737318,4.014499482241147,11.2786465196428,101.65864997494059,22.003714679303386,4.849059467631804,3598254411.1636486,126.62030235659051,7.111430771765795,5.572818090792853
Italy,2060,KKO,1286.1855404166668,322.5042216666667,52.82884,85707.31,1.0415305371253014,3.985809383018736,11.358705066045983,99.31923232033783,22.002801892831716,4.836017651090257,3594971471.753886,124.96670816046183,7.16021336225326,5.779212163830045
Latvia,2025,KKO,3422.363171666667,25.423589999999997,1.860565,39737.03186,1.0396443362718388,1.0510191577683985,10.590063989464186,4.534809748550693,17.996248136886646,5.071556169017895,65414082.47420857,158.42222233317796,8.138378730380092,3.2742571717707145
Latvia,2026,KKO,3046.26632125,34.1319825,1.841333,40877.6204,1.807007352512913,1.04427330825244,10.618362476754308,4.367818583636779,17.995097968581607,5.064445726081939,65338888.51983421,157.29268024980098,8.022000179580344,3.5591118979333762
Latvia,2027,KKO,3311.5313341666665,64.4651225,1.822938,42048.21,1.8360317255585736,1.037778186578881,10.646595878066467,4.2538829370569,17.99394924738489,5.05618289572599,65263875.445276015,155.99012349996278,8.105467929620808,4.181517519906867
Latvia,2028,KKO,3126.672975,64.35734,1.80512,43234.93,1.8172651565764308,1.0314463188082523,10.674427141513595,4.064883038623993,17.992801972345823,5.046741395102559,65189042.76391956,154.51487638320043,8.048044548565446,4.179869752049156
Latvia,2029,KKO,3210.6557075,16.318237500000002,1.787946,44459.04,1.8529566676077416,1.0253051239876023,10.702346087202892,3.879811512273059,17.99165614251095,5.036090304394802,65114389.990523264,152.86726334260388,8.074541879875625,2.8517601369863135
Latvia,2030,KKO,3378.2143458333335,18.2445425,1.771424,45715.7,1.8763600689452709,1.0193612675280728,10.730218936826065,3.692009957145323,17.990511756924036,5.024193688657232,65039916.64121442,151.04760896167338,8.125398519397077,2.9572275140447237
Latvia,2035,KKO,3300.914477083333,27.3247225,1.700059,52119.18,1.7379690283219285,0.993273624623387,10.861307484801506,3.6339031526319494,17.989368814626086,5.012175693479573,64965622.23348527,149.23123796118003,8.102257723806474,3.3437350098669616
Latvia,2040,KKO,3245.6372183333333,28.206764999999997,1.640306,58604.9,1.5554657643187753,0.9708948195321944,10.978590653090809,3.5534741785146475,17.988227314655347,5.00003362428582,64891506.286188975,147.418149472956,8.085375037598793,3.374400360523205
Latvia,2045,KKO,3442.8910529166665,23.358220000000003,1.586358,64739.97,1.1367514733720665,0.9502507085097318,11.07814951037695,3.4721937272098438,17.987087256047325,4.987764695140743,64817568.319535814,145.60834261125763,8.144357231167081,3.192869369564356
Latvia,2050,KKO,2920.92919875,30.212909999999997,1.535556,69794.81,0.7063392179556649,0.9304129423825328,11.153329258295376,3.2985000915020115,17.985948637834788,4.975366024574606,64743807.85508915,143.8018164728024,7.979999361609829,3.4408317912825335
Latvia,2055,KKO,2992.56598875,10.3405625,1.487144,74478.67,0.7109525340650347,0.9111350642307098,11.218281481221476,3.166083043500104,17.984811459047776,4.962834631166599,64670224.41576159,141.99857013680565,8.004220594134468,2.4283859002440127
Latvia,2060,KKO,3109.1921679166667,17.648600000000002,1.439369,80620.08,1.1204335348076857,0.8917393993032916,11.297515432761037,3.0600688150636746,17.983675718713613,4.950167428870072,64596817.52581106,140.19860266501752,8.042439793591239,2.925771076248026
Lithuania,2025,KKO,3295.60479875,36.263705,2.890664,48663.11751,3.3892125231365755,1.3585798371511804,10.79269723071898,6.107067918547975,18.72470037963221,5.0516975527567896,135529565.79802302,155.28754578219045,8.10064836896264,3.6180197966228866
Lithuania,2026,KKO,2938.99384875,42.025725,2.886877,50217.23153,3.0584260204892466,1.3576060074280631,10.82413341763514,5.864345378416109,18.7316851344566,5.03822786119138,136479520.3312174,153.19651512896286,7.986162768068634,3.761798192623848
Lithuania,2027,KKO,3217.6978475,69.0100575,2.877618,52262.46,3.7389726275474544,1.3552210475848816,10.864052744307404,5.70900522826156,18.739007009161064,5.023291976947985,137482473.55436948,150.91056764747395,8.076732161562335,4.24863891030001
Lithuania,2028,KKO,3069.0101558333336,51.264415,2.865918,53968.35,2.844225267926958,1.3521991700076486,10.896171571812165,5.452687263598686,18.74340868175008,5.009353118336943,138088960.19268247,148.80779688152413,8.029436148664805,3.95631573796307
Lithuania,2029,KKO,3051.6090604166666,25.09286,2.851866,55489.98,2.315347430319203,1.348557706207221,10.923975764003789,5.18727683267643,18.74583071310916,4.9956495851611615,138423821.3454427,146.76890270034923,8.02375193357485,3.2616617136850143
Lithuania,2030,KKO,3307.132148333333,19.860695,2.835357,56889.93,1.9293991768164045,1.3442625204475045,10.948891204948042,4.938541740166865,18.74659996957553,4.981890622834433,138530345.7329157,144.74967900111182,8.10413900345128,3.037866766371403
Lithuania,2035,KKO,3169.3169141666667,40.339490000000005,2.734513,63409.09,1.465338714186171,1.317617421863953,11.05737827602756,4.817173518416332,18.74554297213336,4.9693823179907985,138383996.8695687,142.937952023459,8.061586834797605,3.7218182174576406
Lithuania,2040,KKO,3156.8045020833333,49.0820975,2.645463,70821.71,1.562433974041677,1.2934833807134587,11.167934990960315,4.705640738408577,18.744487211243992,4.956739665006279,138237973.55332017,141.12964940201655,8.057632287289266,3.9136636089019956
Lithuania,2045,KKO,3366.181110833333,28.3551025,2.56314,78256.61,1.198198278176199,1.2706421785826048,11.267761356069858,4.597804907188145,18.743432686053975,4.943959514176471,138092274.96185583,139.32476893377748,8.121831207685736,3.3794663812491095
Lithuania,2050,KKO,2856.85545875,34.730692499999996,2.485856,84523.48,0.7595692431298096,1.2487136381551258,11.344796475531137,4.388571220626376,18.742379395708188,4.931603682849002,137946900.27507487,137.6016072278362,7.957826782945671,3.5760100533196524
Lithuania,2055,KKO,2859.4659733333333,18.2963,2.412771,89597.76,0.4811559800411258,1.2275245712773737,11.403096759581544,4.222643140430301,18.74132733934985,4.919561204881274,137801848.67508352,135.94251029594187,7.958739818281543,2.959913367687599
Lithuania,2060,KKO,3016.5827629166665,23.05143,2.340899,94399.67,0.433382387764003,1.2062399324477504,11.455303449566031,4.074028534170773,18.740276516120527,4.907383270361034,137657119.34618908,134.28494670790113,8.012211380239853,3.180194454243586
Luxembourg,2025,KKO,2395.1284825,39.8569975,0.681973,128279.3783,1.9924962897674536,0.5199675091032483,11.761973602820516,2.524295499832748,17.221494225806648,5.09173941533038,30143931.762328237,161.67257127213827,7.781609581545552,3.7100781040659028
Luxembourg,2026,KKO,2459.4908795833335,34.7968275,0.690899,129542.2558,2.3062090481116515,0.5252603401610425,11.771770125970548,2.4000724056339946,17.23708297742209,5.071568443292218,30617519.77534362,158.42417913727732,7.8081161535661145,3.577859272161472
Luxembourg,2027,KKO,2323.6671804166667,28.773314999999997,0.699848,131262.4,2.6403317178331775,0.5305388352999945,11.7849612704806,2.247906047854402,17.253433463970406,5.049638507451615,31122246.153506435,154.9660737211372,7.751332159566889,3.393612522540111
Luxembourg,2028,KKO,2573.10368125,49.930355000000006,0.709419,132501.8,2.324711159470816,0.5361535466991243,11.794359056260609,2.1200855061211215,17.269496569767515,5.0267110451492885,31626202.820805904,151.43084917092358,7.853256667550752,3.9304591112236835
Luxembourg,2029,KKO,2330.098890833334,50.406015,0.719584,133338.9,2.07367999378949,0.5420824011072862,11.800656786209268,1.937170752601501,17.28538539779194,5.002637643427101,32132719.456232175,147.8051368176463,7.7540950623458,3.939755188960725
Luxembourg,2030,KKO,2673.0926841666665,12.3344675,0.730362,134143.5,2.1102728088737033,0.5483306351751754,11.806672856131444,1.7897243118377053,17.301839991740664,4.976785268059252,32665824.30745008,144.00747141009109,7.89136541830528,2.5903522243282175
Luxembourg,2035,KKO,2454.98926875,25.359535,0.787827,137816.0,2.0754341413515176,0.5810009159180187,11.833681997151428,1.5621821103734606,17.384705559047394,4.900847886549064,35488012.83731204,133.40369046769308,7.806284919856021,3.2718300691145252
Luxembourg,2040,KKO,2404.388644583333,63.4161675,0.837509,143232.6,1.9344890259234135,0.6084108500520433,11.872232142857266,1.3856466767633056,17.456031906569137,4.833997370915111,38111700.028996065,124.71247701278158,7.785466768063566,4.165364649739644
Luxembourg,2045,KKO,2539.9225283333335,98.647965,0.878414,149328.6,1.705354137993087,0.6304278037754841,11.913911222416507,1.2436933215500152,17.51471644627551,4.776575624793981,40415196.43282652,117.69718959454208,7.840282494202614,4.60164362497512
Luxembourg,2050,KKO,2384.1798770833334,23.521715,0.910321,155717.5,1.4820390863822477,0.6472712907647888,11.955805169003968,1.095176138382315,17.561450960819315,4.727666974301222,42348812.44403073,112.0315489848765,7.777029820639211,3.199559051525872
Luxembourg,2055,KKO,1890.8271670833333,77.0215,0.933017,162338.1,1.2480184900929725,0.6590819948072835,11.997442636379631,0.9415469073861557,17.59706465240717,4.686353608410366,43884187.94242681,107.45698127455384,7.545298396117515,4.356984429733225
Luxembourg,2060,KKO,2152.0845654166665,56.2614175,0.947757,169767.2,1.2322027082208198,0.6666784541127588,12.04218925616851,0.8501246482920777,17.624547385560884,4.651313111796052,45106971.145934775,103.72240756083332,7.674656774538507,4.047627054864779
Netherlands,2025,KKO,2018.583007083333,22.368175,18.044027,71334.06052,1.2252657648221588,2.9467535091006436,11.175143217939947,59.63604818777029,20.406157676312755,5.123432390982084,728251981.6698321,166.91071687828207,7.61064633694824,3.151375053931072
Netherlands,2026,KKO,2052.7606875,17.174317499999997,18.131239,71698.37136,0.996508253557149,2.9513225487359223,11.18023725890632,57.6533316727337,20.41232358037223,5.110838729209123,732756185.50024,164.80936572753063,7.627427873233251,2.9000094711326616
Netherlands,2027,KKO,1991.8328420833336,16.2544625,18.205866,72813.27,1.9729783185198135,2.955215753205083,11.195667231459574,55.420594229640265,20.420502856483186,5.0955407047817705,738774178.5344112,162.29211358515337,7.597312444183173,2.848070805673592
Netherlands,2028,KKO,2058.2726320833335,47.0570225,18.27758,73787.13,1.736650391160821,2.958942762632073,11.208953157544006,53.29809464004679,20.42794017788152,5.079663939574594,744289162.4812791,159.72003520859926,7.630108108210561,3.872388274581366
Netherlands,2029,KKO,1909.404032916667,40.9693325,18.346641,74693.64,1.6110350168081933,2.962518812675736,11.221163614865098,50.55610249850297,20.43493370674276,5.062932234368765,749512614.1174225,157.0532867956887,7.555070034228648,3.736939173001728
Netherlands,2030,KKO,2265.1120654166666,9.899884999999998,18.412287,75585.49,1.556092276662424,2.965906216102954,11.233032842494511,48.47024879610126,20.44163756231499,5.045178123219462,754554118.3156132,154.271954275669,7.7258208955357235,2.3887522387207256
Netherlands,2035,KKO,2091.091499583333,14.958569999999998,18.698556,80341.16,1.603866237636331,2.980545333565018,11.29404979328748,45.726797937311744,20.473167290667245,5.008075078039111,778724037.9335084,148.61645877512947,7.645919562078883,2.769995989009939
Netherlands,2040,KKO,2033.161680833333,40.83741,18.920461,86554.55,1.815194477845128,2.9917473944589483,11.368541683331811,43.492820449251234,20.504622416408,4.970900031142948,803608216.2561827,143.15657440740662,7.617839062551347,3.73379091535497
Netherlands,2045,KKO,2329.070854583333,54.6456625,19.057529,94272.17,1.824641577444752,2.9986045944878295,11.453951910641418,41.983054166019336,20.534379427072047,4.934869853543233,827880539.4085791,138.0550438331128,7.753653955789798,4.019004132186126
Netherlands,2050,KKO,1976.4478016666667,15.9067325,19.125683,102433.0,1.7060198191022111,3.0019967606169486,11.536973967727368,39.658279522551794,20.559857737213644,4.901877081173829,849244540.215763,133.54208923088612,7.589562303170374,2.8277119153807244
Netherlands,2055,KKO,1559.4490120833334,44.3316575,19.140557,110468.5,1.4147894742565947,3.0027355433131486,11.61249474374039,37.32254520877147,20.58056408975614,4.872224941434825,867012618.2866542,129.61119611166404,7.352728887087523,3.8140056294728844
Netherlands,2060,KKO,1803.55432625,21.367105,19.136214,117965.3,1.2677108638923906,3.002519885507967,11.678154269437952,36.03185224466562,20.597663853024027,4.845729957043354,881965812.5072664,126.19609580058648,7.498068929614704,3.107591352732995
Norway,2025,KKO,4552.764696666667,0.0678974999999999,5.59434,89931.79009,0.1686265213304727,1.886211705346348,11.40681789355795,60.20778598840943,20.148952524778046,4.803916672628376,563091403.0925164,120.98726726768716,8.42370957569427,0.06569176214945328
Norway,2026,KKO,4330.518799583333,0.0,5.627392,90731.7914,1.485631610819116,1.891211363310809,11.415674107699449,57.62302251491344,20.157180298959503,4.788343885466408,567743503.9825808,119.102300703331,8.3736735215224,0.0
Norway,2027,KKO,4551.140254583333,0.0,5.654871,91023.81,0.8117276740598367,1.895349067737341,11.418887385702812,55.12238782204072,20.162899438350735,4.772982590773869,570999810.987119,117.2714718214555,8.423352786971071,0.0
Norway,2028,KKO,4373.35952125,2.2794600000000003,5.682487,91193.69,0.6759016569742204,1.8994902236493216,11.420751950683147,52.09931663336626,20.168263165104054,4.75625716685073,574070726.3679043,115.30978209339382,8.383515392932043,1.1876787746960222
Norway,2029,KKO,4648.531437916667,0.3061274999999996,5.710128,91415.45,0.7307819227022838,1.903618026807607,11.423180719366284,49.14036363624869,20.173756537977397,4.737761696223081,577232988.7197814,113.17834961846556,8.444521727464737,0.2670666524290674
Norway,2030,KKO,4688.84757375,0.0,5.737759,91705.01,0.802179034873518,1.9077273770546992,11.426343195900625,45.881265897510886,20.179418351685705,4.717392148763511,580510443.7886764,110.87611564191263,8.453155360645656,0.0
Norway,2035,KKO,4505.2317875,0.0,5.869913,93914.37,0.9829905589977096,1.9271514423986136,11.450149336572498,42.86118247363873,20.208471589846404,4.681723994855495,597623543.7465671,106.9560278690207,8.413216559416215,0.0
Norway,2040,KKO,4587.6910779166665,0.0,5.988729,97008.05,1.077644533560429,1.944298708525014,11.482559552102511,40.341823400850934,20.237063626171025,4.646524935430669,614957442.7185996,103.22217675639916,8.431350094176528,0.0
Norway,2045,KKO,4316.0718225,0.0,6.088442,100797.1,1.0973628531091295,1.958465570275022,11.520874785235408,37.8133928872288,20.263687545451926,4.612444021730888,631549918.3306507,99.73003543443276,8.37033263254935,0.0
Norway,2050,KKO,4240.172650416666,2.2945899999999995,6.166413,104882.5,1.030660035898512,1.96940525049024,11.560605489352923,35.590371859837845,20.28689705599452,4.58037136895237,646379308.5993632,96.55061475064808,8.352595078482484,1.1922817292563028
Norway,2055,KKO,4292.037046666666,1.0644900000000002,6.223572,109246.7,0.9763263916469088,1.9773495674049184,11.601373060104647,33.491318830877006,20.30688180155126,4.550116031454741,659426977.550686,93.64338928798333,8.36474969773931,0.7248832225444347
Norway,2060,KKO,4191.33793625,1.6386674999999995,6.263911,114082.6,1.039608759268984,1.9829183890212905,11.64468679195246,31.44923885021132,20.324772462653332,4.520906982079677,671330727.6178589,90.91892900396049,8.341013837315153,0.9702740548882283
Poland,2025,KKO,2741.606331666667,82.00572749999999,36.497495,45532.2777,3.1349842675582273,3.6242741307451456,10.726198715634451,76.74868948658967,20.837996275641892,4.977253820823573,1121571063.6604495,144.07543098174685,7.916663963199662,4.418909611439888
Poland,2026,KKO,2644.298365,64.1485575,37.414458,46914.8989,5.625264464219315,3.6484338991480874,10.756111892723906,73.24217307428987,20.870703652319257,4.944084600225581,1158861218.236246,139.3423227025587,7.880539141333221,4.1766701621131475
Poland,2027,KKO,2834.0896391666665,68.868075,37.268937,48090.51,2.1071479255034387,3.644638522725738,10.780860933238102,71.11029688501924,20.873337664679298,4.932122997109376,1161917696.6450808,137.67360371176275,7.949828834415665,4.246608821018367
Poland,2028,KKO,2769.21747625,45.150157500000006,37.105502,49358.39,2.186355008573382,3.640358681155434,10.80688330031814,68.21726588771443,20.875809776553375,4.918924434956798,1164793640.5450084,135.8553371815575,7.926681107381123,3.8319003737274366
Poland,2029,KKO,2572.252988333333,49.2619575,36.927388,50699.22,2.2234586112573007,3.635673489633312,10.833685528820354,64.89242109520066,20.878070850720768,4.904479960830873,1167430305.0819647,133.89274225379904,7.852926131713032,3.9172484788301527
Poland,2030,KKO,2967.9182025,20.6842275,36.731448,52089.29,2.19664050366426,3.6304939111883865,10.860733838011129,62.245403542829706,20.87988840575811,4.888909967847,1169554103.3910213,131.80872933774972,7.995952923862176,3.07658515294977
Poland,2035,KKO,2770.0576354166665,50.2790475,35.610872,59054.77,1.6712420523375735,3.6003452454772757,10.986237530653687,60.864630210640186,20.882025197535373,4.87293201784638,1172055868.9084456,129.70358086521048,7.926984344147454,3.9372822379469268
Poland,2040,KKO,2787.9467570833335,122.2027125,34.660633,64551.23,0.990692219027678,3.574047363258939,11.075229942540956,59.19340258251992,20.88112737703244,4.859002752213353,1171004045.3628843,127.89559714356868,7.93341929712018,4.813831067902503
Poland,2045,KKO,3033.6427391666666,58.23391,33.797303,68242.52,0.3770758079514325,3.549539883777149,11.130837763484694,57.38018361026643,20.880230764923873,4.8455539743716045,1169954579.5079396,126.17371346132104,8.017848982945916,4.081494181954391
Poland,2050,KKO,2497.77775875,48.928565,32.946342,70585.09,0.0919896108860562,3.5247811015133106,11.16458837857351,54.35942539293594,20.879335360072776,4.832401612589456,1168907465.36649,124.51203025577595,7.823556994807432,3.9105932838631787
Poland,2055,KKO,2321.45681625,60.9876225,32.063901,73155.17,0.2703354040665573,3.4984420830118688,11.20035175012296,51.9698260541328,20.878441161341115,4.819088513988387,1167862696.977535,122.85214981352452,7.7503808768660445,4.126934728018179
Poland,2060,KKO,2516.933020833333,51.1524675,31.150906,77049.31,0.6023802748044593,3.470440630690923,11.252213864101622,50.395420370802405,20.877548167589733,4.8056105523924675,1166820268.39615,121.19407413472432,7.831193614104884,3.954171495763683
Portugal,2025,KKO,814.4691533333333,247.84548875,10.749635,42248.92627,2.036432684932965,2.46382217627789,10.65135788769504,27.80604625362333,20.29612286788949,4.969615165925737,652370275.7970726,142.97147158067537,6.703763595880718,5.516832176749645
Portugal,2026,KKO,999.68939375,244.88537,10.871014,42822.23451,2.5014446238595056,2.474099630415323,10.664836096656588,27.117863631194705,20.31090782379857,4.950031879824367,662087196.6942759,140.17946462627216,6.908444435209424,5.504865451722234
Portugal,2027,KKO,959.03949625,205.5965825,10.971534,43410.79,2.311785079363226,2.482531665076523,10.678486342182053,25.870330361874437,20.323714116270928,4.930611605621601,670620603.0150166,137.4641719141189,6.86697442554266,5.330768014922393
Portugal,2028,KKO,975.0511304166666,184.9805375,11.049616,44075.22,2.2531349218417818,2.489032792208977,10.69367568697374,24.67311334560883,20.334814017853738,4.911086421748025,678105891.8499972,134.78685609559344,6.883514972762899,5.225642031141584
Portugal,2029,KKO,735.10897375,361.23707958333335,11.106391,44835.25,2.2470719963142427,2.493733494981958,10.71077224300197,22.946041143521835,20.344450669330417,4.891209631796586,684672149.5576167,132.11449623059548,6.601378169929083,5.89229891343795
Portugal,2030,KKO,922.28703125,272.68328583333334,11.142299,45608.84,2.0542935344079583,2.4966951416727112,10.727878761696962,21.981428113980105,20.35219279421731,4.871229520261022,689993539.7068285,129.4812476489744,6.8279401625952385,5.611971546711473
Portugal,2035,KKO,941.0004441666666,239.5106,11.109773,49848.16,1.6047334205034236,2.4940128125503382,10.816756924696357,21.116615350716682,20.372723449416597,4.841704885812191,704305978.3217659,125.68515143821575,6.84800574609076,5.482764163418623
Portugal,2040,KKO,869.79311,270.5760741666667,11.014188,53893.04,1.3123373294765983,2.486088284715722,10.89477517564406,20.145560943361765,20.3846707500725,4.81833573463037,712771000.0002221,122.75895155496266,6.769404417064506,5.604242299634341
Portugal,2045,KKO,888.8301225,402.5340504166667,10.863536,58275.83,1.3408552616758218,2.4734694941584787,10.972959866242302,19.46839418161095,20.391530454208084,4.799386238018408,717677206.5073721,120.4358619261291,6.791030570911997,6.000260871799298
Portugal,2050,KKO,791.7606441666667,273.838955,10.661668,63721.3,1.4781091944712443,2.4563072238644588,11.062289858790011,18.683610718381825,20.39634666970164,4.781693422923713,721142031.5681263,118.30621495458615,6.675521340217837,5.616185307943451
Portugal,2055,KKO,721.63246,283.0774779166667,10.42726,70211.43,1.5429400513738756,2.4360017290342832,11.159280639866717,18.008277997948365,20.399710077354488,4.764829758606095,723571609.7397802,116.31114437500968,6.582900738822801,5.6492470105211705
Portugal,2060,KKO,706.8776083333333,288.9149,10.184206,77416.83,1.4516433409523577,2.4145026044920668,11.256972394805729,17.442561746892906,20.40190433485118,4.748588434047085,725161055.3597904,114.42124478420382,6.562271209164363,5.669587431640287
Romania,2025,KKO,2406.7630808333333,388.1506345833334,19.043151,43500.46193,1.5347998244582994,2.997887499385396,10.68054982409826,21.10262726424091,19.89496201274738,5.048469951403613,436789529.1834126,154.78392506858947,7.786453413230009,5.9639665040948895
Romania,2026,KKO,2530.782815,233.57277,19.000103,44798.82235,2.7519028011340207,2.9957374235407297,10.709959452993427,20.582481689721703,19.900459827513405,5.0361481725726085,439197530.4191312,152.87616761839203,7.836679003518739,5.457765859576519
Romania,2027,KKO,2574.9740033333333,186.3632675,18.938928,46777.29,4.080147215022789,2.992674001804651,10.753174485387111,19.98983041763564,19.90863894429455,5.0205537386181565,442804509.1605079,150.49516929783013,7.8539829952996145,5.233049339385638
Romania,2028,KKO,2614.81968625,47.087042499999995,18.869465,48370.49,3.0266605481207742,2.9891841311886593,10.786665869560078,19.256733166699103,19.913802511308607,5.0060221967331495,445096873.21723056,148.3096289941633,7.869332782927031,3.8730127541262154
Romania,2029,KKO,2220.74314125,116.34194,18.79214,49695.88,2.319062157629737,2.9852848891901913,10.813697433454225,18.240001720737276,19.91682956041159,4.991837222804996,446446244.5874075,146.20662657945607,7.7060473655203126,4.765092236512568
Romania,2030,KKO,2465.50596875,102.98296,18.706751,50823.15,1.803643128535537,2.980961267394344,10.836126914303575,17.48216856848737,19.918194250192816,4.977594180035472,447055921.1316828,144.1248171451427,7.8105578405978875,4.644227039563279
Romania,2035,KKO,2638.54700625,174.06247499999998,18.272835,54971.49,0.8851363962605552,2.9586965914806616,10.914588157263772,17.07475621265254,19.917150629913227,4.9650385084799735,446589607.8745453,142.31406897403983,7.878362592875697,5.165142910214176
Romania,2040,KKO,2531.423995,207.60258,17.896346,58258.47,0.7719956683323703,2.9389685700409656,10.972661933321342,16.487394438800298,19.916108144683815,4.953197850165386,446124287.3906912,140.62714291820024,7.836932223826472,5.340430910658931
Romania,2045,KKO,2707.007785,164.4905125,17.537482,61043.84,0.4115710048919752,2.919794736458859,11.01936395508224,15.987523986442007,19.915066793892755,4.941368383529275,445659957.3172699,138.9616397851349,7.903968508843395,5.108913866889916
Romania,2050,KKO,2281.435072083333,171.3924375,17.148348,64174.05,0.5275380561966525,2.898579537284607,11.069369784858631,15.256313732315201,19.91402657692672,4.92940849357676,445196615.2974413,137.29768417289583,7.732998166098849,5.149773491258171
Romania,2055,KKO,2262.307854166667,341.7671675,16.753913,67409.47,0.5809322586542986,2.8766059423299644,11.118555626082488,14.732391801861713,19.91298749317087,4.917315174087419,444734258.98035914,135.63527835618473,7.724582674457498,5.837051404715438
Romania,2060,KKO,2243.5369270833335,351.04595875,16.333523,72256.62,1.0077199666437495,2.852642372161143,11.18799306754144,14.293014240108988,19.911949542008884,4.905085313078255,444272886.0211553,133.97442459927916,7.716254510340307,5.863761731705959
Slovakia,2025,KKO,2713.843822916667,210.6618775,5.419451,40605.53833,1.268892457072135,1.859332600026646,10.611684375234692,11.73871006069831,18.9395885798998,5.136690687137621,168019159.23794165,169.15175020435024,7.906489706925879,5.354990083984359
Slovakia,2026,KKO,2747.4006975,102.7481475,5.54096,41118.8736,3.534635219466198,1.8780839436874832,10.62424682619436,11.18685901475724,18.96507695035337,5.108898514192399,172356737.91785258,164.48797179372306,7.918774456940908,4.641966303529711
Slovakia,2027,KKO,2853.80525375,97.38473,5.52314,42181.43,2.2541931829696216,1.875355855100889,10.64975906261518,10.853949445934633,18.968588166467228,5.097277645371116,172962983.38344845,162.5759887509381,7.956758907416782,4.588885609089262
Slovakia,2028,KKO,2918.7046966666667,34.533784999999995,5.504563,43211.46,2.0973421030580752,1.872503930614847,10.673884158571369,10.45187196802378,18.97158540235042,5.084913728014051,173482171.9232929,160.56600001664316,7.979237758869676,3.570483934052268
Slovakia,2029,KKO,2583.8981433333333,58.22587,5.485845,44243.67,2.0405733618954702,1.8696221099739183,10.697490191203752,9.919079188893537,18.97440856699951,5.071505912117072,173972632.66108847,158.4142104676886,7.857441383200384,4.081358439679463
Slovakia,2030,KKO,2981.1953008333335,32.08976249999999,5.466655,45295.79,2.0198846094620304,1.866658973275834,10.72099144803322,9.536942537630576,18.97710609889291,5.056976778274325,174442562.92995077,156.11480470383793,8.000414986417296,3.4992239445127797
Slovakia,2035,KKO,2776.44286,80.87204,5.363446,50673.09,1.6801389285968416,1.850570054517833,10.833170013586194,9.267897730199762,18.987648679790464,5.036210121795394,176291366.22742796,152.88570042265312,7.929285948844924,4.405157540630137
Slovakia,2040,KKO,2801.6391720833335,153.192965,5.273647,54990.18,1.0948909598056389,1.8363578442391657,10.91492808771862,8.989287108329671,18.992339259830494,5.019805121388616,177120217.37242663,150.38179984435934,7.938316813689511,5.038204837520395
Slovakia,2045,KKO,3036.138772083333,89.1856825,5.188236,58582.03,0.8428314973774942,1.822650070315828,10.978200343182008,8.715569123496385,18.99270772926469,5.006579465704779,177185492.7843337,148.3928578058305,8.018671157806011,4.501870683870874
Slovakia,2050,KKO,2633.1152379166665,85.664265,5.091007,61770.23,0.5837479536083823,1.8068134210902655,11.031193001070614,8.293908622316334,18.991525329466967,4.994411532595805,176976112.50231886,146.58607023273743,7.876302631504404,4.462041630424984
Slovakia,2055,KKO,2359.410443333333,159.69468,4.979274,64976.34,0.5997624300005722,1.7882991559101211,11.081793872712687,7.914123310231692,18.990344301686687,4.982115611447913,176767222.17274782,144.78247470849757,7.766590799564572,5.0795061670305754
Slovakia,2060,KKO,2427.6479791666666,152.03855,4.850265,69326.4,0.8880310203658315,1.766486959363089,11.146595489430355,7.659909636699969,18.989164645177187,4.969688780333931,176558820.51262137,142.98207034545865,7.795089994319602,5.030689850439962
Slovenia,2025,KKO,2321.94621375,299.14732833333335,2.13085,49197.0243,1.819867264457109,1.1413045331800349,10.80360874517004,6.2560663316360285,18.00950002357498,5.126448241971306,66286711.71781224,167.41787495207103,7.750591578714151,5.704273448553234
Slovenia,2026,KKO,2384.1852045833334,165.5369425,2.134802,50314.68899,2.461492935649656,1.142566014195603,10.826072215804434,6.0561860135783085,18.017280847733108,5.112649207944046,66804488.727186196,165.10983197002955,7.7770320542208795,5.115217161686341
Slovenia,2027,KKO,2421.6146558333335,116.18742,2.136627,51343.12,2.131232944423145,1.143148018728068,10.846305700523596,5.8292154987937215,18.023474772714845,5.098980517519992,67219554.84219927,162.8547750477492,7.792602672194278,4.7637745334978305
Slovenia,2028,KKO,2558.776184583334,41.6389975,2.137713,52290.74,1.897426998106888,1.1434941905998013,10.86459370258953,5.591453696481437,18.02880893650805,5.084835031421151,67579072.975015,160.55328582320186,7.847675105754432,3.7527692687932137
Slovenia,2029,KKO,2160.2374945833335,99.848115,2.138205,53167.98,1.7010215264404716,1.143650980411589,10.88123042256414,5.246609401807523,18.03342931990819,5.0700600662497175,67892036.65594395,158.18388863534457,7.6784362507845,4.613615573100105
Slovenia,2030,KKO,2453.1278358333334,53.4083425,2.138066,53996.68,1.5520427796986258,1.143606686594441,10.896696361660512,5.001399497532489,18.03744560924782,5.054528008874703,68165259.02580304,155.7305374608052,7.805526716755691,3.9965174968836665
Slovenia,2035,KKO,2286.573280416667,87.8484225,2.13239,58086.02,1.394736081765413,1.1417962914492483,10.969697509963352,4.763800385895271,18.054051566123512,5.029605583068933,69306659.18608552,151.87270522001504,7.735246831791389,4.486931799800389
Slovenia,2040,KKO,2439.791715416666,168.56733,2.125158,62066.6,1.138899048398101,1.139484841910251,11.035979392637916,4.589211174131423,18.068145361472094,5.006853278137253,70290368.8894464,148.43376902836556,7.8000777391885165,5.133250075085335
Slovenia,2045,KKO,2577.1009904166667,152.4660325,2.115219,65677.18,1.0501393425609518,1.1362994547440606,11.092522033632756,4.40341093290707,18.078378527896984,4.986896728408311,71013354.85131995,145.48114665608836,7.854808356671601,5.0334792558947985
Slovenia,2050,KKO,2275.914569583333,151.85194458333334,2.098768,69782.43,1.1033844856577657,1.1310046131442608,11.153151868018249,4.169363084832858,18.086570196365994,4.968334275562903,71597461.85850747,142.78717796535972,7.73057654651199,5.02946977042362
Slovenia,2055,KKO,1950.5964470833333,230.64110458333337,2.075585,74974.53,1.3064335622260836,1.1234951270668438,11.224917072615233,3.951901024145642,18.094400726136165,4.949885503560246,72160308.74151325,140.15880081605215,7.576403007425234,5.445189210880727
Slovenia,2060,KKO,1950.90253375,234.35665541666663,2.047613,81846.32,1.6172575263472266,1.11435866125928,11.312610839440987,3.8079696489874437,18.103973738840416,4.929963955471719,72854417.3578959,137.37452460560547,7.576559834245887,5.461102046251931
Spain,2025,KKO,1191.287286666667,267.064975,49.128297,49206.70747,2.865133691188948,3.9145856590247137,10.803805546105457,142.70329686856172,22.087332597781124,4.980481905157092,3912070449.5206566,144.5445034030129,7.0836288308907465,5.591229395155903
Spain,2026,KKO,1358.28685875,283.42316,49.570728,49988.74246,2.5041603109747568,3.9233729108751616,10.81957311256398,138.79656027416883,22.100458815413813,4.962170606099035,3963759637.254246,141.90364702076116,7.214715472634645,5.650463129212625
Spain,2027,KKO,1368.369963333333,207.296815,49.976787,50664.05,2.181136075690815,3.9313703722462536,10.8329916027565,133.0937913997732,22.112157958078186,4.943628150286646,4010404547.456367,139.27827807562593,7.222106032265985,5.338964057703555
Spain,2028,KKO,1390.8486554166666,195.8929975,50.34156,51422.71,2.238246987778081,3.9385005606455583,10.84785462913117,127.1222732281941,22.123352499549178,4.924105272942802,4055551415.2570815,136.56620235964198,7.238388110426429,5.282660421274737
Spain,2029,KKO,1121.7586354166667,332.8021683333333,50.665174,52172.77,2.110829415828608,3.944783937511223,10.862335157158654,118.9283759014791,22.133581554373514,4.903883966476168,4097248771.7316465,133.8123708937426,7.023544003246813,5.810548507112368
Spain,2030,KKO,1283.5754254166666,292.1329,50.947559,52941.79,2.039557873722897,3.95023472895332,10.876967175563571,113.2505404319293,22.14300086973996,4.882780416918555,4136024383.221458,130.9971612823727,7.158183534496436,5.680626089796862
Spain,2035,KKO,1379.064312083333,226.3201175,51.977041,56694.29,1.6154841050833202,3.969858631019555,10.945446417482373,107.69968276994567,22.181077069991183,4.840498177685851,4296545092.179782,125.5323716353427,7.229885380024303,5.426359233321273
Spain,2040,KKO,1252.56286125,304.15267625,52.872036,59734.61,1.22390750498651,3.986611530669163,10.997683603967827,101.31281129686846,22.21193437310694,4.803994263990657,4431191617.055334,120.99673279315222,7.133745064924915,5.720812229228958
Spain,2045,KKO,1343.46572625,408.24746416666665,53.552939,62277.05,1.0801319094553286,3.999171588004659,11.039364315245814,96.45523050729031,22.23572955085391,4.772822413598302,4537897112.587565,117.2525289482974,7.2037519835654775,6.014320019938014
Spain,2050,KKO,1152.08938125,313.505695,53.877467,65644.06,1.2637241615544248,4.00510282710463,11.092017629374952,90.76313812543076,22.255665826764776,4.744171068879258,4629273709.535644,113.91251145555708,7.050200037862932,5.751002184084654
Spain,2055,KKO,1023.61912125,308.68137375,53.819505,70148.7,1.3555294219893763,4.004046061282614,11.158386808971214,86.05404982706145,22.272103498631154,4.717736603856904,4705997040.713196,110.9146585775487,6.932076233491809,5.7355439422902945
Spain,2060,KKO,1088.78960375,312.83784291666666,53.468132,75910.47,1.5172628637296182,3.997615796700679,11.23732307186086,82.93238981675171,22.28638371318915,4.692556265720953,4773681814.51269,108.13179341306268,6.993739932509075,5.748876428683268
Sweden,2025,KKO,4277.155080416666,3.263912500000001,10.58771,63330.042,1.492435633681244,2.4499450537051004,11.05613088287267,64.7455576846363,20.054945843918183,5.0194517760154165,512568973.29844207,150.328319234917,8.361277139667093,1.4501871660150938
Sweden,2026,KKO,4026.82424875,0.5543225000000005,10.605527,64473.31334,1.9765769956456625,2.451481450155909,11.074022180673447,62.37272138555437,20.061348541572716,5.00629329602921,515861326.1906741,148.3501122167173,8.300981620500734,0.4410397593718297
Sweden,2027,KKO,4160.939272083333,5.990785,10.623097,65837.55,2.285144901933722,2.4529942391485573,11.09496081202217,60.35250489797766,20.068529321273797,4.991295426200294,519578944.46197885,146.12689213086284,8.333736415805163,1.9445928532305914
Sweden,2028,KKO,3968.067061666666,9.2194025,10.64549,67021.84,2.0133935070362874,2.45491898059617,11.112788735803814,57.64985647418333,20.075339642005723,4.975290115686822,523129520.28309005,143.79082514513988,8.286286349003808,2.3242881192700064
Sweden,2029,KKO,4251.947874583333,3.4930325,10.672797,68128.85,1.912464558011151,2.457261091959898,11.129170722092018,55.10920384708224,20.08222449936142,4.957891178364036,526743619.4181254,141.29340785876627,8.355367639026007,1.5025278635361548
Sweden,2030,KKO,4339.252881666666,2.4790799999999997,10.705212,69209.69,1.8949988926461492,2.460034212696839,11.144910609443777,52.20874089634441,20.089410631583156,4.938872093774893,530542502.0097045,138.6126906979536,8.375687893062086,1.2467678910189597
Sweden,2035,KKO,4149.345272083333,4.1810025,10.91251,74965.16,2.0843070891025883,2.477589108434323,11.2247920906971,49.41040919295002,20.12966952877114,4.8949753281949056,552337332.3725574,132.6167100084536,8.330946807856344,1.6449985703648644
Sweden,2040,KKO,4211.77286875,4.24985,11.108521,81496.18,1.943838105074569,2.493909419635782,11.308323697403324,46.9866390532139,20.16951514928341,4.851308391931152,574789903.9419274,126.90763372779972,8.345876348527137,1.65819950476679
Sweden,2045,KKO,3946.16544875,1.4199649999999986,11.293147,87990.98,1.8341702638030144,2.5090419526385994,11.385000952943535,44.337308329396684,20.206232945161304,4.809814774293117,596287173.3617647,121.70888657189631,8.280752992379972,0.8837530772540897
Sweden,2050,KKO,3839.23276625,19.412535,11.457559,94148.38,1.5437033763486374,2.5223275872649564,11.452637948827292,42.11760114024561,20.23853510807774,4.772036984833211,615863007.5681776,117.15968647586384,8.253288259955621,3.0161491729307532
Sweden,2055,KKO,3888.99479625,1.7349949999999996,11.584352,100097.0,1.4052887137050218,2.532454137392739,11.513904985083729,39.9912322492416,20.26570823697891,4.738206717372169,632827376.1409197,113.22917270664948,8.266163098886661,1.0061296077187085
Sweden,2060,KKO,3790.1227979166665,5.1629724999999995,11.6671,106829.7,1.5374956425738828,2.5390080809994253,11.579000617385,38.0330184278478,20.290003830992863,4.706188102521703,648390586.3538479,109.6296462583619,8.240417506950752,1.8185592098575432
Austria,2025,KVE,2799.8735016666665,79.7718125,9.197213,62963.14442,-0.0362959591541978,2.322114447660544,11.050320707163715,28.24910921517269,19.995535849271405,5.198034423103453,483004171.0051699,179.91628728719573,7.937686612393322,4.3916280494649
Austria,2026,KVE,3183.7064083333335,40.93667,9.219116,63580.49807,1.2209833039249718,2.324260083969892,11.060077796156389,27.6615581533426,20.000489286542138,5.187216769514863,485402637.29468375,177.96974505482964,8.066115384270294,3.736160623179864
Austria,2027,KVE,3184.4719220833335,68.2113125,9.234675,64983.96,2.3798722654384985,2.3257814648230624,11.08191113748884,26.871349249354612,20.007937125070463,5.173866889633041,489031333.965639,175.5963976551393,8.066355727228993,4.237164324696497
Austria,2028,KVE,3214.1525108333335,55.23379,9.251146,66031.0,1.79246252821732,2.3273895042127664,11.097894751992364,26.017110692746282,20.013937034069187,5.161126137841108,491974297.400738,173.36069926711116,8.075630072819807,4.029517821775557
Austria,2029,KVE,2885.5707466666668,36.08747,9.268632,66898.02,1.5045462052945655,2.329093811562737,11.11093959727958,24.903878218219194,20.019267779752425,5.148356386405897,494603889.88553786,171.14831235664025,7.967824483698874,3.6132791767187364
Austria,2030,KVE,3343.326055416667,22.66919,9.286656,67696.05,1.3896873668433285,2.3308475213253437,11.12279788335717,24.206706991031815,20.02433978052137,5.135214509561162,497118893.859899,168.90076130377415,8.115020474061573,3.1641742024080375
Austria,2035,KVE,3042.4853554166666,18.327332500000004,9.376463,71902.67,1.5272582473911278,2.33954006822369,11.18308258552192,23.159525388132828,20.049872294923837,5.105806536782737,509975015.3449719,163.9770769680227,8.020758636165105,2.9615202857669716
Austria,2040,KVE,3156.7907420833335,95.620065,9.443147,77148.44,1.4946832102340712,2.345945973813163,11.253499599177797,22.476762571057897,20.07554119007559,5.076240266709822,523234966.65429586,159.17072325401173,8.057627929821926,4.570786431864597
Austria,2045,KVE,3099.456995833333,43.947515,9.480586,82108.34,1.227225212412697,2.3495245933601874,11.315807052672724,21.685302618104885,20.09594020950434,5.050718234248479,534018055.2229141,155.1345654164659,8.039304797619023,3.805495475740934
Austria,2050,KVE,2897.181433333333,67.4740575,9.486695,86650.98,1.02073521384487,2.3501073108019828,11.369655145430864,20.882662726284334,20.110794222270627,5.029404612677365,542009572.3583006,151.8419854195755,7.971838727316144,4.226454950906916
Austria,2055,KVE,2912.896404166667,20.5087025,9.453914,91261.13,0.9620932581113184,2.346976453740726,11.421491194116978,20.217695922301868,20.12101165603689,5.011564547240208,547575907.6808553,149.13945275501334,7.977246435047927,3.068457620679235
Austria,2060,KVE,3163.1630429166667,90.38281,9.392821,96652.66,1.1273872761431214,2.341115279327011,11.478889352517514,19.784674535145808,20.129675145777288,4.994818910898819,552340434.8634678,146.64620584371718,8.059643858190945,4.515057386373647
Belgium,2025,KVE,1804.7007770833336,146.154215,11.883495,63587.69763,1.156511989250375,2.555947034798879,11.060191023315756,36.511547192862935,20.371332417745197,5.2758161168449424,703326947.4874889,194.55000305907063,7.49870403757193,4.991481118509814
Belgium,2026,KVE,1996.8639229166668,91.1750925,11.933176,64080.79235,1.1967653346052654,2.559795792938671,11.067915551856691,35.63108285466427,20.377542791493703,5.263949039749423,707708462.0440311,192.2431112012612,7.599833850240821,4.5236899476456065
Belgium,2027,KVE,2207.11497375,63.9966,11.976143,64967.62,1.7489675681946704,2.5631125176575864,11.08165966307642,34.74185627160668,20.384763874275137,5.250761861256593,712837379.3220642,189.7115088348647,7.699894477486062,4.1743349608352345
Belgium,2028,KVE,2107.1799120833334,93.13042041666668,12.017863,65836.86,1.6909789539607534,2.566322491204821,11.09495033178505,33.48317203602501,20.391748669363235,5.237257616435228,717833831.6389251,187.15340543213435,7.6535802533074895,4.544681271890031
Belgium,2029,KVE,1870.2905083333333,76.80140708333333,12.058341,66721.75,1.6854070122963138,2.569427086682928,11.108301253209609,32.017784121774675,20.39863431842797,5.223309506206455,722793639.6497083,184.54723879530215,7.534383583239453,4.354159516924826
Belgium,2030,KVE,2251.4048791666664,24.359722499999997,12.097616,67631.11,1.693061169134058,2.5724302289130505,11.121838149254266,31.179887374663128,20.40545833873359,5.208870854824654,727742865.733954,181.8874350969638,7.7197537595860135,3.233162187080134
Belgium,2035,KVE,2169.942648333333,19.7310675,12.277743,72529.29,1.7082801566836503,2.586089174785054,11.191759546694977,29.85529954356457,20.43868948477138,5.173089074020536,752332910.0169147,175.45909162623997,7.682916752363684,3.0316334205391144
Belgium,2040,KVE,2137.6015175,125.43106416666669,12.434514,77557.69,1.4829219166864194,2.5978270672412145,11.258790219064386,28.722922074947682,20.46906596495028,5.139575491641734,775536777.4705698,169.6433134307241,7.667907397898663,4.839697212330752
Belgium,2045,KVE,2086.568602083333,37.788795,12.552813,82239.26,1.2674408128701131,2.60659412725552,11.317400242162591,27.555295999635064,20.49400123168795,5.110337027691134,795118112.2333063,164.7261997810336,7.643755319458478,3.658131416261959
Belgium,2050,KVE,1992.9346125,61.874109999999995,12.623315,86532.72,1.0805625512940065,2.611782663176806,11.368289443546924,26.474622656410087,20.513030984401027,5.085678893222022,810393899.5492003,160.6896720073653,7.597865157857731,4.141134473250137
Belgium,2055,KVE,1828.8040329166668,53.579075,12.646069,90874.28,0.9875736973192328,2.61345149480724,11.417243295986507,25.39651620597744,20.527750212790227,5.064306386347335,822410492.9937952,157.2706253263445,7.511964154263482,3.999650567536727
Belgium,2060,KVE,2037.86396125,83.01089291666666,12.637926,95839.99,1.1208374047089853,2.6128545880681955,11.47044574301212,24.761759508140027,20.54114554672357,5.043872260278519,833501071.355491,154.06932271812877,7.6201480499818395,4.430946468015268
Bulgaria,2025,KVE,2131.1783258333335,341.41076166666664,6.43736,35153.67259,2.9274758683521807,2.0065159471651715,10.467512821263195,19.587272718613146,19.63759056465475,5.101480451848606,337673686.20442617,163.26491367100766,7.66489942429884,5.836011073874918
Bulgaria,2026,KVE,2052.0547570833332,303.4418625,6.410522,36201.30633,2.550819854887676,2.002900882170968,10.496878106557896,19.072333043672064,19.64116201310719,5.091380531130684,338881826.49322754,161.61420113127184,7.627084088403791,5.718480141170518
Bulgaria,2027,KVE,1941.3141941666668,268.38559458333333,6.377196,37657.48,3.4816587935120102,1.9983936206152295,10.536313440270748,18.54268381041178,19.646356471630035,5.079426625757661,340646713.9391988,159.68189864893134,7.5716354247281155,5.596143790324351
Bulgaria,2028,KVE,2208.5558666666666,195.9709725,6.34031,38968.6,2.883155735814147,1.993381076067005,10.5705371339742,18.208839534786605,19.649586973918627,5.068403192458769,341748953.366313,157.9203593999523,7.700546809006364,5.283056370165511
Bulgaria,2029,KVE,2078.6748925,262.422695,6.300267,40189.81,2.4824765584938735,1.9879109228279497,10.601393641507382,17.600068416004174,19.65139408709684,5.057874172543255,342367090.75928414,156.2558619116419,7.63996685879629,5.573759947328679
Bulgaria,2030,KVE,1980.4546683333333,232.32308708333335,6.256722,41354.33,2.186362471200032,1.9819282117215304,10.629956591782236,16.97257374499602,19.65199598701008,5.0476558619617915,342573223.51152945,154.6571546282255,7.591586534919053,5.452424132911113
Bulgaria,2035,KVE,1909.8368833333336,376.27046625,6.018874,46663.96,1.434237426043827,1.948602806312048,10.75074884082601,16.956056564353236,19.65081014715051,5.038753467345667,342167227.2979055,153.27758306932202,7.555296583890397,5.932962347336126
Bulgaria,2040,KVE,1992.0233691666667,361.39090708333333,5.803606,51399.78,1.1305817962179887,1.917452765743471,10.847408626425391,16.901617647223464,19.649625613292457,5.029786781544618,341762158.5870355,151.90040803095243,7.597408045767064,5.8927234830243895
Bulgaria,2045,KVE,1863.632075,414.26454083333334,5.611168,55909.55,0.9247541287534132,1.8887603402203583,10.931508371210723,16.645197398204235,19.648442384787735,5.020754777174998,341358015.00223297,150.5256287296917,7.530819033795514,6.0289157649383185
Bulgaria,2050,KVE,1625.151035,428.36447375,5.433547,60496.15,0.8610867151608748,1.8615260191264429,11.010351535471326,16.27233562090159,19.647260460985912,5.011656401733258,340954794.173264,149.15324437173427,7.393971173247858,6.062306147392267
Bulgaria,2055,KVE,1935.1856595833333,191.4391675,5.272295,65078.6,0.9397808381171212,1.8361423163807975,11.083366415032586,16.215483708908444,19.64607984123431,5.00249057677104,340552493.73632896,147.78325415291445,7.568475161783661,5.2597800907982
Bulgaria,2060,KVE,2095.305517083333,360.53455625,5.120715,71240.9,1.4252653166683338,1.8116789197654937,11.17383640745783,16.136999987474702,19.64490052487801,4.993256197036137,340151111.3340442,146.41565725872587,7.647931796785929,5.89035762831657
Croatia,2025,KVE,1576.464000833333,449.5617295833333,3.87435,44491.65593,3.8961818647847313,1.583986762226798,10.703079419253612,12.002762989415942,19.089724735300457,4.982001034194079,195236993.56051,144.76577230976403,7.363573773764065,6.110495092263673
Croatia,2026,KVE,1832.242118333333,346.52856125,3.876167,45958.63,3.3456337019078353,1.58435946041727,10.735518681451609,11.793986687074144,19.098754018227936,4.96739311253233,197007826.26605144,142.651914451682,7.513841327678335,5.850846852274863
Croatia,2027,KVE,1738.1740483333333,350.53016916666667,3.875123,47352.36,3.0048245534515905,1.5841453349007508,10.765393057025866,11.38431805705447,19.106368200291435,4.953183537965634,198513605.09297368,140.62511593674571,7.4611655946441475,5.862295537344701
Croatia,2028,KVE,1772.3466458333332,265.9648745833333,3.87025,48828.11,2.9868590246300064,1.5831452704791764,10.7960819303895,11.017382509548655,19.113208389931422,4.938866660567104,199876130.4582078,138.61193215525574,7.480623800688274,5.587117093878351
Croatia,2029,KVE,1619.1893195833334,254.62508333333335,3.861586,50350.26,2.8865240715973295,1.5813647221244789,10.826778922659807,10.549279777629954,19.119067892260645,4.924573176537486,201050743.0779952,136.63058514152593,7.390298285338701,5.543711852795383
Croatia,2030,KVE,1898.0031633333333,276.2040508333333,3.849276,51910.67,2.770449805475095,1.5788294154557545,10.857298899369102,10.262045535121452,19.123928900347153,4.910291575214367,202030431.5784984,134.6789692661258,7.54908437659991,5.624753880604837
Croatia,2035,KVE,1648.2435895833332,256.87477041666665,3.752962,59563.69,1.948681842957778,1.5587680026493551,10.994818227821362,10.091293224218983,19.134879102499337,4.89140446985167,204254862.4127696,132.14043452694614,7.4080720312276584,5.5524740811017965
Croatia,2040,KVE,1764.7073433333333,444.06426583333337,3.648026,66067.42,1.255978466110652,1.5364426133377516,11.098446150707412,10.021395132416819,19.13401621160484,4.881099194229393,204078688.77122104,130.7754311010526,7.476306650179491,6.098218689342018
Croatia,2045,KVE,1616.1996158333334,371.45726625,3.542619,71401.37,0.8655800201038399,1.5135037179731214,11.176086341054102,9.769319682254894,19.13315438368207,4.87098803863221,203902883.82562009,129.4497426288576,7.388451300216089,5.9201223097620925
Croatia,2050,KVE,1542.7325108333332,388.81229041666666,3.441967,76342.01,0.7502885388018354,1.4910972963586426,11.242991754392763,9.544432516840187,19.132293617701293,4.861322165941028,203727446.67497808,128.19490633776496,7.341958471297269,5.965665316634548
Croatia,2055,KVE,1569.4668570833333,198.61586083333333,3.349029,81683.97,0.8282482171757977,1.469952601792855,11.31062529819605,9.355766896665948,19.13143391263228,4.8515728615060665,203552376.4206899,126.9414658789102,7.35912821533885,5.296394823813191
Croatia,2060,KVE,1738.436255,412.7683129166667,3.265212,87369.46,0.8215093628573422,1.450491886625059,11.377912518243372,9.234199635649958,19.13057526744427,4.841738597731241,203377672.1665272,125.68942230977514,7.461316348332718,6.025306186537572
Czechia,2025,KVE,2434.5220133333332,154.62505708333333,10.9095,48882.03249,2.120203273511634,2.477336400957832,10.79718563140556,28.157272133355868,19.81723454575903,5.083921815802756,404124898.6756419,160.40582018359615,7.7979163917330885,5.04744963401944
Czechia,2026,KVE,2617.742726666667,91.71526,10.915838,50009.43019,2.365800268591789,2.4778684395924575,10.819986866455537,27.512886480427174,19.82383235506745,5.0714441535991455,406800053.0754269,158.40436558631947,7.870449606260068,4.529533076068139
Czechia,2027,KVE,2633.0190579166665,132.4644325,10.894076,50962.73,1.7030780851365668,2.4760404610403453,10.838869482229926,26.7433095927085,19.82681967837831,5.061176355183792,408017113.3309671,156.77600782471455,7.876266117628861,4.893835019122359
Czechia,2028,KVE,2748.7633483333334,104.8744575,10.870364,51932.4,1.680903194536465,2.474044873694785,10.8577174074469,25.982738401788538,19.82961448422247,5.05044940551051,409159036.9306983,155.09259759962197,7.919270131806145,4.662254028992149
Czechia,2029,KVE,2471.497935,132.52834833333333,10.846174,52954.23,1.740705378606866,2.4720049462493465,10.877202118578696,24.927105024403676,19.83252850129071,5.039006246190584,410353072.22553855,153.31658610793068,7.81298422830946,4.8943138023640245
Czechia,2030,KVE,2812.1538116666666,46.15575,10.8203,54025.3,1.7792542650519438,2.4698183923665273,10.897226244019404,24.221660864672167,19.8354242667888,5.026935743898752,411543080.6581381,151.465104040481,7.942061485866926,3.8534559528635333
Czechia,2035,KVE,2577.7461970833333,56.280745,10.683962,59629.35,1.6302216814703785,2.458217132209353,10.995919951628686,23.667740582766307,19.848788214329623,5.006738414041246,417079834.85567737,148.41660543933222,7.855058589671174,4.0479645288527255
Czechia,2040,KVE,2725.014368333333,215.969125,10.626197,63914.13,1.0907364116111262,2.4532609139145416,11.065311388551397,23.15592636238394,19.86167847126128,4.986809321789889,422490901.19410944,145.46834379393215,7.910595883091205,5.379755062311552
Czechia,2045,KVE,2683.1952133333334,46.0992275,10.603857,67785.06,1.1722897378984465,2.4513375428464443,11.124111848069177,22.375377766908795,19.875090678265483,4.966388472455821,428195607.465677,142.50766845114558,7.895136227687148,3.8522565996139844
Czechia,2050,KVE,2490.68541125,103.743775,10.561597,71924.81,1.0171353256328342,2.4476890024914937,11.183390450087304,21.599124710118247,19.88674030748255,4.947197627833509,433213096.736373,139.77989295846368,7.820714632472179,4.651517129828743
Czechia,2055,KVE,2462.4386833333333,51.310215,10.483569,76329.34,1.1099285515453028,2.440917231077346,11.24282577912558,20.940876532177853,19.895009263602763,4.930437788827354,436810168.34994096,137.44010660717663,7.80931349161269,3.957191667486862
Czechia,2060,KVE,2704.017693333333,116.80369791666666,10.357747,82451.06,1.41800557293148,2.429900066158724,11.319972312514926,20.62689925321722,19.90329287009553,4.913842401032629,440443559.9215249,135.16159801139938,7.902863732232696,4.769019662207523
Denmark,2025,KVE,2113.251655,7.633499999999998,5.992734,75514.80721,3.0530085897926496,1.9448716099602272,11.232097280342767,19.401379355000785,19.708548689890037,5.062929559213556,362504949.925059,157.05286397918078,7.656456201445518,2.155649984870348
Denmark,2026,KVE,2198.658625416667,15.732415,6.025601,76331.68964,1.6361316696349435,1.9495607631619032,11.242856561168956,18.82098675485971,19.716857425836636,5.048987855568288,365529455.35037255,154.86462710832927,7.696057457041104,2.8173478560454974
Denmark,2027,KVE,2324.63068,4.217432500000001,6.054421,77349.77,1.818430255146053,1.9536545124826077,11.256105810702795,18.210095973595447,19.725125267760777,5.03446258057224,368564122.9031387,152.61701365648906,7.7517465414521105,1.652005422655058
Denmark,2028,KVE,2473.9755441666666,9.9966225,6.08085,78324.68,1.7024174948814697,1.957393956996599,11.268630797557362,17.616880820763935,19.73278620119689,5.019769834287972,371398511.29120314,150.37645811380017,7.813985793809191,2.397588180195718
Denmark,2029,KVE,2197.7669854166666,25.4889175,6.105245,79288.43,1.6365688504199172,1.960833243713168,11.28086010744,16.779079520453735,19.740017117624983,5.0047520397129395,374093795.8399316,148.1201027102615,7.695652021055093,3.2767264379718415
Denmark,2030,KVE,2588.631415416666,7.897664999999999,6.127181,80268.1,1.5993145193819114,1.9639157845772144,11.293140018903802,16.230547678327518,19.746844174625313,4.989366388460486,376656493.4019328,145.8433523707761,7.8592708339165265,2.1857888827652445
Denmark,2035,KVE,2344.9750966666666,10.9707375,6.20323,85827.26,1.629636527364786,1.9745295365372408,11.360103601874826,15.498033897398678,19.776850395192696,4.956317671326468,388129805.77961504,141.06968424160434,7.760456413925479,2.482465130036162
Denmark,2040,KVE,2530.4179633333333,17.911344999999997,6.253086,92265.98,1.5715223919725574,1.981427033473533,11.432441610005531,15.037960151436561,19.80394447371682,4.925415131481861,398789581.5488123,136.74651268922082,7.836534884538168,2.939762006529159
Denmark,2045,KVE,2484.0193058333334,5.213282499999999,6.279032,99547.82,1.685831997933751,1.984997886334728,11.50840345608206,14.502102745768438,19.8281305707552,4.896613098272753,408552330.58524585,132.83572275531293,7.818035707447566,1.826689339225396
Denmark,2050,KVE,2185.2985754166666,5.787947500000001,6.287777,107586.6,1.519629277316148,1.986198561245833,11.586060678433306,13.91009502495569,19.8500150754144,4.869427124384144,417591847.89574885,129.2462806016308,7.689965244687087,1.915148613105182
Denmark,2055,KVE,2058.1983070833335,41.3310325,6.283193,115367.5,1.2860309451500518,1.9855693649533104,11.655886632189938,13.417411966626629,19.867711935256008,4.845198339613263,425047690.23173726,126.12849410973004,7.630072014718046,3.7455204459197446
Denmark,2060,KVE,2285.238694166667,10.9354425,6.273573,122689.5,1.1692346404715837,1.984247642614644,11.717420203088686,13.027282508239107,19.882417591460623,4.823020098461275,431344481.19477606,123.34004347176884,7.734663254549782,2.4795123349309005
Estonia,2025,KVE,3085.81169625,7.0317325,1.369995,42598.22788,2.130483478589018,0.862887845440173,10.659591407210575,4.394970375706833,17.160915418089864,5.170143910647836,28372059.05750885,174.94015532400118,8.03489402369445,2.083400258111905
Estonia,2026,KVE,3083.5687566666666,72.99111,1.364632,44074.8942,3.061465790284501,0.8606224072995677,10.693668295205477,4.287904828560061,17.16598569640478,5.158922393072537,28516278.606029708,172.97687586799694,8.03416713942627,4.303944950852231
Estonia,2027,KVE,2912.1612770833335,12.672135,1.357873,45783.64,3.362413469195946,0.8577599414620062,10.731703942673748,4.137114612188469,17.17105765092706,5.147150907868233,28661279.286924068,170.940916291667,7.976994120028085,2.615359819959976
Estonia,2028,KVE,3365.785181666666,11.8462125,1.351469,47306.16,2.838163830126162,0.8550402392414349,10.764416937231294,4.052155379005298,17.174962935860687,5.135743473061699,28773428.59797971,168.99065637872798,8.121713616016896,2.5530490208130585
Estonia,2029,KVE,3290.5951320833333,37.2859325,1.345409,48739.33,2.5675776163277764,0.8524598003360065,10.79426209777589,3.9038928022966646,17.17834468504851,5.1241751805025055,28870897.835521027,167.03548553183313,8.099127568839753,3.645082531066166
Estonia,2030,KVE,3150.715057916667,24.368875,1.339781,50120.53,2.4036852380763474,0.8500573352462271,10.822205935279907,3.7324550614891585,17.181526894221108,5.112174184397777,28962917.40973045,165.03094462673317,8.055702046484258,3.233523028914932
Estonia,2035,KVE,3229.2263416666665,66.3206975,1.317244,57237.38,2.373141277540469,0.8403785484943713,10.95497993138309,3.6975231255756604,17.199600068367197,5.088376177365195,29491128.12222409,161.1263836987768,8.080307488580978,4.209467730231498
Estonia,2040,KVE,3486.571839166667,15.936672499999997,1.303275,64766.18,2.2098530396801097,0.8343320231757194,11.078554272553816,3.6440525682476705,17.2215486211918,5.061473427114879,30145571.49775746,156.8228856107306,8.156961024961669,2.829481241357861
Estonia,2045,KVE,3182.51884875,13.987794999999997,1.291063,72293.62,1.8311352077373224,0.8290159020020439,11.188504993206626,3.530738470356082,17.24114892939635,5.036318729393993,30742262.57164293,152.9024144866554,8.065742420202863,2.7072362032291477
Estonia,2050,KVE,2857.9130958333335,20.664307500000007,1.277067,78899.08,1.3970932348572829,0.8228882113303037,11.27593752077515,3.403126482428177,17.25332146442788,5.0167992364654275,31118760.6712528,149.92744678317314,7.958196795159845,3.075666090683783
Estonia,2055,KVE,3189.598142083333,26.40995,1.260817,85275.82,1.3235634404359595,0.8157262523819923,11.35365794977384,3.3376462575105266,17.261024819676535,5.000607499665942,31359405.24259561,147.5033474390712,8.067963683557235,3.3109060861612614
Estonia,2060,KVE,3057.90490875,9.6050675,1.240526,93528.42,1.6875810782166931,0.8067106597292836,11.446031318190508,3.239686523461361,17.269176561450976,4.983977507697156,31616083.79173581,145.05415939722764,8.025812257937101,2.3613319529185963
Finland,2025,KVE,4112.72178375,14.018579999999998,5.635971,56146.12949,1.1263406225166417,1.8925050022161776,10.935730836687055,36.61275659884071,19.836451276600055,5.104434901854656,411965956.552432,163.75094376847167,8.322083441224606,2.7092881012542267
Finland,2026,KVE,4358.213770833333,27.183617500000004,5.656904,56720.47267,1.3981606994728946,1.895654511604264,10.9459081247265,35.67016428744434,19.842844251311856,5.092285774074997,414608081.01998353,161.76147313790645,8.380046992291549,3.3387408694168967
Finland,2027,KVE,4117.2353425,1.2899975,5.67257,57718.63,2.0415925737353957,1.898005093062046,10.96335260261085,34.33484489789532,19.8502131925458,5.078787039631356,417674588.1908104,159.57916159390703,8.323180035663349,0.8285507258624956
Finland,2028,KVE,4339.098710833333,1.7659849999999997,5.684913,58608.76,1.7631350024954306,1.899853196258301,10.978656514597734,33.314487431370225,19.856425274469203,5.065586436855365,420277292.6931342,157.4733494415723,8.375652371267444,1.0173968102343696
Finland,2029,KVE,4402.801120833334,7.471662500000002,5.69388,59478.06,1.643298199173815,1.9011936761271089,10.99337959681774,32.19466196649351,19.861886625074707,5.052349008144802,422578853.4400203,155.38939331693015,8.390223338065693,2.1367267703951054
Finland,2030,KVE,4248.66598875,17.6672375,5.69942,60366.33,1.5921919767730497,1.902020955485588,11.00820334354722,30.920443002033288,19.866770950269864,5.038920892932766,424647914.8567037,153.303415246667,8.354595667947684,2.9267699819566126
Finland,2035,KVE,4141.72968125,22.259465,5.692044,65277.74,1.549765919503887,1.9009193581179056,11.086421687981124,30.046000346894985,19.886116890657423,5.014263233543927,432943108.5687048,149.54517925785035,8.32911019284517,3.1467121459661493
Finland,2040,KVE,5048.717476666667,6.1185149999999995,5.665869,70810.76,1.503749440197355,1.897000327727249,11.167780367583369,29.67948698983468,19.902977379475175,4.991423880674789,440304626.02658135,146.14579245236504,8.527087575489892,1.9626991362549457
Finland,2045,KVE,4419.840467083333,13.775785,5.63402,76399.65,1.3835202305665373,1.892210955292701,11.243746482971824,28.67703746067605,19.917386878516673,4.970355789747309,446695126.50978035,143.07813977778278,8.39408510791918,2.6929896921684464
Finland,2050,KVE,4026.2356441666666,4.931820000000001,5.59858,82308.14,1.3285066426934389,1.8868544743688207,11.318237437606918,27.72934830175655,19.93073391697299,4.949999509981192,452697149.06636304,140.17489474310636,8.30083547519773,1.7803310799177954
Finland,2055,KVE,4334.5422733333335,7.644614999999998,5.557768,88385.8,1.2988897315347805,1.8806503011574691,11.389477916209236,27.23973137096123,19.94221699720452,4.9316926820488245,457925467.9126753,137.6139432089116,8.37460197327904,2.156936583730612
Finland,2060,KVE,4063.96777625,4.432215,5.516127,94992.24,1.3280925678878177,1.8742801810348215,11.461561010156098,26.471290250319402,19.953718217954812,4.913278537981603,463222573.0146015,135.0848431589583,8.31016109482872,1.6923469697382127
France,2025,KVE,1497.1502279166666,258.1594025,68.8826,54692.6456,0.6515300621127595,4.2468166912136605,10.909502813471898,269.1639692710979,21.896316444745032,4.999410024280531,3231836680.922242,147.32562476636178,7.31198644470755,5.557443326053555
France,2026,KVE,1854.9635204166664,126.635375,69.05683,55037.42622,0.8849287933729855,4.249306769814465,10.9157868788118,264.2762863175113,21.900500925613205,4.988439175633066,3245388573.7305717,145.7072604336815,7.526159258205068,4.849177566030892
France,2027,KVE,1958.5327541666663,147.61483,69.201003,55804.6,1.6055974518841332,4.251362598678984,10.929629501756772,256.6050106012299,21.90623941447656,4.975639031187223,3264065738.019931,143.84135372293818,7.580461333073683,5.001357925419905
France,2028,KVE,1833.3264454166667,155.43655,69.337129,56588.0,1.603299428607574,4.253299810176444,10.943569899013834,246.4319043772524,21.911883314069726,4.962239241914162,3282539881.3825846,141.91345566566724,7.514432633387325,5.052650496460809
France,2029,KVE,1601.678747916667,114.411965,69.466605,57386.45,1.6003569981665189,4.255138909649386,10.957580917287222,234.81225899812813,21.91744626965891,4.948208793246152,3300851390.8018246,139.92231671187037,7.379431725736076,4.748508031541593
France,2030,KVE,1938.5792879166663,68.5352425,69.590234,58207.46,1.6111838523582112,4.256891806319014,10.97178598398041,228.08986913432415,21.922972940755383,4.933491634885341,3319144614.535595,137.86352758317767,7.5702263666408065,4.241833710376855
France,2035,KVE,1929.112060833333,40.96109500000001,70.160114,62593.78,1.5986555765354016,4.26493246481996,11.044437167029866,220.2120248111959,21.95030051827137,4.902447141266876,3411099526.2294927,133.61880817191744,7.565333342821308,3.736742879469768
France,2040,KVE,1797.5207620833332,169.3131975,70.646627,67138.55,1.485934158505109,4.271746077101867,11.114528568098695,212.03990584950432,21.97570723759755,4.872760910478062,3498874692.486102,129.68121843270197,7.494719807179879,5.137639080262021
France,2045,KVE,1706.1712454166666,108.1213025,70.888632,71956.43,1.4405034177056295,4.275118143742532,11.183829973140984,204.286932733396,21.997414790826504,4.845697276882734,3575657064.7746663,126.19193907966697,7.442593037280447,4.692460130424207
France,2050,KVE,1806.7518533333337,167.51339000000002,70.900505,77088.3,1.413781767685851,4.2752832883462855,11.252719769116323,198.66900374299357,22.015761465198437,4.820965193586858,3641863961.72028,123.0847988518772,7.4998392822700435,5.127015212510542
France,2055,KVE,1578.4256533333332,121.478375,70.666277,83163.14,1.4540177834066137,4.272020302235469,11.328571524282571,191.01895061056965,22.0324687408714,4.797297588699719,3703220711.7593656,120.1824896908364,7.364816549386514,4.807934483789174
France,2060,KVE,1758.47059875,198.79585375,70.262804,89915.06,1.4557977400551092,4.266374508266861,11.406631847441558,187.36951026895645,22.047341979344445,4.775186988990823,3758711235.502183,117.53247681683509,7.472768246619184,5.297296113997126
Germany,2025,KVE,2130.4009795833335,118.3415725,83.57714,62128.11189,0.4029008985522608,4.437664017332173,11.036969948572828,232.30154135852834,22.07539424009661,5.193595963903149,3865644429.8119183,179.1150771120517,7.664534779382947,4.781989738645302
Germany,2026,KVE,2303.4894016666667,90.2159125,83.499996,62924.90581,1.1890148887025551,4.436751487025849,11.049713214973409,227.54212918007883,22.077833591856443,5.184759109038837,3875085606.851414,177.5304382406224,7.742614413176964,4.513229361027233
Germany,2027,KVE,2411.0362929166668,76.350035,83.377681,63547.13,0.8409025747799781,4.4353029235027,11.059552850535562,221.94023318496318,22.078964236892716,5.176444563882979,3879469430.966554,176.05219283538233,7.788226604548412,4.348341029507661
Germany,2028,KVE,2445.572257916667,96.3590425,83.25017,64127.54,0.7590249785052627,4.43379058703459,11.068644785627711,215.61540792003782,22.07983300738396,5.167804451734141,3882841263.993172,174.52903165033214,7.802443245513405,4.578405613996565
Germany,2029,KVE,2185.413757916667,97.0667775,83.122146,64683.7,0.7121557115026933,4.432269861683607,11.077279976480847,207.13971541453964,22.08057273029353,5.158721399029586,3885714553.2190113,172.94191106631249,7.690017927091621,4.585648649682137
Germany,2030,KVE,2553.10019,40.7271375,82.990067,65264.19,0.7371050868608897,4.430698541851231,11.086214095026804,202.05591110293582,22.08134010425484,5.149057981494579,3888697493.7580714,171.26913314579454,7.845455264483985,3.7311516965161826
Germany,2035,KVE,2364.8690454166667,29.00363,82.331992,69040.8,1.163004275069368,4.422832533064595,11.142467397259855,196.22500787341428,22.088223535931935,5.134466010591086,3915557415.438507,168.7736383405617,7.7689006944928805,3.401318374342246
Germany,2040,KVE,2430.4020375,138.84901833333333,81.721963,74568.03,1.4595172795583975,4.415485141136192,11.219480552541208,192.7110514538367,22.1011094392307,5.115042298268908,3966339392.813516,165.5078238270751,7.796223340115914,4.940563400197758
Germany,2045,KVE,2397.5324404166668,35.419405,81.05046,80540.13,1.3050192494183044,4.407334423857984,11.296523264602529,188.2206131665191,22.11318921979286,5.096170911979642,4014542457.394878,162.39505388394193,7.782612346144239,3.595101736988634
Germany,2050,KVE,2243.2635066666667,66.1481975,80.277587,86404.64,1.1780259969913276,4.397870295889489,11.366808230439425,183.46053100984608,22.122155104711716,5.079655761188055,4050698225.1004663,159.71872078340152,7.716132686961861,4.2069020797199155
Germany,2055,KVE,2092.056704166667,66.63303,79.415128,92169.8,1.0567806197992802,4.387202317689178,11.4313986565638,178.6031082513903,22.128398127343463,5.0651811662709765,4076065928.982282,157.4091378670441,7.646380814370777,4.214096473185638
Germany,2060,KVE,2356.8409308333335,70.44951,78.505228,98654.39,1.2239143054514123,4.375822780504415,11.499388147565886,176.26635212646818,22.134816037336787,5.050487112691116,4102309878.82037,155.09848352236097,7.765501619463619,4.268991046409743
Greece,2025,KVE,1226.2972058333332,451.31542125,10.372335,38121.54839,2.3658031936796498,2.431183651673543,10.548561207317498,37.227547830456416,20.20610000660993,5.046759219081421,596207909.0773572,154.51764830177316,7.112569636923069,6.11437977108276
Greece,2026,KVE,1173.650213333333,399.51327208333333,10.35871,39068.19492,2.3486111158152134,2.429984850506968,10.573089581745178,36.1705318125419,20.211258380634337,5.035484937354146,599291318.3257799,152.77414536086235,7.068725691479421,5.992746904744188
Greece,2027,KVE,1083.19890375,346.02792791666667,10.326251,40319.45,2.879360448962265,2.427123128844605,10.604614063397255,35.0434033211076,20.21643899747284,5.023575042656783,602404073.0587605,150.95357440656113,6.988596655711541,5.849405260617905
Greece,2028,KVE,1154.9375675,295.15677666666664,10.288906,41521.93,2.6099450382923273,2.423820473555045,10.634001083750707,34.20194093632832,20.220570902735425,5.011835099979212,604898299.0266825,149.18007889069725,7.052667040420932,5.690888965009431
Greece,2029,KVE,1173.6244308333332,389.52260125,10.246897,42708.69,2.4381885008046167,2.4200922683822617,10.662181105555836,33.19497528228608,20.223916053745786,5.0000470081890365,606925163.3797965,147.4201359003972,7.068703742151304,5.96748584532576
Greece,2030,KVE,1053.5620770833334,390.4653075,10.20001,43885.52,2.285300380854527,2.4159146711577932,10.68936249040681,31.843191644865396,20.226502740910313,4.988171188623111,608497121.1172854,145.6679500611892,6.960880866923292,5.969896897200419
Greece,2035,KVE,1028.4116283333333,512.0952912500001,9.934432,49563.42,1.693340469823701,2.391916709478305,10.811028516592822,31.744474799289723,20.232227222358233,4.974516843974608,611990440.7862012,143.67890577348587,6.93674268337919,6.240461580844808
Greece,2040,KVE,1019.88698875,487.52861375,9.687426,54673.47,1.3434284898863336,2.3690679102622996,10.909152151853725,31.50664432208357,20.23294308932287,4.964607413717598,612428701.37557,142.2523003445533,6.928427125211786,6.191398044485932
Greece,2045,KVE,935.3371525,526.2714820833334,9.444922,59342.05,1.0557437301987216,2.346115927292757,10.99109029124319,30.980210559749352,20.232025923607537,4.955858319343365,611867260.2732859,141.0044392367676,6.8419756172815,6.267715562167259
Greece,2050,KVE,887.3685245833333,542.3407279166667,9.182676,64554.1,1.2028447567184797,2.320687844947892,11.075274401674308,30.567581713202678,20.231109641220733,4.947041364445793,611306873.8540329,139.75789593417724,6.789386662062757,6.297736614702664
Greece,2055,KVE,960.28664375,340.1398520833333,8.893184,71009.87,1.2920341687676418,2.2918460351775267,11.170588242896608,30.537473341560453,20.230194241500072,4.938155430111771,610747539.7577488,138.51267120007046,6.8682726410295505,5.832292516617432
Greece,2060,KVE,1103.8679158333334,498.5239975,8.589605,78604.73,1.4300274667941038,2.2606796993087985,11.272199876523525,30.72863082424316,20.22927972378274,4.929199369281221,610189255.6301801,137.26876579099198,7.007481073624689,6.213655639977621
Hungary,2025,KVE,1900.039175,440.21901,9.539502,41154.00537,0.6931582526233715,2.355130293420117,10.62510083588906,20.14411955635701,19.555496627421864,5.104618897134309,311060076.7156056,163.78125995337544,7.550155949851057,6.089541373486486
Hungary,2026,KVE,2109.2988320833333,379.86066166666666,9.489006,42271.7628,2.1723228267789496,2.350327661007142,10.651898252200876,19.832756819193648,19.556813082473173,5.096342605600393,311469842.98643506,162.4231101808308,7.6545848430217935,5.9424335908254555
Hungary,2027,KVE,2006.2469316666663,337.90292625,9.432688,44163.46,3.8550168461640943,2.344943953929876,10.695675672227996,19.320207979768824,19.56241277522659,5.084133707615817,313218870.85376346,160.44002437913997,7.604519376438225,5.825713713128693
Hungary,2028,KVE,2104.0419279166667,270.6375275,9.377987,45774.75,3.0474019411352637,2.339686928294927,10.731509753897836,18.876356048982938,19.56605307851524,5.072856376902905,314361160.4218235,158.62963917698875,7.652090664168314,5.604468558083712
Hungary,2029,KVE,1969.0398766666667,334.4116108333333,9.326264,47216.34,2.580406792014145,2.334690552661726,10.762516476990108,18.23470325148811,19.568704822707744,5.061738084830425,315195872.0376899,156.86466018283497,7.585809063489943,5.815358466659135
Hungary,2030,KVE,2173.51106,233.62685333333337,9.27674,48549.94,2.2784311773556887,2.3298830891110733,10.790368835015046,17.753986553671403,19.570730470585648,5.050481320500654,315834994.98951846,155.0975793728321,7.684559118251477,5.457996394005292
Hungary,2035,KVE,1957.82677625,284.2659029166667,9.068641,54621.73,1.6357395645677508,2.309425742310373,10.908205375470342,17.49749437847116,19.579138549297387,5.034206510881693,318501755.9530512,152.5776820313728,7.580100989455991,5.653421737991556
Hungary,2040,KVE,2100.4011429166667,479.37414916666665,8.883635,59307.32,1.125783905814548,2.2908803590754134,10.990504878685512,17.333309452482844,19.580244904203862,5.02347229609381,318854326.9329309,150.93796250110796,7.65035961213797,6.174565277697734
Hungary,2045,KVE,1953.538390833333,313.171005,8.720462,63795.45,1.1387156797222575,2.2742331482069895,11.063452825151543,16.92176716329651,19.580956454917747,5.0129680677917055,319081288.6954229,149.35032450935032,7.577909327318605,5.74993743957728
Hungary,2050,KVE,1830.8954458333333,398.91259916666667,8.553183,69255.4,1.2044075401703047,2.2568743973903755,11.145570838551796,16.570444623930864,19.583257736269204,5.0011714714062085,319816430.0761362,147.58712275159576,7.513106472553787,5.991246021149591
Hungary,2055,KVE,1933.970525833333,172.6241075,8.390984,74657.07,1.1256130148997512,2.239750080062107,11.220673901612075,16.319272488824236,19.58393085535685,4.990538077104611,320031777.08939856,146.01550789585562,7.5678473732203955,5.156892660672527
Hungary,2060,KVE,2065.0512629166665,403.9217479166667,8.220534,80759.63,1.212628638350477,2.221432953461844,11.299244873287876,16.131759295451545,19.58414216619612,4.980180163289721,320099410.4185955,144.5005931578834,7.63339446201293,6.003693833417536
Ireland,2025,KVE,1740.0450666666666,4.763065,5.440278,117578.7317,4.086751089152929,1.8625717068864271,11.674871950102988,17.929302855610857,19.268211994864355,4.979162901379503,233387796.47791016,144.35265620462087,7.462240824939579,1.7514694512387459
Ireland,2026,KVE,1978.7209579166667,2.150855000000001,5.528338,119148.1033,2.9750133496767583,1.8761523932822095,11.688130956690763,17.368447582170443,19.287767937345407,4.956534837996324,237996834.97993085,141.10054039216112,7.590711183411849,1.1476738445789
Ireland,2027,KVE,2073.256355416667,1.3165275000000003,5.605476,121288.6,3.2168876889498765,1.8878990019938149,11.705936353416377,16.71788737134095,19.30632329555903,4.934002304608605,242454177.42982587,137.93445909212548,7.637357985498562,0.8400692971617537
Ireland,2028,KVE,2180.324065,2.2007125,5.675542,123383.0,2.998330900571622,1.898450399491766,11.72305672240345,16.067451970354846,19.323263222451512,4.91198336703956,246596318.2159454,134.90870411415494,7.6876873406751285,1.163373441271457
Ireland,2029,KVE,1789.7534670833334,5.0856525,5.738411,125466.4,2.8149857674253154,1.907824140452684,11.73980124285408,15.132785669368248,19.338698156295656,4.890352052677794,250432042.0100553,132.000388953222,7.490391741599532,1.805933951586314
Ireland,2030,KVE,2115.0313820833335,0.0367674999999998,5.794004,127546.2,2.642501461857094,1.9160404584930024,11.756241771153388,14.554661150629858,19.352677839734316,4.869028099317564,253957588.28796265,129.1943194384346,7.657297623720451,0.03610769967394547
Ireland,2035,KVE,2052.15123625,3.095725,5.997143,137171.7,1.891872782404702,1.9455019228852048,11.82899599488302,13.863573649872777,19.406336303319137,4.818873084390142,267956791.4615747,122.8254712684258,7.627131080282348,1.4099437468114302
Ireland,2040,KVE,2120.8702879166667,4.4604550000000005,6.167777,144081.5,1.3590925658755415,1.9695955646976169,11.878141331170708,13.217846500312572,19.44736038490121,4.7779227145533065,279178070.38999313,117.85719310845724,7.660053190027855,1.6975321196181177
Ireland,2045,KVE,2248.5540279166667,4.97497,6.319525,148977.5,1.0597071936937263,1.9905454351573444,11.911557279214014,12.58922587038834,19.480483964875283,4.742560472342628,288580305.7727945,113.7275827253532,7.7184872657374894,1.7875790768844675
Ireland,2050,KVE,2031.272365,0.1008725000000003,6.44918,154111.0,1.165226048620216,2.008103959219545,11.945434889788384,11.852339731097254,19.509732747303214,4.710115209206936,297145579.67729455,110.0649548740054,7.616909837609797,0.09610304722004982
Ireland,2055,KVE,1839.433545,6.9157425,6.537342,162254.4,1.348790061915417,2.019869599976221,11.99692691598477,11.310709377303565,19.536898455743295,4.679741781411436,305328392.62131447,106.74224792794637,7.517756445131069,2.0688534981561597
Ireland,2060,KVE,2081.1264633333335,4.077335,6.580861,172883.7,1.4312262466849912,2.025626781594109,12.06038017729896,10.99471928101656,19.56027782109257,4.65184788035087,312550876.2510902,103.77842478817256,7.641144988604653,1.6247865176371483
Italy,2025,KVE,1300.9914895833333,326.9095879166667,58.943464,53591.80314,0.7826859126478292,4.093401851343132,10.88917006826778,151.1701812532097,21.977111650635475,4.993011257121117,3503792009.887793,146.37955370194578,7.171650286328822,5.79273792379111
Italy,2026,KVE,1543.8820454166666,204.60798666666668,58.942829,54080.34429,0.9105096525378498,4.093391257971962,10.898244567841337,148.3285780257124,21.97949554270532,4.983432312668927,3512154635.7152743,144.97455309812312,7.342702840408711,5.325971378481531
Italy,2027,KVE,1471.2515570833334,255.36932416666667,58.917036,54799.76,1.2859305895255524,4.092960872030877,10.911459341453078,143.22767460049414,21.98254509270831,4.972699594972009,3522881474.6008787,143.41622692499877,7.294548179445675,5.546619077353394
Italy,2028,KVE,1484.2235004166666,192.1742125,58.873875,55518.25,1.236901141786917,4.092240266410511,10.92448508644391,138.41109229755943,21.98524960756551,4.961560324220407,3532422055.397732,141.81646212098266,7.303320545243097,5.26359243719687
Italy,2029,KVE,1335.23219625,154.9027325,58.816636,56225.75,1.1758936726762317,4.091283816247749,10.937147901287563,132.35499113492378,21.98761848537828,4.949989483057165,3540799850.701459,140.17347920025895,7.197609138583515,5.049232303171195
Italy,2030,KVE,1578.07206875,229.97016291666665,58.747265,56940.87,1.1524281369952094,4.090123415705379,10.949786201880393,128.67835846747613,21.98977345589684,4.9378763114458915,3548438397.4594665,138.47373604342903,7.364592655234342,5.442288537316379
Italy,2035,KVE,1430.9733429166668,146.4948425,58.236856,60487.69,1.0122586660775923,4.081543915742736,11.010211684394312,124.32081038532439,21.996992902036936,4.921887837297074,3574148853.3144045,136.26149611697824,7.266808732065667,4.993793209066851
Italy,2040,KVE,1484.150924583333,313.0577666666667,57.640414,64189.31,0.9655892723791748,4.07142411758076,11.069607543706844,121.39973599927353,22.00237234084426,4.907165032197435,3593427576.228354,134.25542559100325,7.303271678788595,5.749576939263806
Italy,2045,KVE,1298.20196625,256.09131625000003,56.854019,68384.8,1.0266161739789448,4.057922924000981,11.132920479719113,117.3046480712413,22.00534286069266,4.894123436598867,3604117794.0615625,132.50293152645438,7.169505482837611,5.549431337933246
Italy,2050,KVE,1307.0114258333333,315.44132625000003,55.772064,73350.95,0.9995615266285895,4.039044373752659,11.203024368084831,114.92459593974436,22.00462864478426,4.883700512493344,3601544594.8158727,131.11866717629894,7.176263267325576,5.757137841302295
Italy,2055,KVE,1271.593695,182.0583025,54.395562,79113.11,1.0253124205737318,4.014499482241147,11.2786465196428,112.66883319600667,22.003714679303386,4.873558312733308,3598254411.163649,129.78546548889352,7.148812376362405,5.209804694997656
Italy,2060,KVE,1442.5072891666666,299.84247125,52.82884,85707.31,1.0415305371253014,3.985809383018736,11.358705066045983,112.25550695845392,22.002801892831716,4.8639196605267445,3594971471.753886,128.53092562268992,7.274831048738087,5.706586776423865
Latvia,2025,KVE,3025.474204166667,14.39779,1.860565,39737.03186,1.0396443362718388,1.0510191577683985,10.590063989464186,4.485505961004215,17.996248136886646,5.071556169017895,65414082.47420857,158.42222233317796,8.01515359197365,2.734223992628035
Latvia,2026,KVE,2972.8902891666667,82.0126875,1.841333,40877.6204,1.807007352512913,1.04427330825244,10.618362476754308,4.375675029365946,17.995097968581607,5.064998346865979,65338888.51983421,157.380180249801,7.997626236348615,4.41899345756026
Latvia,2027,KVE,2850.187678333333,18.3494225,1.822938,42048.21,1.8360317255585736,1.037778186578881,10.646595878066467,4.229420890900566,17.99394924738489,5.05785254740788,65263875.445276015,156.25246126910932,7.9554909156949485,2.9626625740691805
Latvia,2028,KVE,3338.2881525,15.58028,1.80512,43234.93,1.8172651565764308,1.0314463188082523,10.674427141513595,4.150512209656442,17.992801972345823,5.050107433215632,65189042.763919555,155.03922738189542,8.113512935261735,2.808214037381198
Latvia,2029,KVE,3212.1594204166668,63.718825,1.787946,44459.04,1.8529566676077416,1.0253051239876023,10.702346087202892,4.0003820114836275,17.99165614251095,5.041750429258755,65114389.99052326,153.74064064619466,8.075009975194847,4.17005211745564
Latvia,2030,KVE,3086.08791875,32.59923,1.771424,45715.7,1.8763600689452709,1.0193612675280728,10.730218936826065,3.8315078874348143,17.990511756924036,5.032767644600995,65039916.64121442,152.35686318572303,8.034983504417303,3.514503150039901
Latvia,2035,KVE,3137.127980833334,67.0449775,1.700059,52119.18,1.7379690283219285,0.993273624623387,10.861307484801506,3.844304099935372,17.989368814626086,5.023719699943682,64965622.23348526,150.97555718831595,8.051381716665702,4.220168920348695
Latvia,2040,KVE,3230.5698104166668,33.7130425,1.640306,58604.9,1.5554657643187753,0.9708948195321944,10.978590653090809,3.830990922662869,17.988227314655347,5.01460554914506,64891506.28618897,149.596722042832,8.080723307569302,3.5471154808867413
Latvia,2045,KVE,3049.0587958333335,18.259045,1.586358,64739.97,1.1367514733720665,0.9502507085097318,11.07814951037695,3.7646813869966067,17.987087256047325,5.005424120317838,64817568.31953581,148.22035712484373,8.022916146738057,2.9579808205092606
Latvia,2050,KVE,2800.2085641666667,34.4528475,1.535556,69794.81,0.7063392179556649,0.9304129423825328,11.153329258295376,3.665533629974354,17.985948637834788,4.996174314978416,64743807.85508914,146.84646179666464,7.937806233097361,3.568203574152869
Latvia,2055,KVE,3108.4935375,40.1356475,1.487144,74478.67,0.7109525340650347,0.9111350642307098,11.218281481221476,3.611858185282954,17.984811459047776,4.986855007160651,64670224.41576158,145.47503540737648,8.042215142233374,3.7168750813502958
Latvia,2060,KVE,3013.86730375,18.025147500000003,1.439369,80620.08,1.1204335348076857,0.8917393993032916,11.297515432761037,3.5275911288971455,17.983675718713613,4.977465042492428,64596817.525811054,144.10607729285724,8.01131109616951,2.945761656674332
Lithuania,2025,KVE,2925.5939779166665,20.5276975,2.890664,48663.11751,3.3892125231365755,1.3585798371511804,10.79269723071898,6.0456993793621425,18.72470037963221,5.0516975527567896,135529565.79802302,155.28754578219045,7.981594560949883,3.069340361858026
Lithuania,2026,KVE,2850.7368654166667,88.59732,2.886877,50217.23153,3.0584260204892466,1.3576060074280631,10.82413341763514,5.8710593769111155,18.7316851344566,5.03879515794929,136479520.3312174,153.28401512896286,7.955683514099791,4.495325408819265
Lithuania,2027,KVE,2756.56516625,28.5749625,2.877618,52262.46,3.7389726275474544,1.3552210475848816,10.864052744307404,5.679461877567989,18.739007009161064,5.025012568904608,137482473.55436948,151.17216873812268,7.922103383214691,3.38692814190084
Lithuania,2028,KVE,3253.152615,26.862585000000003,2.865918,53968.35,2.844225267926958,1.3521991700076486,10.896171571812165,5.56654180522547,18.74340868175008,5.012832662538996,138088960.19268247,149.3299676639081,8.087687187416732,3.327284749402713
Lithuania,2029,KVE,3075.907664583334,84.37912,2.851866,55489.98,2.315347430319203,1.348557706207221,10.923975764003789,5.347833113896401,18.74583071310916,5.001515485277722,138423821.3454427,147.63824757627094,8.031680366611575,4.447101574413266
Lithuania,2030,KVE,3010.43488875,43.4389675,2.835357,56889.93,1.9293991768164045,1.3442625204475045,10.948891204948042,5.123079910678008,18.74659996957553,4.990794761701559,138530345.73291573,146.05324935586353,8.010171951380043,3.794116730928168
Lithuania,2035,KVE,2996.2146916666666,73.98430499999999,2.734513,63409.09,1.465338714186171,1.317617421863953,11.05737827602756,5.088815297710953,18.74554297213336,4.981388314661326,138383996.86956874,144.6764861303495,8.005438700275375,4.31727882497032
Lithuania,2040,KVE,3050.230054583333,47.0065725,2.645463,70821.71,1.562433974041677,1.2934833807134587,11.167934990960315,5.054559765304218,18.744487211243992,4.971910396649678,138237973.5533202,143.30229884283096,8.023300084883948,3.871337928617567
Lithuania,2045,KVE,2922.935230416667,22.50059,2.56314,78256.61,1.198198278176199,1.2706421785826048,11.267761356069858,4.973965121481749,18.743432686053975,4.962359798561491,138092274.9618559,141.9306858713276,7.98068566960404,3.157025527217932
Lithuania,2050,KVE,2702.776379166666,46.8583575,2.485856,84523.48,0.7595692431298096,1.2487136381551258,11.344796475531137,4.852086036886419,18.74237939570819,4.952735280050737,137946900.2750749,140.56164558418567,7.902404733730693,3.868245763044686
Lithuania,2055,KVE,2985.094745,45.625855,2.412771,89597.76,0.4811559800411258,1.2275245712773737,11.403096759581544,4.76821541470491,18.74132733934985,4.943035568445901,137801848.67508355,139.19517634010896,8.00172170733454,3.8421552155974528
Lithuania,2060,KVE,2945.7799479166665,27.9003275,2.340899,94399.67,0.433382387764003,1.2062399324477504,11.455303449566031,4.636980162868607,18.740276516120527,4.933588258689104,137657119.3461891,137.87694575366368,7.988468310087756,3.3638529272341087
Luxembourg,2025,KVE,2064.8851445833334,148.3676725,0.681973,128279.3783,1.9924962897674536,0.5199675091032483,11.761973602820516,2.4934585770940756,17.221494225806648,5.09173941533038,30143931.762328237,161.67257127213827,7.633314054999346,5.006410867089263
Luxembourg,2026,KVE,2337.6646516666665,97.0505775,0.690899,129542.2558,2.3062090481116515,0.5252603401610425,11.771770125970548,2.399382705042081,17.23708297742209,5.072117142975401,30617519.775343616,158.51167913727733,7.757335383781485,4.585483442477127
Luxembourg,2027,KVE,2495.8416495833335,77.23299250000001,0.699848,131262.4,2.6403317178331775,0.5305388352999945,11.7849612704806,2.2892612780443518,17.253433463970406,5.051309414920174,31122246.15350644,155.22689644319357,7.8227818720026905,4.3596914575538985
Luxembourg,2028,KVE,2362.419987083333,98.756335,0.709419,132501.8,2.324711159470816,0.5361535466991243,11.794359056260609,2.1472883417777062,17.269496569767515,5.030106139168561,31626202.820805904,151.94924573989346,7.767864996088566,4.602730562525306
Luxembourg,2029,KVE,2131.1312158333335,70.469785,0.719584,133338.9,2.07367999378949,0.5420824011072862,11.800656786209268,1.9895356780140627,17.28538539779194,5.008391652936522,32132719.456232168,148.6638310882642,7.6648773292799195,4.2692747729721505
Luxembourg,2030,KVE,2545.3824920833335,30.54884,0.730362,134143.5,2.1102728088737033,0.5483306351751754,11.806672856131444,1.8841763897385795,17.301839991740664,4.985571250737,32665824.30745008,145.28711778580262,7.842429000387906,3.451536821274848
Luxembourg,2035,KVE,2464.1048841666666,22.39877,0.787827,137816.0,2.0754341413515176,0.5810009159180187,11.833681997151428,1.6899045903002174,17.384705559047394,4.912769137760319,35488012.83731204,135.01553916297382,7.809989634929266,3.1526834568795508
Luxembourg,2040,KVE,2384.851651666667,126.8731175,0.837509,143232.6,1.9344890259234135,0.6084108500520433,11.872232142857266,1.5389232918311033,17.456031906569137,4.8492636285758595,38111700.028996065,126.64636009789636,7.777311426234867,4.851038502755805
Luxembourg,2045,KVE,2354.0183395833333,52.63702249999999,0.878414,149328.6,1.705354137993087,0.6304278037754841,11.913911222416507,1.4083151265022595,17.514716446275514,4.795401035771091,40415196.43282653,119.95287848883792,7.7643037939290425,3.982239547924253
Luxembourg,2050,KVE,2289.866222916666,97.0835925,0.910321,155717.5,1.4820390863822477,0.6472712907647888,11.955805169003968,1.2939539709246826,17.561450960819318,4.750268185173907,42348812.44403074,114.61528667560688,7.736685288307153,4.585820099779745
Luxembourg,2055,KVE,2142.917066666667,51.39083,0.933017,162338.1,1.2480184900929725,0.6590819948072835,11.997442636379631,1.1811376890275724,17.59706465240717,4.712950846460514,43884187.942426816,110.38034174766602,7.670389839850501,3.9587315760127098
Luxembourg,2060,KVE,2370.542644583333,91.9842275,0.947757,169767.2,1.2322027082208198,0.6666784541127588,12.04218925616851,1.1039246892268224,17.624547385560884,4.681161426629157,45106971.145934775,106.89531231782132,7.771295927269953,4.5324298819959035
Netherlands,2025,KVE,1716.3433275,80.93022500000001,18.044027,71334.06052,1.2252657648221588,2.9467535091006436,11.175143217939947,59.04636327136231,20.406157676312755,5.123432390982084,728251981.6698321,166.91071687828207,7.448533798683774,4.4058679703967485
Netherlands,2026,KVE,1824.1810058333333,60.08914,18.131239,71698.37136,0.996508253557149,2.9513225487359223,11.18023725890632,57.38055594830124,20.41232358037223,5.11136630447743,732756185.5002398,164.89686572753067,7.5094344423769925,4.112334108972145
Netherlands,2027,KVE,2072.1024825,41.1517575,18.205866,72813.27,1.9729783185198135,2.955215753205083,11.195667231459574,55.99405740346274,20.420502856483186,5.09714101271393,738774178.5344113,162.5536404557316,7.636801548020381,3.741276379901254
Netherlands,2028,KVE,2064.1002079166665,62.6617,18.27758,73787.13,1.736650391160821,2.958942762632073,11.208953157544006,54.04476105572613,20.42794017788152,5.082902282718138,744289162.481279,160.24134546782298,7.632934031053902,4.153583125864341
Netherlands,2029,KVE,1808.6525941666664,82.184495,18.346641,74693.64,1.6110350168081933,2.962518812675736,11.221163614865098,51.55784893445199,20.43493370674276,5.068397224318939,749512614.1174225,157.91941094385578,7.500890168913129,4.421060972287244
Netherlands,2030,KVE,2149.0136216666665,21.11189,18.412287,75585.49,1.556092276662424,2.965906216102954,11.233032842494511,50.02492332320573,20.44163756231499,5.0534853775980775,754554118.3156132,155.5672104601616,7.673229456760553,3.0961154728985005
Netherlands,2035,KVE,2053.745915,16.764764999999997,18.698556,80341.16,1.603866237636331,2.980545333565018,11.29404979328748,47.8560303538255,20.473167290667245,5.019299305124991,778724037.9335082,150.30524783024023,7.627907476950225,2.877217001127686
Netherlands,2040,KVE,2155.8692654166666,85.78020541666667,18.920461,86554.55,1.815194477845128,2.9917473944589483,11.368541683331811,46.37329402187924,20.504622416408,4.9851510427203465,803608216.2561826,145.2256596796746,7.676413035102477,4.463378547464276
Netherlands,2045,KVE,2042.7045316666668,16.96612,19.057529,94272.17,1.824641577444752,2.9986045944878295,11.453951910641418,44.672940076554,20.534379427072047,4.952263964447218,827880539.4085791,140.4949410924307,7.622519386895536,2.8884877620677987
Netherlands,2050,KVE,1873.6281020833333,27.72917,19.125683,102433.0,1.7060198191022111,3.0019967606169486,11.536973967727368,43.088152762541576,20.559857737213644,4.922539487264088,849244540.2157629,136.35097171661462,7.536165573175874,3.35791298291151
Netherlands,2055,KVE,1650.3682458333333,43.539534999999994,19.140557,110468.5,1.4147894742565947,3.0027355433131486,11.61249474374039,41.42738613772287,20.58056408975614,4.896284568471073,867012618.2866544,132.7917609536349,7.409359463164166,3.7963772217208396
Netherlands,2060,KVE,1880.3401525,49.2835925,19.136214,117965.3,1.2677108638923906,3.002519885507967,11.678154269437952,40.46078931441507,20.597663853024027,4.8725887449754985,881965812.5072664,129.6587215717021,7.539739648943668,3.917678831050294
Norway,2025,KVE,4091.8729208333334,0.04448,5.59434,89931.79009,0.1686265213304727,1.886211705346348,11.40681789355795,59.76288625998087,20.148952524778046,4.803916672628376,563091403.0925164,120.98726726768716,8.31700242808305,0.043519153913495756
Norway,2026,KVE,4319.306966666667,0.0,5.627392,90731.7914,1.485631610819116,1.891211363310809,11.415674107699449,57.78664405342624,20.157180298959503,4.7890721657832,567743503.9825808,119.189800703331,8.371081735812485,0.0
Norway,2027,KVE,4414.9150575,0.0,5.654871,91023.81,0.8117276740598367,1.895349067737341,11.418887385702812,55.51241853467083,20.162899438350735,4.775193189847568,570999810.987119,117.53321182202232,8.39297035260436,0.0
Norway,2028,KVE,4457.746859583333,0.1175375,5.682487,91193.69,0.6759016569742204,1.8994902236493216,11.420751950683147,53.087163995365344,20.168263165104054,4.7607356439522865,574070726.3679042,115.83184093089388,8.402623032346154,0.1111276039895416
Norway,2029,KVE,4318.915565,0.5754074999999998,5.710128,91415.45,0.7307819227022838,1.903618026807607,11.423180719366284,50.46046263951549,20.173756537977397,4.745331968923436,577232988.7197814,114.04599085831391,8.370991135908259,0.4545139689714511
Norway,2030,KVE,4552.541034166667,2.276584999999999,5.737759,91705.01,0.802179034873518,1.9077273770546992,11.426343195900625,48.094522983766325,20.179418351685705,4.728924426119162,580510443.7886764,112.17377011099909,8.423660458533464,1.1868017214774145
Norway,2035,KVE,4208.254863333334,0.6955475,5.869913,93914.37,0.9829905589977096,1.9271514423986136,11.450149336572498,45.35796546959218,20.208471589846404,4.696337781481603,597623543.746567,108.54525827908836,8.345040918929136,0.5280056975258436
Norway,2040,KVE,5104.809596666667,0.0,5.988729,97008.05,1.077644533560429,1.944298708525014,11.482559552102511,43.8447706417318,20.237063626171025,4.664721745856212,614957442.7185996,105.136048317533,8.538134306989932,0.0
Norway,2045,KVE,4596.5733504166665,0.1297699999999997,6.088442,100797.1,1.0973628531091295,1.958465570275022,11.520874785235408,41.67320818373502,20.263687545451926,4.634655173691121,631549918.3306508,101.9923973831282,8.433283910764837,0.12201407218419909
Norway,2050,KVE,4279.9364445833335,0.0,6.166413,104882.5,1.030660035898512,1.96940525049024,11.560605489352923,39.715226471709215,20.28689705599452,4.606760442143453,646379308.5993632,99.1591521283218,8.361927060107002,0.0
Norway,2055,KVE,4206.852815416667,1.198365,6.223572,109246.7,0.9763263916469088,1.9773495674049184,11.601373060104647,38.03652153998205,20.30688180155126,4.580853920612141,659426977.5506862,96.5976993211628,8.344707776480888,0.78771390224958
Norway,2060,KVE,4154.350050833334,2.4151374999999993,6.263911,114082.6,1.039608759268984,1.9829183890212905,11.64468679195246,36.443001224163886,20.324772462653332,4.556164280068869,671330727.617859,94.21755062102744,8.332151951835542,1.2282177557553904
Poland,2025,KVE,2423.19992125,74.009015,36.497495,45532.2777,3.1349842675582273,3.6242741307451456,10.726198715634451,76.08955323034364,20.837996275641892,4.977253820823573,1121571063.6604495,144.07543098174685,7.793256819551468,4.317608306312869
Poland,2026,KVE,2484.994808333334,124.80571,37.414458,46914.8989,5.625264464219315,3.6484338991480874,10.756111892723906,73.16595193200793,20.870703652319257,4.944707881446775,1158861218.236246,139.42982270255868,7.818428183706985,4.834738732743422
Poland,2027,KVE,2473.5088358333333,84.6827875,37.268937,48090.51,2.1071479255034387,3.644638522725738,10.780860933238102,71.01072051072775,20.873337664679298,4.934010600841032,1161917696.6450806,137.9356117294716,7.813797205140601,4.450651959457152
Poland,2028,KVE,2779.068195416666,65.7030325,37.105502,49358.39,2.186355008573382,3.640358681155434,10.80688330031814,69.3436122324751,20.875809776553375,4.922739265574338,1164793640.545009,136.37841420277078,7.930230737109229,4.200250416655703
Poland,2029,KVE,2522.707375833333,132.25213,36.927388,50699.22,2.2234586112573007,3.635673489633312,10.833685528820354,66.61726045050496,20.878070850720768,4.910911250371191,1167430305.0819647,134.7630722082441,7.8334842802653375,4.892243047908814
Poland,2030,KVE,2691.2111479166665,56.084465,36.731448,52089.29,2.19664050366426,3.6304939111883865,10.860733838011129,64.43725661292316,20.87988840575811,4.898678050071424,1169554103.391021,133.11237260774462,7.898118123021814,4.0445320130952345
Poland,2035,KVE,2519.3101016666665,83.90998250000001,35.610872,59054.77,1.6712420523375735,3.6003452454772757,10.986237530653687,63.886973787769854,20.882025197535373,4.886114905208451,1172055868.9084451,131.43803891311396,7.832137229151605,4.441591665910674
Poland,2040,KVE,2602.237514166666,136.60213458333334,34.660633,64551.23,0.990692219027678,3.574047363258939,11.075229942540956,63.12726026358295,20.88112737703244,4.875685029251688,1171004045.362884,130.06390507479946,7.864511147150224,4.92436643833919
Poland,2045,KVE,2565.086640833333,37.6162225,33.797303,68242.52,0.3770758079514325,3.549539883777149,11.130837763484694,61.48508280233845,20.880230764923873,4.865166792208099,1169954579.507939,128.6925685177861,7.850137309544504,3.6536724602019612
Poland,2050,KVE,2349.3200945833332,73.1356725,32.946342,70585.09,0.0919896108860562,3.5247811015133106,11.16458837857351,59.35508114319756,20.879335360072776,4.854558523641004,1168907465.3664896,127.32402668354308,7.762306808323395,4.30589682671771
Poland,2055,KVE,2450.68949375,49.868492499999995,32.063901,73155.17,0.2703354040665573,3.4984420830118688,11.20035175012296,57.95224517829332,20.87844116134111,4.844524609923627,1167862696.9775343,126.0428727149262,7.804532655167047,3.929243724033468
Poland,2060,KVE,2560.604624583333,68.3348275,31.150906,77049.31,0.6023802748044593,3.470440630690923,11.252213864101622,56.90720204381111,20.877548167589733,4.8345642457696,1166820268.3961496,124.78376045738288,7.848389147590342,4.2389473412817695
Portugal,2025,KVE,677.30614,456.72983208333335,10.749635,42248.92627,2.036432684932965,2.46382217627789,10.65135788769504,27.464380433399697,20.29612286788949,4.969615165925737,652370275.7970726,142.97147158067537,6.519598719952934,6.126279123781891
Portugal,2026,KVE,1062.60962125,327.8005841666667,10.871014,42822.23451,2.5014446238595056,2.474099630415323,10.664836096656588,27.314619911342028,20.31090782379857,4.950651466363526,662087196.6942759,140.26696462627214,6.9694237052568715,5.795451439843058
Portugal,2027,KVE,960.5214475,534.74909,10.971534,43410.79,2.311785079363226,2.482531665076523,10.678486342182053,26.106265749066985,20.323714116270928,4.932495714063395,670620603.0150167,137.7252993482626,6.868516871072305,6.2836659357988145
Portugal,2028,KVE,934.3754125,424.10497125,11.049616,44075.22,2.2531349218417818,2.489032792208977,10.69367568697374,25.021894564376645,20.334814017853738,4.914908420596657,678105891.8499973,135.30682633311173,6.840947959400024,6.052336129603589
Portugal,2029,KVE,656.0852479166666,319.58497125,11.106391,44835.25,2.2470719963142427,2.493733494981958,10.71077224300197,23.39189505188193,20.344450669330413,4.89767512080785,684672149.5576166,132.9779348117179,6.487813763365198,5.770147362127225
Portugal,2030,KVE,1026.0643158333332,217.35626666666667,11.142299,45608.84,2.0542935344079583,2.4966951416727112,10.727878761696962,23.090224045035004,20.35219279421731,4.881080417805651,689993539.7068285,130.7729568529482,6.934459832927126,5.386127979618959
Portugal,2035,KVE,929.5550458333332,264.765675,11.109773,49848.16,1.6047334205034236,2.4940128125503382,10.816756924696357,22.33183467134423,20.372723449416597,4.8550282265141895,704305978.3217659,127.38431500526562,6.835781231595703,5.582614999490095
Portugal,2040,KVE,868.8279516666666,253.27344,11.014188,53893.04,1.3123373294765983,2.486088284715722,10.89477517564406,21.63480568056976,20.3846707500725,4.835094320604986,712771000.0002221,124.8504529379428,6.768295435387213,5.538410223402878
Portugal,2045,KVE,878.8747133333334,321.9315316666667,10.863536,58275.83,1.3408552616758218,2.4734694941584787,10.972959866242302,21.12051702973715,20.391530454208084,4.818704205456956,717677206.5073721,122.80456152059436,6.779779526124388,5.777440324488323
Portugal,2050,KVE,1020.4813541666668,430.38058083333334,10.661668,63721.3,1.4781091944712443,2.4563072238644588,11.062289858790011,20.95528091070181,20.39634666970164,4.804173603694387,721142031.5681262,121.0186136130586,6.9290091607055375,6.066990718647338
Portugal,2055,KVE,675.4191666666667,447.3349583333333,10.42726,70211.43,1.5429400513738756,2.4360017290342832,11.159280639866717,20.05194897288258,20.399710077354488,4.790915283055776,723571609.7397802,119.41152887373616,6.516812952913123,6.105540627896577
Portugal,2060,KVE,650.1830616666667,561.7731929166666,10.184206,77416.83,1.4516433409523577,2.4145026044920668,11.256972394805729,19.715310819205214,20.40190433485118,4.778376546329826,725161055.3597904,117.91114652151832,6.478790803395904,6.332876692472312
Romania,2025,KVE,2426.0646475,259.85047875,19.043151,43500.46193,1.5347998244582994,2.997887499385396,10.68054982409826,21.105660456918066,19.89496201274738,5.048469951403613,436789529.1834126,154.78392506858947,7.794437842166245,5.563947364812702
Romania,2026,KVE,2382.7646033333335,271.07916374999996,19.000103,44798.82235,2.7519028011340207,2.9957374235407297,10.709959452993427,20.547083779918264,19.900459827513405,5.036716650023157,439197530.4191312,152.96366761839204,7.776436283097577,5.606093067149671
Romania,2027,KVE,2235.0731445833335,264.16490708333333,18.938928,46777.29,4.080147215022789,2.992674001804651,10.753174485387111,19.942201487012905,19.90863894429455,5.022278555372616,442804509.160508,150.756696182194,7.712476545986528,5.580351923324044
Romania,2028,KVE,2574.14426375,146.244645,18.869465,48370.49,3.0266605481207742,2.9891841311886593,10.786665869560078,19.547882280527563,19.913802511308607,5.0095115189477495,445096873.21723056,148.83152840754826,7.85366083628579,4.992095455147151
Romania,2029,KVE,2351.0726991666666,204.1313075,18.79214,49695.88,2.319062157629737,2.9852848891901913,10.813697433454225,18.79425850017794,19.91682956041159,4.997721519754767,446446244.5874075,147.07538760040387,7.763052218050466,5.323650298480459
Romania,2030,KVE,2409.9153175,148.850455,18.706751,50823.15,1.803643128535537,2.980961267394344,10.836126914303575,18.14393457295411,19.918194250192816,4.986528995744158,447055921.1316829,145.4272906566923,7.787761754171547,5.009637830127765
Romania,2035,KVE,2263.1835854166666,264.418705,18.272835,54971.49,0.8851363962605552,2.9586965914806616,10.914588157263772,17.793768777159762,19.917150629913227,4.977088789607125,446589607.8745453,144.05149098237314,7.7249695250005,5.581308597937597
Romania,2040,KVE,2364.8950470833333,344.05024791666665,17.896346,58258.47,0.7719956683323703,2.9389685700409656,10.972661933321342,17.46491651094881,19.916108144683815,4.967576578671659,446124287.3906912,142.67827213163076,7.7689116847561985,5.843690052561257
Romania,2045,KVE,2224.4160016666665,297.28443,17.537482,61043.84,0.4115710048919752,2.919794736458859,11.01936395508224,16.972279399195077,19.915066793892755,4.958354864991516,445659957.3172699,141.35940270845117,7.70769914416538,5.698047494382392
Romania,2050,KVE,1928.7567695833336,371.28089625,17.148348,64174.05,0.5275380561966525,2.898579537284607,11.069369784858631,16.449962438167365,19.91402657692672,4.949437972986786,445196615.2974413,140.09564207076284,7.565149247834347,5.919648666776737
Romania,2055,KVE,2294.8325970833334,116.952475,16.753913,67409.47,0.5809322586542986,2.8766059423299644,11.118555626082488,16.283561778220708,19.91298749317087,4.9404491634172905,444734258.98035914,138.83304334421052,7.738850844103354,4.770281789101105
Romania,2060,KVE,2409.1340970833335,266.64554791666666,16.333523,72256.62,1.0077199666437495,2.852642372161143,11.18799306754144,16.09879510507481,19.911949542008884,4.931387219182176,444272886.02115536,137.5716082626678,7.787437666880037,5.589663522726326
Slovakia,2025,KVE,2436.3049979166667,180.1897625,5.419451,40605.53833,1.268892457072135,1.859332600026646,10.611684375234692,11.643424430652589,18.9395885798998,5.136690687137621,168019159.23794165,169.15175020435024,7.798648198817062,5.199544893668416
Slovakia,2026,KVE,2657.9518745833334,180.26131,5.54096,41118.8736,3.534635219466198,1.8780839436874832,10.62424682619436,11.192512509850621,18.96507695035337,5.109427113793062,172356737.9178526,164.57547179372304,7.885687292013165,5.199939691787985
Slovakia,2027,KVE,2597.801825416667,157.2594575,5.52314,42181.43,2.2541931829696216,1.875355855100889,10.64975906261518,10.860964556340686,18.968588166467228,5.09887764937772,172962983.38344845,162.83792047835155,7.862805781413651,5.064235822271722
Slovakia,2028,KVE,2736.4630025,122.407535,5.504563,43211.46,2.0973421030580752,1.872503930614847,10.673884158571369,10.567230518272074,18.97158540235042,5.088144730544408,173482171.9232929,161.0888644047322,7.914786858964934,4.8154921711954355
Slovakia,2029,KVE,2509.440632083333,145.76380416666666,5.485845,44243.67,2.0405733618954702,1.8696221099739183,10.697490191203752,10.151655745493393,18.97440856699951,5.076947470341143,173972632.66108847,159.28403663422253,7.82821356734943,4.988824520155953
Slovakia,2030,KVE,2767.307009583333,74.8874825,5.466655,45295.79,2.0198846094620304,1.866658973275834,10.72099144803322,9.850976546882805,18.97710609889291,5.065231965917024,174442562.9299508,157.41718519957763,7.925991224453883,4.329251749852013
Slovakia,2035,KVE,2532.862505,115.16845,5.363446,50673.09,1.6801389285968416,1.850570054517833,10.833170013586194,9.680489763717222,18.987648679790464,5.047340386905206,176291366.227428,154.60805642359782,7.837500099345813,4.755041292921092
Slovakia,2040,KVE,2686.933365,243.78714375,5.273647,54990.18,1.0948909598056389,1.8363578442391657,10.91492808771862,9.553304060465234,18.992339259830494,5.033885911582933,177120217.37242666,152.52845302602242,7.89652791152922,5.500389031897975
Slovakia,2045,KVE,2607.771041666667,95.5897175,5.188236,58582.03,0.8428314973774942,1.822650070315828,10.978200343182008,9.309205419614623,18.99270772926469,5.023681702201971,177185492.7843337,150.9697825700594,7.866634524163067,4.570472291453519
Slovakia,2050,KVE,2384.04103375,154.2172575,5.091007,61770.23,0.5837479536083823,1.8068134210902655,11.031193001070614,9.027583483547978,18.991525329466967,5.0145994519882935,176976112.50231886,149.59580383380847,7.776971608101063,5.044825796799345
Slovakia,2055,KVE,2531.1407779166666,51.95433499999999,4.979274,64976.34,0.5997624300005722,1.7882991559101211,11.081793872712687,8.838042380869013,18.990344301686687,5.00545004132954,176767222.17274782,148.22422511759785,7.836820381211626,3.9694299383846605
Slovakia,2060,KVE,2671.9156804166664,165.73974791666666,4.850265,69326.4,0.8880310203658315,1.766486959363089,11.146595489430355,8.711842146436922,18.989164645177187,4.996232373513817,176558820.51262137,146.85504579488563,7.890925170716813,5.116434201146531
Slovenia,2025,KVE,1914.0722458333332,264.5255525,2.13085,49197.0243,1.819867264457109,1.1413045331800349,10.80360874517004,6.160312739482699,18.00950002357498,5.126448241971306,66286711.71781224,167.41787495207103,7.557510627186853,5.581711078988792
Slovenia,2026,KVE,2330.05177125,189.4676375,2.134802,50314.68899,2.461492935649656,1.142566014195603,10.826072215804434,6.061233656052701,18.017280847733108,5.113175829163912,66804488.727186196,165.19733197002952,7.754074848677581,5.249482298245429
Slovenia,2027,KVE,2276.3826025,217.9901725,2.136627,51343.12,2.131232944423145,1.143148018728068,10.846305700523596,5.8491673423843755,18.023474772714845,5.100576382302851,67219554.84219928,163.11647387518144,7.730782081153508,5.38902685438039
Slovenia,2028,KVE,2299.5835670833335,154.94997999999998,2.137713,52290.74,1.897426998106888,1.1434941905998013,10.86459370258953,5.63889871278428,18.02880893650805,5.088061113026771,67579072.975015,161.07531150289205,7.7409180945533835,5.049535314807571
Slovenia,2029,KVE,2055.26011625,105.7117075,2.138205,53167.98,1.7010215264404716,1.143650980411589,10.88123042256414,5.36513179039917,18.03342931990819,5.07549844417288,67892036.65594395,159.05194906187668,7.628644134258419,4.670130875812421
Slovenia,2030,KVE,2469.284274583333,107.1026625,2.138066,53996.68,1.5520427796986258,1.143606686594441,10.896696361660512,5.21360675223584,18.03744560924782,5.062785045063,68165259.02580306,157.03002475413527,7.812088513923997,4.683081354314098
Slovenia,2035,KVE,2112.332160833333,101.558825,2.13239,58086.02,1.394736081765413,1.1417962914492483,10.969697509963352,4.986611938906968,18.054051566123512,5.0402164188215774,69306659.1860855,153.503448862237,7.656021203952283,4.630436536398463
Slovenia,2040,KVE,2292.9170370833335,249.41339583333337,2.125158,62066.6,1.138899048398101,1.139484841910251,11.035979392637916,4.869728568644584,18.068145361472094,5.019828253709011,70290368.88944638,150.38530169715798,7.738016131858066,5.523113135531945
Slovenia,2045,KVE,2107.1606833333335,203.11130416666663,2.115219,65677.18,1.0501393425609518,1.1362994547440606,11.092522033632756,4.685036397305038,18.078378527896984,5.002680051362482,71013354.85131997,147.8114474700827,7.653571132246434,5.31866545371406
Slovenia,2050,KVE,2043.2083379166663,212.25901,2.098768,69782.43,1.1033844856577657,1.1310046131442608,11.153151868018249,4.53839691043249,18.086570196365994,4.98700048016268,71597461.85850745,145.496345120456,7.622765872703146,5.362507436358495
Slovenia,2055,KVE,2050.81932375,88.0465,2.075585,74974.53,1.3064335622260836,1.1234951270668438,11.224917072615233,4.420563658979625,18.094400726136165,4.971506036422425,72160308.74151322,143.24396052811971,7.6264821535593565,4.489158705201326
Slovenia,2060,KVE,2250.886697916667,258.1017170833333,2.047613,81846.32,1.6172575263472266,1.11435866125928,11.312610839440987,4.3677002244372005,18.103973738840416,4.954605744689541,72854417.3578959,140.82667942740628,7.719523676233985,5.557220714652757
Spain,2025,KVE,1059.9222158333334,450.4960658333333,49.128297,49206.70747,2.865133691188948,3.9145856590247137,10.803805546105457,141.64014610511776,22.087332597781124,4.980481905157092,3912070449.5206566,144.5445034030129,6.966893823799594,6.112566659271643
Spain,2026,KVE,1471.74279875,293.6204675,49.570728,49988.74246,2.5041603109747568,3.9233729108751616,10.81957311256398,139.91810498610934,22.100458815413813,4.962782719397743,3963759637.254246,141.99114702076113,7.294881790727645,5.685687977175297
Spain,2027,KVE,1343.317885833333,438.85711625,49.976787,50664.05,2.181136075690815,3.9313703722462536,10.8329916027565,134.04564802544007,22.112157958078186,4.945488594587613,4010404547.456367,139.53950091854944,7.20364201531355,6.086449938378767
Spain,2028,KVE,1312.4767175,388.9938975,50.34156,51422.71,2.238246987778081,3.9385005606455583,10.84785462913117,128.6820686779699,22.123352499549178,4.92787843412759,4055551415.257081,137.08624229500046,7.180432883426051,5.966131091565372
Spain,2029,KVE,1052.71475375,288.2837425,50.665174,52172.77,2.110829415828608,3.944783937511223,10.862335157158654,121.53519104909871,22.133581554373514,4.910266551993419,4097248771.7316465,134.67557418377797,6.960077060358079,5.667408014412715
Spain,2030,KVE,1381.4939258333334,239.91523,50.947559,52941.79,2.039557873722897,3.95023472895332,10.876967175563571,118.43610284881635,22.14300086973996,4.892506248307376,4136024383.221458,132.28720662961408,7.23164433977623,5.484445128876079
Spain,2035,KVE,1327.802821666667,248.6534725,51.977041,56694.29,1.6154841050833202,3.969858631019555,10.945446417482373,113.39340698087668,22.181077069991183,4.853653904527443,4296545092.179782,127.20799480651556,7.192033681766628,5.520073846323145
Spain,2040,KVE,1236.869449583333,286.3376525,52.872036,59734.61,1.22390750498651,3.986611530669163,10.997683603967827,108.11534031130157,22.21193437310694,4.820037568147201,4431191617.055334,122.96974800608336,7.121146995004964,5.660658013785158
Spain,2045,KVE,1179.7167191666667,352.654185,53.552939,62277.05,1.0801319094553286,3.999171588004659,11.039364315245814,103.2684091212931,22.23572955085391,4.7916387256768305,4537897112.587565,119.49867122323396,7.073876922197889,5.868319557145899
Spain,2050,KVE,1391.1940933333333,424.9419370833333,53.877467,65644.06,1.2637241615544248,4.00510282710463,11.092017629374952,100.84089939195023,22.255665826764776,4.766543977579398,4629273709.535644,116.51241382514566,7.238636266040128,6.054303039053516
Spain,2055,KVE,1042.3504383333334,392.913745,53.819505,70148.7,1.3555294219893763,4.004046061282614,11.158386808971214,95.93744526068218,22.272103498631154,4.743797214163103,4705997040.713196,113.86955890071202,6.95019238930039,5.976131964011366
Spain,2060,KVE,1092.5914741666666,551.5785208333333,53.468132,75910.47,1.5172628637296182,3.997615796700679,11.23732307186086,93.86086430021312,22.28638371318915,4.722432828287686,4773681814.51269,111.44147097773931,6.997222489262549,6.314595542449291
Sweden,2025,KVE,3623.096525,3.2980899999999984,10.58771,63330.042,1.492435633681244,2.4499450537051004,11.05613088287267,64.00681436678929,20.054945843918183,5.0194517760154165,512568973.29844207,150.328319234917,8.19536030174194,1.4581707379731603
Sweden,2026,KVE,3898.933091666667,6.5019325,10.605527,64473.31334,1.9765769956456625,2.451481450155909,11.074022180673447,62.48599672063986,20.061348541572716,5.006878996145688,515861326.1906742,148.43761221671727,8.268714675987667,2.015160654018577
Sweden,2027,KVE,3996.602689583334,0.0,10.623097,65837.55,2.285144901933722,2.4529942391485573,11.09496081202217,60.50644285366763,20.068529321273797,4.993071994634138,519578944.4619789,146.3885054413582,8.293450132829282,0.0
Sweden,2028,KVE,4082.9875920833338,1.2416099999999997,10.64549,67021.84,2.0133935070362874,2.45491898059617,11.112788735803814,58.538321173354404,20.075339642005723,4.978885792857485,523129520.28309005,144.3123833251254,8.3148291411025,0.8071943576898696
Sweden,2029,KVE,3892.4101475,4.7250175,10.672797,68128.85,1.912464558011151,2.457261091959898,11.129170722092018,56.18155248665691,20.08222449936142,4.963961723414845,526743619.4181254,142.1598335790333,8.267040697185577,1.7448456062041904
Sweden,2030,KVE,4177.900273333334,11.5364475,10.705212,69209.69,1.8949988926461492,2.460034212696839,11.144910609443777,54.175742727805684,20.089410631583156,4.948106001610372,530542502.0097045,139.9078318208933,8.337803398399911,2.5286402016086766
Sweden,2035,KVE,3887.5652929166663,16.651502500000003,10.91251,74965.16,2.0843070891025883,2.477589108434323,11.2247920906971,51.86745667358891,20.12966952877114,4.907453985167955,552337332.3725574,134.29451369504665,8.265795549280297,2.870820907234921
Sweden,2040,KVE,4715.311824166667,0.8932900000000004,11.108521,81496.18,1.943838105074569,2.493909419635782,11.308323697403324,50.52819020587255,20.16951514928341,4.867169475224276,574789903.9419273,128.95256187732664,8.458782379947792,0.6383160564790881
Sweden,2045,KVE,4142.52284,3.7985950000000006,11.293147,87990.98,1.8341702638030144,2.5090419526385994,11.385000952943535,48.25711905386074,20.206232945161307,4.829206759380096,596287173.3617648,124.11167761759155,8.329301632522004,1.5683231667330664
Sweden,2050,KVE,3830.146204166667,4.082845000000001,11.457559,94148.38,1.5437033763486374,2.5223275872649564,11.452637948827292,46.154958152991234,20.238535108077738,4.794418276383421,615863007.5681775,119.83406930202152,8.250919307419759,1.6258711441969478
Sweden,2055,KVE,3810.662556666666,8.779597500000001,11.584352,100097.0,1.4052887137050218,2.532454137392739,11.513904985083729,44.379654309899735,20.26570823697891,4.7632202120759235,632827376.1409197,116.12247850361018,8.245820739519717,2.2802983277805957
Sweden,2060,KVE,3818.757122083334,6.908047500000001,11.6671,106829.7,1.5374956425738828,2.5390080809994253,11.579000617385,42.85734189707479,20.290003830992863,4.734634803057493,648390586.3538476,112.82188372321554,8.247942118972832,2.067880911865951
Austria,2025,VNI,3583.6703875,34.035557499999996,9.197213,62963.14442,-0.0362959591541978,2.322114447660544,11.050320707163715,28.71986555722123,19.995535849271405,5.198034423103453,483004171.0051699,179.91628728719573,8.18442180668684,3.556363474354662
Austria,2026,VNI,2991.0850516666665,50.45288000000001,9.219116,63580.49807,1.2209833039249718,2.324260083969892,11.060077796156389,27.60272092179658,20.000489286542138,5.187705559489692,485402637.2946838,178.0572450548296,8.003725765049527,3.9406664373898077
Austria,2027,VNI,3204.6490833333332,60.7640975,9.234675,64983.96,2.3798722654384985,2.3257814648230624,11.08191113748884,27.048569237296583,20.007937125070463,5.1753470819363905,489031333.965639,175.85798783787385,8.072669870950822,4.123322249046842
Austria,2028,VNI,3483.5359175,12.0826675,9.251146,66031.0,1.79246252821732,2.3273895042127664,11.097894751992364,26.457248046003794,20.013937034069187,5.164114002804543,491974297.40073806,173.88244455553533,8.156090148617098,2.571288262545535
Austria,2029,VNI,3377.3223425,31.017185,9.268632,66898.02,1.5045462052945655,2.329093811562737,11.11093959727958,25.720180618265704,20.019267779752425,5.1533824969524265,494603889.885538,172.01572683944738,8.125134516882655,3.466272789900051
Austria,2030,VNI,3011.877320833333,105.29007,9.286656,67696.05,1.3896873668433285,2.3308475213253437,11.12279788335717,24.854797488520475,20.02433978052137,5.142824860406124,497118893.85989904,170.19869831972878,8.010650821684475,4.666171866120869
Austria,2035,VNI,3214.2731095833333,25.93373,9.376463,71902.67,1.5272582473911278,2.33954006822369,11.18308258552192,24.291115628371365,20.049872294923837,5.116051797557286,509975015.344972,165.67599822842502,8.075667581612267,3.2933794044732605
Austria,2040,VNI,3310.11217125,30.7565075,9.443147,77148.44,1.4946832102340712,2.345945973813163,11.253499599177797,23.79965648280596,20.07554119007559,5.089194578514368,523234966.65429586,161.25912242686226,8.1050394153334,3.458097664967062
Austria,2045,VNI,2972.4488616666667,19.481685,9.480586,82108.34,1.227225212412697,2.3495245933601874,11.315807052672724,23.098223661563413,20.09594020950434,5.066461953037647,534018055.2229141,157.61215617837442,7.997477790971744,3.0195310721774975
Austria,2050,VNI,2917.1176254166667,77.49557,9.486695,86650.98,1.02073521384487,2.3501073108019828,11.369655145430864,22.618786496677615,20.110794222270627,5.048016000195168,542009572.3583006,154.71322281644882,7.978694038557019,4.363042190074935
Austria,2055,VNI,2699.0174333333334,84.6474375,9.453914,91261.13,0.9620932581113184,2.346976453740726,11.421491194116978,22.075166854898004,20.12101165603689,5.033117183128438,547575907.6808552,152.41047668730056,7.901013508761699,4.450239306050531
Austria,2060,VNI,3297.7026841666666,17.022902500000004,9.392821,96652.66,1.1273872761431214,2.341115279327011,11.478889352517514,21.996430058172226,20.129675145777288,5.019375554967836,552340434.8634677,150.3167852714674,8.101284544150182,2.8916433102418324
Belgium,2025,VNI,2381.5876041666666,65.296335,11.883495,63587.69763,1.156511989250375,2.555947034798879,11.060191023315756,37.19608102353452,20.371332417745197,5.2758161168449424,703326947.4874889,194.55000305907063,7.7759424047019605,4.194134616629184
Belgium,2026,VNI,1955.3516008333336,46.49954,11.933176,64080.79235,1.1967653346052654,2.559795792938671,11.067915551856691,35.621441214032636,20.377542791493703,5.264401734779755,707708462.0440311,192.33061120126123,7.57883658946803,3.860720026783177
Belgium,2027,VNI,2131.3659029166665,34.606615,11.976143,64967.62,1.7489675681946704,2.5631125176575864,11.08165966307642,34.834453651393005,20.384763874275137,5.252132678113799,712837379.3220642,189.97311865464752,7.6649873948173255,3.5725314352033304
Belgium,2028,VNI,2296.6427891666667,7.9293825,12.017863,65836.86,1.6909789539607534,2.566322491204821,11.09495033178505,33.99499038117533,20.391748669363235,5.240025507454191,717833831.6389252,187.67491496103796,7.739639002099131,2.1893472435613397
Belgium,2029,VNI,2226.2715883333335,20.957575,12.058341,66721.75,1.6854070122963138,2.569427086682928,11.108301253209609,33.007690416146005,20.39863431842797,5.227967946442207,722793639.6497082,185.4136159344258,7.708532612373773,3.089112182492702
Belgium,2030,VNI,1940.4086320833333,106.046305,12.097616,67631.11,1.693061169134058,2.5724302289130505,11.121838149254266,31.832004075941573,20.40545833873359,5.21592895298915,727742865.733954,183.1828387322123,7.571169087587049,4.673261497858944
Belgium,2035,VNI,2079.892209583333,16.589925,12.277743,72529.29,1.7082801566836503,2.586089174785054,11.191759546694977,30.97555174305902,20.43868948477138,5.182602853501567,752332910.0169145,177.14589572954637,7.640552027638999,2.8673262949541347
Belgium,2040,VNI,2138.2665929166665,32.4241425,12.434514,77557.69,1.4829219166864194,2.5978270672412145,11.258790219064386,30.175449148524294,20.46906596495028,5.1516268556513864,775536777.47057,171.71223976884892,7.668218335685831,3.509278468208664
Belgium,2045,VNI,1996.37620625,54.32595250000001,12.552813,82239.26,1.2674408128701131,2.60659412725552,11.317400242162591,29.232041165693865,20.49400123168795,5.125008795575458,795118112.2333063,167.1756208467037,7.599589701377012,4.0132421022371725
Belgium,2050,VNI,1830.6887991666667,144.59351,12.623315,86532.72,1.0805625512940065,2.611782663176806,11.368289443546924,28.342396385148543,20.513030984401027,5.103051667560356,810393899.5492005,163.52321215243398,7.512993661354117,4.9808185605933035
Belgium,2055,VNI,1887.0247654166667,51.078502500000006,12.646069,90874.28,0.9875736973192328,2.61345149480724,11.417243295986507,27.71203187488182,20.527750212790227,5.084454906003908,822410492.9937952,160.49188698339046,7.543286463895192,3.9527522436466684
Belgium,2060,VNI,2088.9145070833333,38.00911,12.637926,95839.99,1.1208374047089853,2.6128545880681955,11.47044574301212,27.314040867220303,20.54114554672357,5.066862414903769,833501071.3554914,157.6756870184175,7.644878438420442,3.6637952085954
Bulgaria,2025,VNI,2341.679585,131.7468425,6.43736,35153.67259,2.9274758683521807,2.0065159471651715,10.467512821263195,19.699839862686574,19.63759056465475,5.101480451848606,337673686.20442617,163.26491367100766,7.759050674994761,4.888443874528439
Bulgaria,2026,VNI,1926.763485833333,207.5641925,6.410522,36201.30633,2.550819854887676,2.002900882170968,10.496878106557896,19.022470995124426,19.64116201310719,5.091918469801997,338881826.49322754,161.70170113127185,7.564115794322543,5.340246871552085
Bulgaria,2027,VNI,2215.0207145833333,312.78504458333333,6.377196,37657.48,3.4816587935120102,1.9983936206152295,10.536313440270748,18.8532207215349,19.646356471630035,5.081054516044508,340646713.93919873,159.94368417225795,7.7034683955596455,5.748708180091607
Bulgaria,2028,VNI,2242.2465720833334,172.91026499999998,6.34031,38968.6,2.883155735814147,1.993381076067005,10.5705371339742,18.4848559818529,19.649586973918627,5.071686603005419,341748953.3663129,158.44301776552288,7.715679458074173,5.158539447795256
Bulgaria,2029,VNI,2084.5896258333332,285.0865954166667,6.300267,40189.81,2.4824765584938735,1.9879109228279497,10.601393641507382,18.027767958755415,19.65139408709684,5.06339225619265,342367090.759284,157.1260114831406,7.642806888418837,5.656294546168039
Bulgaria,2030,VNI,2068.814653333334,310.72758916666663,6.256722,41354.33,2.186362471200032,1.9819282117215304,10.629956591782236,17.654351190065917,19.65199598701008,5.0560016464764495,342573223.51152945,155.96167173640143,7.635214342798023,5.742129694780201
Bulgaria,2035,VNI,2033.3113491666668,165.664455,6.018874,46663.96,1.434237426043827,1.948602806312048,10.75074884082601,17.859121548181175,19.65081014715051,5.049966448897708,342167227.2979055,155.01722984854362,7.617912637247455,5.115982539666035
Bulgaria,2040,VNI,2242.7501675,284.37680124999997,5.803606,51399.78,1.1305817962179887,1.917452765743471,10.847408626425391,18.109392324052465,19.649625613292457,5.043904947431385,341762158.5870355,154.07439157562808,7.715903926888397,5.653810416700386
Bulgaria,2045,VNI,1855.20361125,205.1576125,5.611168,55909.55,0.9247541287534132,1.8887603402203583,10.931508371210723,17.894653710216108,19.648442384787735,5.037816881050573,341358015.00223297,153.13315644393563,7.52628861166635,5.328640985466031
Bulgaria,2050,VNI,2105.376575,279.8381725,5.433547,60496.15,0.8610867151608748,1.8615260191264429,11.010351535471326,18.065642657460696,19.647260460985912,5.031701984694696,340954794.173264,152.19352397275338,7.652724487250532,5.6377786048639535
Bulgaria,2055,VNI,1674.1169266666666,394.3741220833333,5.272295,65078.6,0.9397808381171212,1.8361423163807975,11.083366415032586,17.73801686132656,19.64607984123431,5.02555998918623,340552493.7363289,151.25549367438754,7.423638248787948,5.979832461157545
Bulgaria,2060,VNI,2077.44308875,275.60193375,5.120715,71240.9,1.4252653166683338,1.8116789197654937,11.17383640745783,18.04380435059777,19.64490052487801,5.019390621145268,340151111.3340443,150.3190650541764,7.639374377394085,5.6225794103486635
Croatia,2025,VNI,2102.182837916667,158.3804075,3.87435,44491.65593,3.8961818647847313,1.583986762226798,10.703079419253612,12.246169335262143,19.089724735300457,4.982001034194079,195236993.56051,144.76577230976403,7.6512071133960085,5.071293844748865
Croatia,2026,VNI,1706.2936554166668,284.90944791666664,3.876167,45958.63,3.3456337019078353,1.58435946041727,10.735518681451609,11.76112897389319,19.098754018227936,4.96800203836901,197007826.26605144,142.73941445168197,7.442664738120026,5.6556751450105365
Croatia,2027,VNI,1802.0433070833333,351.06883208333335,3.875123,47352.36,3.0048245534515905,1.5841453349007508,10.765393057025866,11.508396569790035,19.106368200291435,4.955028793417951,198513605.09297377,140.88669171695904,7.497231242373165,5.863826702172818
Croatia,2028,VNI,1902.3759058333333,161.82252791666667,3.87025,48828.11,2.9868590246300064,1.5831452704791764,10.7960819303895,11.253938829997098,19.113208389931422,4.9425951502983,199876130.4582078,139.13344543494586,7.551384381069805,5.092660821861609
Croatia,2029,VNI,1944.3625904166668,199.31660916666667,3.861586,50350.26,2.8865240715973295,1.5813647221244789,10.826778922659807,10.993856464278164,19.119067892260645,4.930852247117414,201050743.0779952,137.49749614900097,7.573203660486215,5.299899160685135
Croatia,2030,VNI,1675.7794633333333,442.75177333333335,3.849276,51910.67,2.770449805475095,1.5788294154557545,10.857298899369102,10.613536393032266,19.123928900347153,4.919810023023355,202030431.5784984,135.97658831636463,7.424630246516734,6.095265337025772
Croatia,2035,VNI,1787.33846625,194.2392325,3.752962,59563.69,1.948681842957778,1.5587680026493551,10.994818227821362,10.746404111991081,19.13487910249934,4.9042191951185545,204254862.4127696,133.85757143764943,7.489042236616242,5.274225639952011
Croatia,2040,VNI,1889.4414133333332,294.17187083333334,3.648026,66067.42,1.255978466110652,1.5364426133377516,11.098446150707412,10.822032652583005,19.13401621160484,4.897290354221827,204078688.77122104,132.92639449526948,7.544565632812877,5.687557799681111
Croatia,2045,VNI,1600.7759195833337,164.990155,3.542619,71401.37,0.8655800201038399,1.5135037179731214,11.176086341054102,10.633984143263488,19.13315438368207,4.890327483842553,203902883.82562003,131.99712132871994,7.37886824242868,5.111928479368884
Croatia,2050,VNI,1719.91525625,362.89098916666666,3.441967,76342.01,0.7502885388018354,1.4910972963586426,11.242991754392763,10.617329998946586,19.132293617701293,4.8833301909975955,203727446.67497805,131.06974985198133,7.450611554005554,5.896854342472202
Croatia,2055,VNI,1377.18958625,468.2559125,3.349029,81683.97,0.8282482171757977,1.469952601792855,11.31062529819605,10.360410270340612,19.13143391263228,4.876298075736487,203552376.4206899,130.1442779747342,7.228526022843189,6.151148275280687
Croatia,2060,VNI,1820.43587875,156.28756375,3.265212,87369.46,0.8215093628573422,1.450491886625059,11.377912518243372,10.484936761123809,19.13057526744427,4.869541033534712,203377672.1665272,129.2611176898427,7.507380413385956,5.058075746226754
Czechia,2025,VNI,3031.347296666667,130.09078,10.9095,48882.03249,2.120203273511634,2.477336400957832,10.79718563140556,28.590928250995727,19.81723454575903,5.083921815802756,404124898.6756419,160.40582018359615,8.017092283958124,4.875890060302627
Czechia,2026,VNI,2446.497245,101.0839725,10.915838,50009.43019,2.365800268591789,2.4778684395924575,10.819986866455537,27.448007526256113,19.82383235506745,5.07199292146557,406800053.0754269,158.49186558631948,7.802821248765626,4.625795734395716
Czechia,2027,VNI,2775.49259,67.15971,10.894076,50962.73,1.7030780851365668,2.4760404610403453,10.838869482229926,27.01256377415599,19.82681967837831,5.06283541620203,408017113.3309671,157.0379851069674,7.92894375185044,4.221853627817174
Czechia,2028,VNI,2952.448705,22.027635,10.870364,51932.4,1.680903194536465,2.474044873694785,10.8577174074469,26.443448399702593,19.82961448422247,5.053794139987477,409159036.9306983,155.61555999003895,7.990728819066423,3.136695016418709
Czechia,2029,VNI,2823.90974375,52.1933875,10.846174,52954.23,1.740705378606866,2.4720049462493465,10.877202118578696,25.743998546575423,19.83252850129071,5.044627377611959,410353072.22553855,154.18646247316158,7.946231693955113,3.973934093509539
Czechia,2030,VNI,2529.029385416666,172.51432,10.8203,54025.3,1.7792542650519438,2.4698183923665273,10.897226244019404,24.956228462027983,19.8354242667888,5.035440830445296,411543080.6581381,152.76736300822498,7.835986196443311,5.156260132004059
Czechia,2035,VNI,2694.6221170833333,37.2651925,10.683962,59629.35,1.6302216814703785,2.458217132209353,10.995919951628686,24.910530806057857,19.848788214329623,5.018174945651545,417079834.85567737,150.13522194447987,7.899384297921668,3.6445406709561428
Czechia,2040,VNI,2832.72033625,50.1782375,10.626197,63914.13,1.0907364116111262,2.4532609139145416,11.065311388551397,24.647095893699067,19.86167847126128,5.001240361230374,422490901.1941094,147.59735924494643,7.94934573374754,3.9353143928584786
Czechia,2045,VNI,2473.5317220833335,41.2847325,10.603857,67785.06,1.1722897378984465,2.4513375428464443,11.124111848069177,23.95822584688629,19.875090678265483,4.983877254881426,428195607.4656769,145.0395177904424,7.813806453902954,3.7444260870938018
Czechia,2050,VNI,2437.3389116666667,168.67846749999998,10.561597,71924.81,1.0171353256328342,2.4476890024914937,11.183390450087304,23.55286787925711,19.88674030748255,4.967814155074923,433213096.7363729,142.7124107538559,7.799072312548365,5.133905278508899
Czechia,2055,VNI,2199.645205,190.44353208333337,10.483569,76329.34,1.1099285515453028,2.440917231077346,11.24282577912558,23.02077497986882,19.895009263602763,4.954257166921089,436810168.3499409,140.77725041541223,7.696505871349701,5.254592893510012
Czechia,2060,VNI,2746.5664925,29.62054,10.357747,82451.06,1.41800557293148,2.429900066158724,11.319972312514926,23.1122859350119,19.90329287009553,4.940648390965219,440443559.9215248,138.8609047138393,7.918470887076836,3.4216710256063654
Denmark,2025,VNI,2664.2728583333333,22.615305,5.992734,75514.80721,3.0530085897926496,1.9448716099602272,11.232097280342767,19.74720170250297,19.708548689890037,5.062929559213556,362504949.925059,157.05286397918078,7.888061717225036,3.1618950187844725
Denmark,2026,VNI,2250.984606666667,4.64074,6.025601,76331.68964,1.6361316696349435,1.9495607631619032,11.242856561168956,18.876167869615156,19.716857425836636,5.049549082642288,365529455.35037255,154.95212710832928,7.7195671538306545,1.7300152625770149
Denmark,2027,VNI,2526.8693575,3.782282499999999,6.054421,77349.77,1.818430255146053,1.9536545124826077,11.256105810702795,18.452057507922735,19.725125267760777,5.036163543552725,368564122.9031387,152.87853286408296,7.8351320757272696,1.5649179429917761
Denmark,2028,VNI,2634.7252341666667,0.6396799999999994,6.08085,78324.68,1.7024174948814697,1.957393956996599,11.268630797557362,17.923616519195615,19.73278620119689,5.0232072872010916,371398511.29120326,150.89770292471218,7.876913654289105,0.4945011008461226
Denmark,2029,VNI,2377.0972691666666,6.330495000000001,6.105245,79288.43,1.6365688504199172,1.960833243713168,11.28086010744,17.276627714654065,19.740017117624983,5.010542220229499,374093795.8399316,148.9860395696721,7.774055980184866,1.9920430443142363
Denmark,2030,VNI,2251.97181625,6.1199025,6.127181,80268.1,1.5993145193819114,1.9639157845772144,11.293140018903802,16.684647710647077,19.746844174625313,4.998146414538641,376656493.4019328,147.1383174285466,7.720005430922132,1.9628940315098986
Denmark,2035,VNI,2342.1353125,1.1371349999999998,6.20323,85827.26,1.629636527364786,1.9745295365372408,11.360103601874826,16.279874557894672,19.776850395192692,4.96814593407832,388129805.779615,142.760099424884,7.759245188654138,0.7594661470136713
Denmark,2040,VNI,2341.3996370833333,6.065790000000001,6.253086,92265.98,1.5715223919725574,1.981427033473533,11.432441610005531,15.938624846446139,19.80394447371682,4.940386683305918,398789581.5488123,138.8243068330207,7.7589311688332945,1.9552648287104266
Denmark,2045,VNI,2191.2809004166666,12.698615,6.279032,99547.82,1.685831997933751,1.984997886334728,11.50840345608206,15.565929657353896,19.8281305707552,4.914823720269339,408552330.5852458,135.29528158923438,7.6926977878579565,2.6172947328331353
Denmark,2050,VNI,1962.851406666667,59.58416,6.287777,107586.6,1.519629277316148,1.986198561245833,11.586060678433306,15.19386197897035,19.8500150754144,4.890972084247871,417591847.89574885,132.08287896376837,7.582662827532134,4.104033472769344
Denmark,2055,VNI,1903.4391475,17.3838875,6.283193,115367.5,1.2860309451500518,1.9855693649533104,11.655886632189938,14.862098703988098,19.867711935256008,4.87018075081677,425047690.2317373,129.34447463760645,7.55194283345229,2.911474601635979
Denmark,2060,VNI,2146.72257125,4.7504375,6.273573,122689.5,1.1692346404715837,1.984247642614644,11.717420203088686,14.67490621692193,19.882417591460623,4.8515385011091245,431344481.19477606,126.93706983488256,7.6721632905135575,1.7492759388713153
Estonia,2025,VNI,3523.2283883333334,26.863735,1.369995,42598.22788,2.130483478589018,0.862887845440173,10.659591407210575,4.45081290746477,17.160915418089864,5.170143910647836,28372059.05750885,174.94015532400118,8.167416794358227,3.3273260225390033
Estonia,2026,VNI,2890.821855,26.2925425,1.364632,44074.8942,3.061465790284501,0.8606224072995677,10.693668295205477,4.270135130781522,17.16598569640478,5.159425207043047,28516278.60602971,173.06437586799692,7.969641982142064,3.3066134963754354
Estonia,2027,VNI,3780.108976666667,2.505350000000001,1.357873,45783.64,3.362413469195946,0.8577599414620062,10.731703942673748,4.254432626991372,17.17105765092706,5.1486723435955,28661279.286924064,171.20271244720462,8.237772625656662,1.2542903728477883
Estonia,2028,VNI,3684.886244583334,9.2038375,1.351469,47306.16,2.838163830126162,0.8550402392414349,10.764416937231294,4.146113784116695,17.174962935860687,5.138812418747417,28773428.597979713,169.51314981212917,8.212266276273168,2.3227638750253576
Estonia,2029,VNI,3222.2487458333335,12.603,1.345409,48739.33,2.5675776163277764,0.8524598003360065,10.79426209777589,3.9955252133746573,17.17834468504851,5.129334371210008,28870897.83552102,167.90465281931347,8.078145057190843,2.610290356651293
Estonia,2030,VNI,3383.992153333333,6.768672499999999,1.339781,50120.53,2.4036852380763474,0.8500573352462271,10.822205935279907,3.9031564001904826,17.181526894221108,5.119981364194123,28962917.409730453,166.33225122069658,8.127106867273772,2.0500993003622816
Estonia,2035,VNI,2988.7656625,10.398120000000002,1.317244,57237.38,2.373141277540469,0.8403785484943713,10.95497993138309,3.868065334257598,17.1996000683672,5.0988784326523735,29491128.122224092,162.83804880849218,8.002950289567531,2.4334484295202228
Estonia,2040,VNI,3407.58018125,2.489695,1.303275,64766.18,2.2098530396801097,0.8343320231757194,11.078554272553816,3.886079584415051,17.2215486211918,5.074735393626496,30145571.497757457,158.92986791766054,8.134051114436968,1.2498143398452413
Estonia,2045,VNI,2913.5633391666665,34.3704225,1.291063,72293.62,1.8311352077373224,0.8290159020020439,11.188504993206626,3.812664533806131,17.24114892939635,5.052415569284,30742262.57164293,155.3998031195482,7.977475289679264,3.5658759482973044
Estonia,2050,VNI,2549.21325375,79.50470083333333,1.277067,78899.08,1.3970932348572829,0.8228882113303037,11.27593752077515,3.726782534914186,17.25332146442788,5.035813763375878,31118760.6712528,152.82471861577218,7.843932263577337,4.388315578164705
Estonia,2055,VNI,2175.531445,44.5546525,1.260817,85275.82,1.3235634404359595,0.8157262523819923,11.35365794977384,3.6243229988135073,17.26102481967654,5.022611697706691,31359405.24259561,150.8072611843753,7.685487808395454,3.8189127589949208
Estonia,2060,VNI,2970.952819583333,11.719085,1.240526,93528.42,1.6875810782166931,0.8067106597292836,11.446031318190508,3.6863325168555523,17.269176561450976,5.009026792448235,31616083.79173581,148.75891869461404,7.9969745307396805,2.5431036213623406
Finland,2025,VNI,4567.428544583333,8.530637499999997,5.635971,56146.12949,1.1263406225166417,1.8925050022161776,10.935730836687055,36.86495767806919,19.836451276600055,5.104434901854656,411965956.552432,163.75094376847167,8.426924561424013,2.254511609447693
Finland,2026,VNI,4000.6918166666665,10.2402375,5.656904,56720.47267,1.3981606994728946,1.895654511604264,10.9459081247265,35.50258739953285,19.842844251311856,5.092823226132245,414608081.0199836,161.8489731379064,8.294472504848793,2.4194999741355505
Finland,2027,VNI,4527.371414583334,1.0486600000000008,5.67257,57718.63,2.0415925737353957,1.898005093062046,10.96335260261085,34.79653798500778,19.8502131925458,5.080414798560117,417674588.1908103,159.840758608642,8.418117642707953,0.7171859208858489
Finland,2028,VNI,4756.482042916667,11.41595,5.684913,58608.76,1.7631350024954306,1.899853196258301,10.978656514597734,34.048356185027984,19.856425274469203,5.068873047648905,420277292.6931341,157.99504650032162,8.467473824684289,2.5189819363708987
Finland,2029,VNI,4316.951338333333,13.301095,5.69388,59478.06,1.643298199173815,1.9011936761271089,10.99337959681774,32.922784601141096,19.861886625074707,5.057879453684022,422578853.44002026,156.25669240417795,8.370536341519202,2.66033610776084
Finland,2030,VNI,4458.7189520833335,3.217595000000001,5.69942,60366.33,1.5921919767730497,1.902020955485588,11.00820334354722,32.086048303971786,19.866770950269864,5.047297604454378,424647914.8567037,154.60139927198102,8.402841027800616,1.439265060376948
Finland,2035,VNI,4049.171387083333,13.59573,5.692044,65277.74,1.549765919503887,1.9009193581179056,11.086421687981124,31.438160590709316,19.886116890657423,5.025536875662366,432943108.5687048,151.2519745540708,8.306514477003565,2.680729020184417
Finland,2040,VNI,4344.68431375,2.349595,5.665869,70810.76,1.503749440197355,1.897000327727249,11.167780367583369,31.154608634812497,19.902977379475175,5.0056664150442405,440304626.02658135,148.25651681092071,8.376938519832477,1.2088394430061342
Finland,2045,VNI,3882.525064166666,9.8274925,5.63402,76399.65,1.3835202305665373,1.892210955292701,11.243746482971824,30.549632827754742,19.917386878516673,4.987639070527746,446695126.5097802,145.58992615175953,8.264498541853724,2.3820885014257307
Finland,2050,VNI,3570.836713333333,35.0612325,5.59858,82308.14,1.3285066426934389,1.8868544743688207,11.318237437606918,30.01730302999145,19.93073391697299,4.970386707635766,452697149.0663631,143.0825944385016,8.180835227998926,3.5852183963369457
Finland,2055,VNI,3196.5169291666666,11.3644725,5.557768,88385.8,1.2988897315347805,1.8806503011574691,11.389477916209236,29.36160055607156,19.94221699720452,4.954504568558639,457925467.9126753,140.8123306786108,8.070129827939894,2.514827239327436
Finland,2060,VNI,3801.764010416666,15.0039525,5.516127,94992.24,1.3280925678878177,1.8742801810348215,11.461561010156098,29.345056113285608,19.953718217954812,4.938572527974913,463222573.0146016,138.57087377435022,8.24348345247056,2.772835722982586
France,2025,VNI,2084.323635833334,68.8121775,68.8826,54692.6456,0.6515300621127595,4.2468166912136605,10.909502813471898,274.95372274747217,21.896316444745032,4.999410024280531,3231836680.922242,147.32562476636178,7.642679343210547,4.2458084573021875
France,2026,VNI,1706.9993104166667,124.110015,69.05683,55037.42622,0.8849287933729855,4.249306769814465,10.9157868788118,263.4138838725831,21.900500925613205,4.989035423674791,3245388573.7305717,145.7947604336815,7.443077970611119,4.829193470223794
France,2027,VNI,1756.39061625,96.8583125,69.201003,55804.6,1.6055974518841332,4.251362598678984,10.929629501756772,256.4767317196569,21.90623941447656,4.977444469416013,3264065738.019931,144.10309204514874,7.471585383483358,4.583520641690225
France,2028,VNI,1894.2454833333336,29.7820725,69.337129,56588.0,1.603299428607574,4.253299810176444,10.943569899013834,250.27432345320628,21.911883314069726,4.9658850393891525,3282539881.3825846,142.4354401281153,7.547103651782714,3.4269324588275505
France,2029,VNI,1942.5120970833336,54.283827499999994,69.466605,57386.45,1.6003569981665189,4.255138909649386,10.957580917287222,243.79110061285118,21.91744626965891,4.95434601910586,3300851390.801825,140.7898481935243,7.57225197465332,4.012480415485121
France,2030,VNI,1696.9246754166666,231.0076858333333,69.590234,58207.46,1.6111838523582112,4.256891806319014,10.97178598398041,235.06915567932512,21.922972940755383,4.942793113723399,3319144614.5355954,139.1611894778374,7.437162005119755,5.446770499709524
France,2035,VNI,1774.0514575,82.5973525,70.160114,62593.78,1.5986555765354016,4.26493246481996,11.044437167029866,230.61530337532247,21.95030051827137,4.914969852888866,3411099526.2294927,135.31520023110843,7.481584691630156,4.426011850928906
France,2040,VNI,1879.99012375,102.4670725,70.646627,67138.55,1.485934158505109,4.271746077101867,11.114528568098695,226.8045828834978,21.97570723759755,4.888600172121885,3498874692.486102,131.76759213353702,7.539553578755614,4.639253421991509
France,2045,VNI,1738.1223191666668,120.194105,70.888632,71956.43,1.4405034177056295,4.275118143742532,11.183829973140984,221.3259005259736,21.997414790826504,4.864953322423558,3575657064.774666,128.66488602792074,7.461135850676869,4.797393433838457
France,2050,VNI,1598.2022445833334,254.2760175,70.900505,77088.3,1.413781767685851,4.2752832883462855,11.252719769116323,216.32784362527983,22.01576146519844,4.84373820730878,3641863961.72028,125.9430051408329,7.377260186751572,5.542345381331219
France,2055,VNI,1681.01172625,121.8867225,70.666277,83163.14,1.4540177834066137,4.272020302235469,11.328571524282571,213.70447667643774,22.0324687408714,4.823682286967196,3703220711.759365,123.42240728655756,7.427745812119769,4.8112629757479946
France,2060,VNI,1844.78490875,78.7453225,70.262804,89915.06,1.4557977400551092,4.266374508266861,11.406631847441558,212.08379252855318,22.047341979344445,4.804907157713037,3758711235.5021834,121.10815369465271,7.520659890803904,4.378838087907238
Germany,2025,VNI,2724.87001125,79.32629,83.57714,62128.11189,0.4029008985522608,4.437664017332173,11.036969948572828,236.1507002669827,22.07539424009661,5.193595963903149,3865644429.8119183,179.1150771120517,7.910542926324951,4.386096964630202
Germany,2026,VNI,2215.4026404166666,60.768989999999995,83.499996,62924.90581,1.1890148887025551,4.436751487025849,11.049713214973409,227.30028449638152,22.077833591856443,5.185249101476225,3875085606.851414,177.61793824062238,7.703640728301214,4.123401458594689
Germany,2027,VNI,2426.18633375,47.1134725,83.377681,63547.13,0.8409025747799781,4.4353029235027,11.059552850535562,223.27397263621182,22.078964236892716,5.177924043183177,3879469430.966554,176.31433175647535,7.794487978119451,3.8735622314479325
Germany,2028,VNI,2646.1516191666665,11.529065,83.25017,64127.54,0.7590249785052627,4.43379058703459,11.068644785627711,218.97856364836593,22.07983300738396,5.170783138914701,3882841263.993172,175.05265719791913,7.881239480211419,2.528051145213882
Germany,2029,VNI,2495.05238625,36.18746,83.122146,64683.7,0.7121557115026933,4.432269861683607,11.077279976480847,213.13211453601392,22.08057273029353,5.163720147299217,3885714553.2190113,173.81357970425287,7.822465717350001,3.615971607675018
Germany,2030,VNI,2226.554239583333,112.21521,82.990067,65264.19,0.7371050868608897,4.430698541851231,11.086214095026804,206.66101432679596,22.08134010425484,5.156609898695812,3888697493.758072,172.57502014450395,7.708659509029803,4.729290520700651
Germany,2035,VNI,2366.0870683333333,25.031815,82.331992,69040.8,1.163004275069368,4.422832533064595,11.142467397259855,204.51284233520713,22.088223535931935,5.144607618702225,3915557415.438507,170.5041764353558,7.769415393093198,3.2593194438134456
Germany,2040,VNI,2466.245874166667,31.8540775,81.721963,74568.03,1.4595172795583975,4.415485141136192,11.219480552541208,202.9511284100082,22.101109439230697,5.127817143388927,3966339392.813514,167.64858029025146,7.810857776811045,3.492075862037514
Germany,2045,VNI,2164.930315416667,57.5075775,81.05046,80540.13,1.3050192494183044,4.407334423857984,11.296523264602529,199.21107563216768,22.11318921979286,5.111633875652909,4014542457.394878,164.94126088606907,7.68060525502894,4.069156275764065
Germany,2050,VNI,2118.2403829166665,165.7689975,80.277587,86404.64,1.1780259969913276,4.397870295889489,11.366808230439425,197.05806536710367,22.122155104711716,5.097865221760807,4050698225.1004663,162.67213038235883,7.658812993512743,5.11660960634241
Germany,2055,VNI,2025.362355,87.2803775,79.415128,92169.8,1.0567806197992802,4.387202317689178,11.4313986565638,194.25863346427266,22.128398127343463,5.086193262571367,4076065928.982282,160.77286161200882,7.613997521235,4.480517857546135
Germany,2060,VNI,2392.4144829166667,29.51367,78.505228,98654.39,1.2239143054514123,4.375822780504415,11.499388147565886,194.37477366072852,22.134816037336787,5.074349486217359,4102309878.82037,158.86816170389707,7.78047627931049,3.418174779924528
Greece,2025,VNI,1259.5834629166666,236.54559125,10.372335,38121.54839,2.3658031936796498,2.431183651673543,10.548561207317498,37.27224921286085,20.20610000660993,5.046759219081421,596207909.0773572,154.51764830177316,7.139329958570518,5.4703595682100215
Greece,2026,VNI,1095.3888504166666,315.65459166666665,10.35871,39068.19492,2.3486111158152134,2.429984850506968,10.573089581745178,36.07315416209179,20.211258380634337,5.036053791856765,599291318.3257799,152.86164536086235,6.99977719511084,5.7578115636205025
Greece,2027,VNI,1197.8451383333334,480.27771666666666,10.326251,40319.45,2.879360448962265,2.427123128844605,10.604614063397255,35.558456874762676,20.21643899747284,5.02529636760911,602404073.0587604,151.2153611311545,7.089113987664363,6.17644447701717
Greece,2028,VNI,1151.2989095833334,333.9108195833333,10.288906,41521.93,2.6099450382923273,2.423820473555045,10.634001083750707,34.69975265336292,20.220570902735425,5.015307721600108,604898299.0266826,149.70250404712962,7.0495142777237065,5.8138642861858365
Greece,2029,VNI,1164.3047916666667,380.0972041666667,10.246897,42708.69,2.4381885008046167,2.4200922683822617,10.662181105555836,33.99735244980003,20.223916053745786,5.005885728371888,606925163.3797965,148.289254344053,7.060737955530488,5.9430544716331895
Greece,2030,VNI,1163.7349075,461.40539291666664,10.20001,43885.52,2.285300380854527,2.4159146711577932,10.68936249040681,33.28293314140326,20.226502740910313,4.997007676165141,608497121.1172855,146.9697226527937,7.060248792896706,6.136441980172221
Greece,2035,VNI,1076.21827875,326.21453958333336,9.934432,49563.42,1.693340469823701,2.391916709478305,10.811028516592822,33.36108559704601,20.232227222358237,4.985710524655972,611990440.7862014,145.30749318483956,6.98213732955508,5.790616040120706
Greece,2040,VNI,1194.81099375,447.6885525,9.687426,54673.47,1.3434284898863336,2.3690679102622996,10.909152151853725,33.75107008460942,20.23294308932287,4.978385901637643,612428701.37557,144.23976109368715,7.0865798900406025,6.106329000064553
Greece,2045,VNI,962.27182875,400.37770083333334,9.444922,59342.05,1.0557437301987216,2.346115927292757,10.99109029124319,33.28248708726157,20.232025923607537,4.972533520612897,611867260.273286,143.39224508410638,6.870335644811917,5.9949028813395975
Greece,2050,VNI,1200.35358625,442.28457375,9.182676,64554.1,1.2028447567184797,2.320687844947892,11.075274401674308,33.893678045459325,20.231109641220733,4.966652829291005,611306873.8540329,142.5456106991271,7.091204188616681,6.094211942476448
Greece,2055,VNI,876.50723625,596.2152570833333,8.893184,71009.87,1.2920341687676418,2.2918460351775267,11.170588242896608,33.379368165200674,20.230194241500072,4.9607435326888645,610747539.7577488,141.69985847107694,6.777085201744765,6.392277613033497
Greece,2060,VNI,1097.059848333333,392.1777783333333,8.589605,78604.73,1.4300274667941038,2.2606796993087985,11.272199876523525,34.18998765135261,20.22927972378274,4.954805331082223,610189255.6301801,140.8549889277408,7.001300127262851,5.9742618717556715
Hungary,2025,VNI,2414.786110833333,205.15359583333336,9.539502,41154.00537,0.6931582526233715,2.355130293420117,10.62510083588906,20.475642420891184,19.555496627421864,5.104618897134309,311060076.7156056,163.78125995337544,7.789780024851452,5.328621501801335
Hungary,2026,VNI,1909.950315,289.56924583333335,9.489006,42271.7628,2.1723228267789496,2.350327661007142,10.651898252200876,19.731757565375588,19.556813082473173,5.096877882304138,311469842.98643506,162.5106101808308,7.555355944425567,5.671841915643627
Hungary,2027,VNI,2168.0914220833333,302.48155083333336,9.432688,44163.46,3.8550168461640943,2.344943953929876,10.695675672227996,19.56070154278031,19.56241277522659,5.0857537420400005,313218870.8537634,160.70177474112637,7.682063659354626,5.71532082062333
Hungary,2028,VNI,2274.55509375,140.339305,9.377987,45774.75,3.0474019411352637,2.339686928294927,10.731509753897836,19.236222544143168,19.56605307851524,5.076124338485736,314361160.42182344,159.15215602276825,7.7299792988753095,4.951163418029733
Hungary,2029,VNI,2201.78424,188.20325708333337,9.326264,47216.34,2.580406792014145,2.334690552661726,10.762516476990108,18.808275420369817,19.568704822707744,5.067231293523544,315195872.03768986,157.73422988377848,7.697477402832135,5.24282187149779
Hungary,2030,VNI,2000.8185725,357.09980125,9.27674,48549.94,2.2784311773556887,2.3298830891110733,10.790368835015046,18.298335657066968,19.570730470585648,5.058792152909556,315834994.98951846,156.400285984452,7.601811332641769,5.880811721991667
Hungary,2035,VNI,2110.718082916667,171.7245625,9.068641,54621.73,1.6357395645677508,2.309425742310373,10.908205375470342,18.44741238957183,19.579138549297387,5.045378729340131,318501755.9530512,154.3031059045642,7.655257152448954,5.151698201443586
Hungary,2040,VNI,2211.5408491666667,264.386745,8.883635,59307.32,1.125783905814548,2.2908803590754134,10.990504878685512,18.471787899607097,19.580244904203862,5.037561559498771,318854326.9329309,153.09380795072113,7.701896839611836,5.581188177169353
Hungary,2045,VNI,1846.9801045833333,140.78724,8.720462,63795.45,1.1387156797222575,2.2742331482069895,11.063452825151543,18.120677413822605,19.580956454917747,5.030017398836277,319081288.6954229,151.935673575212,7.521848486225567,4.954327624153426
Hungary,2050,VNI,2013.2635316666667,374.00391625,8.553183,69255.4,1.2044075401703047,2.2568743973903755,11.145570838551796,18.18665939564055,19.583257736269204,5.021221006046124,319816430.07613623,150.5962908235952,7.608008914602553,5.926936469249213
Hungary,2055,VNI,1614.71298125,464.70270458333334,8.390984,74657.07,1.1256130148997512,2.239750080062107,11.220673901612075,17.81291758709664,19.58393085535685,5.013638311796713,320031777.08939856,149.45112969126436,7.387531612693784,6.14354745753714
Hungary,2060,VNI,2116.2132366666665,97.3426575,8.220534,80759.63,1.212628638350477,2.221432953461844,11.299244873287876,18.063488889187724,19.58414216619612,5.0063774714755525,320099410.41859555,148.3626843581997,7.657855991932297,4.588457885210284
Ireland,2025,VNI,2166.4283083333335,0.4600425000000001,5.440278,117578.7317,4.086751089152929,1.8625717068864271,11.674871950102988,18.18721451161851,19.268211994864355,4.979162901379503,233387796.47791016,144.35265620462087,7.681296632367583,0.37846554488561035
Ireland,2026,VNI,1944.2999166666664,0.7582150000000007,5.528338,119148.1033,2.9750133496767583,1.8761523932822095,11.688130956690763,17.38160832113296,19.287767937345407,4.9571504096983015,237996834.97993085,141.18804039216113,7.573171442965476,0.5642990898511709
Ireland,2027,VNI,2154.884972916667,1.1331125000000002,5.605476,121288.6,3.2168876889498765,1.8878990019938149,11.705936353416377,16.899070251961433,19.30632329555903,4.9358764943665,242454177.4298258,138.1950927945911,7.675956578526147,0.7575821807144045
Ireland,2028,VNI,2150.4222325,0.8353200000000003,5.675542,123383.0,2.998330900571622,1.898450399491766,11.72305672240345,16.307635744657038,19.323263222451512,4.91578740895677,246596318.2159454,135.42669111902086,7.673884405913088,0.6072188532238831
Ireland,2029,VNI,2000.9519954166667,3.6010100000000005,5.738411,125466.4,2.8149857674253154,1.907824140452684,11.73980124285408,15.682373944308436,19.338698156295656,4.896786350407039,250432042.01005524,132.8589120886668,7.6018779812743285,1.526275844611526
Ireland,2030,VNI,2113.89121875,0.3494149999999996,5.794004,127546.2,2.642501461857094,1.9160404584930024,11.756241771153388,15.190995427410906,19.352677839734316,4.87882344605175,253957588.28796265,130.47588437959902,7.6567586569425155,0.2996711652009833
Ireland,2035,VNI,2018.4456379166663,0.0,5.997143,137171.7,1.891872782404702,1.9455019228852048,11.82899599488302,14.645319899332307,19.406336303319137,4.832098071438983,267956791.4615747,124.47393797129432,7.6105783160556975,0.0
Ireland,2040,VNI,1977.95292375,4.603765,6.167777,144081.5,1.3590925658755415,1.9695955646976169,11.878141331170708,14.152799338723433,19.44736038490121,4.7947334146510805,279178070.3899931,119.87215474207017,7.590323157421701,1.7234386932628722
Ireland,2045,VNI,2029.63936375,4.8380825000000005,6.319525,148977.5,1.0597071936937263,1.9905454351573444,11.911557279214014,13.67095038722266,19.480483964875283,4.763101256449188,288580305.7727944,116.10854695440956,7.616105979959443,1.764402403883975
Ireland,2050,VNI,1825.07878875,10.058220000000002,6.44918,154111.0,1.165226048620216,2.008103959219545,11.945434889788384,13.109077517905078,19.509732747303214,4.734254201422616,297145579.67729455,112.77857117112268,7.509926208498972,2.4031740428164077
Ireland,2055,VNI,2147.74868375,7.276757500000001,6.537342,162254.4,1.348790061915417,2.019869599976221,11.99692691598477,12.895721687741364,19.536898455743295,4.706896503874752,305328392.62131447,109.70804421478935,7.672640944131427,2.113451285419212
Ireland,2060,VNI,1864.249915,1.2021824999999993,6.580861,172883.7,1.4312262466849912,2.025626781594109,12.06038017729896,12.455656999145928,19.56027782109257,4.682140432539435,312550876.25109017,107.0009941894192,7.531150325781324,0.7894489140669233
Italy,2025,VNI,1733.78306375,144.688975,58.943464,53591.80314,0.7826859126478292,4.093401851343132,10.88917006826778,154.04786945410143,21.977111650635475,4.993011257121117,3503792009.887793,146.37955370194578,7.458637649260801,4.981474041154849
Italy,2026,VNI,1448.0425470833334,199.71767166666663,58.942829,54080.34429,0.9105096525378498,4.093391257971962,10.898244567841337,148.0375546358422,21.97949554270532,4.984031552632423,3512154635.7152743,145.06205309812313,7.278658304956078,5.301899302083886
Italy,2027,VNI,1432.993815,263.02620291666665,58.917036,54799.76,1.2859305895255524,4.092960872030877,10.911459341453078,144.03922537348157,21.98254509270831,4.974511957428795,3522881474.6008787,143.678198795112,7.268218708040083,5.576048351693238
Italy,2028,VNI,1565.4528216666668,109.301365,58.873875,55518.25,1.236901141786917,4.092240266410511,10.92448508644391,140.93391277657727,21.98524960756551,4.9652155422405055,3532422055.397732,142.3394426485397,7.356568992904992,4.703216301522865
Italy,2029,VNI,1565.8021558333332,166.21395,58.816636,56225.75,1.1758936726762317,4.091283816247749,10.937147901287563,137.23330930241758,21.98761848537828,4.956134454629622,3540799850.701459,141.04365708771306,7.3567919777374575,5.119274130184615
Italy,2030,VNI,1404.613077083333,374.3643775,58.747265,56940.87,1.1524281369952094,4.090123415705379,10.949786201880393,132.68273142077967,21.98977345589684,4.947176622267238,3548438397.459466,139.77693582815087,7.248228840389181,5.92789722753479
Italy,2035,VNI,1408.1078045833333,182.08243041666665,58.236856,60487.69,1.0122586660775923,4.081543915742736,11.010211684394312,130.74875722830578,21.996992902036936,4.934394361081879,3574148853.3144045,137.98893992525734,7.250712020386546,5.209936490859369
Italy,2040,VNI,1557.301954583333,229.1304725,57.640414,64189.31,0.9655892723791748,4.07142411758076,11.069607543706844,129.90211547156974,22.00237234084426,4.922939662277446,3593427576.228353,136.4059471427183,7.351352016755687,5.4386464198245354
Italy,2045,VNI,1382.8619391666666,190.147095,56.854019,68384.8,1.0266161739789448,4.057922924000981,11.132920479719113,127.38299341253884,22.00534286069266,4.913229293977076,3604117794.061563,135.07814196132395,7.23263337626438,5.253043262538056
Italy,2050,VNI,1453.45633,245.50185583333337,55.772064,73350.95,0.9995615266285895,4.039044373752659,11.203024368084831,126.93205294374229,22.00462864478426,4.906203875385673,3601544594.815873,134.12548637335425,7.282387453421273,5.507369522190037
Italy,2055,VNI,1250.5562070833332,337.5897225,54.395562,79113.11,1.0253124205737318,4.014499482241147,11.2786465196428,125.15450268939,22.003714679303386,4.899292446422945,3598254411.163649,133.1947960779156,7.132143021635865,5.824789116314571
Italy,2060,VNI,1489.666082083333,162.32661000000002,52.82884,85707.31,1.0415305371253014,3.985809383018736,11.358705066045983,126.34555582211081,22.002801892831716,4.892346851365082,3594971471.7538857,132.26596274958024,7.3069783340044046,5.095751938324026
Latvia,2025,VNI,3391.448675,53.145115,1.860565,39737.03186,1.0396443362718388,1.0510191577683985,10.590063989464186,4.535427398507042,17.996248136886646,5.071556169017895,65414082.47420857,158.42222233317796,8.129307262633636,3.991667757004581
Latvia,2026,VNI,2796.722649583334,25.900745,1.841333,40877.6204,1.807007352512913,1.04427330825244,10.618362476754308,4.359247452738648,17.995097968581607,5.065550662428953,65338888.51983421,157.46768024980096,7.936561025788797,3.2921539813915754
Latvia,2027,VNI,3657.88721875,6.88639,1.822938,42048.21,1.8360317255585736,1.037778186578881,10.646595878066467,4.350395845440787,17.99394924738489,5.059519415999178,65263875.445276015,156.5147990382559,8.204914341573412,2.0651384889624915
Latvia,2028,VNI,3523.2302741666667,14.807122499999998,1.80512,43234.93,1.8172651565764308,1.0314463188082523,10.674427141513595,4.240275417072371,17.992801972345823,5.053462179115521,65189042.763919555,155.5635783805904,8.167417329463396,2.760460629596361
Latvia,2029,VNI,3107.00276625,22.816707500000003,1.787946,44459.04,1.8529566676077416,1.0253051239876023,10.702346087202892,4.099459132572401,17.99165614251095,5.04737869733804,65114389.990523264,154.61401794978545,8.04173560152897,3.1703873301919514
Latvia,2030,VNI,3256.7019995833334,14.757045000000002,1.771424,45715.7,1.8763600689452709,1.0193612675280728,10.730218936826065,4.016090536405186,17.990511756924036,5.041268712321922,65039916.64121442,153.66611740977274,8.088777317692948,2.757287566849411
Latvia,2035,VNI,2908.8277604166665,14.345282500000003,1.700059,52119.18,1.7379690283219285,0.993273624623387,10.861307484801506,4.0408978479925715,17.989368814626086,5.035131961737511,64965622.23348526,152.71987641545184,7.975849169553556,2.730808097807746
Latvia,2040,VNI,3309.83515375,7.2152224999999985,1.640306,58604.9,1.5554657643187753,0.9708948195321944,10.978590653090809,4.122731197008213,17.988227314655347,5.02896817918827,64891506.286188975,151.77529461270802,8.104955748856888,2.1059888357237893
Latvia,2045,VNI,2819.3529620833333,42.77441,1.586358,64739.97,1.1367514733720665,0.9502507085097318,11.07814951037695,4.090366300286926,17.987087256047325,5.02277709412664,64817568.31953581,150.83237163842986,7.944617319959155,3.779049400068522
Latvia,2050,VNI,2555.6841133333332,76.78455,1.535556,69794.81,0.7063392179556649,0.9304129423825328,11.153329258295376,4.041644084789835,17.985948637834788,5.016558431767692,64743807.85508915,149.8911071205268,7.846466429659478,4.35394282534526
Latvia,2055,VNI,2189.6590433333336,77.7611875,1.487144,74478.67,0.7109525340650347,0.9111350642307098,11.218281481221476,3.9573970656673323,17.984811459047776,5.010311913000541,64670224.41576159,148.9515006779474,7.691957710568204,4.366420331107744
Latvia,2060,VNI,2929.4043225,14.735920000000002,1.439369,80620.08,1.1204335348076857,0.8917393993032916,11.297515432761037,4.0339225496555935,17.983675718713613,5.004037254297431,64596817.525811054,148.01355192069695,7.982895686518117,2.7559459971897478
Lithuania,2025,VNI,3252.2760225,79.00589083333334,2.890664,48663.11751,3.3892125231365755,1.3585798371511804,10.79269723071898,6.1061838553819765,18.72470037963221,5.0516975527567896,135529565.79802302,155.28754578219045,8.087417774549028,4.382100267379594
Lithuania,2026,VNI,2689.4457175,32.1517575,2.886877,50217.23153,3.0584260204892466,1.3576060074280631,10.82413341763514,5.852723074896145,18.7316851344566,5.039362133064045,136479520.3312174,153.37151512896287,7.8974621531080285,3.5010957318177938
Lithuania,2027,VNI,3463.3387054166665,12.8106625,2.877618,52262.46,3.7389726275474544,1.3552210475848816,10.864052744307404,5.82644574727791,18.739007009161064,5.026730205508779,137482473.55436948,151.43376982877143,8.150277043602262,2.625440938754265
Lithuania,2028,VNI,3369.4106275,21.292965,2.865918,53968.35,2.844225267926958,1.3521991700076486,10.896171571812165,5.674299569787853,18.74340868175008,5.016300141482663,138088960.1926825,149.8521384462921,8.122789863846402,3.104271157842658
Lithuania,2029,VNI,3002.3905620833334,33.6920875,2.851866,55489.98,2.315347430319203,1.348557706207221,10.923975764003789,5.483639126863722,18.74583071310916,5.00734717717459,138423821.3454427,148.50759245219265,8.00749711683042,3.5465116350143475
Lithuania,2030,VNI,3118.5716958333333,20.058212499999996,2.835357,56889.93,1.9293991768164045,1.3442625204475045,10.948891204948042,5.357445821225893,18.74659996957553,4.999620316092191,138530345.7329157,147.3568197106153,8.045450994403685,3.0472906265604016
Lithuania,2035,VNI,2829.1065883333335,18.7918225,2.734513,63409.09,1.465338714186171,1.317617421863953,11.05737827602756,5.356441981604768,18.74554297213336,4.993251875766104,138383996.8695687,146.4150202372401,7.948069653650049,2.985268847339909
Lithuania,2040,VNI,3167.123459166666,13.060322500000002,2.645463,70821.71,1.562433974041677,1.2934833807134587,11.167934990960315,5.442659192386916,18.744487211243992,4.9868544123578795,138237973.55332017,145.4749482836455,8.060894722871527,2.643356823530556
Lithuania,2045,VNI,2680.6902483333333,47.709245,2.56314,78256.61,1.198198278176199,1.2706421785826048,11.267761356069858,5.396734010819706,18.743432686053975,4.980427620670958,138092274.96185583,144.5366028088778,7.894202564380369,3.885868847800975
Lithuania,2050,VNI,2518.758193333333,74.06633,2.485856,84523.48,0.7595692431298096,1.2487136381551258,11.344796475531137,5.352665718060215,18.742379395708188,4.973971190536775,137946900.27507487,143.59998276543232,7.8319182208750355,4.3183721226850595
Lithuania,2055,VNI,2188.8914670833333,92.870645,2.412771,89597.76,0.4811559800411258,1.2275245712773737,11.403096759581544,5.242858637107644,18.74132733934985,4.9674848067065644,137801848.67508352,142.66508709927322,7.691607263173051,4.5419177175301515
Lithuania,2060,VNI,2804.6212279166666,21.0305175,2.340899,94399.67,0.433382387764003,1.2062399324477504,11.455303449566031,5.278637157104272,18.740276516120527,4.96096814874019,137657119.34618908,141.73191474985404,7.939380265063622,3.092428651232857
Luxembourg,2025,VNI,2717.1873766666668,52.8501775,0.681973,128279.3783,1.9924962897674536,0.5199675091032483,11.761973602820516,2.5557165950778336,17.221494225806648,5.09173941533038,30143931.762328237,161.67257127213827,7.907720531505853,3.9862056997900943
Luxembourg,2026,VNI,2264.8443745833333,60.778535,0.690899,129542.2558,2.3062090481116515,0.5252603401610425,11.771770125970548,2.39804330162671,17.23708297742209,5.07266554175234,30617519.77534362,158.59917913727733,7.725702760757868,4.123555974033489
Luxembourg,2027,VNI,2390.8492708333333,46.6807575,0.699848,131262.4,2.6403317178331775,0.5305388352999945,11.7849612704806,2.3003217143139842,17.253433463970406,5.0529775351135955,31122246.153506435,155.4877191652499,7.779822099219402,3.8645279097953242
Luxembourg,2028,VNI,2598.4149704166666,12.7196275,0.709419,132501.8,2.324711159470816,0.5361535466991243,11.794359056260609,2.20521691700401,17.269496569767515,5.0334897455151655,31626202.820805904,152.46764230886333,7.86304168731251,2.6188274717833946
Luxembourg,2029,VNI,2551.3148275,31.6384125,0.719584,133338.9,2.07367999378949,0.5420824011072862,11.800656786209268,2.0952329178295517,17.28538539779194,5.014112743148154,32132719.456232175,149.52252535888198,7.844756001863681,3.4854898922709494
Luxembourg,2030,VNI,2181.3597804166666,176.73268041666665,0.730362,134143.5,2.1102728088737033,0.5483306351751754,11.806672856131444,1.9621884345636014,17.301839991740664,4.99428071175317,32665824.30745009,146.5667641615141,7.688162038418048,5.180280626055053
Luxembourg,2035,VNI,2375.945852916667,19.7172325,0.787827,137816.0,2.0754341413515176,0.5810009159180187,11.833681997151428,1.814665484899847,17.384705559047394,4.924549945361025,35488012.837312035,136.62738785825462,7.773571687511617,3.0309658418681527
Luxembourg,2040,VNI,2464.54357625,34.9389075,0.837509,143232.6,1.9344890259234135,0.6084108500520433,11.872232142857266,1.701702357831008,17.456031906569137,4.8643003277217876,38111700.028996065,128.5802431830111,7.810167579914804,3.5818204830080234
Luxembourg,2045,VNI,2248.2700641666665,60.6136375,0.878414,149328.6,1.705354137993087,0.6304278037754841,11.913911222416507,1.5886438124114213,17.514716446275514,4.813878589129109,40415196.43282653,122.20856738313375,7.718361026638309,4.120883234023783
Luxembourg,2050,VNI,2107.696752083333,182.0131575,0.910321,155717.5,1.4820390863822477,0.6472712907647888,11.955805169003968,1.497299406042868,17.561450960819315,4.77236985084603,42348812.44403073,117.1990243663372,7.653825382602818,5.209558049163922
Luxembourg,2055,VNI,2146.620628333333,55.7782625,0.933017,162338.1,1.2480184900929725,0.6590819948072835,11.997442636379631,1.424154193816059,17.59706465240717,4.738858960659219,43884187.942426816,113.3037022207782,7.6721158237981175,4.039153550013039
Luxembourg,2060,VNI,2383.2617283333334,45.547955,0.947757,169767.2,1.2322027082208198,0.6666784541127588,12.04218925616851,1.3752076560022832,17.624547385560884,4.711046101118177,45106971.145934775,110.16839247926532,7.776644807533987,3.840483071501357
Netherlands,2025,VNI,2285.5326745833336,54.51297,18.044027,71334.06052,1.2252657648221588,2.9467535091006436,11.175143217939947,60.20512989316061,20.406157676312755,5.123432390982084,728251981.6698321,166.91071687828207,7.734791833213952,4.016616687143965
Netherlands,2026,VNI,1841.49890125,24.892269999999996,18.131239,71698.37136,0.996508253557149,2.9513225487359223,11.18023725890632,57.49253534901268,20.41232358037223,5.111893601556832,732756185.5002401,164.98436572753062,7.518878027726815,3.2539444685603005
Netherlands,2027,VNI,2040.8920954166667,29.080442499999997,18.205866,72813.27,1.9729783185198135,2.955215753205083,11.195667231459574,56.286909480138185,20.420502856483186,5.098738763751885,738774178.5344112,162.81516732630982,7.621632154731265,3.4038752097447134
Netherlands,2028,VNI,2286.769285,2.7472475000000003,18.27758,73787.13,1.736650391160821,2.958942762632073,11.208953157544006,55.00160414911272,20.42794017788152,5.086130172836741,744289162.4812791,160.76265572704665,7.7353325104397745,1.3210215704724313
Netherlands,2029,VNI,2093.3173125,15.371695,18.346641,74693.64,1.6110350168081933,2.962518812675736,11.221163614865098,53.1813842927514,20.43493370674276,5.0738325104117115,749512614.1174226,158.7855350920228,7.64698291409552,2.7955539290894156
Netherlands,2030,VNI,1883.9311229166667,45.508422499999995,18.412287,75585.49,1.556092276662424,2.965906216102954,11.233032842494511,51.33322835578113,20.441637562314988,5.061724189678604,754554118.315613,156.86246664465423,7.54164655964777,3.839633425223686
Netherlands,2035,VNI,1977.55426625,13.43558,18.698556,80341.16,1.603866237636331,2.980545333565018,11.29404979328748,49.971308467296744,20.473167290667245,5.030398946027356,778724037.9335083,151.99403688535094,7.590121688425078,2.6696959924254684
Netherlands,2040,VNI,1999.1529454166664,18.65837,18.920461,86554.55,1.815194477845128,2.9917473944589483,11.368541683331811,48.82855958018663,20.504622416408004,4.999201813262789,803608216.2561829,147.29474495194245,7.600978929326527,2.978503201821007
Netherlands,2045,VNI,1865.774882916667,35.228095,19.057529,94272.17,1.824641577444752,2.9986045944878295,11.453951910641418,47.697386509991546,20.534379427072047,4.96936068571561,827880539.4085791,142.93483835174865,7.5319675593658335,3.5898349227903723
Netherlands,2050,VNI,1726.9749916666667,98.8274325,19.125683,102433.0,1.7060198191022111,3.0019967606169486,11.536973967727368,46.6695306843328,20.559857737213644,4.942783586964532,849244540.2157629,139.1598542023431,7.454705476844151,4.603443020295774
Netherlands,2055,VNI,1738.2080191666666,35.338635000000004,19.140557,110468.5,1.4147894742565947,3.0027355433131486,11.61249474374039,45.83977016239004,20.58056408975614,4.919778903931148,867012618.2866542,135.97232579560583,7.461185127192715,3.592881500347314
Netherlands,2060,VNI,1960.65333125,19.6798075,19.136214,117965.3,1.2677108638923906,3.002519885507967,11.678154269437952,45.336700856750845,20.597663853024027,4.899431681110784,881965812.5072665,133.21348194928757,7.581542932999763,3.029157741086266
Norway,2025,VNI,4671.699991666666,0.0,5.59434,89931.79009,0.1686265213304727,1.886211705346348,11.40681789355795,60.31133930341897,20.148952524778046,4.803916672628376,563091403.0925164,120.98726726768716,8.449492340268568,0.0
Norway,2026,VNI,4207.411444583333,0.0,5.627392,90731.7914,1.485631610819116,1.891211363310809,11.415674107699449,57.85565298678944,20.157180298959503,4.789799916093741,567743503.9825809,119.277300703331,8.344840526392305,0.0
Norway,2027,VNI,4404.065819583333,0.0,5.654871,91023.81,0.8117276740598367,1.895349067737341,11.418887385702812,56.012426275459795,20.162899438350735,4.777398912949839,570999810.9871191,117.79495182258913,8.390510480275296,0.0
Norway,2028,VNI,4822.695952916667,0.0,5.682487,91193.69,0.6759016569742204,1.8994902236493216,11.420751950683147,54.36736377674316,20.168263165104054,4.765194153686866,574070726.3679043,116.35389976839394,8.481295708418324,0.0
Norway,2029,VNI,4325.9908225,0.0080175000000002,5.710128,91415.45,0.7307819227022838,1.903618026807607,11.423180719366284,52.0400792434559,20.173756537977397,4.752845362912789,577232988.7197815,114.91363209816232,8.37262761923812,0.007985530609585838
Norway,2030,VNI,4393.418864166667,0.0,5.737759,91705.01,0.802179034873518,1.9077273770546992,11.426343195900625,50.239612633419824,20.179418351685705,4.740325224861119,580510443.7886764,113.47142458008553,8.388090574793333,0.0
Norway,2035,VNI,4200.7716316666665,0.3969250000000004,5.869913,93914.37,0.9829905589977096,1.9271514423986136,11.450149336572498,48.330055415522274,20.208471589846404,4.71168528825237,597623543.746567,110.23947259979629,8.343261532395145,0.3342733923626456
Norway,2040,VNI,4394.113645,0.1077674999999995,5.988729,97008.05,1.077644533560429,1.944298708525014,11.482559552102511,46.90431181559361,20.237063626171025,4.683423642836035,614957442.7185994,107.13967113401864,8.388248667577917,0.10234672876098727
Norway,2045,VNI,4057.2723983333335,0.0228349999999997,6.088442,100797.1,1.0973628531091295,1.958465570275022,11.520874785235408,45.24791404677144,20.263687545451926,4.656536753169386,631549918.3306508,104.27087110297488,8.308512644385564,0.02257818363822561
Norway,2050,VNI,3734.368193333333,3.1426349999999994,6.166413,104882.5,1.030660035898512,1.96940525049024,11.560605489352923,43.848850935904515,20.28689705599452,4.63244852217573,646379308.5993631,101.76537962003285,8.225601671914019,1.421332058803865
Norway,2055,VNI,3693.8719125,0.2389475000000001,6.223572,109246.7,0.9763263916469088,1.9773495674049184,11.601373060104647,42.65524830726925,20.30688180155126,4.610652626916816,659426977.5506862,99.54974970101104,8.214701167693498,0.21426222886789364
Norway,2060,VNI,3810.48197375,0.0,6.263911,114082.6,1.039608759268984,1.9829183890212905,11.64468679195246,41.699573947818045,20.32477246265333,4.5901982344968575,671330727.6178588,97.51395709114428,8.245773361979916,0.0
Poland,2025,VNI,2907.69913625,122.53829166666668,36.497495,45532.2777,3.1349842675582273,3.6242741307451456,10.726198715634451,77.09246598878187,20.837996275641892,4.977253820823573,1121571063.6604495,144.07543098174685,7.975461228000354,4.8165511619923365
Poland,2026,VNI,2330.0388191666666,58.9356775,37.414458,46914.8989,5.625264464219315,3.6484338991480874,10.756111892723906,72.97294279950435,20.870703652319257,4.945330774430457,1158861218.236246,139.5173227025587,7.7540692923362435,4.093271945507746
Poland,2027,VNI,2795.6622391666665,40.0368375,37.268937,48090.51,2.1071479255034387,3.644638522725738,10.780860933238102,72.11800306843345,20.873337664679298,4.935894648236739,1161917696.6450803,138.19761974718045,7.936181927657205,3.714470138926458
Poland,2028,VNI,2913.3216354166666,28.97221,37.105502,49358.39,2.186355008573382,3.640358681155434,10.80688330031814,70.61169606470219,20.875809776553375,4.926539598547779,1164793640.5450084,136.90149122398415,7.9773923565792995,3.4002706190169554
Poland,2029,VNI,2714.4548508333332,45.1575625,36.927388,50699.22,2.2234586112573007,3.635673489633312,10.833685528820354,68.67081578909172,20.878070850720768,4.917301442594354,1167430305.0819647,135.6334021626891,7.906714750871325,3.8320608153463147
Poland,2030,VNI,2584.596759583333,68.93346916666667,36.731448,52089.29,2.19664050366426,3.6304939111883865,10.860733838011129,66.89160397973562,20.87988840575811,4.908351639138366,1169554103.3910213,134.41601587773943,7.857711615070783,4.2475443496182255
Poland,2035,VNI,2550.17343125,30.763322500000005,35.610872,59054.77,1.6712420523375735,3.6003452454772757,10.986237530653687,67.40374683899452,20.882025197535373,4.899126262856408,1172055868.9084451,133.17249696101734,7.84430870142478,3.4583122436278093
Poland,2040,VNI,2774.71749875,33.541199999999996,34.660633,64551.23,0.990692219027678,3.574047363258939,11.075229942540956,67.75933763252628,20.88112737703244,4.89209356825247,1171004045.362884,132.23221300603026,7.928664550868256,3.5421528144427676
Poland,2045,VNI,2337.564982916667,45.0966775,33.797303,68242.52,0.3770758079514325,3.549539883777149,11.130837763484694,66.32940037567339,20.880230764923873,4.88502528766217,1169954579.507939,131.29381069318848,7.757292765070068,3.830740875821807
Poland,2050,VNI,2296.008620833333,149.489475,32.946342,70585.09,0.0919896108860562,3.5247811015133106,11.16458837857351,65.31913509039761,20.879335360072776,4.877921002599335,1168907465.3664896,130.3572883497442,7.739362955765788,5.013893148188648
Poland,2055,VNI,1987.41027375,161.91992625,32.063901,73155.17,0.2703354040665573,3.4984420830118688,11.20035175012296,63.74706624419215,20.87844116134111,4.870780286998514,1167862696.9775343,129.42264429667,7.595090741049857,5.09325883010395
Poland,2060,VNI,2523.996885833333,26.3799775,31.150906,77049.31,0.6023802748044593,3.470440630690923,11.252213864101622,64.04578860685956,20.877548167589733,4.863602707031477,1166820268.3961496,128.48987684868845,7.833995108375366,3.3098119980922514
Portugal,2025,VNI,963.9727233333332,273.72962958333335,10.749635,42248.92627,2.036432684932965,2.46382217627789,10.65135788769504,28.14137536098057,20.29612286788949,4.969615165925737,652370275.7970726,142.97147158067537,6.8720998349636755,5.615787448891185
Portugal,2026,VNI,773.4326166666667,421.19331416666665,10.871014,42822.23451,2.5014446238595056,2.474099630415323,10.664836096656588,26.785861860597766,20.31090782379857,4.951270669252898,662087196.6942759,140.35446462627215,6.652130653704879,6.045463299586955
Portugal,2027,VNI,748.880305,298.53561291666665,10.971534,43410.79,2.311785079363226,2.482531665076523,10.678486342182053,25.839722009953913,20.323714116270928,4.934376279315277,670620603.0150166,137.98642678240645,6.619913600460651,5.702233318388579
Portugal,2028,VNI,952.56838875,187.5854075,11.049616,44075.22,2.2531349218417818,2.489032792208977,10.69367568697374,25.44108923919123,20.334814017853738,4.918715867370455,678105891.8499973,135.82679657063005,6.86021114638034,5.239550994459378
Portugal,2029,VNI,879.7416375,304.204025,11.106391,44835.25,2.2470719963142427,2.493733494981958,10.71077224300197,24.541643729447973,20.344450669330417,4.904099075665815,684672149.5576167,133.84137339284024,6.780764322427478,5.7209804873967345
Portugal,2030,VNI,776.8060791666667,451.3088525,11.142299,45608.84,2.0542935344079583,2.4966951416727112,10.727878761696962,23.61360849215953,20.35219279421731,4.890835221013807,689993539.7068285,132.06466605692194,6.656477237539222,6.114365248478866
Portugal,2035,VNI,655.19529125,460.58530375,11.109773,49848.16,1.6047334205034236,2.4940128125503382,10.816756924696357,23.04868598286796,20.372723449416597,4.868176387234038,704305978.3217659,129.08347857231544,6.486458444716433,6.134666877057079
Portugal,2040,VNI,838.4896466666667,366.5270295833334,11.014188,53893.04,1.3123373294765983,2.486088284715722,10.89477517564406,23.17104835428559,20.3846707500725,4.851732562745843,712771000.000222,126.96189992125736,6.732794143703806,5.906796865834853
Portugal,2045,VNI,909.0278441666668,334.21063833333335,10.863536,58275.83,1.3408552616758218,2.4734694941584787,10.972959866242302,23.073441223495138,20.391530454208084,4.838919561222173,717677206.5073721,125.33278312859063,6.813475197028135,5.814759105375592
Portugal,2050,VNI,691.8072033333333,557.93630875,10.661668,63721.3,1.4781091944712443,2.4563072238644588,11.062289858790011,22.520047707404153,20.39634666970164,4.827527961265998,721142031.5681262,123.90181657560512,6.540751754615266,6.32603552882827
Portugal,2055,VNI,815.23482375,343.4700383333333,10.42726,70211.43,1.5429400513738756,2.4360017290342832,11.159280639866717,22.717411520669756,20.399710077354488,4.817128618148841,723571609.7397802,122.60965021498724,6.704702087768484,5.84200711521526
Portugal,2060,VNI,798.94925,295.400955,10.184206,77416.83,1.4516433409523577,2.4145026044920668,11.256972394805729,22.637406188110006,20.40190433485118,4.80751580470564,725161055.3597903,121.42710659945465,6.684548288155684,5.691713115414042
Romania,2025,VNI,2696.64869,107.401565,19.043151,43500.46193,1.5347998244582994,2.997887499385396,10.68054982409826,21.24560035897619,19.89496201274738,5.048469951403613,436789529.1834126,154.78392506858947,7.900135817021872,4.685842526170703
Romania,2026,VNI,2221.2723870833333,164.33009750000002,19.000103,44798.82235,2.7519028011340207,2.9957374235407297,10.709959452993427,20.483060145722117,19.900459827513405,5.037284804490694,439197530.4191312,153.05116761839204,7.706285549132615,5.107944066292712
Romania,2027,VNI,2577.540770833333,268.09014874999997,18.938928,46777.29,4.080147215022789,2.992674001804651,10.753174485387111,20.295608512059413,19.90863894429455,5.0240004022559885,442804509.160508,151.01822306655788,7.854978925207518,5.595046448924527
Romania,2028,VNI,2644.352441666667,102.920655,18.869465,48370.49,3.0266605481207742,2.9891841311886593,10.786665869560078,19.871561967164826,19.913802511308607,5.012988708116669,445096873.21723056,149.35342782093323,7.880559583682809,4.643627675267808
Romania,2029,VNI,2432.4649283333333,189.8921375,18.79214,49695.88,2.319062157629737,2.9852848891901913,10.813697433454225,19.31671986442874,19.91682956041159,5.0035713942073965,446446244.5874075,147.94414862135164,7.797071417143081,5.251708543398444
Romania,2030,VNI,2384.1669295833335,250.935425,18.706751,50823.15,1.803643128535537,2.980961267394344,10.836126914303575,18.842420928722273,19.918194250192816,4.9953846869621215,447055921.1316828,146.72976416824196,7.777024392312708,5.529172804673782
Romania,2035,VNI,2377.1938575,96.8975525,18.272835,54971.49,0.8851363962605552,2.9586965914806616,10.914588157263772,18.77295897276623,19.917150629913227,4.988995588741822,446589607.8745453,145.78891299070642,7.774096595164385,4.58392154922396
Romania,2040,VNI,2601.0607945833335,173.521635,17.896346,58258.47,0.7719956683323703,2.9389685700409656,10.972661933321342,18.74126533007333,19.916108144683815,4.9825772470058745,446124287.3906912,144.84978861860242,7.864059023358817,5.1620487167652715
Romania,2045,VNI,2132.297498333334,115.691505,17.537482,61043.84,0.4115710048919752,2.919794736458859,11.01936395508224,18.246518269288902,19.915066793892755,4.976129351479954,445659957.3172699,143.91238979168506,7.6654241828823215,4.759533743155361
Romania,2050,VNI,2388.32676125,203.72520375,17.148348,64174.05,0.5275380561966525,2.898579537284607,11.069369784858631,18.212294227202484,19.91402657692672,4.969651586812484,445196615.2974413,142.97671524482533,7.778766915389961,5.32166861039327
Romania,2055,VNI,1948.3892079166667,337.70137875,16.753913,67409.47,0.5809322586542986,2.8766059423299644,11.118555626082488,17.76584420590127,19.91298749317087,4.963143632463561,444734258.98035914,142.04276370802532,7.575271375782659,5.825118830526985
Romania,2060,VNI,2441.06559625,116.4754425,16.333523,72256.62,1.0077199666437495,2.852642372161143,11.18799306754144,17.977202642892134,19.911949542008884,4.956984361801535,444272886.0211553,141.16443232719757,7.800599516001118,4.76622931174067
Slovakia,2025,VNI,3023.859075,111.5547625,5.419451,40605.53833,1.268892457072135,1.859332600026646,10.611684375234692,11.824694038728643,18.9395885798998,5.136690687137621,168019159.23794165,169.15175020435024,8.014619782602885,4.723439880984384
Slovakia,2026,VNI,2499.385208333333,103.98503,5.54096,41118.8736,3.534635219466198,1.8780839436874832,10.62424682619436,11.160899249501961,18.96507695035337,5.109955434123805,172356737.9178526,164.66297179372302,7.824200082320008,4.6538177685646795
Slovakia,2027,VNI,2814.5325225,93.6939775,5.52314,42181.43,2.2541931829696216,1.875355855100889,10.64975906261518,10.997407264768615,18.968588166467228,5.100475097460448,172962983.38344842,163.09985220576505,7.942906695862197,4.550650402604807
Slovakia,2028,VNI,2925.8703125,42.8093175,5.504563,43211.46,2.0973421030580752,1.872503930614847,10.673884158571369,10.76099949925496,18.971585402350417,5.091365327309444,173482171.92329288,161.61172879282125,7.981688978399048,3.7798465230694442
Slovakia,2029,VNI,2853.60380625,65.83525,5.485845,44243.67,2.0405733618954702,1.8696221099739183,10.697490191203752,10.491059562795275,18.97440856699951,5.082359578192945,173972632.66108853,160.1538628007564,7.9566883405689826,4.202230635971539
Slovakia,2030,VNI,2573.628625,147.73157375,5.466655,45295.79,2.0198846094620304,1.866658973275834,10.72099144803322,10.170951980370356,18.97710609889291,5.073419563028523,174442562.92995074,158.7195656953174,7.853460579395685,5.002143162803148
Slovakia,2035,VNI,2692.6174375,52.71647,5.363446,50673.09,1.6801389285968416,1.850570054517833,10.833170013586194,10.207672009248638,18.987648679790464,5.0583481316468655,176291366.22742796,156.33041242454257,7.898640341504259,3.983719658401404
Slovakia,2040,VNI,2828.33815625,80.98423000000001,5.273647,54990.18,1.0948909598056389,1.8363578442391657,10.91492808771862,10.193446801539377,18.992339259830494,5.047771182998113,177120217.37242663,154.67510620768553,7.94779809623665,4.406526911695783
Slovakia,2045,VNI,2408.8531416666665,44.42176,5.188236,58582.03,0.8428314973774942,1.822650070315828,10.978200343182008,9.971418554905734,18.99270772926469,5.04049636349377,177185492.7843337,153.5467073342883,7.787321087560189,3.8159912853762536
Slovakia,2050,VNI,2453.9806775,173.6497075,5.091007,61770.23,0.5837479536083823,1.8068134210902655,11.031193001070614,9.891266026709715,18.991525329466967,5.03438787107208,176976112.50231886,152.60553743487955,7.805874169525549,5.162782296473311
Slovakia,2055,VNI,2127.1206016666665,224.4207825,4.979274,64976.34,0.5997624300005722,1.7882991559101211,11.081793872712687,9.683285642238236,18.990344301686683,5.028252368318131,176767222.1727478,151.66597552669822,7.6629945225711795,5.417968800105929
Slovakia,2060,VNI,2737.4306466666667,31.24244,4.850265,69326.4,0.8880310203658315,1.766486959363089,11.146595489430355,9.7892920251581,18.989164645177187,5.022089584157131,176558820.51262137,150.7280212443126,7.915140278603347,3.4732835971567946
Slovenia,2025,VNI,2623.12428125,93.5652025,2.13085,49197.0243,1.819867264457109,1.1413045331800349,10.80360874517004,6.308015209038495,18.00950002357498,5.126448241971306,66286711.71781224,167.41787495207103,7.872502512223625,4.549289570122358
Slovenia,2026,VNI,2142.890605,149.4493925,2.134802,50314.68899,2.461492935649656,1.142566014195603,10.826072215804434,6.034435398209701,18.017280847733108,5.113702173199834,66804488.727186196,165.28483197002953,7.670377497101621,5.013626765181561
Slovenia,2027,VNI,2268.8917975,220.91890166666667,2.136627,51343.12,2.131232944423145,1.143148018728068,10.846305700523596,5.892268657861959,18.023474772714845,5.102169704358615,67219554.84219928,163.37817270261374,7.727487443039815,5.40231200732332
Slovenia,2028,VNI,2492.234355,59.6687375,2.137713,52290.74,1.897426998106888,1.1434941905998013,10.86459370258953,5.756826229259293,18.02880893650805,5.09127682048873,67579072.975015,161.5973371825823,7.821336084319945,4.105428532441498
Slovenia,2029,VNI,2417.9730795833334,97.55141,2.138205,53167.98,1.7010215264404716,1.143650980411589,10.88123042256414,5.57870979099914,18.03342931990819,5.0809074060451005,67892036.65594393,159.92000948840874,7.791098381810332,4.590578340954521
Slovenia,2030,VNI,2130.5080975,298.82278041666666,2.138066,53996.68,1.5520427796986258,1.143606686594441,10.896696361660512,5.366527076030333,18.03744560924782,5.070974460570052,68165259.02580306,158.32951204746536,7.664585035165912,5.7031915681608965
Slovenia,2035,VNI,2249.7045245833333,92.6458425,2.13239,58086.02,1.394736081765413,1.1417962914492483,10.969697509963352,5.287510289087447,18.054051566123512,5.051234549256895,69306659.1860855,155.21520085077407,7.718998568223029,4.539520033884365
Slovenia,2040,VNI,2340.94577875,136.72038541666666,2.125158,62066.6,1.138899048398101,1.139484841910251,11.035979392637916,5.2083066717491215,18.068145361472094,5.033410740204072,70290368.88944636,152.45551802898743,7.758737392203066,4.925225437019026
Slovenia,2045,VNI,2115.978495,66.8770725,2.115219,65677.18,1.0501393425609518,1.1362994547440606,11.092522033632756,5.058536216072603,18.078378527896984,5.018520847057735,71013354.85131998,150.18750887281496,7.657745112840473,4.217698311857926
Slovenia,2050,VNI,2134.0584166666667,213.57106541666667,2.098768,69782.43,1.1033844856577657,1.1310046131442608,11.153151868018249,4.98449168674425,18.086570196365994,5.005305909072256,71597461.85850745,148.2027186431157,7.666249286724786,5.368640990801733
Slovenia,2055,VNI,1827.182489583333,276.03712916666666,2.075585,74974.53,1.3064335622260836,1.1234951270668438,11.224917072615233,4.868142782360216,18.094400726136165,4.992650220850638,72160308.74151324,146.32635394163174,7.511077577219213,5.624151537517615
Slovenia,2060,VNI,2374.386574583333,63.074169999999995,2.047613,81846.32,1.6172575263472266,1.11435866125928,11.312610839440987,4.932298577156758,18.103973738840416,4.978636068305926,72854417.3578959,144.27609978599747,7.772915471469042,4.1600413185962015
Spain,2025,VNI,1365.83089125,252.5223425,49.128297,49206.70747,2.865133691188948,3.9145856590247137,10.803805546105457,144.03940546670202,22.087332597781124,4.980481905157092,3912070449.5206566,144.5445034030129,7.220250121134403,5.535451955242155
Spain,2026,VNI,1098.2410983333334,394.5520379166667,49.570728,49988.74246,2.5041603109747568,3.9233729108751616,10.81957311256398,137.52243160657468,22.100458815413813,4.9633944582429566,3963759637.254246,142.07864702076114,7.002375310082562,5.980282353563012
Spain,2027,VNI,1110.9090604166663,342.5126575,49.976787,50664.05,2.181136075690815,3.9313703722462536,10.8329916027565,133.2873829283043,22.112157958078186,4.9473455840621,4010404547.456367,139.80072376147294,7.013833691265505,5.8392239596006865
Spain,2028,VNI,1338.5848725,169.99194749999998,50.34156,51422.71,2.238246987778081,3.9385005606455583,10.84785462913117,130.74735746595084,22.123352499549178,4.931637412065962,4055551415.257081,137.606282230359,7.200115048306273,5.1416164647505855
Spain,2029,VNI,1222.74845125,277.8719825,50.665174,52172.77,2.110829415828608,3.944783937511223,10.862335157158654,126.0228347896517,22.133581554373514,4.916608658338019,4097248771.7316465,135.53877747381327,7.1096739282668,5.630752832434184
Spain,2030,VNI,1160.52449125,506.50268166666666,50.947559,52941.79,2.039557873722897,3.95023472895332,10.876967175563571,121.83834313286168,22.14300086973996,4.902138398298133,4136024383.221457,133.5772519768555,7.057488637868487,6.229501994974231
Spain,2035,VNI,1060.3846408333334,431.439335,51.977041,56694.29,1.6154841050833202,3.969858631019555,10.945446417482373,117.83445256950581,22.181077069991183,4.8666388031577865,4296545092.179781,128.8836179776884,6.967329599621422,6.069442050637799
Spain,2040,VNI,1282.4782208333334,367.2601275,52.872036,59734.61,1.22390750498651,3.986611530669163,10.997683603967827,115.99217876564994,22.21193437310694,4.836496815933832,4431191617.055334,125.02708144169496,7.1573290315917175,5.908789556661792
Spain,2045,VNI,1222.7529841666667,377.66656,53.552939,62277.05,1.0801319094553286,3.999171588004659,11.039364315245814,112.31672030289818,22.23572955085391,4.8114706607191415,4537897112.587565,121.9122468758396,7.109677632384478,5.9366560289228065
Spain,2050,VNI,1131.75015375,484.8666675,53.877467,65644.06,1.2637241615544248,4.00510282710463,11.092017629374952,109.1291690211385,22.255665826764776,4.789190741695671,4629273709.535644,119.20405316360171,7.032403719278865,6.185934239552733
Spain,2055,VNI,1185.8436525,387.0511,53.819505,70148.7,1.3555294219893763,4.004046061282614,11.158386808971214,107.51074289498295,22.272103498631154,4.769356262470246,4705997040.713196,116.84335734664788,7.079052669422071,5.961137031982382
Spain,2060,VNI,1218.4953820833334,355.41895,53.468132,75910.47,1.5172628637296182,3.997615796700679,11.23732307186086,106.4804887189763,22.28638371318915,4.751407726829377,4773681814.512689,114.74711020571976,7.106192430919271,5.876106864777985
Sweden,2025,VNI,4317.488139166667,4.187412500000001,10.58771,63330.042,1.492435633681244,2.4499450537051004,11.05613088287267,64.80074043249931,20.054945843918183,5.0194517760154165,512568973.29844207,150.328319234917,8.370660652199645,1.6462350179446799
Sweden,2026,VNI,3762.144964166667,2.785925,10.605527,64473.31334,1.9765769956456625,2.451481450155909,11.074022180673447,62.43859114369594,20.061348541572716,5.007464353418333,515861326.1906741,148.5251122167173,8.233010313414184,1.3312902427652404
Sweden,2027,VNI,4058.398340833334,1.0989525000000002,10.623097,65837.55,2.285144901933722,2.4529942391485573,11.09496081202217,61.06355227635099,20.068529321273797,4.99484541246901,519578944.4619789,146.65011875185365,8.3087900497013,0.7414384107587121
Sweden,2028,VNI,4451.672544583334,1.6890299999999998,10.64549,67021.84,2.0133935070362874,2.45491898059617,11.112788735803814,59.780966354966296,20.075339642005723,4.982468587441624,523129520.28309005,144.83394150511091,8.401259766705685,0.9891805337882719
Sweden,2029,VNI,3991.432981666667,6.114655000000001,10.672797,68128.85,1.912464558011151,2.457261091959898,11.129170722092018,57.71645507480874,20.08222449936142,4.969995639196263,526743619.4181253,143.0262592993003,8.292156093891089,1.9621567412586618
Sweden,2030,VNI,4068.419888333334,0.9656625000000004,10.705212,69209.69,1.8949988926461492,2.460034212696839,11.144910609443777,56.057750154604655,20.089410631583156,4.957255423928607,530542502.0097045,141.20297294383303,8.311255734698731,0.6758293386261185
Sweden,2035,VNI,3858.274834583334,4.238277500000001,10.91251,74965.16,2.0843070891025883,2.477589108434323,11.2247920906971,54.48953413324664,20.12966952877114,4.919778842502925,552337332.3725574,135.97231738163964,8.258234578121463,1.655992722918191
Sweden,2040,VNI,3988.8832870833335,1.2116799999999994,11.108521,81496.18,1.943838105074569,2.493909419635782,11.308323697403324,53.294783224653315,20.16951514928341,4.882782907457505,574789903.9419274,130.99749002685357,8.29151725809852,0.7937524077339099
Sweden,2045,VNI,3630.38357375,4.767735,11.293147,87990.98,1.8341702638030144,2.5090419526385994,11.385000952943535,51.75540073146504,20.206232945161304,4.848229837872199,596287173.3617647,126.51446866328688,8.197369004433154,1.7522794557926944
Sweden,2050,VNI,3302.6300858333334,27.1166875,11.457559,94148.38,1.5437033763486374,2.5223275872649564,11.452637948827292,50.259020017982486,20.238535108077738,4.816977774856102,615863007.5681775,122.5910059345522,8.102777168879394,3.3363632612838776
Sweden,2055,VNI,3172.0785958333336,6.1909425,11.584352,100097.0,1.4052887137050218,2.532454137392739,11.513904985083729,48.84861603157187,20.26570823697891,4.789447829433413,632827376.1409197,119.23496012442696,8.062457561472868,1.972822247982144
Sweden,2060,VNI,3527.0309125,3.463732499999999,11.6671,106829.7,1.5374956425738828,2.5390080809994253,11.579000617385,48.12451460168162,20.290003830992863,4.763977130031244,648390586.3538477,116.21116417021376,8.16849517913478,1.4959852994483793
Austria,2025,VWE,3466.1973158333335,8.4502725,9.197213,62963.14442,-0.0362959591541978,2.322114447660544,11.050320707163715,28.612948339298544,19.995535849271405,5.198034423103453,483004171.0051699,179.91628728719573,8.15110185662205,2.2460435770687384
Austria,2026,VWE,3100.653857083333,24.83611,9.219116,63580.49807,1.2209833039249718,2.324260083969892,11.060077796156389,27.595890409189046,20.000489286542138,5.187216769514863,485402637.29468375,177.96974505482964,8.039690750496435,3.251773125786182
Austria,2027,VWE,2961.753102916666,32.9567275,9.234675,64983.96,2.3798722654384985,2.3257814648230624,11.08191113748884,26.7139200572844,20.007937125070463,5.173866889633041,489031333.965639,175.5963976551393,7.99387421737766,3.5250869934312297
Austria,2028,VWE,3433.2764283333336,26.31085,9.251146,66031.0,1.79246252821732,2.3273895042127664,11.097894751992364,26.118854264114812,20.013937034069187,5.161126137841108,491974297.400738,173.36069926711116,8.14156153569389,3.3072840591316233
Austria,2029,VWE,3242.209065833333,62.010852500000006,9.268632,66898.02,1.5045462052945655,2.329093811562737,11.11093959727958,25.124448982066845,20.019267779752425,5.148356386405897,494603889.88553786,171.14831235664025,8.08431857102971,4.143306973460916
Austria,2030,VWE,2939.1368525,47.779905,9.286656,67696.05,1.3896873668433285,2.3308475213253437,11.12279788335717,24.004774028558053,20.02433978052137,5.135214509561162,497118893.859899,168.90076130377415,7.986211407718769,3.8873184452664025
Austria,2035,VWE,3089.316170833333,36.0066625,9.376463,71902.67,1.5272582473911278,2.33954006822369,11.18308258552192,23.200669827419308,20.049872294923837,5.105806536782737,509975015.3449719,163.9770769680227,8.036028685315426,3.6110979640015732
Austria,2040,VWE,3084.661974166667,67.38057500000001,9.443147,77148.44,1.4946832102340712,2.345945973813163,11.253499599177797,22.431577578630975,20.07554119007559,5.076240266709822,523234966.65429586,159.17072325401173,8.034521491656884,4.22508879306729
Austria,2045,VWE,3315.6588354166665,42.436975,9.480586,82108.34,1.227225212412697,2.3495245933601874,11.315807052672724,21.78897166295794,20.09594020950434,5.050718234248479,534018055.2229141,155.1345654164659,8.106713180300837,3.7713110369210354
Austria,2050,VWE,3008.7162383333334,73.99586500000001,9.486695,86650.98,1.02073521384487,2.3501073108019828,11.369655145430864,20.9410855368562,20.110794222270627,5.029404612677365,542009572.3583006,151.8419854195755,8.009601080319985,4.317432978683079
Austria,2055,VWE,3329.5008620833332,31.0254075,9.453914,91261.13,0.9620932581113184,2.346976453740726,11.421491194116978,20.420496298157122,20.12101165603689,5.011564547240208,547575907.6808553,149.13945275501334,8.110877980698218,3.466529572135879
Austria,2060,VWE,2852.585702916667,65.25934,9.392821,96652.66,1.1273872761431214,2.341115279327011,11.478889352517514,19.63208875380914,20.129675145777288,4.994818910898819,552340434.8634678,146.64620584371718,7.9563316238403266,4.193576436061501
Belgium,2025,VWE,2178.0628816666667,9.7316575,11.883495,63587.69763,1.156511989250375,2.555947034798879,11.060191023315756,36.8940704064307,20.371332417745197,5.2758161168449424,703326947.4874889,194.55000305907063,7.6866501925670905,2.3731980181517702
Belgium,2026,VWE,1933.46116,46.8941275,11.933176,64080.79235,1.1967653346052654,2.559795792938671,11.067915551856691,35.5263197046142,20.377542791493703,5.263949039749423,707708462.0440311,192.2431112012612,7.567584096399595,3.868992897736051
Belgium,2027,VWE,1918.9118279166669,50.100975,11.976143,64967.62,1.7489675681946704,2.5631125176575864,11.08165966307642,34.39411396517796,20.384763874275137,5.250761861256593,712837379.3220642,189.7115088348647,7.5600345410072665,3.933803577262467
Belgium,2028,VWE,2268.7633054166668,29.742342499999996,12.017863,65836.86,1.6909789539607534,2.566322491204821,11.09495033178505,33.61774107317638,20.391748669363235,5.237257616435228,717833831.6389251,187.15340543213435,7.72743083429732,3.425640938850561
Belgium,2029,VWE,2093.366504583333,57.844025,12.058341,66721.75,1.6854070122963138,2.569427086682928,11.108301253209609,32.2627471534058,20.39863431842797,5.223309506206455,722793639.6497083,184.54723879530215,7.647006402181747,4.074890299240026
Belgium,2030,VWE,1988.2401041666667,37.9024175,12.097616,67631.11,1.693061169134058,2.5724302289130505,11.121838149254266,30.922431379881978,20.40545833873359,5.208870854824654,727742865.733954,181.8874350969638,7.595507987589831,3.661056395222948
Belgium,2035,VWE,2031.5063791666664,67.944425,12.277743,72529.29,1.7082801566836503,2.586089174785054,11.191759546694977,29.754617805933915,20.43868948477138,5.173089074020536,752332910.0169147,175.45909162623997,7.617024979998426,4.233300745277782
Belgium,2040,VWE,1959.3528125,47.7286725,12.434514,77557.69,1.4829219166864194,2.5978270672412145,11.258790219064386,28.518499280484853,20.46906596495028,5.139575491641734,775536777.4705698,169.6433134307241,7.58087974240291,3.8862676145389328
Belgium,2045,VWE,2239.88311375,99.1172175,12.552813,82239.26,1.2674408128701131,2.60659412725552,11.317400242162591,27.72124953217161,20.49400123168795,5.110337027691134,795118112.2333063,164.7261997810336,7.714625314363896,4.606341674527358
Belgium,2050,VWE,2058.658355,46.484215,12.623315,86532.72,1.0805625512940065,2.611782663176806,11.368289443546924,26.52755365862349,20.513030984401027,5.085678893222022,810393899.5492003,160.6896720073653,7.630295400942099,3.860397340021994
Belgium,2055,VWE,2178.394262083333,37.88581249999999,12.646069,90874.28,0.9875736973192328,2.61345149480724,11.417243295986507,25.703731048314605,20.527750212790227,5.064306386347335,822410492.9937952,157.2706253263445,7.6868022557428315,3.6606294668752475
Belgium,2060,VWE,1883.4496683333336,100.885605,12.637926,95839.99,1.1208374047089853,2.6128545880681955,11.47044574301212,24.6288775115789,20.54114554672357,5.043872260278519,833501071.355491,154.06932271812877,7.5413911041166815,4.623850664302698
Bulgaria,2025,VWE,2187.2462825,220.02174,6.43736,35153.67259,2.9274758683521807,2.0065159471651715,10.467512821263195,19.61454248076751,19.63759056465475,5.101480451848606,337673686.20442617,163.26491367100766,7.690855717764994,5.398261067720363
Bulgaria,2026,VWE,2000.099127083333,186.31719,6.410522,36201.30633,2.550819854887676,2.002900882170968,10.496878106557896,19.027399781164277,19.64116201310719,5.091380531130684,338881826.49322754,161.61420113127184,7.601451872129009,5.232803383135132
Bulgaria,2027,VWE,1936.6167420833333,231.5796375,6.377196,37657.48,3.4816587935120102,1.9983936206152295,10.536313440270748,18.53653875762405,19.646356471630035,5.079426625757661,340646713.9391988,159.68189864893134,7.569214013390798,5.449232693260191
Bulgaria,2028,VWE,2140.9475716666666,205.210875,6.34031,38968.6,2.883155735814147,1.993381076067005,10.5705371339742,18.16909227522962,19.649586973918627,5.068403192458769,341748953.366313,157.9203593999523,7.66947077436205,5.328899310250347
Bulgaria,2029,VWE,1924.4136854166663,284.58801666666665,6.300267,40189.81,2.4824765584938735,1.9879109228279497,10.601393641507382,17.504143227588926,19.65139408709684,5.057874172543255,342367090.75928414,156.2558619116419,7.562896125149013,5.654550271135102
Bulgaria,2030,VWE,1847.7717625,241.5718375,6.256722,41354.33,2.186362471200032,1.9819282117215304,10.629956591782236,16.888581968573323,19.65199598701008,5.0476558619617915,342573223.51152945,154.6571546282255,7.5222767854229335,5.49129790362139
Bulgaria,2035,VWE,2048.6021645833334,160.7363975,6.018874,46663.96,1.434237426043827,1.948602806312048,10.75074884082601,17.026515816717765,19.65081014715051,5.038753467345667,342167227.2979055,153.27758306932202,7.62540098724229,5.085967834017865
Bulgaria,2040,VWE,2224.406535416667,294.14688,5.803606,51399.78,1.1305817962179887,1.917452765743471,10.847408626425391,17.032918829256488,19.649625613292457,5.029786781544618,341762158.5870355,151.90040803095243,7.707694890457253,5.687473130734672
Bulgaria,2045,VWE,1965.78187875,240.49402,5.611168,55909.55,0.9247541287534132,1.8887603402203583,10.931508371210723,16.699691832133972,19.648442384787735,5.020754777174998,341358015.00223297,150.5256287296917,7.584153921925073,5.486844710881284
Bulgaria,2050,VWE,1867.4857395833333,526.7266858333334,5.433547,60496.15,0.8610867151608748,1.8615260191264429,11.010351535471326,16.440299767782786,19.647260460985912,5.011656401733258,340954794.173264,149.15324437173427,7.532883616883213,6.268578509217011
Bulgaria,2055,VWE,2072.5124525,396.008605,5.272295,65078.6,0.9397808381171212,1.8361423163807975,11.083366415032586,16.30882045083303,19.64607984123431,5.00249057677104,340552493.73632896,147.78325415291445,7.636999285214581,5.983957955515262
Bulgaria,2060,VWE,1644.11089625,377.32469875,5.120715,71240.9,1.4252653166683338,1.8116789197654937,11.17383640745783,15.857022181395893,19.64490052487801,4.993256197036137,340151111.3340442,146.41565725872587,7.40556307506098,5.9357528182997275
Croatia,2025,VWE,1924.8440054166667,158.8267925,3.87435,44491.65593,3.8961818647847313,1.583986762226798,10.703079419253612,12.166919825511549,19.089724735300457,4.982001034194079,195236993.56051,144.76577230976403,7.5631195950055305,5.074090681981733
Croatia,2026,VWE,1723.0733283333334,202.7884325,3.876167,45958.63,3.3456337019078353,1.58435946041727,10.735518681451609,11.733645650677873,19.098754018227936,4.96739311253233,197007826.26605144,142.651914451682,7.45244498415514,5.31708236010024
Croatia,2027,VWE,1505.4842504166668,246.06495291666667,3.875123,47352.36,3.0048245534515905,1.5841453349007508,10.765393057025866,11.2592770881537,19.106368200291435,4.953183537965634,198513605.09297368,140.62511593674571,7.3175339040959715,5.509651269332098
Croatia,2028,VWE,1939.7921566666664,207.44498416666667,3.87025,48828.11,2.9868590246300064,1.5831452704791764,10.7960819303895,11.088467668520048,19.113208389931422,4.938866660567104,199876130.4582078,138.61193215525574,7.570851496892804,5.339675141512313
Croatia,2029,VWE,1795.3206204166663,320.87459583333333,3.861586,50350.26,2.8865240715973295,1.5813647221244789,10.826778922659807,10.633524692556742,19.119067892260645,4.924573176537486,201050743.0779952,136.63058514152593,7.49349575209245,5.774162015753782
Croatia,2030,VWE,1461.7037995833334,292.52124125,3.849276,51910.67,2.770449805475095,1.5788294154557545,10.857298899369102,10.064093097685136,19.123928900347153,4.910291575214367,202030431.5784984,134.6789692661258,7.288041919540133,5.681950008881094
Croatia,2035,VWE,1732.6692070833333,255.81311708333337,3.752962,59563.69,1.948681842957778,1.5587680026493551,10.994818227821362,10.129049410855334,19.134879102499337,4.89140446985167,204254862.4127696,132.14043452694614,7.457995370447092,5.548348649496262
Croatia,2040,VWE,1796.708125,415.63662666666664,3.648026,66067.42,1.255978466110652,1.5364426133377516,11.098446150707412,10.034154315450165,19.13401621160484,4.881099194229393,204078688.77122104,130.7754311010526,7.494267868706172,6.032214443029195
Croatia,2045,VWE,1778.3010829166667,219.04292125,3.542619,71401.37,0.8655800201038399,1.5135037179731214,11.176086341054102,9.833859926443385,19.13315438368207,4.87098803863221,203902883.82562009,129.4497426288576,7.4839759161321,5.393822623914406
Croatia,2050,VWE,1652.9137458333337,419.70276958333335,3.441967,76342.01,0.7502885388018354,1.4910972963586426,11.242991754392763,9.5949163798135,19.132293617701293,4.861322165941028,203727446.67497808,128.19490633776496,7.4108997253927225,6.0419265738487145
Croatia,2055,VWE,1779.6032416666667,274.17404833333336,3.349029,81683.97,0.8282482171757977,1.469952601792855,11.31062529819605,9.448192892763496,19.13143391263228,4.8515728615060665,203552376.4206899,126.9414658789102,7.484707485685295,5.617403800498218
Croatia,2060,VWE,1429.4750483333332,348.92329083333334,3.265212,87369.46,0.8215093628573422,1.450491886625059,11.377912518243372,9.09698057661481,19.13057526744427,4.841738597731241,203377672.1665272,125.68942230977514,7.26576186971891,5.857713961414794
Czechia,2025,VWE,2910.574542916667,21.43049,10.9095,48882.03249,2.120203273511634,2.477336400957832,10.79718563140556,28.456120042400276,19.81723454575903,5.083921815802756,404124898.6756419,160.40582018359615,7.976449293874607,3.1104211940358115
Czechia,2026,VWE,2659.9208329166668,49.537580000000005,10.915838,50009.43019,2.365800268591789,2.4778684395924575,10.819986866455537,27.526337396310005,19.82383235506745,5.0714441535991455,406800053.0754269,158.40436558631947,7.88642751965826,3.92271721794857
Czechia,2027,VWE,2440.8720925,56.5888475,10.894076,50962.73,1.7030780851365668,2.4760404610403453,10.838869482229926,26.576863445082537,19.82681967837831,5.061176355183792,408017113.3309671,156.77600782471455,7.800520275125237,4.053328929163447
Czechia,2028,VWE,2849.9914233333334,43.930497499999994,10.870364,51932.4,1.680903194536465,2.474044873694785,10.8577174074469,26.025727577001124,19.82961448422247,5.05044940551051,409159036.9306983,155.09259759962197,7.955422080606966,3.8051167958006453
Czechia,2029,VWE,2738.2457670833332,101.503675,10.846174,52954.23,1.740705378606866,2.4720049462493465,10.877202118578696,25.101759198337298,19.83252850129071,5.039006246190584,410353072.22553855,153.31658610793068,7.915437894001232,4.629898651594273
Czechia,2030,VWE,2446.3976625,90.3956925,10.8203,54025.3,1.7792542650519438,2.4698183923665273,10.897226244019404,24.000195902995824,19.8354242667888,5.026935743898752,411543080.6581381,151.465104040481,7.802780560455909,4.515198349340792
Czechia,2035,VWE,2606.0446829166667,71.495135,10.683962,59629.35,1.6302216814703785,2.458217132209353,10.995919951628686,23.692012918024204,19.848788214329623,5.006738414041246,417079834.85567737,148.41660543933222,7.865972553378745,4.283519456160816
Czechia,2040,VWE,2615.224565,116.28209,10.626197,63914.13,1.0907364116111262,2.4532609139145416,11.065311388551397,23.073271248802136,19.86167847126128,4.986809321789889,422490901.19410944,145.46834379393215,7.869487551782708,4.764582058579829
Czechia,2045,VWE,2798.2393825,116.36712,10.603857,67785.06,1.1722897378984465,2.4513375428464443,11.124111848069177,22.4641186683716,19.875090678265483,4.966388472455821,428195607.465677,142.50766845114558,7.937103010152851,4.765306800024489
Czechia,2050,VWE,2692.8545995833333,92.039815,10.561597,71924.81,1.0171353256328342,2.4476890024914937,11.183390450087304,21.71686699536613,19.88674030748255,4.947197627833509,433213096.736373,139.77989295846368,7.898728383569946,4.5330275198163426
Czechia,2055,VWE,2852.0777008333334,39.0717925,10.483569,76329.34,1.1099285515453028,2.440917231077346,11.24282577912558,21.155553911749667,19.895009263602763,4.930437788827354,436810168.34994096,137.44010660717663,7.956153585624741,3.6906726578626317
Czechia,2060,VWE,2464.3725295833333,100.7135975,10.357747,82451.06,1.41800557293148,2.429900066158724,11.319972312514926,20.487384567601982,19.90329287009553,4.913842401032629,440443559.9215249,135.16159801139938,7.810098202678176,4.622160996182086
Denmark,2025,VWE,2573.572056666667,3.834229999999998,5.992734,75514.80721,3.0530085897926496,1.9448716099602272,11.232097280342767,19.664927444020872,19.708548689890037,5.062929559213556,362504949.925059,157.05286397918078,7.853438607700724,1.5757218607936025
Denmark,2026,VWE,2353.4429525,5.366865000000001,6.025601,76331.68964,1.6361316696349435,1.9495607631619032,11.242856561168956,18.893499321074916,19.716857425836636,5.048987855568288,365529455.35037255,154.86462710832927,7.764059440254382,1.851107197731727
Denmark,2027,VWE,2247.8506345833334,1.9499049999999991,6.054421,77349.77,1.818430255146053,1.9536545124826077,11.256105810702795,18.155075781450268,19.725125267760777,5.03446258057224,368564122.9031387,152.61701365648906,7.71817453560677,1.0817729664433573
Denmark,2028,VWE,2389.5040566666667,3.1035975,6.08085,78324.68,1.7024174948814697,1.957393956996599,11.268630797557362,17.55425480790821,19.73278620119689,5.019769834287972,371398511.29120314,150.37645811380017,7.779259525059768,1.4118640280100634
Denmark,2029,VWE,2402.635207083333,10.0965375,6.105245,79288.43,1.6365688504199172,1.960833243713168,11.28086010744,16.871529712577882,19.740017117624983,5.0047520397129395,374093795.8399316,148.1201027102615,7.784737539999083,2.406633122718905
Denmark,2030,VWE,2366.4051579166667,1.7670875000000006,6.127181,80268.1,1.5993145193819114,1.9639157845772144,11.293140018903802,16.105167402599918,19.746844174625313,4.989366388460486,376656493.4019328,145.8433523707761,7.76954976424373,1.017795323000863
Denmark,2035,VWE,2277.914153333333,16.651834999999995,6.20323,85827.26,1.629636527364786,1.9745295365372408,11.360103601874826,15.471962322425759,19.776850395192696,4.956317671326468,388129805.77961504,141.06968424160434,7.7314543599681205,2.8708397439808806
Denmark,2040,VWE,2180.744006666667,9.509165,6.253086,92265.98,1.5715223919725574,1.981427033473533,11.432441610005531,14.866803120648308,19.80394447371682,4.925415131481861,398789581.5488123,136.74651268922082,7.687879839009359,2.3522477335880647
Denmark,2045,VWE,2513.7052979166665,13.2363875,6.279032,99547.82,1.685831997933751,1.984997886334728,11.50840345608206,14.527746648996038,19.8281305707552,4.896613098272753,408552330.58524585,132.83572275531293,7.8299108979012555,2.655801187002138
Denmark,2050,VWE,2309.4767645833335,3.151905,6.287777,107586.6,1.519629277316148,1.986198561245833,11.586060678433306,13.958856966053292,19.8500150754144,4.869427124384144,417591847.89574885,129.2462806016308,7.7452091738145405,1.423567265062325
Denmark,2055,VWE,2318.9570166666667,7.708152499999999,6.283193,115367.5,1.2860309451500518,1.9855693649533104,11.655886632189938,13.511685832917063,19.867711935256008,4.845198339613263,425047690.23173726,126.12849410973004,7.749303937189873,2.164259655851019
Denmark,2060,VWE,2516.2186695833334,6.0928700000000005,6.273573,122689.5,1.1692346404715837,1.984247642614644,11.717420203088686,13.112126426707563,19.882417591460623,4.823020098461275,431344481.19477606,123.34004347176884,7.830909868430984,1.9590900541230472
Estonia,2025,VWE,3687.5466504166666,24.491257500000003,1.369995,42598.22788,2.130483478589018,0.862887845440173,10.659591407210575,4.4672739581726635,17.160915418089864,5.170143910647836,28372059.05750885,174.94015532400118,8.212987797774991,3.238335550242981
Estonia,2026,VWE,3396.756385,23.7969325,1.364632,44074.8942,3.061465790284501,0.8606224072995677,10.693668295205477,4.316955024617868,17.16598569640478,5.158922393072537,28516278.606029708,172.97687586799694,8.130870606018446,3.2107199560046285
Estonia,2027,VWE,3150.3044254166666,19.9469975,1.357873,45783.64,3.362413469195946,0.8577599414620062,10.731703942673748,4.166942331179845,17.17105765092706,5.147150907868233,28661279.286924068,170.940916291667,8.055571749409445,3.0419953186747892
Estonia,2028,VWE,3205.7068033333335,29.445124999999997,1.351469,47306.16,2.838163830126162,0.8550402392414349,10.764416937231294,4.0398317362829275,17.174962935860687,5.135743473061699,28773428.59797971,168.99065637872798,8.072999771545327,3.415925882816602
Estonia,2029,VWE,3207.142517083333,18.04173,1.345409,48739.33,2.5675776163277764,0.8524598003360065,10.79426209777589,3.8918400931927297,17.17834468504851,5.1241751805025055,28870897.835521027,167.03548553183313,8.07344739352435,2.9466328865801152
Estonia,2030,VWE,3469.50237625,6.796387500000001,1.339781,50120.53,2.4036852380763474,0.8500573352462271,10.822205935279907,3.7579206031780794,17.181526894221108,5.112174184397777,28962917.40973045,165.03094462673317,8.152054639479015,2.0536604853869744
Estonia,2035,VWE,3059.8749041666665,34.0223275,1.317244,57237.38,2.373141277540469,0.8403785484943713,10.95497993138309,3.677203047536455,17.199600068367197,5.088376177365195,29491128.12222409,161.1263836987768,8.02645607047446,3.5559857866709055
Estonia,2040,VWE,3069.4170070833334,63.0315775,1.303275,64766.18,2.2098530396801097,0.8343320231757194,11.078554272553816,3.6101383853908335,17.2215486211918,5.061473427114879,30145571.49775746,156.8228856107306,8.029568664282953,4.159376360116186
Estonia,2045,VWE,3458.09836875,25.5615175,1.291063,72293.62,1.8311352077373224,0.8290159020020439,11.188504993206626,3.5591008191998785,17.24114892939635,5.036318729393993,30742262.57164293,152.9024144866554,8.148763247026586,3.2794634577652597
Estonia,2050,VWE,2880.7131916666667,6.155912499999999,1.277067,78899.08,1.3970932348572829,0.8228882113303037,11.27593752077515,3.4005489623431306,17.25332146442788,5.0167992364654275,31118760.6712528,149.92744678317314,7.966140254489568,1.9679389380703185
Estonia,2055,VWE,3285.7764316666667,15.43865,1.260817,85275.82,1.3235634404359595,0.8157262523819923,11.35365794977384,3.3441749741154294,17.261024819676535,5.000607499665942,31359405.24259561,147.5033474390712,8.097662555429725,2.7996352694679447
Estonia,2060,VWE,3479.2019520833333,12.8883625,1.240526,93528.42,1.6875810782166931,0.8067106597292836,11.446031318190508,3.27830990502968,17.269176561450976,4.983977507697156,31616083.79173581,145.05415939722764,8.154845603292571,2.6310512592478585
Finland,2025,VWE,4946.184738333333,23.78519,5.635971,56146.12949,1.1263406225166417,1.8925050022161776,10.935730836687055,37.10810296203372,19.836451276600055,5.104434901854656,411965956.552432,163.75094376847167,8.506573954038307,3.210246297370126
Finland,2026,VWE,4392.3254308333335,17.382395000000002,5.656904,56720.47267,1.3981606994728946,1.895654511604264,10.9459081247265,35.6737028084051,19.842844251311856,5.092285774074997,414608081.01998353,161.76147313790645,8.387841720638667,2.9113934131176227
Finland,2027,VWE,4378.274802083333,5.9115225,5.67257,57718.63,2.0415925737353957,1.898005093062046,10.96335260261085,34.52306159983682,19.8502131925458,5.078787039631356,417674588.1908104,159.57916159390703,8.384638419361607,1.9331899463608015
Finland,2028,VWE,4339.036660416667,36.2573775,5.684913,58608.76,1.7631350024954306,1.899853196258301,10.978656514597734,33.405355412960475,19.856425274469203,5.065586436855365,420277292.6931342,157.4733494415723,8.375638074159388,3.6178499789068006
Finland,2029,VWE,4524.332321666667,0.5750000000000002,5.69388,59478.06,1.643298199173815,1.9011936761271089,10.99337959681774,32.19943339787399,19.861886625074707,5.052349008144802,422578853.4400203,155.38939331693015,8.417446294689652,0.4542552722775965
Finland,2030,VWE,4778.6049625,2.532569999999999,5.69942,60366.33,1.5921919767730497,1.902020955485588,11.00820334354722,31.122684942084085,19.866770950269864,5.038920892932766,424647914.8567037,153.303415246667,8.47211317824186,1.2620256513745491
Finland,2035,VWE,3962.4097391666664,22.56385,5.692044,65277.74,1.549765919503887,1.9009193581179056,11.086421687981124,29.952919476977772,19.886116890657423,5.014263233543927,432943108.5687048,149.54517925785035,8.284859979005834,3.1597137579966748
Finland,2040,VWE,3945.34038375,45.397332500000005,5.665869,70810.76,1.503749440197355,1.897000327727249,11.167780367583369,29.22586583690652,19.902977379475175,4.991423880674789,440304626.02658135,146.14579245236504,8.280543943315966,3.837241968355503
Finland,2045,VWE,4551.950422083333,3.210377499999999,5.63402,76399.65,1.3835202305665373,1.892210955292701,11.243746482971824,28.698699540090388,19.917386878516673,4.970355789747309,446695126.50978035,143.07813977778278,8.423530746209678,1.4375523111328359
Finland,2050,VWE,3905.155860416666,1.7925350000000009,5.59858,82308.14,1.3285066426934389,1.8868544743688207,11.318237437606918,27.647672327076375,19.93073391697299,4.949999509981192,452697149.06636304,140.17489474310636,8.270309013460976,1.0269497854547425
Finland,2055,VWE,4285.155335416666,15.3907675,5.557768,88385.8,1.2988897315347805,1.8806503011574691,11.389477916209236,27.23606200270461,19.94221699720452,4.9316926820488245,457925467.9126753,137.6139432089116,8.363145417891166,2.7967182189931132
Finland,2060,VWE,4344.2464129166665,5.77157,5.516127,94992.24,1.3280925678878177,1.8742801810348215,11.461561010156098,26.602602202836874,19.953718217954812,4.913278537981603,463222573.0146015,135.0848431589583,8.376837747924963,1.9127329655035559
France,2025,VWE,1871.3459095833337,33.116555,68.8826,54692.6456,0.6515300621127595,4.2468166912136605,10.909502813471898,272.73547533956247,21.896316444745032,4.999410024280531,3231836680.922242,147.32562476636178,7.534947420728003,3.529782750351272
France,2026,VWE,1700.2760416666667,94.8804925,69.05683,55037.42622,0.8849287933729855,4.249306769814465,10.9157868788118,262.63078563541256,21.900500925613205,4.988439175633066,3245388573.7305717,145.7072604336815,7.43913386122055,4.563102546182111
France,2027,VWE,1672.1549808333334,90.509155,69.201003,55804.6,1.6055974518841332,4.251362598678984,10.929629501756772,253.72025481819009,21.90623941447656,4.975639031187223,3264065738.019931,143.84135372293818,7.4224663331777005,4.516439021921152
France,2028,VWE,2054.23314625,62.411735,69.337129,56588.0,1.603299428607574,4.253299810176444,10.943569899013834,248.1280008381034,21.911883314069726,4.962239241914162,3282539881.3825846,141.91345566566724,7.6281445736580284,4.149648938952505
France,2029,VWE,1887.3163858333332,118.20706,69.466605,57386.45,1.6003569981665189,4.255138909649386,10.957580917287222,237.47083086646938,21.91744626965891,4.948208793246152,3300851390.8018246,139.92231671187037,7.54344090990818,4.780861981065249
France,2030,VWE,1632.59667,101.047535,69.590234,58207.46,1.6111838523582112,4.256891806319014,10.97178598398041,225.51320360913545,21.922972940755383,4.933491634885341,3319144614.535595,137.86352758317767,7.39853940896562,4.625438734138055
France,2035,VWE,1809.8722245833333,156.42497583333332,70.160114,62593.78,1.5986555765354016,4.26493246481996,11.044437167029866,219.5491436617138,21.95030051827137,4.902447141266876,3411099526.2294927,133.61880817191744,7.501563900222184,5.05894900086254
France,2040,VWE,1712.0223895833333,123.60406,70.646627,67138.55,1.485934158505109,4.271746077101867,11.114528568098695,211.2663928281925,21.97570723759755,4.872760910478062,3498874692.486102,129.68121843270197,7.446014568631775,4.82514119009216
France,2045,VWE,1913.6250216666667,122.10479,70.888632,71956.43,1.4405034177056295,4.275118143742532,11.183829973140984,205.92319272722924,21.997414790826504,4.845697276882734,3575657064.7746663,126.19193907966697,7.557277071301121,4.8130359438874795
France,2050,VWE,1642.68747125,105.08562,70.900505,77088.3,1.413781767685851,4.2752832883462855,11.252719769116323,197.28507916641857,22.015761465198437,4.820965193586858,3641863961.72028,123.0847988518772,7.404697454898342,4.664246503918082
France,2055,VWE,1781.22359875,115.0873975,70.666277,83163.14,1.4540177834066137,4.272020302235469,11.328571524282571,192.59585297616016,22.0324687408714,4.797297588699719,3703220711.7593656,120.1824896908364,7.485617076449948,4.754343334147069
France,2060,VWE,1557.9273575,215.22854291666667,70.262804,89915.06,1.4557977400551092,4.266374508266861,11.406631847441558,185.83728466857283,22.047341979344445,4.775186988990823,3758711235.502183,117.53247681683509,7.351753272398083,5.376335917382267
Germany,2025,VWE,2578.96787625,16.4694175,83.57714,62128.11189,0.4029008985522608,4.437664017332173,11.036969948572828,234.89679880164834,22.07539424009661,5.193595963903149,3865644429.8119183,179.1150771120517,7.855532226772256,2.860451780716582
Germany,2026,VWE,2303.9519158333333,50.75209,83.499996,62924.90581,1.1890148887025551,4.436751487025849,11.049713214973409,227.41351449692462,22.077833591856443,5.184759109038837,3875085606.851414,177.5304382406224,7.742815094403325,3.9464648178033968
Germany,2027,VWE,2185.8148004166665,48.2227025,83.377681,63547.13,0.8409025747799781,4.4353029235027,11.059552850535562,220.35393696748045,22.078964236892716,5.176444563882979,3879469430.966554,176.05219283538233,7.690201335068485,3.8963549499976566
Germany,2028,VWE,2550.6855229166667,36.02999,83.25017,64127.54,0.7590249785052627,4.43379058703459,11.068644785627711,216.02380647357703,22.07983300738396,5.167804451734141,3882841263.993172,174.52903165033214,7.844509409174293,3.6117281248741753
Germany,2029,VWE,2407.7001145833333,77.4683875,83.122146,64683.7,0.7121557115026933,4.432269861683607,11.077279976480847,208.47027817556884,22.08057273029353,5.158721399029586,3885714553.2190113,172.94191106631249,7.786842509429359,4.362695836673751
Germany,2030,VWE,2238.873610416667,37.2027275,82.990067,65264.19,0.7371050868608897,4.430698541851231,11.086214095026804,200.22911070445318,22.08134010425484,5.149057981494579,3888697493.7580714,171.26913314579454,7.714174719336065,3.642906913587194
Germany,2035,VWE,2323.0760875,63.9649275,82.331992,69040.8,1.163004275069368,4.422832533064595,11.142467397259855,196.14045776242003,22.088223535931935,5.134466010591086,3915557415.438507,168.7736383405617,7.751077857323987,4.173847547348546
Germany,2040,VWE,2274.7462141666665,74.211765,81.721963,74568.03,1.4595172795583975,4.415485141136192,11.219480552541208,191.71789632325053,22.1011094392307,5.115042298268908,3966339392.813516,165.5078238270751,7.730063283829875,4.3203076681869375
Germany,2045,VWE,2522.1796804166665,103.4476475,81.05046,80540.13,1.3050192494183044,4.407334423857984,11.296523264602529,189.0787398231854,22.11318921979286,5.096170911979642,4014542457.394878,162.39505388394193,7.833275163075787,4.648685965010782
Germany,2050,VWE,2379.710917916667,59.353739999999995,80.277587,86404.64,1.1780259969913276,4.397870295889489,11.366808230439425,184.18394643563002,22.122155104711716,5.079655761188055,4050698225.1004663,159.71872078340152,7.775154427069064,4.100222917454352
Germany,2055,VWE,2509.42044125,37.010165,79.415128,92169.8,1.0567806197992802,4.387202317689178,11.4313986565638,180.73608562386667,22.128398127343463,5.0651811662709765,4076065928.982282,157.4091378670441,7.82820552457229,3.6378536239546397
Germany,2060,VWE,2237.6735375,100.062405,78.505228,98654.39,1.2239143054514123,4.375822780504415,11.499388147565886,175.70319275698114,22.134816037336787,5.050487112691116,4102309878.82037,155.09848352236097,7.713638798687804,4.615738197324515
Greece,2025,VWE,1242.8830970833333,358.3578725,10.372335,38121.54839,2.3658031936796498,2.431183651673543,10.548561207317498,37.25358362478315,20.20610000660993,5.046759219081421,596207909.0773572,154.51764830177316,7.125993295477667,5.884318751285448
Greece,2026,VWE,1051.9646883333332,357.35033,10.35871,39068.19492,2.3486111158152134,2.429984850506968,10.573089581745178,35.89033543200658,20.211258380634337,5.035484937354146,599291318.3257799,152.77414536086235,6.959364977225374,5.881511083326905
Greece,2027,VWE,1083.223775,375.96631041666666,10.326251,40319.45,2.879360448962265,2.427123128844605,10.604614063397255,35.046494162570966,20.21643899747284,5.023575042656783,602404073.0587605,150.95357440656113,6.9886195951967665,5.9321558211649545
Greece,2028,VWE,1216.8459245833333,331.2551066666667,10.288906,41521.93,2.6099450382923273,2.423820473555045,10.634001083750707,34.33146854098203,20.220570902735425,5.011835099979212,604898299.0266825,149.18007889069725,7.104838941568152,5.805903067427583
Greece,2029,VWE,984.6130795833332,388.78996333333333,10.246897,42708.69,2.4381885008046167,2.4200922683822617,10.662181105555836,32.788470285251435,20.223916053745786,5.0000470081890365,606925163.3797965,147.4201359003972,6.893263863372343,5.965608038495004
Greece,2030,VWE,952.4700975,389.6536625,10.20001,43885.52,2.285300380854527,2.4159146711577932,10.68936249040681,31.618321727145148,20.226502740910313,4.988171188623111,608497121.1172854,145.6679500611892,6.860108063772627,5.967821393798779
Greece,2035,VWE,1112.6059633333334,334.6463816666667,9.934432,49563.42,1.693340469823701,2.391916709478305,10.811028516592822,31.90618303620925,20.232227222358233,4.974516843974608,611990440.7862012,143.67890577348587,7.015358644570607,5.8160581702482
Greece,2040,VWE,1290.7123295833333,421.1757191666667,9.687426,54673.47,1.3434284898863336,2.3690679102622996,10.909152151853725,32.02724246161121,20.23294308932287,4.964607413717598,612428701.37557,142.2523003445533,7.163724004429956,6.045421623496743
Greece,2045,VWE,953.7024283333332,392.5421708333334,9.444922,59342.05,1.0557437301987216,2.346115927292757,10.99109029124319,31.01304720651693,20.232025923607537,4.955858319343365,611867260.2732859,141.0044392367676,6.861399698557192,5.975188230687955
Greece,2050,VWE,997.5213029166666,628.349655,9.182676,64554.1,1.2028447567184797,2.320687844947892,11.075274401674308,30.824829970888526,20.231109641220733,4.947041364445793,611306873.8540329,139.75789593417724,6.906275487547329,6.444686992552729
Greece,2055,VWE,1117.57549375,526.6948058333334,8.893184,71009.87,1.2920341687676418,2.2918460351775267,11.170588242896608,30.87903030707066,20.230194241500072,4.938155430111771,610747539.7577488,138.51267120007046,7.0198112741821905,6.26851809733368
Greece,2060,VWE,770.38519875,550.2539308333334,8.589605,78604.73,1.4300274667941038,2.2606796993087985,11.272199876523525,29.964207329361045,20.22927972378274,4.929199369281221,610189255.6301801,137.26876579099198,6.6481878580738405,6.312195557499049
Hungary,2025,VWE,2235.4700204166666,136.427535,9.539502,41154.00537,0.6931582526233715,2.355130293420117,10.62510083588906,20.354239027212266,19.555496627421864,5.104618897134309,311060076.7156056,163.78125995337544,7.712654018095676,4.923096760001914
Hungary,2026,VWE,2078.9204104166665,154.5250675,9.489006,42271.7628,2.1723228267789496,2.350327661007142,10.651898252200876,19.793224355408867,19.556813082473173,5.096342605600393,311469842.98643506,162.4231101808308,7.640084907740513,5.046806924414813
Hungary,2027,VWE,1767.37928625,224.07290625,9.432688,44163.46,3.8550168461640943,2.344943953929876,10.695675672227996,19.13710508711616,19.56241277522659,5.084133707615817,313218870.85376346,160.44002437913997,7.477818748611603,5.416424377496535
Hungary,2028,VWE,2217.1570395833332,174.45332541666667,9.377987,45774.75,3.0474019411352637,2.339686928294927,10.731509753897836,18.938520222334123,19.56605307851524,5.072856376902905,314361160.4218235,158.62963917698875,7.704431967740885,5.167373055492619
Hungary,2029,VWE,2069.6908920833334,345.8702075,9.326264,47216.34,2.580406792014145,2.334690552661726,10.762516476990108,18.30079653666505,19.568704822707744,5.061738084830425,315195872.0376899,156.86466018283497,7.63563759486397,5.848950668189038
Hungary,2030,VWE,1743.0511595833334,332.30610125,9.27674,48549.94,2.2784311773556887,2.3298830891110733,10.790368835015046,17.480735920633272,19.570730470585648,5.050481320500654,315834994.98951846,155.0975793728321,7.463965938662144,5.8090612907267065
Hungary,2035,VWE,1956.2620883333336,218.442895,9.068641,54621.73,1.6357395645677508,2.309425742310373,10.908205375470342,17.491551268746196,19.579138549297387,5.034206510881693,318501755.9530512,152.5776820313728,7.57930188195152,5.391092039214582
Hungary,2040,VWE,2068.2943679166665,436.47954583333336,8.883635,59307.32,1.125783905814548,2.2908803590754134,10.990504878685512,17.312338542944623,19.580244904203862,5.02347229609381,318854326.9329309,150.93796250110796,7.634962943080482,6.0810299523237905
Hungary,2045,VWE,2069.170485,210.93429291666664,8.720462,63795.45,1.1387156797222575,2.2742331482069895,11.063452825151543,16.98490666231431,19.580956454917747,5.0129680677917055,319081288.6954229,149.35032450935032,7.635386242771406,5.356276287558644
Hungary,2050,VWE,2041.0036858333333,419.80619958333335,8.553183,69255.4,1.2044075401703047,2.2568743973903755,11.145570838551796,16.701871210979547,19.583257736269204,5.0011714714062085,319816430.0761362,147.58712275159576,7.621686803734408,6.0421723941650995
Hungary,2055,VWE,2106.8694,199.5689075,8.390984,74657.07,1.1256130148997512,2.239750080062107,11.220673901612075,16.423150049055046,19.58393085535685,4.990538077104611,320031777.08939856,146.01550789585562,7.653432953282793,5.301157866007003
Hungary,2060,VWE,1784.7855533333334,333.18567,8.220534,80759.63,1.212628638350477,2.221432953461844,11.299244873287876,15.959072412697276,19.58414216619612,4.980180163289721,320099410.4185955,144.5005931578834,7.487613683305368,5.811696736726125
Ireland,2025,VWE,2005.2003520833337,0.0,5.440278,117578.7317,4.086751089152929,1.8625717068864271,11.674871950102988,18.07904830790305,19.268211994864355,4.979162901379503,233387796.47791016,144.35265620462087,7.603997839946993,0.0
Ireland,2026,VWE,1919.45549,1.5335849999999995,5.528338,119148.1033,2.9750133496767583,1.8761523932822095,11.688130956690763,17.326371433809175,19.287767937345407,4.956534837996324,237996834.97993085,141.10054039216112,7.560317671261203,0.9296352957953385
Ireland,2027,VWE,1991.8337675,0.2001100000000004,5.605476,121288.6,3.2168876889498765,1.8878990019938149,11.705936353416377,16.657777922698646,19.30632329555903,4.934002304608605,242454177.42982587,137.93445909212548,7.597312908555514,0.18241321925948947
Ireland,2028,VWE,2114.1728191666666,0.0,5.675542,123383.0,2.998330900571622,1.898450399491766,11.72305672240345,16.011520949985307,19.323263222451512,4.91198336703956,246596318.2159454,134.90870411415494,7.656891799332114,0.0
Ireland,2029,VWE,2277.0899745833335,0.0,5.738411,125466.4,2.8149857674253154,1.907824140452684,11.73980124285408,15.369525030719585,19.338698156295656,4.890352052677794,250432042.0100553,132.000388953222,7.731092640410336,0.0
Ireland,2030,VWE,2148.1125279166667,2.57589,5.794004,127546.2,2.642501461857094,1.9160404584930024,11.756241771153388,14.590740837184345,19.352677839734316,4.869028099317564,253957588.28796265,129.1943194384346,7.672810258192359,1.2742140962117516
Ireland,2035,VWE,2057.716516666667,4.174997500000001,5.997143,137171.7,1.891872782404702,1.9455019228852048,11.82899599488302,13.869854022950149,19.406336303319137,4.818873084390142,267956791.4615747,122.8254712684258,7.629838017445404,1.6438388560595287
Ireland,2040,VWE,2093.651302083333,3.852000000000001,6.167777,144081.5,1.3590925658755415,1.9695955646976169,11.878141331170708,13.203633881160483,19.44736038490121,4.7779227145533065,279178070.38999313,117.85719310845724,7.647142375583428,1.579390991081804
Ireland,2045,VWE,2234.6802004166666,1.297654999999999,6.319525,148977.5,1.0597071936937263,1.9905454351573444,11.911557279214014,12.570296893003022,19.480483964875283,4.742560472342628,288580305.7727945,113.7275827253532,7.712300800976746,0.8318890376075417
Ireland,2050,VWE,2030.3377670833331,1.3141625,6.44918,154111.0,1.165226048620216,2.008103959219545,11.945434889788384,11.861654415474945,19.509732747303214,4.710115209206936,297145579.67729455,110.0649548740054,7.6164498535548475,0.8390478510249457
Ireland,2055,VWE,1893.5477879166667,16.3015725,6.537342,162254.4,1.348790061915417,2.019869599976221,11.99692691598477,11.344864541847546,19.536898455743295,4.679741781411436,305328392.62131447,106.74224792794637,7.546735454694054,2.8507973933267037
Ireland,2060,VWE,2065.577172083333,3.5037699999999994,6.580861,172883.7,1.4312262466849912,2.025626781594109,12.06038017729896,10.987130885853954,19.56027782109257,4.65184788035087,312550876.2510902,103.77842478817256,7.63364897759679,1.5049148238141303
Italy,2025,VWE,1630.5801866666666,121.12011,58.943464,53591.80314,0.7826859126478292,4.093401851343132,10.88917006826778,153.37337380784504,21.977111650635475,4.993011257121117,3503792009.887793,146.37955370194578,7.3973042638704465,4.805005068619629
Italy,2026,VWE,1443.8298045833333,200.06889166666667,58.942829,54080.34429,0.9105096525378498,4.093391257971962,10.898244567841337,147.64530645939803,21.97949554270532,4.983432312668927,3512154635.7152743,144.97455309812312,7.275746811314383,5.303647593945842
Italy,2027,VWE,1357.9802608333334,186.734655,58.917036,54799.76,1.2859305895255524,4.092960872030877,10.911459341453078,142.39738977504882,21.98254509270831,4.972699594972009,3522881474.6008787,143.41622692499877,7.21448988927254,5.235029556278782
Italy,2028,VWE,1629.1485270833334,171.14741750000002,58.873875,55518.25,1.236901141786917,4.092240266410511,10.92448508644391,139.28211366185303,21.98524960756551,4.961560324220407,3532422055.397732,141.81646212098266,7.39642641055957,5.148351188219788
Italy,2029,VWE,1539.1932225,227.2620333333333,58.816636,56225.75,1.1758936726762317,4.091283816247749,10.937147901287563,133.70460929034658,21.98761848537828,4.949989483057165,3540799850.701459,140.17347920025895,7.3396631566929225,5.430494238056221
Italy,2030,VWE,1313.9715633333333,183.8341020833333,58.747265,56940.87,1.1524281369952094,4.090123415705379,10.949786201880393,127.04177337481568,21.98977345589684,4.9378763114458915,3548438397.4594665,138.47373604342903,7.181570319536473,5.2194586772660525
Italy,2035,VWE,1499.555625,216.56107125,58.236856,60487.69,1.0122586660775923,4.081543915742736,11.010211684394312,124.7707503130537,21.996992902036936,4.921887837297074,3574148853.3144045,136.26149611697824,7.313590735169651,5.382479598471669
Italy,2040,VWE,1488.4139895833334,264.86269791666666,57.640414,64189.31,0.9655892723791748,4.07142411758076,11.069607543706844,121.40290249575986,22.00237234084426,4.907165032197435,3593427576.228354,134.25542559100325,7.306138025996858,5.582980002272816
Italy,2045,VWE,1506.2815579166668,189.24141875,56.854019,68384.8,1.0266161739789448,4.057922924000981,11.132920479719113,118.47195946113305,22.00534286069266,4.894123436598867,3604117794.0615625,132.50293152645438,7.3180630145639425,5.248293890599693
Italy,2050,VWE,1289.4831675,301.4093658333333,55.772064,73350.95,0.9995615266285895,4.039044373752659,11.203024368084831,114.81270769636107,22.00462864478426,4.883700512493344,3601544594.8158727,131.11866717629894,7.162771975679569,5.711781615496841
Italy,2055,VWE,1428.9443116666666,239.65782625,54.395562,79113.11,1.0253124205737318,4.014499482241147,11.2786465196428,113.60747311635807,22.003714679303386,4.873558312733308,3598254411.163649,129.78546548889352,7.265390779605216,5.483376116516801
Italy,2060,VWE,1159.22455875,308.35670166666665,52.82884,85707.31,1.0415305371253014,3.985809383018736,11.358705066045983,110.5848632125494,22.002801892831716,4.8639196605267445,3594971471.753886,128.53092562268992,7.056368850494537,5.734494985445807
Latvia,2025,VWE,3545.4942516666665,28.390665,1.860565,39737.03186,1.0396443362718388,1.0510191577683985,10.590063989464186,4.548756268691678,17.996248136886646,5.071556169017895,65414082.47420857,158.42222233317796,8.173714859793984,3.380677106918635
Latvia,2026,VWE,3235.1751970833334,26.5632475,1.841333,40877.6204,1.807007352512913,1.04427330825244,10.618362476754308,4.400670374072455,17.995097968581607,5.064998346865979,65338888.51983421,157.380180249801,8.082147416726256,3.316483273020725
Latvia,2027,VWE,2925.786937916667,25.5968425,1.822938,42048.21,1.8360317255585736,1.037778186578881,10.646595878066467,4.2404521898195515,17.99394924738489,5.05785254740788,65263875.445276015,156.25246126910932,7.981660492076815,3.280792505734375
Latvia,2028,VWE,3128.9067466666665,26.741887499999997,1.80512,43234.93,1.8172651565764308,1.0314463188082523,10.674427141513595,4.130517149791982,17.992801972345823,5.050107433215632,65189042.763919555,155.03922738189542,8.048758489693135,3.3229434551097485
Latvia,2029,VWE,3089.713716666666,33.0847425,1.787946,44459.04,1.8529566676077416,1.0253051239876023,10.702346087202892,3.9839062324481507,17.99165614251095,5.041750429258755,65114389.99052326,153.74064064619466,8.03615731948841,3.5288498501434074
Latvia,2030,VWE,3158.40267375,19.171185,1.771424,45715.7,1.8763600689452709,1.0193612675280728,10.730218936826065,3.8366272666500216,17.990511756924036,5.032767644600995,65039916.64121442,152.35686318572303,8.058138261418744,3.0042551008601026
Latvia,2035,VWE,2968.89659625,45.2437225,1.700059,52119.18,1.7379690283219285,0.993273624623387,10.861307484801506,3.8242502980829505,17.989368814626086,5.023719699943682,64965622.23348526,150.97555718831595,7.99628241511321,3.833925725016591
Latvia,2040,VWE,3038.29401125,50.9825975,1.640306,58604.9,1.5554657643187753,0.9708948195321944,10.978590653090809,3.8128121749609734,17.988227314655347,5.01460554914506,64891506.28618897,149.596722042832,8.019380534288528,3.9509089991075754
Latvia,2045,VWE,3273.3598479166667,49.615095,1.586358,64739.97,1.1367514733720665,0.9502507085097318,11.07814951037695,3.792490012439991,17.987087256047325,5.005424120317838,64817568.31953581,148.22035712484373,8.093877662678342,3.924249851962912
Latvia,2050,VWE,2888.1004041666665,11.50388,1.535556,69794.81,0.7063392179556649,0.9304129423825328,11.153329258295376,3.6704133542930104,17.985948637834788,4.996174314978416,64743807.85508914,146.84646179666464,7.968700453814102,2.526038996144142
Latvia,2055,VWE,3254.8557104166666,19.9763475,1.487144,74478.67,0.7109525340650347,0.9111350642307098,11.218281481221476,3.6231695261411923,17.984811459047776,4.986855007160651,64670224.41576158,145.47503540737648,8.088210411157897,3.0433954934363703
Latvia,2060,VWE,3357.8411470833335,23.488730000000004,1.439369,80620.08,1.1204335348076857,0.8917393993032916,11.297515432761037,3.56222476330117,17.983675718713613,4.977465042492428,64596817.525811054,144.10607729285724,8.119351296765315,3.198213011718225
Lithuania,2025,VWE,3375.9309533333335,27.4682125,2.890664,48663.11751,3.3892125231365755,1.3585798371511804,10.79269723071898,6.116789099773482,18.72470037963221,5.0516975527567896,135529565.79802302,155.28754578219045,8.124722574021177,3.348788113930733
Lithuania,2026,VWE,3065.27943125,27.24712,2.886877,50217.23153,3.0584260204892466,1.3576060074280631,10.82413341763514,5.897008058337289,18.7316851344566,5.03879515794929,136479520.3312174,153.28401512896286,8.02822019397751,3.3409915054928563
Lithuania,2027,VWE,2720.6642629166668,33.251685,2.877618,52262.46,3.7389726275474544,1.3552210475848816,10.864052744307404,5.674495600545777,18.739007009161064,5.025012568904608,137482473.55436948,151.17216873812268,7.908998833545619,3.5337357605783897
Lithuania,2028,VWE,3036.8935295833335,27.1504325,2.865918,53968.35,2.844225267926958,1.3521991700076486,10.896171571812165,5.535905569359578,18.74340868175008,5.012832662538996,138088960.19268247,149.3299676639081,8.018919636321485,3.337562718588454
Lithuania,2029,VWE,2964.296261666667,47.33743749999999,2.851866,55489.98,2.315347430319203,1.348557706207221,10.923975764003789,5.328204413848365,18.74583071310916,5.001515485277722,138423821.3454427,147.63824757627094,7.994732226057956,3.878206363940596
Lithuania,2030,VWE,2858.7997641666666,34.6247725,2.835357,56889.93,1.9293991768164045,1.3442625204475045,10.948891204948042,5.100184765094077,18.74659996957553,4.990794761701559,138530345.73291573,146.05324935586353,7.958506888833769,3.573041252603512
Lithuania,2035,VWE,2839.8246808333333,50.1401425,2.734513,63409.09,1.465338714186171,1.317617421863953,11.05737827602756,5.064255616797572,18.74554297213336,4.981388314661326,138383996.86956874,144.6764861303495,7.95184966957809,3.9345697563276762
Lithuania,2040,VWE,2991.20952125,51.62366,2.645463,70821.71,1.562433974041677,1.2934833807134587,11.167934990960315,5.047069830803532,18.744487211243992,4.971910396649678,138237973.5533202,143.30229884283096,8.00376736379833,3.9631658284954554
Lithuania,2045,VWE,3101.6562420833334,62.3756675,2.56314,78256.61,1.198198278176199,1.2706421785826048,11.267761356069858,5.004226775460162,18.743432686053975,4.962359798561491,138092274.9618559,141.9306858713276,8.04001387586983,4.149079994400259
Lithuania,2050,VWE,2888.1367345833332,17.1883125,2.485856,84523.48,0.7595692431298096,1.2487136381551258,11.344796475531137,4.872809865375997,18.74237939570819,4.952735280050737,137946900.2750749,140.56164558418567,7.968713028727797,2.900779217473397
Lithuania,2055,VWE,3117.062896666667,23.8750125,2.412771,89597.76,0.4811559800411258,1.2275245712773737,11.403096759581544,4.7815451211377376,18.74132733934985,4.943035568445901,137801848.67508355,139.19517634010896,8.044967221533147,3.213863785557093
Lithuania,2060,VWE,3163.784977916667,34.95688,2.340899,94399.67,0.433382387764003,1.2062399324477504,11.455303449566031,4.665726556033666,18.740276516120527,4.933588258689104,137657119.3461891,137.87694575366368,8.059840394803334,3.5823204427692086
Luxembourg,2025,VWE,2509.10415625,9.5907975,0.681973,128279.3783,1.9924962897674536,0.5199675091032483,11.761973602820516,2.530622566975928,17.221494225806648,5.09173941533038,30143931.762328237,161.67257127213827,7.828079527778817,2.359985463671189
Luxembourg,2026,VWE,2223.445456666667,56.637162499999995,0.690899,129542.2558,2.3062090481116515,0.5252603401610425,11.771770125970548,2.385970653676685,17.23708297742209,5.072117142975401,30617519.775343616,158.51167913727733,7.707262930577844,4.0541675419528955
Luxembourg,2027,VWE,2201.281556666667,58.534655,0.699848,131262.4,2.6403317178331775,0.5305388352999945,11.7849612704806,2.2603332135554153,17.253433463970406,5.051309414920174,31122246.15350644,155.22689644319357,7.697249173171686,4.086558579975791
Luxembourg,2028,VWE,2666.5223170833333,34.659112500000006,0.709419,132501.8,2.324711159470816,0.5361535466991243,11.794359056260609,2.170040035284124,17.269496569767515,5.030106139168561,31626202.820805904,151.94924573989346,7.888905349432695,3.5740047242957864
Luxembourg,2029,VWE,2407.058775833333,55.057945,0.719584,133338.9,2.07367999378949,0.5420824011072862,11.800656786209268,2.0136905245129944,17.28538539779194,5.008391652936522,32132719.456232168,148.6638310882642,7.786576214699488,4.026385887911702
Luxembourg,2030,VWE,2214.3849275,43.7861775,0.730362,134143.5,2.1102728088737033,0.5483306351751754,11.806672856131444,1.857952185933368,17.301839991740664,4.985571250737,32665824.30745008,145.28711778580262,7.703181449547907,3.801899553866886
Luxembourg,2035,VWE,2305.2489808333335,84.7819175,0.787827,137816.0,2.0754341413515176,0.5810009159180187,11.833681997151428,1.6812615820768346,17.384705559047394,4.912769137760319,35488012.83731204,135.01553916297382,7.743377665873654,4.451808232534394
Luxembourg,2040,VWE,2267.6276541666666,59.55506,0.837509,143232.6,1.9344890259234135,0.6084108500520433,11.872232142857266,1.5282968554499206,17.456031906569137,4.8492636285758595,38111700.028996065,126.64636009789636,7.726930370020964,4.103553033807302
Luxembourg,2045,VWE,2531.3632575,91.10297,0.878414,149328.6,1.705354137993087,0.6304278037754841,11.913911222416507,1.421593554635974,17.514716446275514,4.795401035771091,40415196.43282653,119.95287848883792,7.836908239600887,4.522907190298323
Luxembourg,2050,VWE,2377.70513375,54.6536925,0.910321,155717.5,1.4820390863822477,0.6472712907647888,11.955805169003968,1.2985187267927258,17.561450960819318,4.750268185173907,42348812.44403074,114.61528667560688,7.774311557160807,4.019148427721602
Luxembourg,2055,VWE,2477.06546125,46.467780000000005,0.933017,162338.1,1.2480184900929725,0.6590819948072835,11.997442636379631,1.2025551059436597,17.59706465240717,4.712950846460514,43884187.942426816,110.38034174766602,7.815233478809496,3.86005116509088
Luxembourg,2060,VWE,2127.0972495833335,132.3711375,0.947757,169767.2,1.2322027082208198,0.6666784541127588,12.04218925616851,1.0892170777064745,17.624547385560884,4.681161426629157,45106971.145934775,106.89531231782132,7.66298354940949,4.893135749502483
Netherlands,2025,VWE,2107.02724,7.772725000000002,18.044027,71334.06052,1.2252657648221588,2.9467535091006436,11.175143217939947,59.75285565523353,20.406157676312755,5.123432390982084,728251981.6698321,166.91071687828207,7.6535078317789,2.171647476479179
Netherlands,2026,VWE,1844.7010895833337,31.7062075,18.131239,71698.37136,0.996508253557149,2.9513225487359223,11.18023725890632,57.387934047932674,20.41232358037223,5.11136630447743,732756185.5002398,164.89686572753067,7.520614478649168,3.487564891691712
Netherlands,2027,VWE,1830.0835466666667,28.73184,18.205866,72813.27,1.9729783185198135,2.955215753205083,11.195667231459574,55.49381672487062,20.420502856483186,5.09714101271393,738774178.5344113,162.5536404557316,7.5126631726158815,3.3922185254413293
Netherlands,2028,VWE,2072.7172683333333,15.871597499999998,18.27758,73787.13,1.736650391160821,2.958942762632073,11.208953157544006,53.98604921417508,20.42794017788152,5.082902282718138,744289162.481279,160.24134546782298,7.637098057574583,2.8256315867989774
Netherlands,2029,VWE,1964.317192083333,47.730529999999995,18.346641,74693.64,1.6110350168081933,2.962518812675736,11.221163614865098,51.82552558605418,20.43493370674276,5.068397224318939,749512614.1174225,157.91941094385578,7.583408932183957,3.8863057330531947
Netherlands,2030,VWE,1959.5820025,19.450750000000003,18.412287,75585.49,1.556092276662424,2.965906216102954,11.233032842494511,49.70114998053575,20.44163756231499,5.0534853775980775,754554118.3156132,155.5672104601616,7.580996648197612,3.018019556632932
Netherlands,2035,VWE,1968.7181845833336,40.5502275,18.698556,80341.16,1.603866237636331,2.980545333565018,11.29404979328748,47.75763889854887,20.473167290667245,5.019299305124991,778724037.9335082,150.30524783024023,7.585645757987907,3.7269029966173943
Netherlands,2040,VWE,1820.3685508333333,43.92173,18.920461,86554.55,1.815194477845128,2.9917473944589483,11.368541683331811,45.79918410553301,20.504622416408,4.9851510427203465,803608216.2561826,145.2256596796746,7.5073434485046535,3.8049216420404823
Netherlands,2045,VWE,2174.8472295833335,68.00516999999999,19.057529,94272.17,1.824641577444752,2.9986045944878295,11.453951910641418,44.93122872342667,20.534379427072047,4.952263964447218,827880539.4085791,140.4949410924307,7.685173398518254,4.234181429326563
Netherlands,2050,VWE,1985.7325733333332,27.1255675,19.125683,102433.0,1.7060198191022111,3.0019967606169486,11.536973967727368,43.26206710187421,20.559857737213644,4.922539487264088,849244540.2157629,136.35097171661462,7.594246645337669,3.336679038098793
Netherlands,2055,VWE,2077.3258958333336,17.9765525,19.140557,110468.5,1.4147894742565947,3.0027355433131486,11.61249474374039,42.06019372848682,20.58056408975614,4.896284568471073,867012618.2866544,132.7917609536349,7.639317990851011,2.9432041381165868
Netherlands,2060,VWE,1867.4019575,57.78429,19.136214,117965.3,1.2677108638923906,3.002519885507967,11.678154269437952,40.44787935674323,20.597663853024027,4.8725887449754985,881965812.5072664,129.6587215717021,7.532838776315265,4.073874642335734
Norway,2025,VWE,4795.509286666666,0.0,5.59434,89931.79009,0.1686265213304727,1.886211705346348,11.40681789355795,60.42071538587299,20.148952524778046,4.803916672628376,563091403.0925164,120.98726726768716,8.475643700390114,0.0
Norway,2026,VWE,4461.966487083333,0.0,5.627392,90731.7914,1.485631610819116,1.891211363310809,11.415674107699449,57.91695241804254,20.157180298959503,4.7890721657832,567743503.9825808,119.189800703331,8.403568955545135,0.0
Norway,2027,VWE,4415.162804166666,0.0,5.654871,91023.81,0.8117276740598367,1.895349067737341,11.418887385702812,55.51263461729155,20.162899438350735,4.775193189847568,570999810.987119,117.53321182202232,8.393026454162932,0.0
Norway,2028,VWE,4276.968345833333,0.5402800000000001,5.682487,91193.69,0.6759016569742204,1.8994902236493216,11.420751950683147,52.952410761579756,20.168263165104054,4.7607356439522865,574070726.3679042,115.83184093089388,8.36123349032403,0.43196421808043367
Norway,2029,VWE,4691.848901666666,0.0,5.710128,91415.45,0.7307819227022838,1.903618026807607,11.423180719366284,50.72777831040905,20.173756537977397,4.745331968923436,577232988.7197814,114.04599085831391,8.453795118742253,0.0
Norway,2030,VWE,4702.54435375,0.0,5.737759,91705.01,0.802179034873518,1.9077273770546992,11.426343195900625,48.14372088384073,20.179418351685705,4.728924426119162,580510443.7886764,112.17377011099909,8.45607162131333,0.0
Norway,2035,VWE,4217.167341666666,0.9785899999999996,5.869913,93914.37,0.9829905589977096,1.9271514423986136,11.450149336572498,45.37193121910965,20.208471589846404,4.696337781481603,597623543.746567,108.54525827908836,8.347156033477615,0.6823844698155715
Norway,2040,VWE,3937.07356,1.982962500000001,5.988729,97008.05,1.077644533560429,1.944298708525014,11.482559552102511,43.10705600798921,20.237063626171025,4.664721745856212,614957442.7185996,105.136048317533,8.278446938557368,1.0929169342165834
Norway,2045,VWE,4540.732794583333,0.0,6.088442,100797.1,1.0973628531091295,1.958465570275022,11.520874785235408,41.63238983957119,20.263687545451926,4.634655173691121,631549918.3306508,101.9923973831282,8.421063891032565,0.0
Norway,2050,VWE,4170.296339166666,0.0,6.166413,104882.5,1.030660035898512,1.96940525049024,11.560605489352923,39.64329391895896,20.28689705599452,4.606760442143453,646379308.5993632,99.1591521283218,8.335982139183779,0.0
Norway,2055,VWE,4252.515835416667,0.45702,6.223572,109246.7,0.9763263916469088,1.9773495674049184,11.601373060104647,38.048904782060184,20.30688180155126,4.580853920612141,659426977.5506862,96.5976993211628,8.355501175323472,0.37639325395481993
Norway,2060,VWE,4556.730265833334,0.2657325000000003,6.263911,114082.6,1.039608759268984,1.9829183890212905,11.64468679195246,36.64158766271917,20.324772462653332,4.556164280068869,671330727.617859,94.21755062102744,8.424580029869656,0.23565100597732136
Poland,2025,VWE,2881.8739954166667,25.132420000000003,36.497495,45532.2777,3.1349842675582273,3.6242741307451456,10.726198715634451,76.92177479561187,20.837996275641892,4.977253820823573,1121571063.6604495,144.07543098174685,7.966542990618979,3.263176689097931
Poland,2026,VWE,2637.86246375,35.7439025,37.414458,46914.8989,5.625264464219315,3.6484338991480874,10.756111892723906,73.37502739508159,20.870703652319257,4.944707881446775,1158861218.236246,139.42982270255868,7.8781032183395885,3.6039722935255236
Poland,2027,VWE,2352.5505154166667,47.2883425,37.268937,48090.51,2.1071479255034387,3.644638522725738,10.780860933238102,70.72331419037857,20.873337664679298,4.934010600841032,1161917696.6450806,137.9356117294716,7.763680324565244,3.877190175419794
Poland,2028,VWE,2678.156565,35.3233625,37.105502,49358.39,2.186355008573382,3.640358681155434,10.80688330031814,69.12320087683926,20.875809776553375,4.922739265574338,1164793640.545009,136.37841420277078,7.893257309419646,3.592461129293658
Poland,2029,VWE,2588.53533125,93.82546,36.927388,50699.22,2.2234586112573007,3.635673489633312,10.833685528820354,66.71259059826185,20.878070850720768,4.910911250371191,1167430305.0819647,134.7630722082441,7.859233729814119,4.552037938604588
Poland,2030,VWE,2366.4733020833332,59.54906,36.731448,52089.29,2.19664050366426,3.6304939111883865,10.860733838011129,63.87037506014581,20.87988840575811,4.898678050071424,1169554103.391021,133.11237260774462,7.769578548157508,4.103453945518564
Poland,2035,VWE,2495.498200833333,75.31425250000001,35.610872,59054.77,1.6712420523375735,3.6003452454772757,10.986237530653687,63.83796518299017,20.882025197535373,4.886114905208451,1172055868.9084451,131.43803891311396,7.822644309264792,4.334859716390202
Poland,2040,VWE,2606.72953875,81.05143,34.660633,64551.23,0.990692219027678,3.574047363258939,11.075229942540956,63.10107055431672,20.88112737703244,4.875685029251688,1171004045.362884,130.06390507479946,7.866235213201839,4.407346245781546
Poland,2045,VWE,2694.149762083334,105.9741875,33.797303,68242.52,0.3770758079514325,3.549539883777149,11.130837763484694,61.75943648147755,20.880230764923873,4.865166792208099,1169954579.507939,128.6925685177861,7.899209052145443,4.672587567041505
Poland,2050,VWE,2639.23468625,48.9709425,32.946342,70585.09,0.0919896108860562,3.5247811015133106,11.16458837857351,59.81104424075278,20.879335360072776,4.854558523641004,1168907465.3664896,127.32402668354308,7.878623088496138,3.9114416864950314
Poland,2055,VWE,2723.8170483333333,34.2876375,32.063901,73155.17,0.2703354040665573,3.4984420830118688,11.20035175012296,58.35607621937243,20.87844116134111,4.844524609923627,1167862696.9775343,126.0428727149262,7.910156566617173,3.5635326901359554
Poland,2060,VWE,2567.47945875,60.008390000000006,31.150906,77049.31,0.6023802748044593,3.470440630690923,11.252213864101622,56.910243115046136,20.877548167589733,4.8345642457696,1166820268.3961496,124.78376045738288,7.851069352503337,4.111011395699024
Portugal,2025,VWE,775.0960841666666,286.224475,10.749635,42248.92627,2.036432684932965,2.46382217627789,10.65135788769504,27.713241742902404,20.29612286788949,4.969615165925737,652370275.7970726,142.97147158067537,6.654276332320586,5.660264052902437
Portugal,2026,VWE,933.1009616666666,311.4972075,10.871014,42822.23451,2.5014446238595056,2.474099630415323,10.664836096656588,27.063710441337594,20.31090782379857,4.950651466363526,662087196.6942759,140.26696462627214,6.839584528389746,5.74459553313653
Portugal,2027,VWE,850.8992708333333,348.75224333333335,10.971534,43410.79,2.311785079363226,2.482531665076523,10.678486342182053,25.87189534518743,20.323714116270928,4.932495714063395,670620603.0150167,137.7252993482626,6.747468293118546,5.857225027630333
Portugal,2028,VWE,900.76454375,284.22609875,11.049616,44075.22,2.2531349218417818,2.489032792208977,10.69367568697374,24.94653804677598,20.334814017853738,4.914908420596657,678105891.8499973,135.30682633311173,6.804353448015107,5.653282194696943
Portugal,2029,VWE,1036.73899375,222.4632225,11.106391,44835.25,2.2470719963142427,2.493733494981958,10.71077224300197,24.154323508316185,20.344450669330413,4.89767512080785,684672149.5576166,132.9779348117179,6.9447995809988035,5.409246847940657
Portugal,2030,VWE,844.2235683333333,300.52495625,11.142299,45608.84,2.0542935344079583,2.4966951416727112,10.727878761696962,22.78021121038732,20.35219279421731,4.881080417805651,689993539.7068285,130.7729568529482,6.739601170271881,5.708852786373533
Portugal,2035,VWE,854.29906125,344.97423791666665,11.109773,49848.16,1.6047334205034236,2.4940128125503382,10.816756924696357,22.20434396923948,20.372723449416597,4.8550282265141895,704305978.3217659,127.38431500526562,6.751451187018029,5.846364315397426
Portugal,2040,VWE,753.5717775,485.0221358333333,11.014188,53893.04,1.3123373294765983,2.486088284715722,10.89477517564406,21.431358878885412,20.3846707500725,4.835094320604986,712771000.0002221,124.8504529379428,6.626150406221195,6.186254169845429
Portugal,2045,VWE,933.5685383333332,268.2511975,10.863536,58275.83,1.3408552616758218,2.4734694941584787,10.972959866242302,21.20751491652873,20.391530454208084,4.818704205456956,717677206.5073721,122.80456152059436,6.840084966456964,5.595644763566069
Portugal,2050,VWE,636.9022491666667,329.45059125,10.661668,63721.3,1.4781091944712443,2.4563072238644588,11.062289858790011,20.256172889800965,20.39634666970164,4.804173603694387,721142031.5681262,121.0186136130586,6.458185057133944,5.800457151141673
Portugal,2055,VWE,716.3188854166666,398.45804458333333,10.42726,70211.43,1.5429400513738756,2.4360017290342832,11.159280639866717,20.13386952125908,20.399710077354488,4.790915283055776,723571609.7397802,119.41152887373616,6.57552049126296,5.990108739874925
Portugal,2060,VWE,769.1895233333333,490.71208,10.184206,77416.83,1.4516433409523577,2.4145026044920668,11.256972394805729,19.95076898269613,20.40190433485118,4.778376546329826,725161055.3597904,117.91114652151832,6.6466366187608115,6.19789334194202
Romania,2025,VWE,2526.6418195833335,117.231365,19.043151,43500.46193,1.5347998244582994,2.997887499385396,10.68054982409826,21.149082399531736,19.89496201274738,5.048469951403613,436789529.1834126,154.78392506858947,7.835042059937036,4.772643425101449
Romania,2026,VWE,2410.10317375,86.68612,19.000103,44798.82235,2.7519028011340207,2.9957374235407297,10.709959452993427,20.539010051991717,19.900459827513405,5.036716650023157,439197530.4191312,152.96366761839204,7.787839670193826,4.473763620033923
Romania,2027,VWE,2157.646689166667,141.17868750000002,18.938928,46777.29,4.080147215022789,2.992674001804651,10.753174485387111,19.87872028781902,19.90863894429455,5.022278555372616,442804509.160508,150.756696182194,7.6772367715313115,4.9570846292025745
Romania,2028,VWE,2476.56253,138.3884175,18.869465,48370.49,3.0266605481207742,2.9891841311886593,10.786665869560078,19.492710470496878,19.913802511308607,5.0095115189477495,445096873.21723056,148.83152840754826,7.815030505038012,4.937264406639111
Romania,2029,VWE,2304.359895,255.23722208333336,18.79214,49695.88,2.319062157629737,2.9852848891901913,10.813697433454225,18.771688231165054,19.91682956041159,4.997721519754767,446446244.5874075,147.07538760040387,7.742992079902125,5.546103664168665
Romania,2030,VWE,2162.6717091666665,204.2386775,18.706751,50823.15,1.803643128535537,2.980961267394344,10.836126914303575,18.009360660700544,19.918194250192816,4.986528995744158,447055921.1316829,145.4272906566923,7.679561922897229,5.324173582377306
Romania,2035,VWE,2345.731979166667,91.4679975,18.272835,54971.49,0.8851363962605552,2.9586965914806616,10.914588157263772,17.81949377379712,19.917150629913227,4.977088789607125,446589607.8745453,144.05149098237314,7.760778992127925,4.52686261168295
Romania,2040,VWE,2526.7966483333335,262.65938458333335,17.896346,58258.47,0.7719956683323703,2.9389685700409656,10.972661933321342,17.54332977280923,19.916108144683815,4.967576578671659,446124287.3906912,142.67827213163076,7.835103312289737,5.574658060197287
Romania,2045,VWE,2385.2821895833335,158.7049725,17.537482,61043.84,0.4115710048919752,2.919794736458859,11.01936395508224,17.046499452401857,19.915066793892755,4.958354864991516,445659957.3172699,141.35940270845117,7.77749186455959,5.073328191242185
Romania,2050,VWE,2276.685615,424.13575375,17.148348,64174.05,0.5275380561966525,2.898579537284607,11.069369784858631,16.650610936653084,19.91402657692672,4.949437972986786,445196615.2974413,140.09564207076284,7.730915125264366,6.0524085385087565
Romania,2055,VWE,2462.1042920833333,198.2568,16.753913,67409.47,0.5809322586542986,2.8766059423299644,11.118555626082488,16.37586942995569,19.91298749317087,4.9404491634172905,444734258.98035914,138.83304334421052,7.809177740741467,5.2945944450679026
Romania,2060,VWE,2091.6838733333334,296.3149604166667,16.333523,72256.62,1.0077199666437495,2.852642372161143,11.18799306754144,15.936804345102983,19.911949542008884,4.931387219182176,444272886.02115536,137.5716082626678,7.646202671063796,5.694792049682047
Slovakia,2025,VWE,2901.74818125,32.628895,5.419451,40605.53833,1.268892457072135,1.859332600026646,10.611684375234692,11.77301920984273,18.9395885798998,5.136690687137621,168019159.23794165,169.15175020435024,7.973413215945899,3.5153856676447086
Slovakia,2026,VWE,2693.464755,42.31571,5.54096,41118.8736,3.534635219466198,1.8780839436874832,10.62424682619436,11.185784076524726,18.96507695035337,5.109427113793062,172356737.9178526,164.57547179372304,7.898954856939144,3.7685153867580348
Slovakia,2027,VWE,2385.1118379166664,90.7462275,5.52314,42181.43,2.2541931829696216,1.875355855100889,10.64975906261518,10.785601586437716,18.968588166467228,5.09887764937772,172962983.38344845,162.83792047835155,7.77742047411456,4.519026368923133
Slovakia,2028,VWE,2848.2788333333333,59.2734475,5.504563,43211.46,2.0973421030580752,1.872503930614847,10.673884158571369,10.59038260388971,18.97158540235042,5.088144730544408,173482171.9232929,161.0888644047322,7.954821200306764,4.0988916667881945
Slovakia,2029,VWE,2694.3506029166665,162.74647333333334,5.485845,44243.67,2.0405733618954702,1.8696221099739183,10.697490191203752,10.207051541685296,18.97440856699951,5.076947470341143,173972632.66108847,159.28403663422253,7.899283568728256,5.098319337387765
Slovakia,2030,VWE,2372.6689654166667,142.0069825,5.466655,45295.79,2.0198846094620304,1.866658973275834,10.72099144803322,9.744752305117853,18.97710609889291,5.065231965917024,174442562.9299508,157.41718519957763,7.772192123751967,4.962893457739155
Slovakia,2035,VWE,2547.70814875,72.2617025,5.363446,50673.09,1.6801389285968416,1.850570054517833,10.833170013586194,9.679733068001244,18.987648679790464,5.047340386905206,176291366.227428,154.60805642359782,7.843341901449779,4.294037996228883
Slovakia,2040,VWE,2638.505203333333,186.57921625,5.273647,54990.18,1.0948909598056389,1.8363578442391657,10.91492808771862,9.537381127889745,18.992339259830494,5.033885911582933,177120217.37242666,152.52845302602242,7.8783467555946824,5.23420124285477
Slovakia,2045,VWE,2725.0178241666667,89.572985,5.188236,58582.03,0.8428314973774942,1.822650070315828,10.978200343182008,9.339464554814697,18.99270772926469,5.023681702201971,177185492.7843337,150.9697825700594,7.910597150814216,4.506155989776847
Slovakia,2050,VWE,2675.0635945833333,171.85806749999998,5.091007,61770.23,0.5837479536083823,1.8068134210902655,11.031193001070614,9.107683990557236,18.991525329466967,5.0145994519882935,176976112.50231886,149.59580383380847,7.892102185757719,5.15247083869472
Slovakia,2055,VWE,2770.439972916666,58.1318075,4.979274,64976.34,0.5997624300005722,1.7882991559101211,11.081793872712687,8.899889173126132,18.990344301686687,5.00545004132954,176767222.17274782,148.22422511759785,7.927122309926647,4.079768977605012
Slovakia,2060,VWE,2417.056309166667,122.10407166666668,4.850265,69326.4,0.8880310203658315,1.766486959363089,11.146595489430355,8.642763563543822,18.989164645177187,4.996232373513817,176558820.51262137,146.85504579488563,7.790719318400142,4.813030108733306
Slovenia,2025,VWE,2463.09891375,60.34606499999999,2.13085,49197.0243,1.819867264457109,1.1413045331800349,10.80360874517004,6.273539559482625,18.00950002357498,5.126448241971306,66286711.71781224,167.41787495207103,7.809581467415049,4.116531028920552
Slovenia,2026,VWE,2198.962105833333,109.4372625,2.134802,50314.68899,2.461492935649656,1.142566014195603,10.826072215804434,6.029534513713594,18.017280847733108,5.113175829163912,66804488.727186196,165.19733197002952,7.69619541457685,4.704447599539968
Slovenia,2027,VWE,1989.788915416667,123.8016075,2.136627,51343.12,2.131232944423145,1.143148018728068,10.846305700523596,5.782789301431563,18.023474772714845,5.100576382302851,67219554.84219928,163.11647387518144,7.5962862790648735,4.826725336461347
Slovenia,2028,VWE,2415.17607125,95.7969,2.137713,52290.74,1.897426998106888,1.1434941905998013,10.86459370258953,5.65788657741832,18.02880893650805,5.088061113026771,67579072.975015,161.07531150289205,7.789941433572307,4.572614968976338
Slovenia,2029,VWE,2314.627395833333,180.1245375,2.138205,53167.98,1.7010215264404716,1.143650980411589,10.88123042256414,5.42032969968376,18.03342931990819,5.07549844417288,67892036.65594395,159.05194906187668,7.747435943121793,5.1991848471524245
Slovenia,2030,VWE,2016.5878008333336,138.5669425,2.138066,53996.68,1.5520427796986258,1.143606686594441,10.896696361660512,5.1300608976256905,18.03744560924782,5.062785045063,68165259.02580306,157.03002475413527,7.6096579188171445,4.938544360710421
Slovenia,2035,VWE,2206.8889070833334,129.3108125,2.13239,58086.02,1.394736081765413,1.1417962914492483,10.969697509963352,5.005961114758028,18.054051566123512,5.0402164188215774,69306659.1860855,153.503448862237,7.699792092310249,4.869922462268986
Slovenia,2040,VWE,2193.33786375,265.20913625,2.125158,62066.6,1.138899048398101,1.139484841910251,11.035979392637916,4.852364993327573,18.068145361472094,5.019828253709011,70290368.88944638,150.38530169715798,7.693635623395843,5.5842822263713074
Slovenia,2045,VWE,2414.9335654166666,99.2905725,2.115219,65677.18,1.0501393425609518,1.1362994547440606,11.092522033632756,4.733935607591413,18.078378527896984,5.002680051362482,71013354.85131997,147.8114474700827,7.789841060918633,4.608071697529332
Slovenia,2050,VWE,2117.2202004166666,256.8386170833333,2.098768,69782.43,1.1033844856577657,1.1310046131442608,11.153151868018249,4.552910476384434,18.086570196365994,4.98700048016268,71597461.85850745,145.496345120456,7.658331486959633,5.552333874024498
Slovenia,2055,VWE,2324.7028754166668,138.155895,2.075585,74974.53,1.3064335622260836,1.1234951270668438,11.224917072615233,4.469534684938865,18.094400726136165,4.971506036422425,72160308.74151322,143.24396052811971,7.751777584341558,4.935594851429569
Slovenia,2060,VWE,1949.2900145833332,198.32632625,2.047613,81846.32,1.6172575263472266,1.11435866125928,11.312610839440987,4.313935137503591,18.103973738840416,4.954605744689541,72854417.3578959,140.82667942740628,7.575733365926613,5.294943312072682
Spain,2025,VWE,1228.152865,246.5532275,49.128297,49206.70747,2.865133691188948,3.9145856590247137,10.803805546105457,142.99019325935387,22.087332597781124,4.980481905157092,3912070449.5206566,144.5445034030129,7.11408048344235,5.511625619492588
Spain,2026,VWE,1289.2589554166666,292.6163625,49.570728,49988.74246,2.5041603109747568,3.9233729108751616,10.81957311256398,138.65283523870528,22.100458815413813,4.962782719397743,3963759637.254246,141.99114702076113,7.162598217843088,5.6822740257733
Spain,2027,VWE,1256.566889166667,284.8136225,49.976787,50664.05,2.181136075690815,3.9313703722462536,10.8329916027565,133.3741080675026,22.112157958078186,4.945488594587613,4010404547.456367,139.53950091854944,7.136934092739493,5.655339928810518
Spain,2028,VWE,1359.8345004166667,299.26464749999997,50.34156,51422.71,2.238246987778081,3.9385005606455583,10.84785462913117,128.96093756794136,22.123352499549178,4.92787843412759,4055551415.257081,137.08624229500046,7.215853393800148,5.704664244116553
Spain,2029,VWE,1447.1522679166667,255.0324275,50.665174,52172.77,2.110829415828608,3.944783937511223,10.862335157158654,124.20409695468503,22.133581554373514,4.910266551993419,4097248771.7316465,134.67557418377797,7.278043724818023,5.54530410637948
Spain,2030,VWE,1188.0887216666667,314.42668791666665,50.947559,52941.79,2.039557873722897,3.95023472895332,10.876967175563571,117.24805028688846,22.14300086973996,4.892506248307376,4136024383.221458,132.28720662961408,7.080942512634165,5.753926287045161
Spain,2035,VWE,1273.73835125,378.20744541666664,51.977041,56694.29,1.6154841050833202,3.969858631019555,10.945446417482373,113.11853694123785,22.181077069991183,4.853653904527443,4296545092.179782,127.20799480651556,7.150496221827225,5.9380834047257345
Spain,2040,VWE,1098.6883616666669,431.06898,52.872036,59734.61,1.22390750498651,3.986611530669163,10.997683603967827,107.28355444295896,22.21193437310694,4.820037568147201,4431191617.055334,122.96974800608336,7.002782111071532,6.068585251423192
Spain,2045,VWE,1370.7078575,313.32197333333335,53.552939,62277.05,1.0801319094553286,3.999171588004659,11.039364315245814,104.32674310570636,22.23572955085391,4.7916387256768305,4537897112.587565,119.49867122323396,7.223811853761314,5.750417853333492
Spain,2050,VWE,957.9449866666666,372.87950958333334,53.877467,65644.06,1.2637241615544248,4.00510282710463,11.092017629374952,98.2727042662585,22.255665826764776,4.766543977579398,4629273709.535644,116.51241382514566,6.865833707926898,5.923933578618148
Spain,2055,VWE,1065.56854125,396.98320708333335,53.819505,70148.7,1.3555294219893763,4.004046061282614,11.158386808971214,96.08398149543645,22.272103498631154,4.743797214163103,4705997040.713196,113.86955890071202,6.972201803310006,5.986409811136321
Spain,2060,VWE,1077.2433983333333,528.3613408333333,53.468132,75910.47,1.5172628637296182,3.997615796700679,11.23732307186086,93.76538980307717,22.28638371318915,4.722432828287686,4773681814.51269,111.44147097773931,6.983088512934049,6.271671262633446
Sweden,2025,VWE,4419.968248333334,6.551627500000001,10.58771,63330.042,1.492435633681244,2.4499450537051004,11.05613088287267,64.93118897958858,20.054945843918183,5.0194517760154165,512568973.29844207,150.328319234917,8.394114011790348,2.0217631029444942
Sweden,2026,VWE,4063.139492916667,1.7651224999999997,10.605527,64473.31334,1.9765769956456625,2.451481450155909,11.074022180673447,62.60008928000496,20.061348541572716,5.006878996145688,515861326.1906742,148.43761221671727,8.309957312713717,1.0170849377903821
Sweden,2027,VWE,4019.7944854166662,0.2077925,10.623097,65837.55,2.285144901933722,2.4529942391485573,11.09496081202217,60.54251622986301,20.068529321273797,4.993071994634138,519578944.4619789,146.3885054413582,8.299234795274426,0.18879431323502668
Sweden,2028,VWE,4017.37943625,9.085572499999998,10.64549,67021.84,2.0133935070362874,2.45491898059617,11.112788735803814,58.5637027075094,20.075339642005723,4.978885792857485,523129520.28309005,144.3123833251254,8.29863397502527,2.311105937271413
Sweden,2029,VWE,4228.295651666666,1.3740899999999998,10.672797,68128.85,1.912464558011151,2.457261091959898,11.129170722092018,56.45348687369201,20.08222449936142,4.963961723414845,526743619.4181254,142.1598335790333,8.349790745567207,0.8646142061681256
Sweden,2030,VWE,4324.457514166666,0.7171724999999993,10.705212,69209.69,1.8949988926461492,2.460034212696839,11.144910609443777,54.193779997482515,20.089410631583156,4.948106001610372,530542502.0097045,139.9078318208933,8.372273197393637,0.5406790427979205
Sweden,2035,VWE,3798.83028125,12.796235,10.91251,74965.16,2.0843070891025883,2.477589108434323,11.2247920906971,51.77111483518576,20.12966952877114,4.907453985167955,552337332.3725574,134.29451369504665,8.242711681888116,2.624395728852395
Sweden,2040,VWE,3578.68794875,12.077435,11.108521,81496.18,1.943838105074569,2.493909419635782,11.308323697403324,49.6683366893661,20.16951514928341,4.867169475224276,574789903.9419273,128.95256187732664,8.183030910442012,2.5708882258813226
Sweden,2045,VWE,4205.020806666666,0.4566775000000005,11.293147,87990.98,1.8341702638030144,2.5090419526385994,11.385000952943535,48.24763718670068,20.206232945161307,4.829206759380096,596287173.3617648,124.11167761759155,8.344272303151662,0.3761581574826728
Sweden,2050,VWE,3798.93873875,0.2111524999999998,11.457559,94148.38,1.5437033763486374,2.5223275872649564,11.452637948827292,46.059959829323816,20.238535108077738,4.794418276383421,615863007.5681775,119.83406930202152,8.242740224202947,0.1915723856268766
Sweden,2055,VWE,3946.736031666667,3.825072499999999,11.584352,100097.0,1.4052887137050218,2.532454137392739,11.513904985083729,44.45558999547497,20.26570823697891,4.7632202120759235,632827376.1409197,116.12247850361018,8.280897537038085,1.573825760584797
Sweden,2060,VWE,4205.661851666667,1.7131225,11.6671,106829.7,1.5374956425738828,2.5390080809994253,11.579000617385,43.09866917138545,20.290003830992863,4.734634803057493,648390586.3538476,112.82188372321554,8.344424702814711,0.9981001856246252
